latitude,longitude,mean_air_pressure,uncertainty_std
-88.57216851400727,0.0,99917.59,350.87485
-88.57216851400727,1.875,99914.9,351.14496
-88.57216851400727,3.75,99912.92,351.42273
-88.57216851400727,5.625,99911.74,351.69464
-88.57216851400727,7.5,99908.78,351.9794
-88.57216851400727,9.375,99906.76,352.26337
-88.57216851400727,11.25,99904.42,352.55087
-88.57216851400727,13.125,99903.18,352.84378
-88.57216851400727,15.0,99900.5,353.13525
-88.57216851400727,16.875,99897.78,353.42972
-88.57216851400727,18.75,99895.16,353.7388
-88.57216851400727,20.625,99891.44,354.0404
-88.57216851400727,22.5,99889.36,354.35507
-88.57216851400727,24.375,99886.45,354.6871
-88.57216851400727,26.25,99882.84,355.0031
-88.57216851400727,28.125,99880.02,355.34543
-88.57216851400727,30.0,99876.84,355.686
-88.57216851400727,31.875,99873.45,356.0292
-88.57216851400727,33.75,99871.36,356.39075
-88.57216851400727,35.625,99868.09,356.7397
-88.57216851400727,37.5,99863.85,357.10977
-88.57216851400727,39.375,99861.42,357.48904
-88.57216851400727,41.25,99857.05,357.86743
-88.57216851400727,43.125,99854.8,358.26392
-88.57216851400727,45.0,99850.93,358.65784
-88.57216851400727,46.875,99848.18,359.06705
-88.57216851400727,48.75,99844.1,359.48007
-88.57216851400727,50.625,99841.36,359.9072
-88.57216851400727,52.5,99837.49,360.32886
-88.57216851400727,54.375,99833.85,360.77078
-88.57216851400727,56.25,99830.5,361.21347
-88.57216851400727,58.125,99827.49,361.66708
-88.57216851400727,60.0,99824.83,362.13718
-88.57216851400727,61.875,99821.2,362.60327
-88.57216851400727,63.75,99817.88,363.08273
-88.57216851400727,65.625,99814.84,363.56985
-88.57216851400727,67.5,99812.0,364.06262
-88.57216851400727,69.375,99807.96,364.55188
-88.57216851400727,71.25,99805.24,365.06805
-88.57216851400727,73.125,99801.09,365.5768
-88.57216851400727,75.0,99798.02,366.09055
-88.57216851400727,76.875,99794.56,366.6227
-88.57216851400727,78.75,99791.87,367.14542
-88.57216851400727,80.625,99788.48,367.6784
-88.57216851400727,82.5,99784.27,368.2114
-88.57216851400727,84.375,99780.38,368.73944
-88.57216851400727,86.25,99776.64,369.27148
-88.57216851400727,88.125,99772.96,369.81244
-88.57216851400727,90.0,99769.2,370.3557
-88.57216851400727,91.875,99765.25,370.88788
-88.57216851400727,93.75,99761.04,371.41345
-88.57216851400727,95.625,99756.5,371.94193
-88.57216851400727,97.5,99751.61,372.4575
-88.57216851400727,99.375,99747.64,372.95987
-88.57216851400727,101.25,99742.04,373.46588
-88.57216851400727,103.125,99737.46,373.95255
-88.57216851400727,105.0,99732.68,374.42508
-88.57216851400727,106.875,99726.54,374.8747
-88.57216851400727,108.75,99721.76,375.3218
-88.57216851400727,110.625,99715.96,375.7373
-88.57216851400727,112.5,99709.35,376.14243
-88.57216851400727,114.375,99703.48,376.5165
-88.57216851400727,116.25,99698.61,376.87665
-88.57216851400727,118.125,99692.48,377.20422
-88.57216851400727,120.0,99685.4,377.50385
-88.57216851400727,121.875,99679.03,377.7816
-88.57216851400727,123.75,99673.71,378.02936
-88.57216851400727,125.625,99667.25,378.24918
-88.57216851400727,127.5,99660.02,378.43698
-88.57216851400727,129.375,99653.72,378.58942
-88.57216851400727,131.25,99647.44,378.7069
-88.57216851400727,133.125,99641.56,378.80115
-88.57216851400727,135.0,99635.17,378.8509
-88.57216851400727,136.875,99629.92,378.87427
-88.57216851400727,138.75,99623.58,378.86087
-88.57216851400727,140.625,99617.73,378.8223
-88.57216851400727,142.5,99612.68,378.74274
-88.57216851400727,144.375,99607.4,378.6384
-88.57216851400727,146.25,99602.13,378.49277
-88.57216851400727,148.125,99597.04,378.33105
-88.57216851400727,150.0,99592.28,378.11914
-88.57216851400727,151.875,99587.96,377.88748
-88.57216851400727,153.75,99584.16,377.62064
-88.57216851400727,155.625,99580.89,377.34174
-88.57216851400727,157.5,99578.12,377.02277
-88.57216851400727,159.375,99575.78,376.69574
-88.57216851400727,161.25,99572.46,376.33075
-88.57216851400727,163.125,99571.89,375.95718
-88.57216851400727,165.0,99569.98,375.55057
-88.57216851400727,166.875,99569.09,375.1342
-88.57216851400727,168.75,99568.92,374.68964
-88.57216851400727,170.625,99569.18,374.23328
-88.57216851400727,172.5,99569.52,373.7732
-88.57216851400727,174.375,99570.87,373.2843
-88.57216851400727,176.25,99571.55,372.78116
-88.57216851400727,178.125,99573.74,372.28015
-88.57216851400727,180.0,99577.02,371.75595
-88.57216851400727,181.875,99579.66,371.2235
-88.57216851400727,183.75,99583.84,370.68954
-88.57216851400727,185.625,99587.8,370.13715
-88.57216851400727,187.5,99592.45,369.5747
-88.57216851400727,189.375,99597.35,369.00964
-88.57216851400727,191.25,99602.12,368.4253
-88.57216851400727,193.125,99608.96,367.849
-88.57216851400727,195.0,99614.92,367.25192
-88.57216851400727,196.875,99622.28,366.65845
-88.57216851400727,198.75,99629.42,366.06146
-88.57216851400727,200.625,99636.08,365.4515
-88.57216851400727,202.5,99644.62,364.8346
-88.57216851400727,204.375,99652.25,364.2097
-88.57216851400727,206.25,99661.4,363.5898
-88.57216851400727,208.125,99669.36,362.9571
-88.57216851400727,210.0,99678.63,362.318
-88.57216851400727,211.875,99687.88,361.68378
-88.57216851400727,213.75,99697.08,361.043
-88.57216851400727,215.625,99707.55,360.39352
-88.57216851400727,217.5,99716.76,359.7391
-88.57216851400727,219.375,99726.08,359.08734
-88.57216851400727,221.25,99736.94,358.43503
-88.57216851400727,223.125,99746.87,357.77966
-88.57216851400727,225.0,99757.32,357.13248
-88.57216851400727,226.875,99767.18,356.47998
-88.57216851400727,228.75,99776.62,355.81635
-88.57216851400727,230.625,99787.14,355.177
-88.57216851400727,232.5,99796.33,354.53613
-88.57216851400727,234.375,99806.98,353.9005
-88.57216851400727,236.25,99816.7,353.26666
-88.57216851400727,238.125,99825.64,352.64493
-88.57216851400727,240.0,99835.28,352.02542
-88.57216851400727,241.875,99844.44,351.42807
-88.57216851400727,243.75,99853.28,350.83566
-88.57216851400727,245.625,99861.87,350.2664
-88.57216851400727,247.5,99870.27,349.70462
-88.57216851400727,249.375,99877.23,349.16364
-88.57216851400727,251.25,99885.34,348.63596
-88.57216851400727,253.125,99891.98,348.13095
-88.57216851400727,255.0,99899.66,347.65073
-88.57216851400727,256.875,99905.66,347.17758
-88.57216851400727,258.75,99912.48,346.75223
-88.57216851400727,260.625,99917.3,346.32947
-88.57216851400727,262.5,99922.54,345.92578
-88.57216851400727,264.375,99927.94,345.57123
-88.57216851400727,266.25,99931.92,345.22467
-88.57216851400727,268.125,99936.8,344.91977
-88.57216851400727,270.0,99939.62,344.62885
-88.57216851400727,271.875,99943.97,344.36456
-88.57216851400727,273.75,99946.88,344.14148
-88.57216851400727,275.625,99949.26,343.93573
-88.57216851400727,277.5,99950.76,343.74893
-88.57216851400727,279.375,99953.58,343.59402
-88.57216851400727,281.25,99954.77,343.47433
-88.57216851400727,283.125,99955.22,343.37683
-88.57216851400727,285.0,99957.21,343.30313
-88.57216851400727,286.875,99957.76,343.25314
-88.57216851400727,288.75,99957.88,343.22708
-88.57216851400727,290.625,99957.23,343.21887
-88.57216851400727,292.5,99958.18,343.23492
-88.57216851400727,294.375,99957.83,343.26794
-88.57216851400727,296.25,99957.3,343.3311
-88.57216851400727,298.125,99956.4,343.41376
-88.57216851400727,300.0,99956.26,343.50616
-88.57216851400727,301.875,99954.18,343.61908
-88.57216851400727,303.75,99953.98,343.7479
-88.57216851400727,305.625,99953.0,343.89865
-88.57216851400727,307.5,99951.24,344.05084
-88.57216851400727,309.375,99951.33,344.22583
-88.57216851400727,311.25,99949.38,344.39548
-88.57216851400727,313.125,99948.1,344.58997
-88.57216851400727,315.0,99947.6,344.79343
-88.57216851400727,316.875,99945.37,345.00745
-88.57216851400727,318.75,99944.2,345.2191
-88.57216851400727,320.625,99942.93,345.4532
-88.57216851400727,322.5,99941.77,345.68417
-88.57216851400727,324.375,99940.89,345.92578
-88.57216851400727,326.25,99940.49,346.16235
-88.57216851400727,328.125,99939.49,346.41708
-88.57216851400727,330.0,99938.08,346.66464
-88.57216851400727,331.875,99936.48,346.9218
-88.57216851400727,333.75,99936.2,347.1687
-88.57216851400727,335.625,99934.83,347.43134
-88.57216851400727,337.5,99933.84,347.69162
-88.57216851400727,339.375,99932.14,347.9548
-88.57216851400727,341.25,99931.21,348.20422
-88.57216851400727,343.125,99929.88,348.47733
-88.57216851400727,345.0,99928.32,348.73257
-88.57216851400727,346.875,99927.97,348.9996
-88.57216851400727,348.75,99926.34,349.26382
-88.57216851400727,350.625,99924.85,349.53055
-88.57216851400727,352.5,99923.6,349.80142
-88.57216851400727,354.375,99921.4,350.0634
-88.57216851400727,356.25,99920.89,350.3331
-88.57216851400727,358.125,99918.3,350.60068
-86.72253095466814,0.0,100022.06,364.73813
-86.72253095466814,1.875,100028.73,364.9023
-86.72253095466814,3.75,100035.36,365.02872
-86.72253095466814,5.625,100039.53,365.12335
-86.72253095466814,7.5,100044.22,365.21005
-86.72253095466814,9.375,100047.36,365.27563
-86.72253095466814,11.25,100048.39,365.33838
-86.72253095466814,13.125,100049.64,365.40668
-86.72253095466814,15.0,100049.8,365.4917
-86.72253095466814,16.875,100049.23,365.58005
-86.72253095466814,18.75,100048.64,365.69238
-86.72253095466814,20.625,100045.2,365.81116
-86.72253095466814,22.5,100042.97,365.9703
-86.72253095466814,24.375,100038.6,366.1471
-86.72253095466814,26.25,100033.02,366.35812
-86.72253095466814,28.125,100028.8,366.58136
-86.72253095466814,30.0,100022.36,366.82718
-86.72253095466814,31.875,100015.64,367.0845
-86.72253095466814,33.75,100008.27,367.37097
-86.72253095466814,35.625,100001.38,367.6499
-86.72253095466814,37.5,99993.7,367.94955
-86.72253095466814,39.375,99986.74,368.2452
-86.72253095466814,41.25,99979.48,368.531
-86.72253095466814,43.125,99972.2,368.81415
-86.72253095466814,45.0,99963.95,369.0739
-86.72253095466814,46.875,99957.54,369.33026
-86.72253095466814,48.75,99950.45,369.56354
-86.72253095466814,50.625,99945.26,369.7921
-86.72253095466814,52.5,99939.04,370.0038
-86.72253095466814,54.375,99935.12,370.2071
-86.72253095466814,56.25,99931.33,370.40067
-86.72253095466814,58.125,99927.74,370.5983
-86.72253095466814,60.0,99926.62,370.80075
-86.72253095466814,61.875,99924.68,371.00565
-86.72253095466814,63.75,99924.64,371.24493
-86.72253095466814,65.625,99926.26,371.50482
-86.72253095466814,67.5,99927.52,371.81305
-86.72253095466814,69.375,99929.9,372.14926
-86.72253095466814,71.25,99933.16,372.54596
-86.72253095466814,73.125,99937.96,372.99872
-86.72253095466814,75.0,99943.31,373.51538
-86.72253095466814,76.875,99947.94,374.099
-86.72253095466814,78.75,99954.09,374.75568
-86.72253095466814,80.625,99960.0,375.4849
-86.72253095466814,82.5,99964.96,376.29123
-86.72253095466814,84.375,99970.76,377.1626
-86.72253095466814,86.25,99975.26,378.09146
-86.72253095466814,88.125,99980.2,379.10187
-86.72253095466814,90.0,99984.84,380.15964
-86.72253095466814,91.875,99987.23,381.26608
-86.72253095466814,93.75,99989.52,382.42535
-86.72253095466814,95.625,99990.28,383.61493
-86.72253095466814,97.5,99989.63,384.82065
-86.72253095466814,99.375,99986.74,386.04523
-86.72253095466814,101.25,99983.86,387.27905
-86.72253095466814,103.125,99978.39,388.4961
-86.72253095466814,105.0,99970.83,389.70074
-86.72253095466814,106.875,99962.16,390.87164
-86.72253095466814,108.75,99951.24,392.00128
-86.72253095466814,110.625,99938.76,393.07257
-86.72253095466814,112.5,99925.86,394.08496
-86.72253095466814,114.375,99908.96,394.99628
-86.72253095466814,116.25,99891.46,395.83746
-86.72253095466814,118.125,99873.23,396.5788
-86.72253095466814,120.0,99851.99,397.18292
-86.72253095466814,121.875,99829.69,397.682
-86.72253095466814,123.75,99805.94,398.0453
-86.72253095466814,125.625,99781.92,398.2907
-86.72253095466814,127.5,99756.4,398.3806
-86.72253095466814,129.375,99729.56,398.32635
-86.72253095466814,131.25,99701.67,398.11716
-86.72253095466814,133.125,99672.95,397.78613
-86.72253095466814,135.0,99644.86,397.30325
-86.72253095466814,136.875,99616.18,396.67538
-86.72253095466814,138.75,99587.97,395.93457
-86.72253095466814,140.625,99558.55,395.0584
-86.72253095466814,142.5,99531.02,394.08377
-86.72253095466814,144.375,99502.96,393.00586
-86.72253095466814,146.25,99475.39,391.84338
-86.72253095466814,148.125,99450.15,390.62146
-86.72253095466814,150.0,99424.71,389.33157
-86.72253095466814,151.875,99401.18,388.01065
-86.72253095466814,153.75,99379.8,386.67224
-86.72253095466814,155.625,99359.02,385.3087
-86.72253095466814,157.5,99340.55,383.9675
-86.72253095466814,159.375,99323.01,382.62103
-86.72253095466814,161.25,99308.35,381.3107
-86.72253095466814,163.125,99295.46,380.02966
-86.72253095466814,165.0,99284.04,378.79102
-86.72253095466814,166.875,99274.68,377.59552
-86.72253095466814,168.75,99267.57,376.46008
-86.72253095466814,170.625,99261.34,375.36237
-86.72253095466814,172.5,99256.9,374.3198
-86.72253095466814,174.375,99254.98,373.34488
-86.72253095466814,176.25,99253.58,372.3998
-86.72253095466814,178.125,99254.5,371.5111
-86.72253095466814,180.0,99256.94,370.68195
-86.72253095466814,181.875,99260.14,369.8767
-86.72253095466814,183.75,99263.42,369.11218
-86.72253095466814,185.625,99268.84,368.38138
-86.72253095466814,187.5,99274.76,367.67957
-86.72253095466814,189.375,99282.4,367.0106
-86.72253095466814,191.25,99289.34,366.3496
-86.72253095466814,193.125,99298.68,365.71338
-86.72253095466814,195.0,99307.34,365.08157
-86.72253095466814,196.875,99317.86,364.45868
-86.72253095466814,198.75,99327.96,363.8263
-86.72253095466814,200.625,99339.68,363.19928
-86.72253095466814,202.5,99351.58,362.5548
-86.72253095466814,204.375,99364.0,361.91077
-86.72253095466814,206.25,99377.72,361.24432
-86.72253095466814,208.125,99391.4,360.545
-86.72253095466814,210.0,99406.78,359.82938
-86.72253095466814,211.875,99422.13,359.08017
-86.72253095466814,213.75,99438.85,358.302
-86.72253095466814,215.625,99454.88,357.48203
-86.72253095466814,217.5,99472.46,356.63257
-86.72253095466814,219.375,99491.75,355.74445
-86.72253095466814,221.25,99510.62,354.81186
-86.72253095466814,223.125,99530.02,353.84406
-86.72253095466814,225.0,99551.15,352.83487
-86.72253095466814,226.875,99571.68,351.7931
-86.72253095466814,228.75,99592.12,350.70673
-86.72253095466814,230.625,99614.48,349.60178
-86.72253095466814,232.5,99635.7,348.45618
-86.72253095466814,234.375,99658.02,347.3086
-86.72253095466814,236.25,99679.77,346.1354
-86.72253095466814,238.125,99701.84,344.9714
-86.72253095466814,240.0,99723.64,343.79556
-86.72253095466814,241.875,99744.4,342.64838
-86.72253095466814,243.75,99765.63,341.52658
-86.72253095466814,245.625,99785.88,340.43985
-86.72253095466814,247.5,99804.51,339.39008
-86.72253095466814,249.375,99823.0,338.39072
-86.72253095466814,251.25,99839.69,337.466
-86.72253095466814,253.125,99854.82,336.6139
-86.72253095466814,255.0,99868.02,335.843
-86.72253095466814,256.875,99880.78,335.15738
-86.72253095466814,258.75,99891.32,334.5723
-86.72253095466814,260.625,99899.74,334.07553
-86.72253095466814,262.5,99908.08,333.68713
-86.72253095466814,264.375,99912.38,333.39597
-86.72253095466814,266.25,99916.06,333.20016
-86.72253095466814,268.125,99917.93,333.0989
-86.72253095466814,270.0,99918.95,333.09485
-86.72253095466814,271.875,99917.06,333.17828
-86.72253095466814,273.75,99913.78,333.3514
-86.72253095466814,275.625,99910.46,333.59848
-86.72253095466814,277.5,99904.33,333.90402
-86.72253095466814,279.375,99897.88,334.2934
-86.72253095466814,281.25,99891.06,334.73874
-86.72253095466814,283.125,99882.7,335.22653
-86.72253095466814,285.0,99874.54,335.75827
-86.72253095466814,286.875,99866.07,336.34952
-86.72253095466814,288.75,99857.24,336.95972
-86.72253095466814,290.625,99848.5,337.60907
-86.72253095466814,292.5,99839.6,338.28223
-86.72253095466814,294.375,99830.86,338.97092
-86.72253095466814,296.25,99823.3,339.688
-86.72253095466814,298.125,99815.92,340.4303
-86.72253095466814,300.0,99809.74,341.19916
-86.72253095466814,301.875,99803.74,341.96594
-86.72253095466814,303.75,99798.9,342.77054
-86.72253095466814,305.625,99795.4,343.58746
-86.72253095466814,307.5,99792.63,344.41302
-86.72253095466814,309.375,99791.84,345.25906
-86.72253095466814,311.25,99790.7,346.12305
-86.72253095466814,313.125,99791.18,347.00653
-86.72253095466814,315.0,99792.87,347.89438
-86.72253095466814,316.875,99795.59,348.7986
-86.72253095466814,318.75,99800.56,349.72714
-86.72253095466814,320.625,99805.16,350.65567
-86.72253095466814,322.5,99811.92,351.58823
-86.72253095466814,324.375,99819.43,352.53217
-86.72253095466814,326.25,99827.34,353.46802
-86.72253095466814,328.125,99836.44,354.39935
-86.72253095466814,330.0,99845.96,355.32263
-86.72253095466814,331.875,99856.05,356.22455
-86.72253095466814,333.75,99867.86,357.10623
-86.72253095466814,335.625,99879.51,357.96957
-86.72253095466814,337.5,99891.3,358.79312
-86.72253095466814,339.375,99903.11,359.57767
-86.72253095466814,341.25,99915.69,360.3194
-86.72253095466814,343.125,99928.06,361.0148
-86.72253095466814,345.0,99941.34,361.66656
-86.72253095466814,346.875,99952.36,362.24408
-86.72253095466814,348.75,99964.14,362.76974
-86.72253095466814,350.625,99975.36,363.23193
-86.72253095466814,352.5,99985.72,363.6451
-86.72253095466814,354.375,99995.93,363.99222
-86.72253095466814,356.25,100005.19,364.28577
-86.72253095466814,358.125,100013.82,364.53323
-84.86197029204237,0.0,99984.12,382.72638
-84.86197029204237,1.875,99999.26,382.75537
-84.86197029204237,3.75,100011.64,382.66904
-84.86197029204237,5.625,100023.06,382.53012
-84.86197029204237,7.5,100033.18,382.3583
-84.86197029204237,9.375,100039.7,382.1835
-84.86197029204237,11.25,100046.38,382.05597
-84.86197029204237,13.125,100050.03,381.99594
-84.86197029204237,15.0,100053.84,382.03452
-84.86197029204237,16.875,100055.55,382.19055
-84.86197029204237,18.75,100055.34,382.49008
-84.86197029204237,20.625,100054.68,382.92636
-84.86197029204237,22.5,100052.2,383.5131
-84.86197029204237,24.375,100047.82,384.23743
-84.86197029204237,26.25,100042.47,385.107
-84.86197029204237,28.125,100036.88,386.09952
-84.86197029204237,30.0,100028.81,387.18774
-84.86197029204237,31.875,100019.52,388.36182
-84.86197029204237,33.75,100009.74,389.5781
-84.86197029204237,35.625,99998.25,390.8123
-84.86197029204237,37.5,99985.69,392.02634
-84.86197029204237,39.375,99971.89,393.17657
-84.86197029204237,41.25,99956.96,394.2328
-84.86197029204237,43.125,99941.22,395.1541
-84.86197029204237,45.0,99925.08,395.93173
-84.86197029204237,46.875,99907.66,396.516
-84.86197029204237,48.75,99891.74,396.89804
-84.86197029204237,50.625,99874.68,397.06177
-84.86197029204237,52.5,99858.66,397.00623
-84.86197029204237,54.375,99842.74,396.7319
-84.86197029204237,56.25,99829.21,396.2696
-84.86197029204237,58.125,99817.08,395.62408
-84.86197029204237,60.0,99805.8,394.83688
-84.86197029204237,61.875,99797.78,393.93146
-84.86197029204237,63.75,99791.77,392.97018
-84.86197029204237,65.625,99789.36,391.9913
-84.86197029204237,67.5,99789.6,391.03647
-84.86197029204237,69.375,99792.93,390.15408
-84.86197029204237,71.25,99799.88,389.3835
-84.86197029204237,73.125,99809.65,388.7699
-84.86197029204237,75.0,99822.86,388.3349
-84.86197029204237,76.875,99838.98,388.10226
-84.86197029204237,78.75,99858.98,388.0944
-84.86197029204237,80.625,99879.0,388.29556
-84.86197029204237,82.5,99902.16,388.72488
-84.86197029204237,84.375,99927.1,389.37006
-84.86197029204237,86.25,99952.03,390.20532
-84.86197029204237,88.125,99976.3,391.215
-84.86197029204237,90.0,100001.88,392.3847
-84.86197029204237,91.875,100024.52,393.6705
-84.86197029204237,93.75,100046.98,395.0665
-84.86197029204237,95.625,100066.18,396.5348
-84.86197029204237,97.5,100083.88,398.0495
-84.86197029204237,99.375,100097.64,399.58258
-84.86197029204237,101.25,100107.52,401.1084
-84.86197029204237,103.125,100113.52,402.6043
-84.86197029204237,105.0,100115.7,404.0432
-84.86197029204237,106.875,100114.08,405.41174
-84.86197029204237,108.75,100107.51,406.67514
-84.86197029204237,110.625,100097.35,407.8191
-84.86197029204237,112.5,100082.39,408.8159
-84.86197029204237,114.375,100062.51,409.65732
-84.86197029204237,116.25,100038.71,410.3301
-84.86197029204237,118.125,100011.7,410.8148
-84.86197029204237,120.0,99981.77,411.10373
-84.86197029204237,121.875,99947.36,411.1829
-84.86197029204237,123.75,99911.56,411.0467
-84.86197029204237,125.625,99871.42,410.6892
-84.86197029204237,127.5,99829.74,410.12332
-84.86197029204237,129.375,99786.96,409.34882
-84.86197029204237,131.25,99741.16,408.36038
-84.86197029204237,133.125,99695.61,407.17883
-84.86197029204237,135.0,99648.2,405.82013
-84.86197029204237,136.875,99601.71,404.30545
-84.86197029204237,138.75,99554.5,402.64145
-84.86197029204237,140.625,99509.34,400.8693
-84.86197029204237,142.5,99464.17,399.0162
-84.86197029204237,144.375,99420.94,397.1115
-84.86197029204237,146.25,99380.26,395.18402
-84.86197029204237,148.125,99342.49,393.27078
-84.86197029204237,150.0,99307.62,391.38986
-84.86197029204237,151.875,99275.17,389.58444
-84.86197029204237,153.75,99246.76,387.86896
-84.86197029204237,155.625,99222.18,386.25494
-84.86197029204237,157.5,99200.82,384.77463
-84.86197029204237,159.375,99183.1,383.40454
-84.86197029204237,161.25,99169.04,382.51593
-84.86197029204237,163.125,99154.74,382.42975
-84.86197029204237,165.0,99139.21,382.99588
-84.86197029204237,166.875,99121.26,384.18912
-84.86197029204237,168.75,99100.26,386.94168
-84.86197029204237,170.625,99077.3,389.01877
-84.86197029204237,172.5,99054.24,389.29193
-84.86197029204237,174.375,99035.82,389.1355
-84.86197029204237,176.25,99021.26,388.32532
-84.86197029204237,178.125,99011.35,387.5942
-84.86197029204237,180.0,99003.2,386.9815
-84.86197029204237,181.875,98998.74,386.47058
-84.86197029204237,183.75,98995.74,386.04703
-84.86197029204237,185.625,98994.32,385.68054
-84.86197029204237,187.5,98992.94,385.36548
-84.86197029204237,189.375,98992.27,385.09647
-84.86197029204237,191.25,98992.5,384.86035
-84.86197029204237,193.125,98991.85,384.63565
-84.86197029204237,195.0,98991.78,384.4113
-84.86197029204237,196.875,98992.86,384.195
-84.86197029204237,198.75,98992.18,383.93976
-84.86197029204237,200.625,98993.58,383.67896
-84.86197029204237,202.5,98994.63,383.37515
-84.86197029204237,204.375,98997.03,383.02917
-84.86197029204237,206.25,99001.37,382.6442
-84.86197029204237,208.125,99005.86,382.18152
-84.86197029204237,210.0,99011.59,381.65506
-84.86197029204237,211.875,99018.73,381.05252
-84.86197029204237,213.75,99029.17,380.37836
-84.86197029204237,215.625,99040.2,379.59662
-84.86197029204237,217.5,99053.73,378.71716
-84.86197029204237,219.375,99068.58,377.7362
-84.86197029204237,221.25,99087.16,376.64105
-84.86197029204237,223.125,99109.07,375.44916
-84.86197029204237,225.0,99133.75,374.05167
-84.86197029204237,226.875,99160.66,372.45636
-84.86197029204237,228.75,99191.6,370.63425
-84.86197029204237,230.625,99225.99,368.3722
-84.86197029204237,232.5,99262.52,365.39886
-84.86197029204237,234.375,99300.83,362.4295
-84.86197029204237,236.25,99339.4,359.1159
-84.86197029204237,238.125,99377.08,355.9416
-84.86197029204237,240.0,99414.38,352.72968
-84.86197029204237,241.875,99449.24,349.56415
-84.86197029204237,243.75,99482.05,347.01984
-84.86197029204237,245.625,99511.39,344.98883
-84.86197029204237,247.5,99541.26,342.8168
-84.86197029204237,249.375,99568.08,340.8962
-84.86197029204237,251.25,99592.36,339.09848
-84.86197029204237,253.125,99616.22,337.43295
-84.86197029204237,255.0,99636.77,335.89386
-84.86197029204237,256.875,99653.67,334.50644
-84.86197029204237,258.75,99668.78,333.31937
-84.86197029204237,260.625,99680.78,332.31516
-84.86197029204237,262.5,99688.96,331.51053
-84.86197029204237,264.375,99693.08,330.91364
-84.86197029204237,266.25,99693.62,330.5273
-84.86197029204237,268.125,99691.89,330.36606
-84.86197029204237,270.0,99685.12,330.37933
-84.86197029204237,271.875,99677.43,330.59998
-84.86197029204237,273.75,99665.84,330.97803
-84.86197029204237,275.625,99652.64,331.507
-84.86197029204237,277.5,99636.78,332.1935
-84.86197029204237,279.375,99618.52,332.90128
-84.86197029204237,281.25,99600.2,333.66437
-84.86197029204237,283.125,99581.09,334.63803
-84.86197029204237,285.0,99561.52,335.55222
-84.86197029204237,286.875,99542.26,336.3257
-84.86197029204237,288.75,99522.37,336.82745
-84.86197029204237,290.625,99504.16,337.45868
-84.86197029204237,292.5,99486.42,338.0941
-84.86197029204237,294.375,99472.2,338.78595
-84.86197029204237,296.25,99457.99,339.6272
-84.86197029204237,298.125,99447.04,340.48825
-84.86197029204237,300.0,99439.76,341.4014
-84.86197029204237,301.875,99433.44,342.35248
-84.86197029204237,303.75,99430.08,343.34464
-84.86197029204237,305.625,99429.23,344.3727
-84.86197029204237,307.5,99429.93,345.48953
-84.86197029204237,309.375,99432.65,346.71048
-84.86197029204237,311.25,99438.48,348.0113
-84.86197029204237,313.125,99446.41,349.32144
-84.86197029204237,315.0,99455.16,350.94647
-84.86197029204237,316.875,99465.75,352.26065
-84.86197029204237,318.75,99477.7,353.3763
-84.86197029204237,320.625,99491.22,354.41733
-84.86197029204237,322.5,99506.98,355.53937
-84.86197029204237,324.375,99524.82,356.7682
-84.86197029204237,326.25,99543.4,358.60623
-84.86197029204237,328.125,99564.1,360.57117
-84.86197029204237,330.0,99587.03,362.428
-84.86197029204237,331.875,99610.26,364.2792
-84.86197029204237,333.75,99636.11,366.16595
-84.86197029204237,335.625,99663.1,368.0515
-84.86197029204237,337.5,99689.99,369.92313
-84.86197029204237,339.375,99718.18,371.74673
-84.86197029204237,341.25,99746.6,373.48166
-84.86197029204237,343.125,99775.36,375.1337
-84.86197029204237,345.0,99803.33,376.66504
-84.86197029204237,346.875,99830.62,378.0346
-84.86197029204237,348.75,99857.38,379.25256
-84.86197029204237,350.625,99882.58,380.29272
-84.86197029204237,352.5,99906.66,381.1415
-84.86197029204237,354.375,99929.11,381.80093
-84.86197029204237,356.25,99948.65,382.27243
-84.86197029204237,358.125,99967.31,382.57816
-82.99894164283755,0.0,99781.56,382.2038
-82.99894164283755,1.875,99795.76,383.10443
-82.99894164283755,3.75,99808.42,383.87332
-82.99894164283755,5.625,99820.1,384.58945
-82.99894164283755,7.5,99828.93,385.29437
-82.99894164283755,9.375,99836.04,386.0586
-82.99894164283755,11.25,99843.2,386.918
-82.99894164283755,13.125,99848.92,387.9246
-82.99894164283755,15.0,99853.49,389.1254
-82.99894164283755,16.875,99857.57,390.53546
-82.99894164283755,18.75,99860.55,392.16245
-82.99894164283755,20.625,99864.2,394.03235
-82.99894164283755,22.5,99868.42,396.1165
-82.99894164283755,24.375,99872.33,398.39035
-82.99894164283755,26.25,99877.9,400.8391
-82.99894164283755,28.125,99883.3,403.4251
-82.99894164283755,30.0,99888.09,406.09338
-82.99894164283755,31.875,99894.35,408.80484
-82.99894164283755,33.75,99900.31,411.50385
-82.99894164283755,35.625,99905.52,414.11594
-82.99894164283755,37.5,99909.64,416.59195
-82.99894164283755,39.375,99912.5,418.8559
-82.99894164283755,41.25,99912.87,420.85846
-82.99894164283755,43.125,99909.76,422.5313
-82.99894164283755,45.0,99905.14,423.82755
-82.99894164283755,46.875,99896.08,424.69946
-82.99894164283755,48.75,99883.94,425.12967
-82.99894164283755,50.625,99867.85,425.1016
-82.99894164283755,52.5,99849.89,424.62918
-82.99894164283755,54.375,99828.61,423.71933
-82.99894164283755,56.25,99805.5,422.44043
-82.99894164283755,58.125,99781.01,420.8163
-82.99894164283755,60.0,99757.09,418.9272
-82.99894164283755,61.875,99734.44,416.84348
-82.99894164283755,63.75,99712.34,414.63403
-82.99894164283755,65.625,99692.26,412.37973
-82.99894164283755,67.5,99676.35,410.15375
-82.99894164283755,69.375,99663.21,408.02603
-82.99894164283755,71.25,99655.28,406.06552
-82.99894164283755,73.125,99650.83,404.30972
-82.99894164283755,75.0,99651.38,402.8122
-82.99894164283755,76.875,99657.63,401.60736
-82.99894164283755,78.75,99666.83,400.70346
-82.99894164283755,80.625,99681.7,400.1256
-82.99894164283755,82.5,99700.36,399.83347
-82.99894164283755,84.375,99721.68,399.84967
-82.99894164283755,86.25,99746.97,400.11148
-82.99894164283755,88.125,99774.05,400.60144
-82.99894164283755,90.0,99802.92,401.27786
-82.99894164283755,91.875,99832.48,402.1046
-82.99894164283755,93.75,99862.32,403.0263
-82.99894164283755,95.625,99892.08,404.00977
-82.99894164283755,97.5,99920.4,405.00867
-82.99894164283755,99.375,99947.9,406.02197
-82.99894164283755,101.25,99970.86,406.96066
-82.99894164283755,103.125,99991.57,407.85873
-82.99894164283755,105.0,100009.22,408.64334
-82.99894164283755,106.875,100022.18,409.31702
-82.99894164283755,108.75,100029.08,409.8548
-82.99894164283755,110.625,100030.98,410.25452
-82.99894164283755,112.5,100028.47,410.4968
-82.99894164283755,114.375,100020.0,410.59174
-82.99894164283755,116.25,100005.52,410.52997
-82.99894164283755,118.125,99986.27,410.328
-82.99894164283755,120.0,99962.13,409.97827
-82.99894164283755,121.875,99934.24,409.48615
-82.99894164283755,123.75,99902.58,408.86017
-82.99894164283755,125.625,99867.4,408.09393
-82.99894164283755,127.5,99830.88,407.2047
-82.99894164283755,129.375,99792.17,406.1538
-82.99894164283755,131.25,99751.52,404.96716
-82.99894164283755,133.125,99710.35,403.61078
-82.99894164283755,135.0,99670.06,402.1117
-82.99894164283755,136.875,99629.12,400.4597
-82.99894164283755,138.75,99587.94,398.6856
-82.99894164283755,140.625,99548.34,396.81476
-82.99894164283755,142.5,99508.84,394.87903
-82.99894164283755,144.375,99470.39,392.9273
-82.99894164283755,146.25,99432.78,391.03076
-82.99894164283755,148.125,99396.41,389.23907
-82.99894164283755,150.0,99361.46,387.61456
-82.99894164283755,151.875,99326.38,387.16916
-82.99894164283755,153.75,99290.33,386.6866
-82.99894164283755,155.625,99246.3,389.04587
-82.99894164283755,157.5,99192.4,394.25772
-82.99894164283755,159.375,99132.9,396.55093
-82.99894164283755,161.25,99076.95,396.54477
-82.99894164283755,163.125,99030.86,395.58157
-82.99894164283755,165.0,98995.47,394.90118
-82.99894164283755,166.875,98968.39,394.50076
-82.99894164283755,168.75,98949.08,394.36835
-82.99894164283755,170.625,98933.72,394.45932
-82.99894164283755,172.5,98922.66,394.78082
-82.99894164283755,174.375,98912.08,395.31415
-82.99894164283755,176.25,98901.96,396.0323
-82.99894164283755,178.125,98891.1,396.91745
-82.99894164283755,180.0,98879.18,397.95312
-82.99894164283755,181.875,98866.26,399.10126
-82.99894164283755,183.75,98851.91,400.3156
-82.99894164283755,185.625,98836.92,401.57748
-82.99894164283755,187.5,98822.34,402.8436
-82.99894164283755,189.375,98807.22,404.04587
-82.99894164283755,191.25,98793.02,405.19525
-82.99894164283755,193.125,98780.24,406.24567
-82.99894164283755,195.0,98767.94,407.1383
-82.99894164283755,196.875,98758.48,407.8944
-82.99894164283755,198.75,98750.78,408.48135
-82.99894164283755,200.625,98746.74,408.88544
-82.99894164283755,202.5,98744.6,409.0939
-82.99894164283755,204.375,98745.73,409.09613
-82.99894164283755,206.25,98749.41,408.89413
-82.99894164283755,208.125,98755.72,408.4515
-82.99894164283755,210.0,98764.46,407.78503
-82.99894164283755,211.875,98776.78,406.87952
-82.99894164283755,213.75,98790.18,405.70456
-82.99894164283755,215.625,98804.15,404.27374
-82.99894164283755,217.5,98820.53,402.5689
-82.99894164283755,219.375,98837.3,400.60605
-82.99894164283755,221.25,98855.6,398.40906
-82.99894164283755,223.125,98873.6,396.0003
-82.99894164283755,225.0,98892.2,393.4028
-82.99894164283755,226.875,98911.68,390.6715
-82.99894164283755,228.75,98933.38,387.8662
-82.99894164283755,230.625,98956.38,385.04932
-82.99894164283755,232.5,98981.76,382.2452
-82.99894164283755,234.375,99011.81,379.51434
-82.99894164283755,236.25,99046.28,376.92154
-82.99894164283755,238.125,99085.31,374.46713
-82.99894164283755,240.0,99131.84,372.10754
-82.99894164283755,241.875,99181.96,369.38382
-82.99894164283755,243.75,99237.64,366.96594
-82.99894164283755,245.625,99292.6,363.7227
-82.99894164283755,247.5,99345.91,359.82224
-82.99894164283755,249.375,99392.4,355.9749
-82.99894164283755,251.25,99432.56,352.76187
-82.99894164283755,253.125,99465.84,348.7997
-82.99894164283755,255.0,99494.14,345.5419
-82.99894164283755,256.875,99516.48,343.05267
-82.99894164283755,258.75,99535.12,340.439
-82.99894164283755,260.625,99548.4,337.90732
-82.99894164283755,262.5,99556.76,335.534
-82.99894164283755,264.375,99562.56,333.40552
-82.99894164283755,266.25,99563.26,331.6019
-82.99894164283755,268.125,99559.09,330.15674
-82.99894164283755,270.0,99552.5,329.16238
-82.99894164283755,271.875,99538.42,328.49603
-82.99894164283755,273.75,99519.38,327.69638
-82.99894164283755,275.625,99494.73,326.57825
-82.99894164283755,277.5,99463.96,325.80817
-82.99894164283755,279.375,99431.66,326.19638
-82.99894164283755,281.25,99399.04,328.29773
-82.99894164283755,283.125,99368.43,330.16632
-82.99894164283755,285.0,99340.52,332.0139
-82.99894164283755,286.875,99313.8,333.64462
-82.99894164283755,288.75,99291.55,335.13925
-82.99894164283755,290.625,99271.76,336.4244
-82.99894164283755,292.5,99253.53,337.52475
-82.99894164283755,294.375,99239.0,338.4819
-82.99894164283755,296.25,99226.9,339.29788
-82.99894164283755,298.125,99217.76,339.9926
-82.99894164283755,300.0,99210.92,340.57883
-82.99894164283755,301.875,99207.0,341.03784
-82.99894164283755,303.75,99204.78,341.38086
-82.99894164283755,305.625,99205.16,341.61032
-82.99894164283755,307.5,99207.36,341.6578
-82.99894164283755,309.375,99210.67,341.53152
-82.99894164283755,311.25,99216.59,341.30017
-82.99894164283755,313.125,99223.32,341.07184
-82.99894164283755,315.0,99233.72,340.84448
-82.99894164283755,316.875,99245.13,340.7198
-82.99894164283755,318.75,99259.37,340.69565
-82.99894164283755,320.625,99274.9,340.93173
-82.99894164283755,322.5,99293.89,341.54474
-82.99894164283755,324.375,99315.34,342.72894
-82.99894164283755,326.25,99338.83,344.44977
-82.99894164283755,328.125,99363.32,346.05377
-82.99894164283755,330.0,99389.95,348.56415
-82.99894164283755,331.875,99416.72,351.04013
-82.99894164283755,333.75,99442.8,353.22726
-82.99894164283755,335.625,99470.32,355.15463
-82.99894164283755,337.5,99497.96,357.20465
-82.99894164283755,339.375,99526.38,359.8316
-82.99894164283755,341.25,99553.34,362.50552
-82.99894164283755,343.125,99580.66,365.09683
-82.99894164283755,345.0,99608.36,367.65094
-82.99894164283755,346.875,99635.0,370.12408
-82.99894164283755,348.75,99660.24,372.46844
-82.99894164283755,350.625,99684.75,374.6422
-82.99894164283755,352.5,99707.61,376.6088
-82.99894164283755,354.375,99727.88,378.34964
-82.99894164283755,356.25,99747.67,379.853
-82.99894164283755,358.125,99766.16,381.13132
-81.13497683767741,0.0,99656.8,377.77673
-81.13497683767741,1.875,99680.24,380.2418
-81.13497683767741,3.75,99702.03,382.6048
-81.13497683767741,5.625,99722.16,384.97162
-81.13497683767741,7.5,99740.42,387.41867
-81.13497683767741,9.375,99755.38,390.0245
-81.13497683767741,11.25,99766.62,392.8713
-81.13497683767741,13.125,99774.93,396.00308
-81.13497683767741,15.0,99779.54,399.43637
-81.13497683767741,16.875,99781.6,403.16974
-81.13497683767741,18.75,99780.92,407.1622
-81.13497683767741,20.625,99779.62,411.33612
-81.13497683767741,22.5,99779.56,415.61398
-81.13497683767741,24.375,99780.28,419.86954
-81.13497683767741,26.25,99785.08,424.0204
-81.13497683767741,28.125,99793.59,427.9395
-81.13497683767741,30.0,99806.18,431.52774
-81.13497683767741,31.875,99824.82,434.70776
-81.13497683767741,33.75,99847.59,437.4168
-81.13497683767741,35.625,99873.49,439.60486
-81.13497683767741,37.5,99901.94,441.2349
-81.13497683767741,39.375,99930.71,442.30365
-81.13497683767741,41.25,99958.74,442.82263
-81.13497683767741,43.125,99984.84,442.83728
-81.13497683767741,45.0,100004.89,442.39304
-81.13497683767741,46.875,100017.94,441.5783
-81.13497683767741,48.75,100025.87,440.48422
-81.13497683767741,50.625,100025.38,439.24124
-81.13497683767741,52.5,100016.92,437.93283
-81.13497683767741,54.375,100003.44,436.67856
-81.13497683767741,56.25,99983.08,435.50797
-81.13497683767741,58.125,99959.92,434.49396
-81.13497683767741,60.0,99934.3,433.60953
-81.13497683767741,61.875,99908.52,432.83972
-81.13497683767741,63.75,99883.51,432.11926
-81.13497683767741,65.625,99862.84,431.39484
-81.13497683767741,67.5,99844.84,430.59985
-81.13497683767741,69.375,99829.96,429.67407
-81.13497683767741,71.25,99821.18,428.5871
-81.13497683767741,73.125,99815.18,427.3161
-81.13497683767741,75.0,99814.04,425.85083
-81.13497683767741,76.875,99814.98,424.19925
-81.13497683767741,78.75,99818.38,422.3998
-81.13497683767741,80.625,99821.88,420.48367
-81.13497683767741,82.5,99826.58,418.5083
-81.13497683767741,84.375,99830.68,416.5296
-81.13497683767741,86.25,99835.3,414.58945
-81.13497683767741,88.125,99840.22,412.73825
-81.13497683767741,90.0,99843.82,410.9934
-81.13497683767741,91.875,99849.42,409.36908
-81.13497683767741,93.75,99856.24,407.8668
-81.13497683767741,95.625,99865.54,406.46594
-81.13497683767741,97.5,99877.54,405.15106
-81.13497683767741,99.375,99891.72,403.9022
-81.13497683767741,101.25,99908.28,402.70312
-81.13497683767741,103.125,99927.88,401.55548
-81.13497683767741,105.0,99948.4,400.45923
-81.13497683767741,106.875,99969.46,399.41306
-81.13497683767741,108.75,99989.01,398.4596
-81.13497683767741,110.625,100006.06,397.59427
-81.13497683767741,112.5,100021.2,396.86218
-81.13497683767741,114.375,100030.46,396.25586
-81.13497683767741,116.25,100035.01,395.811
-81.13497683767741,118.125,100035.52,395.52942
-81.13497683767741,120.0,100029.54,395.39307
-81.13497683767741,121.875,100018.19,395.38046
-81.13497683767741,123.75,100003.21,395.47638
-81.13497683767741,125.625,99985.4,395.6143
-81.13497683767741,127.5,99966.28,395.74487
-81.13497683767741,129.375,99945.94,395.79163
-81.13497683767741,131.25,99924.86,395.70038
-81.13497683767741,133.125,99904.24,395.40097
-81.13497683767741,135.0,99883.22,394.8643
-81.13497683767741,136.875,99861.96,394.0489
-81.13497683767741,138.75,99839.96,392.9705
-81.13497683767741,140.625,99816.0,391.62433
-81.13497683767741,142.5,99787.18,390.0901
-81.13497683767741,144.375,99753.74,388.4324
-81.13497683767741,146.25,99712.88,386.788
-81.13497683767741,148.125,99665.52,385.28458
-81.13497683767741,150.0,99611.42,384.06177
-81.13497683767741,151.875,99549.78,383.77792
-81.13497683767741,153.75,99479.54,384.48587
-81.13497683767741,155.625,99404.28,385.98355
-81.13497683767741,157.5,99313.38,389.5583
-81.13497683767741,159.375,99213.42,392.77078
-81.13497683767741,161.25,99115.51,395.90976
-81.13497683767741,163.125,99028.24,396.37204
-81.13497683767741,165.0,98953.95,396.96057
-81.13497683767741,166.875,98891.5,397.90158
-81.13497683767741,168.75,98838.02,399.24207
-81.13497683767741,170.625,98791.67,401.04446
-81.13497683767741,172.5,98750.06,403.35577
-81.13497683767741,174.375,98712.34,406.16348
-81.13497683767741,176.25,98676.82,409.3961
-81.13497683767741,178.125,98646.63,412.97925
-81.13497683767741,180.0,98618.45,416.72385
-81.13497683767741,181.875,98595.66,420.4821
-81.13497683767741,183.75,98576.56,424.09802
-81.13497683767741,185.625,98561.08,427.42975
-81.13497683767741,187.5,98549.16,430.33905
-81.13497683767741,189.375,98539.76,432.71378
-81.13497683767741,191.25,98533.48,434.52438
-81.13497683767741,193.125,98528.12,435.6707
-81.13497683767741,195.0,98526.74,436.218
-81.13497683767741,196.875,98525.43,436.15308
-81.13497683767741,198.75,98527.6,435.57086
-81.13497683767741,200.625,98530.91,434.54843
-81.13497683767741,202.5,98537.9,433.19736
-81.13497683767741,204.375,98548.19,431.5849
-81.13497683767741,206.25,98562.3,429.81873
-81.13497683767741,208.125,98578.6,427.95032
-81.13497683767741,210.0,98596.61,425.9793
-81.13497683767741,211.875,98618.79,423.9582
-81.13497683767741,213.75,98641.64,421.84564
-81.13497683767741,215.625,98665.94,419.63858
-81.13497683767741,217.5,98691.54,417.2893
-81.13497683767741,219.375,98716.76,414.74976
-81.13497683767741,221.25,98740.62,411.99097
-81.13497683767741,223.125,98764.72,409.01462
-81.13497683767741,225.0,98788.84,405.80035
-81.13497683767741,226.875,98812.86,402.36813
-81.13497683767741,228.75,98837.71,398.76035
-81.13497683767741,230.625,98865.34,395.0738
-81.13497683767741,232.5,98893.75,391.37775
-81.13497683767741,234.375,98925.37,387.78485
-81.13497683767741,236.25,98960.54,384.4214
-81.13497683767741,238.125,99000.24,381.377
-81.13497683767741,240.0,99043.96,378.74466
-81.13497683767741,241.875,99093.12,376.58173
-81.13497683767741,243.75,99146.2,374.85025
-81.13497683767741,245.625,99202.34,373.11304
-81.13497683767741,247.5,99258.76,371.2922
-81.13497683767741,249.375,99309.36,369.22726
-81.13497683767741,251.25,99352.72,365.64157
-81.13497683767741,253.125,99386.64,361.9757
-81.13497683767741,255.0,99412.66,358.05273
-81.13497683767741,256.875,99428.77,353.8622
-81.13497683767741,258.75,99440.33,349.50983
-81.13497683767741,260.625,99446.7,345.05508
-81.13497683767741,262.5,99448.21,340.50854
-81.13497683767741,264.375,99446.47,336.1619
-81.13497683767741,266.25,99440.92,331.94025
-81.13497683767741,268.125,99432.42,327.51483
-81.13497683767741,270.0,99416.74,323.178
-81.13497683767741,271.875,99396.7,320.78052
-81.13497683767741,273.75,99374.84,320.0567
-81.13497683767741,275.625,99349.67,321.68567
-81.13497683767741,277.5,99324.82,324.41418
-81.13497683767741,279.375,99299.48,327.31995
-81.13497683767741,281.25,99271.3,329.95154
-81.13497683767741,283.125,99241.8,332.10074
-81.13497683767741,285.0,99211.82,333.77402
-81.13497683767741,286.875,99179.61,335.0829
-81.13497683767741,288.75,99148.5,336.2284
-81.13497683767741,290.625,99119.74,337.32233
-81.13497683767741,292.5,99095.5,338.43396
-81.13497683767741,294.375,99073.94,339.5619
-81.13497683767741,296.25,99058.12,340.65735
-81.13497683767741,298.125,99047.08,341.6543
-81.13497683767741,300.0,99039.16,342.4383
-81.13497683767741,301.875,99032.94,342.9225
-81.13497683767741,303.75,99028.84,343.02704
-81.13497683767741,305.625,99024.92,342.71
-81.13497683767741,307.5,99020.25,341.961
-81.13497683767741,309.375,99016.54,340.84567
-81.13497683767741,311.25,99012.79,339.43597
-81.13497683767741,313.125,99010.05,337.84924
-81.13497683767741,315.0,99009.02,336.19797
-81.13497683767741,316.875,99010.97,334.57068
-81.13497683767741,318.75,99015.0,333.06876
-81.13497683767741,320.625,99023.56,331.7758
-81.13497683767741,322.5,99036.31,330.69586
-81.13497683767741,324.375,99052.82,329.959
-81.13497683767741,326.25,99073.78,329.5221
-81.13497683767741,328.125,99098.9,329.42322
-81.13497683767741,330.0,99128.09,329.71295
-81.13497683767741,331.875,99161.82,330.4763
-81.13497683767741,333.75,99200.29,331.6706
-81.13497683767741,335.625,99241.94,333.97955
-81.13497683767741,337.5,99284.66,337.22052
-81.13497683767741,339.375,99327.96,339.93723
-81.13497683767741,341.25,99370.04,343.2745
-81.13497683767741,343.125,99408.86,345.90894
-81.13497683767741,345.0,99442.82,349.31796
-81.13497683767741,346.875,99474.1,353.7815
-81.13497683767741,348.75,99502.76,358.4055
-81.13497683767741,350.625,99529.76,362.20435
-81.13497683767741,352.5,99556.03,365.79282
-81.13497683767741,354.375,99581.54,369.16068
-81.13497683767741,356.25,99607.63,372.28638
-81.13497683767741,358.125,99631.51,375.13477
-79.27055903485967,0.0,99564.73,377.60822
-79.27055903485967,1.875,99597.1,380.8626
-79.27055903485967,3.75,99631.02,384.0129
-79.27055903485967,5.625,99666.94,387.1739
-79.27055903485967,7.5,99702.26,390.47433
-79.27055903485967,9.375,99735.62,394.0573
-79.27055903485967,11.25,99763.62,397.99194
-79.27055903485967,13.125,99787.24,402.39856
-79.27055903485967,15.0,99801.69,407.2962
-79.27055903485967,16.875,99810.03,412.69055
-79.27055903485967,18.75,99808.98,418.48166
-79.27055903485967,20.625,99802.74,424.51898
-79.27055903485967,22.5,99791.31,430.61093
-79.27055903485967,24.375,99778.52,436.5235
-79.27055903485967,26.25,99766.33,441.98834
-79.27055903485967,28.125,99758.24,446.7875
-79.27055903485967,30.0,99758.47,450.73535
-79.27055903485967,31.875,99765.32,453.65182
-79.27055903485967,33.75,99782.22,455.47482
-79.27055903485967,35.625,99806.48,456.16055
-79.27055903485967,37.5,99839.0,455.7565
-79.27055903485967,39.375,99873.32,454.3473
-79.27055903485967,41.25,99909.45,452.10757
-79.27055903485967,43.125,99943.2,449.30154
-79.27055903485967,45.0,99971.65,446.26755
-79.27055903485967,46.875,99990.13,443.37524
-79.27055903485967,48.75,99999.6,441.05945
-79.27055903485967,50.625,99997.6,439.65073
-79.27055903485967,52.5,99986.58,439.40677
-79.27055903485967,54.375,99965.53,440.3882
-79.27055903485967,56.25,99938.21,442.47192
-79.27055903485967,58.125,99906.15,445.43646
-79.27055903485967,60.0,99874.29,448.9264
-79.27055903485967,61.875,99843.3,452.60605
-79.27055903485967,63.75,99817.53,456.21573
-79.27055903485967,65.625,99797.02,459.52432
-79.27055903485967,67.5,99785.17,462.42575
-79.27055903485967,69.375,99780.72,464.8373
-79.27055903485967,71.25,99784.68,466.7383
-79.27055903485967,73.125,99795.32,468.07028
-79.27055903485967,75.0,99812.21,468.78424
-79.27055903485967,76.875,99831.9,468.78577
-79.27055903485967,78.75,99854.19,467.96442
-79.27055903485967,80.625,99874.92,466.23096
-79.27055903485967,82.5,99893.16,463.5157
-79.27055903485967,84.375,99907.06,459.85437
-79.27055903485967,86.25,99916.4,455.3014
-79.27055903485967,88.125,99919.61,450.0309
-79.27055903485967,90.0,99919.23,444.24557
-79.27055903485967,91.875,99916.62,438.17743
-79.27055903485967,93.75,99911.39,432.01303
-79.27055903485967,95.625,99908.7,425.94208
-79.27055903485967,97.5,99907.44,420.07974
-79.27055903485967,99.375,99912.3,414.50204
-79.27055903485967,101.25,99922.04,409.24625
-79.27055903485967,103.125,99938.46,404.34592
-79.27055903485967,105.0,99960.56,399.81723
-79.27055903485967,106.875,99986.83,395.71872
-79.27055903485967,108.75,100014.39,392.07068
-79.27055903485967,110.625,100043.8,388.9586
-79.27055903485967,112.5,100070.69,386.4561
-79.27055903485967,114.375,100094.08,384.6174
-79.27055903485967,116.25,100109.6,383.45096
-79.27055903485967,118.125,100118.9,382.98053
-79.27055903485967,120.0,100121.64,383.1929
-79.27055903485967,121.875,100116.43,383.94333
-79.27055903485967,123.75,100104.84,385.14423
-79.27055903485967,125.625,100089.96,386.60748
-79.27055903485967,127.5,100073.66,388.17044
-79.27055903485967,129.375,100058.24,389.6772
-79.27055903485967,131.25,100044.02,390.99966
-79.27055903485967,133.125,100033.22,392.0167
-79.27055903485967,135.0,100027.0,392.70752
-79.27055903485967,136.875,100024.3,393.0093
-79.27055903485967,138.75,100021.25,392.9499
-79.27055903485967,140.625,100017.4,392.52408
-79.27055903485967,142.5,100008.14,391.77414
-79.27055903485967,144.375,99987.78,390.762
-79.27055903485967,146.25,99954.09,389.59628
-79.27055903485967,148.125,99905.06,388.3979
-79.27055903485967,150.0,99839.18,387.37015
-79.27055903485967,151.875,99757.17,386.7059
-79.27055903485967,153.75,99660.66,386.56958
-79.27055903485967,155.625,99554.51,387.08353
-79.27055903485967,157.5,99438.62,389.5928
-79.27055903485967,159.375,99312.9,393.319
-79.27055903485967,161.25,99174.48,398.56534
-79.27055903485967,163.125,99041.69,401.96695
-79.27055903485967,165.0,98931.84,403.203
-79.27055903485967,166.875,98846.18,404.96576
-79.27055903485967,168.75,98776.6,407.52
-79.27055903485967,170.625,98718.08,411.00748
-79.27055903485967,172.5,98670.18,415.4437
-79.27055903485967,174.375,98627.82,420.64087
-79.27055903485967,176.25,98591.84,426.3494
-79.27055903485967,178.125,98561.88,432.2386
-79.27055903485967,180.0,98538.88,437.9819
-79.27055903485967,181.875,98520.96,443.25073
-79.27055903485967,183.75,98507.29,447.7902
-79.27055903485967,185.625,98493.72,451.36172
-79.27055903485967,187.5,98481.93,453.80966
-79.27055903485967,189.375,98468.22,455.0428
-79.27055903485967,191.25,98456.01,455.08127
-79.27055903485967,193.125,98442.02,454.01154
-79.27055903485967,195.0,98430.2,451.98865
-79.27055903485967,196.875,98420.48,449.24603
-79.27055903485967,198.75,98414.45,445.98785
-79.27055903485967,200.625,98411.72,442.4358
-79.27055903485967,202.5,98415.26,438.7838
-79.27055903485967,204.375,98421.67,435.14743
-79.27055903485967,206.25,98434.56,431.6441
-79.27055903485967,208.125,98451.42,428.33606
-79.27055903485967,210.0,98474.1,425.26443
-79.27055903485967,211.875,98499.7,422.44934
-79.27055903485967,213.75,98530.38,419.89676
-79.27055903485967,215.625,98563.8,417.58755
-79.27055903485967,217.5,98601.28,415.51236
-79.27055903485967,219.375,98641.34,413.63812
-79.27055903485967,221.25,98684.14,411.9271
-79.27055903485967,223.125,98730.39,410.33447
-79.27055903485967,225.0,98780.34,408.8139
-79.27055903485967,226.875,98832.65,407.29242
-79.27055903485967,228.75,98886.58,405.69168
-79.27055903485967,230.625,98940.62,403.96915
-79.27055903485967,232.5,98995.7,402.10263
-79.27055903485967,234.375,99049.08,399.98727
-79.27055903485967,236.25,99099.96,397.7798
-79.27055903485967,238.125,99146.23,395.41586
-79.27055903485967,240.0,99188.6,392.9169
-79.27055903485967,241.875,99224.31,390.42297
-79.27055903485967,243.75,99254.04,388.1213
-79.27055903485967,245.625,99278.2,385.8068
-79.27055903485967,247.5,99297.45,383.44394
-79.27055903485967,249.375,99312.0,380.33893
-79.27055903485967,251.25,99321.85,376.83514
-79.27055903485967,253.125,99326.78,372.73276
-79.27055903485967,255.0,99328.28,367.7965
-79.27055903485967,256.875,99326.22,362.03113
-79.27055903485967,258.75,99321.26,355.2166
-79.27055903485967,260.625,99315.94,347.57245
-79.27055903485967,262.5,99309.27,338.88626
-79.27055903485967,264.375,99304.68,330.37317
-79.27055903485967,266.25,99300.5,323.00565
-79.27055903485967,268.125,99297.66,317.81116
-79.27055903485967,270.0,99293.88,315.3959
-79.27055903485967,271.875,99289.44,316.0826
-79.27055903485967,273.75,99283.06,318.78305
-79.27055903485967,275.625,99273.7,322.2638
-79.27055903485967,277.5,99257.63,325.61826
-79.27055903485967,279.375,99234.72,328.33084
-79.27055903485967,281.25,99205.32,330.24716
-79.27055903485967,283.125,99170.62,331.5775
-79.27055903485967,285.0,99133.04,332.6235
-79.27055903485967,286.875,99095.37,333.7394
-79.27055903485967,288.75,99060.58,335.17194
-79.27055903485967,290.625,99029.06,336.9884
-79.27055903485967,292.5,99003.41,339.1697
-79.27055903485967,294.375,98981.23,341.57007
-79.27055903485967,296.25,98961.69,344.0108
-79.27055903485967,298.125,98945.27,346.2484
-79.27055903485967,300.0,98928.06,348.08548
-79.27055903485967,301.875,98911.29,349.3452
-79.27055903485967,303.75,98893.11,349.916
-79.27055903485967,305.625,98873.85,349.7428
-79.27055903485967,307.5,98855.02,348.86334
-79.27055903485967,309.375,98839.0,347.37677
-79.27055903485967,311.25,98824.25,345.401
-79.27055903485967,313.125,98812.48,343.1102
-79.27055903485967,315.0,98805.54,340.64017
-79.27055903485967,316.875,98802.22,338.12857
-79.27055903485967,318.75,98804.62,335.68716
-79.27055903485967,320.625,98810.35,333.3697
-79.27055903485967,322.5,98820.78,331.2566
-79.27055903485967,324.375,98834.13,329.37964
-79.27055903485967,326.25,98852.92,327.76883
-79.27055903485967,328.125,98874.54,326.47668
-79.27055903485967,330.0,98900.74,325.53714
-79.27055903485967,331.875,98931.82,325.0286
-79.27055903485967,333.75,98969.9,325.02106
-79.27055903485967,335.625,99013.96,325.60587
-79.27055903485967,337.5,99067.1,326.60394
-79.27055903485967,339.375,99128.6,328.6059
-79.27055903485967,341.25,99196.4,332.2396
-79.27055903485967,343.125,99259.4,336.88257
-79.27055903485967,345.0,99315.88,341.4089
-79.27055903485967,346.875,99361.6,346.02798
-79.27055903485967,348.75,99397.64,350.6676
-79.27055903485967,350.625,99427.55,356.6196
-79.27055903485967,352.5,99455.72,362.00372
-79.27055903485967,354.375,99480.19,366.3936
-79.27055903485967,356.25,99506.44,370.42618
-79.27055903485967,358.125,99534.1,374.15637
-77.4058880820788,0.0,99375.64,382.951
-77.4058880820788,1.875,99379.82,387.6481
-77.4058880820788,3.75,99390.03,391.78
-77.4058880820788,5.625,99408.65,395.3463
-77.4058880820788,7.5,99435.38,398.37888
-77.4058880820788,9.375,99469.63,401.0511
-77.4058880820788,11.25,99508.15,403.54697
-77.4058880820788,13.125,99546.33,406.0926
-77.4058880820788,15.0,99581.26,408.89792
-77.4058880820788,16.875,99609.31,412.16425
-77.4058880820788,18.75,99627.98,415.98962
-77.4058880820788,20.625,99635.22,420.33304
-77.4058880820788,22.5,99636.3,425.10358
-77.4058880820788,24.375,99630.53,430.04178
-77.4058880820788,26.25,99625.32,434.86362
-77.4058880820788,28.125,99622.23,439.21497
-77.4058880820788,30.0,99626.83,442.78265
-77.4058880820788,31.875,99641.49,445.3011
-77.4058880820788,33.75,99664.79,446.6198
-77.4058880820788,35.625,99698.55,446.6599
-77.4058880820788,37.5,99737.82,445.46606
-77.4058880820788,39.375,99781.39,443.11954
-77.4058880820788,41.25,99822.76,439.83682
-77.4058880820788,43.125,99858.04,435.91785
-77.4058880820788,45.0,99885.92,431.71268
-77.4058880820788,46.875,99902.55,427.7357
-77.4058880820788,48.75,99906.82,424.45462
-77.4058880820788,50.625,99901.0,422.30154
-77.4058880820788,52.5,99884.09,421.537
-77.4058880820788,54.375,99859.46,422.17816
-77.4058880820788,56.25,99827.48,423.98575
-77.4058880820788,58.125,99791.29,426.63257
-77.4058880820788,60.0,99752.81,429.7399
-77.4058880820788,61.875,99711.76,433.11795
-77.4058880820788,63.75,99671.3,436.73062
-77.4058880820788,65.625,99631.26,440.69672
-77.4058880820788,67.5,99595.06,445.28723
-77.4058880820788,69.375,99563.18,450.71216
-77.4058880820788,71.25,99538.72,457.0418
-77.4058880820788,73.125,99522.58,464.16296
-77.4058880820788,75.0,99515.74,471.7015
-77.4058880820788,76.875,99520.43,479.06485
-77.4058880820788,78.75,99534.11,485.48636
-77.4058880820788,80.625,99557.32,490.22467
-77.4058880820788,82.5,99587.44,492.65097
-77.4058880820788,84.375,99622.24,492.41803
-77.4058880820788,86.25,99659.53,489.49536
-77.4058880820788,88.125,99696.98,484.14844
-77.4058880820788,90.0,99734.83,476.8852
-77.4058880820788,91.875,99770.67,468.33017
-77.4058880820788,93.75,99805.73,459.09283
-77.4058880820788,95.625,99839.62,449.70233
-77.4058880820788,97.5,99874.22,440.58063
-77.4058880820788,99.375,99909.29,431.9906
-77.4058880820788,101.25,99943.67,424.078
-77.4058880820788,103.125,99979.95,416.88943
-77.4058880820788,105.0,100016.68,410.4299
-77.4058880820788,106.875,100052.41,404.60986
-77.4058880820788,108.75,100088.32,399.41028
-77.4058880820788,110.625,100121.12,394.79523
-77.4058880820788,112.5,100149.36,390.78986
-77.4058880820788,114.375,100172.24,387.47714
-77.4058880820788,116.25,100188.74,384.9657
-77.4058880820788,118.125,100194.88,383.31375
-77.4058880820788,120.0,100193.48,382.5738
-77.4058880820788,121.875,100181.72,382.69632
-77.4058880820788,123.75,100162.01,383.5058
-77.4058880820788,125.625,100137.49,384.79462
-77.4058880820788,127.5,100108.9,386.25497
-77.4058880820788,129.375,100081.36,387.62128
-77.4058880820788,131.25,100055.26,388.66867
-77.4058880820788,133.125,100034.42,389.27338
-77.4058880820788,135.0,100018.09,389.42978
-77.4058880820788,136.875,100006.5,389.18472
-77.4058880820788,138.75,99997.7,388.65576
-77.4058880820788,140.625,99987.18,387.95578
-77.4058880820788,142.5,99973.91,387.19202
-77.4058880820788,144.375,99950.2,386.42416
-77.4058880820788,146.25,99912.5,385.70428
-77.4058880820788,148.125,99859.37,385.04892
-77.4058880820788,150.0,99785.88,384.5049
-77.4058880820788,151.875,99697.63,384.1713
-77.4058880820788,153.75,99595.49,384.1295
-77.4058880820788,155.625,99487.08,384.50903
-77.4058880820788,157.5,99374.41,386.32968
-77.4058880820788,159.375,99230.01,390.32477
-77.4058880820788,161.25,99069.76,393.17496
-77.4058880820788,163.125,98954.45,393.79648
-77.4058880820788,165.0,98880.33,395.3873
-77.4058880820788,166.875,98831.72,398.0699
-77.4058880820788,168.75,98792.16,402.0102
-77.4058880820788,170.625,98751.67,407.2194
-77.4058880820788,172.5,98702.25,413.44144
-77.4058880820788,174.375,98647.19,420.28903
-77.4058880820788,176.25,98589.14,427.3396
-77.4058880820788,178.125,98532.95,434.24893
-77.4058880820788,180.0,98481.84,440.79456
-77.4058880820788,181.875,98440.21,446.8365
-77.4058880820788,183.75,98404.65,452.25705
-77.4058880820788,185.625,98375.69,456.94397
-77.4058880820788,187.5,98351.62,460.75638
-77.4058880820788,189.375,98334.24,463.5828
-77.4058880820788,191.25,98320.49,465.3061
-77.4058880820788,193.125,98311.72,465.85342
-77.4058880820788,195.0,98307.37,465.2862
-77.4058880820788,196.875,98306.88,463.6699
-77.4058880820788,198.75,98309.23,461.13965
-77.4058880820788,200.625,98312.49,457.85513
-77.4058880820788,202.5,98319.4,453.9971
-77.4058880820788,204.375,98326.77,449.72122
-77.4058880820788,206.25,98338.82,445.2665
-77.4058880820788,208.125,98352.25,440.78864
-77.4058880820788,210.0,98371.77,436.52267
-77.4058880820788,211.875,98394.54,432.63962
-77.4058880820788,213.75,98424.0,429.31363
-77.4058880820788,215.625,98461.5,426.6382
-77.4058880820788,217.5,98507.26,424.64822
-77.4058880820788,219.375,98562.58,423.33395
-77.4058880820788,221.25,98631.76,422.6711
-77.4058880820788,223.125,98713.3,422.60754
-77.4058880820788,225.0,98804.9,423.0286
-77.4058880820788,226.875,98906.16,423.85696
-77.4058880820788,228.75,99011.5,424.61984
-77.4058880820788,230.625,99110.6,425.48865
-77.4058880820788,232.5,99197.14,424.58243
-77.4058880820788,234.375,99264.3,422.2375
-77.4058880820788,236.25,99312.4,419.25317
-77.4058880820788,238.125,99343.64,416.39676
-77.4058880820788,240.0,99357.36,413.8365
-77.4058880820788,241.875,99353.57,411.18103
-77.4058880820788,243.75,99335.25,409.0332
-77.4058880820788,245.625,99302.98,405.6384
-77.4058880820788,247.5,99264.84,401.3084
-77.4058880820788,249.375,99225.88,396.22168
-77.4058880820788,251.25,99190.64,390.83078
-77.4058880820788,253.125,99164.29,385.53497
-77.4058880820788,255.0,99148.98,380.02197
-77.4058880820788,256.875,99144.19,373.78525
-77.4058880820788,258.75,99152.68,366.35706
-77.4058880820788,260.625,99174.07,357.4442
-77.4058880820788,262.5,99207.03,347.42313
-77.4058880820788,264.375,99247.58,337.22623
-77.4058880820788,266.25,99293.62,328.20288
-77.4058880820788,268.125,99335.76,321.64536
-77.4058880820788,270.0,99369.6,318.44147
-77.4058880820788,271.875,99389.39,318.20978
-77.4058880820788,273.75,99393.65,319.9476
-77.4058880820788,275.625,99381.47,322.6903
-77.4058880820788,277.5,99355.57,325.5032
-77.4058880820788,279.375,99320.02,327.92325
-77.4058880820788,281.25,99280.46,329.9095
-77.4058880820788,283.125,99241.34,331.68118
-77.4058880820788,285.0,99205.03,333.5191
-77.4058880820788,286.875,99172.08,335.63
-77.4058880820788,288.75,99142.73,338.0946
-77.4058880820788,290.625,99113.5,340.8504
-77.4058880820788,292.5,99082.82,343.68845
-77.4058880820788,294.375,99049.06,346.41693
-77.4058880820788,296.25,99011.78,348.85046
-77.4058880820788,298.125,98971.86,350.88174
-77.4058880820788,300.0,98932.24,352.50714
-77.4058880820788,301.875,98895.04,353.69458
-77.4058880820788,303.75,98861.54,354.4737
-77.4058880820788,305.625,98832.22,354.81006
-77.4058880820788,307.5,98806.54,354.6852
-77.4058880820788,309.375,98784.94,354.06238
-77.4058880820788,311.25,98766.18,352.91653
-77.4058880820788,313.125,98748.66,351.1947
-77.4058880820788,315.0,98731.56,348.90198
-77.4058880820788,316.875,98716.14,346.04895
-77.4058880820788,318.75,98701.88,342.7074
-77.4058880820788,320.625,98689.29,339.01602
-77.4058880820788,322.5,98678.05,335.18866
-77.4058880820788,324.375,98669.88,331.41806
-77.4058880820788,326.25,98664.66,327.94162
-77.4058880820788,328.125,98663.94,324.93207
-77.4058880820788,330.0,98666.12,322.51584
-77.4058880820788,331.875,98675.7,320.77448
-77.4058880820788,333.75,98693.81,319.73233
-77.4058880820788,335.625,98723.3,319.40213
-77.4058880820788,337.5,98766.92,319.8003
-77.4058880820788,339.375,98831.06,320.99915
-77.4058880820788,341.25,98914.38,323.0983
-77.4058880820788,343.125,99016.4,325.99152
-77.4058880820788,345.0,99129.15,331.17862
-77.4058880820788,346.875,99225.68,340.3921
-77.4058880820788,348.75,99293.42,346.1916
-77.4058880820788,350.625,99335.87,353.60526
-77.4058880820788,352.5,99360.0,360.86588
-77.4058880820788,354.375,99371.97,366.6079
-77.4058880820788,356.25,99375.24,372.27396
-77.4058880820788,358.125,99375.2,377.78128
-75.54106145287895,0.0,99365.02,376.69952
-75.54106145287895,1.875,99329.96,383.90518
-75.54106145287895,3.75,99298.7,390.0894
-75.54106145287895,5.625,99279.24,394.84747
-75.54106145287895,7.5,99274.1,397.99606
-75.54106145287895,9.375,99285.66,399.59924
-75.54106145287895,11.25,99310.57,399.9457
-75.54106145287895,13.125,99344.36,399.48172
-75.54106145287895,15.0,99380.0,398.7199
-75.54106145287895,16.875,99411.46,398.1443
-75.54106145287895,18.75,99435.69,398.17285
-75.54106145287895,20.625,99451.22,399.03412
-75.54106145287895,22.5,99459.93,400.8375
-75.54106145287895,24.375,99467.89,403.4443
-75.54106145287895,26.25,99478.51,406.55704
-75.54106145287895,28.125,99497.68,409.75143
-75.54106145287895,30.0,99528.5,412.63272
-75.54106145287895,31.875,99572.46,414.83936
-75.54106145287895,33.75,99626.16,416.12854
-75.54106145287895,35.625,99686.44,416.43735
-75.54106145287895,37.5,99747.12,415.79938
-75.54106145287895,39.375,99801.54,414.33246
-75.54106145287895,41.25,99845.17,412.21573
-75.54106145287895,43.125,99876.54,409.59018
-75.54106145287895,45.0,99894.63,406.65308
-75.54106145287895,46.875,99904.46,403.56674
-75.54106145287895,48.75,99907.64,400.5139
-75.54106145287895,50.625,99912.03,397.64548
-75.54106145287895,52.5,99919.1,395.0724
-75.54106145287895,54.375,99927.72,392.79343
-75.54106145287895,56.25,99935.93,390.79868
-75.54106145287895,58.125,99936.28,389.0879
-75.54106145287895,60.0,99924.8,387.70547
-75.54106145287895,61.875,99897.08,386.792
-75.54106145287895,63.75,99851.72,386.70532
-75.54106145287895,65.625,99791.16,387.97324
-75.54106145287895,67.5,99718.96,391.27625
-75.54106145287895,69.375,99641.64,397.2863
-75.54106145287895,71.25,99563.52,406.43994
-75.54106145287895,73.125,99487.84,418.7289
-75.54106145287895,75.0,99421.74,433.46988
-75.54106145287895,76.875,99368.98,449.2953
-75.54106145287895,78.75,99334.79,464.32907
-75.54106145287895,80.625,99323.78,476.69638
-75.54106145287895,82.5,99333.32,484.85953
-75.54106145287895,84.375,99364.67,488.15005
-75.54106145287895,86.25,99413.24,486.76
-75.54106145287895,88.125,99474.43,481.57065
-75.54106145287895,90.0,99546.83,473.94287
-75.54106145287895,91.875,99627.44,465.21594
-75.54106145287895,93.75,99714.06,456.51193
-75.54106145287895,95.625,99805.72,448.57047
-75.54106145287895,97.5,99898.19,441.72577
-75.54106145287895,99.375,99988.88,435.97787
-75.54106145287895,101.25,100072.1,431.1319
-75.54106145287895,103.125,100143.46,426.90048
-75.54106145287895,105.0,100202.04,422.95734
-75.54106145287895,106.875,100246.14,419.04926
-75.54106145287895,108.75,100275.14,415.01538
-75.54106145287895,110.625,100294.05,410.82968
-75.54106145287895,112.5,100303.35,406.6063
-75.54106145287895,114.375,100305.62,402.54327
-75.54106145287895,116.25,100303.64,398.83444
-75.54106145287895,118.125,100294.74,395.594
-75.54106145287895,120.0,100279.38,392.89023
-75.54106145287895,121.875,100257.38,390.725
-75.54106145287895,123.75,100228.04,389.0215
-75.54106145287895,125.625,100194.74,387.6519
-75.54106145287895,127.5,100160.86,386.45413
-75.54106145287895,129.375,100128.37,385.2904
-75.54106145287895,131.25,100100.18,384.09802
-75.54106145287895,133.125,100076.24,382.88046
-75.54106145287895,135.0,100056.56,381.73242
-75.54106145287895,136.875,100035.49,380.77753
-75.54106145287895,138.75,100013.21,380.13037
-75.54106145287895,140.625,99984.9,379.81982
-75.54106145287895,142.5,99950.16,379.84558
-75.54106145287895,144.375,99906.21,380.0796
-75.54106145287895,146.25,99852.41,380.3932
-75.54106145287895,148.125,99788.22,380.6659
-75.54106145287895,150.0,99713.68,380.8108
-75.54106145287895,151.875,99628.06,380.8048
-75.54106145287895,153.75,99534.62,380.7528
-75.54106145287895,155.625,99435.95,380.75653
-75.54106145287895,157.5,99334.64,380.96295
-75.54106145287895,159.375,99198.98,382.76648
-75.54106145287895,161.25,99028.17,384.6092
-75.54106145287895,163.125,98905.9,384.5639
-75.54106145287895,165.0,98834.28,385.80493
-75.54106145287895,166.875,98793.74,388.34015
-75.54106145287895,168.75,98760.35,392.27908
-75.54106145287895,170.625,98718.2,397.57565
-75.54106145287895,172.5,98657.3,403.89175
-75.54106145287895,174.375,98579.85,410.74652
-75.54106145287895,176.25,98493.26,417.72916
-75.54106145287895,178.125,98407.66,424.62888
-75.54106145287895,180.0,98331.9,431.39386
-75.54106145287895,181.875,98272.76,438.10385
-75.54106145287895,183.75,98230.31,444.7302
-75.54106145287895,185.625,98201.1,451.18796
-75.54106145287895,187.5,98185.92,457.27475
-75.54106145287895,189.375,98177.76,462.75308
-75.54106145287895,191.25,98173.67,467.3479
-75.54106145287895,193.125,98171.06,470.8998
-75.54106145287895,195.0,98168.59,473.28915
-75.54106145287895,196.875,98163.74,474.4523
-75.54106145287895,198.75,98158.72,474.3522
-75.54106145287895,200.625,98154.24,473.0182
-75.54106145287895,202.5,98154.44,470.46664
-75.54106145287895,204.375,98158.59,466.7833
-75.54106145287895,206.25,98171.42,462.12714
-75.54106145287895,208.125,98190.66,456.69006
-75.54106145287895,210.0,98216.08,450.8173
-75.54106145287895,211.875,98247.54,444.86942
-75.54106145287895,213.75,98280.5,439.20062
-75.54106145287895,215.625,98313.43,434.1999
-75.54106145287895,217.5,98348.31,430.10416
-75.54106145287895,219.375,98382.82,427.04352
-75.54106145287895,221.25,98418.9,425.0066
-75.54106145287895,223.125,98458.89,423.86658
-75.54106145287895,225.0,98503.86,423.4382
-75.54106145287895,226.875,98555.54,423.54807
-75.54106145287895,228.75,98610.27,423.99173
-75.54106145287895,230.625,98668.66,424.66458
-75.54106145287895,232.5,98727.12,425.40283
-75.54106145287895,234.375,98779.08,426.01938
-75.54106145287895,236.25,98822.97,426.30356
-75.54106145287895,238.125,98855.21,425.94376
-75.54106145287895,240.0,98874.15,424.6711
-75.54106145287895,241.875,98879.64,422.27982
-75.54106145287895,243.75,98875.24,418.71326
-75.54106145287895,245.625,98862.5,414.09598
-75.54106145287895,247.5,98845.15,408.771
-75.54106145287895,249.375,98825.2,403.20996
-75.54106145287895,251.25,98807.61,397.94574
-75.54106145287895,253.125,98793.01,393.3261
-75.54106145287895,255.0,98786.7,389.44473
-75.54106145287895,256.875,98791.29,385.99625
-75.54106145287895,258.75,98813.56,382.46045
-75.54106145287895,260.625,98857.05,378.17416
-75.54106145287895,262.5,98920.63,372.73163
-75.54106145287895,264.375,99000.52,366.1054
-75.54106145287895,266.25,99089.3,358.87903
-75.54106145287895,268.125,99172.32,351.97638
-75.54106145287895,270.0,99237.59,346.38455
-75.54106145287895,271.875,99275.78,342.71198
-75.54106145287895,273.75,99287.44,341.1521
-75.54106145287895,275.625,99272.76,341.30338
-75.54106145287895,277.5,99244.05,342.58908
-75.54106145287895,279.375,99210.36,344.67386
-75.54106145287895,281.25,99179.21,347.40295
-75.54106145287895,283.125,99157.34,350.78772
-75.54106145287895,285.0,99143.22,354.72333
-75.54106145287895,286.875,99134.16,358.92343
-75.54106145287895,288.75,99121.86,362.71405
-75.54106145287895,290.625,99099.26,365.3089
-75.54106145287895,292.5,99063.96,366.151
-75.54106145287895,294.375,99016.45,365.2754
-75.54106145287895,296.25,98960.33,363.43198
-75.54106145287895,298.125,98905.24,361.66415
-75.54106145287895,300.0,98860.0,360.79553
-75.54106145287895,301.875,98827.79,361.00415
-75.54106145287895,303.75,98808.1,361.9739
-75.54106145287895,305.625,98797.18,363.17648
-75.54106145287895,307.5,98787.82,364.11157
-75.54106145287895,309.375,98776.13,364.44162
-75.54106145287895,311.25,98757.96,363.931
-75.54106145287895,313.125,98733.91,362.36954
-75.54106145287895,315.0,98705.0,359.59656
-75.54106145287895,316.875,98672.3,355.54486
-75.54106145287895,318.75,98640.03,350.34384
-75.54106145287895,320.625,98607.32,344.3037
-75.54106145287895,322.5,98578.03,337.91644
-75.54106145287895,324.375,98555.64,331.74118
-75.54106145287895,326.25,98539.04,326.24054
-75.54106145287895,328.125,98531.61,321.74222
-75.54106145287895,330.0,98529.47,318.37735
-75.54106145287895,331.875,98532.03,316.14072
-75.54106145287895,333.75,98537.76,314.9122
-75.54106145287895,335.625,98547.05,314.51962
-75.54106145287895,337.5,98563.05,314.78516
-75.54106145287895,339.375,98592.22,315.5378
-75.54106145287895,341.25,98643.96,316.67313
-75.54106145287895,343.125,98725.04,318.27188
-75.54106145287895,345.0,98841.2,320.5461
-75.54106145287895,346.875,98990.14,323.69827
-75.54106145287895,348.75,99156.86,328.56726
-75.54106145287895,350.625,99293.24,340.77792
-75.54106145287895,352.5,99371.33,346.42703
-75.54106145287895,354.375,99405.01,354.4368
-75.54106145287895,356.25,99411.35,361.48615
-75.54106145287895,358.125,99395.06,369.04337
-73.67613231320912,0.0,99376.15,355.66342
-73.67613231320912,1.875,99360.86,361.7017
-73.67613231320912,3.75,99341.7,366.8194
-73.67613231320912,5.625,99327.6,370.84177
-73.67613231320912,7.5,99325.17,373.74426
-73.67613231320912,9.375,99332.7,375.45572
-73.67613231320912,11.25,99350.04,376.0979
-73.67613231320912,13.125,99370.73,375.91898
-73.67613231320912,15.0,99388.18,375.241
-73.67613231320912,16.875,99396.4,374.38773
-73.67613231320912,18.75,99395.01,373.6916
-73.67613231320912,20.625,99386.58,373.41623
-73.67613231320912,22.5,99375.02,373.6726
-73.67613231320912,24.375,99367.62,374.53452
-73.67613231320912,26.25,99371.55,375.92017
-73.67613231320912,28.125,99388.96,377.72302
-73.67613231320912,30.0,99426.64,379.74823
-73.67613231320912,31.875,99480.52,381.78885
-73.67613231320912,33.75,99550.32,383.6607
-73.67613231320912,35.625,99624.06,385.28406
-73.67613231320912,37.5,99693.37,386.61395
-73.67613231320912,39.375,99747.54,387.6739
-73.67613231320912,41.25,99776.41,388.44366
-73.67613231320912,43.125,99780.76,388.86975
-73.67613231320912,45.0,99765.93,388.91284
-73.67613231320912,46.875,99742.79,388.55783
-73.67613231320912,48.75,99726.72,387.8023
-73.67613231320912,50.625,99728.0,386.53577
-73.67613231320912,52.5,99755.9,384.56433
-73.67613231320912,54.375,99807.69,381.7285
-73.67613231320912,56.25,99872.17,378.07278
-73.67613231320912,58.125,99929.86,373.94833
-73.67613231320912,60.0,99961.94,369.84766
-73.67613231320912,61.875,99953.63,366.14914
-73.67613231320912,63.75,99906.39,363.1453
-73.67613231320912,65.625,99827.21,361.28235
-73.67613231320912,67.5,99731.96,362.38458
-73.67613231320912,69.375,99631.72,365.7014
-73.67613231320912,71.25,99539.06,372.8966
-73.67613231320912,73.125,99459.3,384.70215
-73.67613231320912,75.0,99395.43,397.77
-73.67613231320912,76.875,99346.52,414.33502
-73.67613231320912,78.75,99315.95,432.96667
-73.67613231320912,80.625,99311.18,448.34683
-73.67613231320912,82.5,99329.92,458.313
-73.67613231320912,84.375,99366.68,461.89786
-73.67613231320912,86.25,99412.77,459.78387
-73.67613231320912,88.125,99464.48,453.7755
-73.67613231320912,90.0,99522.77,446.06772
-73.67613231320912,91.875,99590.36,438.59543
-73.67613231320912,93.75,99674.26,432.68744
-73.67613231320912,95.625,99776.04,428.96503
-73.67613231320912,97.5,99890.99,427.44064
-73.67613231320912,99.375,100013.14,427.70483
-73.67613231320912,101.25,100129.82,429.0345
-73.67613231320912,103.125,100231.18,430.639
-73.67613231320912,105.0,100305.18,431.72003
-73.67613231320912,106.875,100350.6,431.70963
-73.67613231320912,108.75,100368.23,430.35257
-73.67613231320912,110.625,100362.47,427.70084
-73.67613231320912,112.5,100341.08,424.1357
-73.67613231320912,114.375,100307.18,420.0725
-73.67613231320912,116.25,100265.5,415.8758
-73.67613231320912,118.125,100218.98,411.7131
-73.67613231320912,120.0,100164.9,407.6357
-73.67613231320912,121.875,100109.79,403.64972
-73.67613231320912,123.75,100056.7,399.71667
-73.67613231320912,125.625,100013.44,395.83286
-73.67613231320912,127.5,99984.53,391.99243
-73.67613231320912,129.375,99975.02,388.28482
-73.67613231320912,131.25,99984.18,384.95734
-73.67613231320912,133.125,100007.98,382.3078
-73.67613231320912,135.0,100035.11,380.60995
-73.67613231320912,136.875,100058.84,379.98404
-73.67613231320912,138.75,100069.24,380.30115
-73.67613231320912,140.625,100061.1,381.2475
-73.67613231320912,142.5,100034.78,382.42725
-73.67613231320912,144.375,99993.37,383.43362
-73.67613231320912,146.25,99942.64,384.01996
-73.67613231320912,148.125,99888.95,384.05136
-73.67613231320912,150.0,99831.68,383.53748
-73.67613231320912,151.875,99774.36,382.67996
-73.67613231320912,153.75,99710.89,381.66315
-73.67613231320912,155.625,99639.2,380.73892
-73.67613231320912,157.5,99554.68,380.11227
-73.67613231320912,159.375,99458.28,379.8986
-73.67613231320912,161.25,99336.95,380.97766
-73.67613231320912,163.125,99142.24,383.02094
-73.67613231320912,165.0,98952.79,382.43777
-73.67613231320912,166.875,98812.92,383.34894
-73.67613231320912,168.75,98709.36,385.5741
-73.67613231320912,170.625,98626.14,389.09207
-73.67613231320912,172.5,98548.89,393.8219
-73.67613231320912,174.375,98471.88,399.51596
-73.67613231320912,176.25,98394.4,405.81982
-73.67613231320912,178.125,98324.44,412.44855
-73.67613231320912,180.0,98267.67,419.22467
-73.67613231320912,181.875,98225.17,426.0836
-73.67613231320912,183.75,98197.76,432.95444
-73.67613231320912,185.625,98181.74,439.70062
-73.67613231320912,187.5,98173.98,446.1572
-73.67613231320912,189.375,98168.48,452.12338
-73.67613231320912,191.25,98162.48,457.4123
-73.67613231320912,193.125,98151.84,461.86386
-73.67613231320912,195.0,98137.35,465.39322
-73.67613231320912,196.875,98119.88,467.94583
-73.67613231320912,198.75,98100.34,469.48178
-73.67613231320912,200.625,98084.2,470.02142
-73.67613231320912,202.5,98072.4,469.51947
-73.67613231320912,204.375,98067.48,467.95044
-73.67613231320912,206.25,98070.74,465.3046
-73.67613231320912,208.125,98080.89,461.63684
-73.67613231320912,210.0,98099.56,457.1118
-73.67613231320912,211.875,98121.34,451.98795
-73.67613231320912,213.75,98147.06,446.64105
-73.67613231320912,215.625,98172.78,441.47028
-73.67613231320912,217.5,98196.94,436.8463
-73.67613231320912,219.375,98218.26,433.065
-73.67613231320912,221.25,98235.28,430.31415
-73.67613231320912,223.125,98250.34,428.6686
-73.67613231320912,225.0,98262.88,428.04236
-73.67613231320912,226.875,98273.83,428.2721
-73.67613231320912,228.75,98286.04,429.13306
-73.67613231320912,230.625,98297.22,430.34705
-73.67613231320912,232.5,98310.99,431.6941
-73.67613231320912,234.375,98326.51,432.96222
-73.67613231320912,236.25,98342.56,433.9845
-73.67613231320912,238.125,98360.37,434.6687
-73.67613231320912,240.0,98379.18,434.96262
-73.67613231320912,241.875,98395.86,434.8024
-73.67613231320912,243.75,98411.24,434.1619
-73.67613231320912,245.625,98423.83,432.99307
-73.67613231320912,247.5,98432.05,431.23758
-73.67613231320912,249.375,98436.9,428.90256
-73.67613231320912,251.25,98438.84,426.0312
-73.67613231320912,253.125,98438.2,422.70694
-73.67613231320912,255.0,98438.3,419.045
-73.67613231320912,256.875,98441.43,415.10034
-73.67613231320912,258.75,98453.95,410.89526
-73.67613231320912,260.625,98478.22,406.36575
-73.67613231320912,262.5,98517.96,401.4775
-73.67613231320912,264.375,98569.4,396.27597
-73.67613231320912,266.25,98627.95,390.98938
-73.67613231320912,268.125,98679.89,385.90082
-73.67613231320912,270.0,98717.06,381.40482
-73.67613231320912,271.875,98732.22,377.7873
-73.67613231320912,273.75,98724.14,375.16742
-73.67613231320912,275.625,98700.84,373.54736
-73.67613231320912,277.5,98672.41,372.84778
-73.67613231320912,279.375,98649.34,373.12772
-73.67613231320912,281.25,98640.44,374.66815
-73.67613231320912,283.125,98651.12,377.77576
-73.67613231320912,285.0,98683.08,382.58386
-73.67613231320912,286.875,98735.93,388.564
-73.67613231320912,288.75,98799.67,394.36295
-73.67613231320912,290.625,98857.66,398.05777
-73.67613231320912,292.5,98893.87,398.08615
-73.67613231320912,294.375,98899.01,394.24448
-73.67613231320912,296.25,98873.32,388.019
-73.67613231320912,298.125,98829.32,381.80173
-73.67613231320912,300.0,98783.7,377.5245
-73.67613231320912,301.875,98750.31,375.79987
-73.67613231320912,303.75,98729.93,376.14935
-73.67613231320912,305.625,98720.9,377.5982
-73.67613231320912,307.5,98714.8,379.2395
-73.67613231320912,309.375,98703.84,380.3048
-73.67613231320912,311.25,98687.5,380.2639
-73.67613231320912,313.125,98665.68,378.68167
-73.67613231320912,315.0,98638.02,375.30072
-73.67613231320912,316.875,98606.72,370.13223
-73.67613231320912,318.75,98576.44,363.51956
-73.67613231320912,320.625,98546.96,356.00204
-73.67613231320912,322.5,98522.45,348.19946
-73.67613231320912,324.375,98505.61,340.69058
-73.67613231320912,326.25,98496.59,333.84885
-73.67613231320912,328.125,98496.8,327.91782
-73.67613231320912,330.0,98503.16,322.9576
-73.67613231320912,331.875,98512.9,318.9448
-73.67613231320912,333.75,98525.67,315.83908
-73.67613231320912,335.625,98535.52,313.60727
-73.67613231320912,337.5,98542.1,312.26263
-73.67613231320912,339.375,98546.24,311.79977
-73.67613231320912,341.25,98553.52,312.21222
-73.67613231320912,343.125,98571.14,313.35333
-73.67613231320912,345.0,98615.46,315.04495
-73.67613231320912,346.875,98693.07,317.1255
-73.67613231320912,348.75,98808.33,319.56744
-73.67613231320912,350.625,98954.86,322.40836
-73.67613231320912,352.5,99112.07,324.77954
-73.67613231320912,354.375,99250.81,331.91776
-73.67613231320912,356.25,99338.56,344.08942
-73.67613231320912,358.125,99373.77,349.771
-71.81113211427447,0.0,98680.88,329.23862
-71.81113211427447,1.875,98696.61,329.99002
-71.81113211427447,3.75,98718.28,330.76718
-71.81113211427447,5.625,98747.02,331.74258
-71.81113211427447,7.5,98785.73,333.01822
-71.81113211427447,9.375,98827.92,334.54346
-71.81113211427447,11.25,98867.78,336.1285
-71.81113211427447,13.125,98895.04,337.44437
-71.81113211427447,15.0,98903.94,338.27197
-71.81113211427447,16.875,98895.44,338.57483
-71.81113211427447,18.75,98873.36,338.4932
-71.81113211427447,20.625,98844.4,338.32257
-71.81113211427447,22.5,98818.4,338.30893
-71.81113211427447,24.375,98801.73,338.7022
-71.81113211427447,26.25,98798.22,339.6893
-71.81113211427447,28.125,98817.85,341.43915
-71.81113211427447,30.0,98868.22,344.00888
-71.81113211427447,31.875,98956.5,347.30573
-71.81113211427447,33.75,99082.1,351.0819
-71.81113211427447,35.625,99234.41,353.6553
-71.81113211427447,37.5,99370.69,356.98083
-71.81113211427447,39.375,99465.56,360.98444
-71.81113211427447,41.25,99514.56,365.36813
-71.81113211427447,43.125,99528.14,367.9099
-71.81113211427447,45.0,99512.72,370.63824
-71.81113211427447,46.875,99477.58,373.62057
-71.81113211427447,48.75,99442.27,376.6623
-71.81113211427447,50.625,99430.0,379.34113
-71.81113211427447,52.5,99456.28,380.93973
-71.81113211427447,54.375,99526.66,380.679
-71.81113211427447,56.25,99624.34,378.28925
-71.81113211427447,58.125,99720.78,374.46387
-71.81113211427447,60.0,99778.02,370.34503
-71.81113211427447,61.875,99772.11,366.66125
-71.81113211427447,63.75,99697.94,363.26144
-71.81113211427447,65.625,99565.56,360.50366
-71.81113211427447,67.5,99394.22,355.27618
-71.81113211427447,69.375,99245.2,355.2305
-71.81113211427447,71.25,99128.56,357.9791
-71.81113211427447,73.125,99042.38,364.36896
-71.81113211427447,75.0,99009.44,375.5521
-71.81113211427447,76.875,99067.68,391.6255
-71.81113211427447,78.75,99195.56,403.91977
-71.81113211427447,80.625,99296.22,412.1579
-71.81113211427447,82.5,99396.9,418.8925
-71.81113211427447,84.375,99489.62,420.2381
-71.81113211427447,86.25,99555.02,416.96024
-71.81113211427447,88.125,99587.1,411.14368
-71.81113211427447,90.0,99598.04,405.0442
-71.81113211427447,91.875,99609.0,400.32254
-71.81113211427447,93.75,99637.58,397.87134
-71.81113211427447,95.625,99697.51,397.94424
-71.81113211427447,97.5,99788.96,400.3059
-71.81113211427447,99.375,99901.69,404.39322
-71.81113211427447,101.25,100018.74,409.4265
-71.81113211427447,103.125,100122.5,414.60397
-71.81113211427447,105.0,100195.9,419.087
-71.81113211427447,106.875,100234.54,422.16415
-71.81113211427447,108.75,100240.92,423.30396
-71.81113211427447,110.625,100221.69,422.4079
-71.81113211427447,112.5,100185.49,419.71524
-71.81113211427447,114.375,100134.59,415.6737
-71.81113211427447,116.25,100070.2,410.7802
-71.81113211427447,118.125,99993.27,405.55652
-71.81113211427447,120.0,99907.49,400.50128
-71.81113211427447,121.875,99820.82,396.0587
-71.81113211427447,123.75,99746.55,392.33478
-71.81113211427447,125.625,99694.58,389.13647
-71.81113211427447,127.5,99679.41,386.15558
-71.81113211427447,129.375,99702.84,383.16602
-71.81113211427447,131.25,99761.04,380.2787
-71.81113211427447,133.125,99842.2,377.96304
-71.81113211427447,135.0,99929.15,376.74304
-71.81113211427447,136.875,100001.64,376.9218
-71.81113211427447,138.75,100045.06,378.35468
-71.81113211427447,140.625,100049.98,380.405
-71.81113211427447,142.5,100018.59,382.27844
-71.81113211427447,144.375,99956.92,383.34644
-71.81113211427447,146.25,99880.78,383.38193
-71.81113211427447,148.125,99803.16,382.43774
-71.81113211427447,150.0,99732.17,380.76624
-71.81113211427447,151.875,99670.42,378.6125
-71.81113211427447,153.75,99617.18,376.27386
-71.81113211427447,155.625,99560.35,373.88245
-71.81113211427447,157.5,99494.84,371.24936
-71.81113211427447,159.375,99410.29,369.47617
-71.81113211427447,161.25,99282.56,369.93372
-71.81113211427447,163.125,99086.7,372.24884
-71.81113211427447,165.0,98897.25,371.75858
-71.81113211427447,166.875,98745.02,372.70865
-71.81113211427447,168.75,98628.63,374.66907
-71.81113211427447,170.625,98539.68,377.6368
-71.81113211427447,172.5,98466.82,381.73633
-71.81113211427447,174.375,98403.34,386.93747
-71.81113211427447,176.25,98346.47,393.03772
-71.81113211427447,178.125,98298.08,399.7074
-71.81113211427447,180.0,98257.68,406.66495
-71.81113211427447,181.875,98227.14,413.66602
-71.81113211427447,183.75,98203.87,420.51837
-71.81113211427447,185.625,98184.13,427.02414
-71.81113211427447,187.5,98168.32,433.01962
-71.81113211427447,189.375,98152.07,438.35638
-71.81113211427447,191.25,98136.59,442.94348
-71.81113211427447,193.125,98121.3,446.78177
-71.81113211427447,195.0,98107.86,449.93866
-71.81113211427447,196.875,98096.14,452.5127
-71.81113211427447,198.75,98087.65,454.59387
-71.81113211427447,200.625,98082.52,456.218
-71.81113211427447,202.5,98081.72,457.34308
-71.81113211427447,204.375,98082.27,457.83817
-71.81113211427447,206.25,98085.34,457.5978
-71.81113211427447,208.125,98088.16,456.5484
-71.81113211427447,210.0,98091.42,454.76947
-71.81113211427447,211.875,98094.1,452.4132
-71.81113211427447,213.75,98095.51,449.74365
-71.81113211427447,215.625,98095.9,447.0421
-71.81113211427447,217.5,98097.32,444.61566
-71.81113211427447,219.375,98100.58,442.7158
-71.81113211427447,221.25,98105.62,441.55252
-71.81113211427447,223.125,98115.88,441.24094
-71.81113211427447,225.0,98129.02,441.8134
-71.81113211427447,226.875,98144.81,443.24185
-71.81113211427447,228.75,98161.18,445.39093
-71.81113211427447,230.625,98177.45,448.11423
-71.81113211427447,232.5,98189.66,451.167
-71.81113211427447,234.375,98198.31,454.28647
-71.81113211427447,236.25,98202.68,457.2376
-71.81113211427447,238.125,98200.6,459.7644
-71.81113211427447,240.0,98196.29,461.70236
-71.81113211427447,241.875,98188.02,462.95605
-71.81113211427447,243.75,98179.97,463.46802
-71.81113211427447,245.625,98174.58,463.2454
-71.81113211427447,247.5,98169.94,462.26215
-71.81113211427447,249.375,98170.18,460.54883
-71.81113211427447,251.25,98172.13,458.04968
-71.81113211427447,253.125,98178.12,454.70853
-71.81113211427447,255.0,98187.68,450.47888
-71.81113211427447,256.875,98198.6,445.4092
-71.81113211427447,258.75,98213.8,439.6518
-71.81113211427447,260.625,98230.67,433.46362
-71.81113211427447,262.5,98251.12,427.15036
-71.81113211427447,264.375,98273.31,421.0593
-71.81113211427447,266.25,98298.41,415.47803
-71.81113211427447,268.125,98320.54,410.58536
-71.81113211427447,270.0,98338.11,406.3868
-71.81113211427447,271.875,98347.23,402.76483
-71.81113211427447,273.75,98350.16,399.53537
-71.81113211427447,275.625,98349.88,396.51105
-71.81113211427447,277.5,98348.36,393.59662
-71.81113211427447,279.375,98349.5,390.79745
-71.81113211427447,281.25,98353.57,388.34363
-71.81113211427447,283.125,98365.6,386.7007
-71.81113211427447,285.0,98398.7,386.473
-71.81113211427447,286.875,98460.99,388.06717
-71.81113211427447,288.75,98556.82,391.2708
-71.81113211427447,290.625,98672.01,394.99506
-71.81113211427447,292.5,98777.43,397.53198
-71.81113211427447,294.375,98843.18,397.4488
-71.81113211427447,296.25,98856.7,394.70624
-71.81113211427447,298.125,98823.53,390.75693
-71.81113211427447,300.0,98771.69,387.63794
-71.81113211427447,301.875,98721.46,386.5698
-71.81113211427447,303.75,98685.44,387.52902
-71.81113211427447,305.625,98662.53,389.6473
-71.81113211427447,307.5,98645.4,391.84503
-71.81113211427447,309.375,98627.78,393.22864
-71.81113211427447,311.25,98609.68,393.157
-71.81113211427447,313.125,98590.08,391.24673
-71.81113211427447,315.0,98569.34,387.4015
-71.81113211427447,316.875,98547.5,381.8698
-71.81113211427447,318.75,98528.74,375.17712
-71.81113211427447,320.625,98513.4,367.87418
-71.81113211427447,322.5,98501.63,360.44232
-71.81113211427447,324.375,98490.25,353.1989
-71.81113211427447,326.25,98478.82,346.37445
-71.81113211427447,328.125,98465.62,340.07892
-71.81113211427447,330.0,98448.7,334.39322
-71.81113211427447,331.875,98432.68,329.37192
-71.81113211427447,333.75,98416.9,325.0395
-71.81113211427447,335.625,98407.96,321.4072
-71.81113211427447,337.5,98407.61,318.46475
-71.81113211427447,339.375,98414.22,316.22568
-71.81113211427447,341.25,98425.33,314.7997
-71.81113211427447,343.125,98438.38,314.34415
-71.81113211427447,345.0,98454.26,314.9667
-71.81113211427447,346.875,98474.08,316.54773
-71.81113211427447,348.75,98501.66,318.7907
-71.81113211427447,350.625,98537.36,321.26434
-71.81113211427447,352.5,98575.48,323.60687
-71.81113211427447,354.375,98612.23,325.59958
-71.81113211427447,356.25,98641.62,327.15405
-71.81113211427447,358.125,98663.45,328.33463
-69.94608064698343,0.0,98357.32,321.07614
-69.94608064698343,1.875,98364.03,321.12833
-69.94608064698343,3.75,98369.7,320.9788
-69.94608064698343,5.625,98372.94,320.77814
-69.94608064698343,7.5,98373.95,320.68317
-69.94608064698343,9.375,98376.05,320.78754
-69.94608064698343,11.25,98379.03,321.0678
-69.94608064698343,13.125,98384.64,321.3927
-69.94608064698343,15.0,98394.28,321.58667
-69.94608064698343,16.875,98407.77,321.52124
-69.94608064698343,18.75,98424.14,321.1805
-69.94608064698343,20.625,98440.47,320.64053
-69.94608064698343,22.5,98454.46,320.07632
-69.94608064698343,24.375,98461.94,319.7198
-69.94608064698343,26.25,98464.5,319.84387
-69.94608064698343,28.125,98464.61,320.69122
-69.94608064698343,30.0,98471.07,322.36475
-69.94608064698343,31.875,98494.3,324.7272
-69.94608064698343,33.75,98539.4,327.4321
-69.94608064698343,35.625,98608.49,330.04
-69.94608064698343,37.5,98696.14,332.23257
-69.94608064698343,39.375,98795.01,334.01248
-69.94608064698343,41.25,98894.16,335.6049
-69.94608064698343,43.125,98986.03,337.35025
-69.94608064698343,45.0,99074.08,339.5223
-69.94608064698343,46.875,99165.26,341.99542
-69.94608064698343,48.75,99260.12,345.48334
-69.94608064698343,50.625,99325.9,356.84262
-69.94608064698343,52.5,99374.59,362.13055
-69.94608064698343,54.375,99453.67,364.8904
-69.94608064698343,56.25,99552.84,365.65454
-69.94608064698343,58.125,99643.29,364.8324
-69.94608064698343,60.0,99683.9,363.44394
-69.94608064698343,61.875,99649.27,361.9304
-69.94608064698343,63.75,99514.76,359.8384
-69.94608064698343,65.625,99275.72,354.29578
-69.94608064698343,67.5,99074.1,354.5838
-69.94608064698343,69.375,98941.53,354.39304
-69.94608064698343,71.25,98844.24,354.4955
-69.94608064698343,73.125,98748.25,355.45355
-69.94608064698343,75.0,98662.43,357.76688
-69.94608064698343,76.875,98636.62,361.85065
-69.94608064698343,78.75,98724.8,367.41916
-69.94608064698343,80.625,98940.33,373.20126
-69.94608064698343,82.5,99224.65,375.7056
-69.94608064698343,84.375,99425.28,374.09967
-69.94608064698343,86.25,99524.85,371.47485
-69.94608064698343,88.125,99564.23,367.20422
-69.94608064698343,90.0,99563.96,363.0156
-69.94608064698343,91.875,99551.64,360.07465
-69.94608064698343,93.75,99555.64,358.90906
-69.94608064698343,95.625,99590.55,359.63696
-69.94608064698343,97.5,99659.88,362.09726
-69.94608064698343,99.375,99750.13,366.03735
-69.94608064698343,101.25,99839.53,371.14383
-69.94608064698343,103.125,99906.89,376.9713
-69.94608064698343,105.0,99937.1,382.8087
-69.94608064698343,106.875,99931.88,387.74225
-69.94608064698343,108.75,99900.14,390.88318
-69.94608064698343,110.625,99856.35,391.73596
-69.94608064698343,112.5,99810.28,390.43326
-69.94608064698343,114.375,99764.97,387.1286
-69.94608064698343,116.25,99719.09,382.80984
-69.94608064698343,118.125,99670.08,378.47186
-69.94608064698343,120.0,99617.42,374.82913
-69.94608064698343,121.875,99565.6,372.3179
-69.94608064698343,123.75,99526.76,370.8638
-69.94608064698343,125.625,99511.8,369.69183
-69.94608064698343,127.5,99530.0,368.3803
-69.94608064698343,129.375,99584.56,366.03403
-69.94608064698343,131.25,99671.22,363.2545
-69.94608064698343,133.125,99771.24,360.50867
-69.94608064698343,135.0,99861.57,358.54013
-69.94608064698343,136.875,99913.77,358.08115
-69.94608064698343,138.75,99911.18,359.34058
-69.94608064698343,140.625,99848.65,361.68115
-69.94608064698343,142.5,99739.58,363.8725
-69.94608064698343,144.375,99604.37,364.641
-69.94608064698343,146.25,99463.5,364.47064
-69.94608064698343,148.125,99312.16,363.9767
-69.94608064698343,150.0,99163.18,363.97217
-69.94608064698343,151.875,99035.69,361.8689
-69.94608064698343,153.75,98929.93,358.90244
-69.94608064698343,155.625,98837.12,355.8022
-69.94608064698343,157.5,98751.92,353.02744
-69.94608064698343,159.375,98672.96,351.08768
-69.94608064698343,161.25,98603.53,350.19348
-69.94608064698343,163.125,98545.15,350.24408
-69.94608064698343,165.0,98498.12,351.06958
-69.94608064698343,166.875,98458.48,352.70908
-69.94608064698343,168.75,98420.28,355.35306
-69.94608064698343,170.625,98380.37,359.21957
-69.94608064698343,172.5,98338.79,364.33682
-69.94608064698343,174.375,98296.9,370.51633
-69.94608064698343,176.25,98258.09,377.46597
-69.94608064698343,178.125,98222.25,384.83438
-69.94608064698343,180.0,98190.61,392.31772
-69.94608064698343,181.875,98162.39,399.64163
-69.94608064698343,183.75,98134.94,406.54575
-69.94608064698343,185.625,98108.8,412.78998
-69.94608064698343,187.5,98084.46,418.20615
-69.94608064698343,189.375,98063.83,422.70572
-69.94608064698343,191.25,98047.82,426.33444
-69.94608064698343,193.125,98038.61,429.23077
-69.94608064698343,195.0,98037.45,431.61578
-69.94608064698343,196.875,98041.59,433.7132
-69.94608064698343,198.75,98049.9,435.6923
-69.94608064698343,200.625,98060.38,437.60333
-69.94608064698343,202.5,98070.8,439.3768
-69.94608064698343,204.375,98079.29,440.8563
-69.94608064698343,206.25,98084.54,441.90182
-69.94608064698343,208.125,98087.27,442.42892
-69.94608064698343,210.0,98087.27,442.4812
-69.94608064698343,211.875,98083.53,442.15546
-69.94608064698343,213.75,98078.72,441.66348
-69.94608064698343,215.625,98072.02,441.1996
-69.94608064698343,217.5,98066.62,441.0148
-69.94608064698343,219.375,98061.62,441.23853
-69.94608064698343,221.25,98058.47,442.02673
-69.94608064698343,223.125,98057.52,443.47086
-69.94608064698343,225.0,98059.64,445.63086
-69.94608064698343,226.875,98065.76,448.53513
-69.94608064698343,228.75,98072.56,452.07498
-69.94608064698343,230.625,98081.36,456.05212
-69.94608064698343,232.5,98089.18,460.17523
-69.94608064698343,234.375,98095.12,464.16153
-69.94608064698343,236.25,98097.64,467.74033
-69.94608064698343,238.125,98099.72,470.69617
-69.94608064698343,240.0,98098.99,472.85052
-69.94608064698343,241.875,98096.14,474.11118
-69.94608064698343,243.75,98094.34,474.39157
-69.94608064698343,245.625,98092.68,473.6932
-69.94608064698343,247.5,98092.45,472.06952
-69.94608064698343,249.375,98093.86,469.65576
-69.94608064698343,251.25,98098.13,466.60504
-69.94608064698343,253.125,98103.86,463.05026
-69.94608064698343,255.0,98111.43,459.10098
-69.94608064698343,256.875,98121.0,454.8403
-69.94608064698343,258.75,98131.41,450.2958
-69.94608064698343,260.625,98140.52,445.47287
-69.94608064698343,262.5,98148.68,440.41367
-69.94608064698343,264.375,98155.86,435.2129
-69.94608064698343,266.25,98163.26,430.0267
-69.94608064698343,268.125,98172.28,425.05923
-69.94608064698343,270.0,98183.06,420.42163
-69.94608064698343,271.875,98194.86,416.1232
-69.94608064698343,273.75,98208.41,412.03726
-69.94608064698343,275.625,98225.53,407.99448
-69.94608064698343,277.5,98244.84,403.85358
-69.94608064698343,279.375,98268.56,399.39722
-69.94608064698343,281.25,98292.72,394.47882
-69.94608064698343,283.125,98319.8,389.234
-69.94608064698343,285.0,98353.56,384.36157
-69.94608064698343,286.875,98406.4,380.96927
-69.94608064698343,288.75,98486.78,379.98856
-69.94608064698343,290.625,98587.36,381.41458
-69.94608064698343,292.5,98686.87,384.08078
-69.94608064698343,294.375,98754.52,386.13788
-69.94608064698343,296.25,98772.62,386.4348
-69.94608064698343,298.125,98746.07,385.43085
-69.94608064698343,300.0,98697.94,384.7675
-69.94608064698343,301.875,98651.44,385.6873
-69.94608064698343,303.75,98617.9,388.16904
-69.94608064698343,305.625,98596.2,391.32413
-69.94608064698343,307.5,98579.07,394.14532
-69.94608064698343,309.375,98565.0,395.88043
-69.94608064698343,311.25,98552.06,396.0329
-69.94608064698343,313.125,98540.08,394.35553
-69.94608064698343,315.0,98528.16,390.87665
-69.94608064698343,316.875,98517.03,385.9617
-69.94608064698343,318.75,98507.98,380.13818
-69.94608064698343,320.625,98502.73,373.8164
-69.94608064698343,322.5,98499.58,367.3088
-69.94608064698343,324.375,98494.59,360.7706
-69.94608064698343,326.25,98486.63,354.28656
-69.94608064698343,328.125,98471.28,347.90552
-69.94608064698343,330.0,98448.92,341.71237
-69.94608064698343,331.875,98420.16,335.9099
-69.94608064698343,333.75,98390.16,330.771
-69.94608064698343,335.625,98363.14,326.53247
-69.94608064698343,337.5,98346.1,323.25082
-69.94608064698343,339.375,98342.1,320.82312
-69.94608064698343,341.25,98348.38,319.01822
-69.94608064698343,343.125,98360.47,317.77142
-69.94608064698343,345.0,98372.06,317.0512
-69.94608064698343,346.875,98376.88,316.85437
-69.94608064698343,348.75,98376.49,317.13544
-69.94608064698343,350.625,98369.04,317.76758
-69.94608064698343,352.5,98359.59,318.56833
-69.94608064698343,354.375,98351.9,319.40808
-69.94608064698343,356.25,98349.16,320.18063
-69.94608064698343,358.125,98350.98,320.75275
-68.08099098565125,0.0,98200.98,313.41632
-68.08099098565125,1.875,98193.74,312.83044
-68.08099098565125,3.75,98183.2,312.4649
-68.08099098565125,5.625,98171.54,312.27255
-68.08099098565125,7.5,98157.92,312.14777
-68.08099098565125,9.375,98143.59,311.96286
-68.08099098565125,11.25,98131.0,311.63287
-68.08099098565125,13.125,98117.09,311.15262
-68.08099098565125,15.0,98104.56,310.5675
-68.08099098565125,16.875,98094.31,309.9518
-68.08099098565125,18.75,98086.0,309.36996
-68.08099098565125,20.625,98083.76,308.81772
-68.08099098565125,22.5,98086.38,308.29718
-68.08099098565125,24.375,98096.22,307.84937
-68.08099098565125,26.25,98113.79,307.61444
-68.08099098565125,28.125,98139.09,307.7664
-68.08099098565125,30.0,98172.8,308.42877
-68.08099098565125,31.875,98212.09,309.6491
-68.08099098565125,33.75,98260.08,311.30316
-68.08099098565125,35.625,98315.4,313.2178
-68.08099098565125,37.5,98375.9,315.18082
-68.08099098565125,39.375,98441.14,317.15057
-68.08099098565125,41.25,98506.33,319.16113
-68.08099098565125,43.125,98570.06,321.3899
-68.08099098565125,45.0,98634.08,324.0015
-68.08099098565125,46.875,98702.33,327.0546
-68.08099098565125,48.75,98779.71,330.5303
-68.08099098565125,50.625,98866.63,334.29745
-68.08099098565125,52.5,98966.64,338.15732
-68.08099098565125,54.375,99073.36,341.66818
-68.08099098565125,56.25,99170.58,344.3354
-68.08099098565125,58.125,99234.59,346.01837
-68.08099098565125,60.0,99245.22,347.11298
-68.08099098565125,61.875,99187.76,348.04514
-68.08099098565125,63.75,99075.1,348.95978
-68.08099098565125,65.625,98939.66,349.8693
-68.08099098565125,67.5,98813.06,350.84067
-68.08099098565125,69.375,98717.59,351.84702
-68.08099098565125,71.25,98647.38,352.52072
-68.08099098565125,73.125,98586.72,352.41537
-68.08099098565125,75.0,98527.38,351.49115
-68.08099098565125,76.875,98483.26,350.17258
-68.08099098565125,78.75,98476.0,348.97363
-68.08099098565125,80.625,98522.72,348.0292
-68.08099098565125,82.5,98614.0,346.9101
-68.08099098565125,84.375,98717.68,345.0652
-68.08099098565125,86.25,98799.91,342.1772
-68.08099098565125,88.125,98845.62,338.48938
-68.08099098565125,90.0,98862.61,334.7402
-68.08099098565125,91.875,98878.88,331.64825
-68.08099098565125,93.75,98915.9,329.54373
-68.08099098565125,95.625,98992.87,328.5638
-68.08099098565125,97.5,99103.41,328.91586
-68.08099098565125,99.375,99225.11,330.9576
-68.08099098565125,101.25,99320.4,334.06448
-68.08099098565125,103.125,99359.7,338.55966
-68.08099098565125,105.0,99341.6,345.06747
-68.08099098565125,106.875,99273.28,352.82617
-68.08099098565125,108.75,99175.45,357.66882
-68.08099098565125,110.625,99076.06,359.44064
-68.08099098565125,112.5,98993.77,358.7565
-68.08099098565125,114.375,98933.43,356.2538
-68.08099098565125,116.25,98890.9,352.93307
-68.08099098565125,118.125,98863.95,349.84726
-68.08099098565125,120.0,98849.95,347.71295
-68.08099098565125,121.875,98851.06,346.67343
-68.08099098565125,123.75,98869.97,346.36932
-68.08099098565125,125.625,98915.08,346.273
-68.08099098565125,127.5,98992.41,345.9687
-68.08099098565125,129.375,99103.98,345.2384
-68.08099098565125,131.25,99238.38,343.64035
-68.08099098565125,133.125,99362.59,340.13275
-68.08099098565125,135.0,99432.69,339.36948
-68.08099098565125,136.875,99437.99,338.8743
-68.08099098565125,138.75,99369.99,337.88455
-68.08099098565125,140.625,99225.9,339.43848
-68.08099098565125,142.5,99055.08,342.10583
-68.08099098565125,144.375,98903.71,344.15555
-68.08099098565125,146.25,98793.52,345.09164
-68.08099098565125,148.125,98715.76,345.0966
-68.08099098565125,150.0,98656.44,344.5992
-68.08099098565125,151.875,98603.16,343.88657
-68.08099098565125,153.75,98551.54,342.8958
-68.08099098565125,155.625,98505.66,341.50024
-68.08099098565125,157.5,98468.82,339.6892
-68.08099098565125,159.375,98442.85,337.65717
-68.08099098565125,161.25,98424.56,335.81512
-68.08099098565125,163.125,98408.06,334.67813
-68.08099098565125,165.0,98387.91,334.7805
-68.08099098565125,166.875,98358.15,336.41953
-68.08099098565125,168.75,98321.66,339.67468
-68.08099098565125,170.625,98284.08,344.35953
-68.08099098565125,172.5,98249.55,350.2081
-68.08099098565125,174.375,98221.59,356.92056
-68.08099098565125,176.25,98199.96,364.2226
-68.08099098565125,178.125,98185.32,371.85916
-68.08099098565125,180.0,98172.38,379.51718
-68.08099098565125,181.875,98160.21,386.88315
-68.08099098565125,183.75,98147.05,393.6381
-68.08099098565125,185.625,98134.96,399.53824
-68.08099098565125,187.5,98125.37,404.36084
-68.08099098565125,189.375,98118.11,408.0266
-68.08099098565125,191.25,98115.08,410.62726
-68.08099098565125,193.125,98116.8,412.39325
-68.08099098565125,195.0,98118.48,413.63504
-68.08099098565125,196.875,98120.54,414.6882
-68.08099098565125,198.75,98121.08,415.8332
-68.08099098565125,200.625,98119.47,417.19058
-68.08099098565125,202.5,98114.06,418.689
-68.08099098565125,204.375,98108.75,420.17877
-68.08099098565125,206.25,98102.06,421.4553
-68.08099098565125,208.125,98097.42,422.4025
-68.08099098565125,210.0,98094.44,423.0464
-68.08099098565125,211.875,98094.74,423.53775
-68.08099098565125,213.75,98097.64,424.08884
-68.08099098565125,215.625,98102.59,424.90652
-68.08099098565125,217.5,98106.65,426.14145
-68.08099098565125,219.375,98108.81,427.90552
-68.08099098565125,221.25,98109.68,430.28955
-68.08099098565125,223.125,98108.96,433.45404
-68.08099098565125,225.0,98106.62,437.41766
-68.08099098565125,226.875,98102.5,442.05923
-68.08099098565125,228.75,98097.98,447.10352
-68.08099098565125,230.625,98094.44,452.1333
-68.08099098565125,232.5,98090.24,456.71695
-68.08099098565125,234.375,98087.92,460.5877
-68.08099098565125,236.25,98087.66,463.63724
-68.08099098565125,238.125,98088.27,465.92093
-68.08099098565125,240.0,98092.16,467.58673
-68.08099098565125,241.875,98096.5,468.6786
-68.08099098565125,243.75,98100.14,469.15335
-68.08099098565125,245.625,98102.44,468.94907
-68.08099098565125,247.5,98103.1,467.9849
-68.08099098565125,249.375,98100.88,466.3201
-68.08099098565125,251.25,98097.9,464.04025
-68.08099098565125,253.125,98097.52,461.3189
-68.08099098565125,255.0,98098.31,458.27213
-68.08099098565125,256.875,98101.22,455.036
-68.08099098565125,258.75,98106.34,451.68393
-68.08099098565125,260.625,98111.89,448.18298
-68.08099098565125,262.5,98115.42,444.37064
-68.08099098565125,264.375,98117.49,440.04697
-68.08099098565125,266.25,98121.02,435.0945
-68.08099098565125,268.125,98124.74,429.514
-68.08099098565125,270.0,98133.67,423.47742
-68.08099098565125,271.875,98146.8,417.18347
-68.08099098565125,273.75,98165.05,410.78757
-68.08099098565125,275.625,98183.81,404.3804
-68.08099098565125,277.5,98204.89,398.06757
-68.08099098565125,279.375,98226.5,391.90482
-68.08099098565125,281.25,98254.09,385.88382
-68.08099098565125,283.125,98286.7,380.01288
-68.08099098565125,285.0,98326.66,374.5008
-68.08099098565125,286.875,98375.17,369.9729
-68.08099098565125,288.75,98432.9,367.23877
-68.08099098565125,290.625,98502.21,366.74048
-68.08099098565125,292.5,98570.62,367.985
-68.08099098565125,294.375,98623.11,369.75452
-68.08099098565125,296.25,98645.49,370.80847
-68.08099098565125,298.125,98639.98,370.99582
-68.08099098565125,300.0,98615.33,371.2593
-68.08099098565125,301.875,98587.79,372.6711
-68.08099098565125,303.75,98564.8,375.45932
-68.08099098565125,305.625,98550.61,379.0753
-68.08099098565125,307.5,98541.34,382.72128
-68.08099098565125,309.375,98535.85,385.65475
-68.08099098565125,311.25,98533.94,387.27878
-68.08099098565125,313.125,98530.79,387.21573
-68.08099098565125,315.0,98526.5,385.46265
-68.08099098565125,316.875,98519.01,382.33563
-68.08099098565125,318.75,98506.78,378.22318
-68.08099098565125,320.625,98496.51,373.50238
-68.08099098565125,322.5,98488.6,368.33542
-68.08099098565125,324.375,98485.08,362.73056
-68.08099098565125,326.25,98481.71,356.63577
-68.08099098565125,328.125,98477.52,350.15384
-68.08099098565125,330.0,98468.76,343.5757
-68.08099098565125,331.875,98453.66,337.3424
-68.08099098565125,333.75,98433.9,331.91885
-68.08099098565125,335.625,98413.09,327.6403
-68.08099098565125,337.5,98395.94,324.5765
-68.08099098565125,339.375,98386.18,322.54242
-68.08099098565125,341.25,98380.32,321.2317
-68.08099098565125,343.125,98373.02,320.35168
-68.08099098565125,345.0,98361.04,319.7169
-68.08099098565125,346.875,98341.57,319.1629
-68.08099098565125,348.75,98313.63,318.56274
-68.08099098565125,350.625,98282.95,317.84854
-68.08099098565125,352.5,98253.78,316.99115
-68.08099098565125,354.375,98230.61,316.0485
-68.08099098565125,356.25,98216.52,315.08917
-68.08099098565125,358.125,98207.57,314.19012
-66.2158721139987,0.0,98179.1,313.29773
-66.2158721139987,1.875,98150.78,312.08987
-66.2158721139987,3.75,98124.47,311.04733
-66.2158721139987,5.625,98103.91,310.0183
-66.2158721139987,7.5,98091.6,308.85062
-66.2158721139987,9.375,98086.87,307.43484
-66.2158721139987,11.25,98083.55,305.80096
-66.2158721139987,13.125,98078.99,304.1145
-66.2158721139987,15.0,98069.27,302.6266
-66.2158721139987,16.875,98055.53,301.50238
-66.2158721139987,18.75,98038.21,300.787
-66.2158721139987,20.625,98021.57,300.3778
-66.2158721139987,22.5,98010.63,300.0192
-66.2158721139987,24.375,98008.52,299.5629
-66.2158721139987,26.25,98017.36,299.02414
-66.2158721139987,28.125,98035.66,298.65497
-66.2158721139987,30.0,98059.01,298.77307
-66.2158721139987,31.875,98084.68,299.5746
-66.2158721139987,33.75,98111.82,301.1191
-66.2158721139987,35.625,98140.56,303.33313
-66.2158721139987,37.5,98174.44,306.0314
-66.2158721139987,39.375,98216.58,309.08475
-66.2158721139987,41.25,98269.14,312.3407
-66.2158721139987,43.125,98329.56,315.7527
-66.2158721139987,45.0,98397.95,319.31522
-66.2158721139987,46.875,98468.31,323.0709
-66.2158721139987,48.75,98533.6,327.10358
-66.2158721139987,50.625,98588.36,331.29108
-66.2158721139987,52.5,98629.24,335.33997
-66.2158721139987,54.375,98657.4,338.84464
-66.2158721139987,56.25,98675.8,341.44434
-66.2158721139987,58.125,98687.14,343.05145
-66.2158721139987,60.0,98685.54,343.82782
-66.2158721139987,61.875,98668.19,344.20755
-66.2158721139987,63.75,98628.75,344.66763
-66.2158721139987,65.625,98567.82,345.51483
-66.2158721139987,67.5,98494.04,346.72983
-66.2158721139987,69.375,98419.38,347.94632
-66.2158721139987,71.25,98357.17,348.66458
-66.2158721139987,73.125,98318.79,348.43262
-66.2158721139987,75.0,98304.72,347.05072
-66.2158721139987,76.875,98308.14,344.62726
-66.2158721139987,78.75,98319.29,341.52188
-66.2158721139987,80.625,98332.03,338.22314
-66.2158721139987,82.5,98344.03,335.1158
-66.2158721139987,84.375,98353.1,332.28522
-66.2158721139987,86.25,98358.08,329.6419
-66.2158721139987,88.125,98360.61,327.1397
-66.2158721139987,90.0,98363.44,324.74243
-66.2158721139987,91.875,98371.92,322.53378
-66.2158721139987,93.75,98386.67,320.51187
-66.2158721139987,95.625,98412.08,318.68143
-66.2158721139987,97.5,98446.62,317.1966
-66.2158721139987,99.375,98485.84,316.3781
-66.2158721139987,101.25,98521.55,316.65186
-66.2158721139987,103.125,98544.12,318.23425
-66.2158721139987,105.0,98547.0,321.0164
-66.2158721139987,106.875,98533.4,324.38202
-66.2158721139987,108.75,98509.7,327.50638
-66.2158721139987,110.625,98480.66,329.6285
-66.2158721139987,112.5,98452.25,330.56305
-66.2158721139987,114.375,98425.18,330.64047
-66.2158721139987,116.25,98401.58,330.42368
-66.2158721139987,118.125,98385.69,330.36636
-66.2158721139987,120.0,98379.18,330.63544
-66.2158721139987,121.875,98384.67,331.15652
-66.2158721139987,123.75,98403.12,331.68814
-66.2158721139987,125.625,98429.84,331.97485
-66.2158721139987,127.5,98465.42,331.83487
-66.2158721139987,129.375,98504.37,331.2803
-66.2158721139987,131.25,98546.08,330.49274
-66.2158721139987,133.125,98584.04,329.85782
-66.2158721139987,135.0,98612.62,329.77924
-66.2158721139987,136.875,98627.58,330.44186
-66.2158721139987,138.75,98625.04,331.6693
-66.2158721139987,140.625,98612.0,332.97443
-66.2158721139987,142.5,98593.9,333.8789
-66.2158721139987,144.375,98571.7,334.20242
-66.2158721139987,146.25,98544.8,334.04565
-66.2158721139987,148.125,98506.46,333.56454
-66.2158721139987,150.0,98460.8,332.78357
-66.2158721139987,151.875,98413.09,331.61688
-66.2158721139987,153.75,98373.04,329.95886
-66.2158721139987,155.625,98346.94,327.8749
-66.2158721139987,157.5,98335.14,325.6514
-66.2158721139987,159.375,98334.38,323.8432
-66.2158721139987,161.25,98338.05,323.10977
-66.2158721139987,163.125,98336.24,323.93082
-66.2158721139987,165.0,98325.93,326.49524
-66.2158721139987,166.875,98309.0,330.59985
-66.2158721139987,168.75,98287.39,335.86008
-66.2158721139987,170.625,98270.06,341.8591
-66.2158721139987,172.5,98258.74,348.29813
-66.2158721139987,174.375,98255.44,354.99698
-66.2158721139987,176.25,98255.96,361.8613
-66.2158721139987,178.125,98258.97,368.82568
-66.2158721139987,180.0,98259.55,375.71457
-66.2158721139987,181.875,98258.5,382.31067
-66.2158721139987,183.75,98255.89,388.31577
-66.2158721139987,185.625,98255.6,393.44803
-66.2158721139987,187.5,98258.89,397.48782
-66.2158721139987,189.375,98263.27,400.34985
-66.2158721139987,191.25,98268.55,402.13437
-66.2158721139987,193.125,98270.12,403.0454
-66.2158721139987,195.0,98268.3,403.42294
-66.2158721139987,196.875,98263.03,403.63297
-66.2158721139987,198.75,98254.3,404.0174
-66.2158721139987,200.625,98244.98,404.78537
-66.2158721139987,202.5,98234.86,405.88013
-66.2158721139987,204.375,98225.24,407.1415
-66.2158721139987,206.25,98215.31,408.34552
-66.2158721139987,208.125,98208.03,409.35962
-66.2158721139987,210.0,98202.82,410.21848
-66.2158721139987,211.875,98201.16,411.0587
-66.2158721139987,213.75,98201.1,412.05493
-66.2158721139987,215.625,98202.51,413.31592
-66.2158721139987,217.5,98204.39,414.93433
-66.2158721139987,219.375,98204.09,417.0046
-66.2158721139987,221.25,98201.88,419.78116
-66.2158721139987,223.125,98199.3,423.45496
-66.2158721139987,225.0,98193.57,428.11813
-66.2158721139987,226.875,98188.18,433.5791
-66.2158721139987,228.75,98181.45,439.34494
-66.2158721139987,230.625,98173.7,444.76352
-66.2158721139987,232.5,98165.08,449.24234
-66.2158721139987,234.375,98156.92,452.49954
-66.2158721139987,236.25,98149.57,454.55966
-66.2158721139987,238.125,98144.24,455.77957
-66.2158721139987,240.0,98142.45,456.58713
-66.2158721139987,241.875,98141.76,457.24893
-66.2158721139987,243.75,98141.42,457.89435
-66.2158721139987,245.625,98139.61,458.40347
-66.2158721139987,247.5,98135.58,458.57062
-66.2158721139987,249.375,98129.43,458.19614
-66.2158721139987,251.25,98121.91,457.20288
-66.2158721139987,253.125,98115.07,455.59903
-66.2158721139987,255.0,98114.14,453.5071
-66.2158721139987,256.875,98117.97,450.9483
-66.2158721139987,258.75,98126.07,447.98157
-66.2158721139987,260.625,98137.5,444.57983
-66.2158721139987,262.5,98148.57,440.67368
-66.2158721139987,264.375,98158.68,436.12598
-66.2158721139987,266.25,98168.93,430.85437
-66.2158721139987,268.125,98179.24,424.81107
-66.2158721139987,270.0,98192.66,418.06433
-66.2158721139987,271.875,98208.98,410.76453
-66.2158721139987,273.75,98227.84,403.06735
-66.2158721139987,275.625,98249.91,395.14417
-66.2158721139987,277.5,98269.22,387.1524
-66.2158721139987,279.375,98287.8,379.32474
-66.2158721139987,281.25,98307.27,371.88596
-66.2158721139987,283.125,98332.2,364.97464
-66.2158721139987,285.0,98366.62,358.7379
-66.2158721139987,286.875,98408.37,353.37622
-66.2158721139987,288.75,98454.44,349.25836
-66.2158721139987,290.625,98502.32,346.75958
-66.2158721139987,292.5,98550.84,345.95245
-66.2158721139987,294.375,98594.07,346.4466
-66.2158721139987,296.25,98624.66,347.56458
-66.2158721139987,298.125,98640.99,348.8241
-66.2158721139987,300.0,98641.76,350.28336
-66.2158721139987,301.875,98633.76,352.43317
-66.2158721139987,303.75,98620.16,355.6479
-66.2158721139987,305.625,98606.02,359.8735
-66.2158721139987,307.5,98592.53,364.60336
-66.2158721139987,309.375,98584.73,369.07565
-66.2158721139987,311.25,98584.06,372.60184
-66.2158721139987,313.125,98586.88,374.6816
-66.2158721139987,315.0,98590.6,375.20087
-66.2158721139987,316.875,98588.08,374.30643
-66.2158721139987,318.75,98575.37,372.2532
-66.2158721139987,320.625,98556.9,369.32315
-66.2158721139987,322.5,98536.13,365.60913
-66.2158721139987,324.375,98522.27,361.11047
-66.2158721139987,326.25,98514.86,355.84122
-66.2158721139987,328.125,98513.52,350.03067
-66.2158721139987,330.0,98511.14,344.16943
-66.2158721139987,331.875,98501.44,338.88852
-66.2158721139987,333.75,98484.84,334.7469
-66.2158721139987,335.625,98463.74,331.94675
-66.2158721139987,337.5,98443.3,330.3648
-66.2158721139987,339.375,98425.58,329.55798
-66.2158721139987,341.25,98410.38,329.02734
-66.2158721139987,343.125,98391.6,328.37833
-66.2158721139987,345.0,98367.17,327.37643
-66.2158721139987,346.875,98335.62,325.9799
-66.2158721139987,348.75,98303.04,324.22772
-66.2158721139987,350.625,98273.62,322.26538
-66.2158721139987,352.5,98250.85,320.22757
-66.2158721139987,354.375,98235.24,318.23947
-66.2158721139987,356.25,98220.74,316.37964
-66.2158721139987,358.125,98202.9,314.71625
-64.35073040887207,0.0,98277.58,316.54776
-64.35073040887207,1.875,98238.8,315.0233
-64.35073040887207,3.75,98208.64,313.425
-64.35073040887207,5.625,98191.26,311.71762
-64.35073040887207,7.5,98184.4,309.9074
-64.35073040887207,9.375,98182.91,308.04712
-64.35073040887207,11.25,98182.96,306.23032
-64.35073040887207,13.125,98179.15,304.55396
-64.35073040887207,15.0,98171.66,303.1125
-64.35073040887207,16.875,98165.18,302.0023
-64.35073040887207,18.75,98157.9,301.22885
-64.35073040887207,20.625,98151.1,300.7416
-64.35073040887207,22.5,98146.9,300.3772
-64.35073040887207,24.375,98144.99,300.0484
-64.35073040887207,26.25,98146.51,299.74686
-64.35073040887207,28.125,98152.57,299.6248
-64.35073040887207,30.0,98162.0,299.89005
-64.35073040887207,31.875,98172.06,300.73193
-64.35073040887207,33.75,98179.82,302.226
-64.35073040887207,35.625,98186.31,304.3553
-64.35073040887207,37.5,98192.86,307.03906
-64.35073040887207,39.375,98204.88,310.10648
-64.35073040887207,41.25,98227.01,313.26978
-64.35073040887207,43.125,98261.48,316.2642
-64.35073040887207,45.0,98307.04,318.88074
-64.35073040887207,46.875,98357.97,321.07538
-64.35073040887207,48.75,98405.65,322.92987
-64.35073040887207,50.625,98442.8,324.63068
-64.35073040887207,52.5,98467.96,326.28696
-64.35073040887207,54.375,98481.85,327.91525
-64.35073040887207,56.25,98490.69,329.44327
-64.35073040887207,58.125,98496.81,330.7795
-64.35073040887207,60.0,98496.91,331.8864
-64.35073040887207,61.875,98488.32,332.81137
-64.35073040887207,63.75,98465.44,333.57245
-64.35073040887207,65.625,98428.56,334.2473
-64.35073040887207,67.5,98385.56,334.74738
-64.35073040887207,69.375,98342.82,335.02472
-64.35073040887207,71.25,98308.58,334.91434
-64.35073040887207,73.125,98285.55,334.31433
-64.35073040887207,75.0,98275.38,333.19254
-64.35073040887207,76.875,98269.84,331.53125
-64.35073040887207,78.75,98266.4,329.33218
-64.35073040887207,80.625,98258.62,326.64627
-64.35073040887207,82.5,98245.52,323.53455
-64.35073040887207,84.375,98233.2,320.0723
-64.35073040887207,86.25,98224.52,316.35147
-64.35073040887207,88.125,98225.15,312.50848
-64.35073040887207,90.0,98234.27,308.7998
-64.35073040887207,91.875,98249.08,305.52765
-64.35073040887207,93.75,98264.39,302.90787
-64.35073040887207,95.625,98273.13,301.03595
-64.35073040887207,97.5,98276.26,300.01047
-64.35073040887207,99.375,98276.64,299.90024
-64.35073040887207,101.25,98275.3,300.672
-64.35073040887207,103.125,98274.88,302.2301
-64.35073040887207,105.0,98273.92,304.26245
-64.35073040887207,106.875,98272.67,306.44748
-64.35073040887207,108.75,98268.6,308.4124
-64.35073040887207,110.625,98259.65,309.98416
-64.35073040887207,112.5,98247.25,311.2172
-64.35073040887207,114.375,98230.37,312.383
-64.35073040887207,116.25,98210.88,313.73917
-64.35073040887207,118.125,98194.62,315.40543
-64.35073040887207,120.0,98182.9,317.3201
-64.35073040887207,121.875,98182.33,319.2252
-64.35073040887207,123.75,98193.24,320.8098
-64.35073040887207,125.625,98217.48,321.71658
-64.35073040887207,127.5,98251.0,321.75635
-64.35073040887207,129.375,98290.92,320.9519
-64.35073040887207,131.25,98329.89,319.60248
-64.35073040887207,133.125,98366.35,318.16718
-64.35073040887207,135.0,98396.66,317.17758
-64.35073040887207,136.875,98421.34,316.9923
-64.35073040887207,138.75,98438.2,317.71445
-64.35073040887207,140.625,98445.49,319.13748
-64.35073040887207,142.5,98440.68,320.83432
-64.35073040887207,144.375,98424.5,322.3802
-64.35073040887207,146.25,98398.63,323.4757
-64.35073040887207,148.125,98365.94,323.93326
-64.35073040887207,150.0,98336.0,323.70093
-64.35073040887207,151.875,98316.5,322.89676
-64.35073040887207,153.75,98311.51,321.7688
-64.35073040887207,155.625,98320.87,320.77814
-64.35073040887207,157.5,98337.94,320.45486
-64.35073040887207,159.375,98357.57,321.36215
-64.35073040887207,161.25,98373.56,323.8151
-64.35073040887207,163.125,98380.61,327.84354
-64.35073040887207,165.0,98379.76,333.16873
-64.35073040887207,166.875,98374.8,339.32437
-64.35073040887207,168.75,98368.81,345.87048
-64.35073040887207,170.625,98368.46,352.41873
-64.35073040887207,172.5,98373.76,358.79297
-64.35073040887207,174.375,98383.26,365.01938
-64.35073040887207,176.25,98392.28,371.22208
-64.35073040887207,178.125,98395.79,377.4246
-64.35073040887207,180.0,98391.89,383.45486
-64.35073040887207,181.875,98385.01,389.01913
-64.35073040887207,183.75,98378.48,393.8177
-64.35073040887207,185.625,98375.56,397.71622
-64.35073040887207,187.5,98378.9,400.68518
-64.35073040887207,189.375,98383.89,402.8351
-64.35073040887207,191.25,98388.42,404.2901
-64.35073040887207,193.125,98388.05,405.18985
-64.35073040887207,195.0,98386.52,405.7578
-64.35073040887207,196.875,98383.98,406.24292
-64.35073040887207,198.75,98383.43,406.89505
-64.35073040887207,200.625,98387.82,407.85022
-64.35073040887207,202.5,98394.02,409.08395
-64.35073040887207,204.375,98399.55,410.42957
-64.35073040887207,206.25,98400.32,411.66333
-64.35073040887207,208.125,98397.6,412.67343
-64.35073040887207,210.0,98391.23,413.48456
-64.35073040887207,211.875,98383.77,414.2119
-64.35073040887207,213.75,98373.96,414.91116
-64.35073040887207,215.625,98365.09,415.55487
-64.35073040887207,217.5,98355.23,416.07483
-64.35073040887207,219.375,98345.82,416.5778
-64.35073040887207,221.25,98335.68,417.33072
-64.35073040887207,223.125,98325.6,418.7365
-64.35073040887207,225.0,98318.71,421.1045
-64.35073040887207,226.875,98311.86,424.4541
-64.35073040887207,228.75,98307.79,428.47696
-64.35073040887207,230.625,98304.63,432.63193
-64.35073040887207,232.5,98301.72,436.32822
-64.35073040887207,234.375,98295.91,439.22968
-64.35073040887207,236.25,98287.98,441.2445
-64.35073040887207,238.125,98278.97,442.5574
-64.35073040887207,240.0,98269.76,443.46475
-64.35073040887207,241.875,98262.25,444.27463
-64.35073040887207,243.75,98257.38,445.1313
-64.35073040887207,245.625,98254.34,446.00287
-64.35073040887207,247.5,98252.48,446.75385
-64.35073040887207,249.375,98249.71,447.18594
-64.35073040887207,251.25,98246.2,447.15146
-64.35073040887207,253.125,98242.18,446.57098
-64.35073040887207,255.0,98239.57,445.35358
-64.35073040887207,256.875,98240.64,443.3947
-64.35073040887207,258.75,98243.51,440.54034
-64.35073040887207,260.625,98248.9,436.72156
-64.35073040887207,262.5,98256.88,431.99594
-64.35073040887207,264.375,98264.76,426.5868
-64.35073040887207,266.25,98273.14,420.69537
-64.35073040887207,268.125,98283.13,414.41626
-64.35073040887207,270.0,98294.38,407.70975
-64.35073040887207,271.875,98309.65,400.4293
-64.35073040887207,273.75,98328.54,392.49387
-64.35073040887207,275.625,98348.3,383.95798
-64.35073040887207,277.5,98367.3,374.98315
-64.35073040887207,279.375,98385.65,365.90027
-64.35073040887207,281.25,98402.91,357.07178
-64.35073040887207,283.125,98424.36,348.8944
-64.35073040887207,285.0,98451.94,341.67575
-64.35073040887207,286.875,98487.34,335.6169
-64.35073040887207,288.75,98526.9,330.85153
-64.35073040887207,290.625,98566.46,327.54456
-64.35073040887207,292.5,98602.08,325.8303
-64.35073040887207,294.375,98632.69,325.78467
-64.35073040887207,296.25,98659.34,327.22614
-64.35073040887207,298.125,98682.6,329.8134
-64.35073040887207,300.0,98703.48,333.17697
-64.35073040887207,301.875,98716.77,337.0633
-64.35073040887207,303.75,98721.28,341.4547
-64.35073040887207,305.625,98716.02,346.37158
-64.35073040887207,307.5,98701.34,351.6688
-64.35073040887207,309.375,98688.67,356.95154
-64.35073040887207,311.25,98685.17,361.6333
-64.35073040887207,313.125,98693.29,365.2059
-64.35073040887207,315.0,98706.85,367.40445
-64.35073040887207,316.875,98717.63,368.23758
-64.35073040887207,318.75,98713.56,367.85928
-64.35073040887207,320.625,98696.4,366.46313
-64.35073040887207,322.5,98672.24,364.08484
-64.35073040887207,324.375,98654.52,360.77115
-64.35073040887207,326.25,98645.62,356.66486
-64.35073040887207,328.125,98642.81,352.15427
-64.35073040887207,330.0,98637.28,347.8447
-64.35073040887207,331.875,98619.1,344.31058
-64.35073040887207,333.75,98590.8,341.93283
-64.35073040887207,335.625,98557.8,340.6259
-64.35073040887207,337.5,98530.81,339.96008
-64.35073040887207,339.375,98513.7,339.34314
-64.35073040887207,341.25,98501.25,338.3298
-64.35073040887207,343.125,98484.92,336.72287
-64.35073040887207,345.0,98459.73,334.55695
-64.35073040887207,346.875,98427.4,331.97162
-64.35073040887207,348.75,98397.16,329.19745
-64.35073040887207,350.625,98375.33,326.44208
-64.35073040887207,352.5,98364.27,323.904
-64.35073040887207,354.375,98355.93,321.6677
-64.35073040887207,356.25,98341.62,319.76117
-64.35073040887207,358.125,98314.54,318.0844
-62.48557052203639,0.0,98395.63,320.32416
-62.48557052203639,1.875,98361.12,318.59842
-62.48557052203639,3.75,98342.03,316.74658
-62.48557052203639,5.625,98332.88,314.83792
-62.48557052203639,7.5,98324.43,313.0818
-62.48557052203639,9.375,98305.67,311.6429
-62.48557052203639,11.25,98277.32,310.55005
-62.48557052203639,13.125,98245.94,309.71536
-62.48557052203639,15.0,98222.96,308.98782
-62.48557052203639,16.875,98210.7,308.28705
-62.48557052203639,18.75,98212.42,307.67422
-62.48557052203639,20.625,98219.42,307.2586
-62.48557052203639,22.5,98227.76,307.08585
-62.48557052203639,24.375,98233.98,307.16595
-62.48557052203639,26.25,98238.14,307.4843
-62.48557052203639,28.125,98246.41,308.0238
-62.48557052203639,30.0,98259.11,308.7333
-62.48557052203639,31.875,98278.43,309.59985
-62.48557052203639,33.75,98303.24,310.6819
-62.48557052203639,35.625,98326.28,312.10553
-62.48557052203639,37.5,98346.19,313.99985
-62.48557052203639,39.375,98360.62,316.34265
-62.48557052203639,41.25,98373.2,318.92468
-62.48557052203639,43.125,98388.39,321.34866
-62.48557052203639,45.0,98405.88,323.23328
-62.48557052203639,46.875,98426.83,324.3239
-62.48557052203639,48.75,98446.31,324.63196
-62.48557052203639,50.625,98460.6,324.3045
-62.48557052203639,52.5,98466.2,323.6191
-62.48557052203639,54.375,98468.2,322.91718
-62.48557052203639,56.25,98467.08,322.4074
-62.48557052203639,58.125,98470.78,322.20367
-62.48557052203639,60.0,98478.02,322.23422
-62.48557052203639,61.875,98487.24,322.3364
-62.48557052203639,63.75,98494.26,322.30994
-62.48557052203639,65.625,98495.95,322.03592
-62.48557052203639,67.5,98491.21,321.51355
-62.48557052203639,69.375,98477.8,320.81915
-62.48557052203639,71.25,98460.1,320.0702
-62.48557052203639,73.125,98437.63,319.28094
-62.48557052203639,75.0,98414.32,318.4369
-62.48557052203639,76.875,98389.56,317.47443
-62.48557052203639,78.75,98364.13,316.28806
-62.48557052203639,80.625,98336.22,314.70145
-62.48557052203639,82.5,98308.41,312.4895
-62.48557052203639,84.375,98284.06,309.46713
-62.48557052203639,86.25,98266.22,305.6008
-62.48557052203639,88.125,98255.01,301.12482
-62.48557052203639,90.0,98253.16,296.63504
-62.48557052203639,91.875,98253.44,292.74936
-62.48557052203639,93.75,98251.96,289.8822
-62.48557052203639,95.625,98247.08,288.1221
-62.48557052203639,97.5,98235.22,287.29718
-62.48557052203639,99.375,98221.08,287.1887
-62.48557052203639,101.25,98205.75,287.67294
-62.48557052203639,103.125,98192.6,288.6145
-62.48557052203639,105.0,98183.42,289.79428
-62.48557052203639,106.875,98178.36,290.95444
-62.48557052203639,108.75,98174.47,291.92203
-62.48557052203639,110.625,98172.8,292.7624
-62.48557052203639,112.5,98173.42,293.73553
-62.48557052203639,114.375,98175.44,295.14062
-62.48557052203639,116.25,98177.44,297.1438
-62.48557052203639,118.125,98181.17,299.6801
-62.48557052203639,120.0,98185.53,302.48682
-62.48557052203639,121.875,98194.25,305.15927
-62.48557052203639,123.75,98206.06,307.31345
-62.48557052203639,125.625,98224.04,308.69177
-62.48557052203639,127.5,98246.84,309.22556
-62.48557052203639,129.375,98272.5,309.03717
-62.48557052203639,131.25,98299.0,308.3824
-62.48557052203639,133.125,98324.21,307.62726
-62.48557052203639,135.0,98347.48,307.27444
-62.48557052203639,136.875,98367.08,307.76382
-62.48557052203639,138.75,98384.66,309.38754
-62.48557052203639,140.625,98401.37,312.0479
-62.48557052203639,142.5,98413.65,315.4277
-62.48557052203639,144.375,98424.14,319.08112
-62.48557052203639,146.25,98434.16,322.61172
-62.48557052203639,148.125,98444.16,325.7472
-62.48557052203639,150.0,98458.24,328.39877
-62.48557052203639,151.875,98476.3,330.64005
-62.48557052203639,153.75,98497.34,332.70642
-62.48557052203639,155.625,98515.66,334.91818
-62.48557052203639,157.5,98529.21,337.6106
-62.48557052203639,159.375,98537.05,340.99655
-62.48557052203639,161.25,98540.28,345.08713
-62.48557052203639,163.125,98540.2,349.77444
-62.48557052203639,165.0,98541.0,354.886
-62.48557052203639,166.875,98544.67,360.2701
-62.48557052203639,168.75,98552.88,365.87503
-62.48557052203639,170.625,98564.82,371.6047
-62.48557052203639,172.5,98578.44,377.49316
-62.48557052203639,174.375,98590.9,383.53235
-62.48557052203639,176.25,98598.65,389.68436
-62.48557052203639,178.125,98599.56,395.7757
-62.48557052203639,180.0,98597.97,401.52466
-62.48557052203639,181.875,98595.6,406.57684
-62.48557052203639,183.75,98596.9,410.7819
-62.48557052203639,185.625,98602.18,414.18097
-62.48557052203639,187.5,98612.05,416.97687
-62.48557052203639,189.375,98621.55,419.33728
-62.48557052203639,191.25,98626.54,421.39133
-62.48557052203639,193.125,98626.02,423.18015
-62.48557052203639,195.0,98623.88,424.77255
-62.48557052203639,196.875,98621.34,426.31317
-62.48557052203639,198.75,98623.88,427.91278
-62.48557052203639,200.625,98628.52,429.58768
-62.48557052203639,202.5,98631.76,431.2364
-62.48557052203639,204.375,98632.64,432.63843
-62.48557052203639,206.25,98628.32,433.54752
-62.48557052203639,208.125,98619.94,433.8396
-62.48557052203639,210.0,98609.59,433.58524
-62.48557052203639,211.875,98600.08,432.93103
-62.48557052203639,213.75,98591.84,431.9213
-62.48557052203639,215.625,98585.3,430.5132
-62.48557052203639,217.5,98577.88,428.66852
-62.48557052203639,219.375,98570.06,426.50986
-62.48557052203639,221.25,98559.27,424.33478
-62.48557052203639,223.125,98548.49,422.5681
-62.48557052203639,225.0,98535.2,421.51056
-62.48557052203639,226.875,98524.22,421.3324
-62.48557052203639,228.75,98514.22,422.00076
-62.48557052203639,230.625,98506.64,423.3817
-62.48557052203639,232.5,98499.99,425.2612
-62.48557052203639,234.375,98493.61,427.36243
-62.48557052203639,236.25,98483.22,429.4497
-62.48557052203639,238.125,98472.04,431.4307
-62.48557052203639,240.0,98460.04,433.26385
-62.48557052203639,241.875,98448.7,434.9605
-62.48557052203639,243.75,98441.79,436.53162
-62.48557052203639,245.625,98437.18,437.88776
-62.48557052203639,247.5,98435.41,439.02234
-62.48557052203639,249.375,98435.94,439.83002
-62.48557052203639,251.25,98436.96,440.27023
-62.48557052203639,253.125,98436.14,440.23502
-62.48557052203639,255.0,98433.38,439.57098
-62.48557052203639,256.875,98429.06,437.9987
-62.48557052203639,258.75,98424.14,435.28284
-62.48557052203639,260.625,98420.75,431.31152
-62.48557052203639,262.5,98420.19,426.18637
-62.48557052203639,264.375,98424.98,420.19656
-62.48557052203639,266.25,98430.43,413.6578
-62.48557052203639,268.125,98436.92,406.7547
-62.48557052203639,270.0,98444.51,399.45233
-62.48557052203639,271.875,98452.9,391.5298
-62.48557052203639,273.75,98467.62,382.85626
-62.48557052203639,275.625,98486.9,373.44376
-62.48557052203639,277.5,98510.74,363.61047
-62.48557052203639,279.375,98532.5,353.83078
-62.48557052203639,281.25,98552.06,344.70944
-62.48557052203639,283.125,98570.38,336.75806
-62.48557052203639,285.0,98591.86,330.2964
-62.48557052203639,286.875,98617.95,325.3844
-62.48557052203639,288.75,98651.12,321.91153
-62.48557052203639,290.625,98683.18,319.73962
-62.48557052203639,292.5,98710.38,318.8383
-62.48557052203639,294.375,98728.72,319.2952
-62.48557052203639,296.25,98743.26,321.20084
-62.48557052203639,298.125,98760.81,324.43506
-62.48557052203639,300.0,98784.39,328.57944
-62.48557052203639,301.875,98814.04,333.1628
-62.48557052203639,303.75,98839.55,337.81442
-62.48557052203639,305.625,98852.57,342.51022
-62.48557052203639,307.5,98851.48,347.3116
-62.48557052203639,309.375,98842.78,352.1563
-62.48557052203639,311.25,98838.81,356.7036
-62.48557052203639,313.125,98846.22,360.4702
-62.48557052203639,315.0,98862.57,363.1094
-62.48557052203639,316.875,98877.12,364.62817
-62.48557052203639,318.75,98877.88,365.22314
-62.48557052203639,320.625,98862.7,365.14072
-62.48557052203639,322.5,98842.06,364.521
-62.48557052203639,324.375,98826.59,363.36426
-62.48557052203639,326.25,98823.56,361.80164
-62.48557052203639,328.125,98827.84,360.0543
-62.48557052203639,330.0,98822.4,358.40738
-62.48557052203639,331.875,98801.08,357.06946
-62.48557052203639,333.75,98763.68,356.00748
-62.48557052203639,335.625,98724.6,354.9785
-62.48557052203639,337.5,98698.12,353.58173
-62.48557052203639,339.375,98688.83,351.5704
-62.48557052203639,341.25,98685.13,348.88477
-62.48557052203639,343.125,98673.01,345.6949
-62.48557052203639,345.0,98644.12,342.2287
-62.48557052203639,346.875,98603.12,338.701
-62.48557052203639,348.75,98564.81,335.1863
-62.48557052203639,350.625,98537.39,331.80423
-62.48557052203639,352.5,98520.92,328.69672
-62.48557052203639,354.375,98504.72,325.99756
-62.48557052203639,356.25,98477.77,323.78717
-62.48557052203639,358.125,98437.65,321.9716
-60.62039592682648,0.0,98588.8,328.18005
-60.62039592682648,1.875,98569.18,325.46222
-60.62039592682648,3.75,98566.18,322.75604
-60.62039592682648,5.625,98565.32,320.16055
-60.62039592682648,7.5,98554.19,317.92044
-60.62039592682648,9.375,98526.34,316.2184
-60.62039592682648,11.25,98491.15,315.09744
-60.62039592682648,13.125,98459.64,314.3638
-60.62039592682648,15.0,98442.66,313.8203
-60.62039592682648,16.875,98441.42,313.34784
-60.62039592682648,18.75,98446.94,313.01788
-60.62039592682648,20.625,98451.64,313.01227
-60.62039592682648,22.5,98452.47,313.49475
-60.62039592682648,24.375,98450.64,314.5064
-60.62039592682648,26.25,98448.59,315.83008
-60.62039592682648,28.125,98451.46,317.15695
-60.62039592682648,30.0,98461.76,318.16827
-60.62039592682648,31.875,98480.87,318.76767
-60.62039592682648,33.75,98504.86,319.13205
-60.62039592682648,35.625,98531.91,319.61972
-60.62039592682648,37.5,98557.38,320.4744
-60.62039592682648,39.375,98578.68,321.7101
-60.62039592682648,41.25,98593.26,323.1232
-60.62039592682648,43.125,98606.14,324.4243
-60.62039592682648,45.0,98620.07,325.3812
-60.62039592682648,46.875,98636.72,325.96097
-60.62039592682648,48.75,98657.66,326.19186
-60.62039592682648,50.625,98677.44,326.17084
-60.62039592682648,52.5,98694.77,326.00323
-60.62039592682648,54.375,98706.44,325.77597
-60.62039592682648,56.25,98710.61,325.55066
-60.62039592682648,58.125,98707.9,325.34357
-60.62039592682648,60.0,98698.73,325.10873
-60.62039592682648,61.875,98684.13,324.7804
-60.62039592682648,63.75,98667.02,324.27872
-60.62039592682648,65.625,98649.34,323.61517
-60.62039592682648,67.5,98632.81,322.97
-60.62039592682648,69.375,98615.52,322.48016
-60.62039592682648,71.25,98597.13,322.24835
-60.62039592682648,73.125,98575.83,322.1908
-60.62039592682648,75.0,98555.43,322.12183
-60.62039592682648,76.875,98538.04,321.79236
-60.62039592682648,78.75,98526.55,321.01404
-60.62039592682648,80.625,98518.38,319.6649
-60.62039592682648,82.5,98509.87,317.68127
-60.62039592682648,84.375,98497.54,315.0402
-60.62039592682648,86.25,98481.79,311.7705
-60.62039592682648,88.125,98463.79,308.0647
-60.62039592682648,90.0,98448.68,304.26047
-60.62039592682648,91.875,98434.74,300.69608
-60.62039592682648,93.75,98422.09,297.5755
-60.62039592682648,95.625,98407.96,294.89478
-60.62039592682648,97.5,98392.17,292.5286
-60.62039592682648,99.375,98378.99,290.4278
-60.62039592682648,101.25,98367.26,288.63873
-60.62039592682648,103.125,98360.94,287.33395
-60.62039592682648,105.0,98356.75,286.57553
-60.62039592682648,106.875,98353.08,286.2471
-60.62039592682648,108.75,98350.03,286.2326
-60.62039592682648,110.625,98347.25,286.44162
-60.62039592682648,112.5,98346.06,286.9039
-60.62039592682648,114.375,98348.97,287.71628
-60.62039592682648,116.25,98354.79,288.9724
-60.62039592682648,118.125,98364.44,290.72574
-60.62039592682648,120.0,98376.24,292.801
-60.62039592682648,121.875,98390.22,294.8536
-60.62039592682648,123.75,98404.21,296.57858
-60.62039592682648,125.625,98420.23,297.8579
-60.62039592682648,127.5,98435.01,298.85724
-60.62039592682648,129.375,98451.16,299.8318
-60.62039592682648,131.25,98466.66,301.13348
-60.62039592682648,133.125,98483.12,303.06766
-60.62039592682648,135.0,98500.6,305.89685
-60.62039592682648,136.875,98520.07,309.82047
-60.62039592682648,138.75,98541.33,314.8208
-60.62039592682648,140.625,98565.54,320.64856
-60.62039592682648,142.5,98590.27,326.84744
-60.62039592682648,144.375,98614.76,332.94376
-60.62039592682648,146.25,98637.34,338.6035
-60.62039592682648,148.125,98657.76,343.6904
-60.62039592682648,150.0,98680.22,348.2306
-60.62039592682648,151.875,98702.26,352.36008
-60.62039592682648,153.75,98721.28,356.20157
-60.62039592682648,155.625,98735.16,359.9179
-60.62039592682648,157.5,98743.69,363.5826
-60.62039592682648,159.375,98750.19,367.2747
-60.62039592682648,161.25,98757.48,371.00723
-60.62039592682648,163.125,98770.6,374.89038
-60.62039592682648,165.0,98789.97,379.10263
-60.62039592682648,166.875,98810.42,383.87332
-60.62039592682648,168.75,98829.7,389.3925
-60.62039592682648,170.625,98844.53,395.63525
-60.62039592682648,172.5,98854.9,402.3398
-60.62039592682648,174.375,98862.27,409.12332
-60.62039592682648,176.25,98869.7,415.60486
-60.62039592682648,178.125,98877.86,421.6125
-60.62039592682648,180.0,98888.86,427.1095
-60.62039592682648,181.875,98903.6,432.1308
-60.62039592682648,183.75,98919.14,436.77042
-60.62039592682648,185.625,98935.76,441.12564
-60.62039592682648,187.5,98947.52,445.25787
-60.62039592682648,189.375,98955.08,449.23282
-60.62039592682648,191.25,98955.63,453.0328
-60.62039592682648,193.125,98952.81,456.65662
-60.62039592682648,195.0,98950.0,460.07877
-60.62039592682648,196.875,98946.88,463.26318
-60.62039592682648,198.75,98944.11,466.18533
-60.62039592682648,200.625,98939.74,468.73328
-60.62039592682648,202.5,98931.64,470.67523
-60.62039592682648,204.375,98919.35,471.69315
-60.62039592682648,206.25,98906.32,471.56406
-60.62039592682648,208.125,98894.68,470.22107
-60.62039592682648,210.0,98887.59,467.8718
-60.62039592682648,211.875,98884.77,464.70865
-60.62039592682648,213.75,98880.97,460.83316
-60.62039592682648,215.625,98875.42,456.24823
-60.62039592682648,217.5,98867.9,451.14682
-60.62039592682648,219.375,98860.62,445.89133
-60.62039592682648,221.25,98852.76,440.93716
-60.62039592682648,223.125,98843.3,436.61893
-60.62039592682648,225.0,98829.12,433.0419
-60.62039592682648,226.875,98813.45,430.17142
-60.62039592682648,228.75,98796.05,428.04166
-60.62039592682648,230.625,98779.36,426.75363
-60.62039592682648,232.5,98762.63,426.38406
-60.62039592682648,234.375,98748.91,426.85745
-60.62039592682648,236.25,98734.12,427.94675
-60.62039592682648,238.125,98720.9,429.52255
-60.62039592682648,240.0,98710.19,431.435
-60.62039592682648,241.875,98701.13,433.5871
-60.62039592682648,243.75,98692.84,435.8166
-60.62039592682648,245.625,98685.01,437.9488
-60.62039592682648,247.5,98675.16,439.70267
-60.62039592682648,249.375,98667.47,440.87704
-60.62039592682648,251.25,98662.63,441.30463
-60.62039592682648,253.125,98660.4,440.92816
-60.62039592682648,255.0,98660.42,439.69656
-60.62039592682648,256.875,98658.64,437.55658
-60.62039592682648,258.75,98655.56,434.42224
-60.62039592682648,260.625,98655.19,430.2482
-60.62039592682648,262.5,98657.68,425.02914
-60.62039592682648,264.375,98665.5,418.89908
-60.62039592682648,266.25,98677.54,412.00598
-60.62039592682648,268.125,98688.68,404.44342
-60.62039592682648,270.0,98695.49,396.23138
-60.62039592682648,271.875,98701.19,387.40625
-60.62039592682648,273.75,98708.56,378.02905
-60.62039592682648,275.625,98725.16,368.29236
-60.62039592682648,277.5,98749.96,358.553
-60.62039592682648,279.375,98777.38,349.28845
-60.62039592682648,281.25,98802.02,341.05676
-60.62039592682648,283.125,98820.7,334.32553
-60.62039592682648,285.0,98835.62,329.3526
-60.62039592682648,286.875,98855.96,326.08377
-60.62039592682648,288.75,98882.82,324.21637
-60.62039592682648,290.625,98916.92,323.4176
-60.62039592682648,292.5,98948.6,323.47763
-60.62039592682648,294.375,98971.51,324.45486
-60.62039592682648,296.25,98983.38,326.54196
-60.62039592682648,298.125,98991.3,329.77573
-60.62039592682648,300.0,99002.58,333.92032
-60.62039592682648,301.875,99023.04,338.53085
-60.62039592682648,303.75,99048.71,343.18512
-60.62039592682648,305.625,99070.16,347.61258
-60.62039592682648,307.5,99078.8,351.7296
-60.62039592682648,309.375,99076.84,355.54736
-60.62039592682648,311.25,99071.3,358.90817
-60.62039592682648,313.125,99073.04,361.63174
-60.62039592682648,315.0,99081.95,363.6409
-60.62039592682648,316.875,99090.93,365.087
-60.62039592682648,318.75,99091.0,366.28333
-60.62039592682648,320.625,99076.58,367.4793
-60.62039592682648,322.5,99054.42,368.81567
-60.62039592682648,324.375,99039.7,370.27744
-60.62039592682648,326.25,99036.22,371.7539
-60.62039592682648,328.125,99041.08,373.09006
-60.62039592682648,330.0,99039.58,374.11676
-60.62039592682648,331.875,99017.73,374.65533
-60.62039592682648,333.75,98979.14,374.59238
-60.62039592682648,335.625,98938.58,373.80957
-60.62039592682648,337.5,98914.2,372.25302
-60.62039592682648,339.375,98905.74,369.92563
-60.62039592682648,341.25,98899.44,366.8837
-60.62039592682648,343.125,98879.75,363.27582
-60.62039592682648,345.0,98841.92,359.27325
-60.62039592682648,346.875,98794.68,355.01727
-60.62039592682648,348.75,98754.43,350.59653
-60.62039592682648,350.625,98732.09,346.12677
-60.62039592682648,352.5,98719.11,341.75668
-60.62039592682648,354.375,98701.73,337.69174
-60.62039592682648,356.25,98668.4,334.07587
-60.62039592682648,358.125,98625.82,330.96542
-58.75520926937993,0.0,98878.36,346.6517
-58.75520926937993,1.875,98863.44,341.54752
-58.75520926937993,3.75,98854.4,336.46085
-58.75520926937993,5.625,98840.1,331.6186
-58.75520926937993,7.5,98814.74,327.31717
-58.75520926937993,9.375,98787.68,323.82208
-58.75520926937993,11.25,98771.89,321.2074
-58.75520926937993,13.125,98772.91,319.3023
-58.75520926937993,15.0,98785.32,317.8552
-58.75520926937993,16.875,98797.13,316.71057
-58.75520926937993,18.75,98799.11,315.97903
-58.75520926937993,20.625,98789.86,315.95935
-58.75520926937993,22.5,98779.1,316.86398
-58.75520926937993,24.375,98775.09,318.62823
-58.75520926937993,26.25,98780.03,320.87717
-58.75520926937993,28.125,98791.76,323.06805
-58.75520926937993,30.0,98803.05,324.7289
-58.75520926937993,31.875,98812.03,325.66495
-58.75520926937993,33.75,98820.24,325.99802
-58.75520926937993,35.625,98834.06,326.01956
-58.75520926937993,37.5,98851.46,325.87286
-58.75520926937993,39.375,98871.52,325.5577
-58.75520926937993,41.25,98891.89,324.8894
-58.75520926937993,43.125,98907.77,323.8267
-58.75520926937993,45.0,98922.56,322.5804
-58.75520926937993,46.875,98935.4,321.57947
-58.75520926937993,48.75,98948.18,321.22995
-58.75520926937993,50.625,98962.78,321.69827
-58.75520926937993,52.5,98977.18,322.8686
-58.75520926937993,54.375,98990.67,324.47693
-58.75520926937993,56.25,98999.8,326.27795
-58.75520926937993,58.125,99001.27,328.21838
-58.75520926937993,60.0,98991.98,330.21344
-58.75520926937993,61.875,98972.64,332.1416
-58.75520926937993,63.75,98948.28,333.83817
-58.75520926937993,65.625,98924.65,335.27084
-58.75520926937993,67.5,98906.77,336.57635
-58.75520926937993,69.375,98892.96,338.0
-58.75520926937993,71.25,98879.39,339.61505
-58.75520926937993,73.125,98863.47,341.29135
-58.75520926937993,75.0,98845.68,342.63126
-58.75520926937993,76.875,98828.76,343.2732
-58.75520926937993,78.75,98817.58,343.00266
-58.75520926937993,80.625,98810.42,341.8938
-58.75520926937993,82.5,98800.74,340.16696
-58.75520926937993,84.375,98784.31,338.04636
-58.75520926937993,86.25,98761.8,335.62198
-58.75520926937993,88.125,98736.45,332.87552
-58.75520926937993,90.0,98711.3,329.81226
-58.75520926937993,91.875,98691.1,326.4327
-58.75520926937993,93.75,98672.78,322.74393
-58.75520926937993,95.625,98655.51,318.7011
-58.75520926937993,97.5,98638.19,314.3558
-58.75520926937993,99.375,98623.89,309.81107
-58.75520926937993,101.25,98613.32,305.2854
-58.75520926937993,103.125,98607.84,301.04944
-58.75520926937993,105.0,98602.56,297.3281
-58.75520926937993,106.875,98597.25,294.29453
-58.75520926937993,108.75,98591.5,291.99176
-58.75520926937993,110.625,98585.66,290.42957
-58.75520926937993,112.5,98580.58,289.50354
-58.75520926937993,114.375,98577.41,289.0864
-58.75520926937993,116.25,98578.35,289.10822
-58.75520926937993,118.125,98583.06,289.52548
-58.75520926937993,120.0,98593.42,290.3152
-58.75520926937993,121.875,98606.71,291.33655
-58.75520926937993,123.75,98624.06,292.52072
-58.75520926937993,125.625,98643.84,293.92313
-58.75520926937993,127.5,98663.96,295.81714
-58.75520926937993,129.375,98686.4,298.5823
-58.75520926937993,131.25,98711.52,302.55103
-58.75520926937993,133.125,98736.96,307.8495
-58.75520926937993,135.0,98763.96,314.467
-58.75520926937993,136.875,98790.78,322.1907
-58.75520926937993,138.75,98818.52,330.63287
-58.75520926937993,140.625,98847.44,339.26047
-58.75520926937993,142.5,98873.13,347.49423
-58.75520926937993,144.375,98893.35,354.84662
-58.75520926937993,146.25,98909.8,361.1045
-58.75520926937993,148.125,98922.48,366.3618
-58.75520926937993,150.0,98937.94,370.95786
-58.75520926937993,151.875,98955.98,375.24478
-58.75520926937993,153.75,98978.99,379.44125
-58.75520926937993,155.625,99003.34,383.5355
-58.75520926937993,157.5,99026.57,387.46066
-58.75520926937993,159.375,99049.92,391.21957
-58.75520926937993,161.25,99075.07,394.90347
-58.75520926937993,163.125,99103.12,398.69458
-58.75520926937993,165.0,99131.26,402.83908
-58.75520926937993,166.875,99155.0,407.6323
-58.75520926937993,168.75,99171.98,413.28564
-58.75520926937993,170.625,99182.68,419.7888
-58.75520926937993,172.5,99190.68,426.8166
-58.75520926937993,174.375,99200.15,433.82663
-58.75520926937993,176.25,99209.48,440.39642
-58.75520926937993,178.125,99221.34,446.45285
-58.75520926937993,180.0,99235.0,452.26138
-58.75520926937993,181.875,99249.14,458.13242
-58.75520926937993,183.75,99260.14,464.2338
-58.75520926937993,185.625,99266.46,470.5168
-58.75520926937993,187.5,99265.68,476.77982
-58.75520926937993,189.375,99260.79,482.89175
-58.75520926937993,191.25,99253.54,488.82492
-58.75520926937993,193.125,99249.18,494.6197
-58.75520926937993,195.0,99250.35,500.14893
-58.75520926937993,196.875,99253.49,505.11227
-58.75520926937993,198.75,99255.13,509.25204
-58.75520926937993,200.625,99254.43,512.3561
-58.75520926937993,202.5,99249.29,514.1206
-58.75520926937993,204.375,99245.42,514.2568
-58.75520926937993,206.25,99242.9,512.565
-58.75520926937993,208.125,99243.01,509.14264
-58.75520926937993,210.0,99245.38,504.38794
-58.75520926937993,211.875,99243.12,498.62296
-58.75520926937993,213.75,99232.02,491.88535
-58.75520926937993,215.625,99212.97,484.18597
-58.75520926937993,217.5,99192.1,475.82535
-58.75520926937993,219.375,99173.79,467.45032
-58.75520926937993,221.25,99161.81,459.7668
-58.75520926937993,223.125,99150.62,453.15408
-58.75520926937993,225.0,99137.63,447.56247
-58.75520926937993,226.875,99121.88,442.77164
-58.75520926937993,228.75,99105.26,438.78348
-58.75520926937993,230.625,99089.23,435.7949
-58.75520926937993,232.5,99073.82,433.98468
-58.75520926937993,234.375,99057.2,433.28198
-58.75520926937993,236.25,99041.0,433.44012
-58.75520926937993,238.125,99027.6,434.22623
-58.75520926937993,240.0,99018.62,435.55185
-58.75520926937993,241.875,99013.07,437.4313
-58.75520926937993,243.75,99008.3,439.78177
-58.75520926937993,245.625,98999.2,442.3439
-58.75520926937993,247.5,98987.02,444.71405
-58.75520926937993,249.375,98973.42,446.3833
-58.75520926937993,251.25,98964.32,446.9801
-58.75520926937993,253.125,98960.06,446.2801
-58.75520926937993,255.0,98960.18,444.30106
-58.75520926937993,256.875,98961.08,441.14886
-58.75520926937993,258.75,98961.19,436.9845
-58.75520926937993,260.625,98959.7,431.90054
-58.75520926937993,262.5,98959.36,425.92252
-58.75520926937993,264.375,98964.7,419.0706
-58.75520926937993,266.25,98974.56,411.45288
-58.75520926937993,268.125,98986.3,403.33325
-58.75520926937993,270.0,98996.61,394.92535
-58.75520926937993,271.875,99001.92,386.42102
-58.75520926937993,273.75,99006.72,377.86075
-58.75520926937993,275.625,99019.1,369.33743
-58.75520926937993,277.5,99039.93,360.93567
-58.75520926937993,279.375,99067.6,352.94714
-58.75520926937993,281.25,99096.72,345.735
-58.75520926937993,283.125,99119.14,339.69537
-58.75520926937993,285.0,99136.86,335.14963
-58.75520926937993,286.875,99155.38,332.131
-58.75520926937993,288.75,99178.48,330.41895
-58.75520926937993,290.625,99211.96,329.7388
-58.75520926937993,292.5,99249.29,329.9557
-58.75520926937993,294.375,99282.99,331.17593
-58.75520926937993,296.25,99305.61,333.5952
-58.75520926937993,298.125,99313.64,337.24158
-58.75520926937993,300.0,99313.04,341.8303
-58.75520926937993,301.875,99313.26,346.88046
-58.75520926937993,303.75,99319.59,351.9054
-58.75520926937993,305.625,99332.06,356.58005
-58.75520926937993,307.5,99343.97,360.68268
-58.75520926937993,309.375,99349.44,364.17035
-58.75520926937993,311.25,99347.17,367.0626
-58.75520926937993,313.125,99343.67,369.41495
-58.75520926937993,315.0,99346.5,371.3619
-58.75520926937993,316.875,99355.3,373.10858
-58.75520926937993,318.75,99363.53,374.9014
-58.75520926937993,320.625,99359.67,376.98767
-58.75520926937993,322.5,99344.58,379.48654
-58.75520926937993,324.375,99324.88,382.361
-58.75520926937993,326.25,99311.06,385.3682
-58.75520926937993,328.125,99306.04,388.14307
-58.75520926937993,330.0,99298.84,390.36203
-58.75520926937993,331.875,99281.83,391.8838
-58.75520926937993,333.75,99251.54,392.7418
-58.75520926937993,335.625,99218.82,393.07715
-58.75520926937993,337.5,99193.64,392.85617
-58.75520926937993,339.375,99179.37,391.97424
-58.75520926937993,341.25,99163.52,390.22913
-58.75520926937993,343.125,99134.44,387.57693
-58.75520926937993,345.0,99093.91,384.06998
-58.75520926937993,346.875,99053.55,379.93274
-58.75520926937993,348.75,99028.06,375.4347
-58.75520926937993,350.625,99018.5,370.79153
-58.75520926937993,352.5,99009.94,366.09293
-58.75520926937993,354.375,98989.14,361.3557
-58.75520926937993,356.25,98952.7,356.55057
-58.75520926937993,358.125,98910.2,351.66483
-56.89001260135711,0.0,99215.45,369.5087
-56.89001260135711,1.875,99203.22,361.73663
-56.89001260135711,3.75,99183.54,353.74817
-56.89001260135711,5.625,99151.32,345.81287
-56.89001260135711,7.5,99114.19,338.35562
-56.89001260135711,9.375,99089.36,331.8385
-56.89001260135711,11.25,99085.78,326.48587
-56.89001260135711,13.125,99095.08,322.17603
-56.89001260135711,15.0,99104.67,318.6454
-56.89001260135711,16.875,99100.23,315.76373
-56.89001260135711,18.75,99083.96,313.7281
-56.89001260135711,20.625,99068.52,312.9256
-56.89001260135711,22.5,99065.52,313.53873
-56.89001260135711,24.375,99081.8,315.4208
-56.89001260135711,26.25,99109.0,318.11923
-56.89001260135711,28.125,99136.69,321.0043
-56.89001260135711,30.0,99155.49,323.4362
-56.89001260135711,31.875,99163.74,324.99786
-56.89001260135711,33.75,99170.04,325.6374
-56.89001260135711,35.625,99180.58,325.5187
-56.89001260135711,37.5,99199.16,324.87982
-56.89001260135711,39.375,99223.69,323.77307
-56.89001260135711,41.25,99248.6,322.21103
-56.89001260135711,43.125,99269.41,320.318
-56.89001260135711,45.0,99286.14,318.4289
-56.89001260135711,46.875,99298.62,317.1069
-56.89001260135711,48.75,99305.32,316.75748
-56.89001260135711,50.625,99306.3,317.47858
-56.89001260135711,52.5,99305.87,319.01453
-56.89001260135711,54.375,99307.65,321.07343
-56.89001260135711,56.25,99314.24,323.55627
-56.89001260135711,58.125,99323.66,326.6616
-56.89001260135711,60.0,99333.79,330.53552
-56.89001260135711,61.875,99336.82,335.05438
-56.89001260135711,63.75,99333.77,339.88263
-56.89001260135711,65.625,99325.44,344.7205
-56.89001260135711,67.5,99317.62,349.4181
-56.89001260135711,69.375,99306.95,353.97787
-56.89001260135711,71.25,99294.08,358.35733
-56.89001260135711,73.125,99272.3,362.30658
-56.89001260135711,75.0,99245.52,365.4438
-56.89001260135711,76.875,99216.6,367.4908
-56.89001260135711,78.75,99188.24,368.4569
-56.89001260135711,80.625,99162.29,368.60666
-56.89001260135711,82.5,99136.58,368.24072
-56.89001260135711,84.375,99109.77,367.45316
-56.89001260135711,86.25,99081.78,366.07367
-56.89001260135711,88.125,99056.56,363.87012
-56.89001260135711,90.0,99037.44,360.7359
-56.89001260135711,91.875,99020.06,356.67743
-56.89001260135711,93.75,99003.24,351.8596
-56.89001260135711,95.625,98982.32,346.49512
-56.89001260135711,97.5,98959.93,340.78418
-56.89001260135711,99.375,98938.22,334.8423
-56.89001260135711,101.25,98920.15,328.7437
-56.89001260135711,103.125,98906.38,322.5466
-56.89001260135711,105.0,98892.12,316.32245
-56.89001260135711,106.875,98879.56,310.25598
-56.89001260135711,108.75,98870.17,304.73706
-56.89001260135711,110.625,98868.0,300.12872
-56.89001260135711,112.5,98871.98,296.6154
-56.89001260135711,114.375,98878.82,294.09866
-56.89001260135711,116.25,98888.04,292.4198
-56.89001260135711,118.125,98899.23,291.43906
-56.89001260135711,120.0,98911.99,291.0899
-56.89001260135711,121.875,98930.06,291.3547
-56.89001260135711,123.75,98949.37,292.28116
-56.89001260135711,125.625,98970.6,294.09457
-56.89001260135711,127.5,98993.28,297.1631
-56.89001260135711,129.375,99017.91,301.90247
-56.89001260135711,131.25,99046.24,308.4971
-56.89001260135711,133.125,99074.42,316.77274
-56.89001260135711,135.0,99100.38,326.2348
-56.89001260135711,136.875,99125.13,336.23187
-56.89001260135711,138.75,99148.88,346.16953
-56.89001260135711,140.625,99173.47,355.6127
-56.89001260135711,142.5,99199.04,364.24966
-56.89001260135711,144.375,99225.46,371.85443
-56.89001260135711,146.25,99250.8,378.2654
-56.89001260135711,148.125,99274.28,383.6189
-56.89001260135711,150.0,99299.4,388.2639
-56.89001260135711,151.875,99329.21,392.65192
-56.89001260135711,153.75,99361.64,396.97787
-56.89001260135711,155.625,99394.44,401.1891
-56.89001260135711,157.5,99421.22,405.15332
-56.89001260135711,159.375,99446.23,408.92767
-56.89001260135711,161.25,99467.98,412.72467
-56.89001260135711,163.125,99489.08,416.7386
-56.89001260135711,165.0,99508.64,421.0492
-56.89001260135711,166.875,99523.06,425.62906
-56.89001260135711,168.75,99536.35,430.5261
-56.89001260135711,170.625,99550.84,435.8409
-56.89001260135711,172.5,99569.73,441.5935
-56.89001260135711,174.375,99591.74,447.7616
-56.89001260135711,176.25,99610.44,454.25235
-56.89001260135711,178.125,99621.03,461.14017
-56.89001260135711,180.0,99626.22,468.54623
-56.89001260135711,181.875,99629.26,476.5806
-56.89001260135711,183.75,99634.72,485.1563
-56.89001260135711,185.625,99637.46,493.88324
-56.89001260135711,187.5,99638.46,502.44437
-56.89001260135711,189.375,99633.81,510.64258
-56.89001260135711,191.25,99630.7,518.5485
-56.89001260135711,193.125,99631.02,526.1792
-56.89001260135711,195.0,99632.75,533.2705
-56.89001260135711,196.875,99634.18,539.3171
-56.89001260135711,198.75,99632.56,543.92017
-56.89001260135711,200.625,99628.22,546.9035
-56.89001260135711,202.5,99624.86,548.0408
-56.89001260135711,204.375,99624.17,547.01447
-56.89001260135711,206.25,99625.02,543.6046
-56.89001260135711,208.125,99624.67,537.9975
-56.89001260135711,210.0,99622.88,530.84174
-56.89001260135711,211.875,99616.06,522.6872
-56.89001260135711,213.75,99599.09,513.60986
-56.89001260135711,215.625,99577.15,503.62366
-56.89001260135711,217.5,99555.03,492.973
-56.89001260135711,219.375,99537.2,482.39417
-56.89001260135711,221.25,99523.57,472.699
-56.89001260135711,223.125,99510.63,464.27502
-56.89001260135711,225.0,99491.81,456.91644
-56.89001260135711,226.875,99469.58,450.44678
-56.89001260135711,228.75,99449.58,444.96237
-56.89001260135711,230.625,99435.28,440.80048
-56.89001260135711,232.5,99422.48,438.12164
-56.89001260135711,234.375,99408.37,436.76654
-56.89001260135711,236.25,99390.96,436.3675
-56.89001260135711,238.125,99376.1,436.68262
-56.89001260135711,240.0,99363.35,437.72693
-56.89001260135711,241.875,99356.32,439.53387
-56.89001260135711,243.75,99348.55,441.91504
-56.89001260135711,245.625,99340.6,444.5411
-56.89001260135711,247.5,99331.9,446.96045
-56.89001260135711,249.375,99325.24,448.7235
-56.89001260135711,251.25,99320.32,449.40405
-56.89001260135711,253.125,99317.42,448.7681
-56.89001260135711,255.0,99314.28,446.68307
-56.89001260135711,256.875,99311.33,443.2587
-56.89001260135711,258.75,99306.16,438.6133
-56.89001260135711,260.625,99300.68,432.91708
-56.89001260135711,262.5,99294.95,426.19443
-56.89001260135711,264.375,99291.04,418.5764
-56.89001260135711,266.25,99292.58,410.37964
-56.89001260135711,268.125,99300.27,402.11752
-56.89001260135711,270.0,99312.44,394.22058
-56.89001260135711,271.875,99325.45,386.72803
-56.89001260135711,273.75,99337.36,379.40775
-56.89001260135711,275.625,99348.35,371.97693
-56.89001260135711,277.5,99362.86,364.4897
-56.89001260135711,279.375,99383.22,357.38474
-56.89001260135711,281.25,99411.09,351.12317
-56.89001260135711,283.125,99445.2,345.92148
-56.89001260135711,285.0,99479.9,341.69937
-56.89001260135711,286.875,99510.45,338.25864
-56.89001260135711,288.75,99533.34,335.35016
-56.89001260135711,290.625,99551.4,333.15506
-56.89001260135711,292.5,99568.91,332.3789
-56.89001260135711,294.375,99591.9,333.51282
-56.89001260135711,296.25,99616.36,336.3419
-56.89001260135711,298.125,99635.22,340.46573
-56.89001260135711,300.0,99641.28,345.48074
-56.89001260135711,301.875,99636.6,350.87665
-56.89001260135711,303.75,99628.9,356.1952
-56.89001260135711,305.625,99628.92,361.24652
-56.89001260135711,307.5,99638.04,365.94824
-56.89001260135711,309.375,99646.97,370.28088
-56.89001260135711,311.25,99646.87,374.2115
-56.89001260135711,313.125,99638.98,377.65323
-56.89001260135711,315.0,99633.76,380.53995
-56.89001260135711,316.875,99639.69,382.9317
-56.89001260135711,318.75,99654.62,385.1231
-56.89001260135711,320.625,99666.38,387.55005
-56.89001260135711,322.5,99665.09,390.59393
-56.89001260135711,324.375,99649.42,394.31802
-56.89001260135711,326.25,99630.05,398.45166
-56.89001260135711,328.125,99613.88,402.48526
-56.89001260135711,330.0,99602.66,406.0442
-56.89001260135711,331.875,99589.19,409.0309
-56.89001260135711,333.75,99568.97,411.58798
-56.89001260135711,335.625,99543.23,413.86774
-56.89001260135711,337.5,99520.57,415.7295
-56.89001260135711,339.375,99499.62,416.79663
-56.89001260135711,341.25,99478.49,416.72913
-56.89001260135711,343.125,99451.9,415.43625
-56.89001260135711,345.0,99421.21,412.9942
-56.89001260135711,346.875,99393.86,409.63315
-56.89001260135711,348.75,99376.5,405.5229
-56.89001260135711,350.625,99362.82,400.8288
-56.89001260135711,352.5,99341.36,395.64212
-56.89001260135711,354.375,99307.27,389.95328
-56.89001260135711,356.25,99266.26,383.6984
-56.89001260135711,358.125,99234.26,376.87347
-55.02480753831166,0.0,99580.15,388.10794
-55.02480753831166,1.875,99576.7,378.05203
-55.02480753831166,3.75,99560.33,367.6539
-55.02480753831166,5.625,99534.49,357.1438
-55.02480753831166,7.5,99513.2,346.99817
-55.02480753831166,9.375,99505.31,337.7656
-55.02480753831166,11.25,99506.02,329.76373
-55.02480753831166,13.125,99501.04,322.8633
-55.02480753831166,15.0,99483.6,316.76453
-55.02480753831166,16.875,99459.12,311.58957
-55.02480753831166,18.75,99441.84,307.80563
-55.02480753831166,20.625,99442.72,305.8663
-55.02480753831166,22.5,99459.56,305.75977
-55.02480753831166,24.375,99481.6,307.06067
-55.02480753831166,26.25,99499.72,309.1726
-55.02480753831166,28.125,99511.5,311.49536
-55.02480753831166,30.0,99521.2,313.40796
-55.02480753831166,31.875,99532.52,314.42377
-55.02480753831166,33.75,99550.51,314.41635
-55.02480753831166,35.625,99571.29,313.5841
-55.02480753831166,37.5,99594.74,312.37784
-55.02480753831166,39.375,99613.28,311.1445
-55.02480753831166,41.25,99628.52,310.11597
-55.02480753831166,43.125,99642.5,309.37653
-55.02480753831166,45.0,99660.22,309.09167
-55.02480753831166,46.875,99682.8,309.51517
-55.02480753831166,48.75,99705.41,310.8111
-55.02480753831166,50.625,99722.26,312.84653
-55.02480753831166,52.5,99729.81,315.32196
-55.02480753831166,54.375,99732.28,318.0136
-55.02480753831166,56.25,99733.31,321.0037
-55.02480753831166,58.125,99735.82,324.6427
-55.02480753831166,60.0,99737.35,329.22055
-55.02480753831166,61.875,99735.46,334.7687
-55.02480753831166,63.75,99727.51,341.00485
-55.02480753831166,65.625,99713.84,347.6124
-55.02480753831166,67.5,99694.01,354.3237
-55.02480753831166,69.375,99671.38,360.96384
-55.02480753831166,71.25,99648.78,367.31042
-55.02480753831166,73.125,99628.46,373.04623
-55.02480753831166,75.0,99608.58,377.88977
-55.02480753831166,76.875,99588.47,381.75525
-55.02480753831166,78.75,99567.66,384.85223
-55.02480753831166,80.625,99547.1,387.48755
-55.02480753831166,82.5,99525.57,389.72095
-55.02480753831166,84.375,99502.4,391.26538
-55.02480753831166,86.25,99478.27,391.60257
-55.02480753831166,88.125,99456.56,390.4119
-55.02480753831166,90.0,99436.68,387.73288
-55.02480753831166,91.875,99417.36,383.82773
-55.02480753831166,93.75,99396.43,378.94684
-55.02480753831166,95.625,99371.96,373.29837
-55.02480753831166,97.5,99349.53,367.0892
-55.02480753831166,99.375,99331.8,360.49356
-55.02480753831166,101.25,99318.06,353.53214
-55.02480753831166,103.125,99305.83,346.0885
-55.02480753831166,105.0,99291.48,338.0356
-55.02480753831166,106.875,99279.47,329.56934
-55.02480753831166,108.75,99271.38,321.21103
-55.02480753831166,110.625,99272.45,313.6144
-55.02480753831166,112.5,99280.36,307.26053
-55.02480753831166,114.375,99291.13,302.29462
-55.02480753831166,116.25,99301.54,298.59216
-55.02480753831166,118.125,99312.55,295.9241
-55.02480753831166,120.0,99326.53,294.19376
-55.02480753831166,121.875,99341.6,293.46866
-55.02480753831166,123.75,99359.55,294.01923
-55.02480753831166,125.625,99377.34,296.197
-55.02480753831166,127.5,99396.28,300.32022
-55.02480753831166,129.375,99414.74,306.52344
-55.02480753831166,131.25,99436.81,314.68555
-55.02480753831166,133.125,99461.51,324.38446
-55.02480753831166,135.0,99484.77,334.82748
-55.02480753831166,136.875,99506.0,345.12057
-55.02480753831166,138.75,99525.18,354.6081
-55.02480753831166,140.625,99545.76,363.1344
-55.02480753831166,142.5,99570.23,370.8166
-55.02480753831166,144.375,99601.11,377.76877
-55.02480753831166,146.25,99635.68,383.87857
-55.02480753831166,148.125,99667.97,389.04553
-55.02480753831166,150.0,99700.76,393.43353
-55.02480753831166,151.875,99732.05,397.32047
-55.02480753831166,153.75,99761.61,400.98898
-55.02480753831166,155.625,99784.94,404.47165
-55.02480753831166,157.5,99802.45,407.8104
-55.02480753831166,159.375,99818.87,411.2664
-55.02480753831166,161.25,99836.24,415.27524
-55.02480753831166,163.125,99857.79,419.9419
-55.02480753831166,165.0,99879.94,425.02243
-55.02480753831166,166.875,99898.88,430.0306
-55.02480753831166,168.75,99916.2,434.704
-55.02480753831166,170.625,99935.2,439.17096
-55.02480753831166,172.5,99961.4,443.98227
-55.02480753831166,174.375,99991.16,449.6532
-55.02480753831166,176.25,100013.92,456.44403
-55.02480753831166,178.125,100024.22,464.35867
-55.02480753831166,180.0,100025.56,473.28076
-55.02480753831166,181.875,100027.98,483.10568
-55.02480753831166,183.75,100037.83,493.58463
-55.02480753831166,185.625,100053.2,504.24518
-55.02480753831166,187.5,100064.45,514.50714
-55.02480753831166,189.375,100070.26,524.22504
-55.02480753831166,191.25,100071.88,533.47925
-55.02480753831166,193.125,100072.7,542.3418
-55.02480753831166,195.0,100071.96,550.45306
-55.02480753831166,196.875,100064.93,557.1093
-55.02480753831166,198.75,100051.84,561.7424
-55.02480753831166,200.625,100040.6,564.3498
-55.02480753831166,202.5,100033.52,564.94867
-55.02480753831166,204.375,100028.96,563.24396
-55.02480753831166,206.25,100021.29,558.82886
-55.02480753831166,208.125,100008.54,551.7402
-55.02480753831166,210.0,99996.11,542.8078
-55.02480753831166,211.875,99986.76,532.9312
-55.02480753831166,213.75,99978.49,522.50543
-55.02480753831166,215.625,99970.74,511.46936
-55.02480753831166,217.5,99961.82,500.00116
-55.02480753831166,219.375,99954.08,488.70886
-55.02480753831166,221.25,99944.28,478.29123
-55.02480753831166,223.125,99928.65,468.9142
-55.02480753831166,225.0,99904.33,460.31332
-55.02480753831166,226.875,99875.08,452.3966
-55.02480753831166,228.75,99849.92,445.50342
-55.02480753831166,230.625,99829.01,440.09863
-55.02480753831166,232.5,99812.55,436.36215
-55.02480753831166,234.375,99795.58,434.04874
-55.02480753831166,236.25,99776.54,432.82773
-55.02480753831166,238.125,99760.24,432.69308
-55.02480753831166,240.0,99748.28,433.79214
-55.02480753831166,241.875,99737.07,435.97134
-55.02480753831166,243.75,99724.1,438.6058
-55.02480753831166,245.625,99711.56,440.9821
-55.02480753831166,247.5,99702.25,442.61804
-55.02480753831166,249.375,99698.71,443.5275
-55.02480753831166,251.25,99696.98,443.75296
-55.02480753831166,253.125,99692.64,443.14444
-55.02480753831166,255.0,99683.16,441.45218
-55.02480753831166,256.875,99675.17,438.49866
-55.02480753831166,258.75,99671.95,434.36154
-55.02480753831166,260.625,99673.94,429.14163
-55.02480753831166,262.5,99676.87,422.92123
-55.02480753831166,264.375,99676.59,415.85953
-55.02480753831166,266.25,99673.92,408.34073
-55.02480753831166,268.125,99675.63,400.94946
-55.02480753831166,270.0,99685.82,394.0633
-55.02480753831166,271.875,99702.77,387.46906
-55.02480753831166,273.75,99723.78,380.6315
-55.02480753831166,275.625,99740.69,373.22964
-55.02480753831166,277.5,99752.7,365.6945
-55.02480753831166,279.375,99767.12,358.9525
-55.02480753831166,281.25,99790.88,353.55032
-55.02480753831166,283.125,99832.29,349.10086
-55.02480753831166,285.0,99886.29,344.7051
-55.02480753831166,286.875,99936.1,339.6134
-55.02480753831166,288.75,99966.51,333.86295
-55.02480753831166,290.625,99968.59,328.92017
-55.02480753831166,292.5,99953.4,326.90686
-55.02480753831166,294.375,99942.26,328.50797
-55.02480753831166,296.25,99949.38,332.52414
-55.02480753831166,298.125,99969.96,337.60892
-55.02480753831166,300.0,99986.83,343.03687
-55.02480753831166,301.875,99987.76,348.4936
-55.02480753831166,303.75,99977.35,353.88055
-55.02480753831166,305.625,99969.9,359.24655
-55.02480753831166,307.5,99972.45,364.594
-55.02480753831166,309.375,99981.66,369.8606
-55.02480753831166,311.25,99985.01,374.93997
-55.02480753831166,313.125,99974.76,379.57144
-55.02480753831166,315.0,99961.71,383.57715
-55.02480753831166,316.875,99955.98,386.90372
-55.02480753831166,318.75,99962.38,389.80908
-55.02480753831166,320.625,99972.61,392.80948
-55.02480753831166,322.5,99977.02,396.55252
-55.02480753831166,324.375,99970.16,401.4931
-55.02480753831166,326.25,99958.72,407.45612
-55.02480753831166,328.125,99946.62,413.71066
-55.02480753831166,330.0,99937.32,419.65192
-55.02480753831166,331.875,99925.08,425.01776
-55.02480753831166,333.75,99906.98,429.86194
-55.02480753831166,335.625,99884.49,434.28412
-55.02480753831166,337.5,99860.5,438.05615
-55.02480753831166,339.375,99837.24,440.7795
-55.02480753831166,341.25,99813.1,442.1712
-55.02480753831166,343.125,99789.96,442.26138
-55.02480753831166,345.0,99765.5,441.11038
-55.02480753831166,346.875,99742.32,438.62756
-55.02480753831166,348.75,99719.38,434.67203
-55.02480753831166,350.625,99691.36,429.2537
-55.02480753831166,352.5,99657.26,422.63416
-55.02480753831166,354.375,99621.96,415.0656
-55.02480753831166,356.25,99593.68,406.7294
-55.02480753831166,358.125,99581.71,397.72205
-53.15959537001968,0.0,99976.11,398.07736
-53.15959537001968,1.875,99958.7,386.09018
-53.15959537001968,3.75,99938.0,373.82928
-53.15959537001968,5.625,99921.91,361.6191
-53.15959537001968,7.5,99918.17,349.90976
-53.15959537001968,9.375,99924.69,339.27524
-53.15959537001968,11.25,99926.45,329.8503
-53.15959537001968,13.125,99913.72,321.2533
-53.15959537001968,15.0,99892.12,313.10086
-53.15959537001968,16.875,99879.93,305.7921
-53.15959537001968,18.75,99892.25,300.21594
-53.15959537001968,20.625,99916.52,296.93057
-53.15959537001968,22.5,99933.02,295.67078
-53.15959537001968,24.375,99930.62,295.58664
-53.15959537001968,26.25,99914.65,295.94388
-53.15959537001968,28.125,99905.99,296.38223
-53.15959537001968,30.0,99913.58,296.6734
-53.15959537001968,31.875,99936.95,296.59543
-53.15959537001968,33.75,99966.07,296.01398
-53.15959537001968,35.625,99992.66,295.053
-53.15959537001968,37.5,100012.48,293.99457
-53.15959537001968,39.375,100024.52,293.1687
-53.15959537001968,41.25,100032.24,292.80267
-53.15959537001968,43.125,100039.83,292.9001
-53.15959537001968,45.0,100054.98,293.47543
-53.15959537001968,46.875,100078.2,294.65872
-53.15959537001968,48.75,100105.49,296.67084
-53.15959537001968,50.625,100131.6,299.54535
-53.15959537001968,52.5,100150.78,303.15454
-53.15959537001968,54.375,100163.23,307.36057
-53.15959537001968,56.25,100166.12,312.11456
-53.15959537001968,58.125,100162.62,317.42383
-53.15959537001968,60.0,100153.57,323.2802
-53.15959537001968,61.875,100143.83,329.58163
-53.15959537001968,63.75,100133.36,336.19717
-53.15959537001968,65.625,100121.74,343.04657
-53.15959537001968,67.5,100106.25,350.09518
-53.15959537001968,69.375,100085.58,357.25827
-53.15959537001968,71.25,100064.83,364.41525
-53.15959537001968,73.125,100049.76,371.3535
-53.15959537001968,75.0,100039.94,377.83963
-53.15959537001968,76.875,100028.95,383.7522
-53.15959537001968,78.75,100016.54,389.16833
-53.15959537001968,80.625,99999.4,394.12225
-53.15959537001968,82.5,99980.94,398.46555
-53.15959537001968,84.375,99958.82,401.72437
-53.15959537001968,86.25,99931.98,403.486
-53.15959537001968,88.125,99900.93,403.61963
-53.15959537001968,90.0,99869.57,402.35922
-53.15959537001968,91.875,99840.5,399.92032
-53.15959537001968,93.75,99812.45,396.30536
-53.15959537001968,95.625,99784.52,391.40656
-53.15959537001968,97.5,99760.71,385.25653
-53.15959537001968,99.375,99743.4,378.11282
-53.15959537001968,101.25,99731.38,370.25235
-53.15959537001968,103.125,99722.12,361.7319
-53.15959537001968,105.0,99712.68,352.53635
-53.15959537001968,106.875,99703.73,342.8537
-53.15959537001968,108.75,99698.86,333.16495
-53.15959537001968,110.625,99698.12,324.01532
-53.15959537001968,112.5,99698.02,315.83762
-53.15959537001968,114.375,99698.04,308.91254
-53.15959537001968,116.25,99699.56,303.30292
-53.15959537001968,118.125,99705.83,298.9886
-53.15959537001968,120.0,99718.3,295.9448
-53.15959537001968,121.875,99734.68,294.3481
-53.15959537001968,123.75,99752.23,294.5826
-53.15959537001968,125.625,99770.04,296.9062
-53.15959537001968,127.5,99786.64,301.28952
-53.15959537001968,129.375,99804.32,307.4175
-53.15959537001968,131.25,99824.43,314.9431
-53.15959537001968,133.125,99846.97,323.4911
-53.15959537001968,135.0,99874.24,332.56458
-53.15959537001968,136.875,99900.49,341.43585
-53.15959537001968,138.75,99926.19,349.56665
-53.15959537001968,140.625,99948.8,356.81885
-53.15959537001968,142.5,99973.99,363.42407
-53.15959537001968,144.375,99999.99,369.4594
-53.15959537001968,146.25,100026.61,374.76483
-53.15959537001968,148.125,100052.76,379.0528
-53.15959537001968,150.0,100076.63,382.36478
-53.15959537001968,151.875,100100.97,385.0659
-53.15959537001968,153.75,100125.74,387.63138
-53.15959537001968,155.625,100150.22,390.3608
-53.15959537001968,157.5,100171.85,393.54984
-53.15959537001968,159.375,100194.39,397.5024
-53.15959537001968,161.25,100218.47,402.43564
-53.15959537001968,163.125,100246.32,408.13248
-53.15959537001968,165.0,100274.0,414.0378
-53.15959537001968,166.875,100298.58,419.50293
-53.15959537001968,168.75,100316.38,424.20673
-53.15959537001968,170.625,100330.95,428.5907
-53.15959537001968,172.5,100347.54,433.49435
-53.15959537001968,174.375,100367.85,439.667
-53.15959537001968,176.25,100388.84,447.26303
-53.15959537001968,178.125,100403.19,455.9635
-53.15959537001968,180.0,100410.56,465.47058
-53.15959537001968,181.875,100419.65,475.8286
-53.15959537001968,183.75,100430.89,487.09372
-53.15959537001968,185.625,100441.37,499.00482
-53.15959537001968,187.5,100444.56,510.67853
-53.15959537001968,189.375,100439.12,521.2984
-53.15959537001968,191.25,100432.6,530.8097
-53.15959537001968,193.125,100431.38,539.5803
-53.15959537001968,195.0,100433.52,547.66943
-53.15959537001968,196.875,100429.24,554.2486
-53.15959537001968,198.75,100419.76,558.3884
-53.15959537001968,200.625,100413.11,560.07776
-53.15959537001968,202.5,100413.8,559.8602
-53.15959537001968,204.375,100418.2,557.7221
-53.15959537001968,206.25,100412.7,553.1016
-53.15959537001968,208.125,100399.34,545.7271
-53.15959537001968,210.0,100385.14,536.4122
-53.15959537001968,211.875,100380.41,526.4622
-53.15959537001968,213.75,100379.11,516.4496
-53.15959537001968,215.625,100370.59,506.0939
-53.15959537001968,217.5,100352.97,495.3055
-53.15959537001968,219.375,100334.64,484.5368
-53.15959537001968,221.25,100319.38,474.37326
-53.15959537001968,223.125,100305.28,464.83246
-53.15959537001968,225.0,100287.92,455.60556
-53.15959537001968,226.875,100266.1,446.7847
-53.15959537001968,228.75,100244.39,439.03476
-53.15959537001968,230.625,100226.8,432.94424
-53.15959537001968,232.5,100208.06,428.56708
-53.15959537001968,234.375,100187.73,425.58276
-53.15959537001968,236.25,100169.03,423.74893
-53.15959537001968,238.125,100158.86,423.22266
-53.15959537001968,240.0,100154.86,424.2139
-53.15959537001968,241.875,100149.82,426.30957
-53.15959537001968,243.75,100138.54,428.53
-53.15959537001968,245.625,100121.86,429.9613
-53.15959537001968,247.5,100108.22,430.50113
-53.15959537001968,249.375,100102.19,430.60913
-53.15959537001968,251.25,100098.83,430.58356
-53.15959537001968,253.125,100092.42,430.14822
-53.15959537001968,255.0,100080.08,428.7524
-53.15959537001968,256.875,100069.58,426.129
-53.15959537001968,258.75,100069.04,422.41776
-53.15959537001968,260.625,100078.72,417.90698
-53.15959537001968,262.5,100090.4,412.729
-53.15959537001968,264.375,100094.97,406.90674
-53.15959537001968,266.25,100092.63,400.66025
-53.15959537001968,268.125,100088.36,394.3842
-53.15959537001968,270.0,100089.39,388.28647
-53.15959537001968,271.875,100101.8,382.14703
-53.15959537001968,273.75,100119.54,375.5089
-53.15959537001968,275.625,100139.58,368.28677
-53.15959537001968,277.5,100159.04,361.12152
-53.15959537001968,279.375,100179.34,354.8241
-53.15959537001968,281.25,100209.62,349.56882
-53.15959537001968,283.125,100249.82,344.57697
-53.15959537001968,285.0,100298.08,338.3997
-53.15959537001968,286.875,100338.36,329.9254
-53.15959537001968,288.75,100354.59,320.69568
-53.15959537001968,290.625,100342.78,314.16812
-53.15959537001968,292.5,100314.76,312.27722
-53.15959537001968,294.375,100289.29,314.69626
-53.15959537001968,296.25,100280.97,320.1267
-53.15959537001968,298.125,100289.28,326.88797
-53.15959537001968,300.0,100301.7,333.4858
-53.15959537001968,301.875,100303.33,339.41177
-53.15959537001968,303.75,100293.26,344.97327
-53.15959537001968,305.625,100285.96,350.55685
-53.15959537001968,307.5,100289.03,356.09677
-53.15959537001968,309.375,100298.38,361.39355
-53.15959537001968,311.25,100305.18,366.40567
-53.15959537001968,313.125,100306.08,371.30014
-53.15959537001968,315.0,100302.98,376.2889
-53.15959537001968,316.875,100302.52,381.47824
-53.15959537001968,318.75,100300.32,386.741
-53.15959537001968,320.625,100294.0,392.00296
-53.15959537001968,322.5,100285.97,397.56384
-53.15959537001968,324.375,100282.6,403.94357
-53.15959537001968,326.25,100283.8,411.2752
-53.15959537001968,328.125,100284.94,419.06302
-53.15959537001968,330.0,100278.42,426.54953
-53.15959537001968,331.875,100264.0,433.3293
-53.15959537001968,333.75,100248.73,439.4724
-53.15959537001968,335.625,100233.74,445.0947
-53.15959537001968,337.5,100218.9,449.97055
-53.15959537001968,339.375,100199.92,453.62564
-53.15959537001968,341.25,100178.55,455.8492
-53.15959537001968,343.125,100156.06,456.82043
-53.15959537001968,345.0,100133.14,456.60608
-53.15959537001968,346.875,100110.1,454.86237
-53.15959537001968,348.75,100085.14,451.14365
-53.15959537001968,350.625,100059.14,445.40222
-53.15959537001968,352.5,100034.66,438.07248
-53.15959537001968,354.375,100014.56,429.5968
-53.15959537001968,356.25,100000.37,420.09274
-53.15959537001968,358.125,99989.28,409.52914
-51.29437713895115,0.0,100370.46,395.366
-51.29437713895115,1.875,100345.0,382.29828
-51.29437713895115,3.75,100326.69,369.1636
-51.29437713895115,5.625,100313.23,356.23047
-51.29437713895115,7.5,100305.25,343.8258
-51.29437713895115,9.375,100297.64,332.4561
-51.29437713895115,11.25,100287.28,322.28317
-51.29437713895115,13.125,100272.14,312.78107
-51.29437713895115,15.0,100264.56,303.50177
-51.29437713895115,16.875,100272.9,294.90762
-51.29437713895115,18.75,100292.22,288.01343
-51.29437713895115,20.625,100308.76,283.39297
-51.29437713895115,22.5,100305.56,280.5755
-51.29437713895115,24.375,100289.1,278.55182
-51.29437713895115,26.25,100280.61,276.75198
-51.29437713895115,28.125,100293.36,275.1694
-51.29437713895115,30.0,100322.9,274.00082
-51.29437713895115,31.875,100352.77,273.31473
-51.29437713895115,33.75,100370.39,273.0637
-51.29437713895115,35.625,100379.03,273.1489
-51.29437713895115,37.5,100391.39,273.53787
-51.29437713895115,39.375,100408.55,274.17374
-51.29437713895115,41.25,100431.42,274.88416
-51.29437713895115,43.125,100453.83,275.62854
-51.29437713895115,45.0,100472.25,276.49472
-51.29437713895115,46.875,100486.45,277.76694
-51.29437713895115,48.75,100494.63,279.7503
-51.29437713895115,50.625,100502.0,282.6561
-51.29437713895115,52.5,100512.32,286.57245
-51.29437713895115,54.375,100528.18,291.4633
-51.29437713895115,56.25,100543.98,297.23373
-51.29437713895115,58.125,100554.06,303.68158
-51.29437713895115,60.0,100557.1,310.4581
-51.29437713895115,61.875,100559.28,317.4073
-51.29437713895115,63.75,100566.29,324.51694
-51.29437713895115,65.625,100575.11,331.78726
-51.29437713895115,67.5,100576.56,339.09418
-51.29437713895115,69.375,100566.86,346.49942
-51.29437713895115,71.25,100549.6,354.12534
-51.29437713895115,73.125,100530.7,362.03217
-51.29437713895115,75.0,100510.05,370.06992
-51.29437713895115,76.875,100483.51,377.90952
-51.29437713895115,78.75,100451.21,385.17456
-51.29437713895115,80.625,100419.63,391.56982
-51.29437713895115,82.5,100394.28,396.85834
-51.29437713895115,84.375,100375.1,400.79117
-51.29437713895115,86.25,100351.56,403.2451
-51.29437713895115,88.125,100322.76,404.37436
-51.29437713895115,90.0,100291.82,404.38782
-51.29437713895115,91.875,100266.76,403.31998
-51.29437713895115,93.75,100245.77,400.86755
-51.29437713895115,95.625,100221.55,396.62265
-51.29437713895115,97.5,100193.7,390.51468
-51.29437713895115,99.375,100167.52,382.9272
-51.29437713895115,101.25,100145.8,374.3374
-51.29437713895115,103.125,100127.85,364.9981
-51.29437713895115,105.0,100113.45,355.04828
-51.29437713895115,106.875,100103.08,344.81995
-51.29437713895115,108.75,100098.06,334.73483
-51.29437713895115,110.625,100096.22,325.1078
-51.29437713895115,112.5,100092.65,316.0629
-51.29437713895115,114.375,100087.5,307.80838
-51.29437713895115,116.25,100089.63,300.76794
-51.29437713895115,118.125,100100.94,295.29385
-51.29437713895115,120.0,100118.83,291.57352
-51.29437713895115,121.875,100136.35,289.67667
-51.29437713895115,123.75,100151.85,289.72446
-51.29437713895115,125.625,100168.92,291.66605
-51.29437713895115,127.5,100187.76,295.15234
-51.29437713895115,129.375,100206.29,299.62207
-51.29437713895115,131.25,100223.62,304.76392
-51.29437713895115,133.125,100240.13,310.59274
-51.29437713895115,135.0,100261.9,317.0586
-51.29437713895115,136.875,100288.34,323.7954
-51.29437713895115,138.75,100316.16,330.29547
-51.29437713895115,140.625,100341.37,336.26376
-51.29437713895115,142.5,100365.25,341.70273
-51.29437713895115,144.375,100389.43,346.58838
-51.29437713895115,146.25,100412.92,350.69125
-51.29437713895115,148.125,100436.24,353.76974
-51.29437713895115,150.0,100458.52,355.91595
-51.29437713895115,151.875,100481.71,357.64542
-51.29437713895115,153.75,100509.2,359.6757
-51.29437713895115,155.625,100540.82,362.57162
-51.29437713895115,157.5,100572.28,366.63605
-51.29437713895115,159.375,100599.78,371.86194
-51.29437713895115,161.25,100620.55,377.8562
-51.29437713895115,163.125,100636.52,384.0264
-51.29437713895115,165.0,100652.66,389.769
-51.29437713895115,166.875,100671.72,394.84177
-51.29437713895115,168.75,100691.62,399.42172
-51.29437713895115,170.625,100707.12,404.17856
-51.29437713895115,172.5,100719.96,409.94928
-51.29437713895115,174.375,100735.76,417.31464
-51.29437713895115,176.25,100758.16,426.35617
-51.29437713895115,178.125,100779.9,436.3978
-51.29437713895115,180.0,100795.88,446.5798
-51.29437713895115,181.875,100803.75,456.86588
-51.29437713895115,183.75,100809.36,468.00003
-51.29437713895115,185.625,100812.32,480.40247
-51.29437713895115,187.5,100807.58,493.0595
-51.29437713895115,189.375,100795.45,504.03152
-51.29437713895115,191.25,100785.99,512.5605
-51.29437713895115,193.125,100787.11,519.5256
-51.29437713895115,195.0,100796.8,525.82947
-51.29437713895115,196.875,100801.17,530.9412
-51.29437713895115,198.75,100794.66,533.529
-51.29437713895115,200.625,100785.71,533.4491
-51.29437713895115,202.5,100785.32,531.6486
-51.29437713895115,204.375,100789.48,528.66
-51.29437713895115,206.25,100787.66,523.9697
-51.29437713895115,208.125,100775.84,516.911
-51.29437713895115,210.0,100764.96,508.29065
-51.29437713895115,211.875,100761.49,499.60992
-51.29437713895115,213.75,100758.93,491.39487
-51.29437713895115,215.625,100743.44,482.9632
-51.29437713895115,217.5,100712.92,473.77954
-51.29437713895115,219.375,100681.3,464.33157
-51.29437713895115,221.25,100664.1,455.2714
-51.29437713895115,223.125,100655.95,446.61316
-51.29437713895115,225.0,100646.39,438.06482
-51.29437713895115,226.875,100631.74,429.87906
-51.29437713895115,228.75,100615.75,422.79834
-51.29437713895115,230.625,100604.61,417.38162
-51.29437713895115,232.5,100593.36,413.5276
-51.29437713895115,234.375,100576.96,410.83264
-51.29437713895115,236.25,100560.18,409.13107
-51.29437713895115,238.125,100549.98,408.59714
-51.29437713895115,240.0,100546.15,409.19394
-51.29437713895115,241.875,100543.35,410.46722
-51.29437713895115,243.75,100534.47,411.63535
-51.29437713895115,245.625,100521.11,412.22165
-51.29437713895115,247.5,100509.66,412.41803
-51.29437713895115,249.375,100503.8,412.599
-51.29437713895115,251.25,100502.54,412.71945
-51.29437713895115,253.125,100499.67,412.2333
-51.29437713895115,255.0,100494.56,410.55115
-51.29437713895115,256.875,100488.94,407.59592
-51.29437713895115,258.75,100483.02,403.80035
-51.29437713895115,260.625,100481.27,399.55673
-51.29437713895115,262.5,100481.69,394.94626
-51.29437713895115,264.375,100482.26,389.8651
-51.29437713895115,266.25,100482.76,384.3752
-51.29437713895115,268.125,100482.25,378.6545
-51.29437713895115,270.0,100485.84,372.81558
-51.29437713895115,271.875,100492.06,366.67703
-51.29437713895115,273.75,100499.89,360.12686
-51.29437713895115,275.625,100510.55,353.34915
-51.29437713895115,277.5,100528.81,346.84012
-51.29437713895115,279.375,100564.73,340.6017
-51.29437713895115,281.25,100615.26,334.15714
-51.29437713895115,283.125,100662.9,327.34473
-51.29437713895115,285.0,100693.79,317.99496
-51.29437713895115,286.875,100685.33,304.62625
-51.29437713895115,288.75,100629.52,293.1056
-51.29437713895115,290.625,100573.45,289.21555
-51.29437713895115,292.5,100551.22,290.42496
-51.29437713895115,294.375,100548.42,293.98685
-51.29437713895115,296.25,100552.46,300.46478
-51.29437713895115,298.125,100559.55,308.5614
-51.29437713895115,300.0,100561.62,315.9037
-51.29437713895115,301.875,100557.82,321.9719
-51.29437713895115,303.75,100555.35,327.58984
-51.29437713895115,305.625,100561.71,333.4644
-51.29437713895115,307.5,100574.33,339.394
-51.29437713895115,309.375,100581.2,344.61102
-51.29437713895115,311.25,100580.18,348.9528
-51.29437713895115,313.125,100581.75,353.16684
-51.29437713895115,315.0,100594.71,358.31375
-51.29437713895115,316.875,100614.3,365.00598
-51.29437713895115,318.75,100621.54,372.88226
-51.29437713895115,320.625,100610.9,381.0899
-51.29437713895115,322.5,100595.86,389.0248
-51.29437713895115,324.375,100592.17,396.73053
-51.29437713895115,326.25,100601.83,404.59558
-51.29437713895115,328.125,100606.44,412.55823
-51.29437713895115,330.0,100598.0,420.17276
-51.29437713895115,331.875,100583.84,427.10864
-51.29437713895115,333.75,100576.28,433.43994
-51.29437713895115,335.625,100577.97,439.47437
-51.29437713895115,337.5,100576.33,445.00623
-51.29437713895115,339.375,100564.01,449.29898
-51.29437713895115,341.25,100543.34,451.9691
-51.29437713895115,343.125,100526.5,453.2944
-51.29437713895115,345.0,100511.6,453.54538
-51.29437713895115,346.875,100495.13,452.4114
-51.29437713895115,348.75,100475.42,449.23404
-51.29437713895115,350.625,100457.54,443.8729
-51.29437713895115,352.5,100448.69,436.84976
-51.29437713895115,354.375,100439.91,428.58096
-51.29437713895115,356.25,100423.84,418.9694
-51.29437713895115,358.125,100398.48,407.8053
-49.42915369712305,0.0,100735.75,380.63412
-49.42915369712305,1.875,100734.86,367.89572
-49.42915369712305,3.75,100738.42,355.17188
-49.42915369712305,5.625,100732.0,342.47763
-49.42915369712305,7.5,100714.76,329.83777
-49.42915369712305,9.375,100691.55,317.7219
-49.42915369712305,11.25,100674.32,306.63873
-49.42915369712305,13.125,100667.03,296.51294
-49.42915369712305,15.0,100667.85,287.03714
-49.42915369712305,16.875,100671.98,278.42502
-49.42915369712305,18.75,100670.54,271.26678
-49.42915369712305,20.625,100662.09,265.76273
-49.42915369712305,22.5,100649.02,261.36908
-49.42915369712305,24.375,100648.5,257.41376
-49.42915369712305,26.25,100670.02,253.7736
-49.42915369712305,28.125,100705.14,250.78891
-49.42915369712305,30.0,100731.25,248.74231
-49.42915369712305,31.875,100737.29,247.81917
-49.42915369712305,33.75,100730.17,248.08876
-49.42915369712305,35.625,100728.01,249.38782
-49.42915369712305,37.5,100742.98,251.2679
-49.42915369712305,39.375,100770.64,253.13284
-49.42915369712305,41.25,100801.35,254.72676
-49.42915369712305,43.125,100829.58,256.25513
-49.42915369712305,45.0,100853.22,258.1165
-49.42915369712305,46.875,100871.46,260.57504
-49.42915369712305,48.75,100883.92,263.63626
-49.42915369712305,50.625,100891.32,267.24548
-49.42915369712305,52.5,100899.53,271.39368
-49.42915369712305,54.375,100913.22,276.1639
-49.42915369712305,56.25,100931.96,281.58624
-49.42915369712305,58.125,100945.66,287.54724
-49.42915369712305,60.0,100951.45,293.88815
-49.42915369712305,61.875,100952.54,300.64767
-49.42915369712305,63.75,100953.73,307.98376
-49.42915369712305,65.625,100957.48,315.7693
-49.42915369712305,67.5,100954.91,323.49512
-49.42915369712305,69.375,100940.85,331.04156
-49.42915369712305,71.25,100922.37,338.74396
-49.42915369712305,73.125,100904.3,346.95395
-49.42915369712305,75.0,100886.38,355.7257
-49.42915369712305,76.875,100861.48,364.5257
-49.42915369712305,78.75,100829.3,372.66968
-49.42915369712305,80.625,100798.62,379.76852
-49.42915369712305,82.5,100781.13,385.74323
-49.42915369712305,84.375,100770.41,390.57993
-49.42915369712305,86.25,100755.76,394.10266
-49.42915369712305,88.125,100731.81,396.14706
-49.42915369712305,90.0,100706.66,396.76514
-49.42915369712305,91.875,100689.32,396.0325
-49.42915369712305,93.75,100673.62,393.776
-49.42915369712305,95.625,100652.77,389.70142
-49.42915369712305,97.5,100624.96,383.73764
-49.42915369712305,99.375,100599.62,376.26
-49.42915369712305,101.25,100580.92,367.7424
-49.42915369712305,103.125,100562.27,358.35583
-49.42915369712305,105.0,100542.69,348.20184
-49.42915369712305,106.875,100527.1,337.62173
-49.42915369712305,108.75,100519.56,327.16946
-49.42915369712305,110.625,100516.52,317.16455
-49.42915369712305,112.5,100513.3,307.585
-49.42915369712305,114.375,100509.34,298.54227
-49.42915369712305,116.25,100512.86,290.5802
-49.42915369712305,118.125,100523.36,284.3268
-49.42915369712305,120.0,100536.84,280.05765
-49.42915369712305,121.875,100542.98,277.6771
-49.42915369712305,123.75,100545.71,276.99222
-49.42915369712305,125.625,100554.04,277.69315
-49.42915369712305,127.5,100573.88,279.36343
-49.42915369712305,129.375,100593.39,281.57526
-49.42915369712305,131.25,100608.22,284.26233
-49.42915369712305,133.125,100619.52,287.60806
-49.42915369712305,135.0,100635.66,291.78253
-49.42915369712305,136.875,100655.22,296.495
-49.42915369712305,138.75,100676.32,301.18887
-49.42915369712305,140.625,100695.22,305.36884
-49.42915369712305,142.5,100715.16,308.88434
-49.42915369712305,144.375,100738.82,311.72275
-49.42915369712305,146.25,100762.78,313.92004
-49.42915369712305,148.125,100788.64,315.5596
-49.42915369712305,150.0,100812.04,316.98495
-49.42915369712305,151.875,100835.52,318.79837
-49.42915369712305,153.75,100857.84,321.63055
-49.42915369712305,155.625,100880.81,325.78336
-49.42915369712305,157.5,100905.78,331.17413
-49.42915369712305,159.375,100932.26,337.42276
-49.42915369712305,161.25,100950.03,343.9251
-49.42915369712305,163.125,100959.58,350.1542
-49.42915369712305,165.0,100967.5,355.93436
-49.42915369712305,166.875,100985.06,361.56393
-49.42915369712305,168.75,101015.3,367.47418
-49.42915369712305,170.625,101043.45,373.75064
-49.42915369712305,172.5,101062.3,380.4936
-49.42915369712305,174.375,101077.26,388.2403
-49.42915369712305,176.25,101096.52,397.64713
-49.42915369712305,178.125,101116.07,408.63013
-49.42915369712305,180.0,101128.54,419.90396
-49.42915369712305,181.875,101129.53,430.15863
-49.42915369712305,183.75,101130.42,439.9723
-49.42915369712305,185.625,101138.42,450.7193
-49.42915369712305,187.5,101150.33,462.1246
-49.42915369712305,189.375,101155.78,471.7279
-49.42915369712305,191.25,101155.1,477.82336
-49.42915369712305,193.125,101156.27,481.58087
-49.42915369712305,195.0,101163.82,484.95685
-49.42915369712305,196.875,101168.95,487.96927
-49.42915369712305,198.75,101160.8,488.89285
-49.42915369712305,200.625,101143.49,487.14246
-49.42915369712305,202.5,101131.96,484.00308
-49.42915369712305,204.375,101131.2,480.53943
-49.42915369712305,206.25,101128.26,476.08618
-49.42915369712305,208.125,101115.63,469.72443
-49.42915369712305,210.0,101100.49,462.3451
-49.42915369712305,211.875,101093.46,455.5956
-49.42915369712305,213.75,101092.12,449.74756
-49.42915369712305,215.625,101084.35,443.55707
-49.42915369712305,217.5,101065.82,436.1954
-49.42915369712305,219.375,101050.5,428.45825
-49.42915369712305,221.25,101045.43,421.23492
-49.42915369712305,223.125,101043.05,414.42297
-49.42915369712305,225.0,101030.26,407.6401
-49.42915369712305,226.875,101006.17,401.2589
-49.42915369712305,228.75,100985.46,396.11716
-49.42915369712305,230.625,100975.3,392.45267
-49.42915369712305,232.5,100972.28,389.98062
-49.42915369712305,234.375,100964.75,388.3833
-49.42915369712305,236.25,100950.84,387.69083
-49.42915369712305,238.125,100936.46,387.89
-49.42915369712305,240.0,100923.96,388.5882
-49.42915369712305,241.875,100912.83,389.39722
-49.42915369712305,243.75,100904.82,390.13388
-49.42915369712305,245.625,100899.01,390.9133
-49.42915369712305,247.5,100892.82,391.75388
-49.42915369712305,249.375,100887.28,392.3446
-49.42915369712305,251.25,100882.94,392.1393
-49.42915369712305,253.125,100883.17,390.76617
-49.42915369712305,255.0,100886.02,388.28952
-49.42915369712305,256.875,100887.36,385.01343
-49.42915369712305,258.75,100882.39,381.115
-49.42915369712305,260.625,100872.37,376.6361
-49.42915369712305,262.5,100865.59,371.6907
-49.42915369712305,264.375,100863.78,366.44232
-49.42915369712305,266.25,100866.26,361.16718
-49.42915369712305,268.125,100873.66,355.93738
-49.42915369712305,270.0,100884.03,350.49615
-49.42915369712305,271.875,100894.86,344.48056
-49.42915369712305,273.75,100897.3,337.8259
-49.42915369712305,275.625,100891.74,330.9801
-49.42915369712305,277.5,100890.12,324.3163
-49.42915369712305,279.375,100916.0,316.86636
-49.42915369712305,281.25,100975.82,307.50687
-49.42915369712305,283.125,101041.1,296.86688
-49.42915369712305,285.0,101081.58,282.36542
-49.42915369712305,286.875,101040.05,262.2931
-49.42915369712305,288.75,100877.0,250.08868
-49.42915369712305,290.625,100723.01,254.93945
-49.42915369712305,292.5,100695.05,264.0824
-49.42915369712305,294.375,100728.96,268.6399
-49.42915369712305,296.25,100762.4,275.06216
-49.42915369712305,298.125,100785.86,283.5795
-49.42915369712305,300.0,100790.59,290.8445
-49.42915369712305,301.875,100785.58,296.28613
-49.42915369712305,303.75,100794.36,301.24634
-49.42915369712305,305.625,100821.54,307.2917
-49.42915369712305,307.5,100853.13,314.2369
-49.42915369712305,309.375,100864.2,320.29965
-49.42915369712305,311.25,100851.84,324.86255
-49.42915369712305,313.125,100840.42,328.96863
-49.42915369712305,315.0,100850.38,334.01526
-49.42915369712305,316.875,100873.34,340.79306
-49.42915369712305,318.75,100889.65,349.03894
-49.42915369712305,320.625,100887.86,357.8357
-49.42915369712305,322.5,100882.58,366.2386
-49.42915369712305,324.375,100889.08,374.0668
-49.42915369712305,326.25,100904.32,381.85535
-49.42915369712305,328.125,100909.53,389.84558
-49.42915369712305,330.0,100900.14,397.669
-49.42915369712305,331.875,100890.14,404.80725
-49.42915369712305,333.75,100895.76,411.23724
-49.42915369712305,335.625,100908.22,417.42996
-49.42915369712305,337.5,100907.9,423.44946
-49.42915369712305,339.375,100890.57,428.6005
-49.42915369712305,341.25,100869.76,432.1416
-49.42915369712305,343.125,100860.52,434.1885
-49.42915369712305,345.0,100857.34,435.25214
-49.42915369712305,346.875,100847.4,435.1934
-49.42915369712305,348.75,100829.76,433.05844
-49.42915369712305,350.625,100814.08,428.3273
-49.42915369712305,352.5,100806.6,421.5098
-49.42915369712305,354.375,100797.1,413.30896
-49.42915369712305,356.25,100777.2,403.83893
-49.42915369712305,358.125,100751.58,392.86417
-47.56392574797867,0.0,101103.7,357.9041
-47.56392574797867,1.875,101105.3,345.91287
-47.56392574797867,3.75,101104.13,333.7688
-47.56392574797867,5.625,101089.6,321.40543
-47.56392574797867,7.5,101070.02,308.67624
-47.56392574797867,9.375,101055.92,295.97113
-47.56392574797867,11.25,101052.06,283.9879
-47.56392574797867,13.125,101053.08,273.23096
-47.56392574797867,15.0,101050.66,263.85248
-47.56392574797867,16.875,101042.66,255.91328
-47.56392574797867,18.75,101033.04,249.32567
-47.56392574797867,20.625,101025.81,243.71991
-47.56392574797867,22.5,101026.89,238.58885
-47.56392574797867,24.375,101038.18,233.79568
-47.56392574797867,26.25,101051.94,229.64531
-47.56392574797867,28.125,101056.23,226.51648
-47.56392574797867,30.0,101047.77,224.51062
-47.56392574797867,31.875,101038.96,223.80217
-47.56392574797867,33.75,101044.14,224.60411
-47.56392574797867,35.625,101070.9,226.77466
-47.56392574797867,37.5,101105.78,229.48853
-47.56392574797867,39.375,101128.54,231.93791
-47.56392574797867,41.25,101137.9,233.9998
-47.56392574797867,43.125,101143.88,236.21136
-47.56392574797867,45.0,101161.02,239.00206
-47.56392574797867,46.875,101192.78,242.39148
-47.56392574797867,48.75,101228.6,246.1508
-47.56392574797867,50.625,101256.9,250.13783
-47.56392574797867,52.5,101276.54,254.27626
-47.56392574797867,54.375,101289.22,258.61346
-47.56392574797867,56.25,101299.69,263.34665
-47.56392574797867,58.125,101306.99,268.5721
-47.56392574797867,60.0,101308.88,274.3166
-47.56392574797867,61.875,101307.56,280.6993
-47.56392574797867,63.75,101305.69,287.82394
-47.56392574797867,65.625,101303.88,295.52606
-47.56392574797867,67.5,101297.52,303.1946
-47.56392574797867,69.375,101285.57,310.4706
-47.56392574797867,71.25,101272.61,317.72397
-47.56392574797867,73.125,101266.02,325.4987
-47.56392574797867,75.0,101264.97,333.87378
-47.56392574797867,76.875,101259.3,342.27057
-47.56392574797867,78.75,101242.06,350.02048
-47.56392574797867,80.625,101220.38,357.0148
-47.56392574797867,82.5,101204.44,363.47324
-47.56392574797867,84.375,101191.22,369.35724
-47.56392574797867,86.25,101172.64,374.08282
-47.56392574797867,88.125,101143.48,376.93906
-47.56392574797867,90.0,101113.94,377.7313
-47.56392574797867,91.875,101090.02,376.75302
-47.56392574797867,93.75,101067.66,374.31244
-47.56392574797867,95.625,101040.3,370.36996
-47.56392574797867,97.5,101012.78,364.85913
-47.56392574797867,99.375,100994.29,358.0281
-47.56392574797867,101.25,100983.38,350.30588
-47.56392574797867,103.125,100971.19,341.7887
-47.56392574797867,105.0,100949.68,332.29022
-47.56392574797867,106.875,100928.54,321.9881
-47.56392574797867,108.75,100915.38,311.49966
-47.56392574797867,110.625,100907.41,301.32327
-47.56392574797867,112.5,100899.9,291.58832
-47.56392574797867,114.375,100889.72,282.36353
-47.56392574797867,116.25,100885.49,274.07578
-47.56392574797867,118.125,100889.26,267.32977
-47.56392574797867,120.0,100891.72,262.3063
-47.56392574797867,121.875,100887.97,258.7281
-47.56392574797867,123.75,100884.93,256.26956
-47.56392574797867,125.625,100892.67,254.78036
-47.56392574797867,127.5,100908.79,254.25745
-47.56392574797867,129.375,100926.46,254.51796
-47.56392574797867,131.25,100937.1,255.40947
-47.56392574797867,133.125,100949.48,256.9531
-47.56392574797867,135.0,100967.42,259.23557
-47.56392574797867,136.875,100988.05,262.10284
-47.56392574797867,138.75,101003.31,265.00867
-47.56392574797867,140.625,101014.02,267.2623
-47.56392574797867,142.5,101026.04,268.45868
-47.56392574797867,144.375,101039.69,268.92743
-47.56392574797867,146.25,101052.99,269.3401
-47.56392574797867,148.125,101067.38,270.30396
-47.56392574797867,150.0,101088.45,272.3235
-47.56392574797867,151.875,101112.23,275.91135
-47.56392574797867,153.75,101130.76,281.2713
-47.56392574797867,155.625,101141.0,287.929
-47.56392574797867,157.5,101155.64,295.13672
-47.56392574797867,159.375,101183.17,302.37427
-47.56392574797867,161.25,101218.15,309.43423
-47.56392574797867,163.125,101245.51,316.27762
-47.56392574797867,165.0,101262.52,323.17712
-47.56392574797867,166.875,101279.15,330.36203
-47.56392574797867,168.75,101303.78,338.1797
-47.56392574797867,170.625,101326.94,346.75537
-47.56392574797867,172.5,101342.32,354.5607
-47.56392574797867,174.375,101350.78,360.89175
-47.56392574797867,176.25,101361.63,367.91702
-47.56392574797867,178.125,101375.1,377.27948
-47.56392574797867,180.0,101382.05,388.3196
-47.56392574797867,181.875,101379.2,398.26273
-47.56392574797867,183.75,101376.8,405.73795
-47.56392574797867,185.625,101385.9,412.4913
-47.56392574797867,187.5,101406.58,419.69583
-47.56392574797867,189.375,101423.08,425.81473
-47.56392574797867,191.25,101424.28,428.69342
-47.56392574797867,193.125,101417.19,429.11597
-47.56392574797867,195.0,101416.24,429.5954
-47.56392574797867,196.875,101423.16,430.68408
-47.56392574797867,198.75,101427.31,430.4224
-47.56392574797867,200.625,101421.49,427.6713
-47.56392574797867,202.5,101415.2,423.90002
-47.56392574797867,204.375,101418.06,420.5279
-47.56392574797867,206.25,101423.58,416.82758
-47.56392574797867,208.125,101418.68,411.75662
-47.56392574797867,210.0,101403.53,406.381
-47.56392574797867,211.875,101391.6,402.28067
-47.56392574797867,213.75,101387.42,399.11514
-47.56392574797867,215.625,101385.28,394.97824
-47.56392574797867,217.5,101378.98,389.1997
-47.56392574797867,219.375,101370.83,383.22708
-47.56392574797867,221.25,101369.06,378.17465
-47.56392574797867,223.125,101365.02,373.63177
-47.56392574797867,225.0,101351.58,369.01773
-47.56392574797867,226.875,101330.15,364.95276
-47.56392574797867,228.75,101315.92,362.3286
-47.56392574797867,230.625,101311.3,360.98123
-47.56392574797867,232.5,101309.22,360.27737
-47.56392574797867,234.375,101302.88,360.1168
-47.56392574797867,236.25,101294.2,360.91357
-47.56392574797867,238.125,101286.5,362.47464
-47.56392574797867,240.0,101278.96,364.01096
-47.56392574797867,241.875,101270.36,365.13635
-47.56392574797867,243.75,101264.42,366.3445
-47.56392574797867,245.625,101264.18,368.05417
-47.56392574797867,247.5,101266.18,369.63583
-47.56392574797867,249.375,101259.73,369.90176
-47.56392574797867,251.25,101247.65,368.45224
-47.56392574797867,253.125,101241.16,365.9155
-47.56392574797867,255.0,101240.64,362.97083
-47.56392574797867,256.875,101242.95,359.4645
-47.56392574797867,258.75,101242.23,354.86295
-47.56392574797867,260.625,101239.9,349.1842
-47.56392574797867,262.5,101242.93,343.06073
-47.56392574797867,264.375,101247.46,337.17572
-47.56392574797867,266.25,101246.12,331.85666
-47.56392574797867,268.125,101240.76,327.07645
-47.56392574797867,270.0,101239.48,322.40488
-47.56392574797867,271.875,101250.32,317.12262
-47.56392574797867,273.75,101263.26,310.86276
-47.56392574797867,275.625,101259.97,304.0926
-47.56392574797867,277.5,101239.78,296.92413
-47.56392574797867,279.375,101228.26,287.7687
-47.56392574797867,281.25,101258.11,274.40408
-47.56392574797867,283.125,101310.36,258.26633
-47.56392574797867,285.0,101353.66,239.33394
-47.56392574797867,286.875,101324.08,214.58804
-47.56392574797867,288.75,101122.66,199.59937
-47.56392574797867,290.625,100887.32,212.06949
-47.56392574797867,292.5,100823.22,229.14426
-47.56392574797867,294.375,100856.39,233.42802
-47.56392574797867,296.25,100901.64,240.4667
-47.56392574797867,298.125,100940.17,250.65254
-47.56392574797867,300.0,100958.94,259.52484
-47.56392574797867,301.875,100964.92,265.6293
-47.56392574797867,303.75,100979.49,270.68195
-47.56392574797867,305.625,101011.74,277.0893
-47.56392574797867,307.5,101054.12,284.56213
-47.56392574797867,309.375,101082.92,290.89758
-47.56392574797867,311.25,101087.54,295.73907
-47.56392574797867,313.125,101087.32,300.67496
-47.56392574797867,315.0,101095.72,306.73758
-47.56392574797867,316.875,101109.62,313.7576
-47.56392574797867,318.75,101119.83,321.04752
-47.56392574797867,320.625,101124.98,328.16248
-47.56392574797867,322.5,101135.5,335.02054
-47.56392574797867,324.375,101155.3,341.86566
-47.56392574797867,326.25,101173.42,349.2064
-47.56392574797867,328.125,101177.86,357.31592
-47.56392574797867,330.0,101174.03,365.74207
-47.56392574797867,331.875,101179.29,373.51312
-47.56392574797867,333.75,101195.95,380.18185
-47.56392574797867,335.625,101210.2,386.20456
-47.56392574797867,337.5,101205.4,392.15024
-47.56392574797867,339.375,101186.9,397.7765
-47.56392574797867,341.25,101176.32,402.05795
-47.56392574797867,343.125,101180.74,404.77625
-47.56392574797867,345.0,101185.3,406.66144
-47.56392574797867,346.875,101179.41,407.75766
-47.56392574797867,348.75,101167.28,406.7891
-47.56392574797867,350.625,101157.97,402.72284
-47.56392574797867,352.5,101156.95,396.14413
-47.56392574797867,354.375,101150.15,388.1817
-47.56392574797867,356.25,101131.93,379.27576
-47.56392574797867,358.125,101111.6,369.2065
-45.698693877701785,0.0,101442.32,330.18683
-45.698693877701785,1.875,101426.96,318.5793
-45.698693877701785,3.75,101402.13,306.3706
-45.698693877701785,5.625,101375.91,293.7343
-45.698693877701785,7.5,101362.76,280.72302
-45.698693877701785,9.375,101360.98,267.62198
-45.698693877701785,11.25,101359.28,255.21954
-45.698693877701785,13.125,101345.28,244.26204
-45.698693877701785,15.0,101326.15,235.11002
-45.698693877701785,16.875,101311.59,227.55243
-45.698693877701785,18.75,101309.77,221.14636
-45.698693877701785,20.625,101316.94,215.56488
-45.698693877701785,22.5,101324.26,210.66096
-45.698693877701785,24.375,101323.74,206.47081
-45.698693877701785,26.25,101313.06,203.16093
-45.698693877701785,28.125,101297.5,200.82484
-45.698693877701785,30.0,101288.04,199.59373
-45.698693877701785,31.875,101298.26,199.74542
-45.698693877701785,33.75,101329.5,201.50919
-45.698693877701785,35.625,101368.22,204.5932
-45.698693877701785,37.5,101393.88,208.1287
-45.698693877701785,39.375,101404.46,211.51122
-45.698693877701785,41.25,101408.4,214.80959
-45.698693877701785,43.125,101419.04,218.3128
-45.698693877701785,45.0,101440.27,221.87134
-45.698693877701785,46.875,101467.78,225.10905
-45.698693877701785,48.75,101494.74,227.99825
-45.698693877701785,50.625,101518.51,230.93195
-45.698693877701785,52.5,101538.71,234.19922
-45.698693877701785,54.375,101552.52,237.76828
-45.698693877701785,56.25,101565.44,241.7151
-45.698693877701785,58.125,101579.69,246.25108
-45.698693877701785,60.0,101597.81,251.45836
-45.698693877701785,61.875,101614.97,257.24466
-45.698693877701785,63.75,101629.95,263.54904
-45.698693877701785,65.625,101642.95,270.1782
-45.698693877701785,67.5,101654.08,276.8771
-45.698693877701785,69.375,101655.57,283.48502
-45.698693877701785,71.25,101648.88,290.3129
-45.698693877701785,73.125,101637.82,297.70782
-45.698693877701785,75.0,101629.48,305.59616
-45.698693877701785,76.875,101617.88,313.44366
-45.698693877701785,78.75,101600.14,320.8068
-45.698693877701785,80.625,101575.32,327.60437
-45.698693877701785,82.5,101551.98,333.9717
-45.698693877701785,84.375,101533.3,339.74332
-45.698693877701785,86.25,101511.88,344.3016
-45.698693877701785,88.125,101487.85,347.05313
-45.698693877701785,90.0,101465.04,347.80765
-45.698693877701785,91.875,101446.02,346.8611
-45.698693877701785,93.75,101423.0,344.5779
-45.698693877701785,95.625,101394.98,341.03998
-45.698693877701785,97.5,101367.39,336.11536
-45.698693877701785,99.375,101345.79,329.96164
-45.698693877701785,101.25,101328.66,323.01895
-45.698693877701785,103.125,101307.87,315.41928
-45.698693877701785,105.0,101282.07,306.9616
-45.698693877701785,106.875,101259.94,297.63773
-45.698693877701785,108.75,101246.2,287.87866
-45.698693877701785,110.625,101234.16,278.23505
-45.698693877701785,112.5,101218.77,268.84402
-45.698693877701785,114.375,101201.43,259.84238
-45.698693877701785,116.25,101189.03,251.7103
-45.698693877701785,118.125,101186.77,245.03555
-45.698693877701785,120.0,101188.23,239.83957
-45.698693877701785,121.875,101189.15,235.47908
-45.698693877701785,123.75,101191.33,231.48062
-45.698693877701785,125.625,101200.27,228.06508
-45.698693877701785,127.5,101211.68,225.76971
-45.698693877701785,129.375,101215.62,224.64154
-45.698693877701785,131.25,101216.05,224.16736
-45.698693877701785,133.125,101224.74,223.88544
-45.698693877701785,135.0,101242.6,223.93011
-45.698693877701785,136.875,101258.51,224.5544
-45.698693877701785,138.75,101263.88,225.33359
-45.698693877701785,140.625,101264.82,225.28786
-45.698693877701785,142.5,101272.02,224.30957
-45.698693877701785,144.375,101281.4,223.49417
-45.698693877701785,146.25,101280.47,224.13802
-45.698693877701785,148.125,101277.94,227.07774
-45.698693877701785,150.0,101293.46,232.19484
-45.698693877701785,151.875,101326.34,239.25716
-45.698693877701785,153.75,101360.52,248.05388
-45.698693877701785,155.625,101378.53,257.57315
-45.698693877701785,157.5,101389.72,266.53278
-45.698693877701785,159.375,101412.3,274.62555
-45.698693877701785,161.25,101449.4,282.45886
-45.698693877701785,163.125,101485.8,290.46268
-45.698693877701785,165.0,101512.29,298.52075
-45.698693877701785,166.875,101524.6,305.76105
-45.698693877701785,168.75,101528.21,312.3977
-45.698693877701785,170.625,101526.27,321.83508
-45.698693877701785,172.5,101531.25,332.7366
-45.698693877701785,174.375,101546.3,338.6457
-45.698693877701785,176.25,101563.9,341.89505
-45.698693877701785,178.125,101578.36,347.28586
-45.698693877701785,180.0,101591.35,355.4403
-45.698693877701785,181.875,101600.36,363.414
-45.698693877701785,183.75,101602.26,368.03775
-45.698693877701785,185.625,101602.38,370.38943
-45.698693877701785,187.5,101609.08,373.0184
-45.698693877701785,189.375,101620.48,375.57953
-45.698693877701785,191.25,101626.3,375.697
-45.698693877701785,193.125,101624.6,373.3076
-45.698693877701785,195.0,101626.06,370.9747
-45.698693877701785,196.875,101638.27,369.8116
-45.698693877701785,198.75,101655.17,367.99164
-45.698693877701785,200.625,101660.71,364.211
-45.698693877701785,202.5,101655.33,360.02322
-45.698693877701785,204.375,101656.15,356.96738
-45.698693877701785,206.25,101666.36,354.25174
-45.698693877701785,208.125,101670.28,350.83423
-45.698693877701785,210.0,101661.02,347.79562
-45.698693877701785,211.875,101650.6,346.52002
-45.698693877701785,213.75,101646.75,345.81326
-45.698693877701785,215.625,101643.77,343.1342
-45.698693877701785,217.5,101633.89,338.48102
-45.698693877701785,219.375,101618.25,334.17606
-45.698693877701785,221.25,101607.36,331.43588
-45.698693877701785,223.125,101604.26,329.3232
-45.698693877701785,225.0,101600.04,327.1049
-45.698693877701785,226.875,101597.24,325.76962
-45.698693877701785,228.75,101600.0,326.1338
-45.698693877701785,230.625,101602.04,327.45715
-45.698693877701785,232.5,101594.87,328.4979
-45.698693877701785,234.375,101580.54,329.5508
-45.698693877701785,236.25,101573.06,331.67566
-45.698693877701785,238.125,101579.46,334.63608
-45.698693877701785,240.0,101585.49,337.13144
-45.698693877701785,241.875,101582.08,338.88525
-45.698693877701785,243.75,101574.91,340.9862
-45.698693877701785,245.625,101576.58,343.69415
-45.698693877701785,247.5,101581.49,345.40427
-45.698693877701785,249.375,101581.26,344.63965
-45.698693877701785,251.25,101572.78,342.02423
-45.698693877701785,253.125,101566.62,339.01767
-45.698693877701785,255.0,101566.56,335.74863
-45.698693877701785,256.875,101563.54,331.1068
-45.698693877701785,258.75,101557.06,324.76306
-45.698693877701785,260.625,101553.66,317.73608
-45.698693877701785,262.5,101560.67,311.2631
-45.698693877701785,264.375,101569.76,305.58035
-45.698693877701785,266.25,101567.24,300.23663
-45.698693877701785,268.125,101549.24,295.06924
-45.698693877701785,270.0,101529.5,290.2256
-45.698693877701785,271.875,101527.02,285.25864
-45.698693877701785,273.75,101543.34,279.24106
-45.698693877701785,275.625,101555.22,272.45447
-45.698693877701785,277.5,101542.14,265.32022
-45.698693877701785,279.375,101510.83,255.78313
-45.698693877701785,281.25,101489.52,239.77806
-45.698693877701785,283.125,101493.96,217.56152
-45.698693877701785,285.0,101503.75,194.76813
-45.698693877701785,286.875,101481.37,170.12254
-45.698693877701785,288.75,101319.64,152.48386
-45.698693877701785,290.625,101068.81,165.82552
-45.698693877701785,292.5,100962.02,186.35054
-45.698693877701785,294.375,100960.76,194.74988
-45.698693877701785,296.25,100990.89,204.22926
-45.698693877701785,298.125,101026.49,217.18607
-45.698693877701785,300.0,101056.79,228.85234
-45.698693877701785,301.875,101077.58,236.80786
-45.698693877701785,303.75,101099.11,243.31248
-45.698693877701785,305.625,101126.18,250.91977
-45.698693877701785,307.5,101161.29,258.46613
-45.698693877701785,309.375,101198.36,263.4474
-45.698693877701785,311.25,101232.97,266.53232
-45.698693877701785,313.125,101261.48,270.86426
-45.698693877701785,315.0,101285.48,277.70215
-45.698693877701785,316.875,101302.02,285.3652
-45.698693877701785,318.75,101312.56,292.02005
-45.698693877701785,320.625,101325.53,297.53403
-45.698693877701785,322.5,101349.28,302.9286
-45.698693877701785,324.375,101375.24,308.99313
-45.698693877701785,326.25,101390.32,315.95657
-45.698693877701785,328.125,101394.45,323.83197
-45.698693877701785,330.0,101401.78,332.30682
-45.698693877701785,331.875,101421.72,340.4711
-45.698693877701785,333.75,101442.18,347.43878
-45.698693877701785,335.625,101448.12,353.22556
-45.698693877701785,337.5,101445.37,358.6553
-45.698693877701785,339.375,101446.6,363.97003
-45.698693877701785,341.25,101457.62,368.36523
-45.698693877701785,343.125,101466.61,371.35757
-45.698693877701785,345.0,101468.29,373.41165
-45.698693877701785,346.875,101465.8,374.6721
-45.698693877701785,348.75,101469.46,374.08044
-45.698693877701785,350.625,101480.75,370.6054
-45.698693877701785,352.5,101486.38,364.73996
-45.698693877701785,354.375,101480.3,357.58707
-45.698693877701785,356.25,101464.94,349.62692
-45.698693877701785,358.125,101451.06,340.6138
-43.83345857895126,0.0,101689.38,299.78696
-43.83345857895126,1.875,101682.13,288.72974
-43.83345857895126,3.75,101663.58,276.25406
-43.83345857895126,5.625,101648.49,262.90674
-43.83345857895126,7.5,101642.84,249.37984
-43.83345857895126,9.375,101638.65,236.25278
-43.83345857895126,11.25,101617.94,224.22127
-43.83345857895126,13.125,101586.58,213.96588
-43.83345857895126,15.0,101557.61,205.44656
-43.83345857895126,16.875,101543.94,198.07414
-43.83345857895126,18.75,101538.1,191.56418
-43.83345857895126,20.625,101531.14,186.16519
-43.83345857895126,22.5,101516.8,181.97337
-43.83345857895126,24.375,101501.99,178.65207
-43.83345857895126,26.25,101496.07,175.87486
-43.83345857895126,28.125,101503.55,173.83975
-43.83345857895126,30.0,101522.62,173.20671
-43.83345857895126,31.875,101542.74,174.40395
-43.83345857895126,33.75,101555.52,177.31656
-43.83345857895126,35.625,101556.44,181.33473
-43.83345857895126,37.5,101555.19,185.76302
-43.83345857895126,39.375,101568.02,190.30074
-43.83345857895126,41.25,101604.49,194.92828
-43.83345857895126,43.125,101652.66,199.47568
-43.83345857895126,45.0,101690.4,203.40291
-43.83345857895126,46.875,101706.42,206.22629
-43.83345857895126,48.75,101709.21,208.16522
-43.83345857895126,50.625,101716.23,210.05908
-43.83345857895126,52.5,101737.06,212.62033
-43.83345857895126,54.375,101762.08,215.87971
-43.83345857895126,56.25,101786.1,219.4425
-43.83345857895126,58.125,101807.68,223.15982
-43.83345857895126,60.0,101830.0,227.14958
-43.83345857895126,61.875,101849.07,231.47078
-43.83345857895126,63.75,101861.11,236.16914
-43.83345857895126,65.625,101870.53,241.14507
-43.83345857895126,67.5,101885.12,246.3361
-43.83345857895126,69.375,101896.62,251.95343
-43.83345857895126,71.25,101894.26,258.24783
-43.83345857895126,73.125,101882.38,265.26666
-43.83345857895126,75.0,101870.73,272.70435
-43.83345857895126,76.875,101861.2,280.24347
-43.83345857895126,78.75,101850.8,287.5997
-43.83345857895126,80.625,101836.02,294.3474
-43.83345857895126,82.5,101822.46,300.07806
-43.83345857895126,84.375,101809.67,304.6176
-43.83345857895126,86.25,101795.02,308.01315
-43.83345857895126,88.125,101777.84,310.28918
-43.83345857895126,90.0,101762.0,311.2814
-43.83345857895126,91.875,101747.0,310.78958
-43.83345857895126,93.75,101728.62,308.89423
-43.83345857895126,95.625,101707.4,305.69205
-43.83345857895126,97.5,101683.32,301.2127
-43.83345857895126,99.375,101659.75,295.59375
-43.83345857895126,101.25,101631.4,289.14874
-43.83345857895126,103.125,101600.26,282.03442
-43.83345857895126,105.0,101572.29,274.27634
-43.83345857895126,106.875,101552.91,265.91214
-43.83345857895126,108.75,101539.44,257.39023
-43.83345857895126,110.625,101522.92,249.0622
-43.83345857895126,112.5,101501.64,240.90997
-43.83345857895126,114.375,101480.92,232.9363
-43.83345857895126,116.25,101465.38,225.66042
-43.83345857895126,118.125,101453.75,219.75616
-43.83345857895126,120.0,101445.81,215.1994
-43.83345857895126,121.875,101438.22,211.11435
-43.83345857895126,123.75,101434.74,206.8611
-43.83345857895126,125.625,101436.29,202.87
-43.83345857895126,127.5,101437.03,199.95007
-43.83345857895126,129.375,101434.54,198.1514
-43.83345857895126,131.25,101431.56,196.55267
-43.83345857895126,133.125,101435.56,194.58545
-43.83345857895126,135.0,101443.0,192.66127
-43.83345857895126,136.875,101443.7,191.17148
-43.83345857895126,138.75,101431.76,189.41147
-43.83345857895126,140.625,101419.14,186.37189
-43.83345857895126,142.5,101420.36,182.85245
-43.83345857895126,144.375,101425.85,181.17603
-43.83345857895126,146.25,101418.26,184.20271
-43.83345857895126,148.125,101409.74,192.5447
-43.83345857895126,150.0,101423.2,202.94633
-43.83345857895126,151.875,101461.42,213.72083
-43.83345857895126,153.75,101509.5,224.96523
-43.83345857895126,155.625,101545.84,236.10077
-43.83345857895126,157.5,101565.16,245.96107
-43.83345857895126,159.375,101577.98,254.59825
-43.83345857895126,161.25,101595.54,263.31296
-43.83345857895126,163.125,101618.58,272.66513
-43.83345857895126,165.0,101644.98,281.72968
-43.83345857895126,166.875,101667.01,289.19757
-43.83345857895126,168.75,101670.8,294.74487
-43.83345857895126,170.625,101654.6,301.62958
-43.83345857895126,172.5,101649.88,312.99628
-43.83345857895126,174.375,101668.88,318.82303
-43.83345857895126,176.25,101695.54,320.99194
-43.83345857895126,178.125,101710.45,323.45694
-43.83345857895126,180.0,101725.09,327.9247
-43.83345857895126,181.875,101746.98,332.27243
-43.83345857895126,183.75,101769.12,333.5131
-43.83345857895126,185.625,101773.62,332.10846
-43.83345857895126,187.5,101769.83,330.7667
-43.83345857895126,189.375,101782.35,329.88983
-43.83345857895126,191.25,101808.08,327.18173
-43.83345857895126,193.125,101825.72,321.96902
-43.83345857895126,195.0,101829.38,316.6646
-43.83345857895126,196.875,101834.56,312.7922
-43.83345857895126,198.75,101847.18,309.1524
-43.83345857895126,200.625,101852.81,304.6109
-43.83345857895126,202.5,101843.8,300.5343
-43.83345857895126,204.375,101833.98,298.27505
-43.83345857895126,206.25,101837.16,296.86368
-43.83345857895126,208.125,101844.44,295.03552
-43.83345857895126,210.0,101841.52,293.68655
-43.83345857895126,211.875,101834.99,294.04086
-43.83345857895126,213.75,101837.97,294.5909
-43.83345857895126,215.625,101844.65,292.88547
-43.83345857895126,217.5,101843.3,289.4958
-43.83345857895126,219.375,101835.26,287.10645
-43.83345857895126,221.25,101833.64,286.63696
-43.83345857895126,223.125,101839.81,286.67285
-43.83345857895126,225.0,101840.4,286.64154
-43.83345857895126,226.875,101836.52,287.82587
-43.83345857895126,228.75,101837.76,290.8844
-43.83345857895126,230.625,101843.5,294.26318
-43.83345857895126,232.5,101839.73,296.43228
-43.83345857895126,234.375,101826.94,298.36163
-43.83345857895126,236.25,101822.22,301.61423
-43.83345857895126,238.125,101832.75,305.6744
-43.83345857895126,240.0,101841.55,308.92105
-43.83345857895126,241.875,101834.8,311.53076
-43.83345857895126,243.75,101822.0,314.84323
-43.83345857895126,245.625,101822.49,318.3409
-43.83345857895126,247.5,101830.7,319.60092
-43.83345857895126,249.375,101834.86,317.9199
-43.83345857895126,251.25,101833.91,315.18027
-43.83345857895126,253.125,101836.99,312.3897
-43.83345857895126,255.0,101844.82,308.3007
-43.83345857895126,256.875,101846.51,301.89072
-43.83345857895126,258.75,101837.34,294.23773
-43.83345857895126,260.625,101824.28,287.21335
-43.83345857895126,262.5,101817.71,281.59674
-43.83345857895126,264.375,101823.51,276.65845
-43.83345857895126,266.25,101831.68,271.10178
-43.83345857895126,268.125,101830.26,264.8053
-43.83345857895126,270.0,101814.29,258.84546
-43.83345857895126,271.875,101792.5,253.39844
-43.83345857895126,273.75,101780.2,247.03049
-43.83345857895126,275.625,101778.58,239.07433
-43.83345857895126,277.5,101772.4,230.95619
-43.83345857895126,279.375,101747.44,221.64343
-43.83345857895126,281.25,101703.42,205.66936
-43.83345857895126,283.125,101663.98,180.05386
-43.83345857895126,285.0,101627.06,154.0291
-43.83345857895126,286.875,101587.42,131.74135
-43.83345857895126,288.75,101457.36,116.01797
-43.83345857895126,290.625,101214.67,132.81065
-43.83345857895126,292.5,101089.4,152.8195
-43.83345857895126,294.375,101051.47,168.60333
-43.83345857895126,296.25,101068.69,181.11284
-43.83345857895126,298.125,101093.77,194.26302
-43.83345857895126,300.0,101121.32,205.36351
-43.83345857895126,301.875,101148.92,212.70255
-43.83345857895126,303.75,101179.85,219.43933
-43.83345857895126,305.625,101217.77,227.99658
-43.83345857895126,307.5,101259.94,235.67499
-43.83345857895126,309.375,101302.04,239.14511
-43.83345857895126,311.25,101338.44,240.02968
-43.83345857895126,313.125,101369.52,242.67067
-43.83345857895126,315.0,101397.62,248.71175
-43.83345857895126,316.875,101424.02,255.79478
-43.83345857895126,318.75,101449.44,261.62192
-43.83345857895126,320.625,101476.81,266.3819
-43.83345857895126,322.5,101510.18,271.42255
-43.83345857895126,324.375,101538.74,277.4287
-43.83345857895126,326.25,101554.69,284.0258
-43.83345857895126,328.125,101564.63,290.90118
-43.83345857895126,330.0,101585.92,298.31125
-43.83345857895126,331.875,101615.85,306.23602
-43.83345857895126,333.75,101633.72,313.65158
-43.83345857895126,335.625,101635.2,319.73517
-43.83345857895126,337.5,101639.79,324.96054
-43.83345857895126,339.375,101661.5,330.17215
-43.83345857895126,341.25,101683.81,335.0954
-43.83345857895126,343.125,101688.74,338.68634
-43.83345857895126,345.0,101681.18,340.49356
-43.83345857895126,346.875,101683.73,340.78897
-43.83345857895126,348.75,101701.55,339.56427
-43.83345857895126,350.625,101714.58,336.49905
-43.83345857895126,352.5,101711.07,331.534
-43.83345857895126,354.375,101696.96,325.06952
-43.83345857895126,356.25,101686.18,317.63248
-43.83345857895126,358.125,101686.15,309.31226
-41.96822026907538,0.0,101882.48,267.04745
-41.96822026907538,1.875,101873.38,256.90314
-41.96822026907538,3.75,101862.78,244.52184
-41.96822026907538,5.625,101852.08,230.9226
-41.96822026907538,7.5,101835.9,217.55836
-41.96822026907538,9.375,101811.14,205.11017
-41.96822026907538,11.25,101779.04,193.98
-41.96822026907538,13.125,101752.91,184.72339
-41.96822026907538,15.0,101739.01,177.31563
-41.96822026907538,16.875,101727.9,171.10216
-41.96822026907538,18.75,101704.45,165.84222
-41.96822026907538,20.625,101671.76,161.8475
-41.96822026907538,22.5,101643.0,158.96738
-41.96822026907538,24.375,101631.56,156.33318
-41.96822026907538,26.25,101636.98,153.35455
-41.96822026907538,28.125,101651.39,150.67549
-41.96822026907538,30.0,101661.06,149.49042
-41.96822026907538,31.875,101662.22,150.53642
-41.96822026907538,33.75,101657.68,153.64317
-41.96822026907538,35.625,101660.16,158.14084
-41.96822026907538,37.5,101676.49,163.36029
-41.96822026907538,39.375,101710.02,168.7406
-41.96822026907538,41.25,101751.0,173.85547
-41.96822026907538,43.125,101788.8,178.51927
-41.96822026907538,45.0,101814.58,182.59068
-41.96822026907538,46.875,101833.55,185.73166
-41.96822026907538,48.75,101853.13,187.93727
-41.96822026907538,50.625,101880.9,189.80196
-41.96822026907538,52.5,101914.06,192.13336
-41.96822026907538,54.375,101944.53,195.24768
-41.96822026907538,56.25,101967.18,198.79239
-41.96822026907538,58.125,101985.54,202.12965
-41.96822026907538,60.0,102003.5,204.99335
-41.96822026907538,61.875,102019.0,207.5811
-41.96822026907538,63.75,102026.13,210.30574
-41.96822026907538,65.625,102032.2,213.2789
-41.96822026907538,67.5,102045.64,216.6781
-41.96822026907538,69.375,102062.76,221.02565
-41.96822026907538,71.25,102073.87,226.57755
-41.96822026907538,73.125,102079.95,232.945
-41.96822026907538,75.0,102085.6,239.47719
-41.96822026907538,76.875,102093.51,245.91197
-41.96822026907538,78.75,102097.3,252.19043
-41.96822026907538,80.625,102094.61,257.89087
-41.96822026907538,82.5,102089.32,262.31775
-41.96822026907538,84.375,102078.22,265.39874
-41.96822026907538,86.25,102060.86,267.71677
-41.96822026907538,88.125,102038.42,269.6701
-41.96822026907538,90.0,102012.2,270.9088
-41.96822026907538,91.875,101985.8,270.77203
-41.96822026907538,93.75,101958.47,269.0618
-41.96822026907538,95.625,101933.24,266.0271
-41.96822026907538,97.5,101913.02,261.96542
-41.96822026907538,99.375,101890.53,256.92245
-41.96822026907538,101.25,101862.08,251.08539
-41.96822026907538,103.125,101829.54,244.5835
-41.96822026907538,105.0,101803.56,237.4942
-41.96822026907538,106.875,101779.28,230.03271
-41.96822026907538,108.75,101751.16,222.80104
-41.96822026907538,110.625,101717.14,216.29082
-41.96822026907538,112.5,101687.98,210.33458
-41.96822026907538,114.375,101667.04,204.64058
-41.96822026907538,116.25,101648.18,199.34595
-41.96822026907538,118.125,101625.04,194.79753
-41.96822026907538,120.0,101601.94,190.98547
-41.96822026907538,121.875,101584.37,187.48354
-41.96822026907538,123.75,101572.16,184.10658
-41.96822026907538,125.625,101565.86,181.03467
-41.96822026907538,127.5,101565.42,178.43973
-41.96822026907538,129.375,101568.2,176.01707
-41.96822026907538,131.25,101568.95,173.30588
-41.96822026907538,133.125,101567.27,170.30254
-41.96822026907538,135.0,101562.08,167.43742
-41.96822026907538,136.875,101551.4,164.67897
-41.96822026907538,138.75,101529.36,160.8954
-41.96822026907538,140.625,101505.28,155.53928
-41.96822026907538,142.5,101486.92,150.33672
-41.96822026907538,144.375,101475.9,148.63911
-41.96822026907538,146.25,101468.56,154.37498
-41.96822026907538,148.125,101470.23,167.00027
-41.96822026907538,150.0,101486.14,181.58998
-41.96822026907538,151.875,101519.06,195.0457
-41.96822026907538,153.75,101561.22,207.82541
-41.96822026907538,155.625,101606.47,219.94138
-41.96822026907538,157.5,101646.12,230.65251
-41.96822026907538,159.375,101675.48,240.3062
-41.96822026907538,161.25,101688.86,250.1855
-41.96822026907538,163.125,101695.9,260.6393
-41.96822026907538,165.0,101715.32,270.1818
-41.96822026907538,166.875,101743.46,277.42325
-41.96822026907538,168.75,101759.66,282.3597
-41.96822026907538,170.625,101750.46,286.5967
-41.96822026907538,172.5,101736.4,291.38083
-41.96822026907538,174.375,101745.09,296.14258
-41.96822026907538,176.25,101769.18,301.04883
-41.96822026907538,178.125,101779.91,305.0404
-41.96822026907538,180.0,101784.18,308.3065
-41.96822026907538,181.875,101806.36,309.6769
-41.96822026907538,183.75,101842.6,307.8067
-41.96822026907538,185.625,101860.12,303.25485
-41.96822026907538,187.5,101856.58,298.02222
-41.96822026907538,189.375,101864.46,292.94635
-41.96822026907538,191.25,101894.71,286.88913
-41.96822026907538,193.125,101919.62,279.27704
-41.96822026907538,195.0,101918.38,271.68945
-41.96822026907538,196.875,101911.72,265.69055
-41.96822026907538,198.75,101921.56,260.7648
-41.96822026907538,200.625,101940.38,255.86067
-41.96822026907538,202.5,101946.2,251.9497
-41.96822026907538,204.375,101943.04,250.33192
-41.96822026907538,206.25,101949.49,250.12865
-41.96822026907538,208.125,101960.29,249.5957
-41.96822026907538,210.0,101960.58,249.06328
-41.96822026907538,211.875,101953.69,249.66884
-41.96822026907538,213.75,101956.8,250.5579
-41.96822026907538,215.625,101970.76,249.92667
-41.96822026907538,217.5,101979.44,248.36934
-41.96822026907538,219.375,101979.88,247.9767
-41.96822026907538,221.25,101990.47,249.0836
-41.96822026907538,223.125,102007.11,250.2487
-41.96822026907538,225.0,102009.97,251.38924
-41.96822026907538,226.875,101996.57,253.98221
-41.96822026907538,228.75,101990.2,258.22452
-41.96822026907538,230.625,102002.64,262.272
-41.96822026907538,232.5,102017.48,265.02753
-41.96822026907538,234.375,102019.02,267.8989
-41.96822026907538,236.25,102019.44,272.09216
-41.96822026907538,238.125,102029.42,276.67462
-41.96822026907538,240.0,102037.22,280.33817
-41.96822026907538,241.875,102031.84,283.84457
-41.96822026907538,243.75,102028.32,288.0628
-41.96822026907538,245.625,102037.99,291.32175
-41.96822026907538,247.5,102049.1,291.61624
-41.96822026907538,249.375,102048.12,289.94778
-41.96822026907538,251.25,102042.58,288.29788
-41.96822026907538,253.125,102045.52,285.78287
-41.96822026907538,255.0,102053.2,280.52805
-41.96822026907538,256.875,102059.11,273.33554
-41.96822026907538,258.75,102062.61,266.55493
-41.96822026907538,260.625,102060.55,260.80017
-41.96822026907538,262.5,102051.2,255.2142
-41.96822026907538,264.375,102039.66,249.36441
-41.96822026907538,266.25,102042.08,243.10013
-41.96822026907538,268.125,102053.86,236.43895
-41.96822026907538,270.0,102053.66,230.30193
-41.96822026907538,271.875,102029.54,224.73228
-41.96822026907538,273.75,101989.07,217.8859
-41.96822026907538,275.625,101951.13,208.04109
-41.96822026907538,277.5,101922.89,197.59776
-41.96822026907538,279.375,101892.38,187.59196
-41.96822026907538,281.25,101842.31,172.26013
-41.96822026907538,283.125,101773.0,146.34583
-41.96822026907538,285.0,101696.1,120.25564
-41.96822026907538,286.875,101624.74,102.91588
-41.96822026907538,288.75,101482.72,93.83374
-41.96822026907538,290.625,101253.14,125.46423
-41.96822026907538,292.5,101123.38,134.5572
-41.96822026907538,294.375,101063.28,156.95813
-41.96822026907538,296.25,101082.26,169.19568
-41.96822026907538,298.125,101115.14,179.71426
-41.96822026907538,300.0,101148.24,187.96127
-41.96822026907538,301.875,101176.88,192.51222
-41.96822026907538,303.75,101209.32,196.62062
-41.96822026907538,305.625,101258.92,203.27899
-41.96822026907538,307.5,101325.74,209.50188
-41.96822026907538,309.375,101389.68,211.73401
-41.96822026907538,311.25,101435.9,212.21594
-41.96822026907538,313.125,101464.29,214.83263
-41.96822026907538,315.0,101490.44,219.90717
-41.96822026907538,316.875,101526.52,225.38692
-41.96822026907538,318.75,101564.36,230.26805
-41.96822026907538,320.625,101594.72,235.02611
-41.96822026907538,322.5,101623.86,240.37866
-41.96822026907538,324.375,101655.43,246.47226
-41.96822026907538,326.25,101681.22,252.5781
-41.96822026907538,328.125,101702.64,258.2343
-41.96822026907538,330.0,101730.42,264.2909
-41.96822026907538,331.875,101764.53,271.6414
-41.96822026907538,333.75,101788.22,279.39325
-41.96822026907538,335.625,101797.08,285.98422
-41.96822026907538,337.5,101813.54,291.4801
-41.96822026907538,339.375,101844.8,296.975
-41.96822026907538,341.25,101866.32,302.3413
-41.96822026907538,343.125,101868.54,306.01862
-41.96822026907538,345.0,101871.6,307.1806
-41.96822026907538,346.875,101891.12,306.34238
-41.96822026907538,348.75,101913.02,304.2217
-41.96822026907538,350.625,101915.22,300.93402
-41.96822026907538,352.5,101901.42,296.29535
-41.96822026907538,354.375,101890.32,290.30722
-41.96822026907538,356.25,101888.73,283.19302
-41.96822026907538,358.125,101887.55,275.45767
-40.1029793042494,0.0,102027.36,233.69699
-40.1029793042494,1.875,102003.24,224.0083
-40.1029793042494,3.75,101985.26,212.11174
-40.1029793042494,5.625,101959.08,199.40182
-40.1029793042494,7.5,101919.75,187.27032
-40.1029793042494,9.375,101873.94,175.86827
-40.1029793042494,11.25,101836.26,165.5103
-40.1029793042494,13.125,101810.82,157.42969
-40.1029793042494,15.0,101786.26,152.10338
-40.1029793042494,16.875,101750.98,148.40958
-40.1029793042494,18.75,101706.45,145.3583
-40.1029793042494,20.625,101671.5,143.11272
-40.1029793042494,22.5,101659.36,141.73282
-40.1029793042494,24.375,101665.74,140.26602
-40.1029793042494,26.25,101674.4,137.66962
-40.1029793042494,28.125,101675.44,134.26057
-40.1029793042494,30.0,101668.79,131.5027
-40.1029793042494,31.875,101669.76,130.78229
-40.1029793042494,33.75,101691.7,132.53484
-40.1029793042494,35.625,101735.0,136.47171
-40.1029793042494,37.5,101784.61,142.02238
-40.1029793042494,39.375,101820.8,148.40497
-40.1029793042494,41.25,101830.98,154.74411
-40.1029793042494,43.125,101827.43,160.51535
-40.1029793042494,45.0,101835.36,165.63596
-40.1029793042494,46.875,101869.42,170.03577
-40.1029793042494,48.75,101917.47,173.49057
-40.1029793042494,50.625,101961.85,176.01773
-40.1029793042494,52.5,101992.11,178.17651
-40.1029793042494,54.375,102013.2,180.83446
-40.1029793042494,56.25,102034.64,184.16602
-40.1029793042494,58.125,102059.9,187.19626
-40.1029793042494,60.0,102094.02,189.01971
-40.1029793042494,61.875,102130.06,189.87955
-40.1029793042494,63.75,102162.52,190.5601
-40.1029793042494,65.625,102189.54,191.42091
-40.1029793042494,67.5,102214.24,192.81265
-40.1029793042494,69.375,102234.17,195.51974
-40.1029793042494,71.25,102245.62,199.91953
-40.1029793042494,73.125,102253.06,205.4236
-40.1029793042494,75.0,102262.59,210.91653
-40.1029793042494,76.875,102266.87,215.79749
-40.1029793042494,78.75,102262.4,220.05774
-40.1029793042494,80.625,102250.58,223.67738
-40.1029793042494,82.5,102241.04,226.37953
-40.1029793042494,84.375,102229.96,228.15125
-40.1029793042494,86.25,102210.74,229.48529
-40.1029793042494,88.125,102189.34,230.73636
-40.1029793042494,90.0,102168.37,231.34554
-40.1029793042494,91.875,102143.67,230.67584
-40.1029793042494,93.75,102114.46,228.73286
-40.1029793042494,95.625,102085.33,225.84845
-40.1029793042494,97.5,102059.52,222.11743
-40.1029793042494,99.375,102032.1,217.54846
-40.1029793042494,101.25,102000.79,212.50417
-40.1029793042494,103.125,101967.92,207.29611
-40.1029793042494,105.0,101935.73,201.7855
-40.1029793042494,106.875,101898.77,195.88432
-40.1029793042494,108.75,101851.93,190.12715
-40.1029793042494,110.625,101802.72,185.26305
-40.1029793042494,112.5,101763.52,181.5142
-40.1029793042494,114.375,101734.36,178.58965
-40.1029793042494,116.25,101704.78,176.1403
-40.1029793042494,118.125,101673.97,173.8375
-40.1029793042494,120.0,101653.58,171.37875
-40.1029793042494,121.875,101646.37,169.01677
-40.1029793042494,123.75,101642.87,167.23271
-40.1029793042494,125.625,101637.66,165.72203
-40.1029793042494,127.5,101634.11,163.51146
-40.1029793042494,129.375,101635.06,160.38715
-40.1029793042494,131.25,101630.66,156.9926
-40.1029793042494,133.125,101614.78,153.72652
-40.1029793042494,135.0,101594.03,150.39795
-40.1029793042494,136.875,101577.15,146.62407
-40.1029793042494,138.75,101556.32,142.05518
-40.1029793042494,140.625,101520.8,136.76883
-40.1029793042494,142.5,101478.2,131.9308
-40.1029793042494,144.375,101445.86,130.39677
-40.1029793042494,146.25,101439.51,135.919
-40.1029793042494,148.125,101463.94,149.03642
-40.1029793042494,150.0,101505.74,164.37967
-40.1029793042494,151.875,101548.94,178.5052
-40.1029793042494,153.75,101591.85,191.98592
-40.1029793042494,155.625,101639.54,205.27959
-40.1029793042494,157.5,101691.09,217.86894
-40.1029793042494,159.375,101737.46,229.55164
-40.1029793042494,161.25,101763.14,240.86209
-40.1029793042494,163.125,101766.96,251.73596
-40.1029793042494,165.0,101766.18,261.33392
-40.1029793042494,166.875,101779.9,268.8081
-40.1029793042494,168.75,101792.03,273.45233
-40.1029793042494,170.625,101787.56,274.84
-40.1029793042494,172.5,101774.92,274.03006
-40.1029793042494,174.375,101782.09,275.3276
-40.1029793042494,176.25,101812.1,281.55157
-40.1029793042494,178.125,101830.98,289.27155
-40.1029793042494,180.0,101831.67,293.6932
-40.1029793042494,181.875,101843.18,293.6708
-40.1029793042494,183.75,101875.24,290.0372
-40.1029793042494,185.625,101900.98,283.7739
-40.1029793042494,187.5,101901.65,275.88547
-40.1029793042494,189.375,101899.0,267.51376
-40.1029793042494,191.25,101917.58,259.23947
-40.1029793042494,193.125,101938.96,250.74791
-40.1029793042494,195.0,101940.84,242.25761
-40.1029793042494,196.875,101937.44,234.88983
-40.1029793042494,198.75,101951.34,228.88846
-40.1029793042494,200.625,101978.11,223.48686
-40.1029793042494,202.5,101991.29,219.02731
-40.1029793042494,204.375,101993.39,216.80753
-40.1029793042494,206.25,102004.12,216.6896
-40.1029793042494,208.125,102022.27,216.93373
-40.1029793042494,210.0,102029.39,216.86815
-40.1029793042494,211.875,102025.71,217.24579
-40.1029793042494,213.75,102029.92,218.03047
-40.1029793042494,215.625,102044.5,218.23108
-40.1029793042494,217.5,102052.42,218.16966
-40.1029793042494,219.375,102047.07,219.02544
-40.1029793042494,221.25,102051.92,220.71033
-40.1029793042494,223.125,102073.48,222.21843
-40.1029793042494,225.0,102089.69,223.82503
-40.1029793042494,226.875,102087.43,226.61772
-40.1029793042494,228.75,102088.5,230.39552
-40.1029793042494,230.625,102111.17,233.74571
-40.1029793042494,232.5,102132.42,236.5283
-40.1029793042494,234.375,102134.88,239.97653
-40.1029793042494,236.25,102134.65,244.21295
-40.1029793042494,238.125,102147.31,248.05112
-40.1029793042494,240.0,102161.62,251.41484
-40.1029793042494,241.875,102165.54,255.5026
-40.1029793042494,243.75,102176.43,259.8856
-40.1029793042494,245.625,102196.31,262.28708
-40.1029793042494,247.5,102205.44,262.24762
-40.1029793042494,249.375,102200.36,261.89
-40.1029793042494,251.25,102198.98,261.5505
-40.1029793042494,253.125,102208.04,258.64914
-40.1029793042494,255.0,102205.36,252.46118
-40.1029793042494,256.875,102194.87,246.0999
-40.1029793042494,258.75,102203.62,241.61067
-40.1029793042494,260.625,102227.27,236.78363
-40.1029793042494,262.5,102229.57,229.5011
-40.1029793042494,264.375,102201.82,221.82413
-40.1029793042494,266.25,102174.84,215.84134
-40.1029793042494,268.125,102168.4,210.41057
-40.1029793042494,270.0,102166.2,204.16612
-40.1029793042494,271.875,102151.71,197.89407
-40.1029793042494,273.75,102124.22,190.56297
-40.1029793042494,275.625,102080.06,179.7074
-40.1029793042494,277.5,102024.31,167.24211
-40.1029793042494,279.375,101964.57,155.8025
-40.1029793042494,281.25,101896.97,140.65356
-40.1029793042494,283.125,101795.29,116.355316
-40.1029793042494,285.0,101675.2,94.553764
-40.1029793042494,286.875,101569.19,85.545204
-40.1029793042494,288.75,101409.34,87.727066
-40.1029793042494,290.625,101240.36,105.31174
-40.1029793042494,292.5,101038.78,128.80133
-40.1029793042494,294.375,100972.42,150.11671
-40.1029793042494,296.25,100999.04,160.12123
-40.1029793042494,298.125,101068.86,168.67146
-40.1029793042494,300.0,101144.15,175.25165
-40.1029793042494,301.875,101190.86,177.00015
-40.1029793042494,303.75,101223.26,176.96393
-40.1029793042494,305.625,101265.18,179.1339
-40.1029793042494,307.5,101330.73,181.83694
-40.1029793042494,309.375,101411.88,182.33755
-40.1029793042494,311.25,101479.81,183.08812
-40.1029793042494,313.125,101522.48,186.37274
-40.1029793042494,315.0,101558.04,190.65846
-40.1029793042494,316.875,101605.52,194.96611
-40.1029793042494,318.75,101650.51,200.09402
-40.1029793042494,320.625,101675.86,205.91478
-40.1029793042494,322.5,101697.74,211.57991
-40.1029793042494,324.375,101735.27,217.23354
-40.1029793042494,326.25,101777.84,222.95053
-40.1029793042494,328.125,101805.12,228.21657
-40.1029793042494,330.0,101829.56,233.5723
-40.1029793042494,331.875,101862.35,240.27298
-40.1029793042494,333.75,101894.17,247.87492
-40.1029793042494,335.625,101917.72,254.55592
-40.1029793042494,337.5,101943.47,260.00415
-40.1029793042494,339.375,101973.82,265.04547
-40.1029793042494,341.25,101992.5,269.28558
-40.1029793042494,343.125,102000.94,271.53326
-40.1029793042494,345.0,102022.81,271.69153
-40.1029793042494,346.875,102055.74,270.36758
-40.1029793042494,348.75,102071.64,267.65674
-40.1029793042494,350.625,102063.32,263.6724
-40.1029793042494,352.5,102058.26,259.1197
-40.1029793042494,354.375,102070.52,254.11067
-40.1029793042494,356.25,102076.46,248.21039
-40.1029793042494,358.125,102057.36,241.48096
-38.23773599056483,0.0,102089.21,201.75034
-38.23773599056483,1.875,102078.98,192.50594
-38.23773599056483,3.75,102058.94,182.02443
-38.23773599056483,5.625,102018.69,171.29048
-38.23773599056483,7.5,101968.02,160.82129
-38.23773599056483,9.375,101917.08,150.3808
-38.23773599056483,11.25,101867.58,141.11853
-38.23773599056483,13.125,101812.54,135.16321
-38.23773599056483,15.0,101744.73,132.40532
-38.23773599056483,16.875,101672.04,130.4906
-38.23773599056483,18.75,101611.45,128.47769
-38.23773599056483,20.625,101581.06,127.17407
-38.23773599056483,22.5,101572.68,126.98016
-38.23773599056483,24.375,101575.05,126.93057
-38.23773599056483,26.25,101583.63,125.6628
-38.23773599056483,28.125,101605.7,122.72381
-38.23773599056483,30.0,101640.11,118.856705
-38.23773599056483,31.875,101681.78,115.989876
-38.23773599056483,33.75,101722.37,115.936516
-38.23773599056483,35.625,101754.37,119.285446
-38.23773599056483,37.5,101780.91,125.308266
-38.23773599056483,39.375,101804.07,133.04529
-38.23773599056483,41.25,101825.16,141.60039
-38.23773599056483,43.125,101845.56,149.65585
-38.23773599056483,45.0,101873.72,156.21986
-38.23773599056483,46.875,101912.57,161.48045
-38.23773599056483,48.75,101951.46,166.04553
-38.23773599056483,50.625,101976.95,170.04742
-38.23773599056483,52.5,101994.74,173.37163
-38.23773599056483,54.375,102021.25,176.52644
-38.23773599056483,56.25,102058.87,179.64426
-38.23773599056483,58.125,102099.14,181.64374
-38.23773599056483,60.0,102138.87,181.84348
-38.23773599056483,61.875,102176.66,181.00049
-38.23773599056483,63.75,102212.87,179.96178
-38.23773599056483,65.625,102245.25,178.80577
-38.23773599056483,67.5,102271.46,177.79654
-38.23773599056483,69.375,102288.7,177.88219
-38.23773599056483,71.25,102296.2,179.7281
-38.23773599056483,73.125,102300.08,183.06972
-38.23773599056483,75.0,102307.49,186.94861
-38.23773599056483,76.875,102310.45,190.30246
-38.23773599056483,78.75,102304.0,192.6025
-38.23773599056483,80.625,102294.84,194.04666
-38.23773599056483,82.5,102291.92,195.13002
-38.23773599056483,84.375,102285.8,196.01736
-38.23773599056483,86.25,102272.71,196.7245
-38.23773599056483,88.125,102258.33,197.19453
-38.23773599056483,90.0,102248.51,196.94493
-38.23773599056483,91.875,102235.0,195.60165
-38.23773599056483,93.75,102212.7,193.52284
-38.23773599056483,95.625,102183.98,191.00075
-38.23773599056483,97.5,102151.46,187.7774
-38.23773599056483,99.375,102114.62,183.80727
-38.23773599056483,101.25,102070.48,179.74634
-38.23773599056483,103.125,102027.08,176.22098
-38.23773599056483,105.0,101985.04,172.88425
-38.23773599056483,106.875,101938.03,169.32854
-38.23773599056483,108.75,101884.68,165.81917
-38.23773599056483,110.625,101829.02,163.04842
-38.23773599056483,112.5,101776.56,161.35556
-38.23773599056483,114.375,101728.2,160.60243
-38.23773599056483,116.25,101683.1,160.59724
-38.23773599056483,118.125,101649.14,160.99504
-38.23773599056483,120.0,101636.08,161.02263
-38.23773599056483,121.875,101641.2,160.50537
-38.23773599056483,123.75,101644.84,160.19197
-38.23773599056483,125.625,101637.66,159.89984
-38.23773599056483,127.5,101629.28,158.06561
-38.23773599056483,129.375,101623.73,154.85402
-38.23773599056483,131.25,101611.3,151.97469
-38.23773599056483,133.125,101586.34,149.80936
-38.23773599056483,135.0,101553.72,146.74077
-38.23773599056483,136.875,101524.54,142.06453
-38.23773599056483,138.75,101487.24,136.65265
-38.23773599056483,140.625,101433.05,131.45778
-38.23773599056483,142.5,101377.8,127.38142
-38.23773599056483,144.375,101351.23,125.88487
-38.23773599056483,146.25,101369.25,129.6647
-38.23773599056483,148.125,101422.96,140.70955
-38.23773599056483,150.0,101485.96,154.94807
-38.23773599056483,151.875,101546.38,168.1467
-38.23773599056483,153.75,101605.11,180.86295
-38.23773599056483,155.625,101657.24,194.38438
-38.23773599056483,157.5,101695.92,208.39943
-38.23773599056483,159.375,101725.86,221.93694
-38.23773599056483,161.25,101755.18,234.46657
-38.23773599056483,163.125,101771.24,245.33958
-38.23773599056483,165.0,101769.64,254.38866
-38.23773599056483,166.875,101764.42,262.6067
-38.23773599056483,168.75,101773.07,269.2203
-38.23773599056483,170.625,101780.62,271.638
-38.23773599056483,172.5,101777.07,269.70847
-38.23773599056483,174.375,101780.02,267.8051
-38.23773599056483,176.25,101806.37,271.94815
-38.23773599056483,178.125,101837.32,279.90775
-38.23773599056483,180.0,101846.44,283.72333
-38.23773599056483,181.875,101849.12,281.68463
-38.23773599056483,183.75,101868.19,276.48624
-38.23773599056483,185.625,101895.06,269.79684
-38.23773599056483,187.5,101907.88,261.5516
-38.23773599056483,189.375,101908.29,252.46712
-38.23773599056483,191.25,101917.68,244.02802
-38.23773599056483,193.125,101938.66,235.9647
-38.23773599056483,195.0,101952.55,227.2227
-38.23773599056483,196.875,101959.48,218.79213
-38.23773599056483,198.75,101969.5,212.20816
-38.23773599056483,200.625,101980.62,207.11523
-38.23773599056483,202.5,101985.54,202.7216
-38.23773599056483,204.375,101983.24,199.50012
-38.23773599056483,206.25,101989.47,198.04813
-38.23773599056483,208.125,102009.65,197.49109
-38.23773599056483,210.0,102026.9,196.87424
-38.23773599056483,211.875,102035.44,196.5186
-38.23773599056483,213.75,102045.6,196.66551
-38.23773599056483,215.625,102068.84,197.00786
-38.23773599056483,217.5,102090.04,197.77771
-38.23773599056483,219.375,102092.85,199.40732
-38.23773599056483,221.25,102093.64,201.23962
-38.23773599056483,223.125,102114.88,202.555
-38.23773599056483,225.0,102142.87,203.90672
-38.23773599056483,226.875,102157.52,206.02226
-38.23773599056483,228.75,102167.06,208.31947
-38.23773599056483,230.625,102187.26,210.10611
-38.23773599056483,232.5,102201.84,211.98755
-38.23773599056483,234.375,102199.49,214.70805
-38.23773599056483,236.25,102203.13,217.72119
-38.23773599056483,238.125,102224.24,220.50917
-38.23773599056483,240.0,102241.54,223.99008
-38.23773599056483,241.875,102245.22,228.86157
-38.23773599056483,243.75,102253.9,233.46005
-38.23773599056483,245.625,102272.12,235.72762
-38.23773599056483,247.5,102277.84,236.36478
-38.23773599056483,249.375,102272.49,237.06024
-38.23773599056483,251.25,102291.27,236.811
-38.23773599056483,253.125,102323.9,233.18384
-38.23773599056483,255.0,102323.8,226.90314
-38.23773599056483,256.875,102295.12,221.50134
-38.23773599056483,258.75,102290.72,217.94162
-38.23773599056483,260.625,102315.16,212.89383
-38.23773599056483,262.5,102321.96,204.75427
-38.23773599056483,264.375,102296.72,197.17961
-38.23773599056483,266.25,102274.27,192.47073
-38.23773599056483,268.125,102259.48,187.5415
-38.23773599056483,270.0,102233.04,179.29646
-38.23773599056483,271.875,102203.24,170.76791
-38.23773599056483,273.75,102183.0,163.43646
-38.23773599056483,275.625,102146.53,153.61658
-38.23773599056483,277.5,102078.28,140.53772
-38.23773599056483,279.375,102003.26,127.797005
-38.23773599056483,281.25,101925.95,113.79412
-38.23773599056483,283.125,101795.32,94.80005
-38.23773599056483,285.0,101623.51,81.95941
-38.23773599056483,286.875,101488.78,77.025
-38.23773599056483,288.75,101373.32,78.04125
-38.23773599056483,290.625,101188.45,91.67727
-38.23773599056483,292.5,100965.18,126.16186
-38.23773599056483,294.375,100883.58,145.73637
-38.23773599056483,296.25,100892.66,154.78262
-38.23773599056483,298.125,100980.1,162.46458
-38.23773599056483,300.0,101099.4,167.35954
-38.23773599056483,301.875,101184.91,165.27382
-38.23773599056483,303.75,101240.01,161.09663
-38.23773599056483,305.625,101284.8,159.96492
-38.23773599056483,307.5,101332.36,160.02782
-38.23773599056483,309.375,101397.48,158.58444
-38.23773599056483,311.25,101474.97,158.77286
-38.23773599056483,313.125,101530.12,162.29953
-38.23773599056483,315.0,101565.52,166.35802
-38.23773599056483,316.875,101610.7,170.4839
-38.23773599056483,318.75,101665.42,176.64012
-38.23773599056483,320.625,101697.73,183.53699
-38.23773599056483,322.5,101719.14,188.95862
-38.23773599056483,324.375,101763.62,193.84953
-38.23773599056483,326.25,101820.38,199.5207
-38.23773599056483,328.125,101854.69,204.87373
-38.23773599056483,330.0,101872.91,209.65033
-38.23773599056483,331.875,101906.13,215.38878
-38.23773599056483,333.75,101948.0,222.01738
-38.23773599056483,335.625,101979.74,227.59476
-38.23773599056483,337.5,102006.66,231.91321
-38.23773599056483,339.375,102038.19,235.67822
-38.23773599056483,341.25,102061.9,238.11214
-38.23773599056483,343.125,102077.32,238.47412
-38.23773599056483,345.0,102101.69,237.90001
-38.23773599056483,346.875,102128.45,236.72522
-38.23773599056483,348.75,102132.94,233.6125
-38.23773599056483,350.625,102120.2,228.7215
-38.23773599056483,352.5,102123.66,224.06717
-38.23773599056483,354.375,102140.42,220.26268
-38.23773599056483,356.25,102137.58,215.77676
-38.23773599056483,358.125,102111.42,209.54842
-36.37249059281224,0.0,102114.7,172.34734
-36.37249059281224,1.875,102108.37,164.3147
-36.37249059281224,3.75,102070.34,156.0012
-36.37249059281224,5.625,102011.78,147.6479
-36.37249059281224,7.5,101954.9,139.14389
-36.37249059281224,9.375,101900.27,130.78117
-36.37249059281224,11.25,101833.5,124.4557
-36.37249059281224,13.125,101748.63,121.27262
-36.37249059281224,15.0,101652.02,119.29682
-36.37249059281224,16.875,101561.86,116.966034
-36.37249059281224,18.75,101499.07,115.13044
-36.37249059281224,20.625,101466.05,114.913605
-36.37249059281224,22.5,101444.99,116.091225
-36.37249059281224,24.375,101429.3,117.14433
-36.37249059281224,26.25,101436.02,117.00576
-36.37249059281224,28.125,101483.96,115.40941
-36.37249059281224,30.0,101560.33,112.156845
-36.37249059281224,31.875,101634.4,108.18231
-36.37249059281224,33.75,101683.22,106.87683
-36.37249059281224,35.625,101701.74,110.61994
-36.37249059281224,37.5,101704.85,117.93752
-36.37249059281224,39.375,101726.64,127.03839
-36.37249059281224,41.25,101778.12,137.06035
-36.37249059281224,43.125,101831.68,146.4452
-36.37249059281224,45.0,101866.23,153.76952
-36.37249059281224,46.875,101884.89,159.39978
-36.37249059281224,48.75,101904.35,164.66484
-36.37249059281224,50.625,101931.03,170.10858
-36.37249059281224,52.5,101970.07,175.23843
-36.37249059281224,54.375,102021.5,179.6378
-36.37249059281224,56.25,102073.8,182.89897
-36.37249059281224,58.125,102113.28,184.03531
-36.37249059281224,60.0,102141.21,182.91193
-36.37249059281224,61.875,102167.63,180.65106
-36.37249059281224,63.75,102192.79,177.86664
-36.37249059281224,65.625,102214.8,174.41339
-36.37249059281224,67.5,102238.74,170.83368
-36.37249059281224,69.375,102263.51,168.21805
-36.37249059281224,71.25,102281.92,166.90865
-36.37249059281224,73.125,102296.6,166.90295
-36.37249059281224,75.0,102317.0,168.08575
-36.37249059281224,76.875,102335.21,169.4765
-36.37249059281224,78.75,102344.42,169.81456
-36.37249059281224,80.625,102348.47,169.36276
-36.37249059281224,82.5,102350.74,169.25641
-36.37249059281224,84.375,102345.06,169.5335
-36.37249059281224,86.25,102325.9,169.63222
-36.37249059281224,88.125,102303.5,169.4323
-36.37249059281224,90.0,102283.57,168.78477
-36.37249059281224,91.875,102259.14,167.4676
-36.37249059281224,93.75,102229.74,165.92877
-36.37249059281224,95.625,102199.34,164.6785
-36.37249059281224,97.5,102165.02,163.3265
-36.37249059281224,99.375,102121.99,161.4253
-36.37249059281224,101.25,102071.73,159.42917
-36.37249059281224,103.125,102018.23,158.13248
-36.37249059281224,105.0,101959.06,157.42462
-36.37249059281224,106.875,101896.38,156.7649
-36.37249059281224,108.75,101834.1,156.35802
-36.37249059281224,110.625,101763.15,156.60654
-36.37249059281224,112.5,101684.72,157.07372
-36.37249059281224,114.375,101610.8,156.93181
-36.37249059281224,116.25,101559.31,156.76569
-36.37249059281224,118.125,101538.56,158.05777
-36.37249059281224,120.0,101539.77,159.97983
-36.37249059281224,121.875,101549.22,161.04776
-36.37249059281224,123.75,101554.54,161.74161
-36.37249059281224,125.625,101554.69,162.22606
-36.37249059281224,127.5,101553.52,161.10489
-36.37249059281224,129.375,101548.8,158.61212
-36.37249059281224,131.25,101532.38,156.70563
-36.37249059281224,133.125,101501.36,155.49738
-36.37249059281224,135.0,101463.94,152.62892
-36.37249059281224,136.875,101420.76,147.17493
-36.37249059281224,138.75,101359.47,140.29747
-36.37249059281224,140.625,101283.76,134.07861
-36.37249059281224,142.5,101233.27,130.55841
-36.37249059281224,144.375,101240.56,129.70192
-36.37249059281224,146.25,101306.68,132.82405
-36.37249059281224,148.125,101398.26,142.4476
-36.37249059281224,150.0,101460.38,155.20229
-36.37249059281224,151.875,101501.93,167.24417
-36.37249059281224,153.75,101560.48,178.67224
-36.37249059281224,155.625,101623.78,191.00723
-36.37249059281224,157.5,101659.9,204.28804
-36.37249059281224,159.375,101667.13,217.60593
-36.37249059281224,161.25,101684.02,230.19493
-36.37249059281224,163.125,101716.56,240.93446
-36.37249059281224,165.0,101730.94,249.18898
-36.37249059281224,166.875,101724.46,256.5045
-36.37249059281224,168.75,101727.36,264.13608
-36.37249059281224,170.625,101746.55,269.60812
-36.37249059281224,172.5,101753.02,270.55447
-36.37249059281224,174.375,101741.93,269.41766
-36.37249059281224,176.25,101744.67,271.23956
-36.37249059281224,178.125,101769.48,275.41983
-36.37249059281224,180.0,101790.77,275.7377
-36.37249059281224,181.875,101792.96,270.74176
-36.37249059281224,183.75,101798.72,263.96567
-36.37249059281224,185.625,101817.81,257.6866
-36.37249059281224,187.5,101837.56,250.74083
-36.37249059281224,189.375,101845.46,242.62236
-36.37249059281224,191.25,101850.96,234.77647
-36.37249059281224,193.125,101863.66,227.21964
-36.37249059281224,195.0,101880.55,218.62173
-36.37249059281224,196.875,101890.92,209.97357
-36.37249059281224,198.75,101894.43,203.53883
-36.37249059281224,200.625,101900.8,199.37396
-36.37249059281224,202.5,101914.39,195.8266
-36.37249059281224,204.375,101926.89,192.52747
-36.37249059281224,206.25,101937.1,189.92638
-36.37249059281224,208.125,101954.08,187.62543
-36.37249059281224,210.0,101977.81,185.45695
-36.37249059281224,211.875,101994.58,184.05399
-36.37249059281224,213.75,102004.06,183.43924
-36.37249059281224,215.625,102026.37,183.3964
-36.37249059281224,217.5,102061.04,184.39449
-36.37249059281224,219.375,102085.59,186.42772
-36.37249059281224,221.25,102096.56,187.99254
-36.37249059281224,223.125,102115.27,188.27594
-36.37249059281224,225.0,102140.8,188.32915
-36.37249059281224,226.875,102156.11,189.11275
-36.37249059281224,228.75,102164.59,190.02141
-36.37249059281224,230.625,102185.36,190.61237
-36.37249059281224,232.5,102206.55,191.64474
-36.37249059281224,234.375,102216.03,193.38483
-36.37249059281224,236.25,102231.4,195.36362
-36.37249059281224,238.125,102262.42,197.99435
-36.37249059281224,240.0,102282.32,202.22557
-36.37249059281224,241.875,102280.51,207.32175
-36.37249059281224,243.75,102287.77,211.29073
-36.37249059281224,245.625,102313.4,213.45357
-36.37249059281224,247.5,102324.28,214.46211
-36.37249059281224,249.375,102314.19,214.16432
-36.37249059281224,251.25,102324.58,212.07726
-36.37249059281224,253.125,102359.54,208.55527
-36.37249059281224,255.0,102373.34,204.29587
-36.37249059281224,256.875,102357.64,199.68814
-36.37249059281224,258.75,102350.56,194.71916
-36.37249059281224,260.625,102354.6,188.86986
-36.37249059281224,262.5,102341.32,182.14574
-36.37249059281224,264.375,102325.77,176.198
-36.37249059281224,266.25,102336.95,171.57767
-36.37249059281224,268.125,102339.56,165.04811
-36.37249059281224,270.0,102291.36,154.9525
-36.37249059281224,271.875,102227.64,145.29947
-36.37249059281224,273.75,102192.99,138.20638
-36.37249059281224,275.625,102152.16,129.6741
-36.37249059281224,277.5,102068.42,117.4478
-36.37249059281224,279.375,101985.94,105.70814
-36.37249059281224,281.25,101918.04,95.07237
-36.37249059281224,283.125,101772.2,83.090836
-36.37249059281224,285.0,101546.08,77.26172
-36.37249059281224,286.875,101384.48,74.06989
-36.37249059281224,288.75,101307.2,72.939095
-36.37249059281224,290.625,101164.54,87.70575
-36.37249059281224,292.5,100934.54,126.55492
-36.37249059281224,294.375,100818.66,144.92015
-36.37249059281224,296.25,100815.41,151.97716
-36.37249059281224,298.125,100893.05,157.48477
-36.37249059281224,300.0,100995.65,159.97713
-36.37249059281224,301.875,101080.23,155.13136
-36.37249059281224,303.75,101174.38,147.91751
-36.37249059281224,305.625,101266.82,145.10957
-36.37249059281224,307.5,101320.51,145.34761
-36.37249059281224,309.375,101363.89,143.87839
-36.37249059281224,311.25,101441.56,143.60925
-36.37249059281224,313.125,101513.79,147.20825
-36.37249059281224,315.0,101540.82,151.52751
-36.37249059281224,316.875,101569.85,155.92622
-36.37249059281224,318.75,101631.42,162.60107
-36.37249059281224,320.625,101683.18,169.81444
-36.37249059281224,322.5,101708.66,175.15259
-36.37249059281224,324.375,101746.07,180.18666
-36.37249059281224,326.25,101804.22,186.23927
-36.37249059281224,328.125,101843.1,191.17056
-36.37249059281224,330.0,101868.86,194.61182
-36.37249059281224,331.875,101911.92,198.91855
-36.37249059281224,333.75,101962.15,203.86195
-36.37249059281224,335.625,101992.81,207.22328
-36.37249059281224,337.5,102016.76,209.44936
-36.37249059281224,339.375,102058.09,211.78125
-36.37249059281224,341.25,102097.14,212.8448
-36.37249059281224,343.125,102117.64,211.94432
-36.37249059281224,345.0,102134.7,210.83571
-36.37249059281224,346.875,102157.13,209.48337
-36.37249059281224,348.75,102166.66,205.64145
-36.37249059281224,350.625,102166.03,199.78387
-36.37249059281224,352.5,102169.31,194.78502
-36.37249059281224,354.375,102165.18,191.229
-36.37249059281224,356.25,102142.13,186.69656
-36.37249059281224,358.125,102117.64,180.05229
-34.50724334150103,0.0,102104.02,148.41931
-34.50724334150103,1.875,102070.14,142.30609
-34.50724334150103,3.75,102004.73,135.93456
-34.50724334150103,5.625,101935.95,129.71393
-34.50724334150103,7.5,101874.46,124.05869
-34.50724334150103,9.375,101800.68,119.58169
-34.50724334150103,11.25,101705.37,116.776886
-34.50724334150103,13.125,101596.19,114.504166
-34.50724334150103,15.0,101473.94,111.71633
-34.50724334150103,16.875,101362.18,109.32046
-34.50724334150103,18.75,101293.24,107.620964
-34.50724334150103,20.625,101282.7,106.89166
-34.50724334150103,22.5,101303.72,107.79276
-34.50724334150103,24.375,101320.86,108.946785
-34.50724334150103,26.25,101341.31,109.88444
-34.50724334150103,28.125,101380.6,110.92398
-34.50724334150103,30.0,101428.79,110.28379
-34.50724334150103,31.875,101485.96,107.203186
-34.50724334150103,33.75,101559.99,105.760826
-34.50724334150103,35.625,101629.59,109.848625
-34.50724334150103,37.5,101662.97,118.21352
-34.50724334150103,39.375,101679.05,128.28279
-34.50724334150103,41.25,101704.03,139.09196
-34.50724334150103,43.125,101730.78,149.00327
-34.50724334150103,45.0,101738.98,156.83707
-34.50724334150103,46.875,101748.18,163.34077
-34.50724334150103,48.75,101784.38,169.89072
-34.50724334150103,50.625,101840.46,176.58044
-34.50724334150103,52.5,101896.38,182.46153
-34.50724334150103,54.375,101945.98,187.01884
-34.50724334150103,56.25,101988.9,190.1275
-34.50724334150103,58.125,102022.12,191.01483
-34.50724334150103,60.0,102059.38,189.38304
-34.50724334150103,61.875,102108.59,186.08824
-34.50724334150103,63.75,102152.75,181.54898
-34.50724334150103,65.625,102182.7,175.74272
-34.50724334150103,67.5,102208.73,169.76921
-34.50724334150103,69.375,102240.23,164.96559
-34.50724334150103,71.25,102267.61,161.25005
-34.50724334150103,73.125,102283.84,158.40338
-34.50724334150103,75.0,102300.08,156.97253
-34.50724334150103,76.875,102315.02,156.241
-34.50724334150103,78.75,102319.41,154.69281
-34.50724334150103,80.625,102314.23,152.85124
-34.50724334150103,82.5,102308.62,152.27097
-34.50724334150103,84.375,102298.76,152.38309
-34.50724334150103,86.25,102279.9,151.79338
-34.50724334150103,88.125,102260.78,150.7724
-34.50724334150103,90.0,102239.52,150.04956
-34.50724334150103,91.875,102207.74,149.44853
-34.50724334150103,93.75,102170.2,149.1304
-34.50724334150103,95.625,102134.85,149.89017
-34.50724334150103,97.5,102096.1,151.42401
-34.50724334150103,99.375,102049.58,152.64952
-34.50724334150103,101.25,101998.93,153.8038
-34.50724334150103,103.125,101938.93,155.96832
-34.50724334150103,105.0,101864.3,158.94135
-34.50724334150103,106.875,101779.24,161.56383
-34.50724334150103,108.75,101691.36,163.8314
-34.50724334150103,110.625,101590.03,166.32498
-34.50724334150103,112.5,101469.41,167.69447
-34.50724334150103,114.375,101365.68,165.85031
-34.50724334150103,116.25,101316.83,161.68054
-34.50724334150103,118.125,101330.93,159.68182
-34.50724334150103,120.0,101375.64,161.07736
-34.50724334150103,121.875,101412.71,163.42642
-34.50724334150103,123.75,101435.51,166.00105
-34.50724334150103,125.625,101452.17,168.4965
-34.50724334150103,127.5,101460.36,169.46129
-34.50724334150103,129.375,101451.02,168.32925
-34.50724334150103,131.25,101413.22,166.15227
-34.50724334150103,133.125,101361.01,163.04407
-34.50724334150103,135.0,101315.68,158.0066
-34.50724334150103,136.875,101277.44,150.92114
-34.50724334150103,138.75,101228.34,143.17538
-34.50724334150103,140.625,101164.85,137.97777
-34.50724334150103,142.5,101121.36,136.70361
-34.50724334150103,144.375,101135.08,137.34962
-34.50724334150103,146.25,101226.91,140.81401
-34.50724334150103,148.125,101362.92,149.51997
-34.50724334150103,150.0,101447.42,160.27495
-34.50724334150103,151.875,101463.35,170.40872
-34.50724334150103,153.75,101489.16,180.39743
-34.50724334150103,155.625,101552.46,191.47972
-34.50724334150103,157.5,101606.9,203.38954
-34.50724334150103,159.375,101616.34,214.9081
-34.50724334150103,161.25,101614.36,225.74634
-34.50724334150103,163.125,101636.18,235.60068
-34.50724334150103,165.0,101656.36,243.51503
-34.50724334150103,166.875,101648.32,249.58195
-34.50724334150103,168.75,101638.71,255.68716
-34.50724334150103,170.625,101653.86,262.1798
-34.50724334150103,172.5,101669.96,266.48056
-34.50724334150103,174.375,101663.73,267.41714
-34.50724334150103,176.25,101656.73,267.3023
-34.50724334150103,178.125,101671.41,267.25797
-34.50724334150103,180.0,101695.58,264.78015
-34.50724334150103,181.875,101706.35,258.79938
-34.50724334150103,183.75,101709.93,252.1495
-34.50724334150103,185.625,101718.14,246.92484
-34.50724334150103,187.5,101733.28,241.47702
-34.50724334150103,189.375,101744.17,234.37888
-34.50724334150103,191.25,101749.23,226.83546
-34.50724334150103,193.125,101753.0,219.57169
-34.50724334150103,195.0,101765.11,211.80202
-34.50724334150103,196.875,101777.53,204.01404
-34.50724334150103,198.75,101783.91,197.79709
-34.50724334150103,200.625,101794.08,193.24034
-34.50724334150103,202.5,101822.74,189.44044
-34.50724334150103,204.375,101854.57,186.36604
-34.50724334150103,206.25,101867.67,183.79065
-34.50724334150103,208.125,101877.47,180.84709
-34.50724334150103,210.0,101905.15,178.03706
-34.50724334150103,211.875,101935.44,176.47012
-34.50724334150103,213.75,101945.7,175.66939
-34.50724334150103,215.625,101954.19,175.01729
-34.50724334150103,217.5,101984.88,175.40215
-34.50724334150103,219.375,102016.97,176.78697
-34.50724334150103,221.25,102035.04,177.28285
-34.50724334150103,223.125,102055.25,176.08443
-34.50724334150103,225.0,102082.96,174.67929
-34.50724334150103,226.875,102101.04,174.15076
-34.50724334150103,228.75,102114.41,173.97592
-34.50724334150103,230.625,102143.6,174.10724
-34.50724334150103,232.5,102177.66,175.18495
-34.50724334150103,234.375,102196.92,176.63542
-34.50724334150103,236.25,102211.75,177.98462
-34.50724334150103,238.125,102240.66,180.4686
-34.50724334150103,240.0,102264.04,184.44077
-34.50724334150103,241.875,102267.62,187.6159
-34.50724334150103,243.75,102279.34,189.14502
-34.50724334150103,245.625,102315.21,190.7018
-34.50724334150103,247.5,102342.32,191.81773
-34.50724334150103,249.375,102335.7,189.59554
-34.50724334150103,251.25,102325.22,185.08304
-34.50724334150103,253.125,102333.24,182.3316
-34.50724334150103,255.0,102345.24,181.00934
-34.50724334150103,256.875,102349.7,176.97427
-34.50724334150103,258.75,102360.76,170.18015
-34.50724334150103,260.625,102361.33,164.15448
-34.50724334150103,262.5,102332.41,159.45107
-34.50724334150103,264.375,102302.04,154.14264
-34.50724334150103,266.25,102308.35,148.01155
-34.50724334150103,268.125,102308.06,141.06012
-34.50724334150103,270.0,102257.43,132.45468
-34.50724334150103,271.875,102197.46,123.82976
-34.50724334150103,273.75,102175.36,117.090454
-34.50724334150103,275.625,102133.13,109.662575
-34.50724334150103,277.5,102023.81,99.66077
-34.50724334150103,279.375,101919.53,90.610275
-34.50724334150103,281.25,101856.08,83.202126
-34.50724334150103,283.125,101709.28,76.13675
-34.50724334150103,285.0,101446.57,74.571205
-34.50724334150103,286.875,101274.24,69.839806
-34.50724334150103,288.75,101228.72,65.23225
-34.50724334150103,290.625,101151.8,84.00864
-34.50724334150103,292.5,100904.9,128.88905
-34.50724334150103,294.375,100746.25,145.6976
-34.50724334150103,296.25,100745.2,148.46034
-34.50724334150103,298.125,100830.97,149.55736
-34.50724334150103,300.0,100909.32,150.33179
-34.50724334150103,301.875,100951.84,146.6447
-34.50724334150103,303.75,101049.0,138.95566
-34.50724334150103,305.625,101198.97,134.67165
-34.50724334150103,307.5,101267.98,136.51178
-34.50724334150103,309.375,101286.36,136.8805
-34.50724334150103,311.25,101358.45,136.63916
-34.50724334150103,313.125,101458.18,139.7584
-34.50724334150103,315.0,101495.49,144.11823
-34.50724334150103,316.875,101509.8,149.11806
-34.50724334150103,318.75,101571.53,156.54076
-34.50724334150103,320.625,101640.38,164.38608
-34.50724334150103,322.5,101668.04,170.14499
-34.50724334150103,324.375,101694.92,175.62096
-34.50724334150103,326.25,101749.8,181.58745
-34.50724334150103,328.125,101795.5,185.20288
-34.50724334150103,330.0,101827.16,186.83177
-34.50724334150103,331.875,101877.22,189.59344
-34.50724334150103,333.75,101933.86,192.82985
-34.50724334150103,335.625,101963.13,193.90913
-34.50724334150103,337.5,101987.17,193.95184
-34.50724334150103,339.375,102036.12,194.43358
-34.50724334150103,341.25,102083.66,193.65013
-34.50724334150103,343.125,102103.95,191.03284
-34.50724334150103,345.0,102116.92,188.54297
-34.50724334150103,346.875,102142.2,185.99115
-34.50724334150103,348.75,102163.54,181.22316
-34.50724334150103,350.625,102172.21,175.16357
-34.50724334150103,352.5,102173.1,170.3481
-34.50724334150103,354.375,102161.35,166.32893
-34.50724334150103,356.25,102136.38,161.049
-34.50724334150103,358.125,102116.25,154.65717
-32.64199443851768,0.0,102017.74,131.71375
-32.64199443851768,1.875,101969.34,127.38325
-32.64199443851768,3.75,101912.89,122.40038
-32.64199443851768,5.625,101862.22,118.1655
-32.64199443851768,7.5,101798.63,115.44616
-32.64199443851768,9.375,101701.94,113.65295
-32.64199443851768,11.25,101583.86,111.62859
-32.64199443851768,13.125,101450.62,109.290146
-32.64199443851768,15.0,101290.88,108.47576
-32.64199443851768,16.875,101142.18,107.87721
-32.64199443851768,18.75,101065.96,105.75882
-32.64199443851768,20.625,101116.76,105.063866
-32.64199443851768,22.5,101250.82,110.09421
-32.64199443851768,24.375,101348.34,108.72979
-32.64199443851768,26.25,101394.64,103.83575
-32.64199443851768,28.125,101402.79,105.16221
-32.64199443851768,30.0,101383.52,108.45307
-32.64199443851768,31.875,101393.8,108.20015
-32.64199443851768,33.75,101455.06,109.11955
-32.64199443851768,35.625,101546.14,114.99515
-32.64199443851768,37.5,101588.2,124.043015
-32.64199443851768,39.375,101577.74,134.79326
-32.64199443851768,41.25,101569.32,146.40941
-32.64199443851768,43.125,101584.59,157.07312
-32.64199443851768,45.0,101607.0,165.59274
-32.64199443851768,46.875,101640.9,173.01349
-32.64199443851768,48.75,101694.76,180.7294
-32.64199443851768,50.625,101750.08,188.27968
-32.64199443851768,52.5,101787.28,194.15068
-32.64199443851768,54.375,101820.24,197.81775
-32.64199443851768,56.25,101862.72,199.75946
-32.64199443851768,58.125,101907.34,199.80531
-32.64199443851768,60.0,101956.32,197.64243
-32.64199443851768,61.875,102013.86,193.91281
-32.64199443851768,63.75,102065.7,188.73428
-32.64199443851768,65.625,102094.36,181.80936
-32.64199443851768,67.5,102114.32,174.21323
-32.64199443851768,69.375,102143.51,167.45215
-32.64199443851768,71.25,102168.61,161.61638
-32.64199443851768,73.125,102180.7,156.62762
-32.64199443851768,75.0,102188.22,153.26578
-32.64199443851768,76.875,102196.22,150.966
-32.64199443851768,78.75,102195.12,148.08826
-32.64199443851768,80.625,102186.31,145.2965
-32.64199443851768,82.5,102180.14,144.3314
-32.64199443851768,84.375,102173.34,144.47836
-32.64199443851768,86.25,102162.75,143.8466
-32.64199443851768,88.125,102154.64,142.985
-32.64199443851768,90.0,102142.5,143.28316
-32.64199443851768,91.875,102116.56,144.49167
-32.64199443851768,93.75,102081.06,146.22171
-32.64199443851768,95.625,102044.75,149.10751
-32.64199443851768,97.5,101998.5,152.9724
-32.64199443851768,99.375,101938.24,156.66779
-32.64199443851768,101.25,101878.12,160.62637
-32.64199443851768,103.125,101811.76,166.1775
-32.64199443851768,105.0,101722.03,172.56973
-32.64199443851768,106.875,101617.69,177.54204
-32.64199443851768,108.75,101512.64,180.9368
-32.64199443851768,110.625,101387.52,183.8221
-32.64199443851768,112.5,101236.26,184.55667
-32.64199443851768,114.375,101110.42,180.01634
-32.64199443851768,116.25,101059.64,170.49681
-32.64199443851768,118.125,101102.5,162.83118
-32.64199443851768,120.0,101196.02,161.94576
-32.64199443851768,121.875,101269.12,165.4938
-32.64199443851768,123.75,101305.95,171.02951
-32.64199443851768,125.625,101321.78,176.62714
-32.64199443851768,127.5,101321.14,180.5416
-32.64199443851768,129.375,101297.58,181.41995
-32.64199443851768,131.25,101246.1,178.2643
-32.64199443851768,133.125,101182.2,170.96791
-32.64199443851768,135.0,101132.96,160.71489
-32.64199443851768,136.875,101111.77,150.08223
-32.64199443851768,138.75,101110.34,143.18608
-32.64199443851768,140.625,101095.48,141.78555
-32.64199443851768,142.5,101058.61,143.50006
-32.64199443851768,144.375,101041.0,145.74016
-32.64199443851768,146.25,101101.19,148.73271
-32.64199443851768,148.125,101251.89,154.12833
-32.64199443851768,150.0,101402.8,161.44083
-32.64199443851768,151.875,101451.11,169.61174
-32.64199443851768,153.75,101440.64,179.78075
-32.64199443851768,155.625,101460.82,191.68434
-32.64199443851768,157.5,101509.14,203.64482
-32.64199443851768,159.375,101529.96,213.85902
-32.64199443851768,161.25,101515.72,221.9519
-32.64199443851768,163.125,101511.47,229.28632
-32.64199443851768,165.0,101525.41,236.21822
-32.64199443851768,166.875,101527.2,241.6444
-32.64199443851768,168.75,101516.83,246.00218
-32.64199443851768,170.625,101517.94,251.18451
-32.64199443851768,172.5,101533.08,256.48227
-32.64199443851768,174.375,101544.94,258.65643
-32.64199443851768,176.25,101549.57,257.20895
-32.64199443851768,178.125,101559.13,254.57553
-32.64199443851768,180.0,101573.38,251.52675
-32.64199443851768,181.875,101589.9,247.09563
-32.64199443851768,183.75,101602.68,242.03334
-32.64199443851768,185.625,101610.12,237.56975
-32.64199443851768,187.5,101616.55,232.68687
-32.64199443851768,189.375,101630.72,226.1428
-32.64199443851768,191.25,101644.37,218.81354
-32.64199443851768,193.125,101651.78,211.87846
-32.64199443851768,195.0,101661.04,205.22414
-32.64199443851768,196.875,101680.36,198.70596
-32.64199443851768,198.75,101693.79,192.65518
-32.64199443851768,200.625,101696.74,187.03265
-32.64199443851768,202.5,101712.08,182.20334
-32.64199443851768,204.375,101740.93,179.07158
-32.64199443851768,206.25,101756.22,177.01785
-32.64199443851768,208.125,101764.56,174.35951
-32.64199443851768,210.0,101795.29,171.48872
-32.64199443851768,211.875,101840.22,169.69371
-32.64199443851768,213.75,101865.98,168.44719
-32.64199443851768,215.625,101880.68,167.14656
-32.64199443851768,217.5,101910.98,166.78854
-32.64199443851768,219.375,101944.93,167.21194
-32.64199443851768,221.25,101965.27,166.71487
-32.64199443851768,223.125,101990.87,164.97687
-32.64199443851768,225.0,102030.09,163.26164
-32.64199443851768,226.875,102062.54,161.84708
-32.64199443851768,228.75,102080.87,160.40237
-32.64199443851768,230.625,102108.02,159.96033
-32.64199443851768,232.5,102142.76,161.15895
-32.64199443851768,234.375,102161.68,162.20628
-32.64199443851768,236.25,102168.32,162.24722
-32.64199443851768,238.125,102189.48,163.33737
-32.64199443851768,240.0,102219.86,165.63916
-32.64199443851768,241.875,102235.66,166.05757
-32.64199443851768,243.75,102242.49,164.80013
-32.64199443851768,245.625,102260.73,165.49393
-32.64199443851768,247.5,102288.42,167.01674
-32.64199443851768,249.375,102304.05,164.38728
-32.64199443851768,251.25,102307.56,158.87909
-32.64199443851768,253.125,102310.06,156.17555
-32.64199443851768,255.0,102307.49,155.63925
-32.64199443851768,256.875,102300.98,151.59132
-32.64199443851768,258.75,102306.94,144.60716
-32.64199443851768,260.625,102318.83,139.69327
-32.64199443851768,262.5,102309.26,136.01881
-32.64199443851768,264.375,102272.21,129.66655
-32.64199443851768,266.25,102243.0,122.48101
-32.64199443851768,268.125,102222.1,117.66019
-32.64199443851768,270.0,102182.0,112.762924
-32.64199443851768,271.875,102141.9,105.91351
-32.64199443851768,273.75,102127.58,99.4703
-32.64199443851768,275.625,102087.3,93.80765
-32.64199443851768,277.5,101970.06,87.01559
-32.64199443851768,279.375,101852.77,80.538704
-32.64199443851768,281.25,101788.62,75.40372
-32.64199443851768,283.125,101658.16,71.29606
-32.64199443851768,285.0,101395.54,72.04792
-32.64199443851768,286.875,101240.97,67.24416
-32.64199443851768,288.75,101208.68,59.848164
-32.64199443851768,290.625,101155.33,78.04364
-32.64199443851768,292.5,100872.32,127.878914
-32.64199443851768,294.375,100665.37,146.43564
-32.64199443851768,296.25,100646.28,147.21571
-32.64199443851768,298.125,100752.86,143.16484
-32.64199443851768,300.0,100863.93,141.47388
-32.64199443851768,301.875,100903.6,139.41374
-32.64199443851768,303.75,100978.67,133.36105
-32.64199443851768,305.625,101150.34,128.69266
-32.64199443851768,307.5,101226.36,131.41956
-32.64199443851768,309.375,101210.03,133.56606
-32.64199443851768,311.25,101247.71,133.63937
-32.64199443851768,313.125,101358.64,136.42525
-32.64199443851768,315.0,101412.31,140.97313
-32.64199443851768,316.875,101420.01,146.76685
-32.64199443851768,318.75,101472.84,155.37564
-32.64199443851768,320.625,101547.5,164.35051
-32.64199443851768,322.5,101580.54,170.65555
-32.64199443851768,324.375,101611.32,176.29881
-32.64199443851768,326.25,101677.76,181.65645
-32.64199443851768,328.125,101732.62,183.80365
-32.64199443851768,330.0,101760.41,184.09312
-32.64199443851768,331.875,101805.48,185.69518
-32.64199443851768,333.75,101867.49,187.08835
-32.64199443851768,335.625,101907.75,185.96786
-32.64199443851768,337.5,101935.52,184.07121
-32.64199443851768,339.375,101980.77,182.17719
-32.64199443851768,341.25,102022.86,178.47073
-32.64199443851768,343.125,102038.18,173.23524
-32.64199443851768,345.0,102052.34,168.6123
-32.64199443851768,346.875,102077.31,164.28021
-32.64199443851768,348.75,102089.16,158.95082
-32.64199443851768,350.625,102081.72,153.76515
-32.64199443851768,352.5,102076.15,149.68637
-32.64199443851768,354.375,102073.66,145.30614
-32.64199443851768,356.25,102062.71,140.11758
-32.64199443851768,358.125,102045.12,135.49617
-30.77674406172325,0.0,101900.78,120.238106
-30.77674406172325,1.875,101859.88,116.72648
-30.77674406172325,3.75,101817.34,113.39816
-30.77674406172325,5.625,101765.9,111.605316
-30.77674406172325,7.5,101684.04,110.8126
-30.77674406172325,9.375,101575.3,109.28867
-30.77674406172325,11.25,101466.51,107.19327
-30.77674406172325,13.125,101340.61,107.11434
-30.77674406172325,15.0,101176.58,108.630516
-30.77674406172325,16.875,101031.88,106.70229
-30.77674406172325,18.75,100972.64,102.93649
-30.77674406172325,20.625,101067.76,121.92097
-30.77674406172325,22.5,101250.82,152.35031
-30.77674406172325,24.375,101396.72,143.67577
-30.77674406172325,26.25,101531.94,113.92469
-30.77674406172325,28.125,101599.86,100.899414
-30.77674406172325,30.0,101500.62,103.8754
-30.77674406172325,31.875,101409.47,108.213005
-30.77674406172325,33.75,101397.67,114.641304
-30.77674406172325,35.625,101415.76,125.00927
-30.77674406172325,37.5,101422.74,135.73174
-30.77674406172325,39.375,101404.06,146.92343
-30.77674406172325,41.25,101412.03,159.14072
-30.77674406172325,43.125,101458.28,170.15297
-30.77674406172325,45.0,101504.69,178.62433
-30.77674406172325,46.875,101542.57,186.12949
-30.77674406172325,48.75,101583.98,193.87723
-30.77674406172325,50.625,101623.94,201.12741
-30.77674406172325,52.5,101659.0,206.60559
-30.77674406172325,54.375,101709.19,209.86241
-30.77674406172325,56.25,101780.31,211.03494
-30.77674406172325,58.125,101838.2,209.96777
-30.77674406172325,60.0,101867.62,206.87184
-30.77674406172325,61.875,101895.3,202.60895
-30.77674406172325,63.75,101927.74,197.16013
-30.77674406172325,65.625,101951.45,189.8781
-30.77674406172325,67.5,101972.38,181.54135
-30.77674406172325,69.375,102003.9,173.52336
-30.77674406172325,71.25,102034.68,166.06332
-30.77674406172325,73.125,102054.95,159.43713
-30.77674406172325,75.0,102072.06,154.70415
-30.77674406172325,76.875,102090.59,151.53535
-30.77674406172325,78.75,102098.2,148.29463
-30.77674406172325,80.625,102099.26,145.26523
-30.77674406172325,82.5,102099.35,143.99652
-30.77674406172325,84.375,102092.55,144.10997
-30.77674406172325,86.25,102073.8,144.08974
-30.77674406172325,88.125,102053.96,144.47661
-30.77674406172325,90.0,102030.95,146.44325
-30.77674406172325,91.875,101998.09,149.47447
-30.77674406172325,93.75,101961.86,152.80365
-30.77674406172325,95.625,101924.73,157.17642
-30.77674406172325,97.5,101872.19,162.86386
-30.77674406172325,99.375,101800.01,168.93457
-30.77674406172325,101.25,101728.26,175.37299
-30.77674406172325,103.125,101651.01,183.11925
-30.77674406172325,105.0,101546.6,190.93674
-30.77674406172325,106.875,101429.4,196.23825
-30.77674406172325,108.75,101315.22,199.32706
-30.77674406172325,110.625,101181.22,201.48747
-30.77674406172325,112.5,101021.14,200.26508
-30.77674406172325,114.375,100894.27,192.52217
-30.77674406172325,116.25,100854.04,179.31467
-30.77674406172325,118.125,100914.96,168.62697
-30.77674406172325,120.0,101025.27,165.91542
-30.77674406172325,121.875,101103.61,169.44962
-30.77674406172325,123.75,101130.22,176.47395
-30.77674406172325,125.625,101125.32,183.40019
-30.77674406172325,127.5,101111.56,188.26584
-30.77674406172325,129.375,101095.94,189.86876
-30.77674406172325,131.25,101069.73,185.90933
-30.77674406172325,133.125,101028.07,175.73901
-30.77674406172325,135.0,100983.57,162.29555
-30.77674406172325,136.875,100965.78,151.10725
-30.77674406172325,138.75,100982.2,146.06805
-30.77674406172325,140.625,101006.5,146.0495
-30.77674406172325,142.5,101004.29,148.66289
-30.77674406172325,144.375,100983.69,151.8136
-30.77674406172325,146.25,101002.08,153.61185
-30.77674406172325,148.125,101115.04,155.16843
-30.77674406172325,150.0,101308.4,159.46716
-30.77674406172325,151.875,101431.22,167.9875
-30.77674406172325,153.75,101412.95,180.71393
-30.77674406172325,155.625,101367.7,193.76514
-30.77674406172325,157.5,101372.51,205.01204
-30.77674406172325,159.375,101392.51,213.9317
-30.77674406172325,161.25,101383.92,219.68268
-30.77674406172325,163.125,101367.59,223.29234
-30.77674406172325,165.0,101377.42,227.07817
-30.77674406172325,166.875,101396.74,231.35289
-30.77674406172325,168.75,101398.82,235.06464
-30.77674406172325,170.625,101390.59,238.98038
-30.77674406172325,172.5,101391.43,243.38751
-30.77674406172325,174.375,101405.19,245.52534
-30.77674406172325,176.25,101419.86,243.68565
-30.77674406172325,178.125,101425.49,240.16435
-30.77674406172325,180.0,101426.71,237.25577
-30.77674406172325,181.875,101435.85,234.285
-30.77674406172325,183.75,101455.06,230.40152
-30.77674406172325,185.625,101466.81,226.11653
-30.77674406172325,187.5,101467.66,221.35564
-30.77674406172325,189.375,101480.82,215.43452
-30.77674406172325,191.25,101503.06,208.75374
-30.77674406172325,193.125,101512.72,202.4344
-30.77674406172325,195.0,101516.76,196.67273
-30.77674406172325,196.875,101536.8,191.0706
-30.77674406172325,198.75,101561.88,185.49043
-30.77674406172325,200.625,101568.78,179.91745
-30.77674406172325,202.5,101573.42,174.93994
-30.77674406172325,204.375,101600.82,171.70338
-30.77674406172325,206.25,101634.5,169.82903
-30.77674406172325,208.125,101652.34,167.38162
-30.77674406172325,210.0,101677.09,164.13823
-30.77674406172325,211.875,101717.39,161.48523
-30.77674406172325,213.75,101751.92,159.4133
-30.77674406172325,215.625,101782.6,157.64133
-30.77674406172325,217.5,101824.8,156.8435
-30.77674406172325,219.375,101866.92,156.64975
-30.77674406172325,221.25,101890.77,155.77899
-30.77674406172325,223.125,101917.15,154.36752
-30.77674406172325,225.0,101959.28,153.32016
-30.77674406172325,226.875,101996.26,151.98563
-30.77674406172325,228.75,102015.31,149.71927
-30.77674406172325,230.625,102037.13,148.15105
-30.77674406172325,232.5,102070.04,148.23177
-30.77674406172325,234.375,102098.98,148.0243
-30.77674406172325,236.25,102116.24,146.44693
-30.77674406172325,238.125,102136.5,145.78268
-30.77674406172325,240.0,102169.29,146.50093
-30.77674406172325,241.875,102197.61,145.45192
-30.77674406172325,243.75,102206.04,142.47429
-30.77674406172325,245.625,102202.9,141.21906
-30.77674406172325,247.5,102210.26,141.67288
-30.77674406172325,249.375,102227.77,139.80174
-30.77674406172325,251.25,102248.42,135.59944
-30.77674406172325,253.125,102265.3,132.67032
-30.77674406172325,255.0,102268.68,130.57574
-30.77674406172325,256.875,102245.86,126.22303
-30.77674406172325,258.75,102223.66,121.10409
-30.77674406172325,260.625,102229.7,118.18111
-30.77674406172325,262.5,102239.95,114.9106
-30.77674406172325,264.375,102217.5,108.23983
-30.77674406172325,266.25,102181.54,101.759384
-30.77674406172325,268.125,102165.46,99.006905
-30.77674406172325,270.0,102138.82,96.45607
-30.77674406172325,271.875,102080.82,90.8589
-30.77674406172325,273.75,102025.39,85.37088
-30.77674406172325,275.625,101978.49,81.79219
-30.77674406172325,277.5,101889.93,77.827446
-30.77674406172325,279.375,101782.44,73.96549
-30.77674406172325,281.25,101708.64,70.53771
-30.77674406172325,283.125,101605.71,67.26617
-30.77674406172325,285.0,101389.61,66.81878
-30.77674406172325,286.875,101247.75,64.42918
-30.77674406172325,288.75,101213.21,57.418175
-30.77674406172325,290.625,101204.78,70.04266
-30.77674406172325,292.5,100910.55,120.1798
-30.77674406172325,294.375,100638.48,143.14441
-30.77674406172325,296.25,100567.55,147.06952
-30.77674406172325,298.125,100630.31,139.94014
-30.77674406172325,300.0,100790.45,134.76782
-30.77674406172325,301.875,100860.99,133.01588
-30.77674406172325,303.75,100911.78,129.22723
-30.77674406172325,305.625,101084.01,124.38068
-30.77674406172325,307.5,101208.02,126.023415
-30.77674406172325,309.375,101190.67,129.4675
-30.77674406172325,311.25,101186.18,131.93976
-30.77674406172325,313.125,101259.0,136.28308
-30.77674406172325,315.0,101312.06,141.66203
-30.77674406172325,316.875,101322.38,147.77353
-30.77674406172325,318.75,101370.12,156.60541
-30.77674406172325,320.625,101439.37,165.48753
-30.77674406172325,322.5,101472.8,171.8924
-30.77674406172325,324.375,101512.44,178.30978
-30.77674406172325,326.25,101591.56,183.81487
-30.77674406172325,328.125,101653.48,185.2598
-30.77674406172325,330.0,101678.0,184.98586
-30.77674406172325,331.875,101720.49,185.2557
-30.77674406172325,333.75,101787.9,183.73647
-30.77674406172325,335.625,101837.06,179.80956
-30.77674406172325,337.5,101868.77,176.19524
-30.77674406172325,339.375,101909.76,172.41203
-30.77674406172325,341.25,101944.99,166.319
-30.77674406172325,343.125,101961.35,159.3082
-30.77674406172325,345.0,101981.57,153.32053
-30.77674406172325,346.875,102007.0,147.52182
-30.77674406172325,348.75,102009.13,141.6842
-30.77674406172325,350.625,101991.89,137.13054
-30.77674406172325,352.5,101982.07,133.41783
-30.77674406172325,354.375,101978.96,129.12248
-30.77674406172325,356.25,101965.67,125.142845
-30.77674406172325,358.125,101938.02,122.60479
-28.91149236871774,0.0,101793.94,112.50931
-28.91149236871774,1.875,101751.64,109.82295
-28.91149236871774,3.75,101695.48,109.08763
-28.91149236871774,5.625,101615.54,109.46341
-28.91149236871774,7.5,101517.88,108.57486
-28.91149236871774,9.375,101421.88,106.55886
-28.91149236871774,11.25,101327.82,104.961006
-28.91149236871774,13.125,101214.68,104.9276
-28.91149236871774,15.0,101092.01,104.84423
-28.91149236871774,16.875,100992.3,99.62981
-28.91149236871774,18.75,100966.13,95.87271
-28.91149236871774,20.625,101050.5,136.76811
-28.91149236871774,22.5,101150.84,175.01361
-28.91149236871774,24.375,101242.92,162.54784
-28.91149236871774,26.25,101460.14,125.72177
-28.91149236871774,28.125,101687.85,132.98228
-28.91149236871774,30.0,101667.99,101.81149
-28.91149236871774,31.875,101444.49,108.99678
-28.91149236871774,33.75,101334.58,121.772514
-28.91149236871774,35.625,101290.56,136.69424
-28.91149236871774,37.5,101280.69,149.59863
-28.91149236871774,39.375,101275.92,160.7964
-28.91149236871774,41.25,101284.99,171.71483
-28.91149236871774,43.125,101313.68,180.86508
-28.91149236871774,45.0,101341.24,188.5806
-28.91149236871774,46.875,101365.34,197.29727
-28.91149236871774,48.75,101410.7,206.32434
-28.91149236871774,50.625,101473.34,213.03737
-28.91149236871774,52.5,101532.69,217.44293
-28.91149236871774,54.375,101589.99,220.70474
-28.91149236871774,56.25,101653.55,222.44852
-28.91149236871774,58.125,101700.16,221.19002
-28.91149236871774,60.0,101723.3,217.11435
-28.91149236871774,61.875,101748.54,211.6622
-28.91149236871774,63.75,101791.6,205.18358
-28.91149236871774,65.625,101832.96,197.3015
-28.91149236871774,67.5,101864.53,188.8014
-28.91149236871774,69.375,101894.67,180.7067
-28.91149236871774,71.25,101923.34,173.04938
-28.91149236871774,73.125,101941.74,166.03836
-28.91149236871774,75.0,101958.28,160.61899
-28.91149236871774,76.875,101971.33,156.76552
-28.91149236871774,78.75,101974.26,153.50827
-28.91149236871774,80.625,101969.06,150.90666
-28.91149236871774,82.5,101965.84,149.86893
-28.91149236871774,84.375,101955.18,150.16768
-28.91149236871774,86.25,101931.26,150.78842
-28.91149236871774,88.125,101905.03,152.04091
-28.91149236871774,90.0,101876.78,154.72215
-28.91149236871774,91.875,101838.36,158.37204
-28.91149236871774,93.75,101796.5,162.27324
-28.91149236871774,95.625,101756.92,167.3034
-28.91149236871774,97.5,101705.22,174.43077
-28.91149236871774,99.375,101633.32,182.64839
-28.91149236871774,101.25,101555.41,190.96318
-28.91149236871774,103.125,101469.65,199.63655
-28.91149236871774,105.0,101356.67,207.40474
-28.91149236871774,106.875,101231.41,212.37117
-28.91149236871774,108.75,101110.48,215.22011
-28.91149236871774,110.625,100967.68,216.4401
-28.91149236871774,112.5,100805.94,211.863
-28.91149236871774,114.375,100691.25,198.90836
-28.91149236871774,116.25,100677.82,181.95546
-28.91149236871774,118.125,100762.36,171.81271
-28.91149236871774,120.0,100864.54,170.38857
-28.91149236871774,121.875,100922.89,173.91315
-28.91149236871774,123.75,100938.58,179.74358
-28.91149236871774,125.625,100936.26,184.68408
-28.91149236871774,127.5,100932.58,187.00372
-28.91149236871774,129.375,100937.72,186.38716
-28.91149236871774,131.25,100936.56,181.63904
-28.91149236871774,133.125,100909.72,173.43434
-28.91149236871774,135.0,100866.32,164.8895
-28.91149236871774,136.875,100832.18,158.31326
-28.91149236871774,138.75,100821.88,153.5777
-28.91149236871774,140.625,100841.22,150.88515
-28.91149236871774,142.5,100889.98,151.3017
-28.91149236871774,144.375,100937.53,153.155
-28.91149236871774,146.25,100970.5,153.86713
-28.91149236871774,148.125,101041.08,155.02621
-28.91149236871774,150.0,101202.6,160.61311
-28.91149236871774,151.875,101350.33,173.03426
-28.91149236871774,153.75,101347.34,188.32748
-28.91149236871774,155.625,101274.79,199.00647
-28.91149236871774,157.5,101241.63,205.64629
-28.91149236871774,159.375,101253.0,211.07071
-28.91149236871774,161.25,101256.7,214.87592
-28.91149236871774,163.125,101241.4,215.76706
-28.91149236871774,165.0,101240.0,215.88054
-28.91149236871774,166.875,101252.41,217.85762
-28.91149236871774,168.75,101259.49,221.14487
-28.91149236871774,170.625,101257.34,224.42021
-28.91149236871774,172.5,101255.08,227.31676
-28.91149236871774,174.375,101261.12,228.7091
-28.91149236871774,176.25,101273.95,227.24904
-28.91149236871774,178.125,101285.46,223.85648
-28.91149236871774,180.0,101288.6,220.49327
-28.91149236871774,181.875,101293.22,217.44421
-28.91149236871774,183.75,101308.53,213.95337
-28.91149236871774,185.625,101323.97,210.04883
-28.91149236871774,187.5,101328.64,205.88394
-28.91149236871774,189.375,101336.36,200.99857
-28.91149236871774,191.25,101357.5,195.55844
-28.91149236871774,193.125,101370.65,190.45859
-28.91149236871774,195.0,101368.27,185.59406
-28.91149236871774,196.875,101382.89,180.4165
-28.91149236871774,198.75,101418.34,175.29904
-28.91149236871774,200.625,101441.98,170.58293
-28.91149236871774,202.5,101454.5,166.28618
-28.91149236871774,204.375,101487.82,163.02658
-28.91149236871774,206.25,101533.54,160.96928
-28.91149236871774,208.125,101562.64,158.81917
-28.91149236871774,210.0,101584.15,155.9539
-28.91149236871774,211.875,101615.18,153.39474
-28.91149236871774,213.75,101651.04,151.38393
-28.91149236871774,215.625,101683.72,149.5827
-28.91149236871774,217.5,101725.49,148.43219
-28.91149236871774,219.375,101769.68,147.99384
-28.91149236871774,221.25,101802.88,147.17003
-28.91149236871774,223.125,101830.48,145.64864
-28.91149236871774,225.0,101864.42,144.26038
-28.91149236871774,226.875,101900.34,142.80193
-28.91149236871774,228.75,101930.62,140.3776
-28.91149236871774,230.625,101957.24,137.63992
-28.91149236871774,232.5,101986.44,135.65749
-28.91149236871774,234.375,102023.32,133.67628
-28.91149236871774,236.25,102054.89,130.99385
-28.91149236871774,238.125,102071.66,128.814
-28.91149236871774,240.0,102085.1,127.74223
-28.91149236871774,241.875,102113.21,126.083916
-28.91149236871774,243.75,102139.56,122.95671
-28.91149236871774,245.625,102148.0,119.933266
-28.91149236871774,247.5,102151.14,117.933205
-28.91149236871774,249.375,102156.05,116.120316
-28.91149236871774,251.25,102152.24,114.047264
-28.91149236871774,253.125,102154.56,111.69107
-28.91149236871774,255.0,102171.54,108.44759
-28.91149236871774,256.875,102172.75,104.37001
-28.91149236871774,258.75,102145.62,101.2422
-28.91149236871774,260.625,102128.91,99.41007
-28.91149236871774,262.5,102128.14,96.627556
-28.91149236871774,264.375,102105.79,92.03689
-28.91149236871774,266.25,102074.2,87.99362
-28.91149236871774,268.125,102072.56,85.9577
-28.91149236871774,270.0,102056.92,83.57579
-28.91149236871774,271.875,101981.83,79.46017
-28.91149236871774,273.75,101897.5,75.55472
-28.91149236871774,275.625,101861.72,73.11972
-28.91149236871774,277.5,101811.4,71.351105
-28.91149236871774,279.375,101708.85,70.19139
-28.91149236871774,281.25,101605.84,67.471016
-28.91149236871774,283.125,101527.12,62.97622
-28.91149236871774,285.0,101375.58,62.85071
-28.91149236871774,286.875,101235.95,64.744644
-28.91149236871774,288.75,101181.58,56.52789
-28.91149236871774,290.625,101319.12,59.6041
-28.91149236871774,292.5,101160.98,104.198
-28.91149236871774,294.375,100699.98,132.03601
-28.91149236871774,296.25,100567.08,141.01668
-28.91149236871774,298.125,100543.22,136.43001
-28.91149236871774,300.0,100692.54,129.98355
-28.91149236871774,301.875,100793.28,128.52887
-28.91149236871774,303.75,100818.71,127.053856
-28.91149236871774,305.625,100975.02,121.369774
-28.91149236871774,307.5,101206.4,119.445625
-28.91149236871774,309.375,101243.69,123.67491
-28.91149236871774,311.25,101183.49,131.19615
-28.91149236871774,313.125,101175.36,138.8699
-28.91149236871774,315.0,101200.21,144.66856
-28.91149236871774,316.875,101221.33,150.59425
-28.91149236871774,318.75,101275.95,159.03961
-28.91149236871774,320.625,101342.26,166.42844
-28.91149236871774,322.5,101375.38,172.01418
-28.91149236871774,324.375,101412.9,179.49886
-28.91149236871774,326.25,101486.95,185.93068
-28.91149236871774,328.125,101547.7,187.29822
-28.91149236871774,330.0,101582.58,186.34102
-28.91149236871774,331.875,101634.9,184.31462
-28.91149236871774,333.75,101700.6,179.04793
-28.91149236871774,335.625,101743.24,172.21477
-28.91149236871774,337.5,101773.42,166.97076
-28.91149236871774,339.375,101814.6,161.4498
-28.91149236871774,341.25,101848.63,154.01517
-28.91149236871774,343.125,101866.34,147.02916
-28.91149236871774,345.0,101887.0,141.3001
-28.91149236871774,346.875,101907.6,135.17093
-28.91149236871774,348.75,101912.4,129.44858
-28.91149236871774,350.625,101908.64,125.499985
-28.91149236871774,352.5,101905.7,122.09202
-28.91149236871774,354.375,101893.93,118.52939
-28.91149236871774,356.25,101865.26,116.27449
-28.91149236871774,358.125,101829.54,114.96207
-27.04623949994481,0.0,101667.12,109.02028
-27.04623949994481,1.875,101624.0,108.07586
-27.04623949994481,3.75,101562.36,109.55458
-27.04623949994481,5.625,101484.09,108.85164
-27.04623949994481,7.5,101410.8,105.25299
-27.04623949994481,9.375,101336.71,102.36171
-27.04623949994481,11.25,101224.64,99.7197
-27.04623949994481,13.125,101099.06,94.66509
-27.04623949994481,15.0,101022.6,89.48556
-27.04623949994481,16.875,100985.79,84.539276
-27.04623949994481,18.75,101006.53,100.682106
-27.04623949994481,20.625,101057.08,144.48029
-27.04623949994481,22.5,101083.71,167.25705
-27.04623949994481,24.375,101149.87,153.58104
-27.04623949994481,26.25,101359.0,128.111
-27.04623949994481,28.125,101656.76,111.93938
-27.04623949994481,30.0,101673.84,108.28301
-27.04623949994481,31.875,101428.68,114.88674
-27.04623949994481,33.75,101265.7,130.53673
-27.04623949994481,35.625,101203.56,148.41144
-27.04623949994481,37.5,101191.82,162.4215
-27.04623949994481,39.375,101171.81,171.6639
-27.04623949994481,41.25,101137.82,177.73764
-27.04623949994481,43.125,101136.15,181.56357
-27.04623949994481,45.0,101178.58,187.95045
-27.04623949994481,46.875,101235.88,200.42958
-27.04623949994481,48.75,101302.28,213.85722
-27.04623949994481,50.625,101375.44,222.23878
-27.04623949994481,52.5,101430.1,226.06432
-27.04623949994481,54.375,101455.66,229.09547
-27.04623949994481,56.25,101478.56,231.05424
-27.04623949994481,58.125,101515.62,229.65448
-27.04623949994481,60.0,101562.1,225.26366
-27.04623949994481,61.875,101609.96,219.63704
-27.04623949994481,63.75,101657.8,213.0342
-27.04623949994481,65.625,101697.16,205.34674
-27.04623949994481,67.5,101722.66,197.38838
-27.04623949994481,69.375,101744.07,189.80002
-27.04623949994481,71.25,101761.45,182.5683
-27.04623949994481,73.125,101773.33,175.96469
-27.04623949994481,75.0,101781.28,170.45143
-27.04623949994481,76.875,101785.15,165.97844
-27.04623949994481,78.75,101781.27,162.39516
-27.04623949994481,80.625,101773.21,159.87596
-27.04623949994481,82.5,101768.88,158.74635
-27.04623949994481,84.375,101761.58,158.92415
-27.04623949994481,86.25,101745.81,159.76091
-27.04623949994481,88.125,101731.3,161.09462
-27.04623949994481,90.0,101714.41,163.68921
-27.04623949994481,91.875,101682.91,167.7893
-27.04623949994481,93.75,101636.87,172.59337
-27.04623949994481,95.625,101591.07,178.38797
-27.04623949994481,97.5,101537.05,186.13104
-27.04623949994481,99.375,101463.91,194.90944
-27.04623949994481,101.25,101381.47,203.31503
-27.04623949994481,103.125,101288.82,211.45218
-27.04623949994481,105.0,101176.4,218.74902
-27.04623949994481,106.875,101055.04,223.88176
-27.04623949994481,108.75,100931.6,226.85768
-27.04623949994481,110.625,100784.94,226.17375
-27.04623949994481,112.5,100628.04,216.62547
-27.04623949994481,114.375,100533.22,197.29907
-27.04623949994481,116.25,100551.62,175.7549
-27.04623949994481,118.125,100657.28,166.79385
-27.04623949994481,120.0,100739.41,169.026
-27.04623949994481,121.875,100761.7,174.09909
-27.04623949994481,123.75,100771.62,178.75383
-27.04623949994481,125.625,100788.8,181.40881
-27.04623949994481,127.5,100812.9,180.30685
-27.04623949994481,129.375,100848.03,176.56989
-27.04623949994481,131.25,100862.34,173.73817
-27.04623949994481,133.125,100820.44,172.83159
-27.04623949994481,135.0,100756.54,170.61688
-27.04623949994481,136.875,100712.81,165.99791
-27.04623949994481,138.75,100694.59,160.0369
-27.04623949994481,140.625,100702.92,155.3305
-27.04623949994481,142.5,100766.68,153.38026
-27.04623949994481,144.375,100873.32,151.96599
-27.04623949994481,146.25,100961.06,151.56204
-27.04623949994481,148.125,101031.86,155.42137
-27.04623949994481,150.0,101129.8,165.07704
-27.04623949994481,151.875,101212.53,180.4958
-27.04623949994481,153.75,101204.3,195.25606
-27.04623949994481,155.625,101148.2,202.1863
-27.04623949994481,157.5,101114.46,203.12715
-27.04623949994481,159.375,101115.66,203.20749
-27.04623949994481,161.25,101117.09,204.34312
-27.04623949994481,163.125,101107.24,204.02039
-27.04623949994481,165.0,101101.03,202.05388
-27.04623949994481,166.875,101096.79,201.27353
-27.04623949994481,168.75,101096.38,203.09723
-27.04623949994481,170.625,101106.01,205.85464
-27.04623949994481,172.5,101118.88,207.7963
-27.04623949994481,174.375,101123.84,208.59065
-27.04623949994481,176.25,101128.0,207.8638
-27.04623949994481,178.125,101144.82,205.21802
-27.04623949994481,180.0,101164.7,201.50195
-27.04623949994481,181.875,101171.24,197.82501
-27.04623949994481,183.75,101179.44,194.31763
-27.04623949994481,185.625,101201.18,190.97145
-27.04623949994481,187.5,101216.25,187.78685
-27.04623949994481,189.375,101221.66,184.20702
-27.04623949994481,191.25,101237.02,180.38606
-27.04623949994481,193.125,101261.67,177.04955
-27.04623949994481,195.0,101272.63,173.53915
-27.04623949994481,196.875,101282.46,168.98148
-27.04623949994481,198.75,101310.64,164.4156
-27.04623949994481,200.625,101341.3,160.75977
-27.04623949994481,202.5,101360.18,157.37387
-27.04623949994481,204.375,101382.62,154.18932
-27.04623949994481,206.25,101417.86,151.89732
-27.04623949994481,208.125,101449.24,150.02533
-27.04623949994481,210.0,101481.32,147.88188
-27.04623949994481,211.875,101524.85,146.0666
-27.04623949994481,213.75,101569.26,144.74193
-27.04623949994481,215.625,101604.42,143.3029
-27.04623949994481,217.5,101637.32,141.91722
-27.04623949994481,219.375,101677.76,141.142
-27.04623949994481,221.25,101720.98,140.14711
-27.04623949994481,223.125,101762.73,137.84106
-27.04623949994481,225.0,101793.88,134.7252
-27.04623949994481,226.875,101825.34,131.85349
-27.04623949994481,228.75,101868.65,129.0764
-27.04623949994481,230.625,101906.12,125.825615
-27.04623949994481,232.5,101921.87,122.300705
-27.04623949994481,234.375,101943.76,119.08203
-27.04623949994481,236.25,101979.56,116.049255
-27.04623949994481,238.125,101995.48,112.84661
-27.04623949994481,240.0,101992.8,109.69837
-27.04623949994481,241.875,102008.3,107.10052
-27.04623949994481,243.75,102035.52,105.021805
-27.04623949994481,245.625,102049.5,102.78621
-27.04623949994481,247.5,102065.08,99.97331
-27.04623949994481,249.375,102080.99,97.41473
-27.04623949994481,251.25,102064.44,95.97871
-27.04623949994481,253.125,102035.72,94.499306
-27.04623949994481,255.0,102046.84,91.66285
-27.04623949994481,256.875,102070.0,88.54905
-27.04623949994481,258.75,102057.3,86.39371
-27.04623949994481,260.625,102035.76,84.33623
-27.04623949994481,262.5,102024.81,81.59197
-27.04623949994481,264.375,102000.38,79.21593
-27.04623949994481,266.25,101961.08,77.58647
-27.04623949994481,268.125,101942.82,75.7082
-27.04623949994481,270.0,101923.11,73.48192
-27.04623949994481,271.875,101869.74,71.528755
-27.04623949994481,273.75,101815.14,69.75783
-27.04623949994481,275.625,101791.62,68.01924
-27.04623949994481,277.5,101746.01,66.991394
-27.04623949994481,279.375,101631.78,66.95333
-27.04623949994481,281.25,101510.44,64.76259
-27.04623949994481,283.125,101454.75,60.230713
-27.04623949994481,285.0,101375.29,61.724686
-27.04623949994481,286.875,101250.3,66.70069
-27.04623949994481,288.75,101171.05,56.88929
-27.04623949994481,290.625,101296.6,331.89505
-27.04623949994481,292.5,100442.32,240.98718
-27.04623949994481,294.375,100986.16,115.16688
-27.04623949994481,296.25,100609.22,129.33876
-27.04623949994481,298.125,100536.99,131.68007
-27.04623949994481,300.0,100627.46,126.118866
-27.04623949994481,301.875,100766.08,124.26378
-27.04623949994481,303.75,100792.78,124.79668
-27.04623949994481,305.625,100905.86,121.46717
-27.04623949994481,307.5,101202.1,117.005035
-27.04623949994481,309.375,101311.93,120.81172
-27.04623949994481,311.25,101196.42,131.50458
-27.04623949994481,313.125,101099.46,140.2947
-27.04623949994481,315.0,101088.45,144.57585
-27.04623949994481,316.875,101109.47,149.60248
-27.04623949994481,318.75,101164.02,158.99718
-27.04623949994481,320.625,101230.27,166.67583
-27.04623949994481,322.5,101275.44,172.4097
-27.04623949994481,324.375,101317.68,180.59982
-27.04623949994481,326.25,101379.48,187.21098
-27.04623949994481,328.125,101434.7,188.01682
-27.04623949994481,330.0,101482.62,185.5916
-27.04623949994481,331.875,101546.05,180.74022
-27.04623949994481,333.75,101601.33,172.57205
-27.04623949994481,335.625,101632.3,164.19989
-27.04623949994481,337.5,101666.89,157.58627
-27.04623949994481,339.375,101710.94,150.13116
-27.04623949994481,341.25,101738.49,141.81548
-27.04623949994481,343.125,101752.26,135.69095
-27.04623949994481,345.0,101765.8,130.8761
-27.04623949994481,346.875,101770.92,125.36691
-27.04623949994481,348.75,101770.16,120.83329
-27.04623949994481,350.625,101774.0,118.17905
-27.04623949994481,352.5,101769.64,115.46564
-27.04623949994481,354.375,101748.78,112.90854
-27.04623949994481,356.25,101723.28,112.1274
-27.04623949994481,358.125,101697.2,111.35526
-25.180985581270594,0.0,101535.08,108.833275
-25.180985581270594,1.875,101491.99,109.54356
-25.180985581270594,3.75,101441.87,110.77433
-25.180985581270594,5.625,101380.56,106.5762
-25.180985581270594,7.5,101330.53,100.54278
-25.180985581270594,9.375,101263.66,98.18422
-25.180985581270594,11.25,101120.3,93.63127
-25.180985581270594,13.125,100991.19,82.36131
-25.180985581270594,15.0,100974.76,75.12409
-25.180985581270594,16.875,101045.73,93.320854
-25.180985581270594,18.75,101130.38,123.185
-25.180985581270594,20.625,101130.48,141.7882
-25.180985581270594,22.5,101125.04,146.70308
-25.180985581270594,24.375,101201.88,136.26393
-25.180985581270594,26.25,101343.28,123.661316
-25.180985581270594,28.125,101472.18,117.281815
-25.180985581270594,30.0,101463.84,115.76146
-25.180985581270594,31.875,101318.77,122.47653
-25.180985581270594,33.75,101182.58,139.30559
-25.180985581270594,35.625,101102.3,159.35242
-25.180985581270594,37.5,101074.54,174.20346
-25.180985581270594,39.375,101028.62,180.69525
-25.180985581270594,41.25,100974.6,180.71439
-25.180985581270594,43.125,101004.16,177.2692
-25.180985581270594,45.0,101126.32,179.6419
-25.180985581270594,46.875,101222.56,195.90897
-25.180985581270594,48.75,101246.52,215.1297
-25.180985581270594,50.625,101261.42,227.04408
-25.180985581270594,52.5,101298.02,232.17397
-25.180985581270594,54.375,101329.8,235.31892
-25.180985581270594,56.25,101355.41,236.61061
-25.180985581270594,58.125,101399.53,234.59518
-25.180985581270594,60.0,101454.47,230.93736
-25.180985581270594,61.875,101488.14,227.0732
-25.180985581270594,63.75,101502.56,222.13785
-25.180985581270594,65.625,101518.86,215.82939
-25.180985581270594,67.5,101543.38,209.00386
-25.180985581270594,69.375,101567.78,201.79024
-25.180985581270594,71.25,101592.32,194.34468
-25.180985581270594,73.125,101612.46,187.58766
-25.180985581270594,75.0,101627.29,181.84528
-25.180985581270594,76.875,101638.96,176.82445
-25.180985581270594,78.75,101646.87,172.67712
-25.180985581270594,80.625,101648.92,169.56259
-25.180985581270594,82.5,101645.37,167.64124
-25.180985581270594,84.375,101636.41,167.35449
-25.180985581270594,86.25,101616.94,168.35779
-25.180985581270594,88.125,101594.34,169.71326
-25.180985581270594,90.0,101569.35,172.05714
-25.180985581270594,91.875,101536.54,176.42299
-25.180985581270594,93.75,101491.92,181.91151
-25.180985581270594,95.625,101441.4,188.04404
-25.180985581270594,97.5,101383.38,195.67337
-25.180985581270594,99.375,101308.74,204.04066
-25.180985581270594,101.25,101222.65,211.6077
-25.180985581270594,103.125,101127.08,218.72144
-25.180985581270594,105.0,101017.42,225.60515
-25.180985581270594,106.875,100899.63,230.91858
-25.180985581270594,108.75,100781.08,233.68167
-25.180985581270594,110.625,100643.4,230.46095
-25.180985581270594,112.5,100505.67,216.60602
-25.180985581270594,114.375,100434.87,193.87947
-25.180985581270594,116.25,100480.18,170.76767
-25.180985581270594,118.125,100596.96,160.68918
-25.180985581270594,120.0,100657.1,163.17387
-25.180985581270594,121.875,100643.94,167.23833
-25.180985581270594,123.75,100632.85,170.24591
-25.180985581270594,125.625,100642.46,173.40146
-25.180985581270594,127.5,100676.32,173.87338
-25.180985581270594,129.375,100749.14,172.29092
-25.180985581270594,131.25,100806.78,173.07056
-25.180985581270594,133.125,100771.66,175.12846
-25.180985581270594,135.0,100690.76,172.4516
-25.180985581270594,136.875,100651.39,166.04987
-25.180985581270594,138.75,100657.11,160.37688
-25.180985581270594,140.625,100678.45,157.35345
-25.180985581270594,142.5,100725.04,155.78024
-25.180985581270594,144.375,100821.28,153.2728
-25.180985581270594,146.25,100937.21,152.55774
-25.180985581270594,148.125,101025.33,158.71457
-25.180985581270594,150.0,101074.73,170.62221
-25.180985581270594,151.875,101076.66,184.96419
-25.180985581270594,153.75,101037.03,195.8177
-25.180985581270594,155.625,101000.96,199.28427
-25.180985581270594,157.5,100989.8,196.95293
-25.180985581270594,159.375,100981.68,192.97421
-25.180985581270594,161.25,100968.58,190.30182
-25.180985581270594,163.125,100966.97,188.21904
-25.180985581270594,165.0,100977.41,185.06961
-25.180985581270594,166.875,100977.0,182.05995
-25.180985581270594,168.75,100970.03,181.87857
-25.180985581270594,170.625,100977.29,184.12117
-25.180985581270594,172.5,100998.85,186.08899
-25.180985581270594,174.375,101007.19,186.73116
-25.180985581270594,176.25,101003.88,186.29704
-25.180985581270594,178.125,101015.9,184.37427
-25.180985581270594,180.0,101041.58,181.16762
-25.180985581270594,181.875,101052.58,177.50491
-25.180985581270594,183.75,101054.02,173.81056
-25.180985581270594,185.625,101074.11,170.6799
-25.180985581270594,187.5,101100.48,168.4785
-25.180985581270594,189.375,101104.4,166.33156
-25.180985581270594,191.25,101109.48,163.89584
-25.180985581270594,193.125,101138.58,161.92444
-25.180985581270594,195.0,101167.65,159.87556
-25.180985581270594,196.875,101179.68,156.74895
-25.180985581270594,198.75,101195.61,153.42497
-25.180985581270594,200.625,101224.94,150.97458
-25.180985581270594,202.5,101252.56,148.76027
-25.180985581270594,204.375,101276.06,146.36491
-25.180985581270594,206.25,101304.31,144.33377
-25.180985581270594,208.125,101338.51,142.66371
-25.180985581270594,210.0,101379.48,140.7461
-25.180985581270594,211.875,101425.9,138.75468
-25.180985581270594,213.75,101471.78,137.13892
-25.180985581270594,215.625,101514.81,135.51666
-25.180985581270594,217.5,101553.54,133.56836
-25.180985581270594,219.375,101589.44,131.71179
-25.180985581270594,221.25,101632.26,129.79327
-25.180985581270594,223.125,101682.66,126.93249
-25.180985581270594,225.0,101717.64,122.8505
-25.180985581270594,226.875,101739.38,118.69544
-25.180985581270594,228.75,101778.42,115.2764
-25.180985581270594,230.625,101821.34,111.96986
-25.180985581270594,232.5,101832.8,108.10701
-25.180985581270594,234.375,101844.32,104.47058
-25.180985581270594,236.25,101882.18,101.71499
-25.180985581270594,238.125,101910.03,98.930565
-25.180985581270594,240.0,101915.89,95.50199
-25.180985581270594,241.875,101933.25,92.51786
-25.180985581270594,243.75,101947.85,91.07396
-25.180985581270594,245.625,101932.28,90.44336
-25.180985581270594,247.5,101935.54,88.81891
-25.180985581270594,249.375,101970.35,86.24221
-25.180985581270594,251.25,101976.8,84.15779
-25.180985581270594,253.125,101953.06,82.6775
-25.180985581270594,255.0,101948.26,80.68275
-25.180985581270594,256.875,101954.6,78.56619
-25.180985581270594,258.75,101934.42,77.106155
-25.180985581270594,260.625,101917.88,75.33514
-25.180985581270594,262.5,101921.6,72.77163
-25.180985581270594,264.375,101914.56,71.290665
-25.180985581270594,266.25,101880.92,70.85102
-25.180985581270594,268.125,101842.62,69.38617
-25.180985581270594,270.0,101806.16,67.392624
-25.180985581270594,271.875,101783.06,67.08496
-25.180985581270594,273.75,101749.0,67.314354
-25.180985581270594,275.625,101696.32,65.633804
-25.180985581270594,277.5,101627.28,63.61991
-25.180985581270594,279.375,101541.84,63.65627
-25.180985581270594,281.25,101435.11,63.155743
-25.180985581270594,283.125,101369.94,59.56823
-25.180985581270594,285.0,101366.16,60.533886
-25.180985581270594,286.875,101277.78,66.53668
-25.180985581270594,288.75,101224.78,60.255203
-25.180985581270594,290.625,101138.52,373.42975
-25.180985581270594,292.5,100440.26,109.8862
-25.180985581270594,294.375,100849.95,370.5538
-25.180985581270594,296.25,100689.38,116.346
-25.180985581270594,298.125,100560.89,125.51784
-25.180985581270594,300.0,100574.24,120.7805
-25.180985581270594,301.875,100756.17,117.03405
-25.180985581270594,303.75,100818.49,119.2487
-25.180985581270594,305.625,100879.54,120.09243
-25.180985581270594,307.5,101109.25,118.05879
-25.180985581270594,309.375,101248.16,120.97753
-25.180985581270594,311.25,101175.31,130.06042
-25.180985581270594,313.125,101077.36,137.24445
-25.180985581270594,315.0,101049.44,139.9749
-25.180985581270594,316.875,101052.78,143.75287
-25.180985581270594,318.75,101071.04,153.9415
-25.180985581270594,320.625,101118.86,164.79947
-25.180985581270594,322.5,101176.28,173.91539
-25.180985581270594,324.375,101233.74,183.37477
-25.180985581270594,326.25,101287.22,189.24173
-25.180985581270594,328.125,101332.26,188.63884
-25.180985581270594,330.0,101388.73,183.93167
-25.180985581270594,331.875,101453.67,176.11768
-25.180985581270594,333.75,101496.89,166.1413
-25.180985581270594,335.625,101529.53,157.46666
-25.180985581270594,337.5,101578.34,150.3116
-25.180985581270594,339.375,101617.24,142.00359
-25.180985581270594,341.25,101630.12,134.05833
-25.180985581270594,343.125,101645.81,129.01468
-25.180985581270594,345.0,101664.96,124.87142
-25.180985581270594,346.875,101662.77,120.233116
-25.180985581270594,348.75,101653.4,117.06727
-25.180985581270594,350.625,101652.2,115.3498
-25.180985581270594,352.5,101636.85,112.987625
-25.180985581270594,354.375,101610.65,111.117744
-25.180985581270594,356.25,101597.26,111.07929
-25.180985581270594,358.125,101575.6,110.44783
-23.31573072614093,0.0,101419.86,110.31737
-23.31573072614093,1.875,101379.58,111.489044
-23.31573072614093,3.75,101339.03,111.41628
-23.31573072614093,5.625,101267.32,106.15553
-23.31573072614093,7.5,101198.67,101.40932
-23.31573072614093,9.375,101126.69,101.16782
-23.31573072614093,11.25,100998.16,92.09863
-23.31573072614093,13.125,100917.28,78.17139
-23.31573072614093,15.0,100957.76,71.34995
-23.31573072614093,16.875,101127.91,103.71703
-23.31573072614093,18.75,101225.59,123.9738
-23.31573072614093,20.625,101159.08,127.0439
-23.31573072614093,22.5,101131.26,124.54457
-23.31573072614093,24.375,101197.54,121.84641
-23.31573072614093,26.25,101249.82,120.46547
-23.31573072614093,28.125,101260.72,118.95303
-23.31573072614093,30.0,101259.79,119.144424
-23.31573072614093,31.875,101200.93,125.83524
-23.31573072614093,33.75,101083.33,142.46591
-23.31573072614093,35.625,100990.28,163.85973
-23.31573072614093,37.5,100966.92,181.26263
-23.31573072614093,39.375,100937.11,188.87178
-23.31573072614093,41.25,100897.28,186.85527
-23.31573072614093,43.125,100955.44,177.47029
-23.31573072614093,45.0,101138.86,171.69664
-23.31573072614093,46.875,101241.42,189.13054
-23.31573072614093,48.75,101162.76,213.91667
-23.31573072614093,50.625,101105.21,228.0348
-23.31573072614093,52.5,101141.81,234.19676
-23.31573072614093,54.375,101215.15,238.2791
-23.31573072614093,56.25,101254.46,239.94923
-23.31573072614093,58.125,101282.2,237.96387
-23.31573072614093,60.0,101314.04,235.64853
-23.31573072614093,61.875,101332.92,234.29538
-23.31573072614093,63.75,101344.44,231.30911
-23.31573072614093,65.625,101374.52,226.33672
-23.31573072614093,67.5,101414.38,220.78891
-23.31573072614093,69.375,101442.94,214.41351
-23.31573072614093,71.25,101463.54,207.00516
-23.31573072614093,73.125,101485.72,199.90411
-23.31573072614093,75.0,101498.44,193.62222
-23.31573072614093,76.875,101506.28,187.843
-23.31573072614093,78.75,101514.99,182.89801
-23.31573072614093,80.625,101516.14,178.92862
-23.31573072614093,82.5,101505.92,176.12932
-23.31573072614093,84.375,101488.96,175.4594
-23.31573072614093,86.25,101466.54,176.6184
-23.31573072614093,88.125,101436.09,177.88522
-23.31573072614093,90.0,101399.76,179.5553
-23.31573072614093,91.875,101366.16,183.0068
-23.31573072614093,93.75,101330.23,187.5533
-23.31573072614093,95.625,101285.04,192.88892
-23.31573072614093,97.5,101229.04,200.13695
-23.31573072614093,99.375,101160.06,208.25462
-23.31573072614093,101.25,101079.64,215.14223
-23.31573072614093,103.125,100992.83,221.45297
-23.31573072614093,105.0,100890.32,227.77536
-23.31573072614093,106.875,100778.48,232.59027
-23.31573072614093,108.75,100666.6,234.78015
-23.31573072614093,110.625,100549.07,230.95871
-23.31573072614093,112.5,100436.54,216.47945
-23.31573072614093,114.375,100383.86,195.13333
-23.31573072614093,116.25,100434.64,175.52823
-23.31573072614093,118.125,100540.43,163.939
-23.31573072614093,120.0,100587.12,160.43866
-23.31573072614093,121.875,100566.38,157.74492
-23.31573072614093,123.75,100545.65,157.77194
-23.31573072614093,125.625,100538.92,162.23096
-23.31573072614093,127.5,100555.48,165.38826
-23.31573072614093,129.375,100633.62,165.38069
-23.31573072614093,131.25,100736.27,166.08011
-23.31573072614093,133.125,100747.36,167.42134
-23.31573072614093,135.0,100675.4,164.48158
-23.31573072614093,136.875,100631.5,159.20854
-23.31573072614093,138.75,100641.99,155.67151
-23.31573072614093,140.625,100671.77,153.62132
-23.31573072614093,142.5,100715.38,153.22571
-23.31573072614093,144.375,100786.98,154.44505
-23.31573072614093,146.25,100880.49,157.5471
-23.31573072614093,148.125,100953.31,165.02779
-23.31573072614093,150.0,100976.99,177.07411
-23.31573072614093,151.875,100945.94,187.97487
-23.31573072614093,153.75,100898.54,192.16756
-23.31573072614093,155.625,100880.84,190.61058
-23.31573072614093,157.5,100885.5,186.6995
-23.31573072614093,159.375,100875.33,181.2738
-23.31573072614093,161.25,100854.46,175.35297
-23.31573072614093,163.125,100856.42,170.48178
-23.31573072614093,165.0,100875.89,166.25291
-23.31573072614093,166.875,100885.79,162.29663
-23.31573072614093,168.75,100879.5,160.63463
-23.31573072614093,170.625,100875.78,161.99725
-23.31573072614093,172.5,100887.63,163.94179
-23.31573072614093,174.375,100903.6,164.56119
-23.31573072614093,176.25,100910.28,164.00836
-23.31573072614093,178.125,100917.32,162.43564
-23.31573072614093,180.0,100938.24,159.88719
-23.31573072614093,181.875,100954.62,156.57645
-23.31573072614093,183.75,100958.16,152.76894
-23.31573072614093,185.625,100969.85,149.71121
-23.31573072614093,187.5,100996.28,148.44963
-23.31573072614093,189.375,101008.61,147.7397
-23.31573072614093,191.25,101011.92,146.39168
-23.31573072614093,193.125,101032.36,145.22292
-23.31573072614093,195.0,101059.91,144.50774
-23.31573072614093,196.875,101077.45,143.3353
-23.31573072614093,198.75,101094.76,141.63043
-23.31573072614093,200.625,101126.37,140.22063
-23.31573072614093,202.5,101161.22,139.13771
-23.31573072614093,204.375,101196.7,137.77176
-23.31573072614093,206.25,101233.74,136.27852
-23.31573072614093,208.125,101271.67,135.08252
-23.31573072614093,210.0,101308.88,133.72997
-23.31573072614093,211.875,101343.4,131.60701
-23.31573072614093,213.75,101374.94,128.96602
-23.31573072614093,215.625,101419.22,126.29569
-23.31573072614093,217.5,101473.28,123.49239
-23.31573072614093,219.375,101507.92,120.35384
-23.31573072614093,221.25,101533.74,117.16485
-23.31573072614093,223.125,101578.3,113.9782
-23.31573072614093,225.0,101619.7,110.230194
-23.31573072614093,226.875,101635.88,105.929634
-23.31573072614093,228.75,101662.55,102.12093
-23.31573072614093,230.625,101707.32,99.02737
-23.31573072614093,232.5,101729.13,95.74339
-23.31573072614093,234.375,101743.68,92.36441
-23.31573072614093,236.25,101775.83,89.86463
-23.31573072614093,238.125,101798.64,88.053566
-23.31573072614093,240.0,101806.65,86.046104
-23.31573072614093,241.875,101832.29,83.84315
-23.31573072614093,243.75,101855.41,82.202545
-23.31573072614093,245.625,101837.06,81.39753
-23.31573072614093,247.5,101821.8,80.68915
-23.31573072614093,249.375,101841.83,79.07604
-23.31573072614093,251.25,101854.27,76.94263
-23.31573072614093,253.125,101849.68,75.27786
-23.31573072614093,255.0,101851.87,73.80855
-23.31573072614093,256.875,101841.58,72.11288
-23.31573072614093,258.75,101813.68,70.893486
-23.31573072614093,260.625,101800.56,70.032745
-23.31573072614093,262.5,101799.62,68.61369
-23.31573072614093,264.375,101786.96,67.53774
-23.31573072614093,266.25,101770.14,67.37945
-23.31573072614093,268.125,101745.92,66.3884
-23.31573072614093,270.0,101706.32,64.54129
-23.31573072614093,271.875,101686.4,64.46214
-23.31573072614093,273.75,101655.73,65.50384
-23.31573072614093,275.625,101567.98,63.77687
-23.31573072614093,277.5,101484.09,60.995316
-23.31573072614093,279.375,101465.5,62.06199
-23.31573072614093,281.25,101403.88,65.09158
-23.31573072614093,283.125,101277.04,60.793823
-23.31573072614093,285.0,101284.45,57.749157
-23.31573072614093,286.875,101352.54,65.473366
-23.31573072614093,288.75,101306.15,63.06652
-23.31573072614093,290.625,101219.89,74.16182
-23.31573072614093,292.5,100263.73,98.53564
-23.31573072614093,294.375,100561.66,103.722374
-23.31573072614093,296.25,100782.58,104.69424
-23.31573072614093,298.125,100607.4,117.93717
-23.31573072614093,300.0,100533.39,114.82696
-23.31573072614093,301.875,100719.0,108.16196
-23.31573072614093,303.75,100817.8,110.51914
-23.31573072614093,305.625,100834.2,114.42746
-23.31573072614093,307.5,100949.26,115.514206
-23.31573072614093,309.375,101069.85,118.021805
-23.31573072614093,311.25,101109.83,124.23881
-23.31573072614093,313.125,101131.92,129.88666
-23.31573072614093,315.0,101133.22,133.3297
-23.31573072614093,316.875,101092.4,138.03394
-23.31573072614093,318.75,101049.52,148.30771
-23.31573072614093,320.625,101052.58,161.94615
-23.31573072614093,322.5,101096.9,175.64761
-23.31573072614093,324.375,101154.46,186.9738
-23.31573072614093,326.25,101200.8,192.19446
-23.31573072614093,328.125,101239.58,190.37627
-23.31573072614093,330.0,101298.41,183.74097
-23.31573072614093,331.875,101361.48,173.51717
-23.31573072614093,333.75,101397.5,162.08224
-23.31573072614093,335.625,101435.84,152.69821
-23.31573072614093,337.5,101489.72,144.96252
-23.31573072614093,339.375,101515.33,137.23325
-23.31573072614093,341.25,101513.33,130.92966
-23.31573072614093,343.125,101537.54,126.92016
-23.31573072614093,345.0,101565.31,123.406715
-23.31573072614093,346.875,101559.71,119.99208
-23.31573072614093,348.75,101553.14,117.66382
-23.31573072614093,350.625,101557.6,115.53876
-23.31573072614093,352.5,101538.7,112.97186
-23.31573072614093,354.375,101513.93,111.75689
-23.31573072614093,356.25,101504.86,112.08015
-23.31573072614093,358.125,101474.12,111.36712
-21.450475037398185,0.0,101303.26,113.23882
-21.450475037398185,1.875,101279.48,114.61455
-21.450475037398185,3.75,101248.24,114.44964
-21.450475037398185,5.625,101171.43,111.39456
-21.450475037398185,7.5,101092.19,109.51722
-21.450475037398185,9.375,101036.49,106.494774
-21.450475037398185,11.25,100975.82,92.22837
-21.450475037398185,13.125,100946.22,76.19503
-21.450475037398185,15.0,101013.56,67.78454
-21.450475037398185,16.875,101183.92,92.77226
-21.450475037398185,18.75,101220.88,110.379456
-21.450475037398185,20.625,101114.23,112.87916
-21.450475037398185,22.5,101069.22,112.37493
-21.450475037398185,24.375,101108.26,115.43959
-21.450475037398185,26.25,101141.05,117.88022
-21.450475037398185,28.125,101174.86,119.05386
-21.450475037398185,30.0,101227.99,120.53646
-21.450475037398185,31.875,101184.81,124.88496
-21.450475037398185,33.75,101032.1,138.1119
-21.450475037398185,35.625,100929.53,158.09377
-21.450475037398185,37.5,100920.82,177.20679
-21.450475037398185,39.375,100915.67,190.44374
-21.450475037398185,41.25,100874.36,191.89522
-21.450475037398185,43.125,100913.62,180.30424
-21.450475037398185,45.0,101113.76,167.43246
-21.450475037398185,46.875,101265.82,183.4886
-21.450475037398185,48.75,101150.16,211.85461
-21.450475037398185,50.625,101048.36,224.78903
-21.450475037398185,52.5,101059.22,229.56467
-21.450475037398185,54.375,101114.62,234.27655
-21.450475037398185,56.25,101126.85,238.09099
-21.450475037398185,58.125,101121.46,237.10999
-21.450475037398185,60.0,101146.64,236.02338
-21.450475037398185,61.875,101185.26,236.98755
-21.450475037398185,63.75,101219.76,236.12486
-21.450475037398185,65.625,101257.6,232.42215
-21.450475037398185,67.5,101287.4,228.25171
-21.450475037398185,69.375,101294.61,223.56398
-21.450475037398185,71.25,101298.58,217.48994
-21.450475037398185,73.125,101315.84,211.09239
-21.450475037398185,75.0,101324.26,204.8584
-21.450475037398185,76.875,101323.22,198.36258
-21.450475037398185,78.75,101323.66,192.25957
-21.450475037398185,80.625,101323.81,187.32391
-21.450475037398185,82.5,101310.67,183.89088
-21.450475037398185,84.375,101299.38,182.50113
-21.450475037398185,86.25,101293.78,182.70651
-21.450475037398185,88.125,101278.82,183.05809
-21.450475037398185,90.0,101252.91,184.01378
-21.450475037398185,91.875,101227.34,186.55415
-21.450475037398185,93.75,101199.28,189.99886
-21.450475037398185,95.625,101153.72,194.55804
-21.450475037398185,97.5,101096.32,201.34453
-21.450475037398185,99.375,101033.0,208.63062
-21.450475037398185,101.25,100962.38,214.17448
-21.450475037398185,103.125,100883.44,219.32776
-21.450475037398185,105.0,100794.32,224.70044
-21.450475037398185,106.875,100696.49,228.06198
-21.450475037398185,108.75,100601.22,229.14154
-21.450475037398185,110.625,100513.51,226.98543
-21.450475037398185,112.5,100433.32,217.04071
-21.450475037398185,114.375,100386.55,202.11047
-21.450475037398185,116.25,100407.46,189.9779
-21.450475037398185,118.125,100470.11,180.36392
-21.450475037398185,120.0,100503.97,168.45409
-21.450475037398185,121.875,100498.04,154.79831
-21.450475037398185,123.75,100503.19,149.24738
-21.450475037398185,125.625,100520.63,151.98888
-21.450475037398185,127.5,100532.91,155.30402
-21.450475037398185,129.375,100569.17,155.94736
-21.450475037398185,131.25,100636.86,155.9158
-21.450475037398185,133.125,100670.21,156.13199
-21.450475037398185,135.0,100642.31,156.11354
-21.450475037398185,136.875,100611.08,155.17062
-21.450475037398185,138.75,100601.67,152.0345
-21.450475037398185,140.625,100623.14,146.45892
-21.450475037398185,142.5,100690.92,144.10352
-21.450475037398185,144.375,100783.44,149.40184
-21.450475037398185,146.25,100842.74,158.57368
-21.450475037398185,148.125,100852.62,167.57092
-21.450475037398185,150.0,100841.27,177.45456
-21.450475037398185,151.875,100819.34,184.42229
-21.450475037398185,153.75,100793.92,183.3142
-21.450475037398185,155.625,100787.36,177.2073
-21.450475037398185,157.5,100790.01,171.68219
-21.450475037398185,159.375,100781.04,166.22855
-21.450475037398185,161.25,100773.88,159.35321
-21.450475037398185,163.125,100780.4,152.95013
-21.450475037398185,165.0,100787.58,148.27524
-21.450475037398185,166.875,100790.42,144.46266
-21.450475037398185,168.75,100796.07,141.97104
-21.450475037398185,170.625,100797.65,141.79105
-21.450475037398185,172.5,100797.47,142.5648
-21.450475037398185,174.375,100816.7,142.6856
-21.450475037398185,176.25,100839.98,142.20648
-21.450475037398185,178.125,100846.96,140.96545
-21.450475037398185,180.0,100856.83,138.6034
-21.450475037398185,181.875,100881.34,135.49055
-21.450475037398185,183.75,100899.03,132.17879
-21.450475037398185,185.625,100906.02,129.68727
-21.450475037398185,187.5,100923.86,129.10022
-21.450475037398185,189.375,100949.78,129.39554
-21.450475037398185,191.25,100966.44,129.06207
-21.450475037398185,193.125,100979.92,128.64577
-21.450475037398185,195.0,100997.66,128.89494
-21.450475037398185,196.875,101018.06,129.28711
-21.450475037398185,198.75,101044.81,129.16489
-21.450475037398185,200.625,101073.06,128.92358
-21.450475037398185,202.5,101097.76,128.78098
-21.450475037398185,204.375,101127.7,127.9484
-21.450475037398185,206.25,101163.06,126.48535
-21.450475037398185,208.125,101194.96,125.50592
-21.450475037398185,210.0,101232.78,124.88937
-21.450475037398185,211.875,101272.74,123.11773
-21.450475037398185,213.75,101301.52,119.7621
-21.450475037398185,215.625,101338.36,116.03927
-21.450475037398185,217.5,101392.77,112.7271
-21.450475037398185,219.375,101430.84,109.37139
-21.450475037398185,221.25,101448.25,105.741745
-21.450475037398185,223.125,101485.0,102.33318
-21.450475037398185,225.0,101534.2,99.06475
-21.450475037398185,226.875,101557.21,95.37507
-21.450475037398185,228.75,101576.22,91.81557
-21.450475037398185,230.625,101612.59,89.14021
-21.450475037398185,232.5,101637.46,86.77211
-21.450475037398185,234.375,101653.2,84.215225
-21.450475037398185,236.25,101675.86,81.94164
-21.450475037398185,238.125,101686.26,80.25385
-21.450475037398185,240.0,101677.66,78.97163
-21.450475037398185,241.875,101692.68,77.96033
-21.450475037398185,243.75,101724.18,76.68783
-21.450475037398185,245.625,101735.68,75.08673
-21.450475037398185,247.5,101739.14,74.04439
-21.450475037398185,249.375,101737.74,73.32306
-21.450475037398185,251.25,101723.76,71.91673
-21.450475037398185,253.125,101720.5,70.43929
-21.450475037398185,255.0,101734.98,69.66489
-21.450475037398185,256.875,101729.33,68.394394
-21.450475037398185,258.75,101717.22,66.66966
-21.450475037398185,260.625,101721.66,66.09974
-21.450475037398185,262.5,101699.04,65.8764
-21.450475037398185,264.375,101653.22,64.71772
-21.450475037398185,266.25,101646.47,63.976395
-21.450475037398185,268.125,101645.06,63.819115
-21.450475037398185,270.0,101600.28,63.21911
-21.450475037398185,271.875,101574.37,62.904976
-21.450475037398185,273.75,101568.38,63.58601
-21.450475037398185,275.625,101488.58,62.517216
-21.450475037398185,277.5,101407.2,60.578808
-21.450475037398185,279.375,101435.92,62.466724
-21.450475037398185,281.25,101411.98,65.86908
-21.450475037398185,283.125,101227.7,61.50118
-21.450475037398185,285.0,101191.66,57.165554
-21.450475037398185,286.875,101337.84,65.736786
-21.450475037398185,288.75,101348.74,64.70043
-21.450475037398185,290.625,101175.97,65.564575
-21.450475037398185,292.5,100214.07,98.54758
-21.450475037398185,294.375,100602.94,104.026
-21.450475037398185,296.25,100915.1,98.34542
-21.450475037398185,298.125,100669.26,110.66617
-21.450475037398185,300.0,100554.62,108.47142
-21.450475037398185,301.875,100692.52,100.74082
-21.450475037398185,303.75,100802.64,101.263214
-21.450475037398185,305.625,100811.9,106.23021
-21.450475037398185,307.5,100864.13,109.23231
-21.450475037398185,309.375,100944.2,111.91113
-21.450475037398185,311.25,101031.02,117.45375
-21.450475037398185,313.125,101171.18,123.4286
-21.450475037398185,315.0,101243.38,128.58575
-21.450475037398185,316.875,101177.74,135.20113
-21.450475037398185,318.75,101075.83,146.27736
-21.450475037398185,320.625,101026.88,160.99348
-21.450475037398185,322.5,101036.3,176.2493
-21.450475037398185,324.375,101076.19,187.88757
-21.450475037398185,326.25,101120.24,192.55217
-21.450475037398185,328.125,101158.88,190.09624
-21.450475037398185,330.0,101216.37,182.4099
-21.450475037398185,331.875,101276.87,171.47957
-21.450475037398185,333.75,101309.72,160.01825
-21.450475037398185,335.625,101342.47,150.09297
-21.450475037398185,337.5,101389.8,141.90643
-21.450475037398185,339.375,101406.24,135.6501
-21.450475037398185,341.25,101406.79,131.45303
-21.450475037398185,343.125,101431.78,128.24097
-21.450475037398185,345.0,101448.53,125.475334
-21.450475037398185,346.875,101427.38,123.25398
-21.450475037398185,348.75,101423.14,120.718956
-21.450475037398185,350.625,101437.06,117.28077
-21.450475037398185,352.5,101416.9,114.677185
-21.450475037398185,354.375,101389.88,114.283516
-21.450475037398185,356.25,101384.35,114.52543
-21.450475037398185,358.125,101354.34,113.63204
-19.58521860882233,0.0,101205.28,117.13546
-19.58521860882233,1.875,101179.94,118.622284
-19.58521860882233,3.75,101149.48,118.434074
-19.58521860882233,5.625,101086.67,117.43984
-19.58521860882233,7.5,101023.26,115.25671
-19.58521860882233,9.375,100988.48,105.3803
-19.58521860882233,11.25,100984.87,86.762405
-19.58521860882233,13.125,101023.64,66.80325
-19.58521860882233,15.0,101112.52,69.66036
-19.58521860882233,16.875,101177.22,85.71109
-19.58521860882233,18.75,101151.68,99.14841
-19.58521860882233,20.625,101080.17,101.27466
-19.58521860882233,22.5,101039.98,105.33212
-19.58521860882233,24.375,101053.26,109.356834
-19.58521860882233,26.25,101103.62,111.20166
-19.58521860882233,28.125,101199.86,114.78315
-19.58521860882233,30.0,101309.66,119.22497
-19.58521860882233,31.875,101275.86,122.29267
-19.58521860882233,33.75,101073.56,130.88593
-19.58521860882233,35.625,100931.46,146.24394
-19.58521860882233,37.5,100893.57,162.1532
-19.58521860882233,39.375,100874.43,179.09966
-19.58521860882233,41.25,100834.16,187.0342
-19.58521860882233,43.125,100866.94,177.2359
-19.58521860882233,45.0,101056.78,160.90556
-19.58521860882233,46.875,101276.1,171.40799
-19.58521860882233,48.75,101203.99,202.32608
-19.58521860882233,50.625,101048.78,215.42184
-19.58521860882233,52.5,100992.55,218.08704
-19.58521860882233,54.375,101008.46,222.12183
-19.58521860882233,56.25,101022.44,227.66373
-19.58521860882233,58.125,101027.6,228.12146
-19.58521860882233,60.0,101060.73,227.91327
-19.58521860882233,61.875,101098.14,230.9464
-19.58521860882233,63.75,101109.34,232.68045
-19.58521860882233,65.625,101113.67,230.68057
-19.58521860882233,67.5,101124.52,227.8788
-19.58521860882233,69.375,101133.24,225.11732
-19.58521860882233,71.25,101147.02,221.19498
-19.58521860882233,73.125,101173.34,216.64964
-19.58521860882233,75.0,101192.74,211.54596
-19.58521860882233,76.875,101196.82,204.98361
-19.58521860882233,78.75,101205.06,197.92867
-19.58521860882233,80.625,101213.12,192.33258
-19.58521860882233,82.5,101206.58,188.63954
-19.58521860882233,84.375,101195.61,186.40216
-19.58521860882233,86.25,101190.97,184.96165
-19.58521860882233,88.125,101178.85,184.10008
-19.58521860882233,90.0,101154.48,184.77023
-19.58521860882233,91.875,101128.72,187.23514
-19.58521860882233,93.75,101098.67,190.50818
-19.58521860882233,95.625,101051.44,194.7152
-19.58521860882233,97.5,100997.16,200.34595
-19.58521860882233,99.375,100943.84,205.49918
-19.58521860882233,101.25,100878.08,208.88759
-19.58521860882233,103.125,100801.14,212.59886
-19.58521860882233,105.0,100723.9,216.65538
-19.58521860882233,106.875,100644.93,217.82434
-19.58521860882233,108.75,100565.84,216.91847
-19.58521860882233,110.625,100501.42,216.22084
-19.58521860882233,112.5,100450.06,212.64743
-19.58521860882233,114.375,100407.03,205.99089
-19.58521860882233,116.25,100393.1,201.29697
-19.58521860882233,118.125,100415.23,194.96846
-19.58521860882233,120.0,100436.55,179.41673
-19.58521860882233,121.875,100444.46,159.53564
-19.58521860882233,123.75,100478.85,147.6116
-19.58521860882233,125.625,100543.37,144.9873
-19.58521860882233,127.5,100574.62,145.79552
-19.58521860882233,129.375,100560.48,148.16238
-19.58521860882233,131.25,100550.18,150.77644
-19.58521860882233,133.125,100560.93,151.0919
-19.58521860882233,135.0,100585.72,151.33876
-19.58521860882233,136.875,100606.0,153.63326
-19.58521860882233,138.75,100604.7,153.02252
-19.58521860882233,140.625,100617.66,145.10999
-19.58521860882233,142.5,100700.61,137.73198
-19.58521860882233,144.375,100814.54,142.47977
-19.58521860882233,146.25,100835.7,155.87404
-19.58521860882233,148.125,100780.1,163.6386
-19.58521860882233,150.0,100739.0,166.99628
-19.58521860882233,151.875,100729.22,169.40674
-19.58521860882233,153.75,100722.83,167.08514
-19.58521860882233,155.625,100716.52,160.45638
-19.58521860882233,157.5,100711.11,154.06618
-19.58521860882233,159.375,100703.65,148.99098
-19.58521860882233,161.25,100713.64,143.39842
-19.58521860882233,163.125,100732.5,137.84363
-19.58521860882233,165.0,100730.16,133.47717
-19.58521860882233,166.875,100724.04,129.806
-19.58521860882233,168.75,100741.68,126.718666
-19.58521860882233,170.625,100759.72,124.79368
-19.58521860882233,172.5,100756.42,123.53638
-19.58521860882233,174.375,100765.63,122.42787
-19.58521860882233,176.25,100793.02,121.89988
-19.58521860882233,178.125,100802.68,121.19043
-19.58521860882233,180.0,100802.49,119.179115
-19.58521860882233,181.875,100826.18,116.51592
-19.58521860882233,183.75,100853.54,114.249664
-19.58521860882233,185.625,100860.44,112.72336
-19.58521860882233,187.5,100868.46,112.12042
-19.58521860882233,189.375,100890.75,112.204315
-19.58521860882233,191.25,100913.85,112.431656
-19.58521860882233,193.125,100930.3,112.81032
-19.58521860882233,195.0,100944.96,113.41075
-19.58521860882233,196.875,100966.1,114.295616
-19.58521860882233,198.75,100995.87,115.4221
-19.58521860882233,200.625,101018.88,116.64892
-19.58521860882233,202.5,101033.38,117.35125
-19.58521860882233,204.375,101059.66,116.90883
-19.58521860882233,206.25,101093.22,115.78008
-19.58521860882233,208.125,101116.26,114.936806
-19.58521860882233,210.0,101150.24,114.16725
-19.58521860882233,211.875,101202.98,112.27925
-19.58521860882233,213.75,101240.66,108.98029
-19.58521860882233,215.625,101260.76,105.21227
-19.58521860882233,217.5,101299.1,101.99768
-19.58521860882233,219.375,101342.47,99.21767
-19.58521860882233,221.25,101366.88,96.04056
-19.58521860882233,223.125,101397.4,92.749756
-19.58521860882233,225.0,101439.77,89.90153
-19.58521860882233,226.875,101466.42,87.13248
-19.58521860882233,228.75,101485.5,84.37745
-19.58521860882233,230.625,101512.98,82.12702
-19.58521860882233,232.5,101531.67,80.165596
-19.58521860882233,234.375,101542.13,78.26878
-19.58521860882233,236.25,101566.74,76.70766
-19.58521860882233,238.125,101589.82,75.12602
-19.58521860882233,240.0,101593.84,73.52378
-19.58521860882233,241.875,101594.46,73.07728
-19.58521860882233,243.75,101598.4,73.00098
-19.58521860882233,245.625,101610.14,71.55715
-19.58521860882233,247.5,101633.14,70.02571
-19.58521860882233,249.375,101639.64,69.77163
-19.58521860882233,251.25,101622.55,68.9467
-19.58521860882233,253.125,101619.16,67.32417
-19.58521860882233,255.0,101628.32,67.024475
-19.58521860882233,256.875,101613.83,66.699844
-19.58521860882233,258.75,101604.86,64.72503
-19.58521860882233,260.625,101625.11,63.957726
-19.58521860882233,262.5,101608.78,64.68465
-19.58521860882233,264.375,101561.85,63.574497
-19.58521860882233,266.25,101559.1,61.99858
-19.58521860882233,268.125,101562.63,63.023483
-19.58521860882233,270.0,101504.28,63.985455
-19.58521860882233,271.875,101460.82,62.792377
-19.58521860882233,273.75,101476.34,62.277237
-19.58521860882233,275.625,101434.02,62.807076
-19.58521860882233,277.5,101356.28,61.984413
-19.58521860882233,279.375,101369.24,61.232162
-19.58521860882233,281.25,101382.94,62.51997
-19.58521860882233,283.125,101255.28,61.214314
-19.58521860882233,285.0,101191.02,61.85448
-19.58521860882233,286.875,101294.53,69.49967
-19.58521860882233,288.75,101298.12,61.906494
-19.58521860882233,290.625,101054.36,307.8487
-19.58521860882233,292.5,100431.32,101.9968
-19.58521860882233,294.375,100700.17,106.96151
-19.58521860882233,296.25,101017.91,91.74937
-19.58521860882233,298.125,100726.29,101.50183
-19.58521860882233,300.0,100612.8,100.3923
-19.58521860882233,301.875,100695.6,94.308586
-19.58521860882233,303.75,100785.33,93.58022
-19.58521860882233,305.625,100836.52,97.76216
-19.58521860882233,307.5,100911.31,100.516495
-19.58521860882233,309.375,100954.18,103.31922
-19.58521860882233,311.25,101002.34,109.67307
-19.58521860882233,313.125,101129.12,117.604034
-19.58521860882233,315.0,101221.76,124.66496
-19.58521860882233,316.875,101196.18,132.78949
-19.58521860882233,318.75,101105.41,144.76361
-19.58521860882233,320.625,101022.21,159.06027
-19.58521860882233,322.5,100992.38,172.16383
-19.58521860882233,324.375,101013.29,181.80043
-19.58521860882233,326.25,101062.59,185.82434
-19.58521860882233,328.125,101100.38,183.0057
-19.58521860882233,330.0,101145.67,174.55667
-19.58521860882233,331.875,101203.38,164.28085
-19.58521860882233,333.75,101236.66,154.83716
-19.58521860882233,335.625,101261.2,146.20284
-19.58521860882233,337.5,101297.86,139.26602
-19.58521860882233,339.375,101316.95,135.7596
-19.58521860882233,341.25,101325.4,134.10178
-19.58521860882233,343.125,101346.62,131.95305
-19.58521860882233,345.0,101347.97,130.03314
-19.58521860882233,346.875,101325.3,128.28188
-19.58521860882233,348.75,101325.29,124.74122
-19.58521860882233,350.625,101334.68,120.397705
-19.58521860882233,352.5,101306.39,118.31667
-19.58521860882233,354.375,101278.12,117.98861
-19.58521860882233,356.25,101274.64,117.05797
-19.58521860882233,358.125,101249.39,116.21651
-17.719961526447428,0.0,101133.23,119.88246
-17.719961526447428,1.875,101095.48,120.104126
-17.719961526447428,3.75,101050.24,118.17759
-17.719961526447428,5.625,101000.3,116.70768
-17.719961526447428,7.5,100944.28,111.79253
-17.719961526447428,9.375,100897.33,96.80972
-17.719961526447428,11.25,100919.86,76.03975
-17.719961526447428,13.125,101056.44,62.84078
-17.719961526447428,15.0,101180.95,69.33999
-17.719961526447428,16.875,101138.96,78.6522
-17.719961526447428,18.75,101071.58,89.283875
-17.719961526447428,20.625,101061.47,94.437256
-17.719961526447428,22.5,101046.52,100.16226
-17.719961526447428,24.375,101036.74,104.46424
-17.719961526447428,26.25,101080.57,106.17352
-17.719961526447428,28.125,101157.41,109.7382
-17.719961526447428,30.0,101229.28,113.07963
-17.719961526447428,31.875,101230.88,115.55264
-17.719961526447428,33.75,101110.66,122.68906
-17.719961526447428,35.625,100969.04,132.68335
-17.719961526447428,37.5,100894.62,142.60806
-17.719961526447428,39.375,100870.92,158.0754
-17.719961526447428,41.25,100854.02,171.28665
-17.719961526447428,43.125,100884.58,165.70567
-17.719961526447428,45.0,101016.13,149.32419
-17.719961526447428,46.875,101210.1,151.28592
-17.719961526447428,48.75,101184.96,179.49942
-17.719961526447428,50.625,100994.08,197.90372
-17.719961526447428,52.5,100898.41,201.37369
-17.719961526447428,54.375,100918.58,203.70648
-17.719961526447428,56.25,100964.44,208.68773
-17.719961526447428,58.125,100982.08,210.89168
-17.719961526447428,60.0,100998.02,212.06602
-17.719961526447428,61.875,101010.09,216.11742
-17.719961526447428,63.75,100999.41,219.33525
-17.719961526447428,65.625,100997.22,218.84808
-17.719961526447428,67.5,101024.55,217.55666
-17.719961526447428,69.375,101054.2,216.71274
-17.719961526447428,71.25,101073.07,215.14857
-17.719961526447428,73.125,101090.56,212.85844
-17.719961526447428,75.0,101103.34,209.36673
-17.719961526447428,76.875,101107.08,203.40941
-17.719961526447428,78.75,101114.9,196.2531
-17.719961526447428,80.625,101122.82,190.67004
-17.719961526447428,82.5,101117.2,187.32195
-17.719961526447428,84.375,101100.37,185.17168
-17.719961526447428,86.25,101084.42,183.34819
-17.719961526447428,88.125,101064.29,182.22633
-17.719961526447428,90.0,101036.46,182.78154
-17.719961526447428,91.875,101010.95,184.87949
-17.719961526447428,93.75,100982.41,187.6791
-17.719961526447428,95.625,100945.23,191.13353
-17.719961526447428,97.5,100905.28,194.96022
-17.719961526447428,99.375,100868.58,197.75029
-17.719961526447428,101.25,100817.02,199.41469
-17.719961526447428,103.125,100750.43,201.75856
-17.719961526447428,105.0,100690.87,203.98303
-17.719961526447428,106.875,100634.58,202.94731
-17.719961526447428,108.75,100567.48,200.12125
-17.719961526447428,110.625,100509.32,199.40822
-17.719961526447428,112.5,100472.64,198.97778
-17.719961526447428,114.375,100439.32,196.85643
-17.719961526447428,116.25,100412.45,195.31563
-17.719961526447428,118.125,100414.2,190.80862
-17.719961526447428,120.0,100430.52,177.3008
-17.719961526447428,121.875,100447.56,160.00963
-17.719961526447428,123.75,100495.74,147.42543
-17.719961526447428,125.625,100576.51,140.89052
-17.719961526447428,127.5,100614.04,137.67596
-17.719961526447428,129.375,100580.8,139.02802
-17.719961526447428,131.25,100544.49,142.40024
-17.719961526447428,133.125,100541.03,143.5002
-17.719961526447428,135.0,100568.4,146.28688
-17.719961526447428,136.875,100601.24,154.37376
-17.719961526447428,138.75,100607.76,157.111
-17.719961526447428,140.625,100619.19,146.41484
-17.719961526447428,142.5,100693.2,135.38445
-17.719961526447428,144.375,100788.09,137.22058
-17.719961526447428,146.25,100781.05,149.48088
-17.719961526447428,148.125,100713.98,153.03976
-17.719961526447428,150.0,100682.76,150.20493
-17.719961526447428,151.875,100686.22,148.69272
-17.719961526447428,153.75,100680.05,147.44933
-17.719961526447428,155.625,100677.18,143.18188
-17.719961526447428,157.5,100682.36,137.48167
-17.719961526447428,159.375,100679.64,133.14832
-17.719961526447428,161.25,100681.82,129.57611
-17.719961526447428,163.125,100700.4,125.63851
-17.719961526447428,165.0,100709.34,121.62951
-17.719961526447428,166.875,100705.98,117.67393
-17.719961526447428,168.75,100718.71,113.85885
-17.719961526447428,170.625,100739.87,110.664856
-17.719961526447428,172.5,100742.97,108.1506
-17.719961526447428,174.375,100746.1,106.17979
-17.719961526447428,176.25,100770.83,105.2824
-17.719961526447428,178.125,100788.94,105.024895
-17.719961526447428,180.0,100793.38,103.96978
-17.719961526447428,181.875,100803.54,101.95484
-17.719961526447428,183.75,100821.66,100.24205
-17.719961526447428,185.625,100834.94,99.339226
-17.719961526447428,187.5,100846.84,98.59286
-17.719961526447428,189.375,100859.22,98.12431
-17.719961526447428,191.25,100874.14,98.60293
-17.719961526447428,193.125,100893.5,99.58296
-17.719961526447428,195.0,100912.78,100.176674
-17.719961526447428,196.875,100928.95,100.97072
-17.719961526447428,198.75,100949.35,102.592705
-17.719961526447428,200.625,100973.5,104.300995
-17.719961526447428,202.5,100992.85,105.05511
-17.719961526447428,204.375,101025.0,104.98315
-17.719961526447428,206.25,101065.59,104.861115
-17.719961526447428,208.125,101085.48,104.4834
-17.719961526447428,210.0,101103.4,103.10295
-17.719961526447428,211.875,101142.98,100.912186
-17.719961526447428,213.75,101178.5,98.31376
-17.719961526447428,215.625,101193.76,95.26179
-17.719961526447428,217.5,101218.46,92.367546
-17.719961526447428,219.375,101258.78,90.100105
-17.719961526447428,221.25,101287.86,87.709
-17.719961526447428,223.125,101309.78,85.118355
-17.719961526447428,225.0,101334.84,82.972725
-17.719961526447428,226.875,101356.6,80.95656
-17.719961526447428,228.75,101377.83,78.87247
-17.719961526447428,230.625,101404.74,77.060425
-17.719961526447428,232.5,101425.22,75.17266
-17.719961526447428,234.375,101436.18,73.396225
-17.719961526447428,236.25,101452.99,72.74397
-17.719961526447428,238.125,101477.4,72.218765
-17.719961526447428,240.0,101502.9,70.606705
-17.719961526447428,241.875,101517.57,69.74571
-17.719961526447428,243.75,101507.04,70.14348
-17.719961526447428,245.625,101496.25,69.26174
-17.719961526447428,247.5,101507.42,67.79514
-17.719961526447428,249.375,101519.82,68.04327
-17.719961526447428,251.25,101521.34,67.67337
-17.719961526447428,253.125,101530.26,65.50112
-17.719961526447428,255.0,101533.86,64.95811
-17.719961526447428,256.875,101508.76,65.492744
-17.719961526447428,258.75,101486.9,63.97674
-17.719961526447428,260.625,101495.7,63.09886
-17.719961526447428,262.5,101490.78,64.4061
-17.719961526447428,264.375,101469.8,64.05356
-17.719961526447428,266.25,101467.94,62.609722
-17.719961526447428,268.125,101463.06,63.709213
-17.719961526447428,270.0,101418.18,64.41593
-17.719961526447428,271.875,101366.58,62.305473
-17.719961526447428,273.75,101362.98,61.70968
-17.719961526447428,275.625,101350.66,63.549255
-17.719961526447428,277.5,101290.76,62.777477
-17.719961526447428,279.375,101246.2,60.772774
-17.719961526447428,281.25,101260.61,62.12261
-17.719961526447428,283.125,101256.64,65.04239
-17.719961526447428,285.0,101222.62,64.086624
-17.719961526447428,286.875,101190.52,59.202267
-17.719961526447428,288.75,101269.71,66.06882
-17.719961526447428,290.625,100560.54,81.74078
-17.719961526447428,292.5,100629.62,96.47742
-17.719961526447428,294.375,100715.02,234.44379
-17.719961526447428,296.25,100902.2,78.66268
-17.719961526447428,298.125,100742.68,87.25422
-17.719961526447428,300.0,100684.04,87.92974
-17.719961526447428,301.875,100726.65,84.84587
-17.719961526447428,303.75,100777.17,84.612305
-17.719961526447428,305.625,100870.61,87.68956
-17.719961526447428,307.5,101000.56,88.58632
-17.719961526447428,309.375,101039.42,90.78169
-17.719961526447428,311.25,101046.36,96.72244
-17.719961526447428,313.125,101102.36,104.04159
-17.719961526447428,315.0,101149.94,112.0669
-17.719961526447428,316.875,101154.14,122.470955
-17.719961526447428,318.75,101114.95,136.04562
-17.719961526447428,320.625,101027.84,150.05829
-17.719961526447428,322.5,100965.48,160.21013
-17.719961526447428,324.375,100973.33,166.70137
-17.719961526447428,326.25,101029.44,170.0076
-17.719961526447428,328.125,101058.06,167.49657
-17.719961526447428,330.0,101082.53,159.14679
-17.719961526447428,331.875,101135.54,150.07375
-17.719961526447428,333.75,101173.17,143.29886
-17.719961526447428,335.625,101189.22,137.3849
-17.719961526447428,337.5,101214.6,133.41826
-17.719961526447428,339.375,101232.92,133.45702
-17.719961526447428,341.25,101238.31,134.46133
-17.719961526447428,343.125,101248.35,133.78654
-17.719961526447428,345.0,101252.92,132.95677
-17.719961526447428,346.875,101249.27,131.4093
-17.719961526447428,348.75,101255.92,127.24262
-17.719961526447428,350.625,101252.78,123.04097
-17.719961526447428,352.5,101226.47,121.56077
-17.719961526447428,354.375,101209.81,120.423904
-17.719961526447428,356.25,101203.6,118.2944
-17.719961526447428,358.125,101174.08,118.02707
-15.854703869694873,0.0,101059.32,118.6112
-15.854703869694873,1.875,101032.88,116.35648
-15.854703869694873,3.75,100986.82,111.90791
-15.854703869694873,5.625,100952.76,108.01112
-15.854703869694873,7.5,100909.54,100.89612
-15.854703869694873,9.375,100856.76,86.279144
-15.854703869694873,11.25,100891.4,70.2183
-15.854703869694873,13.125,101093.36,61.71338
-15.854703869694873,15.0,101274.04,63.642918
-15.854703869694873,16.875,101183.76,71.55869
-15.854703869694873,18.75,101069.61,79.46341
-15.854703869694873,20.625,101071.1,86.25728
-15.854703869694873,22.5,101075.08,92.93028
-15.854703869694873,24.375,101073.8,98.37939
-15.854703869694873,26.25,101111.89,101.15024
-15.854703869694873,28.125,101122.71,102.8425
-15.854703869694873,30.0,101101.74,103.34028
-15.854703869694873,31.875,101116.59,104.75401
-15.854703869694873,33.75,101117.64,110.58669
-15.854703869694873,35.625,101048.82,118.54848
-15.854703869694873,37.5,100981.72,125.91908
-15.854703869694873,39.375,100960.68,138.13043
-15.854703869694873,41.25,100937.28,151.50922
-15.854703869694873,43.125,100915.86,150.039
-15.854703869694873,45.0,100958.12,137.23204
-15.854703869694873,46.875,101072.63,133.86313
-15.854703869694873,48.75,101100.36,152.29716
-15.854703869694873,50.625,100977.64,172.85806
-15.854703869694873,52.5,100895.9,179.17467
-15.854703869694873,54.375,100905.52,179.84125
-15.854703869694873,56.25,100926.16,183.42758
-15.854703869694873,58.125,100911.81,188.15816
-15.854703869694873,60.0,100905.79,191.78241
-15.854703869694873,61.875,100923.83,195.63428
-15.854703869694873,63.75,100939.23,198.24864
-15.854703869694873,65.625,100957.52,198.57405
-15.854703869694873,67.5,100984.7,198.72502
-15.854703869694873,69.375,100997.22,199.38524
-15.854703869694873,71.25,100987.87,199.5577
-15.854703869694873,73.125,100983.1,198.89374
-15.854703869694873,75.0,100988.1,196.54988
-15.854703869694873,76.875,100992.98,191.63422
-15.854703869694873,78.75,100991.54,185.65508
-15.854703869694873,80.625,100989.68,180.82312
-15.854703869694873,82.5,100985.88,177.79721
-15.854703869694873,84.375,100980.54,176.36194
-15.854703869694873,86.25,100972.38,175.87862
-15.854703869694873,88.125,100960.81,176.00755
-15.854703869694873,90.0,100944.54,176.87335
-15.854703869694873,91.875,100925.28,178.43375
-15.854703869694873,93.75,100902.78,180.56413
-15.854703869694873,95.625,100873.03,183.05643
-15.854703869694873,97.5,100837.66,185.21954
-15.854703869694873,99.375,100804.36,186.41025
-15.854703869694873,101.25,100764.46,186.99033
-15.854703869694873,103.125,100719.33,187.71906
-15.854703869694873,105.0,100682.13,187.74606
-15.854703869694873,106.875,100648.89,185.62918
-15.854703869694873,108.75,100601.3,182.67137
-15.854703869694873,110.625,100553.16,181.41182
-15.854703869694873,112.5,100525.76,180.53311
-15.854703869694873,114.375,100505.67,178.13547
-15.854703869694873,116.25,100482.86,175.52565
-15.854703869694873,118.125,100472.62,171.66698
-15.854703869694873,120.0,100472.67,163.41829
-15.854703869694873,121.875,100487.83,152.75005
-15.854703869694873,123.75,100533.58,142.38272
-15.854703869694873,125.625,100590.24,133.55975
-15.854703869694873,127.5,100601.27,129.21404
-15.854703869694873,129.375,100583.25,129.51244
-15.854703869694873,131.25,100589.02,130.30711
-15.854703869694873,133.125,100598.44,132.37337
-15.854703869694873,135.0,100580.34,141.36433
-15.854703869694873,136.875,100555.38,154.27905
-15.854703869694873,138.75,100550.44,154.90118
-15.854703869694873,140.625,100581.1,140.55376
-15.854703869694873,142.5,100651.4,128.81612
-15.854703869694873,144.375,100715.28,128.75214
-15.854703869694873,146.25,100698.49,135.23149
-15.854703869694873,148.125,100653.84,135.91844
-15.854703869694873,150.0,100650.56,133.1115
-15.854703869694873,151.875,100663.29,131.05606
-15.854703869694873,153.75,100655.85,130.08531
-15.854703869694873,155.625,100655.26,127.48585
-15.854703869694873,157.5,100679.68,123.13804
-15.854703869694873,159.375,100688.47,119.711464
-15.854703869694873,161.25,100676.49,117.44944
-15.854703869694873,163.125,100681.18,114.59638
-15.854703869694873,165.0,100704.96,110.919044
-15.854703869694873,166.875,100714.54,106.91705
-15.854703869694873,168.75,100713.38,102.662636
-15.854703869694873,170.625,100724.53,98.92131
-15.854703869694873,172.5,100739.95,96.43575
-15.854703869694873,174.375,100749.12,94.673805
-15.854703869694873,176.25,100764.1,93.360985
-15.854703869694873,178.125,100785.53,92.90405
-15.854703869694873,180.0,100801.3,92.68746
-15.854703869694873,181.875,100807.12,91.55557
-15.854703869694873,183.75,100813.4,90.0745
-15.854703869694873,185.625,100832.62,89.31565
-15.854703869694873,187.5,100857.86,88.89442
-15.854703869694873,189.375,100871.89,88.798515
-15.854703869694873,191.25,100879.05,89.43084
-15.854703869694873,193.125,100897.42,90.24893
-15.854703869694873,195.0,100920.55,90.80597
-15.854703869694873,196.875,100928.78,91.61155
-15.854703869694873,198.75,100940.55,92.85891
-15.854703869694873,200.625,100965.44,93.886475
-15.854703869694873,202.5,100984.08,94.11748
-15.854703869694873,204.375,100999.78,93.92462
-15.854703869694873,206.25,101031.12,93.95846
-15.854703869694873,208.125,101056.66,93.536446
-15.854703869694873,210.0,101067.62,91.9588
-15.854703869694873,211.875,101086.8,90.291306
-15.854703869694873,213.75,101117.12,88.85643
-15.854703869694873,215.625,101141.18,86.66325
-15.854703869694873,217.5,101164.99,84.27156
-15.854703869694873,219.375,101193.03,82.67507
-15.854703869694873,221.25,101217.08,81.177315
-15.854703869694873,223.125,101236.1,79.52662
-15.854703869694873,225.0,101257.57,78.21035
-15.854703869694873,226.875,101280.58,76.591774
-15.854703869694873,228.75,101303.18,74.67165
-15.854703869694873,230.625,101321.54,73.542694
-15.854703869694873,232.5,101342.71,72.40151
-15.854703869694873,234.375,101362.93,70.6015
-15.854703869694873,236.25,101368.7,69.93745
-15.854703869694873,238.125,101361.5,70.288246
-15.854703869694873,240.0,101373.96,69.37042
-15.854703869694873,241.875,101400.12,68.08913
-15.854703869694873,243.75,101412.92,68.03801
-15.854703869694873,245.625,101414.07,67.308495
-15.854703869694873,247.5,101416.74,65.91054
-15.854703869694873,249.375,101415.86,66.27064
-15.854703869694873,251.25,101414.16,66.54118
-15.854703869694873,253.125,101419.1,64.84081
-15.854703869694873,255.0,101423.3,64.18051
-15.854703869694873,256.875,101420.77,64.93563
-15.854703869694873,258.75,101413.83,64.130264
-15.854703869694873,260.625,101398.18,63.172295
-15.854703869694873,262.5,101387.89,63.954525
-15.854703869694873,264.375,101382.27,64.09308
-15.854703869694873,266.25,101358.74,63.414135
-15.854703869694873,268.125,101336.95,63.761852
-15.854703869694873,270.0,101337.41,63.530285
-15.854703869694873,271.875,101312.06,62.106495
-15.854703869694873,273.75,101266.38,62.68128
-15.854703869694873,275.625,101266.54,64.15917
-15.854703869694873,277.5,101258.26,63.688347
-15.854703869694873,279.375,101183.66,64.92437
-15.854703869694873,281.25,101153.01,69.86603
-15.854703869694873,283.125,101197.62,67.874176
-15.854703869694873,285.0,101229.26,57.704895
-15.854703869694873,286.875,100829.42,140.80672
-15.854703869694873,288.75,100639.66,77.59572
-15.854703869694873,290.625,100654.44,81.211464
-15.854703869694873,292.5,101015.5,366.24005
-15.854703869694873,294.375,100893.33,67.67235
-15.854703869694873,296.25,100800.54,71.33378
-15.854703869694873,298.125,100757.43,73.87297
-15.854703869694873,300.0,100806.42,73.218414
-15.854703869694873,301.875,100842.34,72.55761
-15.854703869694873,303.75,100851.54,74.22684
-15.854703869694873,305.625,100923.01,76.575294
-15.854703869694873,307.5,101031.48,75.94567
-15.854703869694873,309.375,101079.64,76.49513
-15.854703869694873,311.25,101102.97,79.32559
-15.854703869694873,313.125,101132.67,83.33248
-15.854703869694873,315.0,101132.92,91.06819
-15.854703869694873,316.875,101132.05,104.073166
-15.854703869694873,318.75,101123.94,120.395164
-15.854703869694873,320.625,101040.03,135.01997
-15.854703869694873,322.5,100953.01,142.82436
-15.854703869694873,324.375,100951.21,145.29027
-15.854703869694873,326.25,101006.78,146.65128
-15.854703869694873,328.125,101025.48,145.1902
-15.854703869694873,330.0,101036.38,138.85307
-15.854703869694873,331.875,101083.6,131.73045
-15.854703869694873,333.75,101117.57,127.17946
-15.854703869694873,335.625,101122.0,124.27147
-15.854703869694873,337.5,101138.04,123.77274
-15.854703869694873,339.375,101153.0,126.62481
-15.854703869694873,341.25,101150.94,129.34062
-15.854703869694873,343.125,101149.5,130.03761
-15.854703869694873,345.0,101157.48,130.36034
-15.854703869694873,346.875,101162.59,129.20346
-15.854703869694873,348.75,101159.72,125.381805
-15.854703869694873,350.625,101145.61,122.03789
-15.854703869694873,352.5,101134.49,120.72643
-15.854703869694873,354.375,101132.76,119.09989
-15.854703869694873,356.25,101112.39,117.32264
-15.854703869694873,358.125,101077.86,117.66276
-13.989445712356673,0.0,101001.92,109.8076
-13.989445712356673,1.875,100988.13,106.078545
-13.989445712356673,3.75,100943.5,100.68672
-13.989445712356673,5.625,100925.56,94.366455
-13.989445712356673,7.5,100913.58,86.62837
-13.989445712356673,9.375,100876.37,76.89686
-13.989445712356673,11.25,100918.04,67.25868
-13.989445712356673,13.125,101110.03,63.295555
-13.989445712356673,15.0,101348.02,64.37215
-13.989445712356673,16.875,101324.92,66.7125
-13.989445712356673,18.75,101181.04,71.60692
-13.989445712356673,20.625,101134.06,76.83951
-13.989445712356673,22.5,101127.63,81.47069
-13.989445712356673,24.375,101155.87,86.770004
-13.989445712356673,26.25,101218.78,91.04773
-13.989445712356673,28.125,101214.75,92.8237
-13.989445712356673,30.0,101144.92,93.808395
-13.989445712356673,31.875,101126.16,95.07864
-13.989445712356673,33.75,101163.61,98.8119
-13.989445712356673,35.625,101158.59,106.63399
-13.989445712356673,37.5,101092.73,116.32977
-13.989445712356673,39.375,101025.36,125.74973
-13.989445712356673,41.25,100960.52,133.46005
-13.989445712356673,43.125,100908.14,133.73686
-13.989445712356673,45.0,100921.17,126.552536
-13.989445712356673,46.875,100998.41,122.51749
-13.989445712356673,48.75,101054.74,131.23921
-13.989445712356673,50.625,101009.07,145.96591
-13.989445712356673,52.5,100940.0,152.63918
-13.989445712356673,54.375,100916.06,153.54013
-13.989445712356673,56.25,100904.61,157.50427
-13.989445712356673,58.125,100886.44,164.49495
-13.989445712356673,60.0,100893.42,170.1097
-13.989445712356673,61.875,100921.98,173.44049
-13.989445712356673,63.75,100937.58,175.01875
-13.989445712356673,65.625,100936.26,175.74617
-13.989445712356673,67.5,100929.95,176.60812
-13.989445712356673,69.375,100920.13,177.5862
-13.989445712356673,71.25,100915.79,178.3535
-13.989445712356673,73.125,100926.67,178.41492
-13.989445712356673,75.0,100942.25,176.71498
-13.989445712356673,76.875,100952.58,173.35442
-13.989445712356673,78.75,100953.34,169.8609
-13.989445712356673,80.625,100950.27,166.753
-13.989445712356673,82.5,100949.51,164.06052
-13.989445712356673,84.375,100950.31,162.83678
-13.989445712356673,86.25,100942.36,163.27701
-13.989445712356673,88.125,100929.54,164.47621
-13.989445712356673,90.0,100914.14,165.96893
-13.989445712356673,91.875,100893.69,167.7818
-13.989445712356673,93.75,100869.94,169.5751
-13.989445712356673,95.625,100843.17,170.90982
-13.989445712356673,97.5,100809.46,171.6818
-13.989445712356673,99.375,100773.62,172.04445
-13.989445712356673,101.25,100743.0,171.73883
-13.989445712356673,103.125,100711.9,170.75417
-13.989445712356673,105.0,100682.0,169.57576
-13.989445712356673,106.875,100654.57,168.09187
-13.989445712356673,108.75,100626.62,166.04816
-13.989445712356673,110.625,100598.02,164.10977
-13.989445712356673,112.5,100577.36,162.1388
-13.989445712356673,114.375,100561.27,158.7642
-13.989445712356673,116.25,100549.6,154.3359
-13.989445712356673,118.125,100539.07,150.2757
-13.989445712356673,120.0,100522.28,146.65332
-13.989445712356673,121.875,100513.61,142.02599
-13.989445712356673,123.75,100544.62,134.1002
-13.989445712356673,125.625,100577.62,125.23882
-13.989445712356673,127.5,100566.54,122.245316
-13.989445712356673,129.375,100555.62,123.52291
-13.989445712356673,131.25,100594.76,122.64559
-13.989445712356673,133.125,100619.44,123.26512
-13.989445712356673,135.0,100578.92,132.96826
-13.989445712356673,136.875,100542.0,142.21622
-13.989445712356673,138.75,100553.25,138.37271
-13.989445712356673,140.625,100602.55,125.79369
-13.989445712356673,142.5,100656.91,118.65415
-13.989445712356673,144.375,100682.14,117.349174
-13.989445712356673,146.25,100668.03,116.18769
-13.989445712356673,148.125,100646.47,115.79487
-13.989445712356673,150.0,100650.56,117.32674
-13.989445712356673,151.875,100662.9,117.6602
-13.989445712356673,153.75,100659.4,116.535866
-13.989445712356673,155.625,100656.34,114.69352
-13.989445712356673,157.5,100673.58,111.63776
-13.989445712356673,159.375,100692.08,108.65177
-13.989445712356673,161.25,100691.14,106.774925
-13.989445712356673,163.125,100691.71,104.44597
-13.989445712356673,165.0,100712.98,101.0288
-13.989445712356673,166.875,100734.11,97.393745
-13.989445712356673,168.75,100732.66,93.601234
-13.989445712356673,170.625,100734.77,89.97281
-13.989445712356673,172.5,100756.72,87.67553
-13.989445712356673,174.375,100770.52,86.310905
-13.989445712356673,176.25,100770.59,84.87697
-13.989445712356673,178.125,100781.0,83.876465
-13.989445712356673,180.0,100801.89,83.771225
-13.989445712356673,181.875,100817.47,83.612305
-13.989445712356673,183.75,100824.05,82.96862
-13.989445712356673,185.625,100837.79,82.41424
-13.989445712356673,187.5,100859.94,82.22269
-13.989445712356673,189.375,100875.06,82.35636
-13.989445712356673,191.25,100878.68,82.58824
-13.989445712356673,193.125,100892.53,82.77008
-13.989445712356673,195.0,100913.43,83.269905
-13.989445712356673,196.875,100920.34,84.078835
-13.989445712356673,198.75,100930.66,84.6777
-13.989445712356673,200.625,100956.1,85.15713
-13.989445712356673,202.5,100971.28,85.416
-13.989445712356673,204.375,100967.92,85.11975
-13.989445712356673,206.25,100979.12,84.6171
-13.989445712356673,208.125,101011.62,83.878876
-13.989445712356673,210.0,101033.01,82.6976
-13.989445712356673,211.875,101045.59,81.98113
-13.989445712356673,213.75,101066.78,81.548195
-13.989445712356673,215.625,101093.13,80.19494
-13.989445712356673,217.5,101112.75,78.64975
-13.989445712356673,219.375,101126.93,77.86689
-13.989445712356673,221.25,101145.58,76.80999
-13.989445712356673,223.125,101169.24,75.405685
-13.989445712356673,225.0,101191.04,74.60132
-13.989445712356673,226.875,101211.45,73.52333
-13.989445712356673,228.75,101232.34,71.85957
-13.989445712356673,230.625,101238.64,71.22038
-13.989445712356673,232.5,101245.01,71.10853
-13.989445712356673,234.375,101272.96,69.752
-13.989445712356673,236.25,101293.56,68.48859
-13.989445712356673,238.125,101288.48,68.68573
-13.989445712356673,240.0,101285.62,68.4624
-13.989445712356673,241.875,101297.46,67.45036
-13.989445712356673,243.75,101310.46,67.20894
-13.989445712356673,245.625,101327.96,66.90672
-13.989445712356673,247.5,101341.02,65.76019
-13.989445712356673,249.375,101334.46,65.573105
-13.989445712356673,251.25,101331.66,66.173874
-13.989445712356673,253.125,101327.04,65.812256
-13.989445712356673,255.0,101315.25,65.274506
-13.989445712356673,256.875,101327.56,65.36376
-13.989445712356673,258.75,101345.55,65.1284
-13.989445712356673,260.625,101322.68,64.66532
-13.989445712356673,262.5,101305.45,64.463
-13.989445712356673,264.375,101318.38,64.28596
-13.989445712356673,266.25,101283.29,64.426056
-13.989445712356673,268.125,101238.11,64.44617
-13.989445712356673,270.0,101264.67,63.906784
-13.989445712356673,271.875,101264.42,64.31773
-13.989445712356673,273.75,101191.68,65.58101
-13.989445712356673,275.625,101184.32,65.44852
-13.989445712356673,277.5,101231.98,66.14858
-13.989445712356673,279.375,101163.85,72.40956
-13.989445712356673,281.25,101105.25,74.66078
-13.989445712356673,283.125,101203.77,64.01196
-13.989445712356673,285.0,100960.71,133.03615
-13.989445712356673,286.875,100773.99,66.46703
-13.989445712356673,288.75,100731.0,70.10708
-13.989445712356673,290.625,100892.79,313.01013
-13.989445712356673,292.5,100920.96,64.021904
-13.989445712356673,294.375,100808.43,65.44117
-13.989445712356673,296.25,100759.68,64.94356
-13.989445712356673,298.125,100843.78,61.469032
-13.989445712356673,300.0,100948.82,60.998245
-13.989445712356673,301.875,100981.58,61.36464
-13.989445712356673,303.75,100985.06,64.09158
-13.989445712356673,305.625,101001.6,66.19021
-13.989445712356673,307.5,101020.58,65.37547
-13.989445712356673,309.375,101049.68,64.46796
-13.989445712356673,311.25,101116.11,64.237045
-13.989445712356673,313.125,101166.96,65.00832
-13.989445712356673,315.0,101157.76,71.25603
-13.989445712356673,316.875,101154.64,84.78404
-13.989445712356673,318.75,101152.12,102.24471
-13.989445712356673,320.625,101060.34,117.484024
-13.989445712356673,322.5,100956.5,123.815186
-13.989445712356673,324.375,100949.84,122.2841
-13.989445712356673,326.25,100997.74,120.56516
-13.989445712356673,328.125,101010.42,119.64261
-13.989445712356673,330.0,101021.1,116.06604
-13.989445712356673,331.875,101059.23,111.387924
-13.989445712356673,333.75,101075.75,108.939064
-13.989445712356673,335.625,101070.52,108.78655
-13.989445712356673,337.5,101083.72,110.8742
-13.989445712356673,339.375,101098.1,114.88276
-13.989445712356673,341.25,101094.6,118.17465
-13.989445712356673,343.125,101094.66,119.9195
-13.989445712356673,345.0,101098.65,120.97283
-13.989445712356673,346.875,101095.03,120.03169
-13.989445712356673,348.75,101083.21,117.239296
-13.989445712356673,350.625,101070.35,115.056564
-13.989445712356673,352.5,101066.51,113.5754
-13.989445712356673,354.375,101064.15,112.06407
-13.989445712356673,356.25,101032.3,111.47528
-13.989445712356673,358.125,101000.24,111.35563
-12.124187123455766,0.0,100980.77,95.02784
-12.124187123455766,1.875,100959.21,91.55492
-12.124187123455766,3.75,100911.52,87.32902
-12.124187123455766,5.625,100900.86,80.50999
-12.124187123455766,7.5,100904.75,73.64435
-12.124187123455766,9.375,100869.99,69.27166
-12.124187123455766,11.25,100890.6,65.787636
-12.124187123455766,13.125,101030.86,63.920227
-12.124187123455766,15.0,101265.36,62.71875
-12.124187123455766,16.875,101365.11,62.348114
-12.124187123455766,18.75,101263.84,67.45053
-12.124187123455766,20.625,101179.36,71.07849
-12.124187123455766,22.5,101161.82,72.20171
-12.124187123455766,24.375,101196.86,74.27126
-12.124187123455766,26.25,101261.0,76.7485
-12.124187123455766,28.125,101295.43,79.747765
-12.124187123455766,30.0,101269.62,84.3072
-12.124187123455766,31.875,101230.5,87.64889
-12.124187123455766,33.75,101219.2,89.61834
-12.124187123455766,35.625,101189.91,96.76759
-12.124187123455766,37.5,101092.18,108.5189
-12.124187123455766,39.375,100988.88,115.064384
-12.124187123455766,41.25,100940.46,116.78309
-12.124187123455766,43.125,100943.26,117.17751
-12.124187123455766,45.0,100971.25,114.96544
-12.124187123455766,46.875,101003.58,112.67329
-12.124187123455766,48.75,101011.52,115.98998
-12.124187123455766,50.625,100972.06,123.407974
-12.124187123455766,52.5,100918.56,128.56541
-12.124187123455766,54.375,100903.3,131.79944
-12.124187123455766,56.25,100916.2,137.1298
-12.124187123455766,58.125,100933.84,143.70451
-12.124187123455766,60.0,100944.88,148.7965
-12.124187123455766,61.875,100939.7,151.98593
-12.124187123455766,63.75,100923.04,153.89532
-12.124187123455766,65.625,100910.77,155.18898
-12.124187123455766,67.5,100909.1,156.01834
-12.124187123455766,69.375,100916.96,156.39258
-12.124187123455766,71.25,100940.04,156.8376
-12.124187123455766,73.125,100956.46,156.98251
-12.124187123455766,75.0,100955.43,155.70256
-12.124187123455766,76.875,100951.03,153.80443
-12.124187123455766,78.75,100952.02,152.78876
-12.124187123455766,80.625,100947.73,151.93211
-12.124187123455766,82.5,100942.65,150.44104
-12.124187123455766,84.375,100933.96,149.5266
-12.124187123455766,86.25,100912.56,149.82513
-12.124187123455766,88.125,100890.05,150.77573
-12.124187123455766,90.0,100872.91,152.23949
-12.124187123455766,91.875,100849.92,154.0129
-12.124187123455766,93.75,100826.24,155.17415
-12.124187123455766,95.625,100811.7,155.27141
-12.124187123455766,97.5,100795.28,155.03822
-12.124187123455766,99.375,100775.08,155.00298
-12.124187123455766,101.25,100759.48,154.21593
-12.124187123455766,103.125,100740.9,152.52678
-12.124187123455766,105.0,100709.54,151.8316
-12.124187123455766,106.875,100679.39,151.688
-12.124187123455766,108.75,100661.6,149.57661
-12.124187123455766,110.625,100647.1,146.28406
-12.124187123455766,112.5,100624.71,144.35272
-12.124187123455766,114.375,100599.28,142.20589
-12.124187123455766,116.25,100591.88,137.69247
-12.124187123455766,118.125,100601.23,133.00812
-12.124187123455766,120.0,100592.93,130.75407
-12.124187123455766,121.875,100572.7,129.0898
-12.124187123455766,123.75,100576.54,124.5583
-12.124187123455766,125.625,100590.32,118.87093
-12.124187123455766,127.5,100575.65,117.28746
-12.124187123455766,129.375,100570.92,117.94748
-12.124187123455766,131.25,100598.44,115.95782
-12.124187123455766,133.125,100611.57,114.04899
-12.124187123455766,135.0,100589.16,118.2831
-12.124187123455766,136.875,100592.62,121.02539
-12.124187123455766,138.75,100637.98,114.645706
-12.124187123455766,140.625,100673.0,106.936584
-12.124187123455766,142.5,100665.19,105.5045
-12.124187123455766,144.375,100653.04,103.75935
-12.124187123455766,146.25,100660.48,99.1293
-12.124187123455766,148.125,100675.9,98.56073
-12.124187123455766,150.0,100677.7,103.341484
-12.124187123455766,151.875,100673.02,105.799706
-12.124187123455766,153.75,100683.14,104.93696
-12.124187123455766,155.625,100686.02,103.983215
-12.124187123455766,157.5,100680.3,102.16873
-12.124187123455766,159.375,100694.72,99.378235
-12.124187123455766,161.25,100718.57,97.35986
-12.124187123455766,163.125,100721.34,95.237885
-12.124187123455766,165.0,100723.09,91.96848
-12.124187123455766,166.875,100740.5,88.76569
-12.124187123455766,168.75,100752.28,85.93755
-12.124187123455766,170.625,100756.0,82.97815
-12.124187123455766,172.5,100769.98,80.767845
-12.124187123455766,174.375,100784.26,79.74074
-12.124187123455766,176.25,100789.09,78.90783
-12.124187123455766,178.125,100795.96,78.04989
-12.124187123455766,180.0,100809.1,77.72547
-12.124187123455766,181.875,100826.08,77.813034
-12.124187123455766,183.75,100841.44,77.88038
-12.124187123455766,185.625,100848.36,77.71813
-12.124187123455766,187.5,100853.3,77.42765
-12.124187123455766,189.375,100865.76,77.29128
-12.124187123455766,191.25,100876.32,77.1989
-12.124187123455766,193.125,100884.42,77.15069
-12.124187123455766,195.0,100899.78,77.548904
-12.124187123455766,196.875,100913.58,78.00499
-12.124187123455766,198.75,100920.34,78.005615
-12.124187123455766,200.625,100937.23,78.30018
-12.124187123455766,202.5,100957.98,78.95221
-12.124187123455766,204.375,100968.16,78.90971
-12.124187123455766,206.25,100975.76,78.43664
-12.124187123455766,208.125,100995.18,78.16683
-12.124187123455766,210.0,101016.68,77.74527
-12.124187123455766,211.875,101027.72,77.34178
-12.124187123455766,213.75,101036.73,77.0752
-12.124187123455766,215.625,101052.36,76.31319
-12.124187123455766,217.5,101066.33,75.43399
-12.124187123455766,219.375,101075.36,75.07208
-12.124187123455766,221.25,101093.68,74.17529
-12.124187123455766,223.125,101116.26,72.66532
-12.124187123455766,225.0,101122.55,72.0545
-12.124187123455766,226.875,101128.2,71.887764
-12.124187123455766,228.75,101151.28,70.894905
-12.124187123455766,230.625,101165.04,70.03273
-12.124187123455766,232.5,101160.38,70.047325
-12.124187123455766,234.375,101174.56,69.581474
-12.124187123455766,236.25,101200.78,68.63269
-12.124187123455766,238.125,101218.9,68.48591
-12.124187123455766,240.0,101235.06,68.53312
-12.124187123455766,241.875,101238.4,67.83429
-12.124187123455766,243.75,101226.09,67.42484
-12.124187123455766,245.625,101230.97,67.70063
-12.124187123455766,247.5,101243.22,67.466225
-12.124187123455766,249.375,101241.98,66.79674
-12.124187123455766,251.25,101255.66,66.8554
-12.124187123455766,253.125,101267.25,67.27372
-12.124187123455766,255.0,101242.67,66.72558
-12.124187123455766,256.875,101234.09,65.67397
-12.124187123455766,258.75,101249.75,65.833206
-12.124187123455766,260.625,101225.46,66.51705
-12.124187123455766,262.5,101206.97,65.86802
-12.124187123455766,264.375,101240.11,65.250725
-12.124187123455766,266.25,101226.28,66.16552
-12.124187123455766,268.125,101175.24,66.265785
-12.124187123455766,270.0,101189.57,65.47359
-12.124187123455766,271.875,101192.5,66.7532
-12.124187123455766,273.75,101128.63,68.08624
-12.124187123455766,275.625,101119.79,67.72476
-12.124187123455766,277.5,101163.65,71.76844
-12.124187123455766,279.375,101111.69,78.39523
-12.124187123455766,281.25,101106.7,73.74163
-12.124187123455766,283.125,101411.63,53.451935
-12.124187123455766,285.0,100918.64,92.51765
-12.124187123455766,286.875,101112.26,318.3953
-12.124187123455766,288.75,101072.87,59.623898
-12.124187123455766,290.625,100953.86,56.122158
-12.124187123455766,292.5,100861.0,58.5896
-12.124187123455766,294.375,100778.71,59.678368
-12.124187123455766,296.25,100846.84,54.597622
-12.124187123455766,298.125,100968.16,53.008274
-12.124187123455766,300.0,100994.48,53.37966
-12.124187123455766,301.875,101005.18,53.82248
-12.124187123455766,303.75,101046.07,54.481205
-12.124187123455766,305.625,101049.74,56.102764
-12.124187123455766,307.5,101019.48,56.507008
-12.124187123455766,309.375,101032.55,55.440273
-12.124187123455766,311.25,101107.2,54.425354
-12.124187123455766,313.125,101170.38,55.397133
-12.124187123455766,315.0,101181.25,59.767525
-12.124187123455766,316.875,101188.24,68.10603
-12.124187123455766,318.75,101179.56,80.70371
-12.124187123455766,320.625,101086.01,95.33445
-12.124187123455766,322.5,100984.2,103.05169
-12.124187123455766,324.375,100971.11,101.3178
-12.124187123455766,326.25,100997.76,98.35652
-12.124187123455766,328.125,101006.3,96.95054
-12.124187123455766,330.0,101025.05,94.4904
-12.124187123455766,331.875,101050.0,91.56885
-12.124187123455766,333.75,101046.98,90.835205
-12.124187123455766,335.625,101042.3,92.35165
-12.124187123455766,337.5,101056.49,95.135124
-12.124187123455766,339.375,101057.81,98.700714
-12.124187123455766,341.25,101049.18,101.88119
-12.124187123455766,343.125,101055.54,104.341446
-12.124187123455766,345.0,101056.15,105.63179
-12.124187123455766,346.875,101047.87,104.61123
-12.124187123455766,348.75,101047.56,103.03944
-12.124187123455766,350.625,101045.1,102.423164
-12.124187123455766,352.5,101036.49,101.05669
-12.124187123455766,354.375,101026.4,99.47568
-12.124187123455766,356.25,101005.4,99.44992
-12.124187123455766,358.125,100984.03,98.43345
-10.258928168006376,0.0,100963.76,80.56
-10.258928168006376,1.875,100949.4,78.08015
-10.258928168006376,3.75,100922.08,75.656136
-10.258928168006376,5.625,100921.54,71.17858
-10.258928168006376,7.5,100930.58,67.17645
-10.258928168006376,9.375,100898.3,65.845764
-10.258928168006376,11.25,100889.34,65.45206
-10.258928168006376,13.125,100980.91,64.89206
-10.258928168006376,15.0,101166.0,63.39983
-10.258928168006376,16.875,101293.96,61.80488
-10.258928168006376,18.75,101230.67,64.48215
-10.258928168006376,20.625,101164.38,66.503174
-10.258928168006376,22.5,101186.9,66.08743
-10.258928168006376,24.375,101219.84,66.786476
-10.258928168006376,26.25,101224.72,67.87372
-10.258928168006376,28.125,101257.15,70.03713
-10.258928168006376,30.0,101308.89,74.49791
-10.258928168006376,31.875,101308.29,79.3758
-10.258928168006376,33.75,101263.77,82.590355
-10.258928168006376,35.625,101182.58,90.689575
-10.258928168006376,37.5,101050.5,102.023575
-10.258928168006376,39.375,100957.11,104.30567
-10.258928168006376,41.25,100961.74,103.30786
-10.258928168006376,43.125,101013.63,103.942345
-10.258928168006376,45.0,101027.22,104.270325
-10.258928168006376,46.875,100999.88,104.10428
-10.258928168006376,48.75,100973.51,106.12886
-10.258928168006376,50.625,100955.7,109.638756
-10.258928168006376,52.5,100945.24,112.99713
-10.258928168006376,54.375,100950.44,117.30133
-10.258928168006376,56.25,100958.38,122.60966
-10.258928168006376,58.125,100957.32,126.97369
-10.258928168006376,60.0,100944.41,130.40547
-10.258928168006376,61.875,100924.38,133.75899
-10.258928168006376,63.75,100919.39,136.31566
-10.258928168006376,65.625,100937.88,137.8177
-10.258928168006376,67.5,100955.26,138.6053
-10.258928168006376,69.375,100957.44,138.83887
-10.258928168006376,71.25,100957.75,138.90233
-10.258928168006376,73.125,100947.39,138.72885
-10.258928168006376,75.0,100922.42,137.68881
-10.258928168006376,76.875,100913.24,136.61598
-10.258928168006376,78.75,100915.96,136.65244
-10.258928168006376,80.625,100909.0,136.99393
-10.258928168006376,82.5,100898.06,136.79138
-10.258928168006376,84.375,100891.26,136.69316
-10.258928168006376,86.25,100877.45,136.98694
-10.258928168006376,88.125,100865.2,137.61069
-10.258928168006376,90.0,100861.63,138.76299
-10.258928168006376,91.875,100849.61,140.02132
-10.258928168006376,93.75,100829.62,140.73534
-10.258928168006376,95.625,100817.49,140.74298
-10.258928168006376,97.5,100809.26,140.41313
-10.258928168006376,99.375,100797.31,140.35129
-10.258928168006376,101.25,100786.28,139.98396
-10.258928168006376,103.125,100775.86,138.89218
-10.258928168006376,105.0,100760.0,138.2927
-10.258928168006376,106.875,100742.9,137.64882
-10.258928168006376,108.75,100733.05,134.41302
-10.258928168006376,110.625,100724.49,130.15747
-10.258928168006376,112.5,100707.94,128.8031
-10.258928168006376,114.375,100680.22,128.59804
-10.258928168006376,116.25,100665.7,125.358345
-10.258928168006376,118.125,100674.9,120.621956
-10.258928168006376,120.0,100682.75,117.7877
-10.258928168006376,121.875,100674.1,116.61119
-10.258928168006376,123.75,100666.82,114.99829
-10.258928168006376,125.625,100658.14,113.10439
-10.258928168006376,127.5,100636.98,112.20638
-10.258928168006376,129.375,100635.27,111.25835
-10.258928168006376,131.25,100651.86,108.62076
-10.258928168006376,133.125,100644.44,105.79069
-10.258928168006376,135.0,100622.26,105.75072
-10.258928168006376,136.875,100629.7,104.70648
-10.258928168006376,138.75,100654.17,98.80959
-10.258928168006376,140.625,100657.34,93.40778
-10.258928168006376,142.5,100640.94,91.828514
-10.258928168006376,144.375,100640.85,91.12439
-10.258928168006376,146.25,100678.02,88.98056
-10.258928168006376,148.125,100717.02,89.06194
-10.258928168006376,150.0,100704.59,93.10626
-10.258928168006376,151.875,100672.7,94.56832
-10.258928168006376,153.75,100685.83,93.303024
-10.258928168006376,155.625,100710.46,92.87802
-10.258928168006376,157.5,100702.36,92.21331
-10.258928168006376,159.375,100704.84,89.99255
-10.258928168006376,161.25,100733.24,88.06408
-10.258928168006376,163.125,100738.23,86.41575
-10.258928168006376,165.0,100726.62,83.764725
-10.258928168006376,166.875,100738.08,81.11785
-10.258928168006376,168.75,100757.43,79.26669
-10.258928168006376,170.625,100763.78,77.46758
-10.258928168006376,172.5,100769.24,75.890205
-10.258928168006376,174.375,100781.48,75.171486
-10.258928168006376,176.25,100799.06,74.833206
-10.258928168006376,178.125,100817.2,74.45825
-10.258928168006376,180.0,100819.93,74.20036
-10.258928168006376,181.875,100822.81,74.14636
-10.258928168006376,183.75,100842.67,74.20769
-10.258928168006376,185.625,100856.48,74.20427
-10.258928168006376,187.5,100856.82,74.022964
-10.258928168006376,189.375,100873.46,73.95259
-10.258928168006376,191.25,100894.93,74.03699
-10.258928168006376,193.125,100898.72,74.11057
-10.258928168006376,195.0,100907.04,74.41038
-10.258928168006376,196.875,100926.07,74.71341
-10.258928168006376,198.75,100931.56,74.71306
-10.258928168006376,200.625,100929.83,75.07721
-10.258928168006376,202.5,100945.64,75.69035
-10.258928168006376,204.375,100970.64,75.62912
-10.258928168006376,206.25,100982.11,75.40651
-10.258928168006376,208.125,100982.69,75.836555
-10.258928168006376,210.0,100991.39,75.95844
-10.258928168006376,211.875,101005.31,75.39734
-10.258928168006376,213.75,101013.52,75.064285
-10.258928168006376,215.625,101025.44,74.88294
-10.258928168006376,217.5,101041.46,74.230286
-10.258928168006376,219.375,101049.84,73.60466
-10.258928168006376,221.25,101061.45,73.15513
-10.258928168006376,223.125,101080.63,72.36071
-10.258928168006376,225.0,101084.86,71.72357
-10.258928168006376,226.875,101079.58,71.73555
-10.258928168006376,228.75,101101.44,71.41361
-10.258928168006376,230.625,101128.36,70.35129
-10.258928168006376,232.5,101132.71,69.7757
-10.258928168006376,234.375,101130.85,69.851395
-10.258928168006376,236.25,101131.76,69.567924
-10.258928168006376,238.125,101134.46,69.148575
-10.258928168006376,240.0,101154.84,69.19852
-10.258928168006376,241.875,101170.94,68.83581
-10.258928168006376,243.75,101162.88,67.90193
-10.258928168006376,245.625,101165.72,67.822296
-10.258928168006376,247.5,101173.74,68.32289
-10.258928168006376,249.375,101161.88,67.727425
-10.258928168006376,251.25,101171.28,67.025856
-10.258928168006376,253.125,101196.17,67.68677
-10.258928168006376,255.0,101182.04,67.79393
-10.258928168006376,256.875,101165.44,66.48043
-10.258928168006376,258.75,101179.47,66.63811
-10.258928168006376,260.625,101164.26,67.86953
-10.258928168006376,262.5,101138.52,67.07569
-10.258928168006376,264.375,101156.06,66.30784
-10.258928168006376,266.25,101158.69,67.98581
-10.258928168006376,268.125,101127.01,68.442696
-10.258928168006376,270.0,101126.18,67.32021
-10.258928168006376,271.875,101126.99,68.577354
-10.258928168006376,273.75,101106.85,70.40781
-10.258928168006376,275.625,101126.5,71.93231
-10.258928168006376,277.5,101126.15,77.876045
-10.258928168006376,279.375,101086.98,81.53312
-10.258928168006376,281.25,101214.44,69.28542
-10.258928168006376,283.125,101552.86,144.2476
-10.258928168006376,285.0,101373.87,62.656834
-10.258928168006376,286.875,100938.18,58.023415
-10.258928168006376,288.75,100893.91,55.765144
-10.258928168006376,290.625,100913.34,52.887714
-10.258928168006376,292.5,100867.96,51.798973
-10.258928168006376,294.375,100872.05,51.295116
-10.258928168006376,296.25,100966.4,50.46198
-10.258928168006376,298.125,101000.44,49.489296
-10.258928168006376,300.0,100961.32,50.24026
-10.258928168006376,301.875,100968.46,50.867863
-10.258928168006376,303.75,101033.88,49.725777
-10.258928168006376,305.625,101064.51,49.465374
-10.258928168006376,307.5,101053.16,50.75684
-10.258928168006376,309.375,101060.3,50.49786
-10.258928168006376,311.25,101104.75,49.467175
-10.258928168006376,313.125,101152.87,50.94689
-10.258928168006376,315.0,101179.69,54.083824
-10.258928168006376,316.875,101193.33,56.432236
-10.258928168006376,318.75,101185.86,61.287632
-10.258928168006376,320.625,101128.96,72.28365
-10.258928168006376,322.5,101058.04,82.47894
-10.258928168006376,324.375,101023.8,84.422935
-10.258928168006376,326.25,101009.9,82.84696
-10.258928168006376,328.125,101011.36,80.792946
-10.258928168006376,330.0,101036.96,78.0615
-10.258928168006376,331.875,101047.68,76.32883
-10.258928168006376,333.75,101033.86,76.699844
-10.258928168006376,335.625,101038.54,78.193596
-10.258928168006376,337.5,101048.42,80.1278
-10.258928168006376,339.375,101030.64,82.69766
-10.258928168006376,341.25,101015.68,85.25219
-10.258928168006376,343.125,101025.78,87.518875
-10.258928168006376,345.0,101019.94,88.72399
-10.258928168006376,346.875,101008.34,87.812386
-10.258928168006376,348.75,101016.89,87.03459
-10.258928168006376,350.625,101016.54,87.431465
-10.258928168006376,352.5,100993.73,86.3627
-10.258928168006376,354.375,100986.88,84.439415
-10.258928168006376,356.25,100988.4,84.29221
-10.258928168006376,358.125,100974.08,83.571815
-8.393668907692383,0.0,100953.07,71.760056
-8.393668907692383,1.875,100962.46,69.80861
-8.393668907692383,3.75,100957.11,68.582436
-8.393668907692383,5.625,100954.14,67.25731
-8.393668907692383,7.5,100967.77,66.29651
-8.393668907692383,9.375,100960.91,65.7097
-8.393668907692383,11.25,100956.66,65.12001
-8.393668907692383,13.125,101025.82,65.410255
-8.393668907692383,15.0,101165.6,65.67039
-8.393668907692383,16.875,101238.24,63.43454
-8.393668907692383,18.75,101162.13,62.080505
-8.393668907692383,20.625,101129.99,62.014595
-8.393668907692383,22.5,101194.26,62.61432
-8.393668907692383,24.375,101214.9,64.858955
-8.393668907692383,26.25,101171.13,66.35421
-8.393668907692383,28.125,101179.67,68.150894
-8.393668907692383,30.0,101251.15,71.56569
-8.393668907692383,31.875,101296.91,75.28814
-8.393668907692383,33.75,101296.22,79.40298
-8.393668907692383,35.625,101220.34,90.076126
-8.393668907692383,37.5,101072.19,98.425934
-8.393668907692383,39.375,100982.48,96.93221
-8.393668907692383,41.25,100981.82,96.068565
-8.393668907692383,43.125,101004.17,97.32208
-8.393668907692383,45.0,100992.38,98.42265
-8.393668907692383,46.875,100981.6,98.84294
-8.393668907692383,48.75,101003.01,100.493904
-8.393668907692383,50.625,101023.52,102.374344
-8.393668907692383,52.5,101026.29,104.084274
-8.393668907692383,54.375,101016.05,107.3815
-8.393668907692383,56.25,100988.25,111.45611
-8.393668907692383,58.125,100958.42,114.35925
-8.393668907692383,60.0,100954.86,117.1461
-8.393668907692383,61.875,100964.16,120.37672
-8.393668907692383,63.75,100976.18,122.413956
-8.393668907692383,65.625,100986.82,123.47848
-8.393668907692383,67.5,100978.79,124.87919
-8.393668907692383,69.375,100953.41,125.98553
-8.393668907692383,71.25,100937.08,126.04228
-8.393668907692383,73.125,100935.34,125.47517
-8.393668907692383,75.0,100936.08,124.83218
-8.393668907692383,76.875,100944.57,124.57552
-8.393668907692383,78.75,100950.12,124.83153
-8.393668907692383,80.625,100938.96,125.04387
-8.393668907692383,82.5,100928.89,125.207344
-8.393668907692383,84.375,100927.72,125.62732
-8.393668907692383,86.25,100921.66,126.07452
-8.393668907692383,88.125,100914.85,126.81769
-8.393668907692383,90.0,100912.38,128.04523
-8.393668907692383,91.875,100901.54,129.1085
-8.393668907692383,93.75,100885.44,130.14218
-8.393668907692383,95.625,100873.02,131.3782
-8.393668907692383,97.5,100861.97,131.90833
-8.393668907692383,99.375,100843.44,131.84465
-8.393668907692383,101.25,100822.38,131.98685
-8.393668907692383,103.125,100808.1,131.582
-8.393668907692383,105.0,100811.58,130.08626
-8.393668907692383,106.875,100818.19,128.11601
-8.393668907692383,108.75,100807.08,125.08989
-8.393668907692383,110.625,100788.65,121.64623
-8.393668907692383,112.5,100782.2,119.80597
-8.393668907692383,114.375,100771.76,119.22808
-8.393668907692383,116.25,100748.99,117.44659
-8.393668907692383,118.125,100730.23,114.447426
-8.393668907692383,120.0,100724.98,111.814575
-8.393668907692383,121.875,100726.04,110.08032
-8.393668907692383,123.75,100733.58,109.004074
-8.393668907692383,125.625,100726.02,108.21924
-8.393668907692383,127.5,100696.91,107.47082
-8.393668907692383,129.375,100684.7,106.439316
-8.393668907692383,131.25,100692.0,104.32909
-8.393668907692383,133.125,100683.09,101.42562
-8.393668907692383,135.0,100665.36,99.46012
-8.393668907692383,136.875,100655.42,97.68358
-8.393668907692383,138.75,100645.2,93.849976
-8.393668907692383,140.625,100654.92,89.32657
-8.393668907692383,142.5,100714.76,85.96422
-8.393668907692383,144.375,100802.48,84.43292
-8.393668907692383,146.25,100822.03,83.78923
-8.393668907692383,148.125,100783.57,85.497406
-8.393668907692383,150.0,100730.6,86.62376
-8.393668907692383,151.875,100683.22,85.3269
-8.393668907692383,153.75,100682.54,83.43622
-8.393668907692383,155.625,100712.4,82.7009
-8.393668907692383,157.5,100720.1,82.14255
-8.393668907692383,159.375,100719.21,80.60143
-8.393668907692383,161.25,100732.48,79.4517
-8.393668907692383,163.125,100738.06,78.992065
-8.393668907692383,165.0,100738.7,77.63771
-8.393668907692383,166.875,100751.73,75.87058
-8.393668907692383,168.75,100763.2,74.93844
-8.393668907692383,170.625,100771.0,74.34995
-8.393668907692383,172.5,100779.04,73.64785
-8.393668907692383,174.375,100784.02,73.17027
-8.393668907692383,176.25,100792.36,72.820724
-8.393668907692383,178.125,100813.66,72.505066
-8.393668907692383,180.0,100820.8,72.39935
-8.393668907692383,181.875,100818.41,72.42291
-8.393668907692383,183.75,100835.84,72.525925
-8.393668907692383,185.625,100854.24,72.663246
-8.393668907692383,187.5,100858.34,72.63592
-8.393668907692383,189.375,100871.72,72.69535
-8.393668907692383,191.25,100889.48,72.91657
-8.393668907692383,193.125,100891.46,72.93468
-8.393668907692383,195.0,100893.64,73.08833
-8.393668907692383,196.875,100914.74,73.65531
-8.393668907692383,198.75,100928.13,74.11708
-8.393668907692383,200.625,100927.06,74.535324
-8.393668907692383,202.5,100929.32,75.09157
-8.393668907692383,204.375,100943.94,75.20871
-8.393668907692383,206.25,100955.76,75.10424
-8.393668907692383,208.125,100956.74,75.542786
-8.393668907692383,210.0,100965.51,75.82248
-8.393668907692383,211.875,100984.1,75.276596
-8.393668907692383,213.75,100992.77,75.02324
-8.393668907692383,215.625,101000.0,75.29983
-8.393668907692383,217.5,101020.86,74.67932
-8.393668907692383,219.375,101028.87,73.44733
-8.393668907692383,221.25,101024.5,73.18104
-8.393668907692383,223.125,101041.83,73.32995
-8.393668907692383,225.0,101065.45,72.5643
-8.393668907692383,226.875,101066.24,71.798515
-8.393668907692383,228.75,101069.72,71.77922
-8.393668907692383,230.625,101082.96,71.37644
-8.393668907692383,232.5,101092.84,70.56361
-8.393668907692383,234.375,101107.98,70.42258
-8.393668907692383,236.25,101112.11,70.27452
-8.393668907692383,238.125,101097.67,69.492836
-8.393668907692383,240.0,101096.87,69.40432
-8.393668907692383,241.875,101112.44,69.839294
-8.393668907692383,243.75,101118.92,69.06109
-8.393668907692383,245.625,101132.8,68.13273
-8.393668907692383,247.5,101146.82,68.656654
-8.393668907692383,249.375,101131.22,68.69565
-8.393668907692383,251.25,101115.66,67.62298
-8.393668907692383,253.125,101126.96,67.9507
-8.393668907692383,255.0,101124.98,68.870674
-8.393668907692383,256.875,101118.64,68.19894
-8.393668907692383,258.75,101136.69,67.96305
-8.393668907692383,260.625,101140.87,68.96574
-8.393668907692383,262.5,101121.54,68.4728
-8.393668907692383,264.375,101109.76,67.96889
-8.393668907692383,266.25,101106.2,69.856735
-8.393668907692383,268.125,101100.3,70.61559
-8.393668907692383,270.0,101096.35,69.733574
-8.393668907692383,271.875,101085.86,71.4199
-8.393668907692383,273.75,101100.02,73.8655
-8.393668907692383,275.625,101145.08,76.02002
-8.393668907692383,277.5,101119.84,79.49126
-8.393668907692383,279.375,101117.47,80.500565
-8.393668907692383,281.25,101335.98,60.44887
-8.393668907692383,283.125,101496.0,55.03605
-8.393668907692383,285.0,101075.84,60.162243
-8.393668907692383,286.875,100845.67,58.47672
-8.393668907692383,288.75,100862.15,56.228954
-8.393668907692383,290.625,100925.46,51.90292
-8.393668907692383,292.5,100919.03,49.939846
-8.393668907692383,294.375,100924.71,50.41267
-8.393668907692383,296.25,100944.28,51.032017
-8.393668907692383,298.125,100928.67,49.98276
-8.393668907692383,300.0,100931.37,49.471043
-8.393668907692383,301.875,100979.27,50.362816
-8.393668907692383,303.75,101027.97,49.73308
-8.393668907692383,305.625,101070.6,47.85523
-8.393668907692383,307.5,101104.43,48.437065
-8.393668907692383,309.375,101105.48,48.57312
-8.393668907692383,311.25,101111.18,47.630535
-8.393668907692383,313.125,101144.06,48.92956
-8.393668907692383,315.0,101170.59,51.360413
-8.393668907692383,316.875,101176.46,51.590225
-8.393668907692383,318.75,101187.3,52.688385
-8.393668907692383,320.625,101197.59,58.553738
-8.393668907692383,322.5,101171.01,66.870346
-8.393668907692383,324.375,101106.53,70.575
-8.393668907692383,326.25,101046.02,70.70854
-8.393668907692383,328.125,101036.11,68.86765
-8.393668907692383,330.0,101058.3,66.878784
-8.393668907692383,331.875,101055.68,66.96071
-8.393668907692383,333.75,101040.2,68.068085
-8.393668907692383,335.625,101048.38,68.75826
-8.393668907692383,337.5,101050.2,69.96621
-8.393668907692383,339.375,101029.64,72.14061
-8.393668907692383,341.25,101026.13,73.79713
-8.393668907692383,343.125,101037.48,75.05845
-8.393668907692383,345.0,101023.5,76.2558
-8.393668907692383,346.875,101006.67,76.123886
-8.393668907692383,348.75,101012.03,75.60657
-8.393668907692383,350.625,101006.3,75.87075
-8.393668907692383,352.5,100981.86,75.05864
-8.393668907692383,354.375,100981.62,73.2565
-8.393668907692383,356.25,100986.6,73.06939
-8.393668907692383,358.125,100965.3,73.35548
-6.5284094014799905,0.0,100976.73,68.15421
-6.5284094014799905,1.875,100985.76,66.962975
-6.5284094014799905,3.75,100972.73,66.97694
-6.5284094014799905,5.625,100952.57,67.31587
-6.5284094014799905,7.5,100956.16,67.435295
-6.5284094014799905,9.375,100961.3,66.92283
-6.5284094014799905,11.25,100976.37,66.14831
-6.5284094014799905,13.125,101048.94,66.42212
-6.5284094014799905,15.0,101159.13,66.338646
-6.5284094014799905,16.875,101174.18,63.286186
-6.5284094014799905,18.75,101104.12,61.54526
-6.5284094014799905,20.625,101093.88,62.020172
-6.5284094014799905,22.5,101123.84,63.816036
-6.5284094014799905,24.375,101103.25,65.59941
-6.5284094014799905,26.25,101082.27,66.50535
-6.5284094014799905,28.125,101140.6,67.93256
-6.5284094014799905,30.0,101206.18,71.78504
-6.5284094014799905,31.875,101213.57,75.99249
-6.5284094014799905,33.75,101240.85,78.74621
-6.5284094014799905,35.625,101244.44,86.65331
-6.5284094014799905,37.5,101127.04,94.08744
-6.5284094014799905,39.375,101022.33,93.83493
-6.5284094014799905,41.25,100986.62,92.54065
-6.5284094014799905,43.125,100980.65,93.18961
-6.5284094014799905,45.0,100980.12,94.62633
-6.5284094014799905,46.875,101006.59,94.878174
-6.5284094014799905,48.75,101038.21,96.3129
-6.5284094014799905,50.625,101027.22,98.15761
-6.5284094014799905,52.5,101002.04,99.343346
-6.5284094014799905,54.375,100999.73,101.37998
-6.5284094014799905,56.25,100995.41,104.036476
-6.5284094014799905,58.125,100993.26,106.15483
-6.5284094014799905,60.0,101012.7,108.58171
-6.5284094014799905,61.875,101024.09,111.30171
-6.5284094014799905,63.75,101005.76,112.94254
-6.5284094014799905,65.625,100982.81,114.18442
-6.5284094014799905,67.5,100969.66,115.988434
-6.5284094014799905,69.375,100966.69,117.3231
-6.5284094014799905,71.25,100978.75,117.59296
-6.5284094014799905,73.125,100994.23,117.50792
-6.5284094014799905,75.0,101001.92,117.700775
-6.5284094014799905,76.875,100999.85,118.33183
-6.5284094014799905,78.75,100991.06,118.8391
-6.5284094014799905,80.625,100977.52,118.847755
-6.5284094014799905,82.5,100970.72,119.14789
-6.5284094014799905,84.375,100964.42,119.93558
-6.5284094014799905,86.25,100951.18,120.506485
-6.5284094014799905,88.125,100934.78,121.277115
-6.5284094014799905,90.0,100917.12,122.445854
-6.5284094014799905,91.875,100903.4,123.05063
-6.5284094014799905,93.75,100897.88,123.69319
-6.5284094014799905,95.625,100897.2,125.09991
-6.5284094014799905,97.5,100890.73,125.58493
-6.5284094014799905,99.375,100883.58,125.096924
-6.5284094014799905,101.25,100874.72,125.884514
-6.5284094014799905,103.125,100870.02,127.06828
-6.5284094014799905,105.0,100881.96,126.29683
-6.5284094014799905,106.875,100894.72,124.85749
-6.5284094014799905,108.75,100868.84,123.86921
-6.5284094014799905,110.625,100824.99,121.556366
-6.5284094014799905,112.5,100806.93,117.317924
-6.5284094014799905,114.375,100797.94,114.15591
-6.5284094014799905,116.25,100777.97,113.47299
-6.5284094014799905,118.125,100764.44,112.6107
-6.5284094014799905,120.0,100753.52,110.64383
-6.5284094014799905,121.875,100738.19,109.2014
-6.5284094014799905,123.75,100740.88,108.64379
-6.5284094014799905,125.625,100751.9,107.50097
-6.5284094014799905,127.5,100736.15,106.08744
-6.5284094014799905,129.375,100711.38,105.10252
-6.5284094014799905,131.25,100700.67,102.88437
-6.5284094014799905,133.125,100703.58,99.0576
-6.5284094014799905,135.0,100727.68,96.14187
-6.5284094014799905,136.875,100764.34,95.01561
-6.5284094014799905,138.75,100772.95,92.73085
-6.5284094014799905,140.625,100797.89,89.17603
-6.5284094014799905,142.5,100928.82,85.27403
-6.5284094014799905,144.375,101049.96,80.01122
-6.5284094014799905,146.25,100952.09,79.77516
-6.5284094014799905,148.125,100792.05,82.28822
-6.5284094014799905,150.0,100730.02,81.06307
-6.5284094014799905,151.875,100715.54,78.99247
-6.5284094014799905,153.75,100709.6,77.33488
-6.5284094014799905,155.625,100717.1,76.24326
-6.5284094014799905,157.5,100726.08,75.40268
-6.5284094014799905,159.375,100731.64,74.519516
-6.5284094014799905,161.25,100732.66,74.24725
-6.5284094014799905,163.125,100734.02,74.662575
-6.5284094014799905,165.0,100749.68,74.48462
-6.5284094014799905,166.875,100765.6,73.75975
-6.5284094014799905,168.75,100761.9,73.52413
-6.5284094014799905,170.625,100767.36,73.64533
-6.5284094014799905,172.5,100792.02,73.640366
-6.5284094014799905,174.375,100799.72,73.49195
-6.5284094014799905,176.25,100791.1,73.13923
-6.5284094014799905,178.125,100805.56,72.83123
-6.5284094014799905,180.0,100826.7,72.74285
-6.5284094014799905,181.875,100831.58,72.673836
-6.5284094014799905,183.75,100841.87,72.73601
-6.5284094014799905,185.625,100854.5,72.88882
-6.5284094014799905,187.5,100858.12,72.71094
-6.5284094014799905,189.375,100862.56,72.61271
-6.5284094014799905,191.25,100873.43,72.983635
-6.5284094014799905,193.125,100883.63,73.16664
-6.5284094014799905,195.0,100889.38,73.27634
-6.5284094014799905,196.875,100897.82,73.944984
-6.5284094014799905,198.75,100912.5,74.51686
-6.5284094014799905,200.625,100930.72,74.71945
-6.5284094014799905,202.5,100936.06,75.33484
-6.5284094014799905,204.375,100935.35,76.03038
-6.5284094014799905,206.25,100948.06,76.07215
-6.5284094014799905,208.125,100961.12,76.1137
-6.5284094014799905,210.0,100971.65,76.37655
-6.5284094014799905,211.875,100987.32,76.065735
-6.5284094014799905,213.75,100988.95,75.57034
-6.5284094014799905,215.625,100984.62,75.76304
-6.5284094014799905,217.5,101003.1,75.503334
-6.5284094014799905,219.375,101018.62,74.24611
-6.5284094014799905,221.25,101009.66,73.70425
-6.5284094014799905,223.125,101015.4,74.20276
-6.5284094014799905,225.0,101040.72,73.71369
-6.5284094014799905,226.875,101051.08,72.51352
-6.5284094014799905,228.75,101049.02,72.40859
-6.5284094014799905,230.625,101047.42,72.53218
-6.5284094014799905,232.5,101045.1,71.60416
-6.5284094014799905,234.375,101065.16,71.06291
-6.5284094014799905,236.25,101094.8,71.29683
-6.5284094014799905,238.125,101099.9,70.6308
-6.5284094014799905,240.0,101097.15,69.81258
-6.5284094014799905,241.875,101102.82,70.39487
-6.5284094014799905,243.75,101098.44,70.549675
-6.5284094014799905,245.625,101095.42,69.45946
-6.5284094014799905,247.5,101109.04,69.496124
-6.5284094014799905,249.375,101114.01,70.18469
-6.5284094014799905,251.25,101106.68,69.27685
-6.5284094014799905,253.125,101107.75,68.51655
-6.5284094014799905,255.0,101106.56,69.14959
-6.5284094014799905,256.875,101098.16,68.95765
-6.5284094014799905,258.75,101095.77,68.38067
-6.5284094014799905,260.625,101098.1,69.187225
-6.5284094014799905,262.5,101098.87,69.64209
-6.5284094014799905,264.375,101090.5,69.60133
-6.5284094014799905,266.25,101080.22,70.68537
-6.5284094014799905,268.125,101087.35,71.024925
-6.5284094014799905,270.0,101083.82,70.66459
-6.5284094014799905,271.875,101060.63,72.99468
-6.5284094014799905,273.75,101073.19,75.54616
-6.5284094014799905,275.625,101105.39,75.973526
-6.5284094014799905,277.5,101087.18,76.30867
-6.5284094014799905,279.375,101142.14,72.12429
-6.5284094014799905,281.25,101329.04,56.984
-6.5284094014799905,283.125,101210.34,59.710926
-6.5284094014799905,285.0,100902.17,62.82121
-6.5284094014799905,286.875,100848.75,59.812973
-6.5284094014799905,288.75,100929.03,55.94087
-6.5284094014799905,290.625,100919.08,55.41999
-6.5284094014799905,292.5,100876.43,54.243042
-6.5284094014799905,294.375,100885.01,52.541294
-6.5284094014799905,296.25,100864.51,51.66672
-6.5284094014799905,298.125,100845.74,53.467236
-6.5284094014799905,300.0,100907.09,54.932735
-6.5284094014799905,301.875,100965.2,55.95553
-6.5284094014799905,303.75,100981.02,55.445255
-6.5284094014799905,305.625,101035.9,52.15041
-6.5284094014799905,307.5,101105.43,49.958744
-6.5284094014799905,309.375,101107.86,49.33669
-6.5284094014799905,311.25,101109.69,48.164574
-6.5284094014799905,313.125,101149.16,48.43286
-6.5284094014799905,315.0,101164.4,49.78967
-6.5284094014799905,316.875,101164.18,49.976006
-6.5284094014799905,318.75,101194.2,50.808758
-6.5284094014799905,320.625,101227.95,53.467377
-6.5284094014799905,322.5,101203.25,56.642418
-6.5284094014799905,324.375,101133.03,58.802063
-6.5284094014799905,326.25,101076.5,60.20188
-6.5284094014799905,328.125,101067.54,59.977413
-6.5284094014799905,330.0,101073.87,60.118385
-6.5284094014799905,331.875,101065.26,61.843193
-6.5284094014799905,333.75,101057.07,62.910877
-6.5284094014799905,335.625,101058.2,63.034466
-6.5284094014799905,337.5,101050.46,64.35982
-6.5284094014799905,339.375,101039.4,66.54116
-6.5284094014799905,341.25,101043.22,67.38501
-6.5284094014799905,343.125,101044.77,67.82027
-6.5284094014799905,345.0,101031.06,69.244125
-6.5284094014799905,346.875,101022.75,69.94919
-6.5284094014799905,348.75,101026.49,69.639366
-6.5284094014799905,350.625,101021.17,69.76791
-6.5284094014799905,352.5,101010.96,69.58315
-6.5284094014799905,354.375,101013.74,68.77089
-6.5284094014799905,356.25,101008.98,68.984924
-6.5284094014799905,358.125,100984.49,69.329926
-4.663149706177884,0.0,101000.98,66.95449
-4.663149706177884,1.875,100994.49,67.24313
-4.663149706177884,3.75,100980.6,68.1075
-4.663149706177884,5.625,100971.89,67.857025
-4.663149706177884,7.5,100968.44,67.49918
-4.663149706177884,9.375,100962.84,67.776344
-4.663149706177884,11.25,100985.45,67.719666
-4.663149706177884,13.125,101057.44,67.17179
-4.663149706177884,15.0,101111.52,65.39321
-4.663149706177884,16.875,101079.23,62.425587
-4.663149706177884,18.75,101041.59,62.340225
-4.663149706177884,20.625,101048.3,64.05702
-4.663149706177884,22.5,101036.86,64.87809
-4.663149706177884,24.375,101002.54,64.74945
-4.663149706177884,26.25,101053.36,64.4536
-4.663149706177884,28.125,101209.06,65.38209
-4.663149706177884,30.0,101258.47,70.59393
-4.663149706177884,31.875,101151.07,79.017265
-4.663149706177884,33.75,101148.69,86.25829
-4.663149706177884,35.625,101234.16,86.12283
-4.663149706177884,37.5,101163.46,89.42754
-4.663149706177884,39.375,101041.15,92.189835
-4.663149706177884,41.25,101005.96,90.45135
-4.663149706177884,43.125,101031.06,89.88229
-4.663149706177884,45.0,101048.64,90.81294
-4.663149706177884,46.875,101051.12,90.739105
-4.663149706177884,48.75,101035.47,91.825584
-4.663149706177884,50.625,100996.76,93.9524
-4.663149706177884,52.5,100979.86,95.5268
-4.663149706177884,54.375,101001.71,97.589226
-4.663149706177884,56.25,101020.65,99.86422
-4.663149706177884,58.125,101021.42,101.568954
-4.663149706177884,60.0,101019.8,103.508125
-4.663149706177884,61.875,101005.35,105.83741
-4.663149706177884,63.75,100980.68,107.85017
-4.663149706177884,65.625,100978.9,109.60685
-4.663149706177884,67.5,100999.86,110.841606
-4.663149706177884,69.375,101016.44,111.47425
-4.663149706177884,71.25,101017.42,112.49394
-4.663149706177884,73.125,101005.44,113.83823
-4.663149706177884,75.0,100984.67,114.62207
-4.663149706177884,76.875,100964.35,115.258255
-4.663149706177884,78.75,100955.07,115.85709
-4.663149706177884,80.625,100954.95,116.10534
-4.663149706177884,82.5,100954.08,116.66015
-4.663149706177884,84.375,100944.86,117.55157
-4.663149706177884,86.25,100936.37,117.99229
-4.663149706177884,88.125,100931.79,118.6309
-4.663149706177884,90.0,100920.62,119.741585
-4.663149706177884,91.875,100912.34,120.06563
-4.663149706177884,93.75,100915.21,120.071556
-4.663149706177884,95.625,100911.98,120.78097
-4.663149706177884,97.5,100896.93,120.82432
-4.663149706177884,99.375,100903.36,120.179344
-4.663149706177884,101.25,100928.44,121.62527
-4.663149706177884,103.125,100940.04,124.81175
-4.663149706177884,105.0,100936.29,126.0437
-4.663149706177884,106.875,100922.93,125.49284
-4.663149706177884,108.75,100892.12,124.781525
-4.663149706177884,110.625,100855.3,121.963486
-4.663149706177884,112.5,100831.3,115.82709
-4.663149706177884,114.375,100801.84,111.580635
-4.663149706177884,116.25,100787.53,112.15009
-4.663149706177884,118.125,100820.71,112.666046
-4.663149706177884,120.0,100849.88,110.20424
-4.663149706177884,121.875,100805.68,108.75189
-4.663149706177884,123.75,100756.47,110.0299
-4.663149706177884,125.625,100760.98,109.71716
-4.663149706177884,127.5,100768.42,107.160965
-4.663149706177884,129.375,100749.34,104.77804
-4.663149706177884,131.25,100737.68,101.70633
-4.663149706177884,133.125,100751.78,97.992096
-4.663149706177884,135.0,100811.37,96.26476
-4.663149706177884,136.875,100922.75,95.620255
-4.663149706177884,138.75,100986.48,91.596436
-4.663149706177884,140.625,100956.84,87.49168
-4.663149706177884,142.5,100943.9,84.707466
-4.663149706177884,144.375,100928.95,80.35725
-4.663149706177884,146.25,100818.74,79.21153
-4.663149706177884,148.125,100714.3,78.56168
-4.663149706177884,150.0,100703.5,77.560036
-4.663149706177884,151.875,100737.77,75.66567
-4.663149706177884,153.75,100742.33,74.128105
-4.663149706177884,155.625,100723.34,73.14059
-4.663149706177884,157.5,100721.98,73.06069
-4.663149706177884,159.375,100735.54,73.22141
-4.663149706177884,161.25,100740.3,73.11855
-4.663149706177884,163.125,100737.42,73.328125
-4.663149706177884,165.0,100749.46,73.813995
-4.663149706177884,166.875,100765.8,74.044426
-4.663149706177884,168.75,100762.97,74.147514
-4.663149706177884,170.625,100765.64,74.40018
-4.663149706177884,172.5,100791.32,74.76013
-4.663149706177884,174.375,100808.81,74.823555
-4.663149706177884,176.25,100806.08,74.3995
-4.663149706177884,178.125,100816.3,74.11001
-4.663149706177884,180.0,100835.22,73.9672
-4.663149706177884,181.875,100843.21,73.49404
-4.663149706177884,183.75,100847.68,73.08622
-4.663149706177884,185.625,100856.79,73.08456
-4.663149706177884,187.5,100869.78,72.881325
-4.663149706177884,189.375,100879.64,72.777916
-4.663149706177884,191.25,100887.54,73.426575
-4.663149706177884,193.125,100904.76,74.080986
-4.663149706177884,195.0,100922.77,74.35506
-4.663149706177884,196.875,100918.0,74.83175
-4.663149706177884,198.75,100913.8,75.12239
-4.663149706177884,200.625,100935.76,74.95966
-4.663149706177884,202.5,100949.34,75.29726
-4.663149706177884,204.375,100945.7,76.02528
-4.663149706177884,206.25,100959.7,76.03823
-4.663149706177884,208.125,100973.09,75.88946
-4.663149706177884,210.0,100969.5,76.37207
-4.663149706177884,211.875,100978.94,76.408134
-4.663149706177884,213.75,100990.51,75.60934
-4.663149706177884,215.625,100986.68,75.50125
-4.663149706177884,217.5,100997.11,76.06722
-4.663149706177884,219.375,101020.36,75.732635
-4.663149706177884,221.25,101024.87,74.96782
-4.663149706177884,223.125,101023.5,75.144264
-4.663149706177884,225.0,101030.35,75.42254
-4.663149706177884,226.875,101036.34,74.890724
-4.663149706177884,228.75,101052.64,74.573044
-4.663149706177884,230.625,101072.24,74.54135
-4.663149706177884,232.5,101066.81,73.61333
-4.663149706177884,234.375,101057.45,72.82833
-4.663149706177884,236.25,101069.12,73.43912
-4.663149706177884,238.125,101082.46,73.336945
-4.663149706177884,240.0,101089.66,71.74382
-4.663149706177884,241.875,101100.96,71.32166
-4.663149706177884,243.75,101100.26,72.0517
-4.663149706177884,245.625,101086.48,71.2083
-4.663149706177884,247.5,101086.2,70.217636
-4.663149706177884,249.375,101099.33,70.80274
-4.663149706177884,251.25,101108.86,70.58846
-4.663149706177884,253.125,101109.71,69.39828
-4.663149706177884,255.0,101113.8,69.49326
-4.663149706177884,256.875,101112.02,69.69606
-4.663149706177884,258.75,101092.09,68.99201
-4.663149706177884,260.625,101076.1,69.17687
-4.663149706177884,262.5,101087.22,69.84235
-4.663149706177884,264.375,101088.87,69.846596
-4.663149706177884,266.25,101075.0,70.3644
-4.663149706177884,268.125,101079.51,70.61756
-4.663149706177884,270.0,101082.08,70.40265
-4.663149706177884,271.875,101067.21,72.452065
-4.663149706177884,273.75,101079.34,74.95146
-4.663149706177884,275.625,101081.09,74.425385
-4.663149706177884,277.5,101060.84,73.65746
-4.663149706177884,279.375,101155.92,67.24029
-4.663149706177884,281.25,101297.58,59.15057
-4.663149706177884,283.125,101031.28,66.749084
-4.663149706177884,285.0,100819.93,68.46008
-4.663149706177884,286.875,100859.1,63.47437
-4.663149706177884,288.75,100938.88,54.433025
-4.663149706177884,290.625,100848.58,56.67419
-4.663149706177884,292.5,100811.27,58.30553
-4.663149706177884,294.375,100869.28,53.931366
-4.663149706177884,296.25,100856.58,53.972614
-4.663149706177884,298.125,100815.88,63.03793
-4.663149706177884,300.0,100852.74,69.77992
-4.663149706177884,301.875,100879.18,70.63234
-4.663149706177884,303.75,100888.8,67.388
-4.663149706177884,305.625,100963.32,61.737915
-4.663149706177884,307.5,101039.88,55.89877
-4.663149706177884,309.375,101053.36,53.12662
-4.663149706177884,311.25,101084.6,51.778988
-4.663149706177884,313.125,101136.47,49.727196
-4.663149706177884,315.0,101140.56,48.31984
-4.663149706177884,316.875,101147.44,48.28432
-4.663149706177884,318.75,101184.49,50.01775
-4.663149706177884,320.625,101187.28,51.469624
-4.663149706177884,322.5,101141.02,52.059067
-4.663149706177884,324.375,101098.69,53.362778
-4.663149706177884,326.25,101086.63,54.994873
-4.663149706177884,328.125,101085.54,56.033916
-4.663149706177884,330.0,101073.07,57.5033
-4.663149706177884,331.875,101065.1,59.223385
-4.663149706177884,333.75,101069.65,59.82537
-4.663149706177884,335.625,101062.22,60.308304
-4.663149706177884,337.5,101048.65,61.910057
-4.663149706177884,339.375,101047.95,63.483814
-4.663149706177884,341.25,101044.84,63.78349
-4.663149706177884,343.125,101027.48,64.26406
-4.663149706177884,345.0,101022.18,65.70554
-4.663149706177884,346.875,101028.03,66.34346
-4.663149706177884,348.75,101023.6,66.12654
-4.663149706177884,350.625,101015.01,66.658646
-4.663149706177884,352.5,101014.56,67.26643
-4.663149706177884,354.375,101011.35,67.2385
-4.663149706177884,356.25,101002.59,67.58786
-4.663149706177884,358.125,100998.27,67.6364
-2.797889876956741,0.0,100997.6,66.46309
-2.797889876956741,1.875,100979.73,67.12054
-2.797889876956741,3.75,100983.53,67.398865
-2.797889876956741,5.625,101000.12,66.49378
-2.797889876956741,7.5,100997.74,66.580185
-2.797889876956741,9.375,100999.92,67.41755
-2.797889876956741,11.25,101054.16,66.66822
-2.797889876956741,13.125,101118.81,65.028755
-2.797889876956741,15.0,101084.64,63.50883
-2.797889876956741,16.875,101002.65,62.177288
-2.797889876956741,18.75,100981.52,62.72011
-2.797889876956741,20.625,101005.14,63.56916
-2.797889876956741,22.5,101003.87,62.773636
-2.797889876956741,24.375,101005.63,62.566753
-2.797889876956741,26.25,101106.3,62.693424
-2.797889876956741,28.125,101305.22,65.18023
-2.797889876956741,30.0,101303.98,71.36329
-2.797889876956741,31.875,101110.2,84.01821
-2.797889876956741,33.75,101104.66,98.34579
-2.797889876956741,35.625,101272.32,99.63118
-2.797889876956741,37.5,101214.31,89.56602
-2.797889876956741,39.375,101028.34,91.89961
-2.797889876956741,41.25,100993.96,91.95117
-2.797889876956741,43.125,101045.92,91.154434
-2.797889876956741,45.0,101072.28,89.89854
-2.797889876956741,46.875,101043.82,88.8123
-2.797889876956741,48.75,101032.09,89.24614
-2.797889876956741,50.625,101049.84,90.15264
-2.797889876956741,52.5,101063.59,91.23325
-2.797889876956741,54.375,101059.16,93.700096
-2.797889876956741,56.25,101037.32,96.36327
-2.797889876956741,58.125,101012.04,98.276184
-2.797889876956741,60.0,100995.75,100.38927
-2.797889876956741,61.875,100992.44,102.51045
-2.797889876956741,63.75,101004.44,104.38615
-2.797889876956741,65.625,101024.99,106.26166
-2.797889876956741,67.5,101028.06,107.25535
-2.797889876956741,69.375,101008.55,107.80678
-2.797889876956741,71.25,100984.15,109.64975
-2.797889876956741,73.125,100970.32,111.55538
-2.797889876956741,75.0,100969.7,111.86152
-2.797889876956741,76.875,100975.98,112.074814
-2.797889876956741,78.75,100982.64,113.04941
-2.797889876956741,80.625,100986.04,113.715034
-2.797889876956741,82.5,100981.2,114.17239
-2.797889876956741,84.375,100968.89,114.684204
-2.797889876956741,86.25,100968.34,114.91664
-2.797889876956741,88.125,100974.35,115.43703
-2.797889876956741,90.0,100971.38,116.5228
-2.797889876956741,91.875,100965.86,117.253426
-2.797889876956741,93.75,100967.04,117.775215
-2.797889876956741,95.625,100949.72,118.641266
-2.797889876956741,97.5,100925.5,118.85521
-2.797889876956741,99.375,100940.29,118.43288
-2.797889876956741,101.25,100983.71,119.53397
-2.797889876956741,103.125,100986.11,123.77681
-2.797889876956741,105.0,100941.3,127.34449
-2.797889876956741,106.875,100900.02,126.878586
-2.797889876956741,108.75,100874.93,123.73546
-2.797889876956741,110.625,100875.16,119.6246
-2.797889876956741,112.5,100884.02,114.05333
-2.797889876956741,114.375,100854.57,110.739006
-2.797889876956741,116.25,100824.54,112.78441
-2.797889876956741,118.125,100879.24,115.30974
-2.797889876956741,120.0,100960.19,112.92638
-2.797889876956741,121.875,100898.52,109.70899
-2.797889876956741,123.75,100791.31,110.81947
-2.797889876956741,125.625,100768.52,110.71188
-2.797889876956741,127.5,100777.69,108.002914
-2.797889876956741,129.375,100768.74,105.16362
-2.797889876956741,131.25,100779.88,101.84662
-2.797889876956741,133.125,100813.32,98.46714
-2.797889876956741,135.0,100842.48,97.928505
-2.797889876956741,136.875,100890.02,97.6462
-2.797889876956741,138.75,100921.82,92.31236
-2.797889876956741,140.625,100856.0,86.97683
-2.797889876956741,142.5,100763.06,84.63265
-2.797889876956741,144.375,100721.89,81.87999
-2.797889876956741,146.25,100707.67,79.107315
-2.797889876956741,148.125,100695.58,77.39694
-2.797889876956741,150.0,100710.4,75.88341
-2.797889876956741,151.875,100737.38,73.776146
-2.797889876956741,153.75,100739.82,72.60019
-2.797889876956741,155.625,100726.49,71.919174
-2.797889876956741,157.5,100723.72,72.75056
-2.797889876956741,159.375,100737.56,73.91805
-2.797889876956741,161.25,100751.61,73.786446
-2.797889876956741,163.125,100754.04,73.68364
-2.797889876956741,165.0,100756.37,74.5549
-2.797889876956741,166.875,100773.56,75.28333
-2.797889876956741,168.75,100787.65,75.39468
-2.797889876956741,170.625,100790.17,75.42421
-2.797889876956741,172.5,100793.98,75.617386
-2.797889876956741,174.375,100807.19,75.47842
-2.797889876956741,176.25,100821.0,74.86497
-2.797889876956741,178.125,100830.96,74.506454
-2.797889876956741,180.0,100835.17,74.37485
-2.797889876956741,181.875,100842.94,73.78171
-2.797889876956741,183.75,100852.74,73.167725
-2.797889876956741,185.625,100860.96,73.22804
-2.797889876956741,187.5,100878.16,73.24338
-2.797889876956741,189.375,100896.31,73.07345
-2.797889876956741,191.25,100894.46,73.49604
-2.797889876956741,193.125,100899.24,74.16296
-2.797889876956741,195.0,100922.18,74.444885
-2.797889876956741,196.875,100927.24,74.67922
-2.797889876956741,198.75,100919.5,74.823715
-2.797889876956741,200.625,100931.81,74.66661
-2.797889876956741,202.5,100943.48,74.67125
-2.797889876956741,204.375,100940.96,74.941605
-2.797889876956741,206.25,100954.74,74.92303
-2.797889876956741,208.125,100966.26,74.93759
-2.797889876956741,210.0,100956.1,75.53445
-2.797889876956741,211.875,100966.36,75.88256
-2.797889876956741,213.75,100994.52,75.44018
-2.797889876956741,215.625,100999.02,75.2855
-2.797889876956741,217.5,100997.74,76.06434
-2.797889876956741,219.375,101011.32,76.424126
-2.797889876956741,221.25,101024.54,75.70564
-2.797889876956741,223.125,101035.54,75.43498
-2.797889876956741,225.0,101041.38,76.14256
-2.797889876956741,226.875,101037.68,76.26082
-2.797889876956741,228.75,101050.04,75.796104
-2.797889876956741,230.625,101082.11,75.91722
-2.797889876956741,232.5,101094.46,75.753494
-2.797889876956741,234.375,101084.64,74.72683
-2.797889876956741,236.25,101079.94,74.708015
-2.797889876956741,238.125,101081.67,75.267456
-2.797889876956741,240.0,101083.34,74.28667
-2.797889876956741,241.875,101095.16,73.37477
-2.797889876956741,243.75,101113.41,74.00781
-2.797889876956741,245.625,101120.99,73.49298
-2.797889876956741,247.5,101115.29,71.86361
-2.797889876956741,249.375,101112.99,71.89876
-2.797889876956741,251.25,101113.76,72.28505
-2.797889876956741,253.125,101104.08,71.431816
-2.797889876956741,255.0,101101.38,71.26769
-2.797889876956741,256.875,101116.15,71.47728
-2.797889876956741,258.75,101115.73,70.521614
-2.797889876956741,260.625,101102.28,69.90822
-2.797889876956741,262.5,101105.26,69.73731
-2.797889876956741,264.375,101104.61,69.20774
-2.797889876956741,266.25,101085.81,70.07463
-2.797889876956741,268.125,101082.85,71.41401
-2.797889876956741,270.0,101083.14,71.10362
-2.797889876956741,271.875,101082.05,71.872765
-2.797889876956741,273.75,101103.5,74.11688
-2.797889876956741,275.625,101085.11,74.01086
-2.797889876956741,277.5,101054.16,73.58129
-2.797889876956741,279.375,101174.83,69.329384
-2.797889876956741,281.25,101365.04,61.90277
-2.797889876956741,283.125,101030.81,68.12763
-2.797889876956741,285.0,100779.16,72.56676
-2.797889876956741,286.875,100818.39,67.534935
-2.797889876956741,288.75,100896.08,53.784725
-2.797889876956741,290.625,100813.9,54.49298
-2.797889876956741,292.5,100800.15,59.389908
-2.797889876956741,294.375,100864.1,60.262943
-2.797889876956741,296.25,100815.16,64.50673
-2.797889876956741,298.125,100768.29,70.83766
-2.797889876956741,300.0,100789.94,76.97843
-2.797889876956741,301.875,100816.32,76.40295
-2.797889876956741,303.75,100850.3,69.03388
-2.797889876956741,305.625,100931.66,60.227783
-2.797889876956741,307.5,100988.31,53.84021
-2.797889876956741,309.375,101010.13,51.892048
-2.797889876956741,311.25,101066.45,51.355095
-2.797889876956741,313.125,101115.67,49.2383
-2.797889876956741,315.0,101114.44,47.957893
-2.797889876956741,316.875,101131.85,49.31694
-2.797889876956741,318.75,101163.6,51.989365
-2.797889876956741,320.625,101143.51,52.834713
-2.797889876956741,322.5,101106.03,52.642887
-2.797889876956741,324.375,101097.58,53.33527
-2.797889876956741,326.25,101102.57,54.542328
-2.797889876956741,328.125,101095.46,55.767292
-2.797889876956741,330.0,101076.59,56.98022
-2.797889876956741,331.875,101070.72,57.769943
-2.797889876956741,333.75,101074.1,58.57731
-2.797889876956741,335.625,101061.83,60.12242
-2.797889876956741,337.5,101050.74,61.575867
-2.797889876956741,339.375,101058.78,62.091827
-2.797889876956741,341.25,101051.56,62.514263
-2.797889876956741,343.125,101031.05,63.61013
-2.797889876956741,345.0,101035.62,64.610565
-2.797889876956741,346.875,101040.44,64.58599
-2.797889876956741,348.75,101019.84,64.601524
-2.797889876956741,350.625,101009.38,65.51833
-2.797889876956741,352.5,101012.72,65.98651
-2.797889876956741,354.375,100999.57,65.791275
-2.797889876956741,356.25,100987.38,66.1547
-2.797889876956741,358.125,100998.39,66.48386
-0.932629967837991,0.0,100991.44,66.26511
-0.932629967837991,1.875,100971.09,66.094475
-0.932629967837991,3.75,100977.91,65.803185
-0.932629967837991,5.625,100974.82,65.99426
-0.932629967837991,7.5,100954.2,67.53708
-0.932629967837991,9.375,100981.74,67.62593
-0.932629967837991,11.25,101080.21,64.66068
-0.932629967837991,13.125,101126.5,62.857327
-0.932629967837991,15.0,101048.11,63.733368
-0.932629967837991,16.875,100969.51,63.281914
-0.932629967837991,18.75,100957.58,62.568233
-0.932629967837991,20.625,100963.88,63.088108
-0.932629967837991,22.5,100956.54,64.76351
-0.932629967837991,24.375,100966.14,66.78157
-0.932629967837991,26.25,101029.37,66.107155
-0.932629967837991,28.125,101145.0,67.4764
-0.932629967837991,30.0,101135.98,71.79501
-0.932629967837991,31.875,101008.38,81.27397
-0.932629967837991,33.75,101035.84,94.19779
-0.932629967837991,35.625,101255.55,100.225586
-0.932629967837991,37.5,101207.21,92.430725
-0.932629967837991,39.375,100986.18,92.604
-0.932629967837991,41.25,100936.25,93.91175
-0.932629967837991,43.125,100988.05,93.288155
-0.932629967837991,45.0,101041.47,89.95568
-0.932629967837991,46.875,101033.56,88.3739
-0.932629967837991,48.75,101049.91,88.93168
-0.932629967837991,50.625,101088.01,88.61672
-0.932629967837991,52.5,101079.4,88.56459
-0.932629967837991,54.375,101038.32,90.72051
-0.932629967837991,56.25,101019.52,92.94625
-0.932629967837991,58.125,101024.9,94.97833
-0.932629967837991,60.0,101030.55,98.04037
-0.932629967837991,61.875,101034.86,100.342354
-0.932629967837991,63.75,101040.82,101.54677
-0.932629967837991,65.625,101027.73,103.437614
-0.932629967837991,67.5,100998.34,105.14979
-0.932629967837991,69.375,100980.82,106.13715
-0.932629967837991,71.25,100989.08,107.88878
-0.932629967837991,73.125,101007.58,109.441246
-0.932629967837991,75.0,101023.55,109.666954
-0.932629967837991,76.875,101028.76,110.441216
-0.932629967837991,78.75,101019.56,112.12954
-0.932629967837991,80.625,101005.5,113.04178
-0.932629967837991,82.5,100996.34,113.29332
-0.932629967837991,84.375,100986.4,113.66854
-0.932629967837991,86.25,100977.55,113.99269
-0.932629967837991,88.125,100967.88,114.364395
-0.932629967837991,90.0,100954.86,114.886215
-0.932629967837991,91.875,100946.72,115.41536
-0.932629967837991,93.75,100942.8,115.99919
-0.932629967837991,95.625,100935.73,116.34562
-0.932629967837991,97.5,100941.93,116.153046
-0.932629967837991,99.375,100983.14,115.88485
-0.932629967837991,101.25,101026.5,116.93245
-0.932629967837991,103.125,101003.06,122.10419
-0.932629967837991,105.0,100947.87,128.27124
-0.932629967837991,106.875,100912.32,129.25098
-0.932629967837991,108.75,100894.12,124.86398
-0.932629967837991,110.625,100904.46,120.16906
-0.932629967837991,112.5,100950.14,115.81788
-0.932629967837991,114.375,100948.67,112.277824
-0.932629967837991,116.25,100881.29,114.27069
-0.932629967837991,118.125,100879.53,118.62736
-0.932629967837991,120.0,100942.49,119.323784
-0.932629967837991,121.875,100913.86,115.07364
-0.932629967837991,123.75,100814.87,113.284164
-0.932629967837991,125.625,100785.25,111.63246
-0.932629967837991,127.5,100782.65,109.28342
-0.932629967837991,129.375,100759.64,107.7978
-0.932629967837991,131.25,100773.2,105.48558
-0.932629967837991,133.125,100817.02,101.45682
-0.932629967837991,135.0,100799.26,99.93408
-0.932629967837991,136.875,100750.54,99.72989
-0.932629967837991,138.75,100745.56,95.39592
-0.932629967837991,140.625,100743.66,89.19279
-0.932629967837991,142.5,100714.86,85.39608
-0.932629967837991,144.375,100699.88,82.471146
-0.932629967837991,146.25,100715.35,79.19396
-0.932629967837991,148.125,100734.7,76.30503
-0.932629967837991,150.0,100738.67,73.95952
-0.932629967837991,151.875,100727.41,72.83655
-0.932629967837991,153.75,100720.84,72.31854
-0.932629967837991,155.625,100733.62,71.87814
-0.932629967837991,157.5,100742.49,72.74408
-0.932629967837991,159.375,100741.37,73.87002
-0.932629967837991,161.25,100753.51,73.813095
-0.932629967837991,163.125,100768.08,73.9606
-0.932629967837991,165.0,100767.64,74.75293
-0.932629967837991,166.875,100773.66,75.15377
-0.932629967837991,168.75,100795.06,75.204384
-0.932629967837991,170.625,100806.22,75.24593
-0.932629967837991,172.5,100801.23,75.18187
-0.932629967837991,174.375,100805.44,74.95231
-0.932629967837991,176.25,100825.06,74.509
-0.932629967837991,178.125,100836.38,74.21366
-0.932629967837991,180.0,100836.39,74.14316
-0.932629967837991,181.875,100849.3,73.73038
-0.932629967837991,183.75,100869.79,73.25358
-0.932629967837991,185.625,100870.62,73.340195
-0.932629967837991,187.5,100871.56,73.46066
-0.932629967837991,189.375,100889.68,73.16153
-0.932629967837991,191.25,100893.54,73.07492
-0.932629967837991,193.125,100883.53,73.299446
-0.932629967837991,195.0,100898.7,73.403625
-0.932629967837991,196.875,100920.95,73.50138
-0.932629967837991,198.75,100927.64,73.692696
-0.932629967837991,200.625,100938.23,73.83217
-0.932629967837991,202.5,100947.26,73.95169
-0.932629967837991,204.375,100947.7,74.09435
-0.932629967837991,206.25,100959.0,74.20919
-0.932629967837991,208.125,100975.22,74.27605
-0.932629967837991,210.0,100977.97,74.30436
-0.932629967837991,211.875,100987.4,74.540375
-0.932629967837991,213.75,101003.61,74.890335
-0.932629967837991,215.625,101006.49,74.82209
-0.932629967837991,217.5,101009.41,74.63654
-0.932629967837991,219.375,101016.74,74.89298
-0.932629967837991,221.25,101018.36,74.84994
-0.932629967837991,223.125,101033.02,74.45738
-0.932629967837991,225.0,101056.81,74.75002
-0.932629967837991,226.875,101060.63,74.97078
-0.932629967837991,228.75,101050.23,74.487305
-0.932629967837991,230.625,101053.94,74.88622
-0.932629967837991,232.5,101069.99,75.72891
-0.932629967837991,234.375,101088.99,74.78396
-0.932629967837991,236.25,101107.76,73.69353
-0.932629967837991,238.125,101117.25,74.487854
-0.932629967837991,240.0,101116.02,74.79303
-0.932629967837991,241.875,101109.35,73.94347
-0.932629967837991,243.75,101116.52,74.21121
-0.932629967837991,245.625,101133.26,74.51299
-0.932629967837991,247.5,101135.86,73.54856
-0.932629967837991,249.375,101127.89,73.260635
-0.932629967837991,251.25,101132.58,73.42308
-0.932629967837991,253.125,101125.54,72.50675
-0.932629967837991,255.0,101107.06,71.96814
-0.932629967837991,256.875,101111.99,71.766945
-0.932629967837991,258.75,101121.67,70.70186
-0.932629967837991,260.625,101115.26,70.203964
-0.932629967837991,262.5,101110.8,69.80887
-0.932629967837991,264.375,101104.34,68.6585
-0.932629967837991,266.25,101093.54,69.399086
-0.932629967837991,268.125,101094.6,71.20502
-0.932629967837991,270.0,101083.13,70.51399
-0.932629967837991,271.875,101067.24,70.51911
-0.932629967837991,273.75,101083.02,72.947876
-0.932629967837991,275.625,101065.58,72.89665
-0.932629967837991,277.5,101029.69,71.5394
-0.932629967837991,279.375,101149.91,70.29267
-0.932629967837991,281.25,101422.22,67.58906
-0.932629967837991,283.125,101166.98,62.17407
-0.932629967837991,285.0,100828.68,72.29106
-0.932629967837991,286.875,100800.42,70.29543
-0.932629967837991,288.75,100867.14,58.880154
-0.932629967837991,290.625,100856.3,55.065998
-0.932629967837991,292.5,100836.43,63.71236
-0.932629967837991,294.375,100791.2,71.80407
-0.932629967837991,296.25,100708.43,69.71172
-0.932629967837991,298.125,100704.56,66.41102
-0.932629967837991,300.0,100793.85,66.88898
-0.932629967837991,301.875,100852.86,65.12602
-0.932629967837991,303.75,100888.59,57.3781
-0.932629967837991,305.625,100960.17,49.479706
-0.932629967837991,307.5,101011.23,47.18913
-0.932629967837991,309.375,101044.47,47.5421
-0.932629967837991,311.25,101105.08,47.51226
-0.932629967837991,313.125,101135.13,48.29377
-0.932629967837991,315.0,101128.65,50.39121
-0.932629967837991,316.875,101145.9,52.68223
-0.932629967837991,318.75,101156.97,53.925613
-0.932629967837991,320.625,101136.43,53.787857
-0.932629967837991,322.5,101132.12,53.88673
-0.932629967837991,324.375,101135.94,54.70627
-0.932629967837991,326.25,101120.76,55.537983
-0.932629967837991,328.125,101104.3,56.43513
-0.932629967837991,330.0,101094.0,57.162098
-0.932629967837991,331.875,101084.65,57.62624
-0.932629967837991,333.75,101076.11,58.971947
-0.932629967837991,335.625,101062.86,61.066315
-0.932629967837991,337.5,101054.42,62.037018
-0.932629967837991,339.375,101060.01,62.395897
-0.932629967837991,341.25,101053.54,63.572823
-0.932629967837991,343.125,101043.06,64.75339
-0.932629967837991,345.0,101049.4,64.929115
-0.932629967837991,346.875,101043.58,64.81132
-0.932629967837991,348.75,101019.79,65.22596
-0.932629967837991,350.625,101022.26,65.83859
-0.932629967837991,352.5,101031.14,65.744156
-0.932629967837991,354.375,101011.8,65.48515
-0.932629967837991,356.25,101000.66,66.01649
-0.932629967837991,358.125,101007.08,66.45546
0.932629967837991,0.0,100980.74,67.053345
0.932629967837991,1.875,100977.98,66.79474
0.932629967837991,3.75,100984.64,66.668686
0.932629967837991,5.625,100953.64,67.45518
0.932629967837991,7.5,100926.26,68.894196
0.932629967837991,9.375,100967.13,68.094315
0.932629967837991,11.25,101046.11,65.37508
0.932629967837991,13.125,101052.01,66.63274
0.932629967837991,15.0,100993.62,70.16267
0.932629967837991,16.875,100969.23,67.9616
0.932629967837991,18.75,100957.64,65.818344
0.932629967837991,20.625,100916.3,69.07117
0.932629967837991,22.5,100869.5,74.66457
0.932629967837991,24.375,100846.1,76.88469
0.932629967837991,26.25,100857.59,74.8288
0.932629967837991,28.125,100928.63,74.73591
0.932629967837991,30.0,100981.95,76.92097
0.932629967837991,31.875,100915.32,79.228546
0.932629967837991,33.75,100886.02,82.96126
0.932629967837991,35.625,101017.6,90.4297
0.932629967837991,37.5,101044.7,90.86172
0.932629967837991,39.375,100930.96,90.13165
0.932629967837991,41.25,100887.2,91.97674
0.932629967837991,43.125,100965.64,91.927086
0.932629967837991,45.0,101064.45,88.49133
0.932629967837991,46.875,101087.86,87.43055
0.932629967837991,48.75,101089.75,88.4163
0.932629967837991,50.625,101074.61,87.98861
0.932629967837991,52.5,101035.12,88.280495
0.932629967837991,54.375,101021.48,90.3175
0.932629967837991,56.25,101048.44,91.40613
0.932629967837991,58.125,101066.76,92.79908
0.932629967837991,60.0,101052.56,96.45728
0.932629967837991,61.875,101031.8,99.23222
0.932629967837991,63.75,101011.82,100.102455
0.932629967837991,65.625,100994.33,102.039314
0.932629967837991,67.5,100994.64,104.11186
0.932629967837991,69.375,101019.64,104.861496
0.932629967837991,71.25,101039.04,105.946976
0.932629967837991,73.125,101030.42,107.49356
0.932629967837991,75.0,101007.2,108.61874
0.932629967837991,76.875,100987.14,110.11919
0.932629967837991,78.75,100970.78,111.69001
0.932629967837991,80.625,100960.26,112.460785
0.932629967837991,82.5,100963.52,113.10034
0.932629967837991,84.375,100965.67,113.82357
0.932629967837991,86.25,100953.94,114.1547
0.932629967837991,88.125,100942.12,114.353615
0.932629967837991,90.0,100935.28,114.403694
0.932629967837991,91.875,100927.23,114.32574
0.932629967837991,93.75,100914.95,114.22851
0.932629967837991,95.625,100917.39,113.446846
0.932629967837991,97.5,100953.46,112.75928
0.932629967837991,99.375,101011.4,114.60752
0.932629967837991,101.25,101031.32,118.99266
0.932629967837991,103.125,100994.08,125.002846
0.932629967837991,105.0,100961.58,131.21397
0.932629967837991,106.875,100961.44,134.15652
0.932629967837991,108.75,100954.26,131.19148
0.932629967837991,110.625,100938.07,127.30372
0.932629967837991,112.5,100980.59,123.6127
0.932629967837991,114.375,101033.04,116.79238
0.932629967837991,116.25,100951.32,115.40921
0.932629967837991,118.125,100872.44,120.540306
0.932629967837991,120.0,100871.55,123.889366
0.932629967837991,121.875,100868.06,121.16601
0.932629967837991,123.75,100818.95,117.556526
0.932629967837991,125.625,100799.7,115.03493
0.932629967837991,127.5,100799.07,112.45198
0.932629967837991,129.375,100765.66,111.214516
0.932629967837991,131.25,100750.14,109.82492
0.932629967837991,133.125,100774.98,105.56598
0.932629967837991,135.0,100765.96,101.47698
0.932629967837991,136.875,100719.55,99.24459
0.932629967837991,138.75,100702.96,95.951225
0.932629967837991,140.625,100723.92,90.67636
0.932629967837991,142.5,100742.88,85.732475
0.932629967837991,144.375,100745.03,81.44688
0.932629967837991,146.25,100737.44,77.93129
0.932629967837991,148.125,100734.08,75.626945
0.932629967837991,150.0,100734.78,73.841675
0.932629967837991,151.875,100723.16,72.82905
0.932629967837991,153.75,100718.52,72.501144
0.932629967837991,155.625,100740.1,72.24189
0.932629967837991,157.5,100754.49,72.51304
0.932629967837991,159.375,100743.31,72.72353
0.932629967837991,161.25,100744.85,72.7698
0.932629967837991,163.125,100765.93,73.28496
0.932629967837991,165.0,100770.88,73.495735
0.932629967837991,166.875,100766.61,73.166245
0.932629967837991,168.75,100774.9,73.343094
0.932629967837991,170.625,100793.56,73.67691
0.932629967837991,172.5,100805.29,73.48915
0.932629967837991,174.375,100810.99,73.27309
0.932629967837991,176.25,100822.58,73.17826
0.932629967837991,178.125,100834.68,73.05422
0.932629967837991,180.0,100838.21,73.046906
0.932629967837991,181.875,100850.0,72.89336
0.932629967837991,183.75,100871.49,72.57011
0.932629967837991,185.625,100872.99,72.49914
0.932629967837991,187.5,100866.07,72.50764
0.932629967837991,189.375,100884.07,72.34159
0.932629967837991,191.25,100906.8,72.215065
0.932629967837991,193.125,100908.07,72.260544
0.932629967837991,195.0,100911.34,72.361786
0.932629967837991,196.875,100926.1,72.42718
0.932629967837991,198.75,100932.77,72.43432
0.932629967837991,200.625,100940.16,72.535995
0.932629967837991,202.5,100952.19,72.741264
0.932629967837991,204.375,100960.71,72.87074
0.932629967837991,206.25,100965.86,73.12891
0.932629967837991,208.125,100975.48,73.32586
0.932629967837991,210.0,100988.01,72.74636
0.932629967837991,211.875,100995.88,72.29591
0.932629967837991,213.75,100992.6,72.98613
0.932629967837991,215.625,100994.87,73.1773
0.932629967837991,217.5,101017.05,72.25791
0.932629967837991,219.375,101034.33,72.254845
0.932629967837991,221.25,101030.62,73.042206
0.932629967837991,223.125,101030.64,72.79586
0.932629967837991,225.0,101050.36,72.52115
0.932629967837991,226.875,101069.88,72.8759
0.932629967837991,228.75,101074.1,72.450485
0.932629967837991,230.625,101070.46,72.142876
0.932629967837991,232.5,101074.03,73.06058
0.932629967837991,234.375,101087.2,73.028435
0.932629967837991,236.25,101098.27,72.04639
0.932629967837991,238.125,101112.08,72.467316
0.932629967837991,240.0,101127.67,72.97617
0.932629967837991,241.875,101124.4,72.02741
0.932629967837991,243.75,101112.88,71.63605
0.932629967837991,245.625,101119.6,72.186035
0.932629967837991,247.5,101123.11,72.125275
0.932629967837991,249.375,101120.8,71.95384
0.932629967837991,251.25,101139.54,71.708664
0.932629967837991,253.125,101155.6,70.855774
0.932629967837991,255.0,101142.04,70.50678
0.932629967837991,256.875,101128.55,70.22204
0.932629967837991,258.75,101124.2,69.33258
0.932629967837991,260.625,101111.22,69.63985
0.932629967837991,262.5,101103.69,70.00602
0.932629967837991,264.375,101100.66,68.6443
0.932629967837991,266.25,101100.02,68.562515
0.932629967837991,268.125,101109.25,69.73758
0.932629967837991,270.0,101094.32,68.49144
0.932629967837991,271.875,101062.24,68.6295
0.932629967837991,273.75,101069.92,71.75463
0.932629967837991,275.625,101067.67,71.47224
0.932629967837991,277.5,101026.51,68.78527
0.932629967837991,279.375,101082.18,69.070786
0.932629967837991,281.25,101310.24,70.33095
0.932629967837991,283.125,101277.43,62.97047
0.932629967837991,285.0,100964.52,68.515526
0.932629967837991,286.875,100819.32,73.26885
0.932629967837991,288.75,100804.14,68.393
0.932629967837991,290.625,100826.28,64.65259
0.932629967837991,292.5,100837.81,69.998116
0.932629967837991,294.375,100773.77,71.71847
0.932629967837991,296.25,100714.2,61.90697
0.932629967837991,298.125,100785.54,55.466328
0.932629967837991,300.0,100917.35,57.132874
0.932629967837991,301.875,100949.04,56.810886
0.932629967837991,303.75,100961.89,51.47002
0.932629967837991,305.625,101045.86,46.565865
0.932629967837991,307.5,101112.27,48.08627
0.932629967837991,309.375,101143.68,49.099354
0.932629967837991,311.25,101174.21,49.485634
0.932629967837991,313.125,101175.32,50.897736
0.932629967837991,315.0,101168.0,52.886547
0.932629967837991,316.875,101179.26,53.962585
0.932629967837991,318.75,101165.48,53.751244
0.932629967837991,320.625,101148.77,53.6505
0.932629967837991,322.5,101165.08,54.60044
0.932629967837991,324.375,101156.83,55.610363
0.932629967837991,326.25,101121.3,56.036407
0.932629967837991,328.125,101115.12,56.79537
0.932629967837991,330.0,101114.72,57.81131
0.932629967837991,331.875,101092.12,58.713196
0.932629967837991,333.75,101079.12,60.25409
0.932629967837991,335.625,101074.76,61.888817
0.932629967837991,337.5,101063.8,62.6889
0.932629967837991,339.375,101056.46,63.898384
0.932629967837991,341.25,101049.16,65.46551
0.932629967837991,343.125,101039.78,65.755104
0.932629967837991,345.0,101039.1,65.72223
0.932629967837991,346.875,101030.18,66.54845
0.932629967837991,348.75,101017.66,67.12074
0.932629967837991,350.625,101022.7,67.05962
0.932629967837991,352.5,101020.72,67.16414
0.932629967837991,354.375,100999.64,67.5682
0.932629967837991,356.25,100996.14,67.804016
0.932629967837991,358.125,100998.5,67.53141
2.797889876956741,0.0,100960.73,68.43024
2.797889876956741,1.875,100967.96,68.70919
2.797889876956741,3.75,100979.02,68.389435
2.797889876956741,5.625,100958.4,67.67768
2.797889876956741,7.5,100964.03,67.74649
2.797889876956741,9.375,101023.02,68.06256
2.797889876956741,11.25,101078.66,68.84296
2.797889876956741,13.125,101066.61,73.88246
2.797889876956741,15.0,101026.55,79.1253
2.797889876956741,16.875,100988.9,77.76642
2.797889876956741,18.75,100925.4,76.05247
2.797889876956741,20.625,100863.7,79.887886
2.797889876956741,22.5,100833.92,85.00151
2.797889876956741,24.375,100808.16,86.067986
2.797889876956741,26.25,100807.6,84.01208
2.797889876956741,28.125,100887.4,84.62531
2.797889876956741,30.0,100962.68,90.614006
2.797889876956741,31.875,100856.3,92.302345
2.797889876956741,33.75,100722.68,82.904106
2.797889876956741,35.625,100776.17,81.33328
2.797889876956741,37.5,100893.72,85.55081
2.797889876956741,39.375,100907.65,86.09959
2.797889876956741,41.25,100909.27,88.58755
2.797889876956741,43.125,100982.56,90.77719
2.797889876956741,45.0,101063.46,89.2168
2.797889876956741,46.875,101108.92,87.768005
2.797889876956741,48.75,101126.26,87.20223
2.797889876956741,50.625,101109.24,86.33708
2.797889876956741,52.5,101096.92,87.27292
2.797889876956741,54.375,101111.57,89.96643
2.797889876956741,56.25,101109.35,91.061874
2.797889876956741,58.125,101064.14,92.09388
2.797889876956741,60.0,101025.13,95.4059
2.797889876956741,61.875,101017.42,98.10378
2.797889876956741,63.75,101019.58,99.17757
2.797889876956741,65.625,101028.58,101.072334
2.797889876956741,67.5,101045.05,102.59549
2.797889876956741,69.375,101047.72,102.85599
2.797889876956741,71.25,101023.32,103.96029
2.797889876956741,73.125,100992.82,105.96871
2.797889876956741,75.0,100982.55,107.820656
2.797889876956741,76.875,100991.01,109.406166
2.797889876956741,78.75,101001.86,110.31616
2.797889876956741,80.625,101003.58,111.03684
2.797889876956741,82.5,101002.68,112.49939
2.797889876956741,84.375,100995.36,113.2695
2.797889876956741,86.25,100984.1,112.816124
2.797889876956741,88.125,100984.82,112.78838
2.797889876956741,90.0,100991.3,113.11447
2.797889876956741,91.875,100983.37,113.07178
2.797889876956741,93.75,100965.48,112.67898
2.797889876956741,95.625,100971.67,110.9214
2.797889876956741,97.5,101014.92,110.036476
2.797889876956741,99.375,101055.1,116.08582
2.797889876956741,101.25,101049.08,126.02084
2.797889876956741,103.125,101010.04,132.5322
2.797889876956741,105.0,100976.02,136.41132
2.797889876956741,106.875,100969.74,139.18213
2.797889876956741,108.75,100959.55,138.05098
2.797889876956741,110.625,100931.8,134.77426
2.797889876956741,112.5,100949.52,131.2442
2.797889876956741,114.375,101043.43,123.03012
2.797889876956741,116.25,101035.76,117.465866
2.797889876956741,118.125,100913.86,122.173645
2.797889876956741,120.0,100860.01,125.13035
2.797889876956741,121.875,100846.54,123.305565
2.797889876956741,123.75,100816.53,121.18269
2.797889876956741,125.625,100790.7,120.146996
2.797889876956741,127.5,100791.58,117.13052
2.797889876956741,129.375,100782.76,113.790375
2.797889876956741,131.25,100757.94,111.452354
2.797889876956741,133.125,100747.57,107.75578
2.797889876956741,135.0,100751.33,102.7187
2.797889876956741,136.875,100756.84,98.56839
2.797889876956741,138.75,100755.68,94.910805
2.797889876956741,140.625,100744.57,90.79291
2.797889876956741,142.5,100742.54,86.27226
2.797889876956741,144.375,100747.37,81.43626
2.797889876956741,146.25,100729.64,77.914085
2.797889876956741,148.125,100711.18,76.0001
2.797889876956741,150.0,100725.79,74.106255
2.797889876956741,151.875,100740.19,72.42232
2.797889876956741,153.75,100735.18,71.72008
2.797889876956741,155.625,100739.11,71.34831
2.797889876956741,157.5,100749.44,71.05075
2.797889876956741,159.375,100748.73,70.68472
2.797889876956741,161.25,100749.56,70.72387
2.797889876956741,163.125,100762.2,71.195625
2.797889876956741,165.0,100774.8,70.843285
2.797889876956741,166.875,100779.38,70.10818
2.797889876956741,168.75,100779.77,70.43587
2.797889876956741,170.625,100787.84,70.878914
2.797889876956741,172.5,100805.23,70.52856
2.797889876956741,174.375,100813.23,70.31115
2.797889876956741,176.25,100813.16,70.44031
2.797889876956741,178.125,100825.98,70.30371
2.797889876956741,180.0,100836.96,70.20573
2.797889876956741,181.875,100834.78,70.30599
2.797889876956741,183.75,100845.06,70.31548
2.797889876956741,185.625,100864.15,70.231125
2.797889876956741,187.5,100868.3,70.18132
2.797889876956741,189.375,100873.56,70.25343
2.797889876956741,191.25,100894.87,70.397835
2.797889876956741,193.125,100908.04,70.465515
2.797889876956741,195.0,100909.1,70.5787
2.797889876956741,196.875,100913.18,70.74307
2.797889876956741,198.75,100915.84,70.5539
2.797889876956741,200.625,100917.75,70.30492
2.797889876956741,202.5,100930.04,70.33797
2.797889876956741,204.375,100944.7,70.278915
2.797889876956741,206.25,100947.54,70.42748
2.797889876956741,208.125,100948.58,71.092316
2.797889876956741,210.0,100960.24,70.96113
2.797889876956741,211.875,100972.74,70.06335
2.797889876956741,213.75,100976.81,70.2278
2.797889876956741,215.625,100985.9,70.83693
2.797889876956741,217.5,101002.02,70.316284
2.797889876956741,219.375,101017.55,70.062584
2.797889876956741,221.25,101027.92,70.64335
2.797889876956741,223.125,101032.69,70.30631
2.797889876956741,225.0,101030.3,69.795334
2.797889876956741,226.875,101041.86,70.422424
2.797889876956741,228.75,101070.14,70.36147
2.797889876956741,230.625,101089.0,69.266396
2.797889876956741,232.5,101094.87,69.23337
2.797889876956741,234.375,101095.72,69.89059
2.797889876956741,236.25,101082.9,69.926254
2.797889876956741,238.125,101077.73,70.02275
2.797889876956741,240.0,101103.42,70.06008
2.797889876956741,241.875,101120.82,69.36615
2.797889876956741,243.75,101116.88,68.94765
2.797889876956741,245.625,101124.66,68.98244
2.797889876956741,247.5,101134.01,68.86634
2.797889876956741,249.375,101122.09,68.93772
2.797889876956741,251.25,101120.96,68.82228
2.797889876956741,253.125,101132.34,68.59357
2.797889876956741,255.0,101130.06,69.17814
2.797889876956741,256.875,101127.74,69.43898
2.797889876956741,258.75,101126.79,68.63881
2.797889876956741,260.625,101119.28,68.892395
2.797889876956741,262.5,101118.66,69.54026
2.797889876956741,264.375,101119.5,68.55923
2.797889876956741,266.25,101103.88,68.66583
2.797889876956741,268.125,101101.34,70.06135
2.797889876956741,270.0,101101.67,69.10844
2.797889876956741,271.875,101078.78,68.699814
2.797889876956741,273.75,101078.5,71.20822
2.797889876956741,275.625,101087.98,71.07394
2.797889876956741,277.5,101044.59,68.57202
2.797889876956741,279.375,101025.95,70.477455
2.797889876956741,281.25,101125.89,71.58965
2.797889876956741,283.125,101285.54,69.2221
2.797889876956741,285.0,101190.49,66.07302
2.797889876956741,286.875,100904.73,71.46958
2.797889876956741,288.75,100746.24,71.90131
2.797889876956741,290.625,100745.77,71.19396
2.797889876956741,292.5,100857.94,70.22911
2.797889876956741,294.375,100928.57,63.017246
2.797889876956741,296.25,100932.59,51.828053
2.797889876956741,298.125,101004.32,53.305233
2.797889876956741,300.0,101067.76,54.1747
2.797889876956741,301.875,101057.28,55.12491
2.797889876956741,303.75,101078.24,53.657913
2.797889876956741,305.625,101162.7,48.88537
2.797889876956741,307.5,101211.5,47.259094
2.797889876956741,309.375,101220.63,48.048653
2.797889876956741,311.25,101219.07,49.413456
2.797889876956741,313.125,101199.26,50.856808
2.797889876956741,315.0,101194.43,52.125877
2.797889876956741,316.875,101206.5,53.057835
2.797889876956741,318.75,101187.41,53.389633
2.797889876956741,320.625,101172.16,53.93735
2.797889876956741,322.5,101179.42,55.042984
2.797889876956741,324.375,101158.1,55.663395
2.797889876956741,326.25,101131.84,55.980656
2.797889876956741,328.125,101138.68,56.883854
2.797889876956741,330.0,101127.76,58.01848
2.797889876956741,331.875,101093.8,59.135296
2.797889876956741,333.75,101086.55,60.679394
2.797889876956741,335.625,101089.01,62.159237
2.797889876956741,337.5,101071.22,63.521145
2.797889876956741,339.375,101061.83,65.4415
2.797889876956741,341.25,101061.2,66.48717
2.797889876956741,343.125,101052.33,66.159836
2.797889876956741,345.0,101043.76,66.901436
2.797889876956741,346.875,101037.7,68.5644
2.797889876956741,348.75,101030.98,68.6485
2.797889876956741,350.625,101024.44,68.39411
2.797889876956741,352.5,101004.94,69.27601
2.797889876956741,354.375,100986.36,69.857895
2.797889876956741,356.25,100989.96,69.20834
2.797889876956741,358.125,100981.86,68.484955
4.663149706177884,0.0,100966.67,69.55615
4.663149706177884,1.875,100957.3,69.629555
4.663149706177884,3.75,100948.14,69.08211
4.663149706177884,5.625,100932.98,68.163246
4.663149706177884,7.5,100962.29,69.122406
4.663149706177884,9.375,101049.25,72.79238
4.663149706177884,11.25,101142.48,76.86976
4.663149706177884,13.125,101192.25,81.79029
4.663149706177884,15.0,101154.24,88.02116
4.663149706177884,16.875,101015.84,91.49875
4.663149706177884,18.75,100879.46,91.20748
4.663149706177884,20.625,100850.52,90.55951
4.663149706177884,22.5,100881.96,91.22514
4.663149706177884,24.375,100869.23,94.6793
4.663149706177884,26.25,100844.66,99.25128
4.663149706177884,28.125,100877.67,102.82255
4.663149706177884,30.0,100873.91,108.13246
4.663149706177884,31.875,100732.24,106.673836
4.663149706177884,33.75,100625.75,88.53796
4.663149706177884,35.625,100708.36,75.28582
4.663149706177884,37.5,100913.85,82.11311
4.663149706177884,39.375,101035.75,84.6965
4.663149706177884,41.25,101033.0,86.097664
4.663149706177884,43.125,101016.19,90.213295
4.663149706177884,45.0,101021.2,91.42569
4.663149706177884,46.875,101078.11,89.669464
4.663149706177884,48.75,101142.22,87.45855
4.663149706177884,50.625,101160.88,86.13441
4.663149706177884,52.5,101161.88,86.683304
4.663149706177884,54.375,101154.46,88.829414
4.663149706177884,56.25,101101.94,90.5442
4.663149706177884,58.125,101048.73,92.20229
4.663149706177884,60.0,101053.37,94.801384
4.663149706177884,61.875,101077.0,96.79922
4.663149706177884,63.75,101072.45,98.31057
4.663149706177884,65.625,101061.47,100.33927
4.663149706177884,67.5,101049.2,101.5549
4.663149706177884,69.375,101017.85,102.289185
4.663149706177884,71.25,101001.18,103.90794
4.663149706177884,73.125,101023.11,105.346214
4.663149706177884,75.0,101052.39,106.65586
4.663149706177884,76.875,101063.99,108.682785
4.663149706177884,78.75,101064.42,110.19101
4.663149706177884,80.625,101055.26,111.26476
4.663149706177884,82.5,101037.5,113.30039
4.663149706177884,84.375,101014.39,114.21559
4.663149706177884,86.25,100997.38,113.37015
4.663149706177884,88.125,100989.92,113.26829
4.663149706177884,90.0,100984.76,113.7532
4.663149706177884,91.875,100966.5,113.595955
4.663149706177884,93.75,100961.14,112.99197
4.663149706177884,95.625,100993.64,110.42333
4.663149706177884,97.5,101037.57,108.63288
4.663149706177884,99.375,101061.54,115.91765
4.663149706177884,101.25,101079.94,129.13094
4.663149706177884,103.125,101083.46,137.44212
4.663149706177884,105.0,101042.45,139.51817
4.663149706177884,106.875,100992.35,140.98517
4.663149706177884,108.75,100961.96,141.10648
4.663149706177884,110.625,100932.36,138.33568
4.663149706177884,112.5,100930.3,135.23273
4.663149706177884,114.375,101001.06,130.4924
4.663149706177884,116.25,101057.85,125.48525
4.663149706177884,118.125,100971.52,126.40362
4.663149706177884,120.0,100872.68,126.42755
4.663149706177884,121.875,100842.74,123.90157
4.663149706177884,123.75,100839.26,123.29422
4.663149706177884,125.625,100817.02,124.12163
4.663149706177884,127.5,100793.6,121.521416
4.663149706177884,129.375,100788.66,116.86579
4.663149706177884,131.25,100786.65,112.94367
4.663149706177884,133.125,100765.82,108.76846
4.663149706177884,135.0,100749.77,104.11814
4.663149706177884,136.875,100770.76,99.90209
4.663149706177884,138.75,100786.79,95.5929
4.663149706177884,140.625,100758.48,91.16098
4.663149706177884,142.5,100732.32,86.686966
4.663149706177884,144.375,100744.77,81.88196
4.663149706177884,146.25,100751.77,77.93503
4.663149706177884,148.125,100740.64,75.49331
4.663149706177884,150.0,100746.17,73.5542
4.663149706177884,151.875,100759.98,71.83911
4.663149706177884,153.75,100755.29,70.670685
4.663149706177884,155.625,100746.82,69.83876
4.663149706177884,157.5,100751.3,69.346596
4.663149706177884,159.375,100765.08,68.90893
4.663149706177884,161.25,100772.63,68.43763
4.663149706177884,163.125,100768.94,68.305336
4.663149706177884,165.0,100773.83,68.03495
4.663149706177884,166.875,100794.45,67.45569
4.663149706177884,168.75,100801.06,67.43092
4.663149706177884,170.625,100794.71,67.60947
4.663149706177884,172.5,100805.8,67.319496
4.663149706177884,174.375,100815.91,67.17619
4.663149706177884,176.25,100810.19,67.361015
4.663149706177884,178.125,100822.46,67.27018
4.663149706177884,180.0,100842.93,67.06742
4.663149706177884,181.875,100838.83,67.21613
4.663149706177884,183.75,100836.09,67.47375
4.663149706177884,185.625,100861.37,67.65043
4.663149706177884,187.5,100875.38,67.743614
4.663149706177884,189.375,100865.88,67.884315
4.663149706177884,191.25,100866.07,68.049866
4.663149706177884,193.125,100877.91,67.87082
4.663149706177884,195.0,100885.21,67.68522
4.663149706177884,196.875,100895.34,67.91231
4.663149706177884,198.75,100910.2,67.9374
4.663149706177884,200.625,100916.36,67.650925
4.663149706177884,202.5,100919.92,67.7921
4.663149706177884,204.375,100932.57,68.03898
4.663149706177884,206.25,100944.84,67.97142
4.663149706177884,208.125,100950.08,68.42441
4.663149706177884,210.0,100955.66,68.929214
4.663149706177884,211.875,100968.44,68.38671
4.663149706177884,213.75,100986.85,67.858444
4.663149706177884,215.625,100999.47,68.324936
4.663149706177884,217.5,100994.0,68.477486
4.663149706177884,219.375,100988.52,67.86286
4.663149706177884,221.25,101009.36,67.44777
4.663149706177884,223.125,101038.47,67.10633
4.663149706177884,225.0,101036.58,66.749275
4.663149706177884,226.875,101029.12,67.06703
4.663149706177884,228.75,101044.2,67.355675
4.663149706177884,230.625,101057.16,66.79481
4.663149706177884,232.5,101064.55,66.318504
4.663149706177884,234.375,101088.65,66.50564
4.663149706177884,236.25,101100.81,66.82976
4.663149706177884,238.125,101096.43,66.93468
4.663149706177884,240.0,101103.9,66.927475
4.663149706177884,241.875,101116.12,67.221085
4.663149706177884,243.75,101116.59,67.631325
4.663149706177884,245.625,101129.06,67.37421
4.663149706177884,247.5,101145.2,66.82305
4.663149706177884,249.375,101136.97,67.10801
4.663149706177884,251.25,101124.38,67.441925
4.663149706177884,253.125,101118.26,67.38479
4.663149706177884,255.0,101115.16,68.02299
4.663149706177884,256.875,101122.7,68.51911
4.663149706177884,258.75,101129.92,67.858826
4.663149706177884,260.625,101121.75,67.70424
4.663149706177884,262.5,101126.34,68.075134
4.663149706177884,264.375,101127.84,67.63692
4.663149706177884,266.25,101100.66,68.10632
4.663149706177884,268.125,101085.68,69.676
4.663149706177884,270.0,101096.9,69.43875
4.663149706177884,271.875,101085.22,68.57971
4.663149706177884,273.75,101061.63,69.68955
4.663149706177884,275.625,101059.6,70.20176
4.663149706177884,277.5,101037.2,69.28532
4.663149706177884,279.375,100997.44,70.73828
4.663149706177884,281.25,101018.7,70.31228
4.663149706177884,283.125,101215.06,67.55854
4.663149706177884,285.0,101439.08,66.5722
4.663149706177884,286.875,101160.96,62.296356
4.663149706177884,288.75,100813.54,71.774345
4.663149706177884,290.625,100767.12,76.59999
4.663149706177884,292.5,100940.42,70.81514
4.663149706177884,294.375,101189.05,59.11787
4.663149706177884,296.25,101247.52,55.08275
4.663149706177884,298.125,101231.02,54.595673
4.663149706177884,300.0,101230.9,52.106396
4.663149706177884,301.875,101228.96,52.30095
4.663149706177884,303.75,101241.06,53.126263
4.663149706177884,305.625,101253.23,50.006943
4.663149706177884,307.5,101242.86,46.80836
4.663149706177884,309.375,101240.64,47.236977
4.663149706177884,311.25,101244.22,49.072056
4.663149706177884,313.125,101227.46,50.08826
4.663149706177884,315.0,101218.95,51.117363
4.663149706177884,316.875,101226.54,52.567234
4.663149706177884,318.75,101217.12,53.516327
4.663149706177884,320.625,101206.3,54.167957
4.663149706177884,322.5,101200.33,54.752975
4.663149706177884,324.375,101179.94,55.11757
4.663149706177884,326.25,101169.58,55.823086
4.663149706177884,328.125,101169.52,56.88222
4.663149706177884,330.0,101139.85,57.570274
4.663149706177884,331.875,101109.11,58.397022
4.663149706177884,333.75,101106.92,60.06555
4.663149706177884,335.625,101094.08,61.902527
4.663149706177884,337.5,101067.79,63.55991
4.663149706177884,339.375,101065.48,65.35572
4.663149706177884,341.25,101070.74,66.19708
4.663149706177884,343.125,101061.42,66.480576
4.663149706177884,345.0,101050.83,67.85305
4.663149706177884,346.875,101040.9,68.906456
4.663149706177884,348.75,101036.62,68.41251
4.663149706177884,350.625,101036.59,68.85028
4.663149706177884,352.5,101029.85,70.546425
4.663149706177884,354.375,101020.05,70.5278
4.663149706177884,356.25,101017.02,69.4133
4.663149706177884,358.125,100997.5,69.24584
6.5284094014799905,0.0,100999.63,74.159134
6.5284094014799905,1.875,100984.88,72.745415
6.5284094014799905,3.75,100955.26,72.91765
6.5284094014799905,5.625,100925.49,74.76026
6.5284094014799905,7.5,100945.07,80.53321
6.5284094014799905,9.375,101021.86,90.557304
6.5284094014799905,11.25,101133.74,95.95172
6.5284094014799905,13.125,101243.16,97.35701
6.5284094014799905,15.0,101211.26,102.88463
6.5284094014799905,16.875,101020.9,108.97871
6.5284094014799905,18.75,100886.2,108.156204
6.5284094014799905,20.625,100893.85,102.46539
6.5284094014799905,22.5,100949.98,99.45529
6.5284094014799905,24.375,100937.23,108.9631
6.5284094014799905,26.25,100882.08,122.7426
6.5284094014799905,28.125,100829.04,126.021065
6.5284094014799905,30.0,100735.4,122.48252
6.5284094014799905,31.875,100633.64,113.45143
6.5284094014799905,33.75,100634.16,93.33979
6.5284094014799905,35.625,100816.23,75.693146
6.5284094014799905,37.5,101169.62,85.35118
6.5284094014799905,39.375,101331.11,84.30694
6.5284094014799905,41.25,101221.66,79.8065
6.5284094014799905,43.125,101121.98,84.0657
6.5284094014799905,45.0,101100.22,87.71713
6.5284094014799905,46.875,101154.76,88.87737
6.5284094014799905,48.75,101203.8,88.82827
6.5284094014799905,50.625,101195.26,88.40916
6.5284094014799905,52.5,101164.7,87.9718
6.5284094014799905,54.375,101138.87,88.61509
6.5284094014799905,56.25,101112.1,90.18141
6.5284094014799905,58.125,101115.93,92.24555
6.5284094014799905,60.0,101136.1,94.24447
6.5284094014799905,61.875,101113.05,95.95094
6.5284094014799905,63.75,101062.42,98.20847
6.5284094014799905,65.625,101044.02,100.52611
6.5284094014799905,67.5,101043.12,101.93898
6.5284094014799905,69.375,101039.59,103.58013
6.5284094014799905,71.25,101061.53,105.13039
6.5284094014799905,73.125,101085.11,105.01026
6.5284094014799905,75.0,101058.56,105.559906
6.5284094014799905,76.875,101018.72,108.84477
6.5284094014799905,78.75,101016.12,111.27012
6.5284094014799905,80.625,101032.85,111.89277
6.5284094014799905,82.5,101036.32,113.8603
6.5284094014799905,84.375,101024.06,115.91601
6.5284094014799905,86.25,101007.96,116.46632
6.5284094014799905,88.125,100995.5,116.88595
6.5284094014799905,90.0,100982.92,116.98156
6.5284094014799905,91.875,100961.38,116.48989
6.5284094014799905,93.75,100957.04,116.09743
6.5284094014799905,95.625,100977.78,113.48978
6.5284094014799905,97.5,100989.57,110.487045
6.5284094014799905,99.375,101001.18,115.9395
6.5284094014799905,101.25,101053.8,127.7863
6.5284094014799905,103.125,101113.41,137.08401
6.5284094014799905,105.0,101103.42,139.24539
6.5284094014799905,106.875,101056.28,140.39713
6.5284094014799905,108.75,101036.16,141.59735
6.5284094014799905,110.625,101009.18,140.1994
6.5284094014799905,112.5,100963.21,138.11218
6.5284094014799905,114.375,100971.23,136.93425
6.5284094014799905,116.25,101016.96,134.98509
6.5284094014799905,118.125,100986.0,132.92363
6.5284094014799905,120.0,100889.38,129.88748
6.5284094014799905,121.875,100851.2,126.42241
6.5284094014799905,123.75,100896.53,125.11075
6.5284094014799905,125.625,100924.61,125.38522
6.5284094014799905,127.5,100872.5,123.39889
6.5284094014799905,129.375,100816.56,120.03519
6.5284094014799905,131.25,100815.69,116.08427
6.5284094014799905,133.125,100818.42,110.6096
6.5284094014799905,135.0,100786.25,105.36211
6.5284094014799905,136.875,100771.06,101.69731
6.5284094014799905,138.75,100784.62,97.42642
6.5284094014799905,140.625,100783.18,91.86825
6.5284094014799905,142.5,100769.41,86.62576
6.5284094014799905,144.375,100776.82,82.263596
6.5284094014799905,146.25,100789.22,78.62297
6.5284094014799905,148.125,100786.02,75.7392
6.5284094014799905,150.0,100777.82,73.76111
6.5284094014799905,151.875,100774.28,72.47016
6.5284094014799905,153.75,100780.56,70.95399
6.5284094014799905,155.625,100786.53,69.395805
6.5284094014799905,157.5,100784.79,68.75658
6.5284094014799905,159.375,100789.42,68.38223
6.5284094014799905,161.25,100803.4,67.154854
6.5284094014799905,163.125,100798.79,66.22297
6.5284094014799905,165.0,100789.98,66.18251
6.5284094014799905,166.875,100804.38,65.78668
6.5284094014799905,168.75,100818.18,65.03638
6.5284094014799905,170.625,100812.29,64.91569
6.5284094014799905,172.5,100821.1,65.10162
6.5284094014799905,174.375,100839.59,64.99884
6.5284094014799905,176.25,100837.77,64.90933
6.5284094014799905,178.125,100838.1,64.999435
6.5284094014799905,180.0,100858.8,65.150894
6.5284094014799905,181.875,100866.74,65.11163
6.5284094014799905,183.75,100861.82,65.17844
6.5284094014799905,185.625,100872.5,65.635895
6.5284094014799905,187.5,100885.06,65.94098
6.5284094014799905,189.375,100885.42,65.96296
6.5284094014799905,191.25,100890.22,66.17359
6.5284094014799905,193.125,100904.31,66.204
6.5284094014799905,195.0,100910.36,65.872604
6.5284094014799905,196.875,100916.78,66.025635
6.5284094014799905,198.75,100934.0,66.352295
6.5284094014799905,200.625,100946.28,66.07065
6.5284094014799905,202.5,100945.0,66.08823
6.5284094014799905,204.375,100947.22,66.83807
6.5284094014799905,206.25,100963.68,66.98085
6.5284094014799905,208.125,100980.7,66.62584
6.5284094014799905,210.0,100985.1,66.834816
6.5284094014799905,211.875,100984.9,66.86892
6.5284094014799905,213.75,100995.74,66.28047
6.5284094014799905,215.625,101012.2,66.33731
6.5284094014799905,217.5,101018.9,66.73291
6.5284094014799905,219.375,101016.49,66.1737
6.5284094014799905,221.25,101026.23,65.55565
6.5284094014799905,223.125,101048.32,65.84161
6.5284094014799905,225.0,101061.18,65.89207
6.5284094014799905,226.875,101068.67,65.27945
6.5284094014799905,228.75,101076.94,65.17505
6.5284094014799905,230.625,101071.2,65.6272
6.5284094014799905,232.5,101065.81,65.540215
6.5284094014799905,234.375,101092.35,65.01572
6.5284094014799905,236.25,101123.9,65.05648
6.5284094014799905,238.125,101130.96,65.47466
6.5284094014799905,240.0,101131.08,65.663826
6.5284094014799905,241.875,101132.78,65.904396
6.5284094014799905,243.75,101128.58,66.23699
6.5284094014799905,245.625,101131.14,66.06998
6.5284094014799905,247.5,101140.66,65.887115
6.5284094014799905,249.375,101149.3,66.43784
6.5284094014799905,251.25,101160.99,66.71553
6.5284094014799905,253.125,101164.91,66.275
6.5284094014799905,255.0,101155.86,66.3183
6.5284094014799905,256.875,101153.79,66.84717
6.5284094014799905,258.75,101150.49,66.87886
6.5284094014799905,260.625,101129.8,67.00135
6.5284094014799905,262.5,101123.39,67.24334
6.5284094014799905,264.375,101131.34,66.73371
6.5284094014799905,266.25,101120.68,66.19544
6.5284094014799905,268.125,101113.86,66.2257
6.5284094014799905,270.0,101126.91,65.83154
6.5284094014799905,271.875,101110.34,65.61107
6.5284094014799905,273.75,101066.4,66.72741
6.5284094014799905,275.625,101052.44,67.83679
6.5284094014799905,277.5,101059.99,68.3603
6.5284094014799905,279.375,101035.61,68.121475
6.5284094014799905,281.25,101021.29,66.851524
6.5284094014799905,283.125,101114.17,64.528694
6.5284094014799905,285.0,101362.21,67.83881
6.5284094014799905,286.875,101289.8,60.91945
6.5284094014799905,288.75,100969.72,71.77204
6.5284094014799905,290.625,100893.72,83.1288
6.5284094014799905,292.5,101030.48,80.587
6.5284094014799905,294.375,101248.76,70.1956
6.5284094014799905,296.25,101326.38,62.991745
6.5284094014799905,298.125,101335.59,58.0532
6.5284094014799905,300.0,101368.92,53.445953
6.5284094014799905,301.875,101378.42,51.878307
6.5284094014799905,303.75,101345.72,51.057346
6.5284094014799905,305.625,101299.54,48.569065
6.5284094014799905,307.5,101269.49,46.96402
6.5284094014799905,309.375,101278.1,48.167206
6.5284094014799905,311.25,101292.4,49.29568
6.5284094014799905,313.125,101281.25,49.682114
6.5284094014799905,315.0,101268.61,50.955704
6.5284094014799905,316.875,101264.45,52.633827
6.5284094014799905,318.75,101255.47,53.497673
6.5284094014799905,320.625,101246.0,53.98864
6.5284094014799905,322.5,101238.12,54.396057
6.5284094014799905,324.375,101224.31,54.78196
6.5284094014799905,326.25,101213.84,55.703545
6.5284094014799905,328.125,101196.86,56.716255
6.5284094014799905,330.0,101167.82,57.170837
6.5284094014799905,331.875,101153.17,57.807255
6.5284094014799905,333.75,101143.7,59.260857
6.5284094014799905,335.625,101110.52,60.80136
6.5284094014799905,337.5,101083.01,62.07121
6.5284094014799905,339.375,101078.89,63.647102
6.5284094014799905,341.25,101069.41,65.35169
6.5284094014799905,343.125,101051.27,67.03293
6.5284094014799905,345.0,101042.0,68.46942
6.5284094014799905,346.875,101034.24,68.348595
6.5284094014799905,348.75,101044.67,68.05693
6.5284094014799905,350.625,101084.43,70.72612
6.5284094014799905,352.5,101091.41,74.045975
6.5284094014799905,354.375,101061.35,73.48344
6.5284094014799905,356.25,101037.41,73.174034
6.5284094014799905,358.125,101018.75,74.549355
8.393668907692383,0.0,101030.97,88.958435
8.393668907692383,1.875,101028.33,88.20116
8.393668907692383,3.75,101005.88,89.18985
8.393668907692383,5.625,100985.94,91.55831
8.393668907692383,7.5,101008.98,99.60744
8.393668907692383,9.375,101065.93,112.20892
8.393668907692383,11.25,101124.35,119.37607
8.393668907692383,13.125,101166.36,123.21158
8.393668907692383,15.0,101126.02,127.22432
8.393668907692383,16.875,101003.6,127.13503
8.393668907692383,18.75,100924.48,122.15509
8.393668907692383,20.625,100928.86,117.4846
8.393668907692383,22.5,100973.14,116.83593
8.393668907692383,24.375,101005.3,127.80215
8.393668907692383,26.25,100984.19,139.80008
8.393668907692383,28.125,100879.33,137.84201
8.393668907692383,30.0,100738.46,129.49031
8.393668907692383,31.875,100663.12,120.45756
8.393668907692383,33.75,100721.13,102.17482
8.393668907692383,35.625,100953.53,78.92516
8.393668907692383,37.5,101387.78,81.19329
8.393668907692383,39.375,101556.62,79.4962
8.393668907692383,41.25,101387.21,80.32957
8.393668907692383,43.125,101314.3,87.4462
8.393668907692383,45.0,101344.74,87.38945
8.393668907692383,46.875,101365.92,86.11552
8.393668907692383,48.75,101340.63,88.20585
8.393668907692383,50.625,101300.36,88.68875
8.393668907692383,52.5,101257.13,87.30688
8.393668907692383,54.375,101228.6,87.889854
8.393668907692383,56.25,101213.29,89.759
8.393668907692383,58.125,101204.85,91.423584
8.393668907692383,60.0,101164.34,93.04976
8.393668907692383,61.875,101101.32,95.36164
8.393668907692383,63.75,101079.76,98.29285
8.393668907692383,65.625,101103.4,100.48455
8.393668907692383,67.5,101110.56,101.87695
8.393668907692383,69.375,101102.79,104.03078
8.393668907692383,71.25,101102.56,105.89715
8.393668907692383,73.125,101066.56,106.01373
8.393668907692383,75.0,101004.68,107.219086
8.393668907692383,76.875,101007.52,111.39339
8.393668907692383,78.75,101074.96,113.16366
8.393668907692383,80.625,101119.46,111.977554
8.393668907692383,82.5,101117.35,113.026726
8.393668907692383,84.375,101099.74,115.86357
8.393668907692383,86.25,101084.11,117.557076
8.393668907692383,88.125,101080.35,118.053604
8.393668907692383,90.0,101085.18,117.931465
8.393668907692383,91.875,101080.82,118.0043
8.393668907692383,93.75,101062.64,118.88848
8.393668907692383,95.625,101034.28,117.69972
8.393668907692383,97.5,101000.99,115.46406
8.393668907692383,99.375,100996.96,119.785614
8.393668907692383,101.25,101041.33,129.3313
8.393668907692383,103.125,101086.82,135.90309
8.393668907692383,105.0,101087.78,136.85558
8.393668907692383,106.875,101081.62,138.17041
8.393668907692383,108.75,101101.7,140.45718
8.393668907692383,110.625,101095.99,140.50536
8.393668907692383,112.5,101037.32,139.33919
8.393668907692383,114.375,100997.54,138.95947
8.393668907692383,116.25,101008.78,138.24619
8.393668907692383,118.125,101005.71,136.45818
8.393668907692383,120.0,100946.38,133.69055
8.393668907692383,121.875,100906.38,130.15186
8.393668907692383,123.75,100959.72,126.92554
8.393668907692383,125.625,101020.44,124.89645
8.393668907692383,127.5,100973.7,122.84181
8.393668907692383,129.375,100877.4,121.24842
8.393668907692383,131.25,100848.0,118.68264
8.393668907692383,133.125,100870.2,113.31205
8.393668907692383,135.0,100861.75,107.312256
8.393668907692383,136.875,100827.92,103.151825
8.393668907692383,138.75,100822.88,99.22809
8.393668907692383,140.625,100837.59,94.08514
8.393668907692383,142.5,100840.65,89.059715
8.393668907692383,144.375,100829.04,85.187965
8.393668907692383,146.25,100819.79,81.894905
8.393668907692383,148.125,100826.04,78.60265
8.393668907692383,150.0,100829.08,75.893974
8.393668907692383,151.875,100820.46,74.20747
8.393668907692383,153.75,100827.96,72.64078
8.393668907692383,155.625,100850.57,70.62178
8.393668907692383,157.5,100846.78,69.287094
8.393668907692383,159.375,100832.04,68.61556
8.393668907692383,161.25,100845.5,67.290245
8.393668907692383,163.125,100861.4,66.00252
8.393668907692383,165.0,100853.09,65.746475
8.393668907692383,166.875,100854.7,65.386444
8.393668907692383,168.75,100867.86,64.43477
8.393668907692383,170.625,100866.4,64.08698
8.393668907692383,172.5,100868.52,64.30068
8.393668907692383,174.375,100885.29,64.16309
8.393668907692383,176.25,100891.25,63.858173
8.393668907692383,178.125,100881.56,64.12198
8.393668907692383,180.0,100886.3,64.59136
8.393668907692383,181.875,100902.66,64.510216
8.393668907692383,183.75,100908.2,64.37568
8.393668907692383,185.625,100905.38,65.031784
8.393668907692383,187.5,100912.24,65.55836
8.393668907692383,189.375,100927.47,65.39754
8.393668907692383,191.25,100942.28,65.67915
8.393668907692383,193.125,100952.96,66.25452
8.393668907692383,195.0,100956.98,66.11541
8.393668907692383,196.875,100952.98,66.02054
8.393668907692383,198.75,100955.14,66.45308
8.393668907692383,200.625,100970.41,66.17549
8.393668907692383,202.5,100980.42,65.57056
8.393668907692383,204.375,100982.7,65.98927
8.393668907692383,206.25,100988.74,66.47403
8.393668907692383,208.125,101004.38,66.00223
8.393668907692383,210.0,101015.91,65.80055
8.393668907692383,211.875,101020.81,66.12376
8.393668907692383,213.75,101021.52,65.88901
8.393668907692383,215.625,101032.61,65.67778
8.393668907692383,217.5,101058.75,65.95337
8.393668907692383,219.375,101080.91,65.71497
8.393668907692383,221.25,101077.88,65.35111
8.393668907692383,223.125,101070.92,65.88219
8.393668907692383,225.0,101081.42,66.16435
8.393668907692383,226.875,101105.9,65.386215
8.393668907692383,228.75,101128.82,65.04718
8.393668907692383,230.625,101139.42,65.59159
8.393668907692383,232.5,101140.46,65.52164
8.393668907692383,234.375,101139.9,64.85621
8.393668907692383,236.25,101139.69,65.05387
8.393668907692383,238.125,101143.54,65.85532
8.393668907692383,240.0,101156.3,65.82517
8.393668907692383,241.875,101172.7,65.27606
8.393668907692383,243.75,101182.1,65.125786
8.393668907692383,245.625,101182.12,65.37081
8.393668907692383,247.5,101176.32,65.55974
8.393668907692383,249.375,101175.68,65.651566
8.393668907692383,251.25,101190.65,65.67339
8.393668907692383,253.125,101199.98,65.74518
8.393668907692383,255.0,101191.32,66.09164
8.393668907692383,256.875,101186.52,66.404
8.393668907692383,258.75,101185.72,66.49881
8.393668907692383,260.625,101172.05,66.50496
8.393668907692383,262.5,101161.89,66.37306
8.393668907692383,264.375,101164.84,65.74841
8.393668907692383,266.25,101169.9,64.76118
8.393668907692383,268.125,101167.38,63.841534
8.393668907692383,270.0,101159.67,63.4897
8.393668907692383,271.875,101141.1,63.806572
8.393668907692383,273.75,101126.47,64.02151
8.393668907692383,275.625,101137.24,64.146614
8.393668907692383,277.5,101161.2,64.68394
8.393668907692383,279.375,101146.82,64.87452
8.393668907692383,281.25,101091.7,64.89435
8.393668907692383,283.125,101070.24,65.8995
8.393668907692383,285.0,101143.31,67.265945
8.393668907692383,286.875,101192.15,62.613033
8.393668907692383,288.75,101101.76,67.82708
8.393668907692383,290.625,101065.86,79.78959
8.393668907692383,292.5,101149.19,78.80194
8.393668907692383,294.375,101258.31,70.9853
8.393668907692383,296.25,101314.96,65.37436
8.393668907692383,298.125,101365.75,60.94895
8.393668907692383,300.0,101414.54,55.81114
8.393668907692383,301.875,101404.61,51.95874
8.393668907692383,303.75,101365.09,49.53025
8.393668907692383,305.625,101352.52,47.76745
8.393668907692383,307.5,101361.87,47.70857
8.393668907692383,309.375,101363.82,48.45191
8.393668907692383,311.25,101353.53,48.555546
8.393668907692383,313.125,101342.55,49.202835
8.393668907692383,315.0,101337.81,51.0212
8.393668907692383,316.875,101329.87,52.47561
8.393668907692383,318.75,101316.34,53.252357
8.393668907692383,320.625,101307.18,54.1552
8.393668907692383,322.5,101301.52,54.84901
8.393668907692383,324.375,101288.62,55.157417
8.393668907692383,326.25,101272.46,55.680813
8.393668907692383,328.125,101250.24,56.444344
8.393668907692383,330.0,101230.28,57.142063
8.393668907692383,331.875,101218.71,57.875233
8.393668907692383,333.75,101189.66,58.756836
8.393668907692383,335.625,101151.28,59.613094
8.393668907692383,337.5,101132.49,60.551296
8.393668907692383,339.375,101118.06,62.193466
8.393668907692383,341.25,101081.74,64.63402
8.393668907692383,343.125,101052.74,67.57432
8.393668907692383,345.0,101046.22,70.02284
8.393668907692383,346.875,101058.02,70.7969
8.393668907692383,348.75,101121.2,72.59889
8.393668907692383,350.625,101198.25,79.0729
8.393668907692383,352.5,101170.32,83.77142
8.393668907692383,354.375,101089.66,84.139305
8.393668907692383,356.25,101043.19,86.62401
8.393668907692383,358.125,101031.9,89.605446
10.258928168006376,0.0,101070.72,110.14544
10.258928168006376,1.875,101070.73,114.09369
10.258928168006376,3.75,101069.74,115.82273
10.258928168006376,5.625,101079.68,113.97799
10.258928168006376,7.5,101135.42,118.10443
10.258928168006376,9.375,101184.84,128.96269
10.258928168006376,11.25,101177.78,138.10588
10.258928168006376,13.125,101140.3,144.94565
10.258928168006376,15.0,101088.41,145.82555
10.258928168006376,16.875,101029.76,137.80714
10.258928168006376,18.75,100971.51,130.00201
10.258928168006376,20.625,100943.09,129.03214
10.258928168006376,22.5,100992.43,131.52252
10.258928168006376,24.375,101106.76,139.54079
10.258928168006376,26.25,101139.22,147.08746
10.258928168006376,28.125,101025.47,142.2879
10.258928168006376,30.0,100891.5,135.0296
10.258928168006376,31.875,100822.5,132.73083
10.258928168006376,33.75,100815.62,119.117424
10.258928168006376,35.625,100925.96,88.22557
10.258928168006376,37.5,101331.79,71.67949
10.258928168006376,39.375,101568.52,78.65412
10.258928168006376,41.25,101427.25,85.94699
10.258928168006376,43.125,101402.22,93.44306
10.258928168006376,45.0,101456.54,93.26829
10.258928168006376,46.875,101466.16,90.65012
10.258928168006376,48.75,101445.7,90.59202
10.258928168006376,50.625,101440.79,88.647224
10.258928168006376,52.5,101396.12,86.4271
10.258928168006376,54.375,101327.79,88.04488
10.258928168006376,56.25,101280.76,90.55869
10.258928168006376,58.125,101242.95,91.59971
10.258928168006376,60.0,101188.33,93.21167
10.258928168006376,61.875,101174.42,95.90096
10.258928168006376,63.75,101206.44,98.358
10.258928168006376,65.625,101201.76,100.16288
10.258928168006376,67.5,101140.22,101.74804
10.258928168006376,69.375,101097.98,104.48578
10.258928168006376,71.25,101084.56,107.48948
10.258928168006376,73.125,101053.65,108.807396
10.258928168006376,75.0,101061.78,109.760735
10.258928168006376,76.875,101162.96,113.34942
10.258928168006376,78.75,101250.8,114.82481
10.258928168006376,80.625,101222.09,114.19891
10.258928168006376,82.5,101159.86,114.91867
10.258928168006376,84.375,101131.23,116.58086
10.258928168006376,86.25,101117.26,117.859764
10.258928168006376,88.125,101103.48,118.478775
10.258928168006376,90.0,101103.48,118.72703
10.258928168006376,91.875,101110.07,119.3653
10.258928168006376,93.75,101105.9,120.60285
10.258928168006376,95.625,101085.02,120.12471
10.258928168006376,97.5,101068.2,119.535774
10.258928168006376,99.375,101088.68,124.353714
10.258928168006376,101.25,101129.19,132.47127
10.258928168006376,103.125,101129.02,135.05217
10.258928168006376,105.0,101108.69,133.27658
10.258928168006376,106.875,101128.24,133.75774
10.258928168006376,108.75,101167.07,137.19751
10.258928168006376,110.625,101158.58,138.74867
10.258928168006376,112.5,101122.72,138.09378
10.258928168006376,114.375,101091.97,137.17809
10.258928168006376,116.25,101070.09,136.50171
10.258928168006376,118.125,101054.35,136.14537
10.258928168006376,120.0,101041.32,135.0965
10.258928168006376,121.875,101026.11,132.05934
10.258928168006376,123.75,101028.6,127.76198
10.258928168006376,125.625,101044.49,124.22485
10.258928168006376,127.5,101022.46,122.058624
10.258928168006376,129.375,100961.99,120.47078
10.258928168006376,131.25,100918.9,118.546555
10.258928168006376,133.125,100922.68,115.065285
10.258928168006376,135.0,100933.82,110.08439
10.258928168006376,136.875,100924.2,105.283325
10.258928168006376,138.75,100906.94,101.27898
10.258928168006376,140.625,100905.4,97.382965
10.258928168006376,142.5,100910.82,93.09523
10.258928168006376,144.375,100901.28,88.77698
10.258928168006376,146.25,100886.46,85.01951
10.258928168006376,148.125,100895.79,81.77176
10.258928168006376,150.0,100915.77,78.83485
10.258928168006376,151.875,100912.17,76.865486
10.258928168006376,153.75,100906.51,75.71911
10.258928168006376,155.625,100921.74,73.9481
10.258928168006376,157.5,100925.05,71.71295
10.258928168006376,159.375,100911.06,70.315216
10.258928168006376,161.25,100914.09,69.48589
10.258928168006376,163.125,100933.66,68.44114
10.258928168006376,165.0,100935.61,67.61241
10.258928168006376,166.875,100931.58,67.282715
10.258928168006376,168.75,100943.27,66.97053
10.258928168006376,170.625,100948.86,66.465965
10.258928168006376,172.5,100940.18,66.18651
10.258928168006376,174.375,100941.71,66.31299
10.258928168006376,176.25,100956.59,66.44978
10.258928168006376,178.125,100959.18,66.594124
10.258928168006376,180.0,100954.08,67.14007
10.258928168006376,181.875,100963.94,67.51912
10.258928168006376,183.75,100977.1,67.54027
10.258928168006376,185.625,100976.86,68.13173
10.258928168006376,187.5,100979.06,68.98298
10.258928168006376,189.375,100988.46,69.06735
10.258928168006376,191.25,100986.57,69.045494
10.258928168006376,193.125,100984.71,69.41135
10.258928168006376,195.0,100998.67,69.22131
10.258928168006376,196.875,101011.68,68.67583
10.258928168006376,198.75,101009.92,68.76863
10.258928168006376,200.625,101018.36,68.73539
10.258928168006376,202.5,101041.72,67.946304
10.258928168006376,204.375,101054.34,67.59854
10.258928168006376,206.25,101056.26,67.92651
10.258928168006376,208.125,101058.85,67.81975
10.258928168006376,210.0,101073.34,67.488655
10.258928168006376,211.875,101098.66,67.55105
10.258928168006376,213.75,101108.8,67.34319
10.258928168006376,215.625,101102.05,66.770226
10.258928168006376,217.5,101110.64,66.69599
10.258928168006376,219.375,101133.78,66.86681
10.258928168006376,221.25,101142.12,66.600235
10.258928168006376,223.125,101141.11,66.24024
10.258928168006376,225.0,101149.28,66.2612
10.258928168006376,226.875,101153.16,66.474045
10.258928168006376,228.75,101155.46,66.610535
10.258928168006376,230.625,101177.18,66.41918
10.258928168006376,232.5,101202.09,65.85148
10.258928168006376,234.375,101202.35,65.406685
10.258928168006376,236.25,101195.64,65.463554
10.258928168006376,238.125,101203.99,65.62196
10.258928168006376,240.0,101215.04,65.51376
10.258928168006376,241.875,101221.93,65.397125
10.258928168006376,243.75,101233.38,65.62857
10.258928168006376,245.625,101245.46,65.8389
10.258928168006376,247.5,101243.18,65.55056
10.258928168006376,249.375,101234.15,65.05569
10.258928168006376,251.25,101226.81,65.253
10.258928168006376,253.125,101221.41,66.15541
10.258928168006376,255.0,101216.71,66.68766
10.258928168006376,256.875,101218.28,66.48427
10.258928168006376,258.75,101226.18,66.25293
10.258928168006376,260.625,101233.3,66.02496
10.258928168006376,262.5,101225.88,65.33754
10.258928168006376,264.375,101210.12,64.684525
10.258928168006376,266.25,101198.4,64.384865
10.258928168006376,268.125,101182.78,64.19402
10.258928168006376,270.0,101149.96,64.51984
10.258928168006376,271.875,101133.8,64.28473
10.258928168006376,273.75,101183.52,62.300972
10.258928168006376,275.625,101253.82,60.80278
10.258928168006376,277.5,101266.8,60.928596
10.258928168006376,279.375,101233.79,62.617107
10.258928168006376,281.25,101176.62,63.947716
10.258928168006376,283.125,101118.08,65.10922
10.258928168006376,285.0,101114.21,64.47458
10.258928168006376,286.875,101182.64,62.872524
10.258928168006376,288.75,101252.38,67.139114
10.258928168006376,290.625,101295.76,72.792404
10.258928168006376,292.5,101335.57,71.721214
10.258928168006376,294.375,101365.06,67.23822
10.258928168006376,296.25,101388.89,63.586075
10.258928168006376,298.125,101424.56,60.07682
10.258928168006376,300.0,101441.92,55.76393
10.258928168006376,301.875,101417.86,52.18045
10.258928168006376,303.75,101407.9,50.471928
10.258928168006376,305.625,101442.44,50.01218
10.258928168006376,307.5,101458.69,49.516895
10.258928168006376,309.375,101435.08,48.87995
10.258928168006376,311.25,101409.6,49.11844
10.258928168006376,313.125,101411.97,50.519768
10.258928168006376,315.0,101419.22,51.931263
10.258928168006376,316.875,101412.95,52.66812
10.258928168006376,318.75,101402.91,53.600685
10.258928168006376,320.625,101398.6,54.854046
10.258928168006376,322.5,101390.26,55.57416
10.258928168006376,324.375,101374.53,55.817783
10.258928168006376,326.25,101356.19,56.119873
10.258928168006376,328.125,101338.78,56.69516
10.258928168006376,330.0,101320.67,57.548206
10.258928168006376,331.875,101294.62,58.35684
10.258928168006376,333.75,101254.29,58.839375
10.258928168006376,335.625,101218.19,59.395153
10.258928168006376,337.5,101194.71,60.352665
10.258928168006376,339.375,101158.24,61.807007
10.258928168006376,341.25,101106.59,63.52129
10.258928168006376,343.125,101062.84,66.40396
10.258928168006376,345.0,101039.41,71.315315
10.258928168006376,346.875,101065.72,77.03255
10.258928168006376,348.75,101173.93,83.88997
10.258928168006376,350.625,101255.98,91.125626
10.258928168006376,352.5,101203.89,94.88611
10.258928168006376,354.375,101123.88,98.05955
10.258928168006376,356.25,101091.94,104.03571
10.258928168006376,358.125,101082.38,108.277824
12.124187123455766,0.0,101150.08,127.64417
12.124187123455766,1.875,101159.5,134.85095
12.124187123455766,3.75,101167.7,136.82622
12.124187123455766,5.625,101193.78,134.78168
12.124187123455766,7.5,101274.9,137.74467
12.124187123455766,9.375,101316.4,145.76524
12.124187123455766,11.25,101269.93,154.00737
12.124187123455766,13.125,101210.72,159.84996
12.124187123455766,15.0,101177.22,157.45871
12.124187123455766,16.875,101140.5,147.32748
12.124187123455766,18.75,101070.63,139.26285
12.124187123455766,20.625,101023.92,136.11197
12.124187123455766,22.5,101103.72,135.93068
12.124187123455766,24.375,101269.04,143.29228
12.124187123455766,26.25,101290.81,152.27089
12.124187123455766,28.125,101177.44,147.52223
12.124187123455766,30.0,101095.45,139.81522
12.124187123455766,31.875,101003.22,140.54189
12.124187123455766,33.75,100874.28,131.39693
12.124187123455766,35.625,100866.04,102.37976
12.124187123455766,37.5,101254.96,73.41846
12.124187123455766,39.375,101536.43,80.16769
12.124187123455766,41.25,101415.6,85.541046
12.124187123455766,43.125,101397.85,90.01262
12.124187123455766,45.0,101441.84,90.171295
12.124187123455766,46.875,101471.3,89.60718
12.124187123455766,48.75,101484.87,91.54269
12.124187123455766,50.625,101495.52,91.73507
12.124187123455766,52.5,101433.37,90.773315
12.124187123455766,54.375,101349.33,92.031685
12.124187123455766,56.25,101323.22,93.17906
12.124187123455766,58.125,101314.77,93.23249
12.124187123455766,60.0,101292.6,94.57225
12.124187123455766,61.875,101288.71,96.78087
12.124187123455766,63.75,101277.96,98.763084
12.124187123455766,65.625,101197.08,101.07211
12.124187123455766,67.5,101117.88,103.385605
12.124187123455766,69.375,101111.1,105.79946
12.124187123455766,71.25,101116.87,108.719955
12.124187123455766,73.125,101097.83,110.00693
12.124187123455766,75.0,101142.36,109.34076
12.124187123455766,76.875,101279.02,114.22405
12.124187123455766,78.75,101294.98,118.07656
12.124187123455766,80.625,101189.78,119.3092
12.124187123455766,82.5,101144.03,118.53902
12.124187123455766,84.375,101159.46,117.762024
12.124187123455766,86.25,101161.7,119.32939
12.124187123455766,88.125,101134.4,121.881454
12.124187123455766,90.0,101107.7,123.10523
12.124187123455766,91.875,101099.08,123.57345
12.124187123455766,93.75,101107.82,124.027214
12.124187123455766,95.625,101110.68,123.43519
12.124187123455766,97.5,101117.4,123.894646
12.124187123455766,99.375,101161.2,130.28374
12.124187123455766,101.25,101209.78,138.70876
12.124187123455766,103.125,101199.9,139.4008
12.124187123455766,105.0,101200.24,136.43568
12.124187123455766,106.875,101273.47,136.12303
12.124187123455766,108.75,101318.2,137.38132
12.124187123455766,110.625,101253.67,137.64594
12.124187123455766,112.5,101204.92,137.01302
12.124187123455766,114.375,101201.1,135.64311
12.124187123455766,116.25,101168.87,134.18451
12.124187123455766,118.125,101119.5,133.62416
12.124187123455766,120.0,101127.08,132.75177
12.124187123455766,121.875,101161.4,129.51219
12.124187123455766,123.75,101144.92,125.51188
12.124187123455766,125.625,101096.08,123.11089
12.124187123455766,127.5,101070.96,121.45693
12.124187123455766,129.375,101067.93,118.96496
12.124187123455766,131.25,101049.05,116.21127
12.124187123455766,133.125,101017.7,113.87902
12.124187123455766,135.0,101008.96,110.88449
12.124187123455766,136.875,101018.15,106.67736
12.124187123455766,138.75,101009.28,102.56353
12.124187123455766,140.625,100988.93,99.18093
12.124187123455766,142.5,100990.2,95.48193
12.124187123455766,144.375,101002.42,91.000496
12.124187123455766,146.25,100999.49,87.2548
12.124187123455766,148.125,100996.03,84.962654
12.124187123455766,150.0,101008.34,82.89653
12.124187123455766,151.875,101014.08,80.78786
12.124187123455766,153.75,101002.94,79.38179
12.124187123455766,155.625,101001.76,77.979034
12.124187123455766,157.5,101015.84,75.90218
12.124187123455766,159.375,101020.32,74.407196
12.124187123455766,161.25,101014.18,73.96226
12.124187123455766,163.125,101015.94,73.26973
12.124187123455766,165.0,101020.27,72.07706
12.124187123455766,166.875,101016.44,71.67054
12.124187123455766,168.75,101021.74,71.96366
12.124187123455766,170.625,101036.52,71.74953
12.124187123455766,172.5,101034.6,71.540855
12.124187123455766,174.375,101026.26,72.320015
12.124187123455766,176.25,101039.57,72.87095
12.124187123455766,178.125,101056.77,72.601234
12.124187123455766,180.0,101052.28,73.12244
12.124187123455766,181.875,101048.78,74.330986
12.124187123455766,183.75,101059.41,74.65472
12.124187123455766,185.625,101061.8,75.0243
12.124187123455766,187.5,101062.0,76.497154
12.124187123455766,189.375,101072.56,77.424484
12.124187123455766,191.25,101070.83,77.2313
12.124187123455766,193.125,101064.66,77.30184
12.124187123455766,195.0,101083.54,77.52463
12.124187123455766,196.875,101108.4,76.76807
12.124187123455766,198.75,101112.18,75.70476
12.124187123455766,200.625,101109.75,75.21803
12.124187123455766,202.5,101120.4,74.759026
12.124187123455766,204.375,101135.21,73.9549
12.124187123455766,206.25,101147.36,73.44547
12.124187123455766,208.125,101153.98,73.09163
12.124187123455766,210.0,101156.02,72.46281
12.124187123455766,211.875,101174.26,72.01393
12.124187123455766,213.75,101198.88,71.64151
12.124187123455766,215.625,101199.91,70.89629
12.124187123455766,217.5,101193.94,70.63531
12.124187123455766,219.375,101201.41,71.22389
12.124187123455766,221.25,101216.23,71.19532
12.124187123455766,223.125,101238.7,70.13139
12.124187123455766,225.0,101263.48,69.67938
12.124187123455766,226.875,101257.06,70.304634
12.124187123455766,228.75,101236.12,70.45631
12.124187123455766,230.625,101242.06,69.49929
12.124187123455766,232.5,101261.14,68.587204
12.124187123455766,234.375,101267.08,68.03951
12.124187123455766,236.25,101282.2,67.012085
12.124187123455766,238.125,101303.02,65.841194
12.124187123455766,240.0,101298.12,65.765755
12.124187123455766,241.875,101278.84,66.38049
12.124187123455766,243.75,101273.98,66.36828
12.124187123455766,245.625,101281.34,65.83496
12.124187123455766,247.5,101288.82,65.61323
12.124187123455766,249.375,101296.33,66.13372
12.124187123455766,251.25,101294.47,66.78746
12.124187123455766,253.125,101290.04,66.95787
12.124187123455766,255.0,101293.51,67.079704
12.124187123455766,256.875,101290.77,68.18536
12.124187123455766,258.75,101277.96,69.80618
12.124187123455766,260.625,101278.34,70.64551
12.124187123455766,262.5,101270.44,69.79123
12.124187123455766,264.375,101234.09,68.01391
12.124187123455766,266.25,101214.0,66.11237
12.124187123455766,268.125,101218.13,64.560005
12.124187123455766,270.0,101202.7,64.59764
12.124187123455766,271.875,101196.32,65.09489
12.124187123455766,273.75,101283.98,64.83339
12.124187123455766,275.625,101378.83,63.799923
12.124187123455766,277.5,101356.2,61.477173
12.124187123455766,279.375,101291.58,61.195923
12.124187123455766,281.25,101265.55,61.416515
12.124187123455766,283.125,101252.34,61.65855
12.124187123455766,285.0,101249.42,63.498463
12.124187123455766,286.875,101297.9,66.89218
12.124187123455766,288.75,101378.54,70.2697
12.124187123455766,290.625,101442.84,71.14603
12.124187123455766,292.5,101477.43,69.47218
12.124187123455766,294.375,101490.44,66.18397
12.124187123455766,296.25,101498.96,62.417717
12.124187123455766,298.125,101516.99,59.22344
12.124187123455766,300.0,101524.74,56.548534
12.124187123455766,301.875,101518.64,54.273315
12.124187123455766,303.75,101525.32,53.007996
12.124187123455766,305.625,101532.94,52.19409
12.124187123455766,307.5,101514.18,51.122334
12.124187123455766,309.375,101496.44,50.89548
12.124187123455766,311.25,101506.6,52.21912
12.124187123455766,313.125,101518.49,53.4265
12.124187123455766,315.0,101509.05,53.59947
12.124187123455766,316.875,101498.72,54.207745
12.124187123455766,318.75,101499.14,55.646175
12.124187123455766,320.625,101496.8,56.646927
12.124187123455766,322.5,101485.1,56.9629
12.124187123455766,324.375,101469.41,57.533413
12.124187123455766,326.25,101456.3,58.210964
12.124187123455766,328.125,101439.61,58.594875
12.124187123455766,330.0,101415.66,59.128796
12.124187123455766,331.875,101383.12,59.813354
12.124187123455766,333.75,101350.69,60.147038
12.124187123455766,335.625,101317.09,60.55561
12.124187123455766,337.5,101269.67,61.57097
12.124187123455766,339.375,101211.64,62.80797
12.124187123455766,341.25,101158.25,63.611557
12.124187123455766,343.125,101096.0,66.35006
12.124187123455766,345.0,101035.86,74.94727
12.124187123455766,346.875,101052.44,87.76988
12.124187123455766,348.75,101157.25,97.7319
12.124187123455766,350.625,101221.34,102.011
12.124187123455766,352.5,101196.56,104.39166
12.124187123455766,354.375,101177.96,108.60306
12.124187123455766,356.25,101183.64,115.11743
12.124187123455766,358.125,101166.92,121.218025
13.989445712356673,0.0,101264.57,140.12444
13.989445712356673,1.875,101286.34,147.43602
13.989445712356673,3.75,101285.16,150.21167
13.989445712356673,5.625,101307.98,152.34187
13.989445712356673,7.5,101389.88,156.7308
13.989445712356673,9.375,101430.38,159.78079
13.989445712356673,11.25,101396.15,162.52412
13.989445712356673,13.125,101363.04,167.2508
13.989445712356673,15.0,101345.93,169.63783
13.989445712356673,16.875,101301.28,166.75966
13.989445712356673,18.75,101222.82,160.67453
13.989445712356673,20.625,101194.89,150.43398
13.989445712356673,22.5,101319.82,143.588
13.989445712356673,24.375,101513.51,150.2902
13.989445712356673,26.25,101492.5,160.41904
13.989445712356673,28.125,101379.66,156.63046
13.989445712356673,30.0,101316.14,147.39426
13.989445712356673,31.875,101158.74,145.07513
13.989445712356673,33.75,100951.23,138.13919
13.989445712356673,35.625,100930.94,116.6866
13.989445712356673,37.5,101276.86,92.21262
13.989445712356673,39.375,101456.3,87.772804
13.989445712356673,41.25,101348.64,86.14239
13.989445712356673,43.125,101351.92,85.49737
13.989445712356673,45.0,101499.44,89.87762
13.989445712356673,46.875,101585.57,90.904755
13.989445712356673,48.75,101564.65,91.34648
13.989445712356673,50.625,101529.66,92.80512
13.989445712356673,52.5,101465.1,93.20813
13.989445712356673,54.375,101427.65,93.61373
13.989445712356673,56.25,101441.64,92.9894
13.989445712356673,58.125,101433.62,92.75234
13.989445712356673,60.0,101379.64,94.57707
13.989445712356673,61.875,101328.64,96.63984
13.989445712356673,63.75,101274.28,98.821075
13.989445712356673,65.625,101213.44,101.881
13.989445712356673,67.5,101204.55,104.00861
13.989445712356673,69.375,101213.98,104.92001
13.989445712356673,71.25,101159.14,107.05284
13.989445712356673,73.125,101090.1,108.75264
13.989445712356673,75.0,101130.22,110.02526
13.989445712356673,76.875,101259.64,118.27008
13.989445712356673,78.75,101273.63,122.771736
13.989445712356673,80.625,101250.46,123.41617
13.989445712356673,82.5,101272.86,120.343124
13.989445712356673,84.375,101282.91,119.11609
13.989445712356673,86.25,101263.04,122.251465
13.989445712356673,88.125,101254.89,125.31593
13.989445712356673,90.0,101252.54,126.12878
13.989445712356673,91.875,101232.77,127.363304
13.989445712356673,93.75,101216.52,130.05086
13.989445712356673,95.625,101199.82,132.16588
13.989445712356673,97.5,101185.05,135.16234
13.989445712356673,99.375,101209.91,144.08977
13.989445712356673,101.25,101245.87,153.69885
13.989445712356673,103.125,101238.86,154.5205
13.989445712356673,105.0,101270.49,152.48018
13.989445712356673,106.875,101396.18,152.62743
13.989445712356673,108.75,101458.18,148.54501
13.989445712356673,110.625,101360.78,141.8905
13.989445712356673,112.5,101270.62,137.82217
13.989445712356673,114.375,101267.22,135.55634
13.989445712356673,116.25,101261.9,133.16653
13.989445712356673,118.125,101213.3,130.75505
13.989445712356673,120.0,101213.69,128.29454
13.989445712356673,121.875,101273.62,125.24
13.989445712356673,123.75,101284.64,122.32809
13.989445712356673,125.625,101224.86,120.88142
13.989445712356673,127.5,101174.89,119.608955
13.989445712356673,129.375,101179.19,116.98706
13.989445712356673,131.25,101185.3,113.659325
13.989445712356673,133.125,101154.41,110.97309
13.989445712356673,135.0,101123.1,108.693565
13.989445712356673,136.875,101124.62,105.86021
13.989445712356673,138.75,101130.52,102.38245
13.989445712356673,140.625,101115.12,99.24748
13.989445712356673,142.5,101104.87,96.5332
13.989445712356673,144.375,101118.66,93.517975
13.989445712356673,146.25,101125.18,90.70481
13.989445712356673,148.125,101108.81,88.92446
13.989445712356673,150.0,101101.88,87.373375
13.989445712356673,151.875,101118.21,85.11425
13.989445712356673,153.75,101121.12,83.000755
13.989445712356673,155.625,101107.83,81.78369
13.989445712356673,157.5,101114.82,80.946724
13.989445712356673,159.375,101134.34,80.26493
13.989445712356673,161.25,101128.69,79.93521
13.989445712356673,163.125,101120.04,79.678055
13.989445712356673,165.0,101131.22,79.118195
13.989445712356673,166.875,101133.03,78.82979
13.989445712356673,168.75,101121.73,79.08659
13.989445712356673,170.625,101132.81,79.31768
13.989445712356673,172.5,101150.16,79.716805
13.989445712356673,174.375,101141.9,80.759895
13.989445712356673,176.25,101137.42,81.37064
13.989445712356673,178.125,101149.63,81.21869
13.989445712356673,180.0,101148.85,81.99094
13.989445712356673,181.875,101142.54,83.62558
13.989445712356673,183.75,101150.0,84.345795
13.989445712356673,185.625,101151.1,84.94825
13.989445712356673,187.5,101148.39,86.95599
13.989445712356673,189.375,101163.05,88.580246
13.989445712356673,191.25,101181.92,88.49923
13.989445712356673,193.125,101182.9,88.52005
13.989445712356673,195.0,101181.25,89.16272
13.989445712356673,196.875,101187.66,88.365
13.989445712356673,198.75,101194.62,86.34617
13.989445712356673,200.625,101201.71,85.3511
13.989445712356673,202.5,101202.36,85.08414
13.989445712356673,204.375,101203.34,83.96953
13.989445712356673,206.25,101226.81,82.787865
13.989445712356673,208.125,101252.36,82.22633
13.989445712356673,210.0,101249.92,81.19122
13.989445712356673,211.875,101245.4,80.00813
13.989445712356673,213.75,101263.77,79.64012
13.989445712356673,215.625,101287.38,79.29485
13.989445712356673,217.5,101303.56,78.7538
13.989445712356673,219.375,101312.84,78.64658
13.989445712356673,221.25,101311.1,78.48177
13.989445712356673,223.125,101315.27,77.78067
13.989445712356673,225.0,101335.96,77.197495
13.989445712356673,226.875,101352.14,76.92155
13.989445712356673,228.75,101362.74,76.28715
13.989445712356673,230.625,101372.14,75.31651
13.989445712356673,232.5,101367.24,74.37888
13.989445712356673,234.375,101354.57,73.01362
13.989445712356673,236.25,101363.4,70.844696
13.989445712356673,238.125,101373.34,69.14748
13.989445712356673,240.0,101362.27,68.6359
13.989445712356673,241.875,101359.08,67.92687
13.989445712356673,243.75,101366.78,66.59079
13.989445712356673,245.625,101353.56,66.115295
13.989445712356673,247.5,101341.92,67.40307
13.989445712356673,249.375,101352.4,69.316376
13.989445712356673,251.25,101352.24,69.812386
13.989445712356673,253.125,101341.41,69.556015
13.989445712356673,255.0,101348.1,71.690834
13.989445712356673,256.875,101341.26,75.65786
13.989445712356673,258.75,101309.75,77.45098
13.989445712356673,260.625,101304.08,78.015785
13.989445712356673,262.5,101313.09,79.64144
13.989445712356673,264.375,101286.11,80.15959
13.989445712356673,266.25,101276.7,76.763626
13.989445712356673,268.125,101353.96,75.13502
13.989445712356673,270.0,101421.08,78.79827
13.989445712356673,271.875,101427.58,79.971466
13.989445712356673,273.75,101467.5,76.9708
13.989445712356673,275.625,101502.41,71.37302
13.989445712356673,277.5,101451.25,66.305405
13.989445712356673,279.375,101382.88,62.935017
13.989445712356673,281.25,101371.27,61.677868
13.989445712356673,283.125,101392.6,62.655354
13.989445712356673,285.0,101401.4,66.00548
13.989445712356673,286.875,101418.26,69.63037
13.989445712356673,288.75,101450.52,71.48263
13.989445712356673,290.625,101483.42,71.53992
13.989445712356673,292.5,101521.48,70.67204
13.989445712356673,294.375,101556.78,68.4224
13.989445712356673,296.25,101578.42,64.87408
13.989445712356673,298.125,101593.32,62.1396
13.989445712356673,300.0,101606.07,60.523724
13.989445712356673,301.875,101618.08,58.524452
13.989445712356673,303.75,101623.66,56.261257
13.989445712356673,305.625,101608.86,54.823975
13.989445712356673,307.5,101591.69,54.406013
13.989445712356673,309.375,101608.89,55.072308
13.989445712356673,311.25,101637.01,56.063065
13.989445712356673,313.125,101628.6,56.254402
13.989445712356673,315.0,101602.49,56.572823
13.989445712356673,316.875,101599.61,58.09118
13.989445712356673,318.75,101605.67,59.705044
13.989445712356673,320.625,101597.69,60.250156
13.989445712356673,322.5,101584.58,60.667778
13.989445712356673,324.375,101576.72,61.604504
13.989445712356673,326.25,101564.32,62.285454
13.989445712356673,328.125,101543.05,62.473904
13.989445712356673,330.0,101514.28,62.80863
13.989445712356673,331.875,101485.86,63.28113
13.989445712356673,333.75,101462.52,63.426186
13.989445712356673,335.625,101428.54,63.571877
13.989445712356673,337.5,101368.7,64.43556
13.989445712356673,339.375,101309.32,65.765236
13.989445712356673,341.25,101262.3,67.42086
13.989445712356673,343.125,101191.96,72.97072
13.989445712356673,345.0,101121.48,86.41684
13.989445712356673,346.875,101130.6,101.99542
13.989445712356673,348.75,101202.7,111.1973
13.989445712356673,350.625,101240.71,114.25323
13.989445712356673,352.5,101246.31,116.0463
13.989445712356673,354.375,101277.47,118.31311
13.989445712356673,356.25,101290.04,122.59583
13.989445712356673,358.125,101264.39,130.43117
15.854703869694873,0.0,101405.4,152.0796
15.854703869694873,1.875,101428.02,158.97076
15.854703869694873,3.75,101404.58,163.03487
15.854703869694873,5.625,101421.02,167.6699
15.854703869694873,7.5,101502.36,171.01227
15.854703869694873,9.375,101546.36,169.72112
15.854703869694873,11.25,101534.08,169.15596
15.854703869694873,13.125,101521.74,174.78844
15.854703869694873,15.0,101495.04,183.07542
15.854703869694873,16.875,101440.62,188.25977
15.854703869694873,18.75,101389.74,186.34587
15.854703869694873,20.625,101396.24,175.08536
15.854703869694873,22.5,101526.0,164.16516
15.854703869694873,24.375,101686.5,151.59225
15.854703869694873,26.25,101691.83,164.49077
15.854703869694873,28.125,101608.09,166.52432
15.854703869694873,30.0,101514.22,161.29831
15.854703869694873,31.875,101311.44,156.33891
15.854703869694873,33.75,101118.62,145.9635
15.854703869694873,35.625,101129.9,126.92638
15.854703869694873,37.5,101307.41,110.10463
15.854703869694873,39.375,101312.36,102.406166
15.854703869694873,41.25,101261.4,93.51813
15.854703869694873,43.125,101362.66,88.44865
15.854703869694873,45.0,101676.76,109.51003
15.854703869694873,46.875,101747.85,111.548325
15.854703869694873,48.75,101648.66,104.07933
15.854703869694873,50.625,101594.9,97.45446
15.854703869694873,52.5,101572.37,94.07493
15.854703869694873,54.375,101560.19,92.90729
15.854703869694873,56.25,101532.06,92.585976
15.854703869694873,58.125,101467.01,93.33945
15.854703869694873,60.0,101402.53,94.96642
15.854703869694873,61.875,101374.94,96.32383
15.854703869694873,63.75,101354.53,98.238434
15.854703869694873,65.625,101336.64,100.776794
15.854703869694873,67.5,101318.88,101.84724
15.854703869694873,69.375,101242.94,102.52434
15.854703869694873,71.25,101116.28,105.51972
15.854703869694873,73.125,101075.85,108.56009
15.854703869694873,75.0,101189.23,112.7808
15.854703869694873,76.875,101321.06,121.6032
15.854703869694873,78.75,101354.44,126.83086
15.854703869694873,80.625,101366.57,126.95021
15.854703869694873,82.5,101353.26,125.26667
15.854703869694873,84.375,101278.5,127.60332
15.854703869694873,86.25,101222.02,130.59888
15.854703869694873,88.125,101247.26,129.23769
15.854703869694873,90.0,101276.27,128.1189
15.854703869694873,91.875,101249.14,131.47986
15.854703869694873,93.75,101220.66,136.22998
15.854703869694873,95.625,101220.54,140.38402
15.854703869694873,97.5,101248.0,147.3398
15.854703869694873,99.375,101307.27,160.42775
15.854703869694873,101.25,101359.62,171.67136
15.854703869694873,103.125,101363.52,173.97873
15.854703869694873,105.0,101375.55,173.62598
15.854703869694873,106.875,101455.14,172.61023
15.854703869694873,108.75,101503.04,164.59273
15.854703869694873,110.625,101447.0,152.41856
15.854703869694873,112.5,101364.19,142.61935
15.854703869694873,114.375,101337.23,137.59908
15.854703869694873,116.25,101344.06,134.47418
15.854703869694873,118.125,101341.73,130.6823
15.854703869694873,120.0,101351.75,127.52444
15.854703869694873,121.875,101392.14,125.81369
15.854703869694873,123.75,101404.06,123.859795
15.854703869694873,125.625,101370.16,120.68023
15.854703869694873,127.5,101320.78,117.35303
15.854703869694873,129.375,101295.81,114.55424
15.854703869694873,131.25,101293.06,111.98694
15.854703869694873,133.125,101287.89,108.980286
15.854703869694873,135.0,101270.85,106.18533
15.854703869694873,136.875,101256.46,104.17293
15.854703869694873,138.75,101258.58,101.85869
15.854703869694873,140.625,101258.12,99.13668
15.854703869694873,142.5,101240.62,97.18932
15.854703869694873,144.375,101230.24,95.76524
15.854703869694873,146.25,101238.62,93.81711
15.854703869694873,148.125,101234.03,91.93427
15.854703869694873,150.0,101218.04,90.74249
15.854703869694873,151.875,101227.9,89.54512
15.854703869694873,153.75,101244.29,88.18951
15.854703869694873,155.625,101232.87,87.60593
15.854703869694873,157.5,101224.97,87.77336
15.854703869694873,159.375,101239.3,87.69545
15.854703869694873,161.25,101236.77,87.51446
15.854703869694873,163.125,101226.64,87.971886
15.854703869694873,165.0,101244.14,88.73877
15.854703869694873,166.875,101256.95,89.07212
15.854703869694873,168.75,101237.56,89.41931
15.854703869694873,170.625,101232.94,90.17286
15.854703869694873,172.5,101251.66,90.848976
15.854703869694873,174.375,101250.48,91.44911
15.854703869694873,176.25,101238.04,92.326515
15.854703869694873,178.125,101244.01,93.327065
15.854703869694873,180.0,101249.8,94.438126
15.854703869694873,181.875,101248.32,95.94072
15.854703869694873,183.75,101257.73,97.3856
15.854703869694873,185.625,101264.12,98.63842
15.854703869694873,187.5,101255.12,100.44418
15.854703869694873,189.375,101252.2,102.32102
15.854703869694873,191.25,101265.45,102.85622
15.854703869694873,193.125,101271.39,102.45505
15.854703869694873,195.0,101265.24,102.28409
15.854703869694873,196.875,101259.86,101.78172
15.854703869694873,198.75,101270.02,100.49788
15.854703869694873,200.625,101297.29,99.5294
15.854703869694873,202.5,101313.96,98.77697
15.854703869694873,204.375,101311.08,97.40358
15.854703869694873,206.25,101321.5,96.61666
15.854703869694873,208.125,101348.71,96.75673
15.854703869694873,210.0,101365.44,95.72859
15.854703869694873,211.875,101369.28,93.879745
15.854703869694873,213.75,101376.43,93.41757
15.854703869694873,215.625,101389.28,93.60613
15.854703869694873,217.5,101410.57,92.59401
15.854703869694873,219.375,101431.25,91.021675
15.854703869694873,221.25,101433.66,90.33729
15.854703869694873,223.125,101423.13,90.31688
15.854703869694873,225.0,101421.15,89.51548
15.854703869694873,226.875,101433.89,87.579704
15.854703869694873,228.75,101458.05,85.91502
15.854703869694873,230.625,101478.7,84.98717
15.854703869694873,232.5,101477.6,83.371
15.854703869694873,234.375,101469.58,80.54433
15.854703869694873,236.25,101471.94,77.746925
15.854703869694873,238.125,101458.9,75.713615
15.854703869694873,240.0,101441.44,73.44148
15.854703869694873,241.875,101460.61,70.55293
15.854703869694873,243.75,101476.09,68.95376
15.854703869694873,245.625,101445.07,69.818855
15.854703869694873,247.5,101420.41,71.44414
15.854703869694873,249.375,101424.37,72.47091
15.854703869694873,251.25,101399.18,73.21155
15.854703869694873,253.125,101356.36,75.89242
15.854703869694873,255.0,101356.3,81.985756
15.854703869694873,256.875,101364.27,84.66668
15.854703869694873,258.75,101348.4,80.27671
15.854703869694873,260.625,101379.6,78.55747
15.854703869694873,262.5,101456.56,93.37647
15.854703869694873,264.375,101436.76,110.754776
15.854703869694873,266.25,101415.83,116.681725
15.854703869694873,268.125,101517.98,116.66534
15.854703869694873,270.0,101628.26,116.04343
15.854703869694873,271.875,101606.7,104.576706
15.854703869694873,273.75,101571.1,89.61337
15.854703869694873,275.625,101556.08,78.81378
15.854703869694873,277.5,101517.73,73.23051
15.854703869694873,279.375,101483.3,69.72421
15.854703869694873,281.25,101484.82,68.570244
15.854703869694873,283.125,101498.4,69.27963
15.854703869694873,285.0,101508.48,70.32118
15.854703869694873,286.875,101534.12,71.61483
15.854703869694873,288.75,101560.95,73.15428
15.854703869694873,290.625,101576.76,73.98427
15.854703869694873,292.5,101603.01,73.9289
15.854703869694873,294.375,101636.3,72.918686
15.854703869694873,296.25,101656.61,70.83073
15.854703869694873,298.125,101665.74,68.69569
15.854703869694873,300.0,101671.92,66.89859
15.854703869694873,301.875,101681.17,64.85388
15.854703869694873,303.75,101695.61,63.04915
15.854703869694873,305.625,101708.15,62.268833
15.854703869694873,307.5,101721.18,62.040226
15.854703869694873,309.375,101738.46,61.66447
15.854703869694873,311.25,101735.92,61.283485
15.854703869694873,313.125,101713.28,61.74778
15.854703869694873,315.0,101707.51,63.33105
15.854703869694873,316.875,101725.66,64.916405
15.854703869694873,318.75,101724.36,65.57291
15.854703869694873,320.625,101707.4,66.33772
15.854703869694873,322.5,101700.46,67.69861
15.854703869694873,324.375,101697.72,68.539894
15.854703869694873,326.25,101678.55,68.68422
15.854703869694873,328.125,101656.44,69.06319
15.854703869694873,330.0,101633.2,69.59829
15.854703869694873,331.875,101602.49,69.56602
15.854703869694873,333.75,101569.28,69.24496
15.854703869694873,335.625,101530.99,69.21602
15.854703869694873,337.5,101481.66,69.62847
15.854703869694873,339.375,101433.71,70.783745
15.854703869694873,341.25,101384.1,74.14901
15.854703869694873,343.125,101307.95,83.25925
15.854703869694873,345.0,101255.76,98.29325
15.854703869694873,346.875,101273.91,113.08902
15.854703869694873,348.75,101325.02,122.90876
15.854703869694873,350.625,101353.74,127.38117
15.854703869694873,352.5,101383.82,129.26286
15.854703869694873,354.375,101422.76,129.91774
15.854703869694873,356.25,101410.43,133.13007
15.854703869694873,358.125,101381.64,141.84372
17.719961526447428,0.0,101558.88,164.78001
17.719961526447428,1.875,101594.25,176.09358
17.719961526447428,3.75,101583.9,183.7675
17.719961526447428,5.625,101602.99,186.93095
17.719961526447428,7.5,101672.08,186.44234
17.719961526447428,9.375,101718.9,184.83923
17.719961526447428,11.25,101707.86,185.18643
17.719961526447428,13.125,101660.8,187.28156
17.719961526447428,15.0,101602.59,190.44553
17.719961526447428,16.875,101575.95,195.10199
17.719961526447428,18.75,101601.86,198.85123
17.719961526447428,20.625,101638.88,196.38852
17.719961526447428,22.5,101695.18,187.61693
17.719961526447428,24.375,101780.64,173.92215
17.719961526447428,26.25,101802.23,172.11328
17.719961526447428,28.125,101728.5,174.71346
17.719961526447428,30.0,101595.89,174.15063
17.719961526447428,31.875,101438.38,165.95493
17.719961526447428,33.75,101345.31,146.89984
17.719961526447428,35.625,101358.28,124.249176
17.719961526447428,37.5,101352.35,111.66778
17.719961526447428,39.375,101283.43,106.46695
17.719961526447428,41.25,101283.58,96.53034
17.719961526447428,43.125,101486.07,105.71496
17.719961526447428,45.0,101737.2,132.4652
17.719961526447428,46.875,101720.34,152.98926
17.719961526447428,48.75,101645.77,145.39099
17.719961526447428,50.625,101664.95,127.81742
17.719961526447428,52.5,101680.41,111.55726
17.719961526447428,54.375,101620.4,102.004684
17.719961526447428,56.25,101527.8,98.775894
17.719961526447428,58.125,101466.83,97.73448
17.719961526447428,60.0,101473.8,96.910805
17.719961526447428,61.875,101491.21,96.45774
17.719961526447428,63.75,101454.14,97.55353
17.719961526447428,65.625,101382.86,99.26397
17.719961526447428,67.5,101299.07,100.21665
17.719961526447428,69.375,101198.94,101.651276
17.719961526447428,71.25,101145.42,103.69024
17.719961526447428,73.125,101211.13,104.51877
17.719961526447428,75.0,101352.36,108.727875
17.719961526447428,76.875,101388.39,119.74062
17.719961526447428,78.75,101331.4,126.68891
17.719961526447428,80.625,101302.74,127.086754
17.719961526447428,82.5,101281.58,131.16342
17.719961526447428,84.375,101236.52,140.10834
17.719961526447428,86.25,101227.08,141.48691
17.719961526447428,88.125,101243.21,136.38228
17.719961526447428,90.0,101222.94,135.59917
17.719961526447428,91.875,101167.56,138.98499
17.719961526447428,93.75,101151.72,138.51859
17.719961526447428,95.625,101191.8,138.11969
17.719961526447428,97.5,101280.96,148.45607
17.719961526447428,99.375,101381.74,169.6745
17.719961526447428,101.25,101460.58,186.98962
17.719961526447428,103.125,101517.03,194.60652
17.719961526447428,105.0,101545.52,197.86584
17.719961526447428,106.875,101544.6,194.81107
17.719961526447428,108.75,101533.54,183.34735
17.719961526447428,110.625,101530.46,168.61086
17.719961526447428,112.5,101516.93,155.60457
17.719961526447428,114.375,101474.63,147.31177
17.719961526447428,116.25,101436.56,142.34071
17.719961526447428,118.125,101446.02,137.77414
17.719961526447428,120.0,101494.89,133.84683
17.719961526447428,121.875,101526.88,132.25046
17.719961526447428,123.75,101515.68,130.03667
17.719961526447428,125.625,101493.64,124.553955
17.719961526447428,127.5,101477.17,117.95377
17.719961526447428,129.375,101447.41,113.78269
17.719961526447428,131.25,101416.43,111.695175
17.719961526447428,133.125,101414.98,108.787415
17.719961526447428,135.0,101420.97,105.34448
17.719961526447428,136.875,101396.76,103.427986
17.719961526447428,138.75,101376.85,102.20435
17.719961526447428,140.625,101383.57,100.249306
17.719961526447428,142.5,101375.3,98.64393
17.719961526447428,144.375,101347.09,97.848305
17.719961526447428,146.25,101346.52,96.76123
17.719961526447428,148.125,101360.96,95.66263
17.719961526447428,150.0,101346.89,95.69194
17.719961526447428,151.875,101335.9,96.43097
17.719961526447428,153.75,101350.3,96.928986
17.719961526447428,155.625,101350.22,97.506714
17.719961526447428,157.5,101337.31,98.37587
17.719961526447428,159.375,101343.84,98.93047
17.719961526447428,161.25,101346.38,99.28048
17.719961526447428,163.125,101330.06,100.36515
17.719961526447428,165.0,101331.57,101.78326
17.719961526447428,166.875,101346.88,102.67647
17.719961526447428,168.75,101340.85,103.866135
17.719961526447428,170.625,101330.51,105.72725
17.719961526447428,172.5,101340.7,106.56535
17.719961526447428,174.375,101345.25,106.50058
17.719961526447428,176.25,101341.22,107.86197
17.719961526447428,178.125,101350.94,110.06847
17.719961526447428,180.0,101356.43,111.11374
17.719961526447428,181.875,101350.25,112.36414
17.719961526447428,183.75,101352.27,115.05807
17.719961526447428,185.625,101362.5,116.91558
17.719961526447428,187.5,101363.03,117.59659
17.719961526447428,189.375,101353.07,119.51129
17.719961526447428,191.25,101346.7,121.70018
17.719961526447428,193.125,101354.71,121.3303
17.719961526447428,195.0,101373.99,119.8973
17.719961526447428,196.875,101385.59,119.769714
17.719961526447428,198.75,101384.13,119.64189
17.719961526447428,200.625,101397.03,118.32297
17.719961526447428,202.5,101423.81,117.0252
17.719961526447428,204.375,101440.42,116.74023
17.719961526447428,206.25,101439.33,117.224556
17.719961526447428,208.125,101442.85,117.482704
17.719961526447428,210.0,101463.25,116.49298
17.719961526447428,211.875,101492.04,114.85496
17.719961526447428,213.75,101510.13,114.10858
17.719961526447428,215.625,101507.32,113.85601
17.719961526447428,217.5,101506.13,112.811554
17.719961526447428,219.375,101526.11,111.151726
17.719961526447428,221.25,101553.73,109.97222
17.719961526447428,223.125,101572.87,109.064735
17.719961526447428,225.0,101580.25,107.0294
17.719961526447428,226.875,101575.51,104.06887
17.719961526447428,228.75,101569.69,101.65767
17.719961526447428,230.625,101572.19,99.29255
17.719961526447428,232.5,101579.8,95.34033
17.719961526447428,234.375,101597.72,90.93282
17.719961526447428,236.25,101611.73,87.584404
17.719961526447428,238.125,101595.14,84.024895
17.719961526447428,240.0,101566.61,79.39316
17.719961526447428,241.875,101558.17,75.67476
17.719961526447428,243.75,101537.7,74.51079
17.719961526447428,245.625,101495.46,74.50173
17.719961526447428,247.5,101487.92,74.4137
17.719961526447428,249.375,101498.72,75.55464
17.719961526447428,251.25,101458.51,78.80585
17.719961526447428,253.125,101411.34,84.2552
17.719961526447428,255.0,101424.74,89.090744
17.719961526447428,256.875,101445.3,85.690956
17.719961526447428,258.75,101490.78,78.77349
17.719961526447428,260.625,101710.82,101.23247
17.719961526447428,262.5,101823.43,127.56339
17.719961526447428,264.375,101677.32,167.99907
17.719961526447428,266.25,101549.04,165.51328
17.719961526447428,268.125,101552.92,151.90218
17.719961526447428,270.0,101606.06,134.25635
17.719961526447428,271.875,101603.88,116.37657
17.719961526447428,273.75,101589.07,99.48644
17.719961526447428,275.625,101585.38,88.575836
17.719961526447428,277.5,101581.12,83.96138
17.719961526447428,279.375,101585.66,80.69903
17.719961526447428,281.25,101598.6,79.5417
17.719961526447428,283.125,101598.86,80.20464
17.719961526447428,285.0,101609.2,80.498825
17.719961526447428,286.875,101658.68,82.03679
17.719961526447428,288.75,101712.77,84.85209
17.719961526447428,290.625,101732.86,85.44458
17.719961526447428,292.5,101738.85,83.89238
17.719961526447428,294.375,101747.12,82.59565
17.719961526447428,296.25,101758.98,81.64341
17.719961526447428,298.125,101775.56,79.74653
17.719961526447428,300.0,101789.04,76.859665
17.719961526447428,301.875,101794.83,74.26903
17.719961526447428,303.75,101806.06,73.00492
17.719961526447428,305.625,101826.32,72.44912
17.719961526447428,307.5,101835.54,71.51089
17.719961526447428,309.375,101827.9,70.563065
17.719961526447428,311.25,101812.66,70.78978
17.719961526447428,313.125,101811.86,72.24088
17.719961526447428,315.0,101834.68,73.621544
17.719961526447428,316.875,101847.94,73.96536
17.719961526447428,318.75,101830.97,74.57418
17.719961526447428,320.625,101813.98,76.77077
17.719961526447428,322.5,101818.51,79.05459
17.719961526447428,324.375,101812.08,79.48365
17.719961526447428,326.25,101787.6,79.54076
17.719961526447428,328.125,101772.78,80.6177
17.719961526447428,330.0,101760.88,81.10889
17.719961526447428,331.875,101727.79,80.13608
17.719961526447428,333.75,101687.18,79.24679
17.719961526447428,335.625,101650.54,79.12756
17.719961526447428,337.5,101609.02,78.99697
17.719961526447428,339.375,101561.25,79.60899
17.719961526447428,341.25,101497.48,83.70041
17.719961526447428,343.125,101422.07,94.028984
17.719961526447428,345.0,101385.41,108.964226
17.719961526447428,346.875,101414.83,124.632454
17.719961526447428,348.75,101473.02,135.13104
17.719961526447428,350.625,101507.28,138.33636
17.719961526447428,352.5,101539.3,139.47389
17.719961526447428,354.375,101561.9,141.42717
17.719961526447428,356.25,101535.86,145.86194
17.719961526447428,358.125,101517.74,153.91852
19.58521860882233,0.0,101692.98,171.95142
19.58521860882233,1.875,101736.88,189.6603
19.58521860882233,3.75,101764.87,204.57622
19.58521860882233,5.625,101798.53,208.61191
19.58521860882233,7.5,101847.24,207.5052
19.58521860882233,9.375,101889.9,206.61646
19.58521860882233,11.25,101880.21,207.10728
19.58521860882233,13.125,101797.32,201.27412
19.58521860882233,15.0,101713.75,191.96916
19.58521860882233,16.875,101753.92,193.43137
19.58521860882233,18.75,101869.31,192.38885
19.58521860882233,20.625,101913.21,201.78964
19.58521860882233,22.5,101892.73,200.77296
19.58521860882233,24.375,101898.26,184.57668
19.58521860882233,26.25,101895.91,173.65416
19.58521860882233,28.125,101804.2,179.50342
19.58521860882233,30.0,101668.84,179.9501
19.58521860882233,31.875,101571.92,167.25139
19.58521860882233,33.75,101538.34,143.44748
19.58521860882233,35.625,101505.14,121.683136
19.58521860882233,37.5,101396.09,112.2261
19.58521860882233,39.375,101327.73,104.2745
19.58521860882233,41.25,101392.57,100.11698
19.58521860882233,43.125,101647.55,130.29344
19.58521860882233,45.0,101741.6,161.40538
19.58521860882233,46.875,101664.87,172.9329
19.58521860882233,48.75,101651.96,164.47679
19.58521860882233,50.625,101694.1,148.97223
19.58521860882233,52.5,101693.01,129.1916
19.58521860882233,54.375,101623.99,112.69672
19.58521860882233,56.25,101566.28,103.739265
19.58521860882233,58.125,101569.03,99.972305
19.58521860882233,60.0,101585.05,98.021194
19.58521860882233,61.875,101541.55,97.64862
19.58521860882233,63.75,101446.32,98.90976
19.58521860882233,65.625,101369.34,99.56797
19.58521860882233,67.5,101322.91,99.94598
19.58521860882233,69.375,101289.1,100.705376
19.58521860882233,71.25,101283.49,99.60263
19.58521860882233,73.125,101321.9,96.9881
19.58521860882233,75.0,101360.48,102.39589
19.58521860882233,76.875,101332.98,115.63943
19.58521860882233,78.75,101305.88,122.472984
19.58521860882233,80.625,101329.44,124.50182
19.58521860882233,82.5,101371.54,133.05125
19.58521860882233,84.375,101408.8,144.96066
19.58521860882233,86.25,101412.58,147.62097
19.58521860882233,88.125,101362.91,145.55785
19.58521860882233,90.0,101301.74,146.99883
19.58521860882233,91.875,101287.68,145.72148
19.58521860882233,93.75,101299.6,137.26147
19.58521860882233,95.625,101314.79,133.61235
19.58521860882233,97.5,101361.38,146.89832
19.58521860882233,99.375,101418.05,174.25934
19.58521860882233,101.25,101464.88,198.97049
19.58521860882233,103.125,101548.86,211.8437
19.58521860882233,105.0,101639.61,222.48813
19.58521860882233,106.875,101644.03,220.39665
19.58521860882233,108.75,101598.72,205.27774
19.58521860882233,110.625,101606.8,188.28806
19.58521860882233,112.5,101653.25,175.67772
19.58521860882233,114.375,101640.2,165.92615
19.58521860882233,116.25,101566.8,158.07167
19.58521860882233,118.125,101538.46,151.73422
19.58521860882233,120.0,101592.24,145.7264
19.58521860882233,121.875,101650.78,140.38202
19.58521860882233,123.75,101640.56,135.79683
19.58521860882233,125.625,101608.42,130.03539
19.58521860882233,127.5,101613.21,123.05249
19.58521860882233,129.375,101615.87,117.4684
19.58521860882233,131.25,101575.45,114.359406
19.58521860882233,133.125,101551.22,111.34414
19.58521860882233,135.0,101561.18,107.600075
19.58521860882233,136.875,101543.52,105.236275
19.58521860882233,138.75,101502.12,104.5675
19.58521860882233,140.625,101503.33,103.960785
19.58521860882233,142.5,101511.6,103.27354
19.58521860882233,144.375,101482.49,103.30844
19.58521860882233,146.25,101464.18,103.7734
19.58521860882233,148.125,101478.78,104.40788
19.58521860882233,150.0,101468.74,105.6999
19.58521860882233,151.875,101444.35,107.70405
19.58521860882233,153.75,101448.43,109.691025
19.58521860882233,155.625,101455.96,111.47592
19.58521860882233,157.5,101441.14,113.69086
19.58521860882233,159.375,101440.88,115.98866
19.58521860882233,161.25,101454.82,117.644806
19.58521860882233,163.125,101444.73,119.08862
19.58521860882233,165.0,101426.78,120.66131
19.58521860882233,166.875,101431.4,122.10267
19.58521860882233,168.75,101439.12,124.077736
19.58521860882233,170.625,101436.12,126.71897
19.58521860882233,172.5,101435.88,127.87274
19.58521860882233,174.375,101438.14,127.74294
19.58521860882233,176.25,101437.41,129.38036
19.58521860882233,178.125,101440.0,132.19328
19.58521860882233,180.0,101442.08,133.33249
19.58521860882233,181.875,101434.18,134.75854
19.58521860882233,183.75,101427.02,138.50716
19.58521860882233,185.625,101428.28,140.81204
19.58521860882233,187.5,101442.92,140.48184
19.58521860882233,189.375,101454.31,142.07115
19.58521860882233,191.25,101451.56,145.65695
19.58521860882233,193.125,101449.82,146.26505
19.58521860882233,195.0,101471.39,144.88342
19.58521860882233,196.875,101492.4,145.09653
19.58521860882233,198.75,101482.62,144.77556
19.58521860882233,200.625,101470.18,142.31645
19.58521860882233,202.5,101493.0,141.77773
19.58521860882233,204.375,101533.33,144.76486
19.58521860882233,206.25,101550.27,146.54573
19.58521860882233,208.125,101542.25,145.2559
19.58521860882233,210.0,101543.02,143.84341
19.58521860882233,211.875,101566.63,143.46852
19.58521860882233,213.75,101596.59,142.35883
19.58521860882233,215.625,101613.53,140.22475
19.58521860882233,217.5,101622.46,138.70125
19.58521860882233,219.375,101633.44,137.5094
19.58521860882233,221.25,101650.34,135.01558
19.58521860882233,223.125,101676.86,131.19579
19.58521860882233,225.0,101703.3,127.202614
19.58521860882233,226.875,101714.51,123.62694
19.58521860882233,228.75,101714.02,119.84341
19.58521860882233,230.625,101715.29,114.5683
19.58521860882233,232.5,101716.49,108.15761
19.58521860882233,234.375,101716.65,102.727325
19.58521860882233,236.25,101715.87,98.07836
19.58521860882233,238.125,101706.66,92.21412
19.58521860882233,240.0,101689.52,86.075806
19.58521860882233,241.875,101661.92,82.174034
19.58521860882233,243.75,101612.96,79.342636
19.58521860882233,245.625,101569.54,76.35962
19.58521860882233,247.5,101556.45,76.119095
19.58521860882233,249.375,101530.22,80.55779
19.58521860882233,251.25,101471.64,85.744514
19.58521860882233,253.125,101459.44,88.204346
19.58521860882233,255.0,101509.62,88.210625
19.58521860882233,256.875,101608.54,87.84877
19.58521860882233,258.75,101778.21,126.56818
19.58521860882233,260.625,101738.36,208.3297
19.58521860882233,262.5,101892.94,172.81866
19.58521860882233,264.375,101722.75,206.03796
19.58521860882233,266.25,101595.96,191.8838
19.58521860882233,268.125,101573.6,168.08038
19.58521860882233,270.0,101606.8,145.67659
19.58521860882233,271.875,101632.0,127.41056
19.58521860882233,273.75,101655.08,112.51696
19.58521860882233,275.625,101676.01,105.26383
19.58521860882233,277.5,101678.9,101.32588
19.58521860882233,279.375,101686.1,96.59869
19.58521860882233,281.25,101704.06,95.47012
19.58521860882233,283.125,101707.71,97.74419
19.58521860882233,285.0,101717.9,98.82826
19.58521860882233,286.875,101766.44,100.22284
19.58521860882233,288.75,101815.72,102.84148
19.58521860882233,290.625,101827.48,103.01358
19.58521860882233,292.5,101829.29,100.34573
19.58521860882233,294.375,101837.12,97.90577
19.58521860882233,296.25,101853.96,96.36028
19.58521860882233,298.125,101880.81,94.134346
19.58521860882233,300.0,101905.99,91.07827
19.58521860882233,301.875,101912.76,88.4076
19.58521860882233,303.75,101912.97,86.645546
19.58521860882233,305.625,101915.28,85.12008
19.58521860882233,307.5,101912.29,83.79565
19.58521860882233,309.375,101911.62,83.90391
19.58521860882233,311.25,101925.01,85.40042
19.58521860882233,313.125,101945.56,86.28536
19.58521860882233,315.0,101952.81,86.04594
19.58521860882233,316.875,101940.24,86.70229
19.58521860882233,318.75,101922.94,89.34762
19.58521860882233,320.625,101923.9,92.59387
19.58521860882233,322.5,101932.94,94.35731
19.58521860882233,324.375,101920.21,94.93203
19.58521860882233,326.25,101896.7,96.07514
19.58521860882233,328.125,101887.99,97.64661
19.58521860882233,330.0,101876.66,97.69364
19.58521860882233,331.875,101847.32,96.43184
19.58521860882233,333.75,101818.44,95.41787
19.58521860882233,335.625,101790.52,94.75287
19.58521860882233,337.5,101746.56,94.02991
19.58521860882233,339.375,101692.25,94.25497
19.58521860882233,341.25,101632.86,97.65105
19.58521860882233,343.125,101572.8,106.744644
19.58521860882233,345.0,101548.66,122.453575
19.58521860882233,346.875,101591.38,140.80421
19.58521860882233,348.75,101657.78,150.32056
19.58521860882233,350.625,101680.2,150.43811
19.58521860882233,352.5,101682.98,151.59918
19.58521860882233,354.375,101687.15,156.54462
19.58521860882233,356.25,101671.21,160.55951
19.58521860882233,358.125,101662.84,163.35194
21.450475037398185,0.0,101789.66,179.31676
21.450475037398185,1.875,101811.36,191.45905
21.450475037398185,3.75,101866.39,208.728
21.450475037398185,5.625,101920.65,218.61836
21.450475037398185,7.5,101966.14,221.08188
21.450475037398185,9.375,102012.58,223.71725
21.450475037398185,11.25,102023.21,225.01082
21.450475037398185,13.125,101952.74,218.47632
21.450475037398185,15.0,101882.66,202.38675
21.450475037398185,16.875,101919.16,191.0636
21.450475037398185,18.75,102045.81,215.21712
21.450475037398185,20.625,102077.55,216.96074
21.450475037398185,22.5,102043.62,207.33101
21.450475037398185,24.375,102032.83,193.04631
21.450475037398185,26.25,102016.46,181.85219
21.450475037398185,28.125,101935.51,178.968
21.450475037398185,30.0,101817.88,180.20625
21.450475037398185,31.875,101728.52,166.64987
21.450475037398185,33.75,101658.5,146.8229
21.450475037398185,35.625,101555.39,133.37175
21.450475037398185,37.5,101464.02,122.03833
21.450475037398185,39.375,101431.9,108.51758
21.450475037398185,41.25,101543.8,118.48382
21.450475037398185,43.125,101700.39,141.50217
21.450475037398185,45.0,101738.6,163.08495
21.450475037398185,46.875,101713.76,166.32014
21.450475037398185,48.75,101728.02,156.67169
21.450475037398185,50.625,101723.22,144.39664
21.450475037398185,52.5,101677.47,128.66855
21.450475037398185,54.375,101642.16,114.015114
21.450475037398185,56.25,101643.22,106.35254
21.450475037398185,58.125,101644.33,105.003296
21.450475037398185,60.0,101591.6,104.23131
21.450475037398185,61.875,101500.57,104.32228
21.450475037398185,63.75,101454.14,104.53917
21.450475037398185,65.625,101469.27,102.78789
21.450475037398185,67.5,101458.29,100.62377
21.450475037398185,69.375,101378.73,99.78077
21.450475037398185,71.25,101288.37,99.16591
21.450475037398185,73.125,101248.79,101.33261
21.450475037398185,75.0,101273.62,110.63677
21.450475037398185,76.875,101363.89,122.08398
21.450475037398185,78.75,101474.22,126.98411
21.450475037398185,80.625,101513.62,130.27629
21.450475037398185,82.5,101484.12,139.517
21.450475037398185,84.375,101423.86,149.22375
21.450475037398185,86.25,101302.0,152.20955
21.450475037398185,88.125,101193.34,154.1702
21.450475037398185,90.0,101212.82,155.09859
21.450475037398185,91.875,101319.13,148.73444
21.450475037398185,93.75,101368.28,139.89279
21.450475037398185,95.625,101347.89,143.12857
21.450475037398185,97.5,101397.66,157.48495
21.450475037398185,99.375,101493.59,173.7896
21.450475037398185,101.25,101512.09,187.94588
21.450475037398185,103.125,101525.58,205.82967
21.450475037398185,105.0,101644.21,235.41266
21.450475037398185,106.875,101711.76,238.44354
21.450475037398185,108.75,101708.8,223.83543
21.450475037398185,110.625,101707.65,206.8577
21.450475037398185,112.5,101741.48,194.69386
21.450475037398185,114.375,101766.1,184.53333
21.450475037398185,116.25,101750.94,174.71658
21.450475037398185,118.125,101709.81,166.61926
21.450475037398185,120.0,101709.39,159.71947
21.450475037398185,121.875,101758.84,151.09892
21.450475037398185,123.75,101779.09,142.72647
21.450475037398185,125.625,101742.88,136.7159
21.450475037398185,127.5,101730.85,131.30179
21.450475037398185,129.375,101750.68,125.26569
21.450475037398185,131.25,101728.82,120.462814
21.450475037398185,133.125,101684.21,117.470116
21.450475037398185,135.0,101685.82,114.640755
21.450475037398185,136.875,101686.01,112.101814
21.450475037398185,138.75,101646.94,111.44928
21.450475037398185,140.625,101626.82,112.082344
21.450475037398185,142.5,101634.46,112.57
21.450475037398185,144.375,101611.84,113.625946
21.450475037398185,146.25,101576.77,116.04274
21.450475037398185,148.125,101577.23,118.776184
21.450475037398185,150.0,101575.75,121.394615
21.450475037398185,151.875,101552.66,125.038536
21.450475037398185,153.75,101549.9,129.0739
21.450475037398185,155.625,101555.95,132.16722
21.450475037398185,157.5,101538.12,135.44582
21.450475037398185,159.375,101522.74,139.49704
21.450475037398185,161.25,101536.12,142.56252
21.450475037398185,163.125,101541.14,144.65547
21.450475037398185,165.0,101524.94,147.39081
21.450475037398185,166.875,101517.02,150.03117
21.450475037398185,168.75,101523.86,151.64941
21.450475037398185,170.625,101521.96,153.29272
21.450475037398185,172.5,101515.8,154.80428
21.450475037398185,174.375,101517.36,155.45802
21.450475037398185,176.25,101515.1,156.97548
21.450475037398185,178.125,101508.06,159.92099
21.450475037398185,180.0,101508.25,162.28975
21.450475037398185,181.875,101520.44,164.61896
21.450475037398185,183.75,101523.54,168.40382
21.450475037398185,185.625,101512.04,171.1096
21.450475037398185,187.5,101510.33,171.35887
21.450475037398185,189.375,101530.02,172.41878
21.450475037398185,191.25,101540.58,174.96144
21.450475037398185,193.125,101527.63,175.98262
21.450475037398185,195.0,101522.46,176.39587
21.450475037398185,196.875,101540.0,178.32227
21.450475037398185,198.75,101553.86,178.65904
21.450475037398185,200.625,101561.64,176.42921
21.450475037398185,202.5,101580.6,177.11969
21.450475037398185,204.375,101612.39,181.9349
21.450475037398185,206.25,101639.46,183.90636
21.450475037398185,208.125,101651.34,181.38193
21.450475037398185,210.0,101656.9,179.9677
21.450475037398185,211.875,101663.43,181.26306
21.450475037398185,213.75,101680.63,180.56766
21.450475037398185,215.625,101712.5,177.03244
21.450475037398185,217.5,101748.92,174.32854
21.450475037398185,219.375,101768.65,172.14207
21.450475037398185,221.25,101764.56,167.26744
21.450475037398185,223.125,101763.44,160.49162
21.450475037398185,225.0,101779.58,154.54636
21.450475037398185,226.875,101803.68,148.79906
21.450475037398185,228.75,101826.69,141.0612
21.450475037398185,230.625,101846.74,131.66768
21.450475037398185,232.5,101849.88,123.057785
21.450475037398185,234.375,101827.7,115.92975
21.450475037398185,236.25,101802.7,108.432976
21.450475037398185,238.125,101794.32,100.108154
21.450475037398185,240.0,101790.37,93.11334
21.450475037398185,241.875,101761.72,87.879364
21.450475037398185,243.75,101716.18,82.54395
21.450475037398185,245.625,101678.18,78.76824
21.450475037398185,247.5,101628.16,80.39523
21.450475037398185,249.375,101529.62,85.96967
21.450475037398185,251.25,101453.46,87.96035
21.450475037398185,253.125,101467.44,87.38614
21.450475037398185,255.0,101571.64,86.55989
21.450475037398185,256.875,101694.8,198.18802
21.450475037398185,258.75,101578.46,236.05557
21.450475037398185,260.625,101803.43,190.16162
21.450475037398185,262.5,101765.72,226.27882
21.450475037398185,264.375,101676.88,222.13948
21.450475037398185,266.25,101627.77,202.93558
21.450475037398185,268.125,101656.82,179.00784
21.450475037398185,270.0,101709.35,160.20055
21.450475037398185,271.875,101732.32,143.99997
21.450475037398185,273.75,101757.12,132.66434
21.450475037398185,275.625,101776.73,128.29214
21.450475037398185,277.5,101771.62,123.96608
21.450475037398185,279.375,101772.48,118.961624
21.450475037398185,281.25,101797.79,119.23351
21.450475037398185,283.125,101817.39,122.43639
21.450475037398185,285.0,101835.85,122.48091
21.450475037398185,286.875,101867.05,121.40073
21.450475037398185,288.75,101890.43,122.00564
21.450475037398185,290.625,101894.49,122.43931
21.450475037398185,292.5,101908.6,121.14344
21.450475037398185,294.375,101931.73,118.63152
21.450475037398185,296.25,101949.18,115.40847
21.450475037398185,298.125,101961.04,112.46908
21.450475037398185,300.0,101972.92,110.56353
21.450475037398185,301.875,101982.04,109.09347
21.450475037398185,303.75,101991.19,107.421844
21.450475037398185,305.625,102000.92,105.56945
21.450475037398185,307.5,102006.94,104.16055
21.450475037398185,309.375,102020.91,104.08976
21.450475037398185,311.25,102042.06,104.51631
21.450475037398185,313.125,102045.66,103.871796
21.450475037398185,315.0,102030.37,103.73804
21.450475037398185,316.875,102021.35,106.43809
21.450475037398185,318.75,102031.37,110.31969
21.450475037398185,320.625,102042.23,112.150345
21.450475037398185,322.5,102038.11,113.115715
21.450475037398185,324.375,102025.04,115.629135
21.450475037398185,326.25,102014.94,118.56455
21.450475037398185,328.125,102007.39,119.60409
21.450475037398185,330.0,101986.88,119.28481
21.450475037398185,331.875,101960.94,119.11058
21.450475037398185,333.75,101943.7,118.27257
21.450475037398185,335.625,101920.66,116.29252
21.450475037398185,337.5,101877.31,114.91299
21.450475037398185,339.375,101828.23,114.88082
21.450475037398185,341.25,101781.7,115.877396
21.450475037398185,343.125,101735.73,121.20116
21.450475037398185,345.0,101716.42,136.2659
21.450475037398185,346.875,101763.8,156.40292
21.450475037398185,348.75,101828.8,166.94516
21.450475037398185,350.625,101835.14,169.07863
21.450475037398185,352.5,101813.62,173.63806
21.450475037398185,354.375,101812.65,179.78984
21.450475037398185,356.25,101819.5,180.47455
21.450475037398185,358.125,101804.94,177.44214
23.31573072614093,0.0,101899.69,202.66309
23.31573072614093,1.875,101893.7,202.24144
23.31573072614093,3.75,101947.66,205.65862
23.31573072614093,5.625,101991.48,209.19817
23.31573072614093,7.5,102057.32,253.79965
23.31573072614093,9.375,102136.12,263.28656
23.31573072614093,11.25,102160.24,259.56485
23.31573072614093,13.125,102123.8,245.84497
23.31573072614093,15.0,102089.36,239.18759
23.31573072614093,16.875,102123.9,243.90329
23.31573072614093,18.75,102168.72,249.09773
23.31573072614093,20.625,102150.77,241.88586
23.31573072614093,22.5,102128.42,226.64276
23.31573072614093,24.375,102126.97,210.39464
23.31573072614093,26.25,102109.01,195.81355
23.31573072614093,28.125,102043.91,183.70645
23.31573072614093,30.0,101956.9,176.84227
23.31573072614093,31.875,101845.16,165.05244
23.31573072614093,33.75,101708.24,153.6841
23.31573072614093,35.625,101605.27,143.00327
23.31573072614093,37.5,101558.87,128.96031
23.31573072614093,39.375,101544.37,120.27111
23.31573072614093,41.25,101635.2,141.72064
23.31573072614093,43.125,101714.72,154.41837
23.31573072614093,45.0,101773.97,164.598
23.31573072614093,46.875,101814.59,151.44855
23.31573072614093,48.75,101807.86,145.64307
23.31573072614093,50.625,101733.96,139.0471
23.31573072614093,52.5,101675.74,129.6465
23.31573072614093,54.375,101666.22,120.807106
23.31573072614093,56.25,101669.02,118.28589
23.31573072614093,58.125,101625.38,117.403786
23.31573072614093,60.0,101553.64,114.32015
23.31573072614093,61.875,101526.44,112.35822
23.31573072614093,63.75,101554.32,110.56242
23.31573072614093,65.625,101546.54,108.19659
23.31573072614093,67.5,101445.54,107.13854
23.31573072614093,69.375,101311.07,107.91481
23.31573072614093,71.25,101249.99,109.54912
23.31573072614093,73.125,101283.34,114.005615
23.31573072614093,75.0,101375.26,124.704475
23.31573072614093,76.875,101479.83,134.7627
23.31573072614093,78.75,101514.67,138.56056
23.31573072614093,80.625,101428.38,143.70613
23.31573072614093,82.5,101319.08,151.80902
23.31573072614093,84.375,101244.69,154.64972
23.31573072614093,86.25,101147.23,154.88014
23.31573072614093,88.125,101102.97,157.94633
23.31573072614093,90.0,101169.1,156.37697
23.31573072614093,91.875,101254.14,150.38237
23.31573072614093,93.75,101237.56,151.59584
23.31573072614093,95.625,101198.93,163.36769
23.31573072614093,97.5,101333.26,169.10864
23.31573072614093,99.375,101495.36,192.71823
23.31573072614093,101.25,101407.1,195.98442
23.31573072614093,103.125,101409.15,221.30179
23.31573072614093,105.0,101567.78,244.90341
23.31573072614093,106.875,101738.73,247.02798
23.31573072614093,108.75,101843.36,235.06345
23.31573072614093,110.625,101896.0,222.11156
23.31573072614093,112.5,101883.76,210.64543
23.31573072614093,114.375,101875.17,198.51044
23.31573072614093,116.25,101929.22,188.61497
23.31573072614093,118.125,101946.42,180.05365
23.31573072614093,120.0,101895.66,173.01042
23.31573072614093,121.875,101887.16,165.15176
23.31573072614093,123.75,101923.77,155.01706
23.31573072614093,125.625,101901.7,146.54037
23.31573072614093,127.5,101853.54,140.69511
23.31573072614093,129.375,101857.06,134.8444
23.31573072614093,131.25,101853.84,129.31358
23.31573072614093,133.125,101808.07,126.71955
23.31573072614093,135.0,101788.91,125.69258
23.31573072614093,136.875,101798.53,124.0936
23.31573072614093,138.75,101772.23,123.880325
23.31573072614093,140.625,101735.54,125.76174
23.31573072614093,142.5,101727.42,127.55015
23.31573072614093,144.375,101710.28,129.6347
23.31573072614093,146.25,101673.56,133.88231
23.31573072614093,148.125,101662.02,138.89351
23.31573072614093,150.0,101662.82,143.62961
23.31573072614093,151.875,101642.24,150.15143
23.31573072614093,153.75,101628.88,157.42374
23.31573072614093,155.625,101636.79,162.12434
23.31573072614093,157.5,101628.6,165.82796
23.31573072614093,159.375,101604.07,170.8573
23.31573072614093,161.25,101595.74,175.08437
23.31573072614093,163.125,101598.78,177.99579
23.31573072614093,165.0,101591.78,182.1638
23.31573072614093,166.875,101583.98,186.02678
23.31573072614093,168.75,101584.38,186.55525
23.31573072614093,170.625,101580.14,186.49083
23.31573072614093,172.5,101572.85,188.67209
23.31573072614093,174.375,101576.42,190.72629
23.31573072614093,176.25,101586.06,191.57938
23.31573072614093,178.125,101580.6,193.97037
23.31573072614093,180.0,101572.79,198.10045
23.31573072614093,181.875,101585.68,201.66602
23.31573072614093,183.75,101604.54,204.7647
23.31573072614093,185.625,101596.2,208.0851
23.31573072614093,187.5,101577.72,210.70726
23.31573072614093,189.375,101581.54,212.16554
23.31573072614093,191.25,101599.45,213.02457
23.31573072614093,193.125,101604.38,213.77826
23.31573072614093,195.0,101597.12,215.61209
23.31573072614093,196.875,101607.25,219.02673
23.31573072614093,198.75,101637.13,221.70863
23.31573072614093,200.625,101668.32,222.44261
23.31573072614093,202.5,101683.49,223.87836
23.31573072614093,204.375,101684.24,227.21281
23.31573072614093,206.25,101693.83,229.01256
23.31573072614093,208.125,101722.78,227.94083
23.31573072614093,210.0,101757.69,227.40816
23.31573072614093,211.875,101779.18,228.48221
23.31573072614093,213.75,101785.21,227.78925
23.31573072614093,215.625,101798.17,224.59654
23.31573072614093,217.5,101828.06,221.03828
23.31573072614093,219.375,101861.82,216.2547
23.31573072614093,221.25,101882.45,208.2544
23.31573072614093,223.125,101897.76,198.99695
23.31573072614093,225.0,101912.8,190.31317
23.31573072614093,226.875,101919.56,180.05847
23.31573072614093,228.75,101921.86,167.15489
23.31573072614093,230.625,101928.72,154.09477
23.31573072614093,232.5,101941.59,142.62233
23.31573072614093,234.375,101939.94,131.28244
23.31573072614093,236.25,101925.84,119.4688
23.31573072614093,238.125,101908.41,109.17076
23.31573072614093,240.0,101877.94,101.1505
23.31573072614093,241.875,101818.97,93.65872
23.31573072614093,243.75,101757.09,87.23196
23.31573072614093,245.625,101706.11,85.19877
23.31573072614093,247.5,101633.79,87.43542
23.31573072614093,249.375,101541.64,88.64879
23.31573072614093,251.25,101505.82,88.38302
23.31573072614093,253.125,101542.96,88.236664
23.31573072614093,255.0,101688.4,136.9404
23.31573072614093,256.875,101540.55,216.86473
23.31573072614093,258.75,101630.38,249.99931
23.31573072614093,260.625,101784.49,217.10548
23.31573072614093,262.5,101765.99,233.50801
23.31573072614093,264.375,101736.59,226.42308
23.31573072614093,266.25,101727.83,208.43965
23.31573072614093,268.125,101789.93,192.44981
23.31573072614093,270.0,101824.39,177.33537
23.31573072614093,271.875,101819.42,164.09883
23.31573072614093,273.75,101828.54,156.10829
23.31573072614093,275.625,101850.95,152.41695
23.31573072614093,277.5,101856.8,147.80762
23.31573072614093,279.375,101866.98,144.52408
23.31573072614093,281.25,101894.82,146.17928
23.31573072614093,283.125,101917.06,148.34848
23.31573072614093,285.0,101936.02,147.91954
23.31573072614093,286.875,101963.64,147.40302
23.31573072614093,288.75,101985.48,147.61879
23.31573072614093,290.625,101996.66,147.54605
23.31573072614093,292.5,102017.07,147.52336
23.31573072614093,294.375,102045.06,146.26656
23.31573072614093,296.25,102057.73,142.59134
23.31573072614093,298.125,102057.9,139.10266
23.31573072614093,300.0,102060.92,137.67197
23.31573072614093,301.875,102071.81,136.35233
23.31573072614093,303.75,102091.89,134.12772
23.31573072614093,305.625,102109.28,132.24324
23.31573072614093,307.5,102116.3,130.77374
23.31573072614093,309.375,102119.49,129.1378
23.31573072614093,311.25,102119.73,127.62248
23.31573072614093,313.125,102111.35,127.060646
23.31573072614093,315.0,102106.11,128.64401
23.31573072614093,316.875,102124.02,132.23227
23.31573072614093,318.75,102145.66,134.79659
23.31573072614093,320.625,102141.16,135.4656
23.31573072614093,322.5,102122.28,137.89967
23.31573072614093,324.375,102117.8,143.38179
23.31573072614093,326.25,102124.85,147.2266
23.31573072614093,328.125,102119.2,147.12852
23.31573072614093,330.0,102099.46,147.0244
23.31573072614093,331.875,102082.8,148.34933
23.31573072614093,333.75,102068.12,147.2526
23.31573072614093,335.625,102045.09,143.78864
23.31573072614093,337.5,102013.34,142.22804
23.31573072614093,339.375,101978.36,142.15956
23.31573072614093,341.25,101935.04,140.48314
23.31573072614093,343.125,101882.8,141.10779
23.31573072614093,345.0,101858.23,151.37648
23.31573072614093,346.875,101895.76,168.73364
23.31573072614093,348.75,101951.25,182.4662
23.31573072614093,350.625,101958.74,192.44366
23.31573072614093,352.5,101938.95,201.8013
23.31573072614093,354.375,101945.59,205.98997
23.31573072614093,356.25,101960.86,204.2362
23.31573072614093,358.125,101939.26,202.54404
25.180985581270594,0.0,102033.71,240.26886
25.180985581270594,1.875,102022.2,234.39323
25.180985581270594,3.75,102059.66,232.92995
25.180985581270594,5.625,102118.08,244.55193
25.180985581270594,7.5,102190.85,291.6407
25.180985581270594,9.375,102246.34,304.59714
25.180985581270594,11.25,102266.17,299.24792
25.180985581270594,13.125,102260.68,290.18732
25.180985581270594,15.0,102262.54,281.84387
25.180985581270594,16.875,102267.18,276.53204
25.180985581270594,18.75,102248.41,271.55368
25.180985581270594,20.625,102222.2,261.92154
25.180985581270594,22.5,102215.0,246.8972
25.180985581270594,24.375,102198.59,230.16396
25.180985581270594,26.25,102147.82,211.5574
25.180985581270594,28.125,102090.52,194.1332
25.180985581270594,30.0,102027.78,179.85382
25.180985581270594,31.875,101915.26,166.78871
25.180985581270594,33.75,101772.04,156.27235
25.180985581270594,35.625,101671.87,144.72896
25.180985581270594,37.5,101618.2,134.73514
25.180985581270594,39.375,101651.76,135.80684
25.180985581270594,41.25,101707.44,156.13138
25.180985581270594,43.125,101783.52,168.6389
25.180985581270594,45.0,101830.71,160.1671
25.180985581270594,46.875,101848.1,147.07991
25.180985581270594,48.75,101808.88,145.69783
25.180985581270594,50.625,101752.62,140.88739
25.180985581270594,52.5,101728.67,134.49753
25.180985581270594,54.375,101713.12,130.10252
25.180985581270594,56.25,101689.68,129.57253
25.180985581270594,58.125,101640.65,125.96001
25.180985581270594,60.0,101606.18,119.708664
25.180985581270594,61.875,101603.03,115.836975
25.180985581270594,63.75,101572.31,114.63196
25.180985581270594,65.625,101464.34,116.23658
25.180985581270594,67.5,101340.78,121.63789
25.180985581270594,69.375,101323.67,125.37537
25.180985581270594,71.25,101403.29,122.766365
25.180985581270594,73.125,101481.24,122.05221
25.180985581270594,75.0,101493.96,132.66139
25.180985581270594,76.875,101409.62,143.78874
25.180985581270594,78.75,101275.86,148.59616
25.180985581270594,80.625,101216.64,154.04251
25.180985581270594,82.5,101304.71,160.9857
25.180985581270594,84.375,101434.68,163.10057
25.180985581270594,86.25,101483.1,161.75691
25.180985581270594,88.125,101471.9,161.53459
25.180985581270594,90.0,101467.38,158.59496
25.180985581270594,91.875,101462.57,155.06856
25.180985581270594,93.75,101411.57,160.65596
25.180985581270594,95.625,101408.05,165.93893
25.180985581270594,97.5,101441.48,178.16054
25.180985581270594,99.375,101348.5,166.16444
25.180985581270594,101.25,101188.42,211.44296
25.180985581270594,103.125,101210.61,267.57715
25.180985581270594,105.0,101509.96,289.55194
25.180985581270594,106.875,101764.52,273.1666
25.180985581270594,108.75,101945.31,246.69661
25.180985581270594,110.625,102089.76,231.263
25.180985581270594,112.5,102105.18,222.8625
25.180985581270594,114.375,102034.08,213.83865
25.180985581270594,116.25,102068.58,204.64763
25.180985581270594,118.125,102144.81,196.41551
25.180985581270594,120.0,102102.7,187.05759
25.180985581270594,121.875,102042.1,178.38818
25.180985581270594,123.75,102054.8,169.55518
25.180985581270594,125.625,102038.2,158.31686
25.180985581270594,127.5,101968.05,150.0751
25.180985581270594,129.375,101944.12,145.182
25.180985581270594,131.25,101952.34,140.92955
25.180985581270594,133.125,101918.09,138.77777
25.180985581270594,135.0,101878.82,139.08878
25.180985581270594,136.875,101876.49,139.61063
25.180985581270594,138.75,101860.15,141.24963
25.180985581270594,140.625,101817.68,145.15923
25.180985581270594,142.5,101799.56,149.16718
25.180985581270594,144.375,101790.31,153.26778
25.180985581270594,146.25,101759.67,159.61385
25.180985581270594,148.125,101736.53,166.88263
25.180985581270594,150.0,101730.38,173.73953
25.180985581270594,151.875,101708.34,182.51521
25.180985581270594,153.75,101681.15,192.41124
25.180985581270594,155.625,101678.78,199.35086
25.180985581270594,157.5,101683.36,204.87605
25.180985581270594,159.375,101668.5,212.06116
25.180985581270594,161.25,101649.56,218.03741
25.180985581270594,163.125,101642.89,221.22313
25.180985581270594,165.0,101639.62,225.2346
25.180985581270594,166.875,101631.58,229.49568
25.180985581270594,168.75,101630.7,229.92032
25.180985581270594,170.625,101629.67,229.21713
25.180985581270594,172.5,101622.26,231.89684
25.180985581270594,174.375,101619.28,234.79973
25.180985581270594,176.25,101631.37,234.8829
25.180985581270594,178.125,101637.46,236.32008
25.180985581270594,180.0,101623.92,241.49753
25.180985581270594,181.875,101610.54,246.35161
25.180985581270594,183.75,101619.05,249.46744
25.180985581270594,185.625,101633.98,253.6214
25.180985581270594,187.5,101634.68,258.34756
25.180985581270594,189.375,101628.76,261.2299
25.180985581270594,191.25,101638.66,263.3038
25.180985581270594,193.125,101663.11,266.05402
25.180985581270594,195.0,101680.64,268.18457
25.180985581270594,196.875,101684.57,269.84167
25.180985581270594,198.75,101688.1,273.51273
25.180985581270594,200.625,101704.56,278.59213
25.180985581270594,202.5,101725.63,281.964
25.180985581270594,204.375,101737.8,283.78687
25.180985581270594,206.25,101745.48,286.07028
25.180985581270594,208.125,101765.34,288.14783
25.180985581270594,210.0,101800.14,288.187
25.180985581270594,211.875,101838.92,286.35132
25.180985581270594,213.75,101865.56,283.78833
25.180985581270594,215.625,101876.8,280.63135
25.180985581270594,217.5,101885.86,275.54327
25.180985581270594,219.375,101911.38,266.85956
25.180985581270594,221.25,101950.32,255.21333
25.180985581270594,223.125,101992.04,242.75925
25.180985581270594,225.0,102022.55,229.1687
25.180985581270594,226.875,102034.58,212.93968
25.180985581270594,228.75,102027.8,195.8654
25.180985581270594,230.625,102018.62,180.45924
25.180985581270594,232.5,102020.72,165.2114
25.180985581270594,234.375,102026.85,148.35742
25.180985581270594,236.25,102019.38,132.72609
25.180985581270594,238.125,101992.24,121.057014
25.180985581270594,240.0,101939.3,110.841934
25.180985581270594,241.875,101866.96,100.93106
25.180985581270594,243.75,101779.8,94.733826
25.180985581270594,245.625,101687.18,93.880585
25.180985581270594,247.5,101607.88,93.73665
25.180985581270594,249.375,101569.78,92.44625
25.180985581270594,251.25,101582.27,94.008354
25.180985581270594,253.125,101690.78,114.29148
25.180985581270594,255.0,101656.05,190.2758
25.180985581270594,256.875,101625.76,243.44273
25.180985581270594,258.75,101743.78,231.14345
25.180985581270594,260.625,101824.41,234.99095
25.180985581270594,262.5,101843.92,234.22858
25.180985581270594,264.375,101827.2,225.9613
25.180985581270594,266.25,101837.67,216.61305
25.180985581270594,268.125,101880.12,205.421
25.180985581270594,270.0,101890.14,192.95384
25.180985581270594,271.875,101881.75,183.96219
25.180985581270594,273.75,101907.82,180.28671
25.180985581270594,275.625,101947.44,176.69556
25.180985581270594,277.5,101963.54,171.68417
25.180985581270594,279.375,101970.44,170.20316
25.180985581270594,281.25,101984.72,172.01569
25.180985581270594,283.125,101994.4,172.21574
25.180985581270594,285.0,102006.56,172.73468
25.180985581270594,286.875,102033.13,176.20476
25.180985581270594,288.75,102060.39,178.26762
25.180985581270594,290.625,102078.77,177.09468
25.180985581270594,292.5,102095.92,176.64062
25.180985581270594,294.375,102111.24,176.86641
25.180985581270594,296.25,102124.07,174.92506
25.180985581270594,298.125,102143.66,172.45338
25.180985581270594,300.0,102165.15,170.85027
25.180985581270594,301.875,102177.16,167.79398
25.180985581270594,303.75,102183.89,163.79846
25.180985581270594,305.625,102191.67,161.77396
25.180985581270594,307.5,102192.94,160.65656
25.180985581270594,309.375,102191.03,158.3679
25.180985581270594,311.25,102193.9,156.70941
25.180985581270594,313.125,102200.02,157.59384
25.180985581270594,315.0,102211.34,159.72614
25.180985581270594,316.875,102224.76,161.37825
25.180985581270594,318.75,102226.11,162.73134
25.180985581270594,320.625,102209.22,165.38765
25.180985581270594,322.5,102202.14,170.68063
25.180985581270594,324.375,102214.56,176.92133
25.180985581270594,326.25,102219.38,179.91438
25.180985581270594,328.125,102208.54,179.9602
25.180985581270594,330.0,102203.84,181.16187
25.180985581270594,331.875,102203.62,183.08905
25.180985581270594,333.75,102187.36,181.29189
25.180985581270594,335.625,102163.02,177.379
25.180985581270594,337.5,102148.68,176.11436
25.180985581270594,339.375,102131.91,175.80711
25.180985581270594,341.25,102090.2,172.90985
25.180985581270594,343.125,102041.56,171.55772
25.180985581270594,345.0,102021.79,177.09439
25.180985581270594,346.875,102041.88,187.45418
25.180985581270594,348.75,102076.58,200.06345
25.180985581270594,350.625,102095.06,217.14453
25.180985581270594,352.5,102100.68,231.74307
25.180985581270594,354.375,102106.51,235.33524
25.180985581270594,356.25,102106.51,234.82521
25.180985581270594,358.125,102076.16,239.10854
27.04623949994481,0.0,102190.68,284.0193
27.04623949994481,1.875,102165.12,280.70593
27.04623949994481,3.75,102176.84,286.69623
27.04623949994481,5.625,102224.16,306.52158
27.04623949994481,7.5,102273.56,321.0336
27.04623949994481,9.375,102295.22,323.06793
27.04623949994481,11.25,102303.54,324.07346
27.04623949994481,13.125,102321.7,320.8796
27.04623949994481,15.0,102330.72,309.20062
27.04623949994481,16.875,102314.02,295.06104
27.04623949994481,18.75,102282.9,284.55963
27.04623949994481,20.625,102273.22,273.37885
27.04623949994481,22.5,102271.1,258.97842
27.04623949994481,24.375,102234.96,242.05618
27.04623949994481,26.25,102176.37,223.39919
27.04623949994481,28.125,102131.08,205.1894
27.04623949994481,30.0,102082.52,189.20851
27.04623949994481,31.875,101992.85,174.70654
27.04623949994481,33.75,101880.32,162.99619
27.04623949994481,35.625,101787.28,154.14793
27.04623949994481,37.5,101739.68,146.11632
27.04623949994481,39.375,101769.68,176.44856
27.04623949994481,41.25,101845.13,189.33922
27.04623949994481,43.125,101873.23,171.53752
27.04623949994481,45.0,101847.12,158.06146
27.04623949994481,46.875,101809.34,151.95184
27.04623949994481,48.75,101783.41,147.71542
27.04623949994481,50.625,101773.36,139.11641
27.04623949994481,52.5,101727.42,132.52927
27.04623949994481,54.375,101719.52,135.65141
27.04623949994481,56.25,101710.72,138.88461
27.04623949994481,58.125,101697.16,135.01404
27.04623949994481,60.0,101702.06,132.68317
27.04623949994481,61.875,101693.54,128.6992
27.04623949994481,63.75,101630.52,132.43524
27.04623949994481,65.625,101547.26,126.46707
27.04623949994481,67.5,101473.42,133.70866
27.04623949994481,69.375,101484.18,138.72318
27.04623949994481,71.25,101463.66,136.14204
27.04623949994481,73.125,101396.08,135.84866
27.04623949994481,75.0,101330.93,148.25449
27.04623949994481,76.875,101295.1,159.00412
27.04623949994481,78.75,101332.37,163.22177
27.04623949994481,80.625,101404.82,164.50739
27.04623949994481,82.5,101427.72,167.12697
27.04623949994481,84.375,101342.74,184.58586
27.04623949994481,86.25,101139.85,182.25803
27.04623949994481,88.125,101078.04,180.79016
27.04623949994481,90.0,101185.36,176.99075
27.04623949994481,91.875,101269.89,169.46869
27.04623949994481,93.75,101397.36,180.64732
27.04623949994481,95.625,101628.25,169.90305
27.04623949994481,97.5,101647.08,141.391
27.04623949994481,99.375,101399.43,174.42807
27.04623949994481,101.25,100988.98,249.15617
27.04623949994481,103.125,101284.69,277.94653
27.04623949994481,105.0,101843.26,303.00266
27.04623949994481,106.875,102016.56,293.0975
27.04623949994481,108.75,102027.22,253.75052
27.04623949994481,110.625,102178.11,232.4909
27.04623949994481,112.5,102273.42,225.98882
27.04623949994481,114.375,102213.09,216.80617
27.04623949994481,116.25,102184.4,209.05548
27.04623949994481,118.125,102269.16,203.13808
27.04623949994481,120.0,102278.54,194.96922
27.04623949994481,121.875,102197.51,187.13176
27.04623949994481,123.75,102162.69,178.86165
27.04623949994481,125.625,102129.74,167.32695
27.04623949994481,127.5,102053.85,158.0363
27.04623949994481,129.375,102009.3,154.93852
27.04623949994481,131.25,102011.67,153.39224
27.04623949994481,133.125,101984.2,152.39687
27.04623949994481,135.0,101937.64,154.30164
27.04623949994481,136.875,101921.56,158.23814
27.04623949994481,138.75,101906.22,163.50014
27.04623949994481,140.625,101866.09,170.51555
27.04623949994481,142.5,101839.9,177.56529
27.04623949994481,144.375,101831.9,184.76186
27.04623949994481,146.25,101801.72,194.07567
27.04623949994481,148.125,101764.04,204.29851
27.04623949994481,150.0,101752.76,213.65395
27.04623949994481,151.875,101740.76,223.9315
27.04623949994481,153.75,101709.59,235.15794
27.04623949994481,155.625,101686.28,244.27492
27.04623949994481,157.5,101681.73,252.5517
27.04623949994481,159.375,101674.57,262.66818
27.04623949994481,161.25,101662.57,270.93884
27.04623949994481,163.125,101660.75,274.53873
27.04623949994481,165.0,101658.68,277.63773
27.04623949994481,166.875,101646.85,282.10562
27.04623949994481,168.75,101638.29,284.0517
27.04623949994481,170.625,101644.92,283.67535
27.04623949994481,172.5,101643.38,285.2514
27.04623949994481,174.375,101628.74,287.59854
27.04623949994481,176.25,101626.08,288.07422
27.04623949994481,178.125,101642.12,289.95816
27.04623949994481,180.0,101649.26,295.68112
27.04623949994481,181.875,101633.1,301.79364
27.04623949994481,183.75,101625.19,306.66635
27.04623949994481,185.625,101644.44,312.27686
27.04623949994481,187.5,101668.31,317.46265
27.04623949994481,189.375,101668.96,320.56577
27.04623949994481,191.25,101659.94,324.9851
27.04623949994481,193.125,101670.31,331.85474
27.04623949994481,195.0,101696.04,335.89218
27.04623949994481,196.875,101710.4,336.63477
27.04623949994481,198.75,101708.85,340.76755
27.04623949994481,200.625,101713.44,349.1252
27.04623949994481,202.5,101744.0,354.65103
27.04623949994481,204.375,101790.04,355.95898
27.04623949994481,206.25,101826.46,358.05524
27.04623949994481,208.125,101839.04,360.8453
27.04623949994481,210.0,101845.28,359.84192
27.04623949994481,211.875,101869.16,355.3941
27.04623949994481,213.75,101911.68,351.03082
27.04623949994481,215.625,101950.31,346.27005
27.04623949994481,217.5,101973.98,337.53564
27.04623949994481,219.375,101991.36,324.23206
27.04623949994481,221.25,102009.3,309.05856
27.04623949994481,223.125,102024.51,293.00937
27.04623949994481,225.0,102044.27,273.79633
27.04623949994481,226.875,102073.8,251.5122
27.04623949994481,228.75,102101.68,230.17133
27.04623949994481,230.625,102109.57,211.01074
27.04623949994481,232.5,102098.16,190.56412
27.04623949994481,234.375,102077.56,168.92061
27.04623949994481,236.25,102049.92,150.4442
27.04623949994481,238.125,102014.54,135.721
27.04623949994481,240.0,101976.26,121.4944
27.04623949994481,241.875,101929.44,110.17116
27.04623949994481,243.75,101845.48,104.32027
27.04623949994481,245.625,101725.48,101.938736
27.04623949994481,247.5,101637.03,99.764046
27.04623949994481,249.375,101603.0,99.966805
27.04623949994481,251.25,101651.76,118.981705
27.04623949994481,253.125,101646.42,170.07535
27.04623949994481,255.0,101666.78,233.80927
27.04623949994481,256.875,101688.8,245.75346
27.04623949994481,258.75,101755.68,238.09323
27.04623949994481,260.625,101819.0,248.05676
27.04623949994481,262.5,101841.28,239.85757
27.04623949994481,264.375,101847.44,230.70467
27.04623949994481,266.25,101883.88,224.18887
27.04623949994481,268.125,101928.94,215.78937
27.04623949994481,270.0,101946.94,206.90591
27.04623949994481,271.875,101966.7,202.87259
27.04623949994481,273.75,102010.44,201.74596
27.04623949994481,275.625,102042.34,197.33519
27.04623949994481,277.5,102040.92,192.4749
27.04623949994481,279.375,102031.51,193.45781
27.04623949994481,281.25,102038.09,196.8319
27.04623949994481,283.125,102057.96,196.4578
27.04623949994481,285.0,102084.63,196.8428
27.04623949994481,286.875,102107.88,201.53224
27.04623949994481,288.75,102121.54,205.05518
27.04623949994481,290.625,102134.1,205.00911
27.04623949994481,292.5,102148.26,205.6028
27.04623949994481,294.375,102154.88,207.11978
27.04623949994481,296.25,102161.82,206.87378
27.04623949994481,298.125,102184.72,206.24464
27.04623949994481,300.0,102209.47,205.5914
27.04623949994481,301.875,102217.99,202.16574
27.04623949994481,303.75,102220.74,197.7832
27.04623949994481,305.625,102230.12,196.37292
27.04623949994481,307.5,102244.74,196.0157
27.04623949994481,309.375,102257.53,193.8983
27.04623949994481,311.25,102272.4,192.8767
27.04623949994481,313.125,102286.36,194.53897
27.04623949994481,315.0,102290.99,195.53996
27.04623949994481,316.875,102286.3,195.392
27.04623949994481,318.75,102276.19,198.00237
27.04623949994481,320.625,102275.93,204.27101
27.04623949994481,322.5,102293.64,210.52924
27.04623949994481,324.375,102311.34,214.35808
27.04623949994481,326.25,102301.26,216.6591
27.04623949994481,328.125,102282.91,219.10353
27.04623949994481,330.0,102287.92,221.85802
27.04623949994481,331.875,102297.43,222.80176
27.04623949994481,333.75,102282.22,220.55882
27.04623949994481,335.625,102261.78,217.6007
27.04623949994481,337.5,102256.84,216.2759
27.04623949994481,339.375,102246.87,214.57906
27.04623949994481,341.25,102216.22,211.32956
27.04623949994481,343.125,102190.96,210.08804
27.04623949994481,345.0,102183.85,212.2565
27.04623949994481,346.875,102182.61,214.98184
27.04623949994481,348.75,102187.81,221.8749
27.04623949994481,350.625,102214.15,241.20343
27.04623949994481,352.5,102247.58,263.57312
27.04623949994481,354.375,102259.76,275.4238
27.04623949994481,356.25,102246.96,280.3267
27.04623949994481,358.125,102221.52,284.18744
28.91149236871774,0.0,102345.0,330.84274
28.91149236871774,1.875,102320.85,332.89194
28.91149236871774,3.75,102308.2,349.37314
28.91149236871774,5.625,102321.32,362.50253
28.91149236871774,7.5,102330.26,360.26285
28.91149236871774,9.375,102333.37,353.5493
28.91149236871774,11.25,102352.11,354.1724
28.91149236871774,13.125,102373.97,353.6713
28.91149236871774,15.0,102358.32,339.786
28.91149236871774,16.875,102311.27,321.8488
28.91149236871774,18.75,102277.98,305.00577
28.91149236871774,20.625,102269.0,287.91077
28.91149236871774,22.5,102247.11,267.44147
28.91149236871774,24.375,102203.71,247.6305
28.91149236871774,26.25,102172.45,229.79933
28.91149236871774,28.125,102149.1,212.38853
28.91149236871774,30.0,102102.34,196.45927
28.91149236871774,31.875,102037.59,184.87065
28.91149236871774,33.75,101981.1,176.43977
28.91149236871774,35.625,101928.04,172.10109
28.91149236871774,37.5,101897.66,179.9036
28.91149236871774,39.375,101921.42,187.94603
28.91149236871774,41.25,101948.93,182.17915
28.91149236871774,43.125,101924.1,168.52495
28.91149236871774,45.0,101847.0,161.135
28.91149236871774,46.875,101811.58,154.2156
28.91149236871774,48.75,101823.3,143.83327
28.91149236871774,50.625,101763.46,131.3716
28.91149236871774,52.5,101701.39,139.99586
28.91149236871774,54.375,101758.56,174.54463
28.91149236871774,56.25,101728.91,187.68024
28.91149236871774,58.125,101712.25,188.1868
28.91149236871774,60.0,101723.13,184.31837
28.91149236871774,61.875,101745.84,169.24153
28.91149236871774,63.75,101743.59,152.24254
28.91149236871774,65.625,101711.18,142.6781
28.91149236871774,67.5,101659.2,141.75542
28.91149236871774,69.375,101521.54,152.2674
28.91149236871774,71.25,101302.07,158.53943
28.91149236871774,73.125,101179.77,161.76657
28.91149236871774,75.0,101270.61,168.39693
28.91149236871774,76.875,101456.99,172.60614
28.91149236871774,78.75,101531.11,176.27379
28.91149236871774,80.625,101384.12,179.47864
28.91149236871774,82.5,101443.13,191.69067
28.91149236871774,84.375,101592.99,229.65892
28.91149236871774,86.25,101489.53,272.1817
28.91149236871774,88.125,101276.36,306.60736
28.91149236871774,90.0,101209.21,320.12723
28.91149236871774,91.875,101064.68,294.1452
28.91149236871774,93.75,101053.43,234.41597
28.91149236871774,95.625,101451.77,182.56088
28.91149236871774,97.5,101726.81,170.22748
28.91149236871774,99.375,101337.83,233.26804
28.91149236871774,101.25,100908.24,274.1959
28.91149236871774,103.125,101604.2,272.72345
28.91149236871774,105.0,102284.7,295.9819
28.91149236871774,106.875,102343.7,286.14868
28.91149236871774,108.75,102161.65,245.76614
28.91149236871774,110.625,102235.3,225.7929
28.91149236871774,112.5,102396.44,226.44267
28.91149236871774,114.375,102358.52,218.28674
28.91149236871774,116.25,102280.9,205.422
28.91149236871774,118.125,102334.97,199.01129
28.91149236871774,120.0,102389.49,194.32698
28.91149236871774,121.875,102325.06,187.44273
28.91149236871774,123.75,102250.41,180.57649
28.91149236871774,125.625,102198.4,171.70715
28.91149236871774,127.5,102127.62,164.17918
28.91149236871774,129.375,102061.46,162.96742
28.91149236871774,131.25,102027.5,164.11565
28.91149236871774,133.125,101989.23,165.93988
28.91149236871774,135.0,101944.04,170.91469
28.91149236871774,136.875,101924.38,178.15321
28.91149236871774,138.75,101905.96,186.86076
28.91149236871774,140.625,101861.74,197.83604
28.91149236871774,142.5,101822.91,209.7293
28.91149236871774,144.375,101805.06,221.5552
28.91149236871774,146.25,101773.38,234.90689
28.91149236871774,148.125,101727.93,249.40698
28.91149236871774,150.0,101707.24,262.9551
28.91149236871774,151.875,101704.95,276.19736
28.91149236871774,153.75,101685.66,289.56253
28.91149236871774,155.625,101657.4,300.7859
28.91149236871774,157.5,101641.53,310.4703
28.91149236871774,159.375,101630.12,321.42505
28.91149236871774,161.25,101617.74,331.65735
28.91149236871774,163.125,101614.35,337.62628
28.91149236871774,165.0,101617.62,341.6715
28.91149236871774,166.875,101606.19,346.78006
28.91149236871774,168.75,101590.52,350.4294
28.91149236871774,170.625,101596.73,350.60284
28.91149236871774,172.5,101613.02,350.27768
28.91149236871774,174.375,101609.42,351.61087
28.91149236871774,176.25,101593.68,354.01
28.91149236871774,178.125,101600.68,358.05502
28.91149236871774,180.0,101626.21,364.1592
28.91149236871774,181.875,101638.36,370.78366
28.91149236871774,183.75,101630.5,378.0391
28.91149236871774,185.625,101629.7,386.5555
28.91149236871774,187.5,101647.16,393.29263
28.91149236871774,189.375,101664.16,396.82803
28.91149236871774,191.25,101664.77,401.83478
28.91149236871774,193.125,101663.15,410.71304
28.91149236871774,195.0,101677.0,418.358
28.91149236871774,196.875,101708.91,422.7942
28.91149236871774,198.75,101741.53,428.7809
28.91149236871774,200.625,101763.23,436.78027
28.91149236871774,202.5,101780.26,441.47842
28.91149236871774,204.375,101807.94,442.5293
28.91149236871774,206.25,101845.46,443.52
28.91149236871774,208.125,101876.28,443.44785
28.91149236871774,210.0,101891.78,439.63208
28.91149236871774,211.875,101904.89,433.9385
28.91149236871774,213.75,101933.42,428.31744
28.91149236871774,215.625,101972.04,419.8795
28.91149236871774,217.5,102011.52,405.98477
28.91149236871774,219.375,102048.01,388.41498
28.91149236871774,221.25,102070.72,369.68854
28.91149236871774,223.125,102077.72,349.04993
28.91149236871774,225.0,102082.26,324.62976
28.91149236871774,226.875,102101.94,297.76062
28.91149236871774,228.75,102131.51,271.45184
28.91149236871774,230.625,102146.75,245.62505
28.91149236871774,232.5,102138.92,218.96167
28.91149236871774,234.375,102122.15,193.73784
28.91149236871774,236.25,102094.49,171.90947
28.91149236871774,238.125,102051.0,151.64844
28.91149236871774,240.0,101998.76,133.8843
28.91149236871774,241.875,101942.56,123.08473
28.91149236871774,243.75,101853.6,116.688286
28.91149236871774,245.625,101745.5,110.95116
28.91149236871774,247.5,101676.82,108.38832
28.91149236871774,249.375,101666.65,115.02783
28.91149236871774,251.25,101669.98,150.32863
28.91149236871774,253.125,101718.82,195.24785
28.91149236871774,255.0,101684.02,254.20674
28.91149236871774,256.875,101719.66,246.5988
28.91149236871774,258.75,101790.46,255.11899
28.91149236871774,260.625,101836.8,257.78717
28.91149236871774,262.5,101849.08,249.13913
28.91149236871774,264.375,101880.8,238.67514
28.91149236871774,266.25,101943.47,231.28928
28.91149236871774,268.125,101995.65,224.72696
28.91149236871774,270.0,102023.92,218.85216
28.91149236871774,271.875,102050.02,215.53094
28.91149236871774,273.75,102078.6,212.83516
28.91149236871774,275.625,102090.73,207.8734
28.91149236871774,277.5,102082.72,204.00607
28.91149236871774,279.375,102069.44,207.27554
28.91149236871774,281.25,102068.89,214.7077
28.91149236871774,283.125,102095.3,218.87883
28.91149236871774,285.0,102137.1,221.11911
28.91149236871774,286.875,102161.26,224.59775
28.91149236871774,288.75,102161.48,228.16016
28.91149236871774,290.625,102166.22,231.91682
28.91149236871774,292.5,102187.58,236.94145
28.91149236871774,294.375,102204.52,240.21184
28.91149236871774,296.25,102207.16,240.07831
28.91149236871774,298.125,102213.54,240.01945
28.91149236871774,300.0,102222.25,240.64586
28.91149236871774,301.875,102229.3,238.70198
28.91149236871774,303.75,102242.86,235.62161
28.91149236871774,305.625,102265.43,235.00624
28.91149236871774,307.5,102283.62,234.60982
28.91149236871774,309.375,102292.84,232.12009
28.91149236871774,311.25,102301.88,231.1184
28.91149236871774,313.125,102306.4,232.97789
28.91149236871774,315.0,102307.38,234.12917
28.91149236871774,316.875,102313.04,235.25665
28.91149236871774,318.75,102324.36,240.84799
28.91149236871774,320.625,102339.2,249.35628
28.91149236871774,322.5,102353.14,254.80511
28.91149236871774,324.375,102360.68,257.56302
28.91149236871774,326.25,102353.22,261.93518
28.91149236871774,328.125,102349.47,267.52304
28.91149236871774,330.0,102359.3,270.2306
28.91149236871774,331.875,102367.31,269.4755
28.91149236871774,333.75,102358.64,267.8571
28.91149236871774,335.625,102348.88,266.3609
28.91149236871774,337.5,102346.01,263.63638
28.91149236871774,339.375,102332.48,259.203
28.91149236871774,341.25,102312.44,255.51367
28.91149236871774,343.125,102303.02,254.4379
28.91149236871774,345.0,102294.68,252.7725
28.91149236871774,346.875,102267.12,247.85551
28.91149236871774,348.75,102250.68,246.21002
28.91149236871774,350.625,102273.83,261.20016
28.91149236871774,352.5,102312.29,289.66766
28.91149236871774,354.375,102330.54,316.63324
28.91149236871774,356.25,102340.94,332.612
28.91149236871774,358.125,102350.3,335.6145
30.77674406172325,0.0,102437.08,383.4133
30.77674406172325,1.875,102433.85,389.7946
30.77674406172325,3.75,102424.23,402.9931
30.77674406172325,5.625,102416.21,403.99106
30.77674406172325,7.5,102391.56,393.1003
30.77674406172325,9.375,102373.74,386.25085
30.77674406172325,11.25,102386.4,392.3354
30.77674406172325,13.125,102387.64,388.08783
30.77674406172325,15.0,102345.24,370.91144
30.77674406172325,16.875,102296.94,350.18515
30.77674406172325,18.75,102277.1,330.59274
30.77674406172325,20.625,102255.52,307.49164
30.77674406172325,22.5,102200.99,282.38522
30.77674406172325,24.375,102150.58,261.70325
30.77674406172325,26.25,102134.66,243.79782
30.77674406172325,28.125,102109.87,224.58932
30.77674406172325,30.0,102042.56,206.01308
30.77674406172325,31.875,101990.07,192.95676
30.77674406172325,33.75,101986.14,186.92567
30.77674406172325,35.625,101993.69,186.32324
30.77674406172325,37.5,101990.22,192.08067
30.77674406172325,39.375,101960.56,193.36514
30.77674406172325,41.25,101926.18,187.61682
30.77674406172325,43.125,101885.76,175.52032
30.77674406172325,45.0,101852.46,165.98674
30.77674406172325,46.875,101877.27,154.86546
30.77674406172325,48.75,101861.82,142.22682
30.77674406172325,50.625,101813.62,138.29079
30.77674406172325,52.5,101943.86,170.48596
30.77674406172325,54.375,101953.74,220.08525
30.77674406172325,56.25,101843.89,227.33894
30.77674406172325,58.125,101780.28,214.9023
30.77674406172325,60.0,101778.0,200.05396
30.77674406172325,61.875,101794.46,171.97758
30.77674406172325,63.75,101747.62,150.01544
30.77674406172325,65.625,101653.54,135.09583
30.77674406172325,67.5,101573.32,141.55334
30.77674406172325,69.375,101365.21,172.32776
30.77674406172325,71.25,101360.68,174.50475
30.77674406172325,73.125,101508.71,177.285
30.77674406172325,75.0,101570.37,167.87549
30.77674406172325,76.875,101419.64,178.64056
30.77674406172325,78.75,101544.72,182.04019
30.77674406172325,80.625,101996.67,222.50589
30.77674406172325,82.5,102398.66,278.2617
30.77674406172325,84.375,102323.51,304.25943
30.77674406172325,86.25,101722.21,309.9013
30.77674406172325,88.125,101196.4,325.07584
30.77674406172325,90.0,101064.64,333.38406
30.77674406172325,91.875,101006.82,349.343
30.77674406172325,93.75,100985.42,337.61902
30.77674406172325,95.625,101251.84,282.5427
30.77674406172325,97.5,101397.55,268.9443
30.77674406172325,99.375,100967.59,333.0561
30.77674406172325,101.25,100794.3,317.20465
30.77674406172325,103.125,101710.27,252.86038
30.77674406172325,105.0,102470.58,271.30783
30.77674406172325,106.875,102533.1,256.57703
30.77674406172325,108.75,102321.68,220.85156
30.77674406172325,110.625,102345.83,211.8307
30.77674406172325,112.5,102501.86,222.40147
30.77674406172325,114.375,102463.85,217.6346
30.77674406172325,116.25,102366.43,204.34122
30.77674406172325,118.125,102385.0,198.0251
30.77674406172325,120.0,102434.88,195.17076
30.77674406172325,121.875,102380.86,187.08049
30.77674406172325,123.75,102299.59,179.05353
30.77674406172325,125.625,102244.11,173.35529
30.77674406172325,127.5,102175.43,169.60733
30.77674406172325,129.375,102090.55,169.7204
30.77674406172325,131.25,102024.37,172.59431
30.77674406172325,133.125,101973.35,177.73038
30.77674406172325,135.0,101928.13,186.07413
30.77674406172325,136.875,101898.78,195.57164
30.77674406172325,138.75,101867.58,206.73685
30.77674406172325,140.625,101810.59,221.91956
30.77674406172325,142.5,101754.51,240.19711
30.77674406172325,144.375,101724.82,258.4221
30.77674406172325,146.25,101696.52,277.0183
30.77674406172325,148.125,101652.86,296.5565
30.77674406172325,150.0,101617.58,315.09192
30.77674406172325,151.875,101600.2,332.59064
30.77674406172325,153.75,101583.35,350.17108
30.77674406172325,155.625,101563.6,365.4759
30.77674406172325,157.5,101555.38,376.99557
30.77674406172325,159.375,101547.3,387.86526
30.77674406172325,161.25,101527.69,399.7908
30.77674406172325,163.125,101510.78,410.20248
30.77674406172325,165.0,101515.63,417.617
30.77674406172325,166.875,101521.77,423.5023
30.77674406172325,168.75,101512.64,427.76096
30.77674406172325,170.625,101505.49,429.08936
30.77674406172325,172.5,101523.27,429.14893
30.77674406172325,174.375,101543.97,430.9036
30.77674406172325,176.25,101541.16,435.04105
30.77674406172325,178.125,101530.58,440.83136
30.77674406172325,180.0,101538.94,447.31503
30.77674406172325,181.875,101563.42,454.17365
30.77674406172325,183.75,101574.82,462.84564
30.77674406172325,185.625,101568.01,474.30322
30.77674406172325,187.5,101571.16,485.61823
30.77674406172325,189.375,101600.54,493.8316
30.77674406172325,191.25,101635.35,500.6442
30.77674406172325,193.125,101653.78,508.92325
30.77674406172325,195.0,101658.94,518.1685
30.77674406172325,196.875,101679.06,526.8469
30.77674406172325,198.75,101721.13,534.2395
30.77674406172325,200.625,101760.58,539.07153
30.77674406172325,202.5,101772.92,541.3863
30.77674406172325,204.375,101772.35,543.23737
30.77674406172325,206.25,101792.1,543.7728
30.77674406172325,208.125,101838.3,539.36
30.77674406172325,210.0,101887.61,530.96356
30.77674406172325,211.875,101919.76,522.5417
30.77674406172325,213.75,101936.28,512.824
30.77674406172325,215.625,101952.76,497.7704
30.77674406172325,217.5,101977.21,478.42484
30.77674406172325,219.375,102013.34,457.56964
30.77674406172325,221.25,102059.99,433.79672
30.77674406172325,223.125,102103.4,405.48135
30.77674406172325,225.0,102130.74,375.1756
30.77674406172325,226.875,102139.16,345.29312
30.77674406172325,228.75,102136.12,314.37073
30.77674406172325,230.625,102134.35,281.3021
30.77674406172325,232.5,102137.42,249.05942
30.77674406172325,234.375,102143.25,220.40892
30.77674406172325,236.25,102128.78,193.34361
30.77674406172325,238.125,102075.4,167.36386
30.77674406172325,240.0,101991.37,148.6687
30.77674406172325,241.875,101898.41,139.31662
30.77674406172325,243.75,101804.88,131.7204
30.77674406172325,245.625,101737.63,123.615204
30.77674406172325,247.5,101715.37,122.16318
30.77674406172325,249.375,101729.4,135.03644
30.77674406172325,251.25,101781.56,157.72993
30.77674406172325,253.125,101778.34,210.31984
30.77674406172325,255.0,101727.44,250.68382
30.77674406172325,256.875,101772.5,261.8043
30.77674406172325,258.75,101847.1,263.85254
30.77674406172325,260.625,101889.3,263.09717
30.77674406172325,262.5,101909.36,255.66423
30.77674406172325,264.375,101955.3,246.46149
30.77674406172325,266.25,102013.28,239.7875
30.77674406172325,268.125,102048.0,234.22958
30.77674406172325,270.0,102067.58,228.3183
30.77674406172325,271.875,102090.41,222.70863
30.77674406172325,273.75,102111.28,218.10767
30.77674406172325,275.625,102128.22,214.00566
30.77674406172325,277.5,102140.64,211.649
30.77674406172325,279.375,102134.22,213.80135
30.77674406172325,281.25,102104.16,221.3914
30.77674406172325,283.125,102086.67,232.23187
30.77674406172325,285.0,102103.82,242.37918
30.77674406172325,286.875,102128.16,249.11908
30.77674406172325,288.75,102135.38,253.62144
30.77674406172325,290.625,102139.25,260.01837
30.77674406172325,292.5,102159.04,268.59384
30.77674406172325,294.375,102179.66,274.13348
30.77674406172325,296.25,102191.55,274.9596
30.77674406172325,298.125,102202.04,275.3771
30.77674406172325,300.0,102211.23,276.67
30.77674406172325,301.875,102221.23,276.0227
30.77674406172325,303.75,102238.86,274.06757
30.77674406172325,305.625,102255.99,273.37885
30.77674406172325,307.5,102263.89,272.43442
30.77674406172325,309.375,102268.05,270.04553
30.77674406172325,311.25,102277.72,269.49414
30.77674406172325,313.125,102288.11,272.0676
30.77674406172325,315.0,102297.92,274.9724
30.77674406172325,316.875,102316.26,278.65533
30.77674406172325,318.75,102342.24,285.99725
30.77674406172325,320.625,102351.46,294.58878
30.77674406172325,322.5,102347.79,300.628
30.77674406172325,324.375,102350.97,306.32812
30.77674406172325,326.25,102368.68,314.68466
30.77674406172325,328.125,102388.9,321.8907
30.77674406172325,330.0,102400.04,323.78894
30.77674406172325,331.875,102403.5,323.38333
30.77674406172325,333.75,102406.4,324.18195
30.77674406172325,335.625,102413.24,323.7099
30.77674406172325,337.5,102418.26,318.8438
30.77674406172325,339.375,102410.11,312.041
30.77674406172325,341.25,102399.6,307.42917
30.77674406172325,343.125,102394.94,304.73898
30.77674406172325,345.0,102379.98,299.22943
30.77674406172325,346.875,102349.54,289.25452
30.77674406172325,348.75,102331.4,280.1751
30.77674406172325,350.625,102337.06,280.0569
30.77674406172325,352.5,102346.45,282.5399
30.77674406172325,354.375,102370.67,322.904
30.77674406172325,356.25,102384.87,370.05414
30.77674406172325,358.125,102414.76,384.44775
32.64199443851768,0.0,102511.21,411.078
32.64199443851768,1.875,102477.17,425.497
32.64199443851768,3.75,102447.92,441.3629
32.64199443851768,5.625,102429.96,440.53455
32.64199443851768,7.5,102392.7,430.92953
32.64199443851768,9.375,102357.09,427.25952
32.64199443851768,11.25,102340.34,427.55267
32.64199443851768,13.125,102316.88,417.3532
32.64199443851768,15.0,102271.92,397.34976
32.64199443851768,16.875,102237.96,376.90018
32.64199443851768,18.75,102232.34,355.74234
32.64199443851768,20.625,102208.52,330.56207
32.64199443851768,22.5,102154.42,305.87314
32.64199443851768,24.375,102106.88,286.71368
32.64199443851768,26.25,102082.74,266.6534
32.64199443851768,28.125,102036.02,242.57834
32.64199443851768,30.0,101964.33,221.37643
32.64199443851768,31.875,101937.42,207.29771
32.64199443851768,33.75,101948.88,197.12267
32.64199443851768,35.625,101950.32,190.8489
32.64199443851768,37.5,101972.24,193.88959
32.64199443851768,39.375,101953.68,203.165
32.64199443851768,41.25,101904.12,200.13606
32.64199443851768,43.125,101884.78,185.1454
32.64199443851768,45.0,101870.4,170.66562
32.64199443851768,46.875,101857.55,159.92406
32.64199443851768,48.75,101873.06,155.09521
32.64199443851768,50.625,101966.84,174.68259
32.64199443851768,52.5,101990.27,224.63773
32.64199443851768,54.375,101922.77,247.19847
32.64199443851768,56.25,101886.01,232.5569
32.64199443851768,58.125,101862.7,217.91489
32.64199443851768,60.0,101873.4,210.09586
32.64199443851768,61.875,101862.5,188.15979
32.64199443851768,63.75,101763.41,163.86334
32.64199443851768,65.625,101783.43,148.54378
32.64199443851768,67.5,101799.55,155.91858
32.64199443851768,69.375,101517.36,173.12001
32.64199443851768,71.25,101617.62,170.42433
32.64199443851768,73.125,101742.37,167.11958
32.64199443851768,75.0,101478.13,169.10124
32.64199443851768,76.875,101739.0,169.14568
32.64199443851768,78.75,102573.32,203.42625
32.64199443851768,80.625,102657.84,339.00156
32.64199443851768,82.5,102093.14,345.5429
32.64199443851768,84.375,101511.76,312.92108
32.64199443851768,86.25,101116.68,302.93204
32.64199443851768,88.125,100955.46,316.8088
32.64199443851768,90.0,100992.18,321.13736
32.64199443851768,91.875,100990.76,339.9191
32.64199443851768,93.75,100881.4,368.88245
32.64199443851768,95.625,100890.07,361.6098
32.64199443851768,97.5,100927.92,364.18448
32.64199443851768,99.375,100794.14,427.58954
32.64199443851768,101.25,100898.16,412.72293
32.64199443851768,103.125,101633.26,279.97906
32.64199443851768,105.0,102325.29,243.97665
32.64199443851768,106.875,102492.25,227.37402
32.64199443851768,108.75,102420.46,205.58667
32.64199443851768,110.625,102468.13,206.9339
32.64199443851768,112.5,102552.48,218.97998
32.64199443851768,114.375,102502.66,216.8957
32.64199443851768,116.25,102427.65,207.44075
32.64199443851768,118.125,102435.26,203.69974
32.64199443851768,120.0,102446.55,201.19379
32.64199443851768,121.875,102378.62,191.62532
32.64199443851768,123.75,102300.84,182.16502
32.64199443851768,125.625,102254.58,177.75232
32.64199443851768,127.5,102185.64,176.32388
32.64199443851768,129.375,102089.52,176.80238
32.64199443851768,131.25,102024.15,180.76714
32.64199443851768,133.125,101991.6,188.55531
32.64199443851768,135.0,101937.47,199.07494
32.64199443851768,136.875,101865.26,210.96628
32.64199443851768,138.75,101799.58,225.71538
32.64199443851768,140.625,101726.26,245.44955
32.64199443851768,142.5,101653.42,268.75012
32.64199443851768,144.375,101604.52,292.27948
32.64199443851768,146.25,101572.6,316.31082
32.64199443851768,148.125,101532.31,341.25778
32.64199443851768,150.0,101489.2,364.33875
32.64199443851768,151.875,101456.56,384.98563
32.64199443851768,153.75,101427.51,406.13754
32.64199443851768,155.625,101399.48,427.31992
32.64199443851768,157.5,101391.08,444.59268
32.64199443851768,159.375,101394.11,458.38815
32.64199443851768,161.25,101383.27,472.62274
32.64199443851768,163.125,101360.68,487.44318
32.64199443851768,165.0,101359.92,499.4172
32.64199443851768,166.875,101382.97,507.35767
32.64199443851768,168.75,101391.0,512.8359
32.64199443851768,170.625,101376.64,517.01825
32.64199443851768,172.5,101374.67,520.884
32.64199443851768,174.375,101403.18,525.3224
32.64199443851768,176.25,101430.56,530.5368
32.64199443851768,178.125,101428.78,536.8641
32.64199443851768,180.0,101419.9,545.05676
32.64199443851768,181.875,101437.14,554.66815
32.64199443851768,183.75,101469.97,564.93243
32.64199443851768,185.625,101488.52,576.6143
32.64199443851768,187.5,101493.7,590.53204
32.64199443851768,189.375,101509.84,604.827
32.64199443851768,191.25,101547.1,616.51013
32.64199443851768,193.125,101584.7,625.5339
32.64199443851768,195.0,101603.75,634.82544
32.64199443851768,196.875,101611.75,645.4971
32.64199443851768,198.75,101632.73,654.05554
32.64199443851768,200.625,101674.49,657.52185
32.64199443851768,202.5,101721.5,658.7791
32.64199443851768,204.375,101755.88,660.5451
32.64199443851768,206.25,101781.26,658.2862
32.64199443851768,208.125,101812.84,647.5209
32.64199443851768,210.0,101852.35,632.9557
32.64199443851768,211.875,101889.89,619.3287
32.64199443851768,213.75,101923.81,602.599
32.64199443851768,215.625,101954.72,579.81775
32.64199443851768,217.5,101974.38,555.82434
32.64199443851768,219.375,101988.62,532.2299
32.64199443851768,221.25,102010.49,502.22092
32.64199443851768,223.125,102050.72,464.9993
32.64199443851768,225.0,102087.3,428.34607
32.64199443851768,226.875,102105.28,395.19153
32.64199443851768,228.75,102110.36,359.10446
32.64199443851768,230.625,102117.62,319.30692
32.64199443851768,232.5,102123.98,282.56247
32.64199443851768,234.375,102115.14,250.26631
32.64199443851768,236.25,102078.81,216.59166
32.64199443851768,238.125,102027.04,184.82265
32.64199443851768,240.0,101963.94,164.26384
32.64199443851768,241.875,101895.41,154.97202
32.64199443851768,243.75,101840.57,148.29198
32.64199443851768,245.625,101808.58,141.84695
32.64199443851768,247.5,101793.5,140.73323
32.64199443851768,249.375,101819.96,149.3734
32.64199443851768,251.25,101860.86,171.90038
32.64199443851768,253.125,101792.96,218.63016
32.64199443851768,255.0,101722.58,258.03326
32.64199443851768,256.875,101757.19,273.90128
32.64199443851768,258.75,101814.65,277.50067
32.64199443851768,260.625,101851.68,270.47162
32.64199443851768,262.5,101891.04,261.59525
32.64199443851768,264.375,101953.39,253.90916
32.64199443851768,266.25,102003.42,248.7047
32.64199443851768,268.125,102030.42,243.41455
32.64199443851768,270.0,102059.79,236.83162
32.64199443851768,271.875,102106.76,230.47119
32.64199443851768,273.75,102146.53,225.81923
32.64199443851768,275.625,102168.58,224.03421
32.64199443851768,277.5,102174.49,224.17216
32.64199443851768,279.375,102162.49,225.1062
32.64199443851768,281.25,102121.12,227.83907
32.64199443851768,283.125,102069.38,237.58269
32.64199443851768,285.0,102048.64,254.18736
32.64199443851768,286.875,102057.35,269.29947
32.64199443851768,288.75,102069.99,278.94888
32.64199443851768,290.625,102077.58,286.67572
32.64199443851768,292.5,102081.46,295.4132
32.64199443851768,294.375,102083.52,302.80725
32.64199443851768,296.25,102091.81,306.9518
32.64199443851768,298.125,102109.06,309.72995
32.64199443851768,300.0,102126.16,312.2483
32.64199443851768,301.875,102136.91,313.16006
32.64199443851768,303.75,102149.14,312.77185
32.64199443851768,305.625,102163.17,312.64938
32.64199443851768,307.5,102173.75,312.3463
32.64199443851768,309.375,102191.92,311.55194
32.64199443851768,311.25,102221.84,312.27496
32.64199443851768,313.125,102246.79,315.36542
32.64199443851768,315.0,102255.53,319.34006
32.64199443851768,316.875,102265.92,324.25766
32.64199443851768,318.75,102286.49,331.24948
32.64199443851768,320.625,102302.04,339.1624
32.64199443851768,322.5,102307.37,347.04352
32.64199443851768,324.375,102322.08,356.58926
32.64199443851768,326.25,102351.22,367.2439
32.64199443851768,328.125,102376.0,374.52368
32.64199443851768,330.0,102383.59,377.63516
32.64199443851768,331.875,102389.6,380.70926
32.64199443851768,333.75,102404.82,384.30765
32.64199443851768,335.625,102422.74,383.8004
32.64199443851768,337.5,102432.96,378.28046
32.64199443851768,339.375,102436.26,371.9265
32.64199443851768,341.25,102441.86,366.53687
32.64199443851768,343.125,102444.94,360.12546
32.64199443851768,345.0,102435.34,351.40115
32.64199443851768,346.875,102417.78,340.69193
32.64199443851768,348.75,102411.79,329.44763
32.64199443851768,350.625,102410.2,319.6984
32.64199443851768,352.5,102400.36,308.14975
32.64199443851768,354.375,102414.94,319.98203
32.64199443851768,356.25,102462.52,363.43625
32.64199443851768,358.125,102506.2,397.82434
34.50724334150103,0.0,102473.85,429.11963
34.50724334150103,1.875,102457.74,441.78018
34.50724334150103,3.75,102436.99,456.5227
34.50724334150103,5.625,102404.46,465.02228
34.50724334150103,7.5,102354.79,467.8926
34.50724334150103,9.375,102312.66,468.60306
34.50724334150103,11.25,102287.22,462.1849
34.50724334150103,13.125,102248.43,446.23508
34.50724334150103,15.0,102193.34,427.77963
34.50724334150103,16.875,102154.38,411.41992
34.50724334150103,18.75,102137.04,391.18256
34.50724334150103,20.625,102113.06,364.63293
34.50724334150103,22.5,102071.4,338.83646
34.50724334150103,24.375,102038.24,315.9428
34.50724334150103,26.25,102011.41,289.04965
34.50724334150103,28.125,101959.48,259.8294
34.50724334150103,30.0,101908.83,236.94473
34.50724334150103,31.875,101905.2,224.40866
34.50724334150103,33.75,101930.92,214.54463
34.50724334150103,35.625,101917.71,205.12053
34.50724334150103,37.5,101926.7,204.61948
34.50724334150103,39.375,101953.68,211.11874
34.50724334150103,41.25,101960.42,203.32635
34.50724334150103,43.125,101940.59,187.48193
34.50724334150103,45.0,101897.8,173.90231
34.50724334150103,46.875,101968.42,169.1634
34.50724334150103,48.75,102083.16,192.61
34.50724334150103,50.625,102045.71,247.48363
34.50724334150103,52.5,101970.2,278.75998
34.50724334150103,54.375,101999.28,265.1911
34.50724334150103,56.25,102004.7,243.76083
34.50724334150103,58.125,102016.26,235.7467
34.50724334150103,60.0,102084.34,242.10542
34.50724334150103,61.875,102122.32,235.11594
34.50724334150103,63.75,102104.6,214.00417
34.50724334150103,65.625,102180.42,193.615
34.50724334150103,67.5,102202.81,190.83537
34.50724334150103,69.375,101979.8,175.89583
34.50724334150103,71.25,101760.44,167.67358
34.50724334150103,73.125,101654.04,184.39453
34.50724334150103,75.0,101946.52,209.08975
34.50724334150103,76.875,102617.22,231.91066
34.50724334150103,78.75,102670.46,321.70905
34.50724334150103,80.625,102072.19,355.70035
34.50724334150103,82.5,101608.22,343.16446
34.50724334150103,84.375,101630.67,313.97284
34.50724334150103,86.25,101773.1,328.37604
34.50724334150103,88.125,101791.62,369.76135
34.50724334150103,90.0,101665.24,364.49835
34.50724334150103,91.875,101417.51,349.9676
34.50724334150103,93.75,101154.96,370.17123
34.50724334150103,95.625,101060.43,389.67383
34.50724334150103,97.5,101135.04,396.05746
34.50724334150103,99.375,101249.5,427.95367
34.50724334150103,101.25,101417.0,423.56796
34.50724334150103,103.125,101758.04,328.81253
34.50724334150103,105.0,102154.39,257.5959
34.50724334150103,106.875,102391.39,232.04155
34.50724334150103,108.75,102487.03,218.23276
34.50724334150103,110.625,102541.94,217.42113
34.50724334150103,112.5,102546.8,221.72723
34.50724334150103,114.375,102498.82,222.08127
34.50724334150103,116.25,102462.76,219.16891
34.50724334150103,118.125,102465.71,217.65076
34.50724334150103,120.0,102436.1,213.58517
34.50724334150103,121.875,102351.02,203.50157
34.50724334150103,123.75,102294.56,195.10455
34.50724334150103,125.625,102268.94,191.07005
34.50724334150103,127.5,102199.42,188.81158
34.50724334150103,129.375,102083.9,187.99887
34.50724334150103,131.25,102010.56,193.61328
34.50724334150103,133.125,101987.69,204.30888
34.50724334150103,135.0,101937.68,216.09816
34.50724334150103,136.875,101837.21,229.52716
34.50724334150103,138.75,101726.42,248.15778
34.50724334150103,140.625,101624.92,271.86835
34.50724334150103,142.5,101535.74,297.06912
34.50724334150103,144.375,101463.91,322.53897
34.50724334150103,146.25,101406.61,350.1675
34.50724334150103,148.125,101355.07,380.07556
34.50724334150103,150.0,101309.94,408.47708
34.50724334150103,151.875,101283.68,432.93915
34.50724334150103,153.75,101257.68,456.59344
34.50724334150103,155.625,101218.32,481.95053
34.50724334150103,157.5,101185.06,506.4551
34.50724334150103,159.375,101183.92,527.1604
34.50724334150103,161.25,101191.94,545.60516
34.50724334150103,163.125,101181.55,563.40625
34.50724334150103,165.0,101167.42,579.4264
34.50724334150103,166.875,101180.16,592.46643
34.50724334150103,168.75,101206.74,602.95294
34.50724334150103,170.625,101213.86,612.0179
34.50724334150103,172.5,101206.75,620.8439
34.50724334150103,174.375,101221.1,629.58527
34.50724334150103,176.25,101259.88,637.21497
34.50724334150103,178.125,101290.83,644.69055
34.50724334150103,180.0,101299.31,655.587
34.50724334150103,181.875,101308.2,670.568
34.50724334150103,183.75,101338.81,685.15533
34.50724334150103,185.625,101379.48,696.922
34.50724334150103,187.5,101404.74,709.407
34.50724334150103,189.375,101413.41,725.2555
34.50724334150103,191.25,101426.82,741.10345
34.50724334150103,193.125,101465.89,752.98517
34.50724334150103,195.0,101517.06,763.02484
34.50724334150103,196.875,101554.51,774.35443
34.50724334150103,198.75,101574.77,784.1402
34.50724334150103,200.625,101604.55,788.1797
34.50724334150103,202.5,101659.78,788.16724
34.50724334150103,204.375,101720.6,785.79205
34.50724334150103,206.25,101761.94,776.6357
34.50724334150103,208.125,101782.5,758.7466
34.50724334150103,210.0,101798.68,738.3277
34.50724334150103,211.875,101822.76,718.8906
34.50724334150103,213.75,101864.06,695.0155
34.50724334150103,215.625,101917.02,664.9893
34.50724334150103,217.5,101961.23,635.26013
34.50724334150103,219.375,101981.84,606.433
34.50724334150103,221.25,101989.04,570.4686
34.50724334150103,223.125,101998.88,527.3674
34.50724334150103,225.0,102013.57,485.8655
34.50724334150103,226.875,102032.38,447.44543
34.50724334150103,228.75,102061.5,404.81393
34.50724334150103,230.625,102093.53,359.5091
34.50724334150103,232.5,102101.56,319.22748
34.50724334150103,234.375,102067.82,281.9961
34.50724334150103,236.25,102016.48,240.76227
34.50724334150103,238.125,101984.68,204.10246
34.50724334150103,240.0,101962.6,179.97865
34.50724334150103,241.875,101936.29,169.17744
34.50724334150103,243.75,101903.3,167.02968
34.50724334150103,245.625,101880.15,165.9523
34.50724334150103,247.5,101880.25,165.80219
34.50724334150103,249.375,101922.5,166.58289
34.50724334150103,251.25,101954.22,182.57695
34.50724334150103,253.125,101856.03,223.8426
34.50724334150103,255.0,101736.06,273.6006
34.50724334150103,256.875,101717.36,300.60278
34.50724334150103,258.75,101758.74,301.13547
34.50724334150103,260.625,101797.42,290.39423
34.50724334150103,262.5,101853.2,275.85474
34.50724334150103,264.375,101925.54,265.56104
34.50724334150103,266.25,101984.29,258.5433
34.50724334150103,268.125,102016.47,252.03438
34.50724334150103,270.0,102059.12,245.4767
34.50724334150103,271.875,102118.5,240.22018
34.50724334150103,273.75,102162.57,237.25539
34.50724334150103,275.625,102174.21,237.06546
34.50724334150103,277.5,102164.08,238.29977
34.50724334150103,279.375,102141.14,238.86597
34.50724334150103,281.25,102108.41,239.3305
34.50724334150103,283.125,102073.09,244.46672
34.50724334150103,285.0,102031.04,257.84506
34.50724334150103,286.875,101990.7,277.7298
34.50724334150103,288.75,101970.23,296.38632
34.50724334150103,290.625,101972.86,309.57632
34.50724334150103,292.5,101978.19,319.3631
34.50724334150103,294.375,101971.47,328.07968
34.50724334150103,296.25,101968.49,335.35202
34.50724334150103,298.125,101978.13,340.77243
34.50724334150103,300.0,101988.7,344.993
34.50724334150103,301.875,101992.46,348.31735
34.50724334150103,303.75,102005.46,350.76215
34.50724334150103,305.625,102028.82,352.65558
34.50724334150103,307.5,102048.7,354.2672
34.50724334150103,309.375,102068.96,355.8141
34.50724334150103,311.25,102097.92,357.8946
34.50724334150103,313.125,102125.14,361.08817
34.50724334150103,315.0,102137.06,365.5628
34.50724334150103,316.875,102147.72,371.3576
34.50724334150103,318.75,102171.58,378.2321
34.50724334150103,320.625,102205.38,386.0027
34.50724334150103,322.5,102234.78,395.32294
34.50724334150103,324.375,102260.34,406.50446
34.50724334150103,326.25,102284.46,417.1377
34.50724334150103,328.125,102305.04,424.77136
34.50724334150103,330.0,102320.1,431.01724
34.50724334150103,331.875,102340.34,437.81152
34.50724334150103,333.75,102368.54,442.08078
34.50724334150103,335.625,102390.6,440.86545
34.50724334150103,337.5,102401.29,437.34207
34.50724334150103,339.375,102409.76,434.5176
34.50724334150103,341.25,102423.27,428.80838
34.50724334150103,343.125,102435.51,418.34003
34.50724334150103,345.0,102433.43,407.367
34.50724334150103,346.875,102420.96,398.54922
34.50724334150103,348.75,102409.13,386.99078
34.50724334150103,350.625,102406.45,373.55994
34.50724334150103,352.5,102397.86,365.1394
34.50724334150103,354.375,102395.25,368.0193
34.50724334150103,356.25,102423.19,388.9711
34.50724334150103,358.125,102465.41,413.87537
36.37249059281224,0.0,102404.55,477.46396
36.37249059281224,1.875,102381.66,486.51678
36.37249059281224,3.75,102366.44,491.69272
36.37249059281224,5.625,102351.02,493.55362
36.37249059281224,7.5,102308.49,497.72943
36.37249059281224,9.375,102260.67,501.5177
36.37249059281224,11.25,102222.47,494.89868
36.37249059281224,13.125,102180.35,480.54114
36.37249059281224,15.0,102141.82,467.21948
36.37249059281224,16.875,102113.11,454.5657
36.37249059281224,18.75,102080.98,433.991
36.37249059281224,20.625,102036.8,405.67032
36.37249059281224,22.5,101991.24,378.42508
36.37249059281224,24.375,101961.49,352.55328
36.37249059281224,26.25,101933.78,320.43845
36.37249059281224,28.125,101907.48,285.0481
36.37249059281224,30.0,101922.23,257.20023
36.37249059281224,31.875,101918.27,245.8941
36.37249059281224,33.75,101890.62,239.63464
36.37249059281224,35.625,101896.86,231.45132
36.37249059281224,37.5,101950.28,228.05391
36.37249059281224,39.375,101979.7,225.60295
36.37249059281224,41.25,101946.23,213.6013
36.37249059281224,43.125,101903.43,197.78503
36.37249059281224,45.0,101966.15,192.47746
36.37249059281224,46.875,102122.19,221.69368
36.37249059281224,48.75,102102.17,288.20166
36.37249059281224,50.625,101972.47,324.86325
36.37249059281224,52.5,102006.4,315.61716
36.37249059281224,54.375,102100.6,293.76825
36.37249059281224,56.25,102128.96,276.8117
36.37249059281224,58.125,102126.69,277.03616
36.37249059281224,60.0,102148.36,287.92847
36.37249059281224,61.875,102198.29,282.00974
36.37249059281224,63.75,102195.95,266.72873
36.37249059281224,65.625,102205.72,246.11343
36.37249059281224,67.5,102255.96,225.52388
36.37249059281224,69.375,102272.46,199.36864
36.37249059281224,71.25,102326.82,176.01434
36.37249059281224,73.125,102538.58,220.27365
36.37249059281224,75.0,102526.71,295.28793
36.37249059281224,76.875,102067.44,322.5404
36.37249059281224,78.75,101599.95,330.32913
36.37249059281224,80.625,101498.19,335.3339
36.37249059281224,82.5,101717.04,326.8916
36.37249059281224,84.375,102006.88,307.53558
36.37249059281224,86.25,102219.42,316.44702
36.37249059281224,88.125,102219.22,366.5368
36.37249059281224,90.0,102012.41,372.28586
36.37249059281224,91.875,101804.91,355.8608
36.37249059281224,93.75,101722.12,364.86786
36.37249059281224,95.625,101706.7,390.5775
36.37249059281224,97.5,101763.25,392.48
36.37249059281224,99.375,101840.84,369.98703
36.37249059281224,101.25,101905.31,337.03
36.37249059281224,103.125,102039.3,299.98132
36.37249059281224,105.0,102252.84,271.95306
36.37249059281224,106.875,102437.92,250.64568
36.37249059281224,108.75,102535.05,234.80461
36.37249059281224,110.625,102550.38,226.79259
36.37249059281224,112.5,102511.18,227.08195
36.37249059281224,114.375,102483.22,233.31015
36.37249059281224,116.25,102477.1,237.05074
36.37249059281224,118.125,102456.06,236.61082
36.37249059281224,120.0,102397.68,231.77016
36.37249059281224,121.875,102321.57,222.71446
36.37249059281224,123.75,102290.42,215.54118
36.37249059281224,125.625,102276.42,210.6635
36.37249059281224,127.5,102194.8,206.2741
36.37249059281224,129.375,102041.24,205.1881
36.37249059281224,131.25,101932.33,213.7504
36.37249059281224,133.125,101883.16,227.03926
36.37249059281224,135.0,101833.72,240.97273
36.37249059281224,136.875,101761.96,256.44678
36.37249059281224,138.75,101661.9,276.69556
36.37249059281224,140.625,101539.54,300.01993
36.37249059281224,142.5,101426.74,323.7254
36.37249059281224,144.375,101335.68,349.6968
36.37249059281224,146.25,101257.3,379.50388
36.37249059281224,148.125,101185.34,412.48923
36.37249059281224,150.0,101119.33,446.11093
36.37249059281224,151.875,101084.44,477.2915
36.37249059281224,153.75,101073.52,505.6021
36.37249059281224,155.625,101043.87,532.8131
36.37249059281224,157.5,100997.0,560.1994
36.37249059281224,159.375,100973.44,587.0765
36.37249059281224,161.25,100986.45,611.6242
36.37249059281224,163.125,100994.44,633.16504
36.37249059281224,165.0,100977.4,653.27515
36.37249059281224,166.875,100967.48,673.4416
36.37249059281224,168.75,100992.12,692.0009
36.37249059281224,170.625,101029.95,706.591
36.37249059281224,172.5,101048.19,719.2076
36.37249059281224,174.375,101051.05,732.9821
36.37249059281224,176.25,101071.08,746.63824
36.37249059281224,178.125,101112.95,757.9707
36.37249059281224,180.0,101150.45,770.43585
36.37249059281224,181.875,101165.74,788.20294
36.37249059281224,183.75,101178.02,808.3199
36.37249059281224,185.625,101213.22,824.9151
36.37249059281224,187.5,101265.63,839.1011
36.37249059281224,189.375,101306.24,855.6211
36.37249059281224,191.25,101326.12,873.3608
36.37249059281224,193.125,101356.04,887.356
36.37249059281224,195.0,101416.48,897.61084
36.37249059281224,196.875,101482.06,907.4157
36.37249059281224,198.75,101521.65,915.60034
36.37249059281224,200.625,101542.82,918.165
36.37249059281224,202.5,101569.94,915.14526
36.37249059281224,204.375,101607.95,907.9977
36.37249059281224,206.25,101648.92,894.37415
36.37249059281224,208.125,101692.14,872.8382
36.37249059281224,210.0,101734.86,847.3075
36.37249059281224,211.875,101769.65,820.2434
36.37249059281224,213.75,101790.9,788.3428
36.37249059281224,215.625,101814.38,750.8827
36.37249059281224,217.5,101850.86,712.5215
36.37249059281224,219.375,101892.82,674.0048
36.37249059281224,221.25,101930.04,631.0453
36.37249059281224,223.125,101955.34,584.4438
36.37249059281224,225.0,101967.24,539.3345
36.37249059281224,226.875,101974.42,494.9845
36.37249059281224,228.75,101992.58,447.1364
36.37249059281224,230.625,102015.58,399.08408
36.37249059281224,232.5,102022.85,355.31027
36.37249059281224,234.375,102008.84,310.32254
36.37249059281224,236.25,101999.7,262.9713
36.37249059281224,238.125,101999.22,226.32024
36.37249059281224,240.0,101999.3,201.64178
36.37249059281224,241.875,102012.18,189.66373
36.37249059281224,243.75,101984.1,193.41039
36.37249059281224,245.625,101942.85,202.19913
36.37249059281224,247.5,101961.53,206.85263
36.37249059281224,249.375,102019.41,208.02533
36.37249059281224,251.25,102043.67,210.98291
36.37249059281224,253.125,101929.87,236.64218
36.37249059281224,255.0,101757.97,284.74722
36.37249059281224,256.875,101705.26,317.54858
36.37249059281224,258.75,101761.54,321.48
36.37249059281224,260.625,101828.66,308.5071
36.37249059281224,262.5,101889.73,293.32736
36.37249059281224,264.375,101957.54,280.99432
36.37249059281224,266.25,102007.62,270.52582
36.37249059281224,268.125,102030.44,261.75317
36.37249059281224,270.0,102053.48,255.44975
36.37249059281224,271.875,102083.54,251.18092
36.37249059281224,273.75,102106.07,248.02289
36.37249059281224,275.625,102125.06,246.95624
36.37249059281224,277.5,102149.35,248.87411
36.37249059281224,279.375,102150.14,251.38383
36.37249059281224,281.25,102101.56,252.65819
36.37249059281224,283.125,102048.58,256.55466
36.37249059281224,285.0,101994.26,265.47144
36.37249059281224,286.875,101905.74,282.25006
36.37249059281224,288.75,101830.8,305.32132
36.37249059281224,290.625,101812.82,325.3875
36.37249059281224,292.5,101822.47,339.2775
36.37249059281224,294.375,101821.14,350.38467
36.37249059281224,296.25,101817.16,359.9958
36.37249059281224,298.125,101822.7,367.0805
36.37249059281224,300.0,101826.23,372.50214
36.37249059281224,301.875,101821.98,377.8417
36.37249059281224,303.75,101830.62,382.6688
36.37249059281224,305.625,101857.46,386.22467
36.37249059281224,307.5,101878.18,389.48212
36.37249059281224,309.375,101885.21,393.41803
36.37249059281224,311.25,101897.15,397.67178
36.37249059281224,313.125,101929.26,402.37448
36.37249059281224,315.0,101965.96,408.66876
36.37249059281224,316.875,101996.14,416.61276
36.37249059281224,318.75,102027.0,424.97775
36.37249059281224,320.625,102062.74,433.69882
36.37249059281224,322.5,102097.34,444.00455
36.37249059281224,324.375,102126.01,455.61838
36.37249059281224,326.25,102153.86,466.2167
36.37249059281224,328.125,102186.63,475.10345
36.37249059281224,330.0,102221.56,484.1491
36.37249059281224,331.875,102254.99,492.7207
36.37249059281224,333.75,102287.62,496.53503
36.37249059281224,335.625,102317.3,495.61185
36.37249059281224,337.5,102337.39,494.95062
36.37249059281224,339.375,102353.23,495.70682
36.37249059281224,341.25,102371.52,490.7236
36.37249059281224,343.125,102393.77,479.1044
36.37249059281224,345.0,102406.14,468.35706
36.37249059281224,346.875,102401.58,460.57205
36.37249059281224,348.75,102383.35,448.68
36.37249059281224,350.625,102376.88,431.62234
36.37249059281224,352.5,102385.55,420.52557
36.37249059281224,354.375,102396.69,424.15372
36.37249059281224,356.25,102412.17,442.49356
36.37249059281224,358.125,102418.52,463.38513
38.23773599056483,0.0,102308.34,539.31793
38.23773599056483,1.875,102293.5,545.21045
38.23773599056483,3.75,102268.9,545.12146
38.23773599056483,5.625,102237.59,541.8374
38.23773599056483,7.5,102205.54,538.72455
38.23773599056483,9.375,102163.65,537.02997
38.23773599056483,11.25,102110.9,531.22675
38.23773599056483,13.125,102068.35,520.60657
38.23773599056483,15.0,102051.0,509.3146
38.23773599056483,16.875,102045.05,495.0478
38.23773599056483,18.75,102023.88,472.41913
38.23773599056483,20.625,101990.42,444.46335
38.23773599056483,22.5,101954.42,421.19348
38.23773599056483,24.375,101919.58,400.5833
38.23773599056483,26.25,101900.17,370.4399
38.23773599056483,28.125,101912.9,334.525
38.23773599056483,30.0,102024.35,305.47864
38.23773599056483,31.875,102139.74,294.2758
38.23773599056483,33.75,102140.32,289.5995
38.23773599056483,35.625,102128.83,279.50772
38.23773599056483,37.5,102162.37,266.68933
38.23773599056483,39.375,102150.99,250.80307
38.23773599056483,41.25,102060.24,231.22595
38.23773599056483,43.125,102001.62,222.38177
38.23773599056483,45.0,102041.32,250.20195
38.23773599056483,46.875,102047.74,321.3863
38.23773599056483,48.75,101968.64,362.7427
38.23773599056483,50.625,101976.12,353.50635
38.23773599056483,52.5,102051.56,335.7002
38.23773599056483,54.375,102091.18,320.90884
38.23773599056483,56.25,102101.7,313.59824
38.23773599056483,58.125,102086.16,313.20663
38.23773599056483,60.0,102130.1,309.54904
38.23773599056483,61.875,102195.22,298.31927
38.23773599056483,63.75,102219.28,284.12326
38.23773599056483,65.625,102272.94,263.41428
38.23773599056483,67.5,102313.68,238.81433
38.23773599056483,69.375,102278.94,217.21361
38.23773599056483,71.25,102435.02,209.71144
38.23773599056483,73.125,102595.01,243.3859
38.23773599056483,75.0,102142.32,317.17053
38.23773599056483,76.875,101784.68,351.00092
38.23773599056483,78.75,102047.38,345.08984
38.23773599056483,80.625,102369.34,338.58786
38.23773599056483,82.5,102390.46,332.3589
38.23773599056483,84.375,102152.39,317.70078
38.23773599056483,86.25,101869.01,305.15887
38.23773599056483,88.125,101762.5,306.53433
38.23773599056483,90.0,101873.32,311.76675
38.23773599056483,91.875,102077.27,313.4546
38.23773599056483,93.75,102203.22,324.32642
38.23773599056483,95.625,102229.24,349.50735
38.23773599056483,97.5,102190.94,351.89594
38.23773599056483,99.375,102106.18,321.13077
38.23773599056483,101.25,102136.24,298.46793
38.23773599056483,103.125,102299.27,286.1996
38.23773599056483,105.0,102443.32,271.18628
38.23773599056483,106.875,102511.25,252.52115
38.23773599056483,108.75,102538.1,238.90828
38.23773599056483,110.625,102543.48,234.68382
38.23773599056483,112.5,102515.38,237.43333
38.23773599056483,114.375,102485.79,245.44809
38.23773599056483,116.25,102468.64,250.9028
38.23773599056483,118.125,102435.96,251.12785
38.23773599056483,120.0,102383.04,248.69566
38.23773599056483,121.875,102325.83,243.38257
38.23773599056483,123.75,102282.92,236.51779
38.23773599056483,125.625,102241.28,229.99716
38.23773599056483,127.5,102135.04,224.66982
38.23773599056483,129.375,101963.74,226.27945
38.23773599056483,131.25,101844.0,237.71288
38.23773599056483,133.125,101776.02,250.89658
38.23773599056483,135.0,101695.8,265.6769
38.23773599056483,136.875,101620.65,283.1695
38.23773599056483,138.75,101550.03,302.87155
38.23773599056483,140.625,101445.34,322.91028
38.23773599056483,142.5,101315.21,345.82312
38.23773599056483,144.375,101198.76,375.1156
38.23773599056483,146.25,101115.9,408.74628
38.23773599056483,148.125,101044.99,443.18936
38.23773599056483,150.0,100964.84,477.9906
38.23773599056483,151.875,100898.84,513.3579
38.23773599056483,153.75,100873.83,546.4397
38.23773599056483,155.625,100865.06,575.2151
38.23773599056483,157.5,100833.94,602.8105
38.23773599056483,159.375,100793.68,633.2708
38.23773599056483,161.25,100782.44,665.04736
38.23773599056483,163.125,100799.38,693.4786
38.23773599056483,165.0,100803.26,719.2358
38.23773599056483,166.875,100789.01,745.8379
38.23773599056483,168.75,100793.06,771.41064
38.23773599056483,170.625,100831.5,790.92035
38.23773599056483,172.5,100875.51,806.7011
38.23773599056483,174.375,100892.54,825.7124
38.23773599056483,176.25,100900.1,847.98755
38.23773599056483,178.125,100930.46,866.68365
38.23773599056483,180.0,100986.38,881.434
38.23773599056483,181.875,101028.05,899.0627
38.23773599056483,183.75,101045.12,922.15985
38.23773599056483,185.625,101065.02,945.70276
38.23773599056483,187.5,101120.22,966.1239
38.23773599056483,189.375,101189.34,985.636
38.23773599056483,191.25,101239.13,1004.5879
38.23773599056483,193.125,101266.48,1019.32214
38.23773599056483,195.0,101300.96,1029.1031
38.23773599056483,196.875,101352.3,1036.7056
38.23773599056483,198.75,101408.09,1041.9365
38.23773599056483,200.625,101453.85,1041.5104
38.23773599056483,202.5,101491.46,1035.1921
38.23773599056483,204.375,101523.83,1025.1786
38.23773599056483,206.25,101558.06,1009.8025
38.23773599056483,208.125,101607.15,985.12787
38.23773599056483,210.0,101670.88,951.93445
38.23773599056483,211.875,101724.35,914.3747
38.23773599056483,213.75,101745.42,874.28076
38.23773599056483,215.625,101746.94,831.12866
38.23773599056483,217.5,101755.96,785.05365
38.23773599056483,219.375,101784.06,736.8465
38.23773599056483,221.25,101823.03,687.0934
38.23773599056483,223.125,101857.2,637.2576
38.23773599056483,225.0,101879.64,588.2648
38.23773599056483,226.875,101894.5,538.6502
38.23773599056483,228.75,101901.57,488.15714
38.23773599056483,230.625,101904.46,439.5276
38.23773599056483,232.5,101908.47,391.38977
38.23773599056483,234.375,101925.0,339.04407
38.23773599056483,236.25,101959.22,290.2721
38.23773599056483,238.125,101984.9,256.74332
38.23773599056483,240.0,102036.55,237.09402
38.23773599056483,241.875,102109.73,234.3628
38.23773599056483,243.75,102095.98,247.0762
38.23773599056483,245.625,102048.04,259.68552
38.23773599056483,247.5,102065.32,262.94385
38.23773599056483,249.375,102093.76,261.3417
38.23773599056483,251.25,102055.91,259.19952
38.23773599056483,253.125,101893.16,268.92297
38.23773599056483,255.0,101704.28,297.29153
38.23773599056483,256.875,101675.76,320.85846
38.23773599056483,258.75,101780.04,322.45724
38.23773599056483,260.625,101870.01,311.82135
38.23773599056483,262.5,101919.9,301.26062
38.23773599056483,264.375,101954.2,291.68137
38.23773599056483,266.25,101980.87,281.402
38.23773599056483,268.125,102001.24,272.34674
38.23773599056483,270.0,102017.29,267.17188
38.23773599056483,271.875,102023.8,263.6463
38.23773599056483,273.75,102033.66,259.17188
38.23773599056483,275.625,102064.58,255.5318
38.23773599056483,277.5,102106.58,255.61852
38.23773599056483,279.375,102119.6,259.61948
38.23773599056483,281.25,102060.82,264.63483
38.23773599056483,283.125,101984.06,269.7504
38.23773599056483,285.0,101925.85,277.50626
38.23773599056483,286.875,101848.68,291.47128
38.23773599056483,288.75,101768.67,312.0502
38.23773599056483,290.625,101728.98,332.1269
38.23773599056483,292.5,101707.57,347.9009
38.23773599056483,294.375,101675.43,362.09857
38.23773599056483,296.25,101647.85,375.23557
38.23773599056483,298.125,101647.23,385.015
38.23773599056483,300.0,101653.82,392.2067
38.23773599056483,301.875,101642.98,399.12912
38.23773599056483,303.75,101633.64,405.0527
38.23773599056483,305.625,101650.21,408.92044
38.23773599056483,307.5,101674.62,412.69748
38.23773599056483,309.375,101687.6,418.4549
38.23773599056483,311.25,101701.64,425.75067
38.23773599056483,313.125,101735.72,433.98376
38.23773599056483,315.0,101777.96,443.92993
38.23773599056483,316.875,101812.02,455.3889
38.23773599056483,318.75,101837.82,466.4508
38.23773599056483,320.625,101870.11,476.85297
38.23773599056483,322.5,101907.73,488.2053
38.23773599056483,324.375,101945.42,500.58646
38.23773599056483,326.25,101986.12,512.0063
38.23773599056483,328.125,102033.88,522.16174
38.23773599056483,330.0,102080.55,532.56976
38.23773599056483,331.875,102113.26,542.26794
38.23773599056483,333.75,102139.21,547.67346
38.23773599056483,335.625,102174.44,549.1043
38.23773599056483,337.5,102211.3,550.62427
38.23773599056483,339.375,102239.42,552.44055
38.23773599056483,341.25,102262.71,549.4426
38.23773599056483,343.125,102290.64,541.1831
38.23773599056483,345.0,102320.7,533.20953
38.23773599056483,346.875,102338.52,525.7873
38.23773599056483,348.75,102346.7,513.1792
38.23773599056483,350.625,102360.74,496.21616
38.23773599056483,352.5,102384.26,483.89514
38.23773599056483,354.375,102415.88,485.92508
38.23773599056483,356.25,102412.79,503.4284
38.23773599056483,358.125,102352.85,524.672
40.1029793042494,0.0,102246.27,586.5623
40.1029793042494,1.875,102185.6,593.3992
40.1029793042494,3.75,102160.68,590.7908
40.1029793042494,5.625,102131.41,585.6668
40.1029793042494,7.5,102100.6,581.6764
40.1029793042494,9.375,102064.88,578.39905
40.1029793042494,11.25,102023.39,572.5408
40.1029793042494,13.125,101987.28,562.6717
40.1029793042494,15.0,101964.7,550.7011
40.1029793042494,16.875,101951.72,534.72784
40.1029793042494,18.75,101948.04,511.8317
40.1029793042494,20.625,101967.22,487.55783
40.1029793042494,22.5,101973.12,473.7938
40.1029793042494,24.375,101931.34,462.88782
40.1029793042494,26.25,101903.79,437.96487
40.1029793042494,28.125,101909.24,405.94604
40.1029793042494,30.0,101968.39,380.51492
40.1029793042494,31.875,102063.06,368.93338
40.1029793042494,33.75,102083.28,363.62814
40.1029793042494,35.625,102060.38,351.57156
40.1029793042494,37.5,102080.44,331.68994
40.1029793042494,39.375,102106.97,306.21265
40.1029793042494,41.25,102104.83,280.9527
40.1029793042494,43.125,102081.92,277.88245
40.1029793042494,45.0,102022.39,323.1619
40.1029793042494,46.875,101960.82,382.34354
40.1029793042494,48.75,101966.5,389.4858
40.1029793042494,50.625,102020.3,375.94345
40.1029793042494,52.5,102041.98,362.06216
40.1029793042494,54.375,102043.06,348.14926
40.1029793042494,56.25,102055.18,341.99332
40.1029793042494,58.125,102102.55,334.7036
40.1029793042494,60.0,102179.66,323.1948
40.1029793042494,61.875,102209.89,310.20187
40.1029793042494,63.75,102218.4,295.96387
40.1029793042494,65.625,102281.68,277.6296
40.1029793042494,67.5,102369.73,255.46701
40.1029793042494,69.375,102344.54,233.7398
40.1029793042494,71.25,102307.18,222.28903
40.1029793042494,73.125,102304.41,240.91516
40.1029793042494,75.0,102201.42,297.95114
40.1029793042494,76.875,102259.88,336.88162
40.1029793042494,78.75,102456.69,338.72772
40.1029793042494,80.625,102487.2,328.56876
40.1029793042494,82.5,102378.52,319.6352
40.1029793042494,84.375,102328.2,314.44205
40.1029793042494,86.25,102383.87,311.86578
40.1029793042494,88.125,102488.38,314.02048
40.1029793042494,90.0,102571.54,315.14136
40.1029793042494,91.875,102558.55,309.5421
40.1029793042494,93.75,102458.79,302.83688
40.1029793042494,95.625,102374.18,300.1646
40.1029793042494,97.5,102314.86,293.1986
40.1029793042494,99.375,102293.74,284.50143
40.1029793042494,101.25,102390.26,281.3125
40.1029793042494,103.125,102503.46,277.0624
40.1029793042494,105.0,102540.28,267.3311
40.1029793042494,106.875,102528.7,256.7887
40.1029793042494,108.75,102535.08,256.1891
40.1029793042494,110.625,102579.18,263.76828
40.1029793042494,112.5,102595.58,266.8811
40.1029793042494,114.375,102532.14,262.14575
40.1029793042494,116.25,102443.53,259.2942
40.1029793042494,118.125,102402.47,260.469
40.1029793042494,120.0,102389.57,261.9737
40.1029793042494,121.875,102357.56,260.59363
40.1029793042494,123.75,102302.12,256.05695
40.1029793042494,125.625,102245.08,250.70526
40.1029793042494,127.5,102128.57,245.41415
40.1029793042494,129.375,101943.6,247.75562
40.1029793042494,131.25,101807.25,259.30447
40.1029793042494,133.125,101725.6,270.40396
40.1029793042494,135.0,101620.75,283.30954
40.1029793042494,136.875,101506.76,300.8387
40.1029793042494,138.75,101418.62,320.4066
40.1029793042494,140.625,101331.64,339.5719
40.1029793042494,142.5,101200.97,363.42752
40.1029793042494,144.375,101052.56,396.8817
40.1029793042494,146.25,100957.2,434.46106
40.1029793042494,148.125,100912.43,468.77206
40.1029793042494,150.0,100859.07,501.40353
40.1029793042494,151.875,100782.58,536.56647
40.1029793042494,153.75,100726.88,573.0213
40.1029793042494,155.625,100714.74,605.9433
40.1029793042494,157.5,100705.06,636.6597
40.1029793042494,159.375,100663.64,670.80884
40.1029793042494,161.25,100620.32,708.731
40.1029793042494,163.125,100618.84,744.4845
40.1029793042494,165.0,100644.39,776.2399
40.1029793042494,166.875,100652.84,807.571
40.1029793042494,168.75,100642.5,838.1367
40.1029793042494,170.625,100654.61,863.2317
40.1029793042494,172.5,100703.62,883.8041
40.1029793042494,174.375,100751.76,907.1215
40.1029793042494,176.25,100775.82,935.2738
40.1029793042494,178.125,100795.21,961.7795
40.1029793042494,180.0,100844.14,983.1439
40.1029793042494,181.875,100909.52,1004.3764
40.1029793042494,183.75,100955.77,1029.6327
40.1029793042494,185.625,100980.24,1055.8595
40.1029793042494,187.5,101013.1,1079.1123
40.1029793042494,189.375,101070.53,1100.157
40.1029793042494,191.25,101135.68,1119.7797
40.1029793042494,193.125,101185.41,1135.4187
40.1029793042494,195.0,101221.21,1146.0052
40.1029793042494,196.875,101258.8,1153.4836
40.1029793042494,198.75,101307.04,1157.498
40.1029793042494,200.625,101368.1,1154.4841
40.1029793042494,202.5,101433.66,1143.6124
40.1029793042494,204.375,101485.84,1127.4932
40.1029793042494,206.25,101516.64,1105.7627
40.1029793042494,208.125,101539.34,1074.437
40.1029793042494,210.0,101569.42,1033.2566
40.1029793042494,211.875,101609.34,987.88574
40.1029793042494,213.75,101650.49,942.76624
40.1029793042494,215.625,101687.58,896.2266
40.1029793042494,217.5,101716.57,845.12933
40.1029793042494,219.375,101733.04,790.6984
40.1029793042494,221.25,101736.59,736.85114
40.1029793042494,223.125,101738.68,684.72797
40.1029793042494,225.0,101756.28,632.2431
40.1029793042494,226.875,101784.1,578.8288
40.1029793042494,228.75,101808.22,527.53436
40.1029793042494,230.625,101821.12,479.01663
40.1029793042494,232.5,101835.7,428.16785
40.1029793042494,234.375,101862.29,375.1317
40.1029793042494,236.25,101902.63,330.13605
40.1029793042494,238.125,101971.66,298.27698
40.1029793042494,240.0,102069.29,285.8673
40.1029793042494,241.875,102104.24,295.32953
40.1029793042494,243.75,102069.42,305.72305
40.1029793042494,245.625,102071.4,303.08603
40.1029793042494,247.5,102122.28,298.18185
40.1029793042494,249.375,102142.11,299.14188
40.1029793042494,251.25,102071.69,301.6732
40.1029793042494,253.125,101895.18,304.72293
40.1029793042494,255.0,101735.89,314.62033
40.1029793042494,256.875,101739.03,322.30243
40.1029793042494,258.75,101839.84,317.64752
40.1029793042494,260.625,101913.0,308.39856
40.1029793042494,262.5,101934.94,302.1628
40.1029793042494,264.375,101935.84,297.91476
40.1029793042494,266.25,101945.44,291.36542
40.1029793042494,268.125,101972.12,284.1449
40.1029793042494,270.0,101997.18,280.23807
40.1029793042494,271.875,101996.66,277.63876
40.1029793042494,273.75,101983.24,272.99234
40.1029793042494,275.625,101989.84,267.80997
40.1029793042494,277.5,102011.96,265.43307
40.1029793042494,279.375,102014.0,267.43896
40.1029793042494,281.25,101978.58,273.21146
40.1029793042494,283.125,101933.2,280.44525
40.1029793042494,285.0,101891.09,289.67032
40.1029793042494,286.875,101831.47,303.73453
40.1029793042494,288.75,101765.08,321.57047
40.1029793042494,290.625,101718.04,337.85452
40.1029793042494,292.5,101675.56,352.248
40.1029793042494,294.375,101609.28,367.8579
40.1029793042494,296.25,101546.72,383.23682
40.1029793042494,298.125,101526.76,394.93182
40.1029793042494,300.0,101531.61,403.8542
40.1029793042494,301.875,101520.54,412.25598
40.1029793042494,303.75,101494.9,418.81644
40.1029793042494,305.625,101490.23,422.48727
40.1029793042494,307.5,101511.58,426.20633
40.1029793042494,309.375,101534.65,433.1515
40.1029793042494,311.25,101547.66,443.218
40.1029793042494,313.125,101559.66,455.25992
40.1029793042494,315.0,101574.48,469.37314
40.1029793042494,316.875,101588.26,484.8623
40.1029793042494,318.75,101611.42,499.38342
40.1029793042494,320.625,101655.68,512.0778
40.1029793042494,322.5,101709.54,524.8189
40.1029793042494,324.375,101756.22,538.37695
40.1029793042494,326.25,101795.76,551.2047
40.1029793042494,328.125,101843.4,562.594
40.1029793042494,330.0,101892.22,573.9132
40.1029793042494,331.875,101929.01,585.4429
40.1029793042494,333.75,101956.4,594.7709
40.1029793042494,335.625,101993.97,600.28644
40.1029793042494,337.5,102038.94,603.19025
40.1029793042494,339.375,102076.82,604.30585
40.1029793042494,341.25,102100.44,602.83374
40.1029793042494,343.125,102125.43,599.3558
40.1029793042494,345.0,102155.1,595.04224
40.1029793042494,346.875,102186.65,587.77386
40.1029793042494,348.75,102223.78,575.9263
40.1029793042494,350.625,102273.03,562.7687
40.1029793042494,352.5,102353.52,553.84894
40.1029793042494,354.375,102463.93,553.751
40.1029793042494,356.25,102493.06,560.5969
40.1029793042494,358.125,102378.94,572.2735
41.96822026907538,0.0,102223.82,617.22314
41.96822026907538,1.875,102185.88,620.1147
41.96822026907538,3.75,102128.0,621.3188
41.96822026907538,5.625,102061.66,621.082
41.96822026907538,7.5,102015.8,620.46204
41.96822026907538,9.375,101994.35,618.33984
41.96822026907538,11.25,101987.48,612.42914
41.96822026907538,13.125,101979.49,602.8126
41.96822026907538,15.0,101961.08,591.35956
41.96822026907538,16.875,101945.18,577.88885
41.96822026907538,18.75,101964.58,561.4269
41.96822026907538,20.625,102022.91,546.04987
41.96822026907538,22.5,102042.68,538.2305
41.96822026907538,24.375,101967.12,529.3032
41.96822026907538,26.25,101897.08,506.5895
41.96822026907538,28.125,101892.16,476.6841
41.96822026907538,30.0,101893.62,450.77338
41.96822026907538,31.875,101883.18,434.11224
41.96822026907538,33.75,101859.63,421.44217
41.96822026907538,35.625,101859.19,403.3249
41.96822026907538,37.5,101890.82,380.4218
41.96822026907538,39.375,101886.85,358.99637
41.96822026907538,41.25,101883.68,341.694
41.96822026907538,43.125,101917.14,336.70737
41.96822026907538,45.0,101932.21,361.90106
41.96822026907538,46.875,101951.88,392.29623
41.96822026907538,48.75,102002.98,397.5428
41.96822026907538,50.625,102050.53,392.84387
41.96822026907538,52.5,102074.4,383.74155
41.96822026907538,54.375,102074.71,375.86987
41.96822026907538,56.25,102078.72,369.99002
41.96822026907538,58.125,102131.64,360.66537
41.96822026907538,60.0,102205.64,346.02957
41.96822026907538,61.875,102228.32,327.30096
41.96822026907538,63.75,102210.68,310.31897
41.96822026907538,65.625,102235.29,295.68088
41.96822026907538,67.5,102338.8,280.80518
41.96822026907538,69.375,102404.68,264.96146
41.96822026907538,71.25,102367.48,251.7842
41.96822026907538,73.125,102319.97,252.29428
41.96822026907538,75.0,102378.73,270.66992
41.96822026907538,76.875,102557.32,285.61676
41.96822026907538,78.75,102663.74,282.18735
41.96822026907538,80.625,102530.74,272.12845
41.96822026907538,82.5,102301.72,277.248
41.96822026907538,84.375,102292.32,298.79803
41.96822026907538,86.25,102496.96,318.23822
41.96822026907538,88.125,102646.02,324.20462
41.96822026907538,90.0,102612.95,315.12814
41.96822026907538,91.875,102508.2,300.5879
41.96822026907538,93.75,102466.67,288.27942
41.96822026907538,95.625,102515.34,279.03973
41.96822026907538,97.5,102572.12,272.15472
41.96822026907538,99.375,102587.23,268.31665
41.96822026907538,101.25,102577.35,267.34634
41.96822026907538,103.125,102563.13,267.65585
41.96822026907538,105.0,102559.81,269.9969
41.96822026907538,106.875,102554.1,278.96597
41.96822026907538,108.75,102572.33,293.0658
41.96822026907538,110.625,102626.7,304.6502
41.96822026907538,112.5,102666.44,306.0378
41.96822026907538,114.375,102618.5,292.758
41.96822026907538,116.25,102492.32,277.67322
41.96822026907538,118.125,102404.04,274.42847
41.96822026907538,120.0,102390.75,276.43716
41.96822026907538,121.875,102374.76,275.17212
41.96822026907538,123.75,102331.8,272.5296
41.96822026907538,125.625,102300.05,271.42432
41.96822026907538,127.5,102215.48,268.31616
41.96822026907538,129.375,102026.47,267.37573
41.96822026907538,131.25,101842.96,274.7249
41.96822026907538,133.125,101712.66,283.94373
41.96822026907538,135.0,101571.34,295.5867
41.96822026907538,136.875,101410.07,313.144
41.96822026907538,138.75,101287.5,334.5754
41.96822026907538,140.625,101210.74,355.78873
41.96822026907538,142.5,101116.58,380.2403
41.96822026907538,144.375,100977.8,413.9163
41.96822026907538,146.25,100857.37,452.08517
41.96822026907538,148.125,100813.08,485.42154
41.96822026907538,150.0,100794.02,516.7821
41.96822026907538,151.875,100738.3,552.0634
41.96822026907538,153.75,100658.08,591.22736
41.96822026907538,155.625,100614.2,629.21796
41.96822026907538,157.5,100610.68,664.94855
41.96822026907538,159.375,100589.5,702.7306
41.96822026907538,161.25,100534.56,743.9044
41.96822026907538,163.125,100499.38,784.3369
41.96822026907538,165.0,100515.7,821.0688
41.96822026907538,166.875,100546.39,856.47504
41.96822026907538,168.75,100548.16,891.6644
41.96822026907538,170.625,100544.6,923.67694
41.96822026907538,172.5,100579.6,951.24023
41.96822026907538,174.375,100643.92,978.2759
41.96822026907538,176.25,100692.66,1007.94855
41.96822026907538,178.125,100710.44,1038.506
41.96822026907538,180.0,100732.9,1067.7449
41.96822026907538,181.875,100786.12,1096.4283
41.96822026907538,183.75,100852.36,1124.8088
41.96822026907538,185.625,100902.46,1150.5875
41.96822026907538,187.5,100934.76,1172.9316
41.96822026907538,189.375,100973.29,1194.1847
41.96822026907538,191.25,101033.22,1214.9446
41.96822026907538,193.125,101106.49,1231.6775
41.96822026907538,195.0,101174.69,1242.3761
41.96822026907538,196.875,101225.71,1248.8833
41.96822026907538,198.75,101260.17,1251.343
41.96822026907538,200.625,101291.55,1245.8578
41.96822026907538,202.5,101334.93,1230.1896
41.96822026907538,204.375,101386.94,1206.7566
41.96822026907538,206.25,101431.58,1177.5922
41.96822026907538,208.125,101459.23,1141.2853
41.96822026907538,210.0,101472.97,1097.4646
41.96822026907538,211.875,101490.32,1049.7146
41.96822026907538,213.75,101520.18,1000.4997
41.96822026907538,215.625,101567.46,947.7375
41.96822026907538,217.5,101613.24,889.38385
41.96822026907538,219.375,101639.74,829.01935
41.96822026907538,221.25,101643.44,771.7344
41.96822026907538,223.125,101643.42,717.3271
41.96822026907538,225.0,101655.46,662.2747
41.96822026907538,226.875,101678.82,607.3242
41.96822026907538,228.75,101701.02,556.8688
41.96822026907538,230.625,101726.18,509.94308
41.96822026907538,232.5,101764.1,461.45932
41.96822026907538,234.375,101810.01,416.07898
41.96822026907538,236.25,101880.87,380.22058
41.96822026907538,238.125,102002.37,352.42502
41.96822026907538,240.0,102080.6,342.39618
41.96822026907538,241.875,102051.58,347.0654
41.96822026907538,243.75,102024.62,342.858
41.96822026907538,245.625,102066.08,330.1092
41.96822026907538,247.5,102131.72,325.17877
41.96822026907538,249.375,102151.44,327.6937
41.96822026907538,251.25,102063.56,326.43945
41.96822026907538,253.125,101917.72,322.44928
41.96822026907538,255.0,101837.26,322.51202
41.96822026907538,256.875,101863.32,320.54947
41.96822026907538,258.75,101924.32,312.77988
41.96822026907538,260.625,101967.16,304.63843
41.96822026907538,262.5,101984.09,301.07535
41.96822026907538,264.375,101980.65,301.29517
41.96822026907538,266.25,101969.05,299.71283
41.96822026907538,268.125,101970.49,295.66818
41.96822026907538,270.0,101976.69,292.9137
41.96822026907538,271.875,101962.82,291.6581
41.96822026907538,273.75,101934.85,289.11978
41.96822026907538,275.625,101921.25,284.79468
41.96822026907538,277.5,101921.55,280.991
41.96822026907538,279.375,101917.64,279.79825
41.96822026907538,281.25,101907.67,282.81137
41.96822026907538,283.125,101896.9,289.89355
41.96822026907538,285.0,101863.4,300.40216
41.96822026907538,286.875,101781.59,314.8053
41.96822026907538,288.75,101679.04,331.3641
41.96822026907538,290.625,101611.4,346.6928
41.96822026907538,292.5,101567.85,361.24643
41.96822026907538,294.375,101511.45,376.71167
41.96822026907538,296.25,101452.34,390.46866
41.96822026907538,298.125,101421.02,399.81573
41.96822026907538,300.0,101414.98,407.08267
41.96822026907538,301.875,101401.86,414.9781
41.96822026907538,303.75,101376.36,422.09402
41.96822026907538,305.625,101364.61,427.01904
41.96822026907538,307.5,101374.93,432.1807
41.96822026907538,309.375,101385.52,440.6222
41.96822026907538,311.25,101384.64,452.5874
41.96822026907538,313.125,101379.93,467.27686
41.96822026907538,315.0,101379.32,484.7641
41.96822026907538,316.875,101382.47,504.1302
41.96822026907538,318.75,101400.88,522.46423
41.96822026907538,320.625,101444.94,538.17786
41.96822026907538,322.5,101497.77,553.006
41.96822026907538,324.375,101540.64,568.4932
41.96822026907538,326.25,101572.5,583.8358
41.96822026907538,328.125,101612.44,597.8354
41.96822026907538,330.0,101665.44,611.3323
41.96822026907538,331.875,101716.24,625.4166
41.96822026907538,333.75,101754.07,638.7777
41.96822026907538,335.625,101794.68,648.59937
41.96822026907538,337.5,101840.84,653.60986
41.96822026907538,339.375,101885.14,655.25446
41.96822026907538,341.25,101920.12,655.2388
41.96822026907538,343.125,101949.34,654.4732
41.96822026907538,345.0,101979.01,652.07263
41.96822026907538,346.875,102011.29,645.4008
41.96822026907538,348.75,102051.14,635.14526
41.96822026907538,350.625,102103.5,625.5757
41.96822026907538,352.5,102177.3,620.71564
41.96822026907538,354.375,102250.74,620.34607
41.96822026907538,356.25,102276.71,618.9558
41.96822026907538,358.125,102253.71,616.2981
43.83345857895126,0.0,102075.09,654.8923
43.83345857895126,1.875,102129.82,651.2351
43.83345857895126,3.75,102133.46,649.6122
43.83345857895126,5.625,102071.1,649.1515
43.83345857895126,7.5,101982.16,651.00507
43.83345857895126,9.375,101923.92,652.4128
43.83345857895126,11.25,101914.07,648.5642
43.83345857895126,13.125,101928.06,640.1945
43.83345857895126,15.0,101940.45,631.0412
43.83345857895126,16.875,101944.99,621.7037
43.83345857895126,18.75,101962.18,610.28845
43.83345857895126,20.625,102005.19,597.4197
43.83345857895126,22.5,102032.9,586.64606
43.83345857895126,24.375,101983.36,577.67126
43.83345857895126,26.25,101895.74,563.2562
43.83345857895126,28.125,101859.08,540.1857
43.83345857895126,30.0,101858.41,513.3068
43.83345857895126,31.875,101843.0,488.4474
43.83345857895126,33.75,101820.69,465.82928
43.83345857895126,35.625,101818.55,441.71005
43.83345857895126,37.5,101837.78,416.60168
43.83345857895126,39.375,101847.81,395.94266
43.83345857895126,41.25,101869.22,383.84155
43.83345857895126,43.125,101910.36,384.16943
43.83345857895126,45.0,101930.72,398.7521
43.83345857895126,46.875,101943.3,410.62982
43.83345857895126,48.75,101974.82,413.91855
43.83345857895126,50.625,102027.24,413.19955
43.83345857895126,52.5,102079.13,409.8412
43.83345857895126,54.375,102096.32,406.35645
43.83345857895126,56.25,102093.42,402.379
43.83345857895126,58.125,102120.53,395.93414
43.83345857895126,60.0,102175.66,383.8748
43.83345857895126,61.875,102203.88,365.46225
43.83345857895126,63.75,102194.16,344.4481
43.83345857895126,65.625,102211.92,326.6543
43.83345857895126,67.5,102294.89,313.2455
43.83345857895126,69.375,102385.36,301.4066
43.83345857895126,71.25,102406.14,291.83734
43.83345857895126,73.125,102378.08,286.2536
43.83345857895126,75.0,102381.17,281.71716
43.83345857895126,76.875,102438.8,274.52493
43.83345857895126,78.75,102484.65,267.04517
43.83345857895126,80.625,102460.37,267.1619
43.83345857895126,82.5,102441.36,278.37723
43.83345857895126,84.375,102553.24,295.13934
43.83345857895126,86.25,102711.79,304.24698
43.83345857895126,88.125,102742.23,298.30145
43.83345857895126,90.0,102646.06,285.0078
43.83345857895126,91.875,102578.17,276.78903
43.83345857895126,93.75,102628.18,277.63123
43.83345857895126,95.625,102727.22,281.74945
43.83345857895126,97.5,102736.32,280.76053
43.83345857895126,99.375,102649.1,275.12552
43.83345857895126,101.25,102581.54,273.2188
43.83345857895126,103.125,102590.73,282.34128
43.83345857895126,105.0,102630.7,303.82483
43.83345857895126,106.875,102641.68,326.87415
43.83345857895126,108.75,102644.65,338.83505
43.83345857895126,110.625,102665.65,339.26675
43.83345857895126,112.5,102683.68,333.0199
43.83345857895126,114.375,102665.76,323.83765
43.83345857895126,116.25,102593.88,313.24442
43.83345857895126,118.125,102491.29,301.25934
43.83345857895126,120.0,102402.48,291.01276
43.83345857895126,121.875,102334.93,282.89624
43.83345857895126,123.75,102276.95,278.55798
43.83345857895126,125.625,102249.67,280.133
43.83345857895126,127.5,102204.05,282.538
43.83345857895126,129.375,102062.0,283.52194
43.83345857895126,131.25,101895.87,288.1357
43.83345857895126,133.125,101769.79,295.47772
43.83345857895126,135.0,101623.94,305.64185
43.83345857895126,136.875,101402.69,322.09525
43.83345857895126,138.75,101194.92,345.5358
43.83345857895126,140.625,101090.28,369.82532
43.83345857895126,142.5,101033.08,394.94965
43.83345857895126,144.375,100943.52,425.70465
43.83345857895126,146.25,100826.7,461.14117
43.83345857895126,148.125,100749.92,495.32007
43.83345857895126,150.0,100725.8,529.18567
43.83345857895126,151.875,100682.72,566.5133
43.83345857895126,153.75,100596.81,606.68097
43.83345857895126,155.625,100524.82,646.05115
43.83345857895126,157.5,100512.88,683.9363
43.83345857895126,159.375,100519.07,723.34375
43.83345857895126,161.25,100485.72,765.7786
43.83345857895126,163.125,100432.74,809.15125
43.83345857895126,165.0,100420.22,850.20874
43.83345857895126,166.875,100448.62,889.3622
43.83345857895126,168.75,100475.1,928.242
43.83345857895126,170.625,100481.24,966.07166
43.83345857895126,172.5,100499.25,1001.2023
43.83345857895126,174.375,100550.68,1033.9584
43.83345857895126,176.25,100611.54,1066.4323
43.83345857895126,178.125,100646.82,1099.5618
43.83345857895126,180.0,100666.5,1133.1315
43.83345857895126,181.875,100700.68,1166.174
43.83345857895126,183.75,100761.53,1196.3909
43.83345857895126,185.625,100830.35,1221.8352
43.83345857895126,187.5,100889.75,1244.0133
43.83345857895126,189.375,100936.06,1266.1149
43.83345857895126,191.25,100981.32,1287.6906
43.83345857895126,193.125,101037.11,1303.9913
43.83345857895126,195.0,101101.42,1312.7185
43.83345857895126,196.875,101164.39,1316.2096
43.83345857895126,198.75,101208.14,1315.7974
43.83345857895126,200.625,101230.38,1308.545
43.83345857895126,202.5,101248.85,1291.385
43.83345857895126,204.375,101282.62,1265.3661
43.83345857895126,206.25,101335.17,1233.0442
43.83345857895126,208.125,101393.47,1194.6241
43.83345857895126,210.0,101435.79,1149.4918
43.83345857895126,211.875,101455.64,1098.8528
43.83345857895126,213.75,101460.54,1043.9355
43.83345857895126,215.625,101467.28,984.0913
43.83345857895126,217.5,101480.18,919.84296
43.83345857895126,219.375,101498.37,855.51996
43.83345857895126,221.25,101521.18,795.20276
43.83345857895126,223.125,101547.99,738.2157
43.83345857895126,225.0,101572.18,681.61945
43.83345857895126,226.875,101578.06,627.1877
43.83345857895126,228.75,101571.44,578.671
43.83345857895126,230.625,101579.78,534.3023
43.83345857895126,232.5,101628.84,490.04218
43.83345857895126,234.375,101701.28,451.8771
43.83345857895126,236.25,101796.74,424.7704
43.83345857895126,238.125,101917.08,403.04483
43.83345857895126,240.0,101981.42,389.248
43.83345857895126,241.875,101989.06,381.38254
43.83345857895126,243.75,102015.9,371.30914
43.83345857895126,245.625,102088.12,362.42578
43.83345857895126,247.5,102147.02,357.95386
43.83345857895126,249.375,102090.3,350.80756
43.83345857895126,251.25,101946.56,339.21893
43.83345857895126,253.125,101862.6,328.89966
43.83345857895126,255.0,101872.21,322.0257
43.83345857895126,256.875,101910.85,317.04782
43.83345857895126,258.75,101939.36,311.1648
43.83345857895126,260.625,101968.0,304.99118
43.83345857895126,262.5,101993.27,302.07675
43.83345857895126,264.375,101993.36,303.19653
43.83345857895126,266.25,101967.9,304.66766
43.83345857895126,268.125,101939.24,304.1707
43.83345857895126,270.0,101919.86,303.2749
43.83345857895126,271.875,101903.6,303.53778
43.83345857895126,273.75,101888.66,303.66684
43.83345857895126,275.625,101877.3,301.73984
43.83345857895126,277.5,101864.63,297.98132
43.83345857895126,279.375,101840.88,294.9144
43.83345857895126,281.25,101812.76,295.75793
43.83345857895126,283.125,101792.6,301.732
43.83345857895126,285.0,101762.96,312.01828
43.83345857895126,286.875,101691.38,325.04108
43.83345857895126,288.75,101584.84,339.56122
43.83345857895126,290.625,101488.22,354.84875
43.83345857895126,292.5,101418.14,370.11063
43.83345857895126,294.375,101359.96,383.78912
43.83345857895126,296.25,101306.5,393.33453
43.83345857895126,298.125,101267.64,398.39233
43.83345857895126,300.0,101238.42,402.3257
43.83345857895126,301.875,101208.18,407.96143
43.83345857895126,303.75,101180.34,414.5863
43.83345857895126,305.625,101171.46,421.27847
43.83345857895126,307.5,101175.74,429.53696
43.83345857895126,309.375,101176.91,441.08707
43.83345857895126,311.25,101171.72,455.7847
43.83345857895126,313.125,101174.88,473.13138
43.83345857895126,315.0,101188.09,493.29483
43.83345857895126,316.875,101196.22,515.4918
43.83345857895126,318.75,101200.57,537.1139
43.83345857895126,320.625,101218.1,556.4349
43.83345857895126,322.5,101254.09,574.6389
43.83345857895126,324.375,101294.69,593.29346
43.83345857895126,326.25,101331.56,612.28357
43.83345857895126,328.125,101369.88,630.1572
43.83345857895126,330.0,101417.76,646.6893
43.83345857895126,331.875,101465.68,663.0276
43.83345857895126,333.75,101506.42,678.81946
43.83345857895126,335.625,101546.59,691.7161
43.83345857895126,337.5,101591.32,699.7905
43.83345857895126,339.375,101640.08,703.8078
43.83345857895126,341.25,101686.66,705.97076
43.83345857895126,343.125,101731.48,707.34564
43.83345857895126,345.0,101776.98,706.6925
43.83345857895126,346.875,101823.24,702.3083
43.83345857895126,348.75,101867.52,694.6342
43.83345857895126,350.625,101910.12,686.18524
43.83345857895126,352.5,101942.53,679.7073
43.83345857895126,354.375,101957.78,675.0874
43.83345857895126,356.25,101971.14,669.3034
43.83345857895126,358.125,102011.06,661.6578
45.698693877701785,0.0,101875.2,694.45386
45.698693877701785,1.875,101959.12,689.6584
45.698693877701785,3.75,102034.2,685.6995
45.698693877701785,5.625,102060.75,681.9882
45.698693877701785,7.5,102023.44,680.77277
45.698693877701785,9.375,101959.12,681.31793
45.698693877701785,11.25,101912.68,679.49115
45.698693877701785,13.125,101895.04,674.6795
45.698693877701785,15.0,101887.02,668.76697
45.698693877701785,16.875,101878.46,660.0077
45.698693877701785,18.75,101875.3,645.84424
45.698693877701785,20.625,101888.22,629.0452
45.698693877701785,22.5,101916.65,615.5431
45.698693877701785,24.375,101936.94,609.0674
45.698693877701785,26.25,101898.27,605.228
45.698693877701785,28.125,101838.31,592.9352
45.698693877701785,30.0,101804.98,569.00494
45.698693877701785,31.875,101787.26,540.87006
45.698693877701785,33.75,101778.21,514.66406
45.698693877701785,35.625,101779.14,490.42474
45.698693877701785,37.5,101789.8,467.93265
45.698693877701785,39.375,101814.54,451.01544
45.698693877701785,41.25,101860.03,444.73438
45.698693877701785,43.125,101899.26,449.2264
45.698693877701785,45.0,101907.84,455.95956
45.698693877701785,46.875,101896.71,458.09744
45.698693877701785,48.75,101894.69,458.30713
45.698693877701785,50.625,101928.58,457.53516
45.698693877701785,52.5,101988.78,455.2463
45.698693877701785,54.375,102035.7,450.93384
45.698693877701785,56.25,102061.48,444.68225
45.698693877701785,58.125,102094.02,437.18588
45.698693877701785,60.0,102145.44,427.56815
45.698693877701785,61.875,102193.46,412.3531
45.698693877701785,63.75,102225.74,390.88412
45.698693877701785,65.625,102261.8,369.1804
45.698693877701785,67.5,102323.02,351.02975
45.698693877701785,69.375,102388.79,338.9901
45.698693877701785,71.25,102416.73,331.7992
45.698693877701785,73.125,102423.1,323.66748
45.698693877701785,75.0,102444.86,314.5322
45.698693877701785,76.875,102478.56,307.78305
45.698693877701785,78.75,102518.41,306.17334
45.698693877701785,80.625,102568.08,309.51688
45.698693877701785,82.5,102647.47,311.99188
45.698693877701785,84.375,102758.46,307.7378
45.698693877701785,86.25,102851.9,297.42953
45.698693877701785,88.125,102904.1,286.84268
45.698693877701785,90.0,102943.34,283.09232
45.698693877701785,91.875,103003.45,290.3664
45.698693877701785,93.75,103083.2,304.98654
45.698693877701785,95.625,103119.4,315.1858
45.698693877701785,97.5,103032.68,312.49323
45.698693877701785,99.375,102863.96,304.9019
45.698693877701785,101.25,102754.57,309.27362
45.698693877701785,103.125,102756.87,330.6627
45.698693877701785,105.0,102792.94,356.71634
45.698693877701785,106.875,102789.99,372.90598
45.698693877701785,108.75,102752.38,373.14966
45.698693877701785,110.625,102711.94,359.6942
45.698693877701785,112.5,102674.18,343.12805
45.698693877701785,114.375,102645.06,334.24866
45.698693877701785,116.25,102624.15,331.13675
45.698693877701785,118.125,102568.26,319.56744
45.698693877701785,120.0,102434.71,298.10767
45.698693877701785,121.875,102280.74,283.52002
45.698693877701785,123.75,102182.92,279.53882
45.698693877701785,125.625,102144.98,282.56467
45.698693877701785,127.5,102111.56,288.45874
45.698693877701785,129.375,102009.81,293.96204
45.698693877701785,131.25,101888.39,300.86063
45.698693877701785,133.125,101821.16,309.43335
45.698693877701785,135.0,101746.84,319.22668
45.698693877701785,136.875,101526.36,332.1744
45.698693877701785,138.75,101217.16,353.53757
45.698693877701785,140.625,101019.98,379.29382
45.698693877701785,142.5,100947.51,404.56714
45.698693877701785,144.375,100885.86,432.72824
45.698693877701785,146.25,100785.04,466.11404
45.698693877701785,148.125,100684.44,502.97534
45.698693877701785,150.0,100629.8,541.4281
45.698693877701785,151.875,100591.34,580.99335
45.698693877701785,153.75,100524.46,620.4089
45.698693877701785,155.625,100449.64,658.52216
45.698693877701785,157.5,100421.19,696.30786
45.698693877701785,159.375,100430.38,736.33997
45.698693877701785,161.25,100427.12,779.70154
45.698693877701785,163.125,100388.74,824.609
45.698693877701785,165.0,100359.04,867.9644
45.698693877701785,166.875,100372.46,908.9658
45.698693877701785,168.75,100410.46,949.1636
45.698693877701785,170.625,100437.34,989.63654
45.698693877701785,172.5,100453.2,1030.4131
45.698693877701785,174.375,100482.04,1070.504
45.698693877701785,176.25,100535.13,1108.7378
45.698693877701785,178.125,100597.08,1144.9757
45.698693877701785,180.0,100647.1,1179.774
45.698693877701785,181.875,100686.78,1213.007
45.698693877701785,183.75,100729.02,1243.2501
45.698693877701785,185.625,100787.77,1269.2122
45.698693877701785,187.5,100858.76,1291.6583
45.698693877701785,189.375,100926.1,1312.4315
45.698693877701785,191.25,100975.42,1331.2413
45.698693877701785,193.125,101007.6,1345.2875
45.698693877701785,195.0,101041.81,1352.9298
45.698693877701785,196.875,101091.65,1355.0813
45.698693877701785,198.75,101154.08,1352.1824
45.698693877701785,200.625,101208.2,1342.149
45.698693877701785,202.5,101240.94,1323.0856
45.698693877701785,204.375,101259.06,1295.6339
45.698693877701785,206.25,101280.59,1261.2211
45.698693877701785,208.125,101314.62,1219.4716
45.698693877701785,210.0,101354.76,1170.0088
45.698693877701785,211.875,101386.01,1114.745
45.698693877701785,213.75,101404.87,1056.1099
45.698693877701785,215.625,101410.96,994.8989
45.698693877701785,217.5,101409.8,931.6804
45.698693877701785,219.375,101408.83,868.4656
45.698693877701785,221.25,101418.61,807.7108
45.698693877701785,223.125,101443.37,749.89386
45.698693877701785,225.0,101469.03,694.24664
45.698693877701785,226.875,101478.04,642.5109
45.698693877701785,228.75,101470.16,595.96405
45.698693877701785,230.625,101475.32,552.63135
45.698693877701785,232.5,101521.78,510.32553
45.698693877701785,234.375,101601.64,473.54138
45.698693877701785,236.25,101698.34,446.80606
45.698693877701785,238.125,101804.0,426.46954
45.698693877701785,240.0,101883.98,410.99243
45.698693877701785,241.875,101942.89,399.00323
45.698693877701785,243.75,102008.83,389.01016
45.698693877701785,245.625,102088.31,379.03986
45.698693877701785,247.5,102104.65,365.8049
45.698693877701785,249.375,102001.34,353.38617
45.698693877701785,251.25,101902.78,345.46652
45.698693877701785,253.125,101905.04,336.15863
45.698693877701785,255.0,101950.04,327.68637
45.698693877701785,256.875,101977.06,322.03375
45.698693877701785,258.75,101980.38,316.8015
45.698693877701785,260.625,101977.51,311.16843
45.698693877701785,262.5,101974.76,307.21722
45.698693877701785,264.375,101959.16,306.9557
45.698693877701785,266.25,101932.59,309.2458
45.698693877701785,268.125,101908.61,311.4119
45.698693877701785,270.0,101892.67,312.52487
45.698693877701785,271.875,101878.17,313.15924
45.698693877701785,273.75,101858.42,313.3592
45.698693877701785,275.625,101833.05,312.29922
45.698693877701785,277.5,101797.54,309.74292
45.698693877701785,279.375,101746.16,307.73065
45.698693877701785,281.25,101693.48,309.04523
45.698693877701785,283.125,101657.46,314.75345
45.698693877701785,285.0,101634.82,324.47946
45.698693877701785,286.875,101603.06,336.60284
45.698693877701785,288.75,101540.23,349.71875
45.698693877701785,290.625,101447.4,363.6649
45.698693877701785,292.5,101343.4,377.65298
45.698693877701785,294.375,101248.28,389.0869
45.698693877701785,296.25,101176.31,395.6893
45.698693877701785,298.125,101118.94,398.17352
45.698693877701785,300.0,101065.2,399.6321
45.698693877701785,301.875,101009.34,402.30402
45.698693877701785,303.75,100969.48,406.47137
45.698693877701785,305.625,100953.88,412.5412
45.698693877701785,307.5,100949.64,421.92462
45.698693877701785,309.375,100938.33,435.7106
45.698693877701785,311.25,100921.46,453.57626
45.698693877701785,313.125,100919.96,474.80493
45.698693877701785,315.0,100932.38,498.86365
45.698693877701785,316.875,100943.28,524.63745
45.698693877701785,318.75,100945.52,550.10876
45.698693877701785,320.625,100955.15,573.8266
45.698693877701785,322.5,100987.52,596.24585
45.698693877701785,324.375,101034.03,618.55634
45.698693877701785,326.25,101079.02,640.66565
45.698693877701785,328.125,101116.01,661.2074
45.698693877701785,330.0,101151.21,679.7143
45.698693877701785,331.875,101188.07,697.1694
45.698693877701785,333.75,101226.26,713.8962
45.698693877701785,335.625,101269.78,728.3287
45.698693877701785,337.5,101319.24,738.66595
45.698693877701785,339.375,101368.69,744.96466
45.698693877701785,341.25,101414.2,748.96655
45.698693877701785,343.125,101455.52,752.0738
45.698693877701785,345.0,101500.66,754.1343
45.698693877701785,346.875,101552.74,753.7962
45.698693877701785,348.75,101610.09,750.0847
45.698693877701785,350.625,101665.82,743.0707
45.698693877701785,352.5,101709.84,733.6044
45.698693877701785,354.375,101740.62,722.8048
45.698693877701785,356.25,101770.03,711.79553
45.698693877701785,358.125,101811.94,701.89966
47.56392574797867,0.0,101682.84,734.5081
47.56392574797867,1.875,101748.64,725.6454
47.56392574797867,3.75,101817.42,718.9981
47.56392574797867,5.625,101885.68,715.2657
47.56392574797867,7.5,101938.42,713.36115
47.56392574797867,9.375,101958.75,710.75604
47.56392574797867,11.25,101946.3,706.063
47.56392574797867,13.125,101916.14,701.44855
47.56392574797867,15.0,101876.58,698.61017
47.56392574797867,16.875,101836.35,693.43726
47.56392574797867,18.75,101809.67,681.67346
47.56392574797867,20.625,101801.52,665.9511
47.56392574797867,22.5,101814.26,652.30316
47.56392574797867,24.375,101844.34,644.5061
47.56392574797867,26.25,101845.1,640.48834
47.56392574797867,28.125,101802.14,631.5546
47.56392574797867,30.0,101756.02,613.015
47.56392574797867,31.875,101733.78,590.35846
47.56392574797867,33.75,101738.95,569.8575
47.56392574797867,35.625,101758.6,551.66046
47.56392574797867,37.5,101767.42,533.58417
47.56392574797867,39.375,101767.59,517.8276
47.56392574797867,41.25,101782.85,509.34756
47.56392574797867,43.125,101817.72,508.66504
47.56392574797867,45.0,101850.8,510.6475
47.56392574797867,46.875,101862.66,511.56857
47.56392574797867,48.75,101867.15,511.86514
47.56392574797867,50.625,101891.66,512.4809
47.56392574797867,52.5,101945.53,512.4826
47.56392574797867,54.375,102006.83,508.38474
47.56392574797867,56.25,102053.09,499.153
47.56392574797867,58.125,102091.0,487.67392
47.56392574797867,60.0,102130.8,476.109
47.56392574797867,61.875,102173.76,462.11856
47.56392574797867,63.75,102217.08,443.06375
47.56392574797867,65.625,102264.56,421.68515
47.56392574797867,67.5,102324.4,403.01465
47.56392574797867,69.375,102394.39,390.3109
47.56392574797867,71.25,102455.98,380.19528
47.56392574797867,73.125,102503.16,367.62048
47.56392574797867,75.0,102541.34,354.4378
47.56392574797867,76.875,102575.54,346.17914
47.56392574797867,78.75,102609.42,344.57053
47.56392574797867,80.625,102651.46,342.9628
47.56392574797867,82.5,102708.56,334.45605
47.56392574797867,84.375,102776.34,321.1367
47.56392574797867,86.25,102870.13,311.8494
47.56392574797867,88.125,102988.85,314.60205
47.56392574797867,90.0,103076.73,328.90466
47.56392574797867,91.875,103107.98,347.3481
47.56392574797867,93.75,103110.4,357.99454
47.56392574797867,95.625,103107.33,359.5462
47.56392574797867,97.5,103100.84,358.20267
47.56392574797867,99.375,103048.45,354.89532
47.56392574797867,101.25,102949.29,356.9144
47.56392574797867,103.125,102881.75,366.54263
47.56392574797867,105.0,102864.13,376.36334
47.56392574797867,106.875,102871.87,381.2658
47.56392574797867,108.75,102878.18,375.67014
47.56392574797867,110.625,102801.36,356.51614
47.56392574797867,112.5,102672.66,340.26492
47.56392574797867,114.375,102600.89,335.07526
47.56392574797867,116.25,102597.29,333.47934
47.56392574797867,118.125,102594.96,324.04303
47.56392574797867,120.0,102482.46,299.98984
47.56392574797867,121.875,102274.52,282.46167
47.56392574797867,123.75,102125.61,282.18484
47.56392574797867,125.625,102080.58,288.0639
47.56392574797867,127.5,102051.64,294.60132
47.56392574797867,129.375,101951.52,301.4757
47.56392574797867,131.25,101817.2,310.2995
47.56392574797867,133.125,101749.11,320.4153
47.56392574797867,135.0,101724.33,330.81906
47.56392574797867,136.875,101593.17,342.84732
47.56392574797867,138.75,101307.78,361.80078
47.56392574797867,140.625,101050.56,387.41544
47.56392574797867,142.5,100930.52,413.76593
47.56392574797867,144.375,100861.0,441.57492
47.56392574797867,146.25,100759.3,474.31924
47.56392574797867,148.125,100632.56,512.468
47.56392574797867,150.0,100545.28,553.18134
47.56392574797867,151.875,100506.91,593.5371
47.56392574797867,153.75,100470.57,632.30273
47.56392574797867,155.625,100412.6,670.1519
47.56392574797867,157.5,100363.56,708.9166
47.56392574797867,159.375,100353.76,750.2964
47.56392574797867,161.25,100363.18,794.1656
47.56392574797867,163.125,100357.92,838.4857
47.56392574797867,165.0,100340.01,881.0862
47.56392574797867,166.875,100337.43,921.3502
47.56392574797867,168.75,100365.82,960.8175
47.56392574797867,170.625,100403.62,1001.54126
47.56392574797867,172.5,100432.44,1044.3109
47.56392574797867,174.375,100454.69,1087.9692
47.56392574797867,176.25,100491.89,1129.6173
47.56392574797867,178.125,100551.86,1167.015
47.56392574797867,180.0,100622.3,1200.8185
47.56392574797867,181.875,100679.4,1233.0231
47.56392574797867,183.75,100716.66,1264.0258
47.56392574797867,185.625,100751.67,1292.0878
47.56392574797867,187.5,100807.46,1315.4065
47.56392574797867,189.375,100885.32,1333.8729
47.56392574797867,191.25,100959.86,1348.4557
47.56392574797867,193.125,101011.04,1359.7072
47.56392574797867,195.0,101041.46,1367.012
47.56392574797867,196.875,101071.08,1368.6488
47.56392574797867,198.75,101118.23,1362.3721
47.56392574797867,200.625,101171.96,1346.8129
47.56392574797867,202.5,101216.35,1323.1313
47.56392574797867,204.375,101236.74,1293.3582
47.56392574797867,206.25,101239.17,1258.0446
47.56392574797867,208.125,101236.08,1215.6431
47.56392574797867,210.0,101239.9,1165.4294
47.56392574797867,211.875,101258.24,1109.502
47.56392574797867,213.75,101289.86,1050.7456
47.56392574797867,215.625,101324.95,990.23083
47.56392574797867,217.5,101347.52,927.669
47.56392574797867,219.375,101349.62,864.05756
47.56392574797867,221.25,101339.97,802.27814
47.56392574797867,223.125,101336.25,744.81555
47.56392574797867,225.0,101349.08,692.2476
47.56392574797867,226.875,101372.35,644.13635
47.56392574797867,228.75,101398.95,599.4499
47.56392574797867,230.625,101433.34,557.18225
47.56392574797867,232.5,101485.33,517.69525
47.56392574797867,234.375,101561.46,483.48816
47.56392574797867,236.25,101664.74,455.62674
47.56392574797867,238.125,101777.66,433.7339
47.56392574797867,240.0,101871.54,418.0305
47.56392574797867,241.875,101941.58,406.25674
47.56392574797867,243.75,102000.34,394.1931
47.56392574797867,245.625,102043.73,379.25186
47.56392574797867,247.5,102034.98,366.77145
47.56392574797867,249.375,101994.32,362.67593
47.56392574797867,251.25,101990.52,358.5907
47.56392574797867,253.125,102026.59,349.689
47.56392574797867,255.0,102059.79,339.79248
47.56392574797867,256.875,102065.23,330.2481
47.56392574797867,258.75,102039.07,322.69296
47.56392574797867,260.625,102002.37,317.78296
47.56392574797867,262.5,101967.47,315.33102
47.56392574797867,264.375,101935.98,315.7515
47.56392574797867,266.25,101916.87,318.26257
47.56392574797867,268.125,101905.26,321.09088
47.56392574797867,270.0,101889.66,322.74936
47.56392574797867,271.875,101857.46,322.81512
47.56392574797867,273.75,101812.73,321.7402
47.56392574797867,275.625,101769.28,319.92725
47.56392574797867,277.5,101729.38,318.28745
47.56392574797867,279.375,101691.26,318.63745
47.56392574797867,281.25,101646.46,321.67813
47.56392574797867,283.125,101595.22,327.20245
47.56392574797867,285.0,101547.9,335.694
47.56392574797867,286.875,101502.76,347.34598
47.56392574797867,288.75,101449.46,361.3809
47.56392574797867,290.625,101367.66,376.47156
47.56392574797867,292.5,101249.76,390.50394
47.56392574797867,294.375,101123.56,401.1609
47.56392574797867,296.25,101024.54,407.04352
47.56392574797867,298.125,100950.4,408.50552
47.56392574797867,300.0,100885.95,408.02112
47.56392574797867,301.875,100828.4,407.7337
47.56392574797867,303.75,100785.48,408.48932
47.56392574797867,305.625,100756.03,411.64175
47.56392574797867,307.5,100732.44,419.20007
47.56392574797867,309.375,100700.96,432.82523
47.56392574797867,311.25,100669.16,452.86124
47.56392574797867,313.125,100649.42,478.0103
47.56392574797867,315.0,100647.4,506.4355
47.56392574797867,316.875,100652.81,536.39844
47.56392574797867,318.75,100662.64,566.2914
47.56392574797867,320.625,100680.74,594.8958
47.56392574797867,322.5,100713.87,621.8172
47.56392574797867,324.375,100753.19,647.1615
47.56392574797867,326.25,100789.72,670.5648
47.56392574797867,328.125,100823.76,691.4799
47.56392574797867,330.0,100859.6,710.14954
47.56392574797867,331.875,100899.41,727.7787
47.56392574797867,333.75,100943.36,744.9178
47.56392574797867,335.625,100992.12,760.43097
47.56392574797867,337.5,101046.82,772.5521
47.56392574797867,339.375,101103.31,780.7889
47.56392574797867,341.25,101154.24,786.1209
47.56392574797867,343.125,101194.2,789.9027
47.56392574797867,345.0,101225.82,792.90784
47.56392574797867,346.875,101262.12,794.87885
47.56392574797867,348.75,101309.09,794.5653
47.56392574797867,350.625,101370.24,790.4492
47.56392574797867,352.5,101440.18,781.852
47.56392574797867,354.375,101507.22,769.8669
47.56392574797867,356.25,101567.66,756.90674
47.56392574797867,358.125,101623.76,744.922
49.42915369712305,0.0,101462.28,773.44446
49.42915369712305,1.875,101514.04,759.97626
49.42915369712305,3.75,101567.08,747.5533
49.42915369712305,5.625,101626.4,739.00885
49.42915369712305,7.5,101691.37,734.6127
49.42915369712305,9.375,101741.49,731.3995
49.42915369712305,11.25,101760.3,726.78107
49.42915369712305,13.125,101759.96,721.50256
49.42915369712305,15.0,101760.7,717.75586
49.42915369712305,16.875,101761.37,715.0185
49.42915369712305,18.75,101755.66,710.3652
49.42915369712305,20.625,101743.8,702.51904
49.42915369712305,22.5,101735.94,692.8587
49.42915369712305,24.375,101736.86,683.1064
49.42915369712305,26.25,101733.41,672.9821
49.42915369712305,28.125,101714.4,660.3255
49.42915369712305,30.0,101689.75,645.1274
49.42915369712305,31.875,101678.57,631.08704
49.42915369712305,33.75,101691.08,620.5883
49.42915369712305,35.625,101713.36,610.95795
49.42915369712305,37.5,101721.46,598.182
49.42915369712305,39.375,101714.23,583.5217
49.42915369712305,41.25,101719.15,572.3026
49.42915369712305,43.125,101754.0,567.172
49.42915369712305,45.0,101806.74,565.584
49.42915369712305,46.875,101845.32,564.0459
49.42915369712305,48.75,101862.94,562.6099
49.42915369712305,50.625,101883.42,562.9803
49.42915369712305,52.5,101927.22,564.1236
49.42915369712305,54.375,101987.89,562.1924
49.42915369712305,56.25,102039.58,555.2478
49.42915369712305,58.125,102075.02,545.4522
49.42915369712305,60.0,102097.9,535.16724
49.42915369712305,61.875,102122.46,522.954
49.42915369712305,63.75,102155.06,506.746
49.42915369712305,65.625,102192.74,488.48938
49.42915369712305,67.5,102242.94,471.79782
49.42915369712305,69.375,102314.77,457.7101
49.42915369712305,71.25,102407.76,443.8523
49.42915369712305,73.125,102501.07,428.47238
49.42915369712305,75.0,102572.71,414.4376
49.42915369712305,76.875,102615.81,405.6747
49.42915369712305,78.75,102647.58,398.38913
49.42915369712305,80.625,102692.44,384.0104
49.42915369712305,82.5,102754.74,362.12186
49.42915369712305,84.375,102833.0,338.75323
49.42915369712305,86.25,102936.76,326.73438
49.42915369712305,88.125,102997.44,335.101
49.42915369712305,90.0,102929.26,359.20712
49.42915369712305,91.875,102817.68,382.8769
49.42915369712305,93.75,102796.26,385.9473
49.42915369712305,95.625,102874.24,384.40128
49.42915369712305,97.5,103013.53,390.83405
49.42915369712305,99.375,103079.66,388.30768
49.42915369712305,101.25,102968.47,379.68436
49.42915369712305,103.125,102810.94,375.25784
49.42915369712305,105.0,102761.29,374.7346
49.42915369712305,106.875,102816.8,373.574
49.42915369712305,108.75,102902.64,367.37244
49.42915369712305,110.625,102860.56,349.77344
49.42915369712305,112.5,102689.9,336.57645
49.42915369712305,114.375,102569.93,334.27774
49.42915369712305,116.25,102555.31,331.6495
49.42915369712305,118.125,102579.84,322.35583
49.42915369712305,120.0,102504.85,300.83234
49.42915369712305,121.875,102298.15,284.84518
49.42915369712305,123.75,102117.67,287.9788
49.42915369712305,125.625,102053.5,296.39404
49.42915369712305,127.5,102021.51,302.79697
49.42915369712305,129.375,101913.86,309.3219
49.42915369712305,131.25,101753.48,318.5958
49.42915369712305,133.125,101650.38,329.4916
49.42915369712305,135.0,101626.98,340.3872
49.42915369712305,136.875,101572.5,353.1502
49.42915369712305,138.75,101389.51,371.7148
49.42915369712305,140.625,101155.3,396.45093
49.42915369712305,142.5,100992.98,423.8059
49.42915369712305,144.375,100889.0,453.0039
49.42915369712305,146.25,100763.74,486.1129
49.42915369712305,148.125,100609.0,523.40173
49.42915369712305,150.0,100490.27,562.1165
49.42915369712305,151.875,100441.83,600.03766
49.42915369712305,153.75,100423.58,637.1374
49.42915369712305,155.625,100390.0,674.63873
49.42915369712305,157.5,100338.86,713.70245
49.42915369712305,159.375,100308.85,754.83826
49.42915369712305,161.25,100314.16,797.7373
49.42915369712305,163.125,100328.81,841.0665
49.42915369712305,165.0,100327.14,883.3055
49.42915369712305,166.875,100317.64,923.9474
49.42915369712305,168.75,100327.94,963.53674
49.42915369712305,170.625,100368.21,1003.2834
49.42915369712305,172.5,100417.94,1044.2952
49.42915369712305,174.375,100454.22,1086.2633
49.42915369712305,176.25,100480.62,1126.8142
49.42915369712305,178.125,100518.42,1163.5028
49.42915369712305,180.0,100579.72,1196.3812
49.42915369712305,181.875,100650.17,1227.5604
49.42915369712305,183.75,100708.48,1258.4644
49.42915369712305,185.625,100749.72,1287.6829
49.42915369712305,187.5,100790.14,1312.2925
49.42915369712305,189.375,100847.57,1330.7098
49.42915369712305,191.25,100920.74,1343.6426
49.42915369712305,193.125,100992.52,1352.5826
49.42915369712305,195.0,101044.08,1357.2286
49.42915369712305,196.875,101073.34,1355.2562
49.42915369712305,198.75,101092.22,1344.3792
49.42915369712305,200.625,101114.05,1324.7906
49.42915369712305,202.5,101142.49,1299.0657
49.42915369712305,204.375,101177.72,1269.437
49.42915369712305,206.25,101210.82,1235.5559
49.42915369712305,208.125,101232.43,1195.4517
49.42915369712305,210.0,101237.08,1148.3834
49.42915369712305,211.875,101228.8,1095.5756
49.42915369712305,213.75,101224.49,1038.6892
49.42915369712305,215.625,101233.9,978.3288
49.42915369712305,217.5,101253.95,914.52277
49.42915369712305,219.375,101267.12,849.3718
49.42915369712305,221.25,101264.46,787.3009
49.42915369712305,223.125,101256.6,731.77466
49.42915369712305,225.0,101258.64,682.68317
49.42915369712305,226.875,101277.94,637.36835
49.42915369712305,228.75,101316.42,594.3155
49.42915369712305,230.625,101366.52,554.8826
49.42915369712305,232.5,101434.34,521.3746
49.42915369712305,234.375,101540.72,493.696
49.42915369712305,236.25,101684.05,470.8346
49.42915369712305,238.125,101825.19,453.35837
49.42915369712305,240.0,101927.4,440.00314
49.42915369712305,241.875,101986.63,426.61807
49.42915369712305,243.75,102015.96,411.2284
49.42915369712305,245.625,102020.89,398.45786
49.42915369712305,247.5,102013.62,392.59998
49.42915369712305,249.375,102018.06,388.27448
49.42915369712305,251.25,102037.9,379.73123
49.42915369712305,253.125,102051.44,367.60138
49.42915369712305,255.0,102044.78,353.04117
49.42915369712305,256.875,102014.57,339.00986
49.42915369712305,258.75,101977.08,330.50027
49.42915369712305,260.625,101949.61,327.99344
49.42915369712305,262.5,101930.91,328.99005
49.42915369712305,264.375,101913.25,331.01642
49.42915369712305,266.25,101889.11,332.45187
49.42915369712305,268.125,101859.22,333.50787
49.42915369712305,270.0,101826.21,334.7024
49.42915369712305,271.875,101787.54,335.29547
49.42915369712305,273.75,101741.38,334.1311
49.42915369712305,275.625,101696.64,331.4836
49.42915369712305,277.5,101667.0,329.61612
49.42915369712305,279.375,101648.42,330.2369
49.42915369712305,281.25,101621.36,333.00006
49.42915369712305,283.125,101567.74,337.3056
49.42915369712305,285.0,101488.8,344.28497
49.42915369712305,286.875,101405.79,355.74112
49.42915369712305,288.75,101333.46,371.4281
49.42915369712305,290.625,101253.64,388.7675
49.42915369712305,292.5,101141.54,404.29398
49.42915369712305,294.375,101003.13,415.35147
49.42915369712305,296.25,100879.04,420.8501
49.42915369712305,298.125,100787.9,421.5376
49.42915369712305,300.0,100722.69,420.04535
49.42915369712305,301.875,100670.38,418.48526
49.42915369712305,303.75,100615.8,417.53827
49.42915369712305,305.625,100554.42,418.72665
49.42915369712305,307.5,100495.22,424.62692
49.42915369712305,309.375,100445.75,437.55493
49.42915369712305,311.25,100408.6,458.4469
49.42915369712305,313.125,100384.28,485.7478
49.42915369712305,315.0,100372.19,516.78564
49.42915369712305,316.875,100368.94,549.6673
49.42915369712305,318.75,100377.61,583.14594
49.42915369712305,320.625,100396.96,615.983
49.42915369712305,322.5,100423.32,646.93195
49.42915369712305,324.375,100449.64,674.9969
49.42915369712305,326.25,100477.47,699.5813
49.42915369712305,328.125,100513.51,720.6543
49.42915369712305,330.0,100558.6,738.9439
49.42915369712305,331.875,100607.75,755.7694
49.42915369712305,333.75,100653.25,771.9978
49.42915369712305,335.625,100694.88,787.3009
49.42915369712305,337.5,100742.75,800.5641
49.42915369712305,339.375,100801.68,811.1525
49.42915369712305,341.25,100866.87,819.1063
49.42915369712305,343.125,100926.38,824.6755
49.42915369712305,345.0,100974.14,828.16254
49.42915369712305,346.875,101013.92,830.0107
49.42915369712305,348.75,101053.58,830.2091
49.42915369712305,350.625,101101.6,827.7674
49.42915369712305,352.5,101163.98,821.45197
49.42915369712305,354.375,101238.94,811.32477
49.42915369712305,356.25,101320.46,799.05286
49.42915369712305,358.125,101397.8,786.3387
51.29437713895115,0.0,101216.33,807.5833
51.29437713895115,1.875,101279.24,795.2342
51.29437713895115,3.75,101339.68,782.1978
51.29437713895115,5.625,101407.06,770.2906
51.29437713895115,7.5,101474.37,761.155
51.29437713895115,9.375,101526.32,754.24457
51.29437713895115,11.25,101546.0,747.5234
51.29437713895115,13.125,101549.84,740.2714
51.29437713895115,15.0,101559.38,733.73303
51.29437713895115,16.875,101583.58,729.1968
51.29437713895115,18.75,101608.38,726.23596
51.29437713895115,20.625,101615.38,723.05084
51.29437713895115,22.5,101609.24,718.33435
51.29437713895115,24.375,101603.22,711.56683
51.29437713895115,26.25,101605.1,702.2314
51.29437713895115,28.125,101608.83,690.37146
51.29437713895115,30.0,101606.46,677.8824
51.29437713895115,31.875,101609.35,667.8891
51.29437713895115,33.75,101627.98,661.7349
51.29437713895115,35.625,101656.21,657.09644
51.29437713895115,37.5,101675.78,650.49023
51.29437713895115,39.375,101685.63,641.7795
51.29437713895115,41.25,101698.42,633.9077
51.29437713895115,43.125,101727.65,628.8636
51.29437713895115,45.0,101764.52,625.45026
51.29437713895115,46.875,101789.1,621.43933
51.29437713895115,48.75,101798.14,616.5182
51.29437713895115,50.625,101810.96,612.2877
51.29437713895115,52.5,101850.06,609.86926
51.29437713895115,54.375,101915.7,608.16174
51.29437713895115,56.25,101986.58,605.55585
51.29437713895115,58.125,102041.87,602.1847
51.29437713895115,60.0,102077.11,597.24304
51.29437713895115,61.875,102103.02,587.23566
51.29437713895115,63.75,102135.94,571.5412
51.29437713895115,65.625,102172.68,554.27454
51.29437713895115,67.5,102211.68,539.38983
51.29437713895115,69.375,102256.12,527.09784
51.29437713895115,71.25,102307.47,515.1506
51.29437713895115,73.125,102354.88,502.47482
51.29437713895115,75.0,102390.56,489.7614
51.29437713895115,76.875,102423.88,475.74377
51.29437713895115,78.75,102477.99,457.15906
51.29437713895115,80.625,102565.72,435.2594
51.29437713895115,82.5,102661.89,414.80255
51.29437713895115,84.375,102736.58,394.5605
51.29437713895115,86.25,102771.04,376.2543
51.29437713895115,88.125,102754.99,372.29886
51.29437713895115,90.0,102700.94,384.3542
51.29437713895115,91.875,102690.86,396.52643
51.29437713895115,93.75,102765.53,398.24084
51.29437713895115,95.625,102888.57,400.78802
51.29437713895115,97.5,103005.09,407.5999
51.29437713895115,99.375,102997.06,399.33075
51.29437713895115,101.25,102823.04,389.03806
51.29437713895115,103.125,102670.31,387.35297
51.29437713895115,105.0,102681.05,388.2562
51.29437713895115,106.875,102789.66,385.6474
51.29437713895115,108.75,102894.36,378.40564
51.29437713895115,110.625,102866.73,358.4211
51.29437713895115,112.5,102699.24,339.06143
51.29437713895115,114.375,102557.41,331.31128
51.29437713895115,116.25,102528.24,327.32486
51.29437713895115,118.125,102543.1,319.1641
51.29437713895115,120.0,102468.29,304.47983
51.29437713895115,121.875,102280.62,295.04156
51.29437713895115,123.75,102113.28,298.76572
51.29437713895115,125.625,102042.85,305.56088
51.29437713895115,127.5,102008.8,310.61264
51.29437713895115,129.375,101924.35,316.43106
51.29437713895115,131.25,101781.12,324.24896
51.29437713895115,133.125,101671.18,334.18637
51.29437713895115,135.0,101631.47,346.14117
51.29437713895115,136.875,101581.68,360.81406
51.29437713895115,138.75,101422.06,379.9735
51.29437713895115,140.625,101194.32,404.46677
51.29437713895115,142.5,101006.72,432.91318
51.29437713895115,144.375,100874.14,464.30304
51.29437713895115,146.25,100738.98,498.37985
51.29437713895115,148.125,100584.94,533.4374
51.29437713895115,150.0,100465.27,567.474
51.29437713895115,151.875,100412.26,600.60443
51.29437713895115,153.75,100405.33,633.82806
51.29437713895115,155.625,100399.18,668.0568
51.29437713895115,157.5,100369.56,703.94336
51.29437713895115,159.375,100330.32,741.58026
51.29437713895115,161.25,100317.35,781.0763
51.29437713895115,163.125,100325.58,823.0304
51.29437713895115,165.0,100326.25,867.1108
51.29437713895115,166.875,100315.66,911.165
51.29437713895115,168.75,100318.51,952.88226
51.29437713895115,170.625,100354.9,991.43604
51.29437713895115,172.5,100418.69,1028.3318
51.29437713895115,174.375,100475.12,1066.0814
51.29437713895115,176.25,100509.38,1105.03
51.29437713895115,178.125,100530.96,1142.7158
51.29437713895115,180.0,100569.68,1176.8982
51.29437713895115,181.875,100634.86,1207.3002
51.29437713895115,183.75,100713.91,1234.9742
51.29437713895115,185.625,100779.4,1260.2871
51.29437713895115,187.5,100825.61,1282.3918
51.29437713895115,189.375,100859.83,1299.9688
51.29437713895115,191.25,100901.59,1312.2688
51.29437713895115,193.125,100957.18,1318.8894
51.29437713895115,195.0,101017.58,1319.2814
51.29437713895115,196.875,101070.09,1312.7861
51.29437713895115,198.75,101103.1,1299.2826
51.29437713895115,200.625,101116.82,1279.8973
51.29437713895115,202.5,101127.2,1255.9131
51.29437713895115,204.375,101147.82,1227.1233
51.29437713895115,206.25,101185.07,1192.2842
51.29437713895115,208.125,101224.27,1150.6947
51.29437713895115,210.0,101245.36,1103.572
51.29437713895115,211.875,101237.32,1052.9884
51.29437713895115,213.75,101211.1,999.8049
51.29437713895115,215.625,101189.52,943.682
51.29437713895115,217.5,101187.01,884.84894
51.29437713895115,219.375,101197.18,825.8094
51.29437713895115,221.25,101212.55,770.48114
51.29437713895115,223.125,101222.56,720.64484
51.29437713895115,225.0,101227.52,675.02356
51.29437713895115,226.875,101244.01,631.547
51.29437713895115,228.75,101273.74,590.79047
51.29437713895115,230.625,101324.3,556.7775
51.29437713895115,232.5,101426.03,531.63873
51.29437713895115,234.375,101586.51,513.9497
51.29437713895115,236.25,101755.28,501.66574
51.29437713895115,238.125,101880.34,491.23712
51.29437713895115,240.0,101948.57,478.50137
51.29437713895115,241.875,101984.03,461.07272
51.29437713895115,243.75,102003.48,443.3982
51.29437713895115,245.625,102012.08,432.43817
51.29437713895115,247.5,102020.86,424.43875
51.29437713895115,249.375,102033.36,412.588
51.29437713895115,251.25,102038.0,398.08664
51.29437713895115,253.125,102023.83,382.67584
51.29437713895115,255.0,101987.07,366.49545
51.29437713895115,256.875,101943.73,353.1029
51.29437713895115,258.75,101917.8,346.10052
51.29437713895115,260.625,101914.7,344.74457
51.29437713895115,262.5,101916.14,346.21066
51.29437713895115,264.375,101895.66,347.224
51.29437713895115,266.25,101847.09,346.54837
51.29437713895115,268.125,101792.97,345.98587
51.29437713895115,270.0,101759.4,347.18207
51.29437713895115,271.875,101738.09,348.85333
51.29437713895115,273.75,101704.8,348.59906
51.29437713895115,275.625,101646.8,346.4234
51.29437713895115,277.5,101585.22,344.59238
51.29437713895115,279.375,101540.94,344.72888
51.29437713895115,281.25,101507.76,347.0192
51.29437713895115,283.125,101473.82,351.09543
51.29437713895115,285.0,101423.94,357.46948
51.29437713895115,286.875,101360.94,367.8517
51.29437713895115,288.75,101294.84,382.3936
51.29437713895115,290.625,101221.61,398.7763
51.29437713895115,292.5,101125.6,414.1862
51.29437713895115,294.375,101000.76,426.15634
51.29437713895115,296.25,100870.8,432.86105
51.29437713895115,298.125,100763.24,434.16956
51.29437713895115,300.0,100681.96,432.13565
51.29437713895115,301.875,100602.26,429.24554
51.29437713895115,303.75,100497.5,427.3762
51.29437713895115,305.625,100377.53,428.6836
51.29437713895115,307.5,100274.88,435.1333
51.29437713895115,309.375,100204.36,448.2918
51.29437713895115,311.25,100159.69,469.07367
51.29437713895115,313.125,100128.87,496.46744
51.29437713895115,315.0,100105.48,528.4597
51.29437713895115,316.875,100091.52,563.2647
51.29437713895115,318.75,100092.63,599.13495
51.29437713895115,320.625,100107.78,634.446
51.29437713895115,322.5,100129.91,667.724
51.29437713895115,324.375,100151.86,697.8134
51.29437713895115,326.25,100179.3,724.09015
51.29437713895115,328.125,100218.83,746.38837
51.29437713895115,330.0,100267.62,765.05194
51.29437713895115,331.875,100316.24,780.9781
51.29437713895115,333.75,100356.92,795.2002
51.29437713895115,335.625,100390.78,808.3274
51.29437713895115,337.5,100429.38,820.65137
51.29437713895115,339.375,100479.92,832.24774
51.29437713895115,341.25,100538.31,842.82196
51.29437713895115,343.125,100601.37,851.52515
51.29437713895115,345.0,100666.22,857.4554
51.29437713895115,346.875,100733.36,860.37085
51.29437713895115,348.75,100800.14,860.5238
51.29437713895115,350.625,100863.16,857.7995
51.29437713895115,352.5,100924.69,851.70215
51.29437713895115,354.375,100990.84,842.32825
51.29437713895115,356.25,101064.87,830.96643
51.29437713895115,358.125,101144.3,819.2513
53.15959537001968,0.0,100995.6,834.668
53.15959537001968,1.875,101056.49,825.11176
53.15959537001968,3.75,101121.96,815.4285
53.15959537001968,5.625,101198.14,805.8112
53.15959537001968,7.5,101277.93,796.8766
53.15959537001968,9.375,101344.74,788.3356
53.15959537001968,11.25,101379.86,779.2618
53.15959537001968,13.125,101392.39,769.8307
53.15959537001968,15.0,101402.32,761.1115
53.15959537001968,16.875,101418.78,753.7995
53.15959537001968,18.75,101437.82,747.92725
53.15959537001968,20.625,101452.59,743.32886
53.15959537001968,22.5,101461.89,740.05145
53.15959537001968,24.375,101477.68,737.8068
53.15959537001968,26.25,101500.76,735.0976
53.15959537001968,28.125,101522.8,730.04193
53.15959537001968,30.0,101533.5,722.22217
53.15959537001968,31.875,101538.67,713.2371
53.15959537001968,33.75,101547.85,705.0981
53.15959537001968,35.625,101566.23,698.43787
53.15959537001968,37.5,101590.79,692.4295
53.15959537001968,39.375,101613.0,686.4257
53.15959537001968,41.25,101637.42,681.06885
53.15959537001968,43.125,101667.38,677.03345
53.15959537001968,45.0,101699.22,673.9117
53.15959537001968,46.875,101723.96,670.49274
53.15959537001968,48.75,101739.34,665.8062
53.15959537001968,50.625,101760.02,660.1226
53.15959537001968,52.5,101800.71,654.91754
53.15959537001968,54.375,101863.27,651.40564
53.15959537001968,56.25,101936.3,649.6432
53.15959537001968,58.125,101999.26,648.68384
53.15959537001968,60.0,102038.08,645.20905
53.15959537001968,61.875,102061.94,635.14307
53.15959537001968,63.75,102087.79,619.6319
53.15959537001968,65.625,102123.1,604.4516
53.15959537001968,67.5,102161.33,593.6736
53.15959537001968,69.375,102200.01,586.6319
53.15959537001968,71.25,102234.01,579.0801
53.15959537001968,73.125,102259.73,567.69775
53.15959537001968,75.0,102280.97,553.07184
53.15959537001968,76.875,102304.67,537.67346
53.15959537001968,78.75,102347.18,522.0407
53.15959537001968,80.625,102415.97,504.2872
53.15959537001968,82.5,102500.39,484.05832
53.15959537001968,84.375,102572.36,463.35138
53.15959537001968,86.25,102612.5,445.4011
53.15959537001968,88.125,102634.02,434.25244
53.15959537001968,90.0,102664.62,429.9985
53.15959537001968,91.875,102717.06,427.2645
53.15959537001968,93.75,102777.46,423.29202
53.15959537001968,95.625,102817.67,419.8916
53.15959537001968,97.5,102806.5,416.51184
53.15959537001968,99.375,102726.72,411.88663
53.15959537001968,101.25,102637.1,411.94858
53.15959537001968,103.125,102639.3,414.63684
53.15959537001968,105.0,102731.6,412.13458
53.15959537001968,106.875,102839.62,405.76285
53.15959537001968,108.75,102898.13,391.5213
53.15959537001968,110.625,102834.68,363.62152
53.15959537001968,112.5,102681.22,339.21814
53.15959537001968,114.375,102565.21,331.18127
53.15959537001968,116.25,102540.23,330.6445
53.15959537001968,118.125,102534.32,327.3095
53.15959537001968,120.0,102447.44,319.63553
53.15959537001968,121.875,102284.61,313.79218
53.15959537001968,123.75,102142.28,313.54544
53.15959537001968,125.625,102068.86,315.7913
53.15959537001968,127.5,102028.34,318.80704
53.15959537001968,129.375,101961.76,323.34882
53.15959537001968,131.25,101858.28,329.208
53.15959537001968,133.125,101764.52,338.24988
53.15959537001968,135.0,101694.14,351.18143
53.15959537001968,136.875,101578.52,367.00467
53.15959537001968,138.75,101371.25,387.24316
53.15959537001968,140.625,101131.8,412.8776
53.15959537001968,142.5,100934.97,442.65875
53.15959537001968,144.375,100790.67,475.35767
53.15959537001968,146.25,100668.3,508.75113
53.15959537001968,148.125,100551.38,539.96075
53.15959537001968,150.0,100462.78,569.05054
53.15959537001968,151.875,100424.42,597.84125
53.15959537001968,153.75,100432.78,626.93036
53.15959537001968,155.625,100470.84,655.9082
53.15959537001968,157.5,100494.77,685.29474
53.15959537001968,159.375,100465.76,717.08154
53.15959537001968,161.25,100413.11,752.4193
53.15959537001968,163.125,100386.86,791.5088
53.15959537001968,165.0,100384.24,835.1613
53.15959537001968,166.875,100377.87,881.2135
53.15959537001968,168.75,100377.42,924.20667
53.15959537001968,170.625,100399.07,961.2449
53.15959537001968,172.5,100447.04,994.56
53.15959537001968,174.375,100505.66,1028.486
53.15959537001968,176.25,100552.91,1065.5099
53.15959537001968,178.125,100582.64,1104.1227
53.15959537001968,180.0,100608.52,1140.2463
53.15959537001968,181.875,100647.62,1170.7902
53.15959537001968,183.75,100707.97,1195.4424
53.15959537001968,185.625,100778.26,1215.743
53.15959537001968,187.5,100842.66,1233.0607
53.15959537001968,189.375,100889.74,1247.3347
53.15959537001968,191.25,100923.12,1257.2031
53.15959537001968,193.125,100958.12,1261.0974
53.15959537001968,195.0,101004.42,1258.2352
53.15959537001968,196.875,101062.51,1249.2208
53.15959537001968,198.75,101119.01,1235.4344
53.15959537001968,200.625,101157.68,1217.7646
53.15959537001968,202.5,101169.14,1195.5863
53.15959537001968,204.375,101158.96,1167.1641
53.15959537001968,206.25,101149.02,1131.6339
53.15959537001968,208.125,101148.46,1090.0707
53.15959537001968,210.0,101159.24,1044.9442
53.15959537001968,211.875,101168.1,998.1468
53.15959537001968,213.75,101170.54,949.90063
53.15959537001968,215.625,101164.45,899.7574
53.15959537001968,217.5,101160.54,848.48724
53.15959537001968,219.375,101163.85,798.3115
53.15959537001968,221.25,101173.7,751.03094
53.15959537001968,223.125,101190.16,706.2965
53.15959537001968,225.0,101215.65,662.7129
53.15959537001968,226.875,101249.93,620.9658
53.15959537001968,228.75,101299.06,585.47345
53.15959537001968,230.625,101401.67,560.7754
53.15959537001968,232.5,101576.5,547.30786
53.15959537001968,234.375,101759.38,540.7141
53.15959537001968,236.25,101864.44,531.724
53.15959537001968,238.125,101885.27,515.91864
53.15959537001968,240.0,101879.62,495.79367
53.15959537001968,241.875,101898.2,475.39148
53.15959537001968,243.75,101942.76,459.41177
53.15959537001968,245.625,101983.64,448.13867
53.15959537001968,247.5,102007.22,435.51538
53.15959537001968,249.375,102012.89,419.5934
53.15959537001968,251.25,102013.43,404.0245
53.15959537001968,253.125,102008.93,390.03168
53.15959537001968,255.0,101992.38,377.4318
53.15959537001968,256.875,101964.72,367.9491
53.15959537001968,258.75,101939.24,362.39514
53.15959537001968,260.625,101921.04,360.29034
53.15959537001968,262.5,101900.54,360.62466
53.15959537001968,264.375,101859.45,361.0252
53.15959537001968,266.25,101800.68,360.1039
53.15959537001968,268.125,101749.21,358.7837
53.15959537001968,270.0,101727.31,358.27246
53.15959537001968,271.875,101718.34,358.48544
53.15959537001968,273.75,101676.91,358.77133
53.15959537001968,275.625,101587.2,359.51996
53.15959537001968,277.5,101481.42,361.34204
53.15959537001968,279.375,101404.56,364.05908
53.15959537001968,281.25,101361.26,367.70953
53.15959537001968,283.125,101344.52,372.48312
53.15959537001968,285.0,101335.03,378.68906
53.15959537001968,286.875,101305.07,387.32828
53.15959537001968,288.75,101251.17,398.72903
53.15959537001968,290.625,101183.96,411.8139
53.15959537001968,292.5,101110.9,425.4361
53.15959537001968,294.375,101026.08,437.77292
53.15959537001968,296.25,100920.73,445.77145
53.15959537001968,298.125,100793.24,447.44073
53.15959537001968,300.0,100657.24,444.58078
53.15959537001968,301.875,100516.39,441.2573
53.15959537001968,303.75,100369.88,440.88046
53.15959537001968,305.625,100228.38,445.08194
53.15959537001968,307.5,100109.94,454.34253
53.15959537001968,309.375,100023.38,469.06647
53.15959537001968,311.25,99965.63,489.82672
53.15959537001968,313.125,99920.74,516.7812
53.15959537001968,315.0,99883.97,549.08276
53.15959537001968,316.875,99859.79,584.63104
53.15959537001968,318.75,99853.48,620.78906
53.15959537001968,320.625,99860.97,655.56104
53.15959537001968,322.5,99873.2,687.8865
53.15959537001968,324.375,99887.78,717.3725
53.15959537001968,326.25,99907.73,743.7507
53.15959537001968,328.125,99937.72,766.5601
53.15959537001968,330.0,99978.38,785.5568
53.15959537001968,331.875,100021.42,801.17065
53.15959537001968,333.75,100064.81,814.4426
53.15959537001968,335.625,100112.22,826.4155
53.15959537001968,337.5,100163.64,837.7452
53.15959537001968,339.375,100217.0,848.8032
53.15959537001968,341.25,100261.99,859.4585
53.15959537001968,343.125,100301.27,869.0409
53.15959537001968,345.0,100348.22,876.59467
53.15959537001968,346.875,100416.94,881.41656
53.15959537001968,348.75,100508.64,883.1064
53.15959537001968,350.625,100610.43,881.2559
53.15959537001968,352.5,100704.34,875.567
53.15959537001968,354.375,100787.5,866.56946
53.15959537001968,356.25,100862.76,855.72424
53.15959537001968,358.125,100931.96,844.7797
55.02480753831166,0.0,100782.8,861.9254
55.02480753831166,1.875,100835.7,854.71606
55.02480753831166,3.75,100899.64,847.2644
55.02480753831166,5.625,100977.81,838.7669
55.02480753831166,7.5,101064.32,829.08923
55.02480753831166,9.375,101141.78,818.7044
55.02480753831166,11.25,101197.15,808.4332
55.02480753831166,13.125,101226.92,799.3584
55.02480753831166,15.0,101247.3,792.4745
55.02480753831166,16.875,101267.86,787.6066
55.02480753831166,18.75,101294.3,783.33813
55.02480753831166,20.625,101319.75,778.5763
55.02480753831166,22.5,101346.77,774.36005
55.02480753831166,24.375,101379.52,772.3831
55.02480753831166,26.25,101417.5,772.23755
55.02480753831166,28.125,101453.1,771.3126
55.02480753831166,30.0,101474.06,767.439
55.02480753831166,31.875,101482.88,760.72156
55.02480753831166,33.75,101490.92,752.7439
55.02480753831166,35.625,101503.95,744.80194
55.02480753831166,37.5,101521.72,736.8925
55.02480753831166,39.375,101539.51,728.4663
55.02480753831166,41.25,101558.34,719.9142
55.02480753831166,43.125,101584.48,712.469
55.02480753831166,45.0,101620.89,707.08826
55.02480753831166,46.875,101661.74,703.769
55.02480753831166,48.75,101699.11,701.2488
55.02480753831166,50.625,101734.94,697.7649
55.02480753831166,52.5,101773.79,692.72205
55.02480753831166,54.375,101820.31,687.3911
55.02480753831166,56.25,101869.76,682.90436
55.02480753831166,58.125,101911.9,678.9408
55.02480753831166,60.0,101935.18,673.5151
55.02480753831166,61.875,101944.18,664.5205
55.02480753831166,63.75,101955.03,652.74255
55.02480753831166,65.625,101975.69,641.9066
55.02480753831166,67.5,102012.32,634.94196
55.02480753831166,69.375,102061.62,630.3575
55.02480753831166,71.25,102116.87,623.51965
55.02480753831166,73.125,102172.68,612.1376
55.02480753831166,75.0,102225.08,599.24164
55.02480753831166,76.875,102273.34,589.689
55.02480753831166,78.75,102317.72,583.8558
55.02480753831166,80.625,102353.68,575.5029
55.02480753831166,82.5,102379.62,558.78937
55.02480753831166,84.375,102405.03,535.7727
55.02480753831166,86.25,102445.31,514.40295
55.02480753831166,88.125,102500.62,500.2318
55.02480753831166,90.0,102562.6,492.42575
55.02480753831166,91.875,102614.67,486.3249
55.02480753831166,93.75,102635.3,478.60083
55.02480753831166,95.625,102619.94,470.01276
55.02480753831166,97.5,102589.64,463.63904
55.02480753831166,99.375,102583.28,461.1463
55.02480753831166,101.25,102627.28,460.2863
55.02480753831166,103.125,102709.97,457.02252
55.02480753831166,105.0,102794.23,450.04895
55.02480753831166,106.875,102845.18,437.05444
55.02480753831166,108.75,102832.62,411.96948
55.02480753831166,110.625,102748.92,378.83414
55.02480753831166,112.5,102651.31,356.35214
55.02480753831166,114.375,102600.62,350.01276
55.02480753831166,116.25,102593.95,352.1249
55.02480753831166,118.125,102564.86,352.4307
55.02480753831166,120.0,102473.84,347.93008
55.02480753831166,121.875,102345.92,341.5317
55.02480753831166,123.75,102237.02,335.80835
55.02480753831166,125.625,102168.18,332.18066
55.02480753831166,127.5,102106.34,331.46198
55.02480753831166,129.375,102014.32,333.58472
55.02480753831166,131.25,101904.82,339.25354
55.02480753831166,133.125,101813.7,349.1896
55.02480753831166,135.0,101718.84,361.8862
55.02480753831166,136.875,101557.11,378.07336
55.02480753831166,138.75,101320.96,400.79358
55.02480753831166,140.625,101075.48,427.24982
55.02480753831166,142.5,100872.89,454.88052
55.02480753831166,144.375,100726.01,482.91925
55.02480753831166,146.25,100624.96,510.11435
55.02480753831166,148.125,100548.9,535.5296
55.02480753831166,150.0,100485.86,560.2287
55.02480753831166,151.875,100452.51,585.37177
55.02480753831166,153.75,100467.23,610.7351
55.02480753831166,155.625,100544.14,634.5469
55.02480753831166,157.5,100642.46,656.08545
55.02480753831166,159.375,100668.74,679.6512
55.02480753831166,161.25,100595.71,710.6673
55.02480753831166,163.125,100512.59,748.5714
55.02480753831166,165.0,100481.24,789.9866
55.02480753831166,166.875,100481.49,833.33136
55.02480753831166,168.75,100484.02,875.36487
55.02480753831166,170.625,100488.52,912.4612
55.02480753831166,172.5,100504.66,945.3213
55.02480753831166,174.375,100540.52,977.5696
55.02480753831166,176.25,100592.38,1011.67206
55.02480753831166,178.125,100643.16,1047.1449
55.02480753831166,180.0,100679.9,1081.1279
55.02480753831166,181.875,100703.67,1110.657
55.02480753831166,183.75,100730.24,1134.7332
55.02480753831166,185.625,100775.56,1154.0579
55.02480753831166,187.5,100843.0,1169.5702
55.02480753831166,189.375,100914.7,1181.2054
55.02480753831166,191.25,100972.92,1187.9845
55.02480753831166,193.125,101007.04,1188.8308
55.02480753831166,195.0,101028.95,1183.751
55.02480753831166,196.875,101056.77,1173.8394
55.02480753831166,198.75,101102.96,1160.2872
55.02480753831166,200.625,101155.77,1143.2074
55.02480753831166,202.5,101194.16,1121.7874
55.02480753831166,204.375,101200.88,1095.2991
55.02480753831166,206.25,101180.68,1064.1501
55.02480753831166,208.125,101152.71,1029.8114
55.02480753831166,210.0,101138.42,993.5144
55.02480753831166,211.875,101142.68,954.96826
55.02480753831166,213.75,101155.26,913.06433
55.02480753831166,215.625,101161.74,867.8323
55.02480753831166,217.5,101159.54,821.4379
55.02480753831166,219.375,101152.84,776.5223
55.02480753831166,221.25,101156.43,733.87726
55.02480753831166,223.125,101174.66,692.35034
55.02480753831166,225.0,101208.94,652.178
55.02480753831166,226.875,101270.76,617.1345
55.02480753831166,228.75,101387.56,591.66364
55.02480753831166,230.625,101586.12,577.30255
55.02480753831166,232.5,101815.62,570.5841
55.02480753831166,234.375,101962.34,559.93726
55.02480753831166,236.25,101986.89,538.9051
55.02480753831166,238.125,101952.77,513.0569
55.02480753831166,240.0,101937.09,490.4707
55.02480753831166,241.875,101958.36,474.33533
55.02480753831166,243.75,101993.42,462.9584
55.02480753831166,245.625,102007.7,451.64706
55.02480753831166,247.5,101993.64,437.6765
55.02480753831166,249.375,101973.34,422.68597
55.02480753831166,251.25,101966.79,409.18365
55.02480753831166,253.125,101973.02,397.58966
55.02480753831166,255.0,101965.56,387.6094
55.02480753831166,256.875,101935.39,379.84213
55.02480753831166,258.75,101889.22,374.54828
55.02480753831166,260.625,101847.44,372.07748
55.02480753831166,262.5,101813.34,372.23087
55.02480753831166,264.375,101779.69,373.1809
55.02480753831166,266.25,101736.68,373.0146
55.02480753831166,268.125,101694.07,371.39285
55.02480753831166,270.0,101660.59,369.35345
55.02480753831166,271.875,101622.74,368.7152
55.02480753831166,273.75,101558.47,370.81393
55.02480753831166,275.625,101459.76,375.68887
55.02480753831166,277.5,101354.32,382.08276
55.02480753831166,279.375,101272.8,388.37595
55.02480753831166,281.25,101228.17,393.87305
55.02480753831166,283.125,101214.83,398.88235
55.02480753831166,285.0,101209.26,404.3944
55.02480753831166,286.875,101183.18,411.7429
55.02480753831166,288.75,101131.14,421.45343
55.02480753831166,290.625,101069.51,432.88947
55.02480753831166,292.5,101011.58,444.80844
55.02480753831166,294.375,100941.87,455.04526
55.02480753831166,296.25,100832.62,460.95016
55.02480753831166,298.125,100677.56,462.08185
55.02480753831166,300.0,100506.54,461.05447
55.02480753831166,301.875,100349.83,461.00082
55.02480753831166,303.75,100208.2,464.0245
55.02480753831166,305.625,100078.98,471.53482
55.02480753831166,307.5,99967.58,483.86188
55.02480753831166,309.375,99880.28,500.80325
55.02480753831166,311.25,99811.33,522.81195
55.02480753831166,313.125,99755.47,550.48444
55.02480753831166,315.0,99710.49,582.95245
55.02480753831166,316.875,99680.68,617.73413
55.02480753831166,318.75,99665.26,652.00037
55.02480753831166,320.625,99658.47,683.9834
55.02480753831166,322.5,99654.04,713.3928
55.02480753831166,324.375,99652.16,740.4285
55.02480753831166,326.25,99660.44,764.8007
55.02480753831166,328.125,99682.98,785.8686
55.02480753831166,330.0,99713.62,803.3583
55.02480753831166,331.875,99747.9,817.7668
55.02480753831166,333.75,99788.0,830.3914
55.02480753831166,335.625,99840.66,842.36945
55.02480753831166,337.5,99909.64,853.8755
55.02480753831166,339.375,99983.4,864.31354
55.02480753831166,341.25,100043.19,873.29395
55.02480753831166,343.125,100081.72,880.8186
55.02480753831166,345.0,100115.82,887.0391
55.02480753831166,346.875,100166.1,891.8473
55.02480753831166,348.75,100246.68,894.7201
55.02480753831166,350.625,100352.83,894.92065
55.02480753831166,352.5,100468.94,891.95776
55.02480753831166,354.375,100575.54,886.01825
55.02480753831166,356.25,100663.25,878.1528
55.02480753831166,358.125,100729.83,869.7489
56.89001260135711,0.0,100576.73,891.3218
56.89001260135711,1.875,100649.89,888.69147
56.89001260135711,3.75,100734.26,885.00775
56.89001260135711,5.625,100829.57,878.85004
56.89001260135711,7.5,100925.25,869.28766
56.89001260135711,9.375,101005.24,856.79047
56.89001260135711,11.25,101059.58,843.57294
56.89001260135711,13.125,101088.84,832.6534
56.89001260135711,15.0,101106.57,825.97296
56.89001260135711,16.875,101128.26,823.242
56.89001260135711,18.75,101160.03,822.2004
56.89001260135711,20.625,101198.66,820.2768
56.89001260135711,22.5,101237.45,816.5443
56.89001260135711,24.375,101274.7,811.889
56.89001260135711,26.25,101310.3,807.38293
56.89001260135711,28.125,101342.96,802.98004
56.89001260135711,30.0,101370.89,798.10315
56.89001260135711,31.875,101399.14,792.66077
56.89001260135711,33.75,101428.52,787.0154
56.89001260135711,35.625,101459.28,781.4439
56.89001260135711,37.5,101485.22,775.1423
56.89001260135711,39.375,101502.64,766.8756
56.89001260135711,41.25,101516.0,756.5549
56.89001260135711,43.125,101532.48,745.78937
56.89001260135711,45.0,101555.92,736.7023
56.89001260135711,46.875,101587.18,730.58185
56.89001260135711,48.75,101619.74,726.8535
56.89001260135711,50.625,101651.8,723.4135
56.89001260135711,52.5,101688.16,718.6518
56.89001260135711,54.375,101730.82,712.7919
56.89001260135711,56.25,101777.87,706.91797
56.89001260135711,58.125,101822.63,701.59125
56.89001260135711,60.0,101854.74,696.6934
56.89001260135711,61.875,101872.99,691.3657
56.89001260135711,63.75,101886.96,685.13763
56.89001260135711,65.625,101902.52,679.13995
56.89001260135711,67.5,101926.92,674.8347
56.89001260135711,69.375,101957.9,671.03107
56.89001260135711,71.25,101995.69,664.4884
56.89001260135711,73.125,102039.97,653.7964
56.89001260135711,75.0,102089.57,641.4083
56.89001260135711,76.875,102142.59,631.3556
56.89001260135711,78.75,102193.97,625.3355
56.89001260135711,80.625,102235.51,620.4838
56.89001260135711,82.5,102266.51,611.7595
56.89001260135711,84.375,102299.22,598.08813
56.89001260135711,86.25,102345.42,583.9192
56.89001260135711,88.125,102408.8,573.8414
56.89001260135711,90.0,102477.28,567.3836
56.89001260135711,91.875,102528.62,560.7694
56.89001260135711,93.75,102551.44,551.6997
56.89001260135711,95.625,102556.16,541.1399
56.89001260135711,97.5,102570.82,531.99744
56.89001260135711,99.375,102605.8,525.9364
56.89001260135711,101.25,102659.22,521.94867
56.89001260135711,103.125,102705.95,516.5594
56.89001260135711,105.0,102726.92,505.77185
56.89001260135711,106.875,102710.52,487.97824
56.89001260135711,108.75,102670.62,466.14465
56.89001260135711,110.625,102637.06,445.60434
56.89001260135711,112.5,102627.8,430.57318
56.89001260135711,114.375,102634.86,421.50842
56.89001260135711,116.25,102623.02,415.16495
56.89001260135711,118.125,102566.29,407.5172
56.89001260135711,120.0,102478.39,397.31448
56.89001260135711,121.875,102397.14,386.5336
56.89001260135711,123.75,102344.65,377.14456
56.89001260135711,125.625,102300.48,370.1973
56.89001260135711,127.5,102225.18,366.57587
56.89001260135711,129.375,102117.52,367.10565
56.89001260135711,131.25,102013.61,371.0236
56.89001260135711,133.125,101933.22,376.38257
56.89001260135711,135.0,101840.46,382.22797
56.89001260135711,136.875,101665.32,392.7839
56.89001260135711,138.75,101394.16,414.06268
56.89001260135711,140.625,101113.84,443.13702
56.89001260135711,142.5,100906.65,469.51254
56.89001260135711,144.375,100789.83,490.65677
56.89001260135711,146.25,100727.44,508.58704
56.89001260135711,148.125,100672.6,526.0382
56.89001260135711,150.0,100605.63,544.7492
56.89001260135711,151.875,100550.86,564.5433
56.89001260135711,153.75,100548.06,583.95306
56.89001260135711,155.625,100620.47,601.3222
56.89001260135711,157.5,100736.18,616.54663
56.89001260135711,159.375,100808.68,633.9266
56.89001260135711,161.25,100777.27,659.75214
56.89001260135711,163.125,100690.76,695.2458
56.89001260135711,165.0,100630.97,735.43085
56.89001260135711,166.875,100620.88,776.02167
56.89001260135711,168.75,100628.2,815.43054
56.89001260135711,170.625,100628.84,852.5451
56.89001260135711,172.5,100621.25,886.9394
56.89001260135711,174.375,100628.5,919.34753
56.89001260135711,176.25,100663.54,950.59863
56.89001260135711,178.125,100722.06,980.7869
56.89001260135711,180.0,100779.32,1009.06104
56.89001260135711,181.875,100813.62,1034.4847
56.89001260135711,183.75,100829.11,1056.7025
56.89001260135711,185.625,100847.54,1075.3815
56.89001260135711,187.5,100890.63,1089.741
56.89001260135711,189.375,100957.7,1099.0016
56.89001260135711,191.25,101028.51,1102.8237
56.89001260135711,193.125,101077.92,1101.4833
56.89001260135711,195.0,101099.43,1095.8396
56.89001260135711,196.875,101111.22,1086.804
56.89001260135711,198.75,101136.2,1074.4167
56.89001260135711,200.625,101181.44,1057.7853
56.89001260135711,202.5,101235.32,1036.1705
56.89001260135711,204.375,101273.76,1010.13495
56.89001260135711,206.25,101279.6,981.6077
56.89001260135711,208.125,101258.6,952.5034
56.89001260135711,210.0,101228.45,923.0844
56.89001260135711,211.875,101207.7,891.96094
56.89001260135711,213.75,101196.82,857.67377
56.89001260135711,215.625,101189.08,820.5789
56.89001260135711,217.5,101184.1,782.9239
56.89001260135711,219.375,101190.8,747.21075
56.89001260135711,221.25,101223.0,714.36176
56.89001260135711,223.125,101279.02,684.04333
56.89001260135711,225.0,101361.74,657.51776
56.89001260135711,226.875,101482.45,637.7647
56.89001260135711,228.75,101651.78,625.5666
56.89001260135711,230.625,101842.14,614.4421
56.89001260135711,232.5,101991.66,594.2681
56.89001260135711,234.375,102055.12,564.2805
56.89001260135711,236.25,102051.54,532.6498
56.89001260135711,238.125,102037.8,506.28394
56.89001260135711,240.0,102047.89,487.5716
56.89001260135711,241.875,102069.52,475.64963
56.89001260135711,243.75,102075.36,467.05322
56.89001260135711,245.625,102052.18,457.36084
56.89001260135711,247.5,102013.84,444.96664
56.89001260135711,249.375,101982.0,431.52786
56.89001260135711,251.25,101970.92,419.11414
56.89001260135711,253.125,101964.06,408.21088
56.89001260135711,255.0,101940.54,399.11765
56.89001260135711,256.875,101891.9,391.9242
56.89001260135711,258.75,101836.82,386.88998
56.89001260135711,260.625,101793.94,384.07568
56.89001260135711,262.5,101769.14,383.22733
56.89001260135711,264.375,101744.17,383.49054
56.89001260135711,266.25,101699.23,383.73065
56.89001260135711,268.125,101631.29,383.51874
56.89001260135711,270.0,101554.35,383.6986
56.89001260135711,271.875,101475.76,386.01877
56.89001260135711,273.75,101391.8,391.59348
56.89001260135711,275.625,101301.81,399.79785
56.89001260135711,277.5,101215.67,408.85974
56.89001260135711,279.375,101148.55,417.03674
56.89001260135711,281.25,101107.53,423.69116
56.89001260135711,283.125,101090.54,429.40887
56.89001260135711,285.0,101082.49,435.26816
56.89001260135711,286.875,101065.47,442.2142
56.89001260135711,288.75,101031.76,450.54602
56.89001260135711,290.625,100985.24,459.82794
56.89001260135711,292.5,100930.04,469.01294
56.89001260135711,294.375,100854.09,476.47656
56.89001260135711,296.25,100737.72,481.13892
56.89001260135711,298.125,100578.72,483.76065
56.89001260135711,300.0,100401.68,485.93243
56.89001260135711,301.875,100233.0,488.9036
56.89001260135711,303.75,100086.16,494.1362
56.89001260135711,305.625,99961.66,503.10983
56.89001260135711,307.5,99861.74,516.8652
56.89001260135711,309.375,99779.52,536.4927
56.89001260135711,311.25,99707.62,562.8831
56.89001260135711,313.125,99642.74,594.92816
56.89001260135711,315.0,99589.22,629.66583
56.89001260135711,316.875,99548.62,663.9072
56.89001260135711,318.75,99516.98,695.5779
56.89001260135711,320.625,99491.08,724.23035
56.89001260135711,322.5,99469.1,750.69476
56.89001260135711,324.375,99459.33,775.2653
56.89001260135711,326.25,99471.48,796.86694
56.89001260135711,328.125,99503.14,814.23395
56.89001260135711,330.0,99539.14,827.29736
56.89001260135711,331.875,99566.33,837.29724
56.89001260135711,333.75,99586.46,846.3365
56.89001260135711,335.625,99609.76,855.9727
56.89001260135711,337.5,99654.39,866.1002
56.89001260135711,339.375,99720.44,875.4068
56.89001260135711,341.25,99798.12,882.8201
56.89001260135711,343.125,99868.45,888.2225
56.89001260135711,345.0,99930.48,892.3119
56.89001260135711,346.875,99988.46,895.67773
56.89001260135711,348.75,100053.98,898.35486
56.89001260135711,350.625,100135.21,899.9219
56.89001260135711,352.5,100232.46,900.06696
56.89001260135711,354.375,100335.7,898.83203
56.89001260135711,356.25,100429.12,896.5835
56.89001260135711,358.125,100506.56,893.91046
58.75520926937993,0.0,100404.36,919.2045
58.75520926937993,1.875,100501.86,920.3031
58.75520926937993,3.75,100616.26,920.98645
58.75520926937993,5.625,100755.54,921.3486
58.75520926937993,7.5,100904.44,919.8136
58.75520926937993,9.375,101015.58,912.6641
58.75520926937993,11.25,101059.96,898.5986
58.75520926937993,13.125,101057.51,882.48553
58.75520926937993,15.0,101045.18,870.5446
58.75520926937993,16.875,101048.26,864.38336
58.75520926937993,18.75,101067.6,861.6075
58.75520926937993,20.625,101099.8,859.72174
58.75520926937993,22.5,101139.46,857.1454
58.75520926937993,24.375,101181.6,852.61566
58.75520926937993,26.25,101218.54,845.4348
58.75520926937993,28.125,101250.94,836.2696
58.75520926937993,30.0,101282.2,826.52844
58.75520926937993,31.875,101314.1,817.3517
58.75520926937993,33.75,101346.71,809.2272
58.75520926937993,35.625,101382.88,802.1964
58.75520926937993,37.5,101416.61,795.58777
58.75520926937993,39.375,101445.62,788.21265
58.75520926937993,41.25,101471.82,779.3732
58.75520926937993,43.125,101493.84,769.5425
58.75520926937993,45.0,101517.01,760.2693
58.75520926937993,46.875,101538.11,752.82886
58.75520926937993,48.75,101558.74,747.3394
58.75520926937993,50.625,101582.82,742.71375
58.75520926937993,52.5,101615.2,737.8342
58.75520926937993,54.375,101658.79,732.3973
58.75520926937993,56.25,101707.39,726.67236
58.75520926937993,58.125,101755.82,721.2207
58.75520926937993,60.0,101792.38,716.40314
58.75520926937993,61.875,101818.54,711.8923
58.75520926937993,63.75,101841.6,707.28705
58.75520926937993,65.625,101867.66,703.3396
58.75520926937993,67.5,101895.86,701.42456
58.75520926937993,69.375,101921.93,701.3318
58.75520926937993,71.25,101939.8,700.6929
58.75520926937993,73.125,101956.02,697.3931
58.75520926937993,75.0,101977.16,691.44604
58.75520926937993,76.875,102011.83,684.68774
58.75520926937993,78.75,102061.48,678.60266
58.75520926937993,80.625,102117.4,672.9651
58.75520926937993,82.5,102171.24,666.5399
58.75520926937993,84.375,102219.8,658.882
58.75520926937993,86.25,102271.32,650.91284
58.75520926937993,88.125,102328.82,643.46075
58.75520926937993,90.0,102387.23,636.1661
58.75520926937993,91.875,102436.86,627.75354
58.75520926937993,93.75,102473.74,617.70856
58.75520926937993,95.625,102500.09,606.98926
58.75520926937993,97.5,102524.42,597.5134
58.75520926937993,99.375,102550.86,589.9316
58.75520926937993,101.25,102568.51,582.5284
58.75520926937993,103.125,102569.34,573.1215
58.75520926937993,105.0,102555.01,560.6795
58.75520926937993,106.875,102544.32,546.464
58.75520926937993,108.75,102553.72,533.49036
58.75520926937993,110.625,102586.73,523.6821
58.75520926937993,112.5,102621.46,515.4471
58.75520926937993,114.375,102626.8,505.55325
58.75520926937993,116.25,102582.15,492.96667
58.75520926937993,118.125,102502.9,478.31815
58.75520926937993,120.0,102432.69,463.14517
58.75520926937993,121.875,102399.05,448.99167
58.75520926937993,123.75,102391.16,437.3552
58.75520926937993,125.625,102371.7,428.3735
58.75520926937993,127.5,102309.3,421.37927
58.75520926937993,129.375,102219.54,414.9722
58.75520926937993,131.25,102138.38,408.55933
58.75520926937993,133.125,102081.64,403.56528
58.75520926937993,135.0,102016.04,403.17065
58.75520926937993,136.875,101879.06,411.58435
58.75520926937993,138.75,101636.24,429.5496
58.75520926937993,140.625,101334.97,455.78152
58.75520926937993,142.5,101100.9,484.9048
58.75520926937993,144.375,100991.69,504.95428
58.75520926937993,146.25,100959.98,515.9902
58.75520926937993,148.125,100931.36,524.7233
58.75520926937993,150.0,100870.95,536.27356
58.75520926937993,151.875,100804.58,551.4998
58.75520926937993,153.75,100782.04,567.5692
58.75520926937993,155.625,100829.08,581.71875
58.75520926937993,157.5,100910.87,594.6316
58.75520926937993,159.375,100968.13,609.9628
58.75520926937993,161.25,100961.37,631.20386
58.75520926937993,163.125,100907.23,658.9776
58.75520926937993,165.0,100852.52,690.9223
58.75520926937993,166.875,100832.68,723.8032
58.75520926937993,168.75,100838.92,755.64166
58.75520926937993,170.625,100843.9,786.202
58.75520926937993,172.5,100829.49,816.0963
58.75520926937993,174.375,100808.9,845.6233
58.75520926937993,176.25,100807.7,874.287
58.75520926937993,178.125,100837.08,901.3852
58.75520926937993,180.0,100885.86,926.351
58.75520926937993,181.875,100930.86,948.7988
58.75520926937993,183.75,100953.72,968.2481
58.75520926937993,185.625,100962.08,984.0144
58.75520926937993,187.5,100977.37,995.159
58.75520926937993,189.375,101016.35,1001.25604
58.75520926937993,191.25,101077.71,1002.9167
58.75520926937993,193.125,101142.77,1001.38763
58.75520926937993,195.0,101195.6,997.7743
58.75520926937993,196.875,101237.08,992.19745
58.75520926937993,198.75,101275.03,983.45013
58.75520926937993,200.625,101317.22,969.6253
58.75520926937993,202.5,101356.66,949.5746
58.75520926937993,204.375,101380.51,924.3511
58.75520926937993,206.25,101373.56,896.63336
58.75520926937993,208.125,101344.08,868.9278
58.75520926937993,210.0,101307.59,842.06177
58.75520926937993,211.875,101273.22,815.93256
58.75520926937993,213.75,101248.5,790.5288
58.75520926937993,215.625,101239.0,765.96844
58.75520926937993,217.5,101263.1,742.6492
58.75520926937993,219.375,101335.43,721.07477
58.75520926937993,221.25,101450.62,701.5892
58.75520926937993,223.125,101588.8,684.40076
58.75520926937993,225.0,101729.25,670.0852
58.75520926937993,226.875,101860.4,657.5051
58.75520926937993,228.75,101970.32,641.69727
58.75520926937993,230.625,102045.11,616.8712
58.75520926937993,232.5,102080.42,582.042
58.75520926937993,234.375,102089.78,545.1886
58.75520926937993,236.25,102089.98,516.57446
58.75520926937993,238.125,102090.78,497.9208
58.75520926937993,240.0,102089.04,485.54578
58.75520926937993,241.875,102079.45,477.19193
58.75520926937993,243.75,102055.84,470.4704
58.75520926937993,245.625,102025.38,462.4108
58.75520926937993,247.5,102001.87,451.53735
58.75520926937993,249.375,101991.76,439.11658
58.75520926937993,251.25,101990.92,427.49802
58.75520926937993,253.125,101984.6,418.00287
58.75520926937993,255.0,101955.84,410.78815
58.75520926937993,256.875,101909.49,405.0082
58.75520926937993,258.75,101861.22,400.32904
58.75520926937993,260.625,101819.15,396.82925
58.75520926937993,262.5,101778.46,394.882
58.75520926937993,264.375,101723.2,394.3283
58.75520926937993,266.25,101643.13,394.93018
58.75520926937993,268.125,101547.9,396.80353
58.75520926937993,270.0,101449.34,400.39212
58.75520926937993,271.875,101362.14,406.2974
58.75520926937993,273.75,101281.65,414.4952
58.75520926937993,275.625,101202.78,424.22372
58.75520926937993,277.5,101125.75,434.20667
58.75520926937993,279.375,101060.02,443.43924
58.75520926937993,281.25,101011.26,451.88968
58.75520926937993,283.125,100985.44,460.08755
58.75520926937993,285.0,100980.51,468.31955
58.75520926937993,286.875,100976.3,476.53467
58.75520926937993,288.75,100950.55,484.49597
58.75520926937993,290.625,100898.8,492.02472
58.75520926937993,292.5,100828.94,498.9667
58.75520926937993,294.375,100742.94,505.1338
58.75520926937993,296.25,100633.98,510.26236
58.75520926937993,298.125,100494.04,514.53284
58.75520926937993,300.0,100332.08,518.73035
58.75520926937993,301.875,100170.27,523.36786
58.75520926937993,303.75,100035.78,529.0573
58.75520926937993,305.625,99934.44,538.1262
58.75520926937993,307.5,99854.34,554.5338
58.75520926937993,309.375,99777.64,581.3253
58.75520926937993,311.25,99698.58,618.15247
58.75520926937993,313.125,99623.16,660.57495
58.75520926937993,315.0,99559.85,702.0133
58.75520926937993,316.875,99508.2,737.18335
58.75520926937993,318.75,99465.64,764.7885
58.75520926937993,320.625,99421.04,787.0517
58.75520926937993,322.5,99377.86,807.12085
58.75520926937993,324.375,99349.56,826.37366
58.75520926937993,326.25,99349.94,843.59076
58.75520926937993,328.125,99384.18,856.3692
58.75520926937993,330.0,99434.42,863.6527
58.75520926937993,331.875,99479.65,867.0604
58.75520926937993,333.75,99504.7,869.7017
58.75520926937993,335.625,99513.48,873.7904
58.75520926937993,337.5,99522.0,879.51416
58.75520926937993,339.375,99552.51,885.6596
58.75520926937993,341.25,99608.86,890.84924
58.75520926937993,343.125,99682.62,894.5989
58.75520926937993,345.0,99761.61,897.3362
58.75520926937993,346.875,99837.41,899.70154
58.75520926937993,348.75,99906.01,902.2
58.75520926937993,350.625,99971.73,905.0798
58.75520926937993,352.5,100046.82,908.322
58.75520926937993,354.375,100131.4,911.70935
58.75520926937993,356.25,100220.02,914.85986
58.75520926937993,358.125,100310.73,917.40314
60.62039592682648,0.0,100260.2,943.6767
60.62039592682648,1.875,100350.23,943.428
60.62039592682648,3.75,100461.55,942.713
60.62039592682648,5.625,100628.7,944.6434
60.62039592682648,7.5,100840.36,950.1491
60.62039592682648,9.375,101019.26,953.64087
60.62039592682648,11.25,101093.1,946.92114
60.62039592682648,13.125,101073.18,930.5222
60.62039592682648,15.0,101028.61,913.4458
60.62039592682648,16.875,101010.5,901.9009
60.62039592682648,18.75,101017.42,895.2969
60.62039592682648,20.625,101041.55,891.3051
60.62039592682648,22.5,101076.42,888.74567
60.62039592682648,24.375,101122.32,886.4713
60.62039592682648,26.25,101173.23,882.27423
60.62039592682648,28.125,101221.56,874.4834
60.62039592682648,30.0,101258.9,863.26953
60.62039592682648,31.875,101287.83,850.2206
60.62039592682648,33.75,101307.56,836.93176
60.62039592682648,35.625,101322.98,824.57275
60.62039592682648,37.5,101341.48,813.5794
60.62039592682648,39.375,101367.91,803.6382
60.62039592682648,41.25,101401.98,794.04626
60.62039592682648,43.125,101439.91,784.50433
60.62039592682648,45.0,101475.62,775.3504
60.62039592682648,46.875,101504.18,767.2316
60.62039592682648,48.75,101527.62,760.5247
60.62039592682648,50.625,101551.82,754.9515
60.62039592682648,52.5,101581.82,749.89825
60.62039592682648,54.375,101618.32,744.9923
60.62039592682648,56.25,101655.87,740.2004
60.62039592682648,58.125,101683.7,735.6563
60.62039592682648,60.0,101699.41,731.3047
60.62039592682648,61.875,101705.38,726.6546
60.62039592682648,63.75,101716.12,721.752
60.62039592682648,65.625,101743.3,717.76135
60.62039592682648,67.5,101786.02,716.179
60.62039592682648,69.375,101832.97,717.3095
60.62039592682648,71.25,101877.12,719.98065
60.62039592682648,73.125,101911.34,722.25037
60.62039592682648,75.0,101941.38,722.746
60.62039592682648,76.875,101974.36,721.2592
60.62039592682648,78.75,102013.48,718.42737
60.62039592682648,80.625,102055.76,714.9408
60.62039592682648,82.5,102097.66,711.03125
60.62039592682648,84.375,102135.26,706.4916
60.62039592682648,86.25,102171.48,701.28217
60.62039592682648,88.125,102209.95,695.4158
60.62039592682648,90.0,102255.75,688.80176
60.62039592682648,91.875,102303.94,681.1187
60.62039592682648,93.75,102352.75,672.3016
60.62039592682648,95.625,102396.37,662.573
60.62039592682648,97.5,102430.62,652.1781
60.62039592682648,99.375,102452.62,642.0841
60.62039592682648,101.25,102459.29,633.2112
60.62039592682648,103.125,102457.48,624.7782
60.62039592682648,105.0,102461.19,615.0807
60.62039592682648,106.875,102479.12,603.8824
60.62039592682648,108.75,102508.56,592.7359
60.62039592682648,110.625,102539.02,581.874
60.62039592682648,112.5,102550.5,569.4699
60.62039592682648,114.375,102526.7,554.8832
60.62039592682648,116.25,102475.08,539.08203
60.62039592682648,118.125,102422.2,523.1113
60.62039592682648,120.0,102394.13,507.39508
60.62039592682648,121.875,102388.92,491.6943
60.62039592682648,123.75,102383.48,475.23166
60.62039592682648,125.625,102343.62,458.1129
60.62039592682648,127.5,102260.27,441.5672
60.62039592682648,129.375,102161.68,426.9652
60.62039592682648,131.25,102086.18,416.608
60.62039592682648,133.125,102053.9,412.98602
60.62039592682648,135.0,102039.02,417.9112
60.62039592682648,136.875,101977.07,432.46353
60.62039592682648,138.75,101831.6,456.84128
60.62039592682648,140.625,101639.84,484.57986
60.62039592682648,142.5,101485.66,507.88358
60.62039592682648,144.375,101422.58,522.8032
60.62039592682648,146.25,101430.26,528.6711
60.62039592682648,148.125,101443.84,530.70404
60.62039592682648,150.0,101407.51,536.5556
60.62039592682648,151.875,101317.92,549.6745
60.62039592682648,153.75,101225.58,567.8672
60.62039592682648,155.625,101177.66,585.37274
60.62039592682648,157.5,101177.62,599.4603
60.62039592682648,159.375,101188.34,612.0936
60.62039592682648,161.25,101175.77,626.8097
60.62039592682648,163.125,101140.91,645.1501
60.62039592682648,165.0,101112.66,665.759
60.62039592682648,166.875,101113.0,686.08026
60.62039592682648,168.75,101141.36,704.6307
60.62039592682648,170.625,101165.68,722.0392
60.62039592682648,172.5,101158.6,740.4932
60.62039592682648,174.375,101115.78,761.57806
60.62039592682648,176.25,101062.54,785.1429
60.62039592682648,178.125,101031.38,809.6121
60.62039592682648,180.0,101034.26,833.22076
60.62039592682648,181.875,101059.3,854.69946
60.62039592682648,183.75,101083.24,873.1457
60.62039592682648,185.625,101096.72,887.72815
60.62039592682648,187.5,101105.67,897.46375
60.62039592682648,189.375,101122.48,902.1806
60.62039592682648,191.25,101159.41,903.3112
60.62039592682648,193.125,101212.28,902.834
60.62039592682648,195.0,101276.41,901.7773
60.62039592682648,196.875,101340.71,899.6141
60.62039592682648,198.75,101405.9,894.9139
60.62039592682648,200.625,101470.3,885.9648
60.62039592682648,202.5,101524.85,871.9599
60.62039592682648,204.375,101563.06,853.88525
60.62039592682648,206.25,101578.87,834.14166
60.62039592682648,208.125,101579.67,815.1746
60.62039592682648,210.0,101577.96,798.00684
60.62039592682648,211.875,101584.74,782.642
60.62039592682648,213.75,101603.64,768.0516
60.62039592682648,215.625,101643.16,752.97595
60.62039592682648,217.5,101706.3,736.7418
60.62039592682648,219.375,101789.49,719.41296
60.62039592682648,221.25,101875.48,702.306
60.62039592682648,223.125,101952.83,684.5443
60.62039592682648,225.0,102014.26,666.5621
60.62039592682648,226.875,102062.06,647.5654
60.62039592682648,228.75,102097.35,624.04474
60.62039592682648,230.625,102123.02,592.4492
60.62039592682648,232.5,102143.02,554.7455
60.62039592682648,234.375,102156.68,521.6867
60.62039592682648,236.25,102156.16,501.48636
60.62039592682648,238.125,102134.26,490.67218
60.62039592682648,240.0,102094.86,483.9695
60.62039592682648,241.875,102052.59,478.69873
60.62039592682648,243.75,102017.7,473.5234
60.62039592682648,245.625,101992.72,466.57812
60.62039592682648,247.5,101980.46,456.73764
60.62039592682648,249.375,101974.62,445.26743
60.62039592682648,251.25,101966.8,434.56198
60.62039592682648,253.125,101946.61,426.1362
60.62039592682648,255.0,101916.78,420.21832
60.62039592682648,256.875,101879.33,415.60092
60.62039592682648,258.75,101839.28,411.59595
60.62039592682648,260.625,101789.55,408.4612
60.62039592682648,262.5,101723.44,406.6646
60.62039592682648,264.375,101635.97,406.5402
60.62039592682648,266.25,101538.1,408.1833
60.62039592682648,268.125,101445.84,411.6072
60.62039592682648,270.0,101369.6,416.66943
60.62039592682648,271.875,101307.22,423.4864
60.62039592682648,273.75,101245.8,432.2817
60.62039592682648,275.625,101174.3,442.5667
60.62039592682648,277.5,101094.32,453.15125
60.62039592682648,279.375,101018.48,463.34558
60.62039592682648,281.25,100959.98,473.3682
60.62039592682648,283.125,100929.74,483.58624
60.62039592682648,285.0,100922.26,494.01874
60.62039592682648,286.875,100909.78,504.5077
60.62039592682648,288.75,100860.81,514.323
60.62039592682648,290.625,100779.06,522.7674
60.62039592682648,292.5,100686.34,530.0778
60.62039592682648,294.375,100595.24,537.00256
60.62039592682648,296.25,100502.95,543.6752
60.62039592682648,298.125,100397.78,549.91187
60.62039592682648,300.0,100279.8,555.68567
60.62039592682648,301.875,100163.04,561.04254
60.62039592682648,303.75,100069.39,567.4102
60.62039592682648,305.625,99988.67,579.1304
60.62039592682648,307.5,99900.47,601.62036
60.62039592682648,309.375,99808.66,638.1163
60.62039592682648,311.25,99740.72,688.11346
60.62039592682648,313.125,99695.6,745.29224
60.62039592682648,315.0,99644.22,797.3817
60.62039592682648,316.875,99575.81,833.6601
60.62039592682648,318.75,99517.25,853.37775
60.62039592682648,320.625,99476.41,864.12213
60.62039592682648,322.5,99427.78,873.45905
60.62039592682648,324.375,99361.82,884.3209
60.62039592682648,326.25,99305.08,895.6984
60.62039592682648,328.125,99289.03,904.70105
60.62039592682648,330.0,99318.29,908.64557
60.62039592682648,331.875,99375.24,907.4656
60.62039592682648,333.75,99442.12,904.0693
60.62039592682648,335.625,99499.25,901.71155
60.62039592682648,337.5,99534.04,901.7867
60.62039592682648,339.375,99554.61,903.60583
60.62039592682648,341.25,99579.89,905.629
60.62039592682648,343.125,99619.12,906.8376
60.62039592682648,345.0,99672.48,907.37976
60.62039592682648,346.875,99734.23,908.14435
60.62039592682648,348.75,99797.38,910.2612
60.62039592682648,350.625,99860.29,914.50995
60.62039592682648,352.5,99926.37,920.95734
60.62039592682648,354.375,100000.63,928.75146
60.62039592682648,356.25,100082.5,936.18085
60.62039592682648,358.125,100170.79,941.4326
62.48557052203639,0.0,100145.34,959.77936
62.48557052203639,1.875,100224.86,957.34784
62.48557052203639,3.75,100305.41,952.02625
62.48557052203639,5.625,100411.04,947.0129
62.48557052203639,7.5,100562.44,945.3838
62.48557052203639,9.375,100740.47,947.2419
62.48557052203639,11.25,100885.42,948.3706
62.48557052203639,13.125,100959.95,944.47614
62.48557052203639,15.0,100981.16,936.2063
62.48557052203639,16.875,100985.42,927.1586
62.48557052203639,18.75,100997.64,919.4372
62.48557052203639,20.625,101016.52,912.9599
62.48557052203639,22.5,101040.94,907.5146
62.48557052203639,24.375,101075.39,903.06573
62.48557052203639,26.25,101119.81,898.70667
62.48557052203639,28.125,101171.56,892.7459
62.48557052203639,30.0,101217.69,883.82446
62.48557052203639,31.875,101252.04,872.1108
62.48557052203639,33.75,101270.32,858.76624
62.48557052203639,35.625,101279.6,845.12415
62.48557052203639,37.5,101289.41,832.0315
62.48557052203639,39.375,101306.98,819.7211
62.48557052203639,41.25,101334.45,808.06256
62.48557052203639,43.125,101367.98,796.8253
62.48557052203639,45.0,101400.4,786.0581
62.48557052203639,46.875,101425.71,776.2497
62.48557052203639,48.75,101446.68,767.9306
62.48557052203639,50.625,101469.47,761.1477
62.48557052203639,52.5,101500.36,755.6553
62.48557052203639,54.375,101541.3,751.2124
62.48557052203639,56.25,101584.08,747.7976
62.48557052203639,58.125,101618.27,745.55133
62.48557052203639,60.0,101639.38,744.459
62.48557052203639,61.875,101647.09,743.98456
62.48557052203639,63.75,101652.32,743.5112
62.48557052203639,65.625,101669.18,742.8761
62.48557052203639,67.5,101701.24,742.41327
62.48557052203639,69.375,101745.49,742.4279
62.48557052203639,71.25,101794.2,742.7896
62.48557052203639,73.125,101840.42,743.0735
62.48557052203639,75.0,101882.55,743.03564
62.48557052203639,76.875,101919.93,742.73193
62.48557052203639,78.75,101955.66,742.3714
62.48557052203639,80.625,101989.61,741.96313
62.48557052203639,82.5,102023.95,741.2592
62.48557052203639,84.375,102059.97,739.91174
62.48557052203639,86.25,102099.64,737.81824
62.48557052203639,88.125,102147.0,735.1081
62.48557052203639,90.0,102203.36,731.9615
62.48557052203639,91.875,102263.0,728.05457
62.48557052203639,93.75,102321.1,722.3292
62.48557052203639,95.625,102370.7,714.13544
62.48557052203639,97.5,102406.48,704.4831
62.48557052203639,99.375,102426.08,694.9052
62.48557052203639,101.25,102433.71,686.04736
62.48557052203639,103.125,102439.21,676.6668
62.48557052203639,105.0,102446.51,665.76764
62.48557052203639,106.875,102457.38,653.3639
62.48557052203639,108.75,102462.87,639.0374
62.48557052203639,110.625,102457.06,622.2664
62.48557052203639,112.5,102434.08,604.754
62.48557052203639,114.375,102401.86,588.0275
62.48557052203639,116.25,102374.12,571.5672
62.48557052203639,118.125,102362.8,554.1066
62.48557052203639,120.0,102367.02,535.18225
62.48557052203639,121.875,102368.86,514.37555
62.48557052203639,123.75,102345.6,491.67065
62.48557052203639,125.625,102281.28,468.8392
62.48557052203639,127.5,102183.96,449.32507
62.48557052203639,129.375,102090.76,436.04922
62.48557052203639,131.25,102033.76,430.25046
62.48557052203639,133.125,102020.6,432.41193
62.48557052203639,135.0,102023.04,443.1584
62.48557052203639,136.875,101991.82,462.6854
62.48557052203639,138.75,101911.82,489.45963
62.48557052203639,140.625,101819.32,517.769
62.48557052203639,142.5,101776.06,540.0556
62.48557052203639,144.375,101807.52,551.53015
62.48557052203639,146.25,101874.43,552.9102
62.48557052203639,148.125,101913.72,549.77106
62.48557052203639,150.0,101882.28,549.15533
62.48557052203639,151.875,101784.98,555.33
62.48557052203639,153.75,101656.69,567.40674
62.48557052203639,155.625,101549.42,584.1411
62.48557052203639,157.5,101487.64,601.205
62.48557052203639,159.375,101464.64,617.7194
62.48557052203639,161.25,101454.03,633.00024
62.48557052203639,163.125,101443.06,647.7959
62.48557052203639,165.0,101437.54,661.49225
62.48557052203639,166.875,101449.46,673.2607
62.48557052203639,168.75,101479.94,682.64966
62.48557052203639,170.625,101510.58,690.2672
62.48557052203639,172.5,101513.25,697.53265
62.48557052203639,174.375,101469.56,706.36505
62.48557052203639,176.25,101394.13,718.34845
62.48557052203639,178.125,101315.21,733.3799
62.48557052203639,180.0,101263.2,749.827
62.48557052203639,181.875,101247.54,766.04395
62.48557052203639,183.75,101258.08,780.96576
62.48557052203639,185.625,101273.58,793.8086
62.48557052203639,187.5,101284.85,803.44586
62.48557052203639,189.375,101292.03,809.0666
62.48557052203639,191.25,101301.5,811.25885
62.48557052203639,193.125,101320.82,811.54144
62.48557052203639,195.0,101353.13,810.84705
62.48557052203639,196.875,101401.06,809.1079
62.48557052203639,198.75,101463.87,805.7026
62.48557052203639,200.625,101537.66,800.0325
62.48557052203639,202.5,101615.8,791.91846
62.48557052203639,204.375,101694.13,781.8871
62.48557052203639,206.25,101767.52,771.2932
62.48557052203639,208.125,101841.11,761.44055
62.48557052203639,210.0,101912.98,752.9133
62.48557052203639,211.875,101981.32,744.89124
62.48557052203639,213.75,102036.68,734.55743
62.48557052203639,215.625,102073.87,721.5737
62.48557052203639,217.5,102087.4,706.17444
62.48557052203639,219.375,102079.66,689.0459
62.48557052203639,221.25,102061.56,672.21533
62.48557052203639,223.125,102044.09,656.5433
62.48557052203639,225.0,102039.66,641.3241
62.48557052203639,226.875,102050.36,624.0394
62.48557052203639,228.75,102077.3,600.4269
62.48557052203639,230.625,102115.44,568.94727
62.48557052203639,232.5,102154.36,535.14307
62.48557052203639,234.375,102177.15,509.27292
62.48557052203639,236.25,102172.6,495.34268
62.48557052203639,238.125,102142.6,488.26715
62.48557052203639,240.0,102106.98,483.6009
62.48557052203639,241.875,102080.08,479.36856
62.48557052203639,243.75,102068.71,474.70825
62.48557052203639,245.625,102060.34,468.61728
62.48557052203639,247.5,102042.42,460.3941
62.48557052203639,249.375,102008.53,451.10248
62.48557052203639,251.25,101960.72,442.60828
62.48557052203639,253.125,101912.36,436.02402
62.48557052203639,255.0,101869.1,431.02487
62.48557052203639,256.875,101838.05,426.68793
62.48557052203639,258.75,101808.48,422.62665
62.48557052203639,260.625,101766.11,419.1428
62.48557052203639,262.5,101700.03,417.3895
62.48557052203639,264.375,101611.64,418.0589
62.48557052203639,266.25,101519.37,421.23224
62.48557052203639,268.125,101437.75,426.5709
62.48557052203639,270.0,101372.72,433.61917
62.48557052203639,271.875,101314.58,442.18762
62.48557052203639,273.75,101246.78,452.001
62.48557052203639,275.625,101165.18,462.32028
62.48557052203639,277.5,101081.14,472.1852
62.48557052203639,279.375,101009.75,481.32297
62.48557052203639,281.25,100963.72,490.01312
62.48557052203639,283.125,100945.97,498.81967
62.48557052203639,285.0,100940.21,508.47067
62.48557052203639,286.875,100918.84,519.42004
62.48557052203639,288.75,100858.81,530.8976
62.48557052203639,290.625,100768.08,541.77405
62.48557052203639,292.5,100672.7,551.7328
62.48557052203639,294.375,100590.84,561.1907
62.48557052203639,296.25,100517.54,570.39606
62.48557052203639,298.125,100432.52,579.28687
62.48557052203639,300.0,100335.88,587.5267
62.48557052203639,301.875,100243.34,595.06396
62.48557052203639,303.75,100156.72,603.75
62.48557052203639,305.625,100045.68,618.28784
62.48557052203639,307.5,99918.64,643.96246
62.48557052203639,309.375,99871.62,684.75037
62.48557052203639,311.25,99975.64,742.9802
62.48557052203639,313.125,100126.46,812.99
62.48557052203639,315.0,100117.62,875.9684
62.48557052203639,316.875,99910.96,913.9092
62.48557052203639,318.75,99689.58,925.6338
62.48557052203639,320.625,99602.41,924.0835
62.48557052203639,322.5,99598.96,923.23627
62.48557052203639,324.375,99558.14,928.3873
62.48557052203639,326.25,99456.21,937.27686
62.48557052203639,328.125,99358.98,945.5892
62.48557052203639,330.0,99316.9,949.67847
62.48557052203639,331.875,99336.01,947.8994
62.48557052203639,333.75,99399.84,941.80725
62.48557052203639,335.625,99482.08,934.94324
62.48557052203639,337.5,99556.78,930.1972
62.48557052203639,339.375,99610.12,928.1181
62.48557052203639,341.25,99645.36,927.5164
62.48557052203639,343.125,99668.4,926.743
62.48557052203639,345.0,99688.2,925.03595
62.48557052203639,346.875,99718.86,923.1781
62.48557052203639,348.75,99760.93,922.86914
62.48557052203639,350.625,99810.75,925.6584
62.48557052203639,352.5,99865.04,932.0398
62.48557052203639,354.375,99924.44,941.14355
62.48557052203639,356.25,99992.49,950.6425
62.48557052203639,358.125,100066.42,957.51874
64.35073040887207,0.0,100066.34,964.1591
64.35073040887207,1.875,100145.82,963.0355
64.35073040887207,3.75,100228.78,957.719
64.35073040887207,5.625,100308.33,950.09174
64.35073040887207,7.5,100392.67,942.91406
64.35073040887207,9.375,100499.78,938.7256
64.35073040887207,11.25,100633.54,938.49115
64.35073040887207,13.125,100772.98,940.67694
64.35073040887207,15.0,100887.74,942.2153
64.35073040887207,16.875,100963.51,940.7212
64.35073040887207,18.75,101002.92,935.6747
64.35073040887207,20.625,101020.97,927.9089
64.35073040887207,22.5,101031.34,918.68756
64.35073040887207,24.375,101043.18,909.2419
64.35073040887207,26.25,101063.21,900.2441
64.35073040887207,28.125,101093.47,891.5277
64.35073040887207,30.0,101129.67,882.3773
64.35073040887207,31.875,101162.89,872.25793
64.35073040887207,33.75,101189.04,861.16895
64.35073040887207,35.625,101206.68,849.39
64.35073040887207,37.5,101221.81,837.3394
64.35073040887207,39.375,101239.46,825.36646
64.35073040887207,41.25,101263.44,813.7902
64.35073040887207,43.125,101290.2,802.7668
64.35073040887207,45.0,101315.53,792.6188
64.35073040887207,46.875,101336.93,783.742
64.35073040887207,48.75,101355.58,776.2348
64.35073040887207,50.625,101377.8,769.8445
64.35073040887207,52.5,101409.68,764.2179
64.35073040887207,54.375,101455.71,759.32635
64.35073040887207,56.25,101509.44,755.4025
64.35073040887207,58.125,101565.22,753.0246
64.35073040887207,60.0,101613.46,752.843
64.35073040887207,61.875,101648.58,755.1352
64.35073040887207,63.75,101669.96,759.1361
64.35073040887207,65.625,101684.57,763.2316
64.35073040887207,67.5,101697.34,766.12604
64.35073040887207,69.375,101715.12,767.5152
64.35073040887207,71.25,101737.5,767.9941
64.35073040887207,73.125,101764.3,768.4801
64.35073040887207,75.0,101796.58,769.7143
64.35073040887207,76.875,101831.4,771.82935
64.35073040887207,78.75,101869.04,774.4387
64.35073040887207,80.625,101909.01,776.5829
64.35073040887207,82.5,101953.5,777.3836
64.35073040887207,84.375,102003.41,776.4524
64.35073040887207,86.25,102058.18,774.3584
64.35073040887207,88.125,102122.1,772.1561
64.35073040887207,90.0,102189.59,769.81323
64.35073040887207,91.875,102254.93,766.01843
64.35073040887207,93.75,102310.19,759.9914
64.35073040887207,95.625,102349.32,752.01245
64.35073040887207,97.5,102371.84,743.7656
64.35073040887207,99.375,102380.99,735.84174
64.35073040887207,101.25,102383.89,726.92004
64.35073040887207,103.125,102386.46,715.90955
64.35073040887207,105.0,102391.02,702.7852
64.35073040887207,106.875,102393.36,687.8092
64.35073040887207,108.75,102388.17,671.05865
64.35073040887207,110.625,102374.34,654.05524
64.35073040887207,112.5,102356.6,638.25256
64.35073040887207,114.375,102342.36,623.2593
64.35073040887207,116.25,102334.95,606.5443
64.35073040887207,118.125,102334.18,585.8887
64.35073040887207,120.0,102335.18,562.1572
64.35073040887207,121.875,102330.62,537.2982
64.35073040887207,123.75,102307.0,512.72205
64.35073040887207,125.625,102259.14,490.60062
64.35073040887207,127.5,102201.06,474.46005
64.35073040887207,129.375,102155.37,466.4545
64.35073040887207,131.25,102133.98,466.04565
64.35073040887207,133.125,102128.13,472.29456
64.35073040887207,135.0,102119.67,484.88748
64.35073040887207,136.875,102085.29,503.183
64.35073040887207,138.75,102028.75,524.62976
64.35073040887207,140.625,101977.68,544.6286
64.35073040887207,142.5,101968.55,558.84314
64.35073040887207,144.375,102005.46,565.25085
64.35073040887207,146.25,102053.8,564.8539
64.35073040887207,148.125,102067.62,560.5008
64.35073040887207,150.0,102021.62,556.1106
64.35073040887207,151.875,101934.61,555.59076
64.35073040887207,153.75,101840.74,560.92737
64.35073040887207,155.625,101771.98,571.7844
64.35073040887207,157.5,101740.36,587.06744
64.35073040887207,159.375,101731.86,604.7467
64.35073040887207,161.25,101731.86,623.6646
64.35073040887207,163.125,101726.32,641.8138
64.35073040887207,165.0,101715.13,656.97076
64.35073040887207,166.875,101701.84,667.3995
64.35073040887207,168.75,101697.57,672.57556
64.35073040887207,170.625,101702.12,674.0513
64.35073040887207,172.5,101704.68,674.4055
64.35073040887207,174.375,101685.54,675.42145
64.35073040887207,176.25,101636.84,678.22144
64.35073040887207,178.125,101570.04,683.0246
64.35073040887207,180.0,101503.34,689.34265
64.35073040887207,181.875,101459.24,696.41876
64.35073040887207,183.75,101442.68,703.79285
64.35073040887207,185.625,101444.68,711.2567
64.35073040887207,187.5,101453.7,718.3807
64.35073040887207,189.375,101458.53,724.33716
64.35073040887207,191.25,101460.16,728.4333
64.35073040887207,193.125,101462.11,730.27124
64.35073040887207,195.0,101476.1,729.7746
64.35073040887207,196.875,101508.84,726.96826
64.35073040887207,198.75,101561.34,722.09985
64.35073040887207,200.625,101629.86,715.6744
64.35073040887207,202.5,101703.35,708.2274
64.35073040887207,204.375,101774.3,700.3097
64.35073040887207,206.25,101838.0,692.2871
64.35073040887207,208.125,101893.65,684.0076
64.35073040887207,210.0,101941.28,674.8239
64.35073040887207,211.875,101983.52,663.9922
64.35073040887207,213.75,102019.62,651.23785
64.35073040887207,215.625,102046.08,636.5295
64.35073040887207,217.5,102061.4,621.6578
64.35073040887207,219.375,102070.64,608.26056
64.35073040887207,221.25,102076.42,597.0337
64.35073040887207,223.125,102083.64,587.4944
64.35073040887207,225.0,102094.63,578.33777
64.35073040887207,226.875,102106.06,567.413
64.35073040887207,228.75,102120.0,552.70374
64.35073040887207,230.625,102129.12,534.7878
64.35073040887207,232.5,102133.54,516.70123
64.35073040887207,234.375,102125.58,502.4441
64.35073040887207,236.25,102108.6,493.07938
64.35073040887207,238.125,102090.24,486.7733
64.35073040887207,240.0,102082.68,481.65823
64.35073040887207,241.875,102091.27,477.08948
64.35073040887207,243.75,102103.27,472.7404
64.35073040887207,245.625,102100.47,468.36374
64.35073040887207,247.5,102072.51,463.44888
64.35073040887207,249.375,102021.18,458.49728
64.35073040887207,251.25,101960.88,454.2941
64.35073040887207,253.125,101907.62,450.75308
64.35073040887207,255.0,101871.32,447.10547
64.35073040887207,256.875,101850.14,442.69107
64.35073040887207,258.75,101828.87,437.60376
64.35073040887207,260.625,101793.3,433.109
64.35073040887207,262.5,101736.29,430.7735
64.35073040887207,264.375,101659.56,431.6935
64.35073040887207,266.25,101578.43,436.1195
64.35073040887207,268.125,101503.16,443.56985
64.35073040887207,270.0,101432.73,453.11456
64.35073040887207,271.875,101360.56,463.58124
64.35073040887207,273.75,101276.83,473.8526
64.35073040887207,275.625,101185.48,483.19427
64.35073040887207,277.5,101100.85,491.585
64.35073040887207,279.375,101040.18,499.0957
64.35073040887207,281.25,101010.18,506.0812
64.35073040887207,283.125,101003.24,513.1702
64.35073040887207,285.0,101001.07,521.17975
64.35073040887207,286.875,100984.0,530.54553
64.35073040887207,288.75,100944.4,540.99896
64.35073040887207,290.625,100890.41,552.1552
64.35073040887207,292.5,100841.03,563.6686
64.35073040887207,294.375,100793.47,575.041
64.35073040887207,296.25,100722.86,586.59204
64.35073040887207,298.125,100606.56,598.5005
64.35073040887207,300.0,100465.91,609.9358
64.35073040887207,301.875,100343.84,620.11505
64.35073040887207,303.75,100235.98,630.1112
64.35073040887207,305.625,100106.23,644.34076
64.35073040887207,307.5,99998.74,667.47864
64.35073040887207,309.375,100075.68,703.82184
64.35073040887207,311.25,100413.74,762.94727
64.35073040887207,313.125,100726.38,857.5641
64.35073040887207,315.0,100801.66,923.7449
64.35073040887207,316.875,100595.9,947.54333
64.35073040887207,318.75,100143.48,961.5647
64.35073040887207,320.625,99852.84,953.2477
64.35073040887207,322.5,99800.47,942.89825
64.35073040887207,324.375,99826.98,941.997
64.35073040887207,326.25,99799.06,950.2545
64.35073040887207,328.125,99710.76,961.1027
64.35073040887207,330.0,99619.82,968.40814
64.35073040887207,331.875,99567.49,969.2219
64.35073040887207,333.75,99564.88,964.2847
64.35073040887207,335.625,99597.42,957.02765
64.35073040887207,337.5,99650.91,951.1636
64.35073040887207,339.375,99706.94,948.4332
64.35073040887207,341.25,99752.07,948.2852
64.35073040887207,343.125,99775.28,948.6749
64.35073040887207,345.0,99783.64,947.61554
64.35073040887207,346.875,99794.2,944.65704
64.35073040887207,348.75,99817.96,941.2632
64.35073040887207,350.625,99850.48,939.677
64.35073040887207,352.5,99880.32,941.4232
64.35073040887207,354.375,99912.02,946.67584
64.35073040887207,356.25,99950.28,953.9649
64.35073040887207,358.125,100000.43,960.6852
66.2158721139987,0.0,100014.77,960.7028
66.2158721139987,1.875,100070.8,961.578
66.2158721139987,3.75,100146.76,959.05383
66.2158721139987,5.625,100230.13,953.5196
66.2158721139987,7.5,100307.22,946.286
66.2158721139987,9.375,100382.71,939.44775
66.2158721139987,11.25,100476.08,935.1213
66.2158721139987,13.125,100597.0,934.3938
66.2158721139987,15.0,100737.88,936.5016
66.2158721139987,16.875,100868.27,938.76483
66.2158721139987,18.75,100962.56,938.1753
66.2158721139987,20.625,101013.36,933.1881
66.2158721139987,22.5,101036.15,924.4639
66.2158721139987,24.375,101046.52,913.7296
66.2158721139987,26.25,101058.06,902.5616
66.2158721139987,28.125,101075.09,891.57996
66.2158721139987,30.0,101096.46,880.6367
66.2158721139987,31.875,101113.86,869.2698
66.2158721139987,33.75,101124.07,857.3241
66.2158721139987,35.625,101128.76,845.00555
66.2158721139987,37.5,101133.14,832.7531
66.2158721139987,39.375,101142.18,821.0157
66.2158721139987,41.25,101161.2,810.23737
66.2158721139987,43.125,101188.05,800.78925
66.2158721139987,45.0,101222.56,793.0715
66.2158721139987,46.875,101259.93,787.20825
66.2158721139987,48.75,101294.68,782.74457
66.2158721139987,50.625,101328.13,778.81683
66.2158721139987,52.5,101359.14,774.654
66.2158721139987,54.375,101394.1,770.1625
66.2158721139987,56.25,101433.16,765.7215
66.2158721139987,58.125,101478.14,762.0809
66.2158721139987,60.0,101523.99,760.07526
66.2158721139987,61.875,101567.12,760.4436
66.2158721139987,63.75,101601.94,762.98883
66.2158721139987,65.625,101629.48,766.75684
66.2158721139987,67.5,101650.45,770.5691
66.2158721139987,69.375,101668.21,773.9748
66.2158721139987,71.25,101688.67,777.3775
66.2158721139987,73.125,101714.52,781.46484
66.2158721139987,75.0,101744.02,786.5299
66.2158721139987,76.875,101779.99,792.31537
66.2158721139987,78.75,101818.28,797.858
66.2158721139987,80.625,101861.21,801.95044
66.2158721139987,82.5,101904.9,803.57965
66.2158721139987,84.375,101951.18,802.9176
66.2158721139987,86.25,102003.24,801.1511
66.2158721139987,88.125,102060.98,798.9289
66.2158721139987,90.0,102121.86,795.3535
66.2158721139987,91.875,102179.14,789.046
66.2158721139987,93.75,102227.58,780.7219
66.2158721139987,95.625,102263.22,772.3389
66.2158721139987,97.5,102287.07,766.5734
66.2158721139987,99.375,102303.42,761.89716
66.2158721139987,101.25,102314.05,756.1884
66.2158721139987,103.125,102323.86,748.0059
66.2158721139987,105.0,102333.59,737.5617
66.2158721139987,106.875,102343.1,725.79584
66.2158721139987,108.75,102348.0,713.234
66.2158721139987,110.625,102345.86,700.01544
66.2158721139987,112.5,102339.98,686.1132
66.2158721139987,114.375,102331.41,670.06903
66.2158721139987,116.25,102318.25,649.7904
66.2158721139987,118.125,102300.78,625.00037
66.2158721139987,120.0,102283.46,598.48
66.2158721139987,121.875,102268.02,573.7259
66.2158721139987,123.75,102254.5,552.80316
66.2158721139987,125.625,102242.6,536.9963
66.2158721139987,127.5,102235.04,527.45593
66.2158721139987,129.375,102239.43,524.48584
66.2158721139987,131.25,102252.34,527.20337
66.2158721139987,133.125,102263.32,533.87885
66.2158721139987,135.0,102260.02,543.06177
66.2158721139987,136.875,102237.62,553.7926
66.2158721139987,138.75,102204.93,564.7982
66.2158721139987,140.625,102178.92,574.34015
66.2158721139987,142.5,102171.16,580.67084
66.2158721139987,144.375,102178.96,582.9359
66.2158721139987,146.25,102180.56,581.51996
66.2158721139987,148.125,102153.06,577.5057
66.2158721139987,150.0,102091.87,572.4957
66.2158721139987,151.875,102012.68,568.7821
66.2158721139987,153.75,101946.82,568.9698
66.2158721139987,155.625,101911.9,574.5046
66.2158721139987,157.5,101909.42,585.09265
66.2158721139987,159.375,101920.18,599.1378
66.2158721139987,161.25,101926.08,614.7294
66.2158721139987,163.125,101914.91,630.02484
66.2158721139987,165.0,101890.57,643.24817
66.2158721139987,166.875,101859.58,653.0636
66.2158721139987,168.75,101838.58,658.346
66.2158721139987,170.625,101834.52,659.43945
66.2158721139987,172.5,101843.94,658.26465
66.2158721139987,174.375,101852.17,656.6977
66.2158721139987,176.25,101844.9,655.61993
66.2158721139987,178.125,101812.09,655.1825
66.2158721139987,180.0,101758.98,655.1557
66.2158721139987,181.875,101698.47,655.2485
66.2158721139987,183.75,101648.15,655.52136
66.2158721139987,185.625,101612.59,656.3313
66.2158721139987,187.5,101594.5,658.5708
66.2158721139987,189.375,101587.06,662.37305
66.2158721139987,191.25,101587.22,666.85596
66.2158721139987,193.125,101596.71,670.486
66.2158721139987,195.0,101621.62,671.7659
66.2158721139987,196.875,101663.8,669.88025
66.2158721139987,198.75,101724.06,664.9053
66.2158721139987,200.625,101795.98,657.4476
66.2158721139987,202.5,101865.9,648.5024
66.2158721139987,204.375,101925.83,639.0637
66.2158721139987,206.25,101970.94,629.5451
66.2158721139987,208.125,102002.33,619.5871
66.2158721139987,210.0,102024.88,608.3417
66.2158721139987,211.875,102046.4,595.14886
66.2158721139987,213.75,102069.62,580.3312
66.2158721139987,215.625,102097.78,565.16766
66.2158721139987,217.5,102127.85,551.652
66.2158721139987,219.375,102156.14,540.7608
66.2158721139987,221.25,102177.31,532.4477
66.2158721139987,223.125,102190.88,525.82025
66.2158721139987,225.0,102193.52,520.08264
66.2158721139987,226.875,102182.98,514.6347
66.2158721139987,228.75,102161.46,509.2587
66.2158721139987,230.625,102134.68,504.00714
66.2158721139987,232.5,102107.34,499.14804
66.2158721139987,234.375,102083.9,494.81757
66.2158721139987,236.25,102068.88,490.8011
66.2158721139987,238.125,102064.56,487.0264
66.2158721139987,240.0,102067.12,483.48874
66.2158721139987,241.875,102070.37,480.40985
66.2158721139987,243.75,102061.93,477.73163
66.2158721139987,245.625,102037.43,475.4504
66.2158721139987,247.5,101997.24,473.76044
66.2158721139987,249.375,101948.03,472.58545
66.2158721139987,251.25,101902.64,471.59897
66.2158721139987,253.125,101868.9,470.02356
66.2158721139987,255.0,101844.2,467.15942
66.2158721139987,256.875,101819.75,462.99112
66.2158721139987,258.75,101784.81,458.36948
66.2158721139987,260.625,101733.65,454.67993
66.2158721139987,262.5,101669.18,453.31454
66.2158721139987,264.375,101600.64,455.0895
66.2158721139987,266.25,101539.68,460.11768
66.2158721139987,268.125,101490.11,467.76443
66.2158721139987,270.0,101447.17,476.87518
66.2158721139987,271.875,101399.32,486.2199
66.2158721139987,273.75,101336.75,494.58466
66.2158721139987,275.625,101261.44,501.56085
66.2158721139987,277.5,101182.76,507.59604
66.2158721139987,279.375,101113.24,513.4301
66.2158721139987,281.25,101064.04,519.4854
66.2158721139987,283.125,101030.92,526.0544
66.2158721139987,285.0,101010.5,533.3674
66.2158721139987,286.875,100995.21,541.87396
66.2158721139987,288.75,100985.18,552.01886
66.2158721139987,290.625,100983.06,563.71796
66.2158721139987,292.5,100980.63,576.44293
66.2158721139987,294.375,100957.44,589.0092
66.2158721139987,296.25,100880.94,599.31244
66.2158721139987,298.125,100738.72,608.2034
66.2158721139987,300.0,100568.38,620.6202
66.2158721139987,301.875,100432.62,631.9038
66.2158721139987,303.75,100334.28,642.57355
66.2158721139987,305.625,100238.18,656.077
66.2158721139987,307.5,100175.36,675.4831
66.2158721139987,309.375,100278.16,703.72784
66.2158721139987,311.25,100598.85,757.0206
66.2158721139987,313.125,100898.59,837.71387
66.2158721139987,315.0,101054.11,899.8447
66.2158721139987,316.875,101024.36,943.6605
66.2158721139987,318.75,100828.16,958.38904
66.2158721139987,320.625,100464.45,963.2315
66.2158721139987,322.5,100185.75,953.291
66.2158721139987,324.375,100069.4,944.6027
66.2158721139987,326.25,100038.5,943.7193
66.2158721139987,328.125,100019.81,948.8262
66.2158721139987,330.0,99990.67,954.9127
66.2158721139987,331.875,99951.39,958.00323
66.2158721139987,333.75,99913.07,957.35675
66.2158721139987,335.625,99881.2,954.95074
66.2158721139987,337.5,99857.48,953.5211
66.2158721139987,339.375,99848.34,954.6216
66.2158721139987,341.25,99849.99,957.90247
66.2158721139987,343.125,99855.24,961.54065
66.2158721139987,345.0,99862.53,963.2436
66.2158721139987,346.875,99877.08,961.6972
66.2158721139987,348.75,99902.36,957.49634
66.2158721139987,350.625,99930.14,952.74365
66.2158721139987,352.5,99948.43,949.775
66.2158721139987,354.375,99956.3,949.85
66.2158721139987,356.25,99963.67,952.84454
66.2158721139987,358.125,99980.38,957.1903
68.08099098565125,0.0,100034.84,950.716
68.08099098565125,1.875,100052.74,951.61273
68.08099098565125,3.75,100090.5,950.635
68.08099098565125,5.625,100147.26,947.4157
68.08099098565125,7.5,100213.84,942.22296
68.08099098565125,9.375,100282.58,935.77313
68.08099098565125,11.25,100358.7,929.23724
68.08099098565125,13.125,100449.3,923.79895
68.08099098565125,15.0,100560.62,920.3218
68.08099098565125,16.875,100682.48,918.69116
68.08099098565125,18.75,100795.79,917.6118
68.08099098565125,20.625,100883.9,915.2907
68.08099098565125,22.5,100943.55,910.546
68.08099098565125,24.375,100981.38,903.3212
68.08099098565125,26.25,101006.77,894.2401
68.08099098565125,28.125,101025.7,883.9603
68.08099098565125,30.0,101036.77,872.72314
68.08099098565125,31.875,101038.97,860.655
68.08099098565125,33.75,101029.94,848.037
68.08099098565125,35.625,101015.56,835.4304
68.08099098565125,37.5,101002.49,823.4183
68.08099098565125,39.375,100998.23,812.4162
68.08099098565125,41.25,101008.23,802.716
68.08099098565125,43.125,101035.4,794.5775
68.08099098565125,45.0,101076.32,788.2205
68.08099098565125,46.875,101127.1,783.7148
68.08099098565125,48.75,101180.31,780.76166
68.08099098565125,50.625,101228.71,778.674
68.08099098565125,52.5,101268.8,776.7605
68.08099098565125,54.375,101299.39,774.6632
68.08099098565125,56.25,101327.82,772.5528
68.08099098565125,58.125,101355.94,770.8836
68.08099098565125,60.0,101389.41,770.266
68.08099098565125,61.875,101429.42,771.10065
68.08099098565125,63.75,101474.76,773.4242
68.08099098565125,65.625,101522.7,776.8135
68.08099098565125,67.5,101567.46,780.65393
68.08099098565125,69.375,101610.75,784.7828
68.08099098565125,71.25,101649.64,789.27606
68.08099098565125,73.125,101686.57,794.3085
68.08099098565125,75.0,101722.73,799.7605
68.08099098565125,76.875,101756.2,805.0811
68.08099098565125,78.75,101789.57,809.62445
68.08099098565125,80.625,101823.23,812.77185
68.08099098565125,82.5,101859.32,814.5166
68.08099098565125,84.375,101899.86,815.54895
68.08099098565125,86.25,101947.7,816.5022
68.08099098565125,88.125,102002.87,816.99316
68.08099098565125,90.0,102060.21,815.5739
68.08099098565125,91.875,102115.88,811.6456
68.08099098565125,93.75,102165.5,805.7969
68.08099098565125,95.625,102207.46,799.8734
68.08099098565125,97.5,102243.1,795.7184
68.08099098565125,99.375,102269.82,792.53436
68.08099098565125,101.25,102286.09,788.76385
68.08099098565125,103.125,102295.59,783.29034
68.08099098565125,105.0,102299.71,776.1675
68.08099098565125,106.875,102302.71,767.8124
68.08099098565125,108.75,102302.64,758.2478
68.08099098565125,110.625,102301.8,747.0462
68.08099098565125,112.5,102298.65,733.451
68.08099098565125,114.375,102289.13,716.39453
68.08099098565125,116.25,102276.42,695.38043
68.08099098565125,118.125,102260.52,671.45105
68.08099098565125,120.0,102248.1,647.4023
68.08099098565125,121.875,102242.69,626.4558
68.08099098565125,123.75,102247.68,610.8542
68.08099098565125,125.625,102260.69,601.11066
68.08099098565125,127.5,102277.7,596.6929
68.08099098565125,129.375,102295.89,596.3816
68.08099098565125,131.25,102308.26,598.45264
68.08099098565125,133.125,102310.66,601.1221
68.08099098565125,135.0,102298.8,603.05334
68.08099098565125,136.875,102277.29,603.8381
68.08099098565125,138.75,102255.5,603.83105
68.08099098565125,140.625,102241.58,603.56464
68.08099098565125,142.5,102238.78,603.267
68.08099098565125,144.375,102236.9,602.83624
68.08099098565125,146.25,102223.96,601.89294
68.08099098565125,148.125,102189.66,600.1729
68.08099098565125,150.0,102131.68,597.93787
68.08099098565125,151.875,102062.58,595.98926
68.08099098565125,153.75,102002.94,595.584
68.08099098565125,155.625,101967.8,598.0179
68.08099098565125,157.5,101959.35,603.8542
68.08099098565125,159.375,101966.82,612.61096
68.08099098565125,161.25,101977.48,623.1982
68.08099098565125,163.125,101979.24,634.2397
68.08099098565125,165.0,101969.38,643.9814
68.08099098565125,166.875,101956.7,651.1556
68.08099098565125,168.75,101950.59,655.39136
68.08099098565125,170.625,101955.33,657.2879
68.08099098565125,172.5,101972.68,657.1554
68.08099098565125,174.375,101993.09,655.7651
68.08099098565125,176.25,102002.99,653.72375
68.08099098565125,178.125,101991.06,651.06744
68.08099098565125,180.0,101954.02,647.57007
68.08099098565125,181.875,101895.23,643.0682
68.08099098565125,183.75,101828.75,637.6948
68.08099098565125,185.625,101768.52,632.8598
68.08099098565125,187.5,101723.78,629.3735
68.08099098565125,189.375,101696.36,628.1344
68.08099098565125,191.25,101685.14,629.0293
68.08099098565125,193.125,101688.7,630.83405
68.08099098565125,195.0,101711.36,631.79913
68.08099098565125,196.875,101754.94,630.45087
68.08099098565125,198.75,101814.8,626.316
68.08099098565125,200.625,101886.27,619.8392
68.08099098565125,202.5,101958.5,611.5302
68.08099098565125,204.375,102024.36,602.2579
68.08099098565125,206.25,102078.86,592.48566
68.08099098565125,208.125,102122.26,581.9855
68.08099098565125,210.0,102155.88,570.76404
68.08099098565125,211.875,102184.56,558.78046
68.08099098565125,213.75,102206.89,546.81964
68.08099098565125,215.625,102222.7,536.35004
68.08099098565125,217.5,102227.17,527.8528
68.08099098565125,219.375,102216.07,521.10565
68.08099098565125,221.25,102187.69,515.59564
68.08099098565125,223.125,102148.85,510.6918
68.08099098565125,225.0,102104.82,506.37427
68.08099098565125,226.875,102066.26,502.63028
68.08099098565125,228.75,102039.59,499.5275
68.08099098565125,230.625,102029.42,497.2348
68.08099098565125,232.5,102033.45,495.7317
68.08099098565125,234.375,102049.02,494.8624
68.08099098565125,236.25,102066.32,494.27063
68.08099098565125,238.125,102077.01,493.79645
68.08099098565125,240.0,102073.48,493.19952
68.08099098565125,241.875,102050.58,492.53476
68.08099098565125,243.75,102012.93,492.11728
68.08099098565125,245.625,101967.95,492.04813
68.08099098565125,247.5,101920.6,492.22083
68.08099098565125,249.375,101882.02,492.46173
68.08099098565125,251.25,101852.25,492.24704
68.08099098565125,253.125,101827.62,491.19357
68.08099098565125,255.0,101798.21,489.18335
68.08099098565125,256.875,101758.4,486.6128
68.08099098565125,258.75,101702.1,484.2004
68.08099098565125,260.625,101634.98,482.79257
68.08099098565125,262.5,101565.62,483.06064
68.08099098565125,264.375,101508.71,485.2678
68.08099098565125,266.25,101469.82,489.20245
68.08099098565125,268.125,101447.14,494.40335
68.08099098565125,270.0,101433.39,500.16147
68.08099098565125,271.875,101410.12,505.9409
68.08099098565125,273.75,101366.78,511.49292
68.08099098565125,275.625,101302.45,516.96326
68.08099098565125,277.5,101225.04,522.61597
68.08099098565125,279.375,101147.58,528.6777
68.08099098565125,281.25,101084.86,535.2439
68.08099098565125,283.125,101043.93,542.27734
68.08099098565125,285.0,101026.5,549.83386
68.08099098565125,286.875,101027.22,558.10455
68.08099098565125,288.75,101037.06,567.22943
68.08099098565125,290.625,101044.9,576.9947
68.08099098565125,292.5,101032.16,586.8308
68.08099098565125,294.375,100984.82,595.9069
68.08099098565125,296.25,100889.36,603.2097
68.08099098565125,298.125,100756.04,610.74634
68.08099098565125,300.0,100620.79,621.96674
68.08099098565125,301.875,100522.32,633.3745
68.08099098565125,303.75,100457.84,645.54456
68.08099098565125,305.625,100406.04,660.6456
68.08099098565125,307.5,100382.64,679.5529
68.08099098565125,309.375,100457.32,702.50336
68.08099098565125,311.25,100665.41,740.5758
68.08099098565125,313.125,100893.26,803.5341
68.08099098565125,315.0,101058.08,855.3093
68.08099098565125,316.875,101133.99,897.7534
68.08099098565125,318.75,101124.6,926.2945
68.08099098565125,320.625,101062.78,939.20776
68.08099098565125,322.5,100976.78,935.78534
68.08099098565125,324.375,100850.38,929.1094
68.08099098565125,326.25,100665.34,929.1068
68.08099098565125,328.125,100507.82,927.2261
68.08099098565125,330.0,100390.1,928.2576
68.08099098565125,331.875,100307.43,930.46387
68.08099098565125,333.75,100249.85,932.9071
68.08099098565125,335.625,100203.24,936.1423
68.08099098565125,337.5,100150.76,941.0874
68.08099098565125,339.375,100087.11,947.85
68.08099098565125,341.25,100023.83,955.34436
68.08099098565125,343.125,99972.56,961.77264
68.08099098565125,345.0,99944.75,965.48785
68.08099098565125,346.875,99942.89,965.60785
68.08099098565125,348.75,99963.68,962.4179
68.08099098565125,350.625,99994.14,957.326
68.08099098565125,352.5,100019.68,952.2785
68.08099098565125,354.375,100033.06,948.92303
68.08099098565125,356.25,100035.12,947.9743
68.08099098565125,358.125,100032.74,949.01337
69.94608064698343,0.0,100147.02,930.40436
69.94608064698343,1.875,100144.92,929.36414
69.94608064698343,3.75,100150.78,927.9409
69.94608064698343,5.625,100172.18,925.69916
69.94608064698343,7.5,100209.58,922.3802
69.94608064698343,9.375,100259.74,917.935
69.94608064698343,11.25,100320.36,912.48157
69.94608064698343,13.125,100387.44,906.3607
69.94608064698343,15.0,100461.52,900.15015
69.94608064698343,16.875,100537.69,894.28094
69.94608064698343,18.75,100610.23,888.85596
69.94608064698343,20.625,100673.67,883.5239
69.94608064698343,22.5,100724.5,877.7579
69.94608064698343,24.375,100764.74,871.18567
69.94608064698343,26.25,100795.42,863.76355
69.94608064698343,28.125,100820.94,855.58136
69.94608064698343,30.0,100839.52,846.7575
69.94608064698343,31.875,100849.93,837.4578
69.94608064698343,33.75,100854.75,828.00916
69.94608064698343,35.625,100855.04,818.77625
69.94608064698343,37.5,100855.89,810.1117
69.94608064698343,39.375,100861.98,802.20123
69.94608064698343,41.25,100877.56,795.1627
69.94608064698343,43.125,100905.72,789.07404
69.94608064698343,45.0,100945.88,784.0226
69.94608064698343,46.875,100995.28,780.05945
69.94608064698343,48.75,101048.95,777.1723
69.94608064698343,50.625,101100.18,775.20935
69.94608064698343,52.5,101147.42,774.04144
69.94608064698343,54.375,101186.97,773.5592
69.94608064698343,56.25,101221.74,773.8063
69.94608064698343,58.125,101256.27,774.9555
69.94608064698343,60.0,101294.43,777.1519
69.94608064698343,61.875,101339.36,780.50256
69.94608064698343,63.75,101390.83,784.9367
69.94608064698343,65.625,101445.91,790.17737
69.94608064698343,67.5,101502.85,795.89636
69.94608064698343,69.375,101554.61,801.7247
69.94608064698343,71.25,101599.72,807.4052
69.94608064698343,73.125,101639.28,812.77136
69.94608064698343,75.0,101673.5,817.66425
69.94608064698343,76.875,101703.24,821.8563
69.94608064698343,78.75,101733.79,825.1958
69.94608064698343,80.625,101765.11,827.73224
69.94608064698343,82.5,101802.46,829.84814
69.94608064698343,84.375,101846.12,832.03845
69.94608064698343,86.25,101895.92,834.4834
69.94608064698343,88.125,101950.88,836.7567
69.94608064698343,90.0,102006.42,838.0518
69.94608064698343,91.875,102058.02,837.8537
69.94608064698343,93.75,102103.42,836.0867
69.94608064698343,95.625,102138.97,833.1235
69.94608064698343,97.5,102165.71,829.52563
69.94608064698343,99.375,102183.58,825.271
69.94608064698343,101.25,102190.97,820.1158
69.94608064698343,103.125,102190.41,814.0762
69.94608064698343,105.0,102187.05,807.3705
69.94608064698343,106.875,102185.08,800.0975
69.94608064698343,108.75,102186.9,791.982
69.94608064698343,110.625,102190.04,782.49347
69.94608064698343,112.5,102195.76,770.98785
69.94608064698343,114.375,102203.57,756.9714
69.94608064698343,116.25,102208.94,740.6045
69.94608064698343,118.125,102216.28,722.7916
69.94608064698343,120.0,102226.9,705.23206
69.94608064698343,121.875,102240.94,689.8932
69.94608064698343,123.75,102257.86,678.15497
69.94608064698343,125.625,102272.87,670.3075
69.94608064698343,127.5,102285.55,665.7137
69.94608064698343,129.375,102289.18,663.02954
69.94608064698343,131.25,102281.9,660.9073
69.94608064698343,133.125,102265.43,658.29626
69.94608064698343,135.0,102241.07,654.79987
69.94608064698343,136.875,102216.62,650.7416
69.94608064698343,138.75,102195.7,646.8907
69.94608064698343,140.625,102186.43,644.00745
69.94608064698343,142.5,102184.74,642.4374
69.94608064698343,144.375,102182.52,642.0504
69.94608064698343,146.25,102173.49,642.4249
69.94608064698343,148.125,102146.85,643.059
69.94608064698343,150.0,102104.64,643.6591
69.94608064698343,151.875,102053.05,644.20166
69.94608064698343,153.75,102004.44,644.9712
69.94608064698343,155.625,101967.47,646.40704
69.94608064698343,157.5,101948.32,649.0037
69.94608064698343,159.375,101945.1,653.03687
69.94608064698343,161.25,101952.82,658.38025
69.94608064698343,163.125,101959.99,664.5134
69.94608064698343,165.0,101964.66,670.68024
69.94608064698343,166.875,101965.67,676.01575
69.94608064698343,168.75,101966.89,679.90594
69.94608064698343,170.625,101970.53,682.0179
69.94608064698343,172.5,101977.0,682.28174
69.94608064698343,174.375,101983.08,680.7878
69.94608064698343,176.25,101986.12,677.56836
69.94608064698343,178.125,101977.13,672.505
69.94608064698343,180.0,101955.26,665.6666
69.94608064698343,181.875,101920.76,657.3144
69.94608064698343,183.75,101879.24,648.078
69.94608064698343,185.625,101838.7,638.9833
69.94608064698343,187.5,101804.44,630.86584
69.94608064698343,189.375,101781.46,624.3402
69.94608064698343,191.25,101770.07,619.5407
69.94608064698343,193.125,101770.41,616.0077
69.94608064698343,195.0,101781.14,612.9344
69.94608064698343,196.875,101804.5,609.57635
69.94608064698343,198.75,101835.76,605.3993
69.94608064698343,200.625,101871.56,600.2657
69.94608064698343,202.5,101909.0,594.34436
69.94608064698343,204.375,101945.28,587.78516
69.94608064698343,206.25,101977.64,580.88806
69.94608064698343,208.125,102006.48,573.837
69.94608064698343,210.0,102032.76,566.6566
69.94608064698343,211.875,102055.24,559.4748
69.94608064698343,213.75,102072.02,552.5606
69.94608064698343,215.625,102079.34,546.1419
69.94608064698343,217.5,102075.11,540.2981
69.94608064698343,219.375,102058.72,534.8473
69.94608064698343,221.25,102029.52,529.55566
69.94608064698343,223.125,101995.33,524.3472
69.94608064698343,225.0,101964.03,519.5224
69.94608064698343,226.875,101943.53,515.4883
69.94608064698343,228.75,101937.76,512.52545
69.94608064698343,230.625,101948.26,510.6935
69.94608064698343,232.5,101968.81,509.8077
69.94608064698343,234.375,101990.06,509.57468
69.94608064698343,236.25,102003.7,509.81705
69.94608064698343,238.125,102003.3,510.19495
69.94608064698343,240.0,101985.34,510.79187
69.94608064698343,241.875,101953.17,511.72235
69.94608064698343,243.75,101915.65,512.872
69.94608064698343,245.625,101879.54,514.0912
69.94608064698343,247.5,101849.38,515.11584
69.94608064698343,249.375,101828.56,515.6619
69.94608064698343,251.25,101809.54,515.5573
69.94608064698343,253.125,101786.28,514.8325
69.94608064698343,255.0,101753.15,513.6496
69.94608064698343,256.875,101705.76,512.3601
69.94608064698343,258.75,101646.28,511.3118
69.94608064698343,260.625,101583.02,510.8428
69.94608064698343,262.5,101527.1,511.08237
69.94608064698343,264.375,101486.71,512.0478
69.94608064698343,266.25,101461.62,513.60803
69.94608064698343,268.125,101446.23,515.7495
69.94608064698343,270.0,101428.08,518.5543
69.94608064698343,271.875,101395.26,522.2731
69.94608064698343,273.75,101344.24,527.119
69.94608064698343,275.625,101275.62,533.1535
69.94608064698343,277.5,101202.84,540.17126
69.94608064698343,279.375,101138.7,547.74347
69.94608064698343,281.25,101097.04,555.38293
69.94608064698343,283.125,101082.28,562.7593
69.94608064698343,285.0,101089.74,569.82574
69.94608064698343,286.875,101108.87,576.6304
69.94608064698343,288.75,101119.58,583.25543
69.94608064698343,290.625,101105.26,589.68225
69.94608064698343,292.5,101054.06,595.79083
69.94608064698343,294.375,100966.66,601.24786
69.94608064698343,296.25,100855.28,607.7375
69.94608064698343,298.125,100743.47,616.39526
69.94608064698343,300.0,100653.46,626.6992
69.94608064698343,301.875,100597.37,638.4949
69.94608064698343,303.75,100569.3,652.96326
69.94608064698343,305.625,100562.5,670.6795
69.94608064698343,307.5,100583.53,690.6423
69.94608064698343,309.375,100651.6,712.5825
69.94608064698343,311.25,100764.62,746.6289
69.94608064698343,313.125,100862.48,792.5161
69.94608064698343,315.0,100927.84,830.16974
69.94608064698343,316.875,100968.9,858.6759
69.94608064698343,318.75,101005.32,880.4184
69.94608064698343,320.625,101052.74,894.70087
69.94608064698343,322.5,101119.32,901.77014
69.94608064698343,324.375,101192.86,903.5448
69.94608064698343,326.25,101245.32,902.9178
69.94608064698343,328.125,101243.58,901.6659
69.94608064698343,330.0,101141.88,907.6644
69.94608064698343,331.875,100919.02,914.35455
69.94608064698343,333.75,100712.94,913.67365
69.94608064698343,335.625,100566.51,915.2202
69.94608064698343,337.5,100461.78,920.1881
69.94608064698343,339.375,100369.51,928.21234
69.94608064698343,341.25,100273.89,937.4506
69.94608064698343,343.125,100179.83,945.59125
69.94608064698343,345.0,100103.4,950.9321
69.94608064698343,346.875,100057.12,952.7355
69.94608064698343,348.75,100046.34,951.27673
69.94608064698343,350.625,100062.18,947.4586
69.94608064698343,352.5,100091.24,942.55383
69.94608064698343,354.375,100121.7,937.83044
69.94608064698343,356.25,100141.8,934.1401
69.94608064698343,358.125,100149.56,931.77893
71.81113211427447,0.0,100242.06,899.21704
71.81113211427447,1.875,100240.43,895.7073
71.81113211427447,3.75,100238.76,892.6474
71.81113211427447,5.625,100243.45,889.8637
71.81113211427447,7.5,100256.98,887.10583
71.81113211427447,9.375,100283.34,884.15533
71.81113211427447,11.25,100321.4,880.76953
71.81113211427447,13.125,100366.63,876.8652
71.81113211427447,15.0,100415.67,872.44446
71.81113211427447,16.875,100463.27,867.5959
71.81113211427447,18.75,100508.55,862.4204
71.81113211427447,20.625,100546.88,856.8742
71.81113211427447,22.5,100579.68,850.92694
71.81113211427447,24.375,100608.36,844.5804
71.81113211427447,26.25,100635.31,837.9095
71.81113211427447,28.125,100660.98,831.0121
71.81113211427447,30.0,100687.58,824.04816
71.81113211427447,31.875,100713.66,817.12335
71.81113211427447,33.75,100739.67,810.46313
71.81113211427447,35.625,100764.08,804.2239
71.81113211427447,37.5,100786.74,798.555
71.81113211427447,39.375,100811.76,793.59894
71.81113211427447,41.25,100840.4,789.38416
71.81113211427447,43.125,100872.73,785.8755
71.81113211427447,45.0,100911.67,783.0326
71.81113211427447,46.875,100954.37,780.81366
71.81113211427447,48.75,101000.9,779.16187
71.81113211427447,50.625,101046.98,778.04254
71.81113211427447,52.5,101090.65,777.4477
71.81113211427447,54.375,101132.15,777.3702
71.81113211427447,56.25,101172.13,777.8264
71.81113211427447,58.125,101210.76,778.8575
71.81113211427447,60.0,101248.7,780.5152
71.81113211427447,61.875,101289.51,782.8953
71.81113211427447,63.75,101331.5,786.0485
71.81113211427447,65.625,101375.58,790.0566
71.81113211427447,67.5,101418.41,794.9043
71.81113211427447,69.375,101459.78,800.5619
71.81113211427447,71.25,101500.25,806.8845
71.81113211427447,73.125,101538.35,813.57074
71.81113211427447,75.0,101576.25,820.26324
71.81113211427447,76.875,101615.66,826.5154
71.81113211427447,78.75,101655.76,832.03015
71.81113211427447,80.625,101696.0,836.6113
71.81113211427447,82.5,101738.72,840.2328
71.81113211427447,84.375,101782.39,842.99634
71.81113211427447,86.25,101825.76,845.02893
71.81113211427447,88.125,101867.22,846.4212
71.81113211427447,90.0,101904.31,847.1615
71.81113211427447,91.875,101937.14,847.1654
71.81113211427447,93.75,101965.76,846.4371
71.81113211427447,95.625,101990.5,845.00024
71.81113211427447,97.5,102010.27,842.7246
71.81113211427447,99.375,102026.64,839.7222
71.81113211427447,101.25,102042.98,836.1807
71.81113211427447,103.125,102057.6,832.29285
71.81113211427447,105.0,102073.52,828.15466
71.81113211427447,106.875,102090.1,823.69885
71.81113211427447,108.75,102105.28,818.66705
71.81113211427447,110.625,102118.68,812.7064
71.81113211427447,112.5,102129.36,805.4856
71.81113211427447,114.375,102135.7,796.78064
71.81113211427447,116.25,102141.22,786.6311
71.81113211427447,118.125,102144.79,775.4279
71.81113211427447,120.0,102148.05,763.9343
71.81113211427447,121.875,102154.88,753.05554
71.81113211427447,123.75,102161.48,743.483
71.81113211427447,125.625,102169.69,735.4714
71.81113211427447,127.5,102174.48,728.7523
71.81113211427447,129.375,102175.09,722.8179
71.81113211427447,131.25,102171.55,717.2004
71.81113211427447,133.125,102163.56,711.7273
71.81113211427447,135.0,102152.67,706.5872
71.81113211427447,136.875,102142.46,702.1699
71.81113211427447,138.75,102133.72,698.86725
71.81113211427447,140.625,102127.6,696.97217
71.81113211427447,142.5,102124.75,696.5639
71.81113211427447,144.375,102119.31,697.4806
71.81113211427447,146.25,102109.25,699.4315
71.81113211427447,148.125,102092.52,702.00385
71.81113211427447,150.0,102068.06,704.8155
71.81113211427447,151.875,102037.89,707.5709
71.81113211427447,153.75,102009.15,710.171
71.81113211427447,155.625,101985.98,712.59607
71.81113211427447,157.5,101970.4,714.98175
71.81113211427447,159.375,101963.16,717.41815
71.81113211427447,161.25,101959.65,719.9722
71.81113211427447,163.125,101957.82,722.5882
71.81113211427447,165.0,101953.3,725.0547
71.81113211427447,166.875,101946.8,727.08624
71.81113211427447,168.75,101938.46,728.34344
71.81113211427447,170.625,101932.07,728.53394
71.81113211427447,172.5,101925.54,727.35474
71.81113211427447,174.375,101922.32,724.67
71.81113211427447,176.25,101918.92,720.4131
71.81113211427447,178.125,101914.54,714.5863
71.81113211427447,180.0,101907.85,707.3788
71.81113211427447,181.875,101899.05,699.0577
71.81113211427447,183.75,101885.63,690.0624
71.81113211427447,185.625,101873.96,680.9006
71.81113211427447,187.5,101864.35,672.0677
71.81113211427447,189.375,101860.0,663.90924
71.81113211427447,191.25,101861.26,656.53766
71.81113211427447,193.125,101869.9,649.856
71.81113211427447,195.0,101881.26,643.53955
71.81113211427447,196.875,101894.48,637.2192
71.81113211427447,198.75,101904.76,630.5203
71.81113211427447,200.625,101911.65,623.25507
71.81113211427447,202.5,101911.8,615.4284
71.81113211427447,204.375,101906.44,607.2975
71.81113211427447,206.25,101898.92,599.2241
71.81113211427447,208.125,101892.1,591.56354
71.81113211427447,210.0,101888.15,584.57306
71.81113211427447,211.875,101888.8,578.3843
71.81113211427447,213.75,101893.41,573.0656
71.81113211427447,215.625,101901.07,568.59625
71.81113211427447,217.5,101910.58,564.8649
71.81113211427447,219.375,101918.61,561.6177
71.81113211427447,221.25,101924.41,558.59973
71.81113211427447,223.125,101928.02,555.6111
71.81113211427447,225.0,101929.35,552.58453
71.81113211427447,226.875,101928.62,549.5326
71.81113211427447,228.75,101927.12,546.5587
71.81113211427447,230.625,101922.8,543.7436
71.81113211427447,232.5,101915.84,541.1875
71.81113211427447,234.375,101903.33,539.0477
71.81113211427447,236.25,101885.72,537.44214
71.81113211427447,238.125,101862.6,536.52637
71.81113211427447,240.0,101839.26,536.27747
71.81113211427447,241.875,101816.57,536.5865
71.81113211427447,243.75,101797.34,537.2897
71.81113211427447,245.625,101782.02,538.0792
71.81113211427447,247.5,101769.64,538.71576
71.81113211427447,249.375,101754.82,539.026
71.81113211427447,251.25,101732.92,538.9272
71.81113211427447,253.125,101698.34,538.46124
71.81113211427447,255.0,101653.16,537.7838
71.81113211427447,256.875,101600.35,537.03015
71.81113211427447,258.75,101544.6,536.3657
71.81113211427447,260.625,101495.35,535.86096
71.81113211427447,262.5,101457.94,535.5663
71.81113211427447,264.375,101435.02,535.56757
71.81113211427447,266.25,101421.78,536.03357
71.81113211427447,268.125,101408.68,537.25226
71.81113211427447,270.0,101389.74,539.57764
71.81113211427447,271.875,101355.3,543.20703
71.81113211427447,273.75,101306.72,548.1494
71.81113211427447,275.625,101250.06,554.151
71.81113211427447,277.5,101193.69,560.77496
71.81113211427447,279.375,101148.7,567.59814
71.81113211427447,281.25,101121.8,574.25793
71.81113211427447,283.125,101113.65,580.4675
71.81113211427447,285.0,101114.32,586.0106
71.81113211427447,286.875,101111.21,590.7595
71.81113211427447,288.75,101088.06,594.8194
71.81113211427447,290.625,101033.29,598.68
71.81113211427447,292.5,100946.88,603.2321
71.81113211427447,294.375,100844.38,610.1564
71.81113211427447,296.25,100747.66,618.9697
71.81113211427447,298.125,100673.35,628.8754
71.81113211427447,300.0,100630.32,640.0875
71.81113211427447,301.875,100616.38,653.6024
71.81113211427447,303.75,100627.26,669.7873
71.81113211427447,305.625,100661.94,687.7157
71.81113211427447,307.5,100717.33,706.58514
71.81113211427447,309.375,100785.23,730.5579
71.81113211427447,311.25,100838.7,763.63275
71.81113211427447,313.125,100858.74,796.2916
71.81113211427447,315.0,100852.09,822.4442
71.81113211427447,316.875,100845.58,840.1723
71.81113211427447,318.75,100864.73,853.4316
71.81113211427447,320.625,100927.99,863.161
71.81113211427447,322.5,101037.92,869.7754
71.81113211427447,324.375,101176.4,873.777
71.81113211427447,326.25,101308.18,875.8633
71.81113211427447,328.125,101395.39,876.81
71.81113211427447,330.0,101408.72,877.2806
71.81113211427447,331.875,101334.92,883.1302
71.81113211427447,333.75,101152.26,895.6088
71.81113211427447,335.625,100933.58,893.5289
71.81113211427447,337.5,100757.1,892.4693
71.81113211427447,339.375,100621.0,895.31683
71.81113211427447,341.25,100504.98,901.273
71.81113211427447,343.125,100399.0,908.3583
71.81113211427447,345.0,100304.99,914.5546
71.81113211427447,346.875,100229.9,918.5511
71.81113211427447,348.75,100183.37,919.92224
71.81113211427447,350.625,100166.83,918.8847
71.81113211427447,352.5,100174.7,916.00946
71.81113211427447,354.375,100195.02,912.00946
71.81113211427447,356.25,100218.0,907.56006
71.81113211427447,358.125,100234.4,903.1953
73.67613231320912,0.0,100297.66,864.91516
73.67613231320912,1.875,100298.78,860.50586
73.67613231320912,3.75,100298.95,856.2416
73.67613231320912,5.625,100301.72,852.30945
73.67613231320912,7.5,100309.49,848.77454
73.67613231320912,9.375,100325.97,845.6183
73.67613231320912,11.25,100350.18,842.74567
73.67613231320912,13.125,100380.8,840.0359
73.67613231320912,15.0,100414.75,837.31665
73.67613231320912,16.875,100449.67,834.49536
73.67613231320912,18.75,100483.67,831.4751
73.67613231320912,20.625,100513.4,828.13214
73.67613231320912,22.5,100539.54,824.3847
73.67613231320912,24.375,100565.06,820.2306
73.67613231320912,26.25,100587.88,815.6377
73.67613231320912,28.125,100612.28,810.6976
73.67613231320912,30.0,100639.14,805.5692
73.67613231320912,31.875,100667.54,800.4152
73.67613231320912,33.75,100698.4,795.4626
73.67613231320912,35.625,100731.4,790.9146
73.67613231320912,37.5,100765.56,786.95856
73.67613231320912,39.375,100800.28,783.6796
73.67613231320912,41.25,100836.61,781.1709
73.67613231320912,43.125,100872.29,779.3943
73.67613231320912,45.0,100910.12,778.3415
73.67613231320912,46.875,100950.29,777.99634
73.67613231320912,48.75,100991.1,778.281
73.67613231320912,50.625,101033.45,779.16406
73.67613231320912,52.5,101075.61,780.5379
73.67613231320912,54.375,101118.54,782.2543
73.67613231320912,56.25,101160.21,784.06946
73.67613231320912,58.125,101201.09,785.7877
73.67613231320912,60.0,101240.56,787.2773
73.67613231320912,61.875,101277.38,788.5769
73.67613231320912,63.75,101311.96,789.9224
73.67613231320912,65.625,101344.08,791.6355
73.67613231320912,67.5,101375.94,794.0919
73.67613231320912,69.375,101407.9,797.49335
73.67613231320912,71.25,101439.68,801.93256
73.67613231320912,73.125,101474.52,807.3174
73.67613231320912,75.0,101513.35,813.4167
73.67613231320912,76.875,101556.08,819.85583
73.67613231320912,78.75,101600.96,826.17706
73.67613231320912,80.625,101647.53,831.95685
73.67613231320912,82.5,101692.68,836.83624
73.67613231320912,84.375,101734.57,840.68317
73.67613231320912,86.25,101771.65,843.50214
73.67613231320912,88.125,101804.63,845.47485
73.67613231320912,90.0,101830.54,846.7446
73.67613231320912,91.875,101855.23,847.56714
73.67613231320912,93.75,101878.51,848.0901
73.67613231320912,95.625,101904.73,848.47174
73.67613231320912,97.5,101933.4,848.7117
73.67613231320912,99.375,101965.54,848.7977
73.67613231320912,101.25,101999.24,848.66144
73.67613231320912,103.125,102033.28,848.2018
73.67613231320912,105.0,102063.55,847.325
73.67613231320912,106.875,102084.44,845.8896
73.67613231320912,108.75,102097.48,843.82916
73.67613231320912,110.625,102098.58,840.9707
73.67613231320912,112.5,102089.21,837.1804
73.67613231320912,114.375,102073.0,832.3802
73.67613231320912,116.25,102053.32,826.524
73.67613231320912,118.125,102035.04,819.7945
73.67613231320912,120.0,102020.74,812.5144
73.67613231320912,121.875,102013.79,805.1153
73.67613231320912,123.75,102014.04,797.9581
73.67613231320912,125.625,102020.74,791.24054
73.67613231320912,127.5,102032.02,785.02466
73.67613231320912,129.375,102046.28,779.22076
73.67613231320912,131.25,102060.53,773.8143
73.67613231320912,133.125,102072.26,768.8714
73.67613231320912,135.0,102080.21,764.5508
73.67613231320912,136.875,102084.22,761.0811
73.67613231320912,138.75,102085.15,758.66406
73.67613231320912,140.625,102083.3,757.42
73.67613231320912,142.5,102079.19,757.3931
73.67613231320912,144.375,102074.4,758.52924
73.67613231320912,146.25,102067.28,760.69617
73.67613231320912,148.125,102060.15,763.64166
73.67613231320912,150.0,102050.75,767.0794
73.67613231320912,151.875,102041.93,770.7393
73.67613231320912,153.75,102033.04,774.36456
73.67613231320912,155.625,102024.78,777.779
73.67613231320912,157.5,102017.18,780.846
73.67613231320912,159.375,102009.86,783.4907
73.67613231320912,161.25,102002.82,785.64777
73.67613231320912,163.125,101993.44,787.2372
73.67613231320912,165.0,101983.88,788.19055
73.67613231320912,166.875,101974.22,788.4293
73.67613231320912,168.75,101967.56,787.88245
73.67613231320912,170.625,101962.81,786.44476
73.67613231320912,172.5,101962.54,784.0819
73.67613231320912,174.375,101965.99,780.7376
73.67613231320912,176.25,101970.26,776.4229
73.67613231320912,178.125,101973.48,771.1286
73.67613231320912,180.0,101974.86,764.9498
73.67613231320912,181.875,101974.18,758.00214
73.67613231320912,183.75,101967.94,750.4119
73.67613231320912,185.625,101960.21,742.34924
73.67613231320912,187.5,101952.55,734.033
73.67613231320912,189.375,101945.7,725.56665
73.67613231320912,191.25,101942.21,717.0877
73.67613231320912,193.125,101942.06,708.6668
73.67613231320912,195.0,101944.74,700.23694
73.67613231320912,196.875,101949.46,691.7673
73.67613231320912,198.75,101953.71,683.1825
73.67613231320912,200.625,101955.68,674.49445
73.67613231320912,202.5,101951.72,665.7512
73.67613231320912,204.375,101944.26,657.1751
73.67613231320912,206.25,101932.48,648.99603
73.67613231320912,208.125,101918.68,641.48694
73.67613231320912,210.0,101906.34,634.84235
73.67613231320912,211.875,101896.64,629.1657
73.67613231320912,213.75,101891.69,624.37244
73.67613231320912,215.625,101891.48,620.2829
73.67613231320912,217.5,101895.0,616.61615
73.67613231320912,219.375,101899.92,613.0165
73.67613231320912,221.25,101904.16,609.1564
73.67613231320912,223.125,101904.2,604.8212
73.67613231320912,225.0,101899.39,599.9553
73.67613231320912,226.875,101888.36,594.6369
73.67613231320912,228.75,101870.82,589.08014
73.67613231320912,230.625,101850.56,583.5677
73.67613231320912,232.5,101827.71,578.3774
73.67613231320912,234.375,101806.63,573.74646
73.67613231320912,236.25,101787.42,569.8505
73.67613231320912,238.125,101775.04,566.8062
73.67613231320912,240.0,101766.6,564.5678
73.67613231320912,241.875,101763.04,563.0159
73.67613231320912,243.75,101760.03,561.9678
73.67613231320912,245.625,101753.6,561.2446
73.67613231320912,247.5,101737.85,560.66656
73.67613231320912,249.375,101710.38,560.1
73.67613231320912,251.25,101670.27,559.4906
73.67613231320912,253.125,101618.54,558.8128
73.67613231320912,255.0,101558.96,558.0855
73.67613231320912,256.875,101499.56,557.4087
73.67613231320912,258.75,101447.96,556.86127
73.67613231320912,260.625,101408.62,556.5779
73.67613231320912,262.5,101385.75,556.6975
73.67613231320912,264.375,101373.82,557.35516
73.67613231320912,266.25,101370.71,558.73083
73.67613231320912,268.125,101367.24,560.92126
73.67613231320912,270.0,101355.46,563.9957
73.67613231320912,271.875,101330.54,567.9308
73.67613231320912,273.75,101293.15,572.6184
73.67613231320912,275.625,101244.94,577.80176
73.67613231320912,277.5,101191.63,583.17944
73.67613231320912,279.375,101140.81,588.4482
73.67613231320912,281.25,101094.77,593.28217
73.67613231320912,283.125,101055.17,597.41406
73.67613231320912,285.0,101016.3,600.73157
73.67613231320912,286.875,100972.33,603.3417
73.67613231320912,288.75,100917.96,606.5033
73.67613231320912,290.625,100854.76,611.54895
73.67613231320912,292.5,100787.28,618.3163
73.67613231320912,294.375,100725.42,626.4302
73.67613231320912,296.25,100675.58,635.2173
73.67613231320912,298.125,100642.44,644.3646
73.67613231320912,300.0,100630.09,653.8744
73.67613231320912,301.875,100641.74,664.0779
73.67613231320912,303.75,100684.46,675.7396
73.67613231320912,305.625,100758.42,690.43085
73.67613231320912,307.5,100847.9,713.9249
73.67613231320912,309.375,100930.02,744.75653
73.67613231320912,311.25,100992.74,773.68945
73.67613231320912,313.125,101030.48,799.67114
73.67613231320912,315.0,101050.99,818.31934
73.67613231320912,316.875,101068.55,831.6315
73.67613231320912,318.75,101100.24,840.53735
73.67613231320912,320.625,101154.08,845.9526
73.67613231320912,322.5,101233.6,848.8538
73.67613231320912,324.375,101329.36,849.9553
73.67613231320912,326.25,101425.34,849.71436
73.67613231320912,328.125,101496.64,848.5341
73.67613231320912,330.0,101524.29,847.07166
73.67613231320912,331.875,101493.66,846.12524
73.67613231320912,333.75,101394.73,853.3502
73.67613231320912,335.625,101220.59,862.20496
73.67613231320912,337.5,101021.98,861.3345
73.67613231320912,339.375,100848.09,859.79346
73.67613231320912,341.25,100707.98,860.85956
73.67613231320912,343.125,100596.38,864.33856
73.67613231320912,345.0,100503.85,868.9809
73.67613231320912,346.875,100429.08,873.46747
73.67613231320912,348.75,100371.17,876.7664
73.67613231320912,350.625,100330.86,878.33704
73.67613231320912,352.5,100306.51,878.08673
73.67613231320912,354.375,100296.73,876.2433
73.67613231320912,356.25,100294.27,873.1521
73.67613231320912,358.125,100296.9,869.257
75.54106145287895,0.0,100416.4,835.8048
75.54106145287895,1.875,100410.36,832.4977
75.54106145287895,3.75,100411.84,828.90576
75.54106145287895,5.625,100421.38,825.20105
75.54106145287895,7.5,100437.38,821.5183
75.54106145287895,9.375,100459.98,817.99445
75.54106145287895,11.25,100485.93,814.6912
75.54106145287895,13.125,100515.92,811.6893
75.54106145287895,15.0,100546.69,808.9294
75.54106145287895,16.875,100577.76,806.38934
75.54106145287895,18.75,100604.6,803.93085
75.54106145287895,20.625,100627.93,801.4874
75.54106145287895,22.5,100647.3,798.9497
75.54106145287895,24.375,100662.44,796.27905
75.54106145287895,26.25,100676.32,793.4365
75.54106145287895,28.125,100688.95,790.42474
75.54106145287895,30.0,100703.72,787.2734
75.54106145287895,31.875,100719.75,784.02704
75.54106145287895,33.75,100740.16,780.816
75.54106145287895,35.625,100762.97,777.7387
75.54106145287895,37.5,100790.44,774.96216
75.54106145287895,39.375,100818.26,772.5796
75.54106145287895,41.25,100848.18,770.72266
75.54106145287895,43.125,100879.7,769.4664
75.54106145287895,45.0,100911.74,768.8801
75.54106145287895,46.875,100944.14,769.0451
75.54106145287895,48.75,100978.96,770.045
75.54106145287895,50.625,101016.22,771.9276
75.54106145287895,52.5,101055.32,774.6946
75.54106145287895,54.375,101096.67,778.2313
75.54106145287895,56.25,101139.52,782.30396
75.54106145287895,58.125,101181.3,786.55566
75.54106145287895,60.0,101220.39,790.64294
75.54106145287895,61.875,101257.99,794.35956
75.54106145287895,63.75,101292.6,797.64185
75.54106145287895,65.625,101323.84,800.6089
75.54106145287895,67.5,101354.24,803.5156
75.54106145287895,69.375,101382.77,806.59894
75.54106145287895,71.25,101410.93,810.00916
75.54106145287895,73.125,101441.58,813.8552
75.54106145287895,75.0,101474.57,818.0491
75.54106145287895,76.875,101509.35,822.4814
75.54106145287895,78.75,101547.18,826.9977
75.54106145287895,80.625,101588.24,831.409
75.54106145287895,82.5,101629.38,835.53235
75.54106145287895,84.375,101670.94,839.18866
75.54106145287895,86.25,101711.15,842.339
75.54106145287895,88.125,101748.74,845.0069
75.54106145287895,90.0,101783.46,847.3297
75.54106145287895,91.875,101816.45,849.408
75.54106145287895,93.75,101848.65,851.36804
75.54106145287895,95.625,101879.94,853.2521
75.54106145287895,97.5,101911.7,855.07074
75.54106145287895,99.375,101941.4,856.7917
75.54106145287895,101.25,101967.73,858.3057
75.54106145287895,103.125,101988.92,859.589
75.54106145287895,105.0,102002.47,860.54736
75.54106145287895,106.875,102007.89,861.1217
75.54106145287895,108.75,102002.94,861.1945
75.54106145287895,110.625,101991.24,860.6787
75.54106145287895,112.5,101974.67,859.47797
75.54106145287895,114.375,101955.62,857.56525
75.54106145287895,116.25,101940.7,855.0108
75.54106145287895,118.125,101930.0,851.9185
75.54106145287895,120.0,101928.0,848.5108
75.54106145287895,121.875,101933.88,844.97046
75.54106145287895,123.75,101947.36,841.41956
75.54106145287895,125.625,101967.92,837.871
75.54106145287895,127.5,101990.32,834.3216
75.54106145287895,129.375,102012.78,830.8031
75.54106145287895,131.25,102031.65,827.3984
75.54106145287895,133.125,102046.38,824.23627
75.54106145287895,135.0,102054.26,821.45703
75.54106145287895,136.875,102057.0,819.2128
75.54106145287895,138.75,102053.08,817.5864
75.54106145287895,140.625,102045.2,816.635
75.54106145287895,142.5,102037.03,816.43164
75.54106145287895,144.375,102029.57,816.9461
75.54106145287895,146.25,102025.22,818.1432
75.54106145287895,148.125,102024.5,819.9328
75.54106145287895,150.0,102025.56,822.1625
75.54106145287895,151.875,102029.72,824.6931
75.54106145287895,153.75,102033.58,827.3276
75.54106145287895,155.625,102035.41,829.90314
75.54106145287895,157.5,102035.32,832.25476
75.54106145287895,159.375,102032.6,834.2333
75.54106145287895,161.25,102026.94,835.73517
75.54106145287895,163.125,102019.01,836.6402
75.54106145287895,165.0,102012.67,836.9268
75.54106145287895,166.875,102006.14,836.5203
75.54106145287895,168.75,102004.06,835.4429
75.54106145287895,170.625,102005.64,833.67194
75.54106145287895,172.5,102012.3,831.2295
75.54106145287895,174.375,102021.19,828.1031
75.54106145287895,176.25,102030.93,824.28546
75.54106145287895,178.125,102040.02,819.7596
75.54106145287895,180.0,102043.5,814.4686
75.54106145287895,181.875,102040.3,808.39465
75.54106145287895,183.75,102032.32,801.5724
75.54106145287895,185.625,102016.62,794.015
75.54106145287895,187.5,101997.54,785.8296
75.54106145287895,189.375,101977.11,777.1557
75.54106145287895,191.25,101957.04,768.18677
75.54106145287895,193.125,101940.97,759.11804
75.54106145287895,195.0,101931.52,750.10913
75.54106145287895,196.875,101925.69,741.35736
75.54106145287895,198.75,101925.74,732.98
75.54106145287895,200.625,101929.02,725.0706
75.54106145287895,202.5,101934.44,717.6721
75.54106145287895,204.375,101939.04,710.81274
75.54106145287895,206.25,101941.22,704.4696
75.54106145287895,208.125,101940.58,698.584
75.54106145287895,210.0,101936.74,693.05835
75.54106145287895,211.875,101928.42,687.7588
75.54106145287895,213.75,101918.54,682.5008
75.54106145287895,215.625,101904.22,677.0271
75.54106145287895,217.5,101886.64,671.2038
75.54106145287895,219.375,101867.63,664.8749
75.54106145287895,221.25,101846.76,658.02356
75.54106145287895,223.125,101823.76,650.6833
75.54106145287895,225.0,101800.92,643.019
75.54106145287895,226.875,101778.27,635.2414
75.54106145287895,228.75,101756.77,627.59576
75.54106145287895,230.625,101739.16,620.3301
75.54106145287895,232.5,101726.32,613.6256
75.54106145287895,234.375,101719.35,607.6086
75.54106145287895,236.25,101716.84,602.31714
75.54106145287895,238.125,101719.46,597.73193
75.54106145287895,240.0,101721.7,593.7482
75.54106145287895,241.875,101722.36,590.2833
75.54106145287895,243.75,101717.51,587.1792
75.54106145287895,245.625,101702.96,584.388
75.54106145287895,247.5,101676.63,581.8076
75.54106145287895,249.375,101640.65,579.392
75.54106145287895,251.25,101595.25,577.13074
75.54106145287895,253.125,101545.32,575.05414
75.54106145287895,255.0,101495.92,573.27185
75.54106145287895,256.875,101453.17,571.9411
75.54106145287895,258.75,101418.49,571.27423
75.54106145287895,260.625,101396.91,571.44226
75.54106145287895,262.5,101387.32,572.58
75.54106145287895,264.375,101384.09,574.68933
75.54106145287895,266.25,101383.75,577.7253
75.54106145287895,268.125,101380.18,581.56305
75.54106145287895,270.0,101365.28,586.02686
75.54106145287895,271.875,101334.83,590.9636
75.54106145287895,273.75,101290.32,596.22406
75.54106145287895,275.625,101231.63,601.6033
75.54106145287895,277.5,101163.85,606.8857
75.54106145287895,279.375,101092.62,611.8789
75.54106145287895,281.25,101023.63,616.3842
75.54106145287895,283.125,100958.46,620.4439
75.54106145287895,285.0,100901.91,624.14166
75.54106145287895,286.875,100853.22,628.1255
75.54106145287895,288.75,100811.41,632.8935
75.54106145287895,290.625,100779.3,638.28876
75.54106145287895,292.5,100753.82,643.9745
75.54106145287895,294.375,100734.54,649.58215
75.54106145287895,296.25,100723.08,654.8475
75.54106145287895,298.125,100725.2,660.0003
75.54106145287895,300.0,100746.47,665.9849
75.54106145287895,301.875,100791.56,675.6347
75.54106145287895,303.75,100854.7,691.5059
75.54106145287895,305.625,100929.73,713.62695
75.54106145287895,307.5,101008.79,738.32654
75.54106145287895,309.375,101083.12,762.799
75.54106145287895,311.25,101148.0,784.90314
75.54106145287895,313.125,101204.26,804.19147
75.54106145287895,315.0,101253.92,819.3059
75.54106145287895,316.875,101299.41,829.61993
75.54106145287895,318.75,101346.53,835.4255
75.54106145287895,320.625,101397.83,837.64325
75.54106145287895,322.5,101455.86,837.17554
75.54106145287895,324.375,101516.93,834.7398
75.54106145287895,326.25,101573.25,830.9128
75.54106145287895,328.125,101613.04,826.35156
75.54106145287895,330.0,101624.3,821.9068
75.54106145287895,331.875,101597.14,818.41327
75.54106145287895,333.75,101527.07,816.52313
75.54106145287895,335.625,101411.33,821.2434
75.54106145287895,337.5,101253.28,828.9886
75.54106145287895,339.375,101080.88,830.05884
75.54106145287895,341.25,100927.83,828.3717
75.54106145287895,343.125,100805.75,828.05206
75.54106145287895,345.0,100714.15,829.86255
75.54106145287895,346.875,100644.84,833.058
75.54106145287895,348.75,100590.86,836.6227
75.54106145287895,350.625,100545.96,839.6029
75.54106145287895,352.5,100508.33,841.37775
75.54106145287895,354.375,100475.43,841.7031
75.54106145287895,356.25,100449.35,840.7009
75.54106145287895,358.125,100428.28,838.6106
77.4058880820788,0.0,100565.07,810.40497
77.4058880820788,1.875,100553.06,808.978
77.4058880820788,3.75,100553.16,807.17957
77.4058880820788,5.625,100565.09,805.1036
77.4058880820788,7.5,100586.37,802.7548
77.4058880820788,9.375,100614.96,800.20233
77.4058880820788,11.25,100647.73,797.471
77.4058880820788,13.125,100683.04,794.6783
77.4058880820788,15.0,100717.66,791.925
77.4058880820788,16.875,100748.66,789.2675
77.4058880820788,18.75,100775.96,786.77545
77.4058880820788,20.625,100799.9,784.4603
77.4058880820788,22.5,100817.36,782.2896
77.4058880820788,24.375,100828.13,780.22485
77.4058880820788,26.25,100836.64,778.2766
77.4058880820788,28.125,100840.75,776.3699
77.4058880820788,30.0,100843.54,774.5087
77.4058880820788,31.875,100846.1,772.6615
77.4058880820788,33.75,100852.81,770.8411
77.4058880820788,35.625,100862.11,769.03754
77.4058880820788,37.5,100876.56,767.312
77.4058880820788,39.375,100893.8,765.7131
77.4058880820788,41.25,100914.12,764.32776
77.4058880820788,43.125,100937.5,763.23975
77.4058880820788,45.0,100962.3,762.54236
77.4058880820788,46.875,100986.99,762.33344
77.4058880820788,48.75,101013.38,762.7246
77.4058880820788,50.625,101040.63,763.8404
77.4058880820788,52.5,101067.61,765.72687
77.4058880820788,54.375,101097.51,768.49506
77.4058880820788,56.25,101126.5,772.1016
77.4058880820788,58.125,101156.34,776.4667
77.4058880820788,60.0,101184.74,781.43616
77.4058880820788,61.875,101212.28,786.8322
77.4058880820788,63.75,101238.2,792.4188
77.4058880820788,65.625,101262.48,798.0291
77.4058880820788,67.5,101286.83,803.5243
77.4058880820788,69.375,101310.37,808.7747
77.4058880820788,71.25,101335.96,813.80096
77.4058880820788,73.125,101361.52,818.5507
77.4058880820788,75.0,101388.34,823.0561
77.4058880820788,76.875,101417.12,827.3475
77.4058880820788,78.75,101450.04,831.4699
77.4058880820788,80.625,101484.43,835.3956
77.4058880820788,82.5,101521.7,839.1502
77.4058880820788,84.375,101561.26,842.70264
77.4058880820788,86.25,101601.88,846.01306
77.4058880820788,88.125,101641.5,849.0494
77.4058880820788,90.0,101681.06,851.78656
77.4058880820788,91.875,101717.52,854.30756
77.4058880820788,93.75,101751.22,856.697
77.4058880820788,95.625,101781.18,859.0488
77.4058880820788,97.5,101806.73,861.36847
77.4058880820788,99.375,101827.01,863.7004
77.4058880820788,101.25,101842.87,866.0435
77.4058880820788,103.125,101853.4,868.3327
77.4058880820788,105.0,101858.44,870.5078
77.4058880820788,106.875,101861.9,872.52325
77.4058880820788,108.75,101861.8,874.23456
77.4058880820788,110.625,101862.56,875.57965
77.4058880820788,112.5,101863.92,876.47485
77.4058880820788,114.375,101869.13,876.9312
77.4058880820788,116.25,101878.17,876.9609
77.4058880820788,118.125,101891.7,876.6544
77.4058880820788,120.0,101911.2,876.0837
77.4058880820788,121.875,101933.61,875.2688
77.4058880820788,123.75,101956.42,874.21265
77.4058880820788,125.625,101980.16,872.9448
77.4058880820788,127.5,102001.12,871.4881
77.4058880820788,129.375,102017.5,869.9281
77.4058880820788,131.25,102029.0,868.3686
77.4058880820788,133.125,102032.37,866.9022
77.4058880820788,135.0,102031.09,865.6381
77.4058880820788,136.875,102024.44,864.6431
77.4058880820788,138.75,102014.68,863.96655
77.4058880820788,140.625,102004.97,863.6382
77.4058880820788,142.5,101997.72,863.6802
77.4058880820788,144.375,101993.4,864.05817
77.4058880820788,146.25,101994.78,864.77893
77.4058880820788,148.125,102000.58,865.77747
77.4058880820788,150.0,102009.98,866.97406
77.4058880820788,151.875,102020.28,868.26337
77.4058880820788,153.75,102029.97,869.541
77.4058880820788,155.625,102038.06,870.7203
77.4058880820788,157.5,102041.66,871.6937
77.4058880820788,159.375,102040.38,872.37805
77.4058880820788,161.25,102035.84,872.7185
77.4058880820788,163.125,102026.22,872.6478
77.4058880820788,165.0,102015.58,872.15753
77.4058880820788,166.875,102005.83,871.19244
77.4058880820788,168.75,101997.66,869.7767
77.4058880820788,170.625,101993.05,867.8869
77.4058880820788,172.5,101991.04,865.5591
77.4058880820788,174.375,101994.26,862.7744
77.4058880820788,176.25,101999.74,859.5347
77.4058880820788,178.125,102004.76,855.78
77.4058880820788,180.0,102009.24,851.51263
77.4058880820788,181.875,102010.95,846.68005
77.4058880820788,183.75,102009.1,841.29816
77.4058880820788,185.625,102002.28,835.34216
77.4058880820788,187.5,101992.38,828.8915
77.4058880820788,189.375,101979.12,821.9817
77.4058880820788,191.25,101964.68,814.7471
77.4058880820788,193.125,101950.23,807.29016
77.4058880820788,195.0,101938.16,799.74963
77.4058880820788,196.875,101928.6,792.254
77.4058880820788,198.75,101921.26,784.89026
77.4058880820788,200.625,101916.8,777.73413
77.4058880820788,202.5,101915.0,770.80853
77.4058880820788,204.375,101912.58,764.0549
77.4058880820788,206.25,101910.23,757.4261
77.4058880820788,208.125,101905.78,750.81335
77.4058880820788,210.0,101898.3,744.09015
77.4058880820788,211.875,101886.85,737.1646
77.4058880820788,213.75,101872.49,729.9556
77.4058880820788,215.625,101856.36,722.40094
77.4058880820788,217.5,101836.0,714.5098
77.4058880820788,219.375,101816.1,706.3521
77.4058880820788,221.25,101793.88,698.0024
77.4058880820788,223.125,101772.8,689.5727
77.4058880820788,225.0,101753.17,681.21484
77.4058880820788,226.875,101735.3,673.0415
77.4058880820788,228.75,101719.25,665.15436
77.4058880820788,230.625,101706.35,657.6183
77.4058880820788,232.5,101696.48,650.4778
77.4058880820788,234.375,101686.23,643.7028
77.4058880820788,236.25,101676.56,637.2531
77.4058880820788,238.125,101663.61,631.0735
77.4058880820788,240.0,101648.14,625.08673
77.4058880820788,241.875,101628.38,619.26245
77.4058880820788,243.75,101603.62,613.5972
77.4058880820788,245.625,101572.78,608.07855
77.4058880820788,247.5,101539.76,602.7763
77.4058880820788,249.375,101503.86,597.76843
77.4058880820788,251.25,101468.06,593.2021
77.4058880820788,253.125,101437.1,589.3141
77.4058880820788,255.0,101412.09,586.31915
77.4058880820788,256.875,101394.51,584.4887
77.4058880820788,258.75,101385.45,584.0044
77.4058880820788,260.625,101384.6,584.9017
77.4058880820788,262.5,101390.04,587.1375
77.4058880820788,264.375,101395.83,590.5379
77.4058880820788,266.25,101399.62,594.8873
77.4058880820788,268.125,101394.44,599.93713
77.4058880820788,270.0,101376.78,605.45996
77.4058880820788,271.875,101344.26,611.26434
77.4058880820788,273.75,101297.64,617.19666
77.4058880820788,275.625,101239.29,623.1049
77.4058880820788,277.5,101172.6,628.87885
77.4058880820788,279.375,101103.5,634.41113
77.4058880820788,281.25,101038.59,639.7113
77.4058880820788,283.125,100981.88,644.7952
77.4058880820788,285.0,100936.24,649.7995
77.4058880820788,286.875,100906.06,654.772
77.4058880820788,288.75,100887.04,659.71936
77.4058880820788,290.625,100882.2,664.80945
77.4058880820788,292.5,100886.57,670.194
77.4058880820788,294.375,100899.32,676.2151
77.4058880820788,296.25,100918.16,683.24915
77.4058880820788,298.125,100941.73,692.2864
77.4058880820788,300.0,100969.12,703.3742
77.4058880820788,301.875,100996.06,715.98615
77.4058880820788,303.75,101022.55,730.6395
77.4058880820788,305.625,101048.2,746.7415
77.4058880820788,307.5,101071.61,762.56354
77.4058880820788,309.375,101094.38,778.147
77.4058880820788,311.25,101115.4,792.1801
77.4058880820788,313.125,101138.82,803.5709
77.4058880820788,315.0,101165.38,811.72394
77.4058880820788,316.875,101199.16,816.52655
77.4058880820788,318.75,101241.29,818.2828
77.4058880820788,320.625,101293.27,817.5033
77.4058880820788,322.5,101352.62,814.6976
77.4058880820788,324.375,101414.28,810.401
77.4058880820788,326.25,101471.24,805.2012
77.4058880820788,328.125,101514.87,799.8199
77.4058880820788,330.0,101536.43,795.0039
77.4058880820788,331.875,101526.48,791.3567
77.4058880820788,333.75,101483.65,789.1904
77.4058880820788,335.625,101405.58,790.10443
77.4058880820788,337.5,101296.29,794.40857
77.4058880820788,339.375,101169.4,797.7987
77.4058880820788,341.25,101043.86,797.8978
77.4058880820788,343.125,100937.34,796.6225
77.4058880820788,345.0,100856.26,796.55505
77.4058880820788,346.875,100798.6,798.4436
77.4058880820788,348.75,100754.34,801.5609
77.4058880820788,350.625,100718.34,805.1027
77.4058880820788,352.5,100684.81,808.2132
77.4058880820788,354.375,100650.92,810.3612
77.4058880820788,356.25,100617.23,811.3506
77.4058880820788,358.125,100587.12,811.281
79.27055903485967,0.0,100701.06,786.2998
79.27055903485967,1.875,100686.05,786.1536
79.27055903485967,3.75,100681.52,785.67377
79.27055903485967,5.625,100686.64,784.97766
79.27055903485967,7.5,100701.74,784.11456
79.27055903485967,9.375,100724.21,783.07697
79.27055903485967,11.25,100753.4,781.8748
79.27055903485967,13.125,100784.54,780.50775
79.27055903485967,15.0,100817.7,779.0132
79.27055903485967,16.875,100847.82,777.4388
79.27055903485967,18.75,100876.37,775.8835
79.27055903485967,20.625,100902.04,774.39374
79.27055903485967,22.5,100921.44,772.9757
79.27055903485967,24.375,100937.76,771.70184
79.27055903485967,26.25,100948.7,770.523
79.27055903485967,28.125,100957.86,769.4717
79.27055903485967,30.0,100963.66,768.48505
79.27055903485967,31.875,100968.62,767.59015
79.27055903485967,33.75,100973.91,766.73615
79.27055903485967,35.625,100981.57,765.9362
79.27055903485967,37.5,100991.37,765.18365
79.27055903485967,39.375,101002.75,764.4581
79.27055903485967,41.25,101017.46,763.81177
79.27055903485967,43.125,101035.95,763.2904
79.27055903485967,45.0,101054.87,762.9104
79.27055903485967,46.875,101075.69,762.7888
79.27055903485967,48.75,101096.64,762.97253
79.27055903485967,50.625,101117.91,763.5777
79.27055903485967,52.5,101140.57,764.71606
79.27055903485967,54.375,101161.93,766.4571
79.27055903485967,56.25,101182.22,768.8999
79.27055903485967,58.125,101202.06,772.0744
79.27055903485967,60.0,101221.27,776.0171
79.27055903485967,61.875,101238.66,780.6416
79.27055903485967,63.75,101256.18,785.8805
79.27055903485967,65.625,101272.32,791.553
79.27055903485967,67.5,101290.8,797.55347
79.27055903485967,69.375,101308.9,803.65265
79.27055903485967,71.25,101328.48,809.74445
79.27055903485967,73.125,101348.78,815.67
79.27055903485967,75.0,101372.18,821.4128
79.27055903485967,76.875,101397.61,826.9242
79.27055903485967,78.75,101425.36,832.17834
79.27055903485967,80.625,101455.82,837.19714
79.27055903485967,82.5,101487.82,841.9775
79.27055903485967,84.375,101521.8,846.55743
79.27055903485967,86.25,101556.29,850.8941
79.27055903485967,88.125,101590.8,854.9697
79.27055903485967,90.0,101625.12,858.7935
79.27055903485967,91.875,101657.26,862.3527
79.27055903485967,93.75,101687.07,865.6538
79.27055903485967,95.625,101714.63,868.75775
79.27055903485967,97.5,101737.18,871.6844
79.27055903485967,99.375,101758.36,874.5142
79.27055903485967,101.25,101774.25,877.241
79.27055903485967,103.125,101788.12,879.91156
79.27055903485967,105.0,101800.46,882.4647
79.27055903485967,106.875,101811.68,884.8754
79.27055903485967,108.75,101822.31,887.1056
79.27055903485967,110.625,101835.09,889.1121
79.27055903485967,112.5,101847.65,890.8576
79.27055903485967,114.375,101862.17,892.31226
79.27055903485967,116.25,101877.28,893.4825
79.27055903485967,118.125,101893.54,894.36395
79.27055903485967,120.0,101910.51,894.9557
79.27055903485967,121.875,101927.08,895.2904
79.27055903485967,123.75,101941.32,895.375
79.27055903485967,125.625,101952.28,895.25104
79.27055903485967,127.5,101961.05,894.9973
79.27055903485967,129.375,101966.14,894.66675
79.27055903485967,131.25,101966.91,894.3358
79.27055903485967,133.125,101964.6,894.0677
79.27055903485967,135.0,101961.18,893.9455
79.27055903485967,136.875,101957.59,893.9864
79.27055903485967,138.75,101955.52,894.2379
79.27055903485967,140.625,101954.46,894.6704
79.27055903485967,142.5,101957.72,895.3305
79.27055903485967,144.375,101964.46,896.1535
79.27055903485967,146.25,101975.88,897.1311
79.27055903485967,148.125,101989.61,898.19415
79.27055903485967,150.0,102004.7,899.2729
79.27055903485967,151.875,102020.4,900.30975
79.27055903485967,153.75,102032.59,901.2318
79.27055903485967,155.625,102043.98,902.01105
79.27055903485967,157.5,102048.5,902.5594
79.27055903485967,159.375,102049.34,902.8485
79.27055903485967,161.25,102045.1,902.8488
79.27055903485967,163.125,102037.03,902.5176
79.27055903485967,165.0,102024.56,901.8269
79.27055903485967,166.875,102012.26,900.7891
79.27055903485967,168.75,101999.27,899.3746
79.27055903485967,170.625,101987.22,897.604
79.27055903485967,172.5,101978.6,895.48254
79.27055903485967,174.375,101973.62,892.9983
79.27055903485967,176.25,101972.7,890.1814
79.27055903485967,178.125,101974.34,887.00867
79.27055903485967,180.0,101978.34,883.47894
79.27055903485967,181.875,101982.98,879.5784
79.27055903485967,183.75,101987.56,875.2982
79.27055903485967,185.625,101991.86,870.6521
79.27055903485967,187.5,101993.94,865.6156
79.27055903485967,189.375,101992.32,860.21173
79.27055903485967,191.25,101989.27,854.4986
79.27055903485967,193.125,101983.16,848.45074
79.27055903485967,195.0,101973.48,842.12
79.27055903485967,196.875,101961.62,835.53357
79.27055903485967,198.75,101947.85,828.70874
79.27055903485967,200.625,101932.43,821.6836
79.27055903485967,202.5,101915.51,814.46533
79.27055903485967,204.375,101898.65,807.0926
79.27055903485967,206.25,101882.38,799.57764
79.27055903485967,208.125,101863.82,791.8991
79.27055903485967,210.0,101847.28,784.09973
79.27055903485967,211.875,101831.3,776.20264
79.27055903485967,213.75,101816.63,768.23956
79.27055903485967,215.625,101803.45,760.21454
79.27055903485967,217.5,101792.59,752.1533
79.27055903485967,219.375,101781.12,744.0464
79.27055903485967,221.25,101771.77,735.9611
79.27055903485967,223.125,101763.55,727.90564
79.27055903485967,225.0,101754.66,719.88965
79.27055903485967,226.875,101745.98,711.9308
79.27055903485967,228.75,101736.9,704.0136
79.27055903485967,230.625,101724.76,696.1187
79.27055903485967,232.5,101709.17,688.17737
79.27055903485967,234.375,101690.5,680.2043
79.27055903485967,236.25,101667.0,672.1464
79.27055903485967,238.125,101640.32,663.99774
79.27055903485967,240.0,101608.02,655.7785
79.27055903485967,241.875,101573.76,647.56976
79.27055903485967,243.75,101536.4,639.4273
79.27055903485967,245.625,101500.08,631.54144
79.27055903485967,247.5,101464.98,624.07764
79.27055903485967,249.375,101432.81,617.22034
79.27055903485967,251.25,101407.84,611.24066
79.27055903485967,253.125,101388.13,606.3911
79.27055903485967,255.0,101375.78,602.85425
79.27055903485967,256.875,101372.1,600.8425
79.27055903485967,258.75,101373.68,600.37366
79.27055903485967,260.625,101380.59,601.387
79.27055903485967,262.5,101391.18,603.6611
79.27055903485967,264.375,101399.18,606.98285
79.27055903485967,266.25,101406.4,611.129
79.27055903485967,268.125,101406.62,615.84033
79.27055903485967,270.0,101398.89,620.8748
79.27055903485967,271.875,101381.88,626.05725
79.27055903485967,273.75,101356.86,631.2203
79.27055903485967,275.625,101325.34,636.24365
79.27055903485967,277.5,101290.12,641.0611
79.27055903485967,279.375,101252.76,645.6369
79.27055903485967,281.25,101216.93,650.0215
79.27055903485967,283.125,101187.61,654.3057
79.27055903485967,285.0,101164.3,658.6187
79.27055903485967,286.875,101151.1,663.1473
79.27055903485967,288.75,101145.76,668.01154
79.27055903485967,290.625,101147.53,673.35565
79.27055903485967,292.5,101156.88,679.29395
79.27055903485967,294.375,101169.94,685.81805
79.27055903485967,296.25,101183.33,692.9434
79.27055903485967,298.125,101194.94,700.6471
79.27055903485967,300.0,101201.86,708.8272
79.27055903485967,301.875,101203.97,717.321
79.27055903485967,303.75,101199.95,725.9038
79.27055903485967,305.625,101191.01,734.0866
79.27055903485967,307.5,101176.78,741.46246
79.27055903485967,309.375,101163.07,747.8795
79.27055903485967,311.25,101150.3,753.08514
79.27055903485967,313.125,101144.68,756.96796
79.27055903485967,315.0,101147.33,759.5592
79.27055903485967,316.875,101162.24,760.98145
79.27055903485967,318.75,101188.36,761.4246
79.27055903485967,320.625,101227.61,761.144
79.27055903485967,322.5,101273.75,760.35834
79.27055903485967,324.375,101322.9,759.3596
79.27055903485967,326.25,101369.34,758.44006
79.27055903485967,328.125,101404.87,757.8894
79.27055903485967,330.0,101424.7,757.91565
79.27055903485967,331.875,101422.84,758.6001
79.27055903485967,333.75,101396.54,759.8696
79.27055903485967,335.625,101347.86,762.3326
79.27055903485967,337.5,101276.72,766.2384
79.27055903485967,339.375,101191.77,769.43524
79.27055903485967,341.25,101105.78,771.04913
79.27055903485967,343.125,101028.96,771.4495
79.27055903485967,345.0,100964.44,771.62915
79.27055903485967,346.875,100912.7,772.8589
79.27055903485967,348.75,100873.52,775.0926
79.27055903485967,350.625,100840.24,777.86914
79.27055903485967,352.5,100809.83,780.6844
79.27055903485967,354.375,100779.48,783.12683
79.27055903485967,356.25,100750.66,784.9154
79.27055903485967,358.125,100723.33,785.94073
81.13497683767741,0.0,100904.28,771.41516
81.13497683767741,1.875,100892.45,771.95953
81.13497683767741,3.75,100885.33,772.18146
81.13497683767741,5.625,100884.27,772.1579
81.13497683767741,7.5,100888.28,771.95447
81.13497683767741,9.375,100898.6,771.6051
81.13497683767741,11.25,100911.93,771.1419
81.13497683767741,13.125,100928.79,770.6112
81.13497683767741,15.0,100947.44,770.027
81.13497683767741,16.875,100967.08,769.44214
81.13497683767741,18.75,100986.63,768.881
81.13497683767741,20.625,101004.51,768.39874
81.13497683767741,22.5,101023.21,768.03625
81.13497683767741,24.375,101038.82,767.80164
81.13497683767741,26.25,101053.75,767.7167
81.13497683767741,28.125,101068.3,767.7658
81.13497683767741,30.0,101079.76,767.9355
81.13497683767741,31.875,101092.23,768.23773
81.13497683767741,33.75,101103.9,768.6166
81.13497683767741,35.625,101115.98,769.0625
81.13497683767741,37.5,101128.46,769.57404
81.13497683767741,39.375,101141.48,770.1055
81.13497683767741,41.25,101155.8,770.7011
81.13497683767741,43.125,101171.8,771.3396
81.13497683767741,45.0,101187.47,772.0526
81.13497683767741,46.875,101204.17,772.8748
81.13497683767741,48.75,101223.03,773.86957
81.13497683767741,50.625,101239.76,775.0656
81.13497683767741,52.5,101257.88,776.53644
81.13497683767741,54.375,101275.11,778.3531
81.13497683767741,56.25,101292.3,780.5473
81.13497683767741,58.125,101308.88,783.19495
81.13497683767741,60.0,101324.92,786.2838
81.13497683767741,61.875,101340.77,789.8372
81.13497683767741,63.75,101355.38,793.80646
81.13497683767741,65.625,101368.84,798.1492
81.13497683767741,67.5,101383.78,802.8268
81.13497683767741,69.375,101399.02,807.7226
81.13497683767741,71.25,101413.96,812.77
81.13497683767741,73.125,101430.46,817.9001
81.13497683767741,75.0,101449.38,823.05383
81.13497683767741,76.875,101467.05,828.12476
81.13497683767741,78.75,101487.72,833.12427
81.13497683767741,80.625,101509.08,837.98834
81.13497683767741,82.5,101530.36,842.68195
81.13497683767741,84.375,101553.64,847.1945
81.13497683767741,86.25,101576.82,851.51044
81.13497683767741,88.125,101600.08,855.5972
81.13497683767741,90.0,101624.19,859.4869
81.13497683767741,91.875,101647.24,863.1328
81.13497683767741,93.75,101668.44,866.5414
81.13497683767741,95.625,101690.45,869.77094
81.13497683767741,97.5,101709.57,872.7989
81.13497683767741,99.375,101727.83,875.6668
81.13497683767741,101.25,101744.7,878.402
81.13497683767741,103.125,101761.19,881.02185
81.13497683767741,105.0,101775.81,883.52765
81.13497683767741,106.875,101790.32,885.9476
81.13497683767741,108.75,101803.04,888.2455
81.13497683767741,110.625,101814.81,890.4056
81.13497683767741,112.5,101827.84,892.43933
81.13497683767741,114.375,101837.83,894.3111
81.13497683767741,116.25,101849.38,896.03503
81.13497683767741,118.125,101858.22,897.59717
81.13497683767741,120.0,101866.49,899.00916
81.13497683767741,121.875,101874.27,900.2762
81.13497683767741,123.75,101879.41,901.41907
81.13497683767741,125.625,101884.16,902.4641
81.13497683767741,127.5,101887.8,903.44006
81.13497683767741,129.375,101889.12,904.3708
81.13497683767741,131.25,101891.73,905.2923
81.13497683767741,133.125,101892.78,906.2061
81.13497683767741,135.0,101895.49,907.1691
81.13497683767741,136.875,101898.35,908.17334
81.13497683767741,138.75,101903.72,909.2264
81.13497683767741,140.625,101911.44,910.3538
81.13497683767741,142.5,101920.8,911.5139
81.13497683767741,144.375,101932.29,912.7109
81.13497683767741,146.25,101943.88,913.89984
81.13497683767741,148.125,101956.69,915.07745
81.13497683767741,150.0,101970.8,916.2004
81.13497683767741,151.875,101982.13,917.2171
81.13497683767741,153.75,101993.08,918.1234
81.13497683767741,155.625,102000.74,918.8671
81.13497683767741,157.5,102004.47,919.4114
81.13497683767741,159.375,102006.74,919.7466
81.13497683767741,161.25,102004.06,919.805
81.13497683767741,163.125,101999.17,919.60425
81.13497683767741,165.0,101992.62,919.09534
81.13497683767741,166.875,101984.16,918.25256
81.13497683767741,168.75,101975.9,917.0918
81.13497683767741,170.625,101967.38,915.5875
81.13497683767741,172.5,101960.28,913.736
81.13497683767741,174.375,101955.02,911.526
81.13497683767741,176.25,101951.46,908.9642
81.13497683767741,178.125,101949.46,906.04095
81.13497683767741,180.0,101949.28,902.7682
81.13497683767741,181.875,101950.34,899.1371
81.13497683767741,183.75,101951.26,895.142
81.13497683767741,185.625,101952.35,890.7889
81.13497683767741,187.5,101952.38,886.0903
81.13497683767741,189.375,101949.43,881.041
81.13497683767741,191.25,101945.85,875.67737
81.13497683767741,193.125,101937.84,869.99304
81.13497683767741,195.0,101927.44,864.01245
81.13497683767741,196.875,101915.09,857.80176
81.13497683767741,198.75,101899.42,851.3502
81.13497683767741,200.625,101881.25,844.70386
81.13497683767741,202.5,101861.04,837.9029
81.13497683767741,204.375,101840.51,830.9829
81.13497683767741,206.25,101820.52,824.0053
81.13497683767741,208.125,101800.24,816.95557
81.13497683767741,210.0,101782.16,809.8808
81.13497683767741,211.875,101765.9,802.80365
81.13497683767741,213.75,101751.71,795.71295
81.13497683767741,215.625,101739.64,788.60205
81.13497683767741,217.5,101730.02,781.4703
81.13497683767741,219.375,101723.43,774.28125
81.13497683767741,221.25,101716.36,767.0022
81.13497683767741,223.125,101711.8,759.6139
81.13497683767741,225.0,101707.17,752.07605
81.13497683767741,226.875,101700.1,744.32153
81.13497683767741,228.75,101692.68,736.3573
81.13497683767741,230.625,101683.07,728.10986
81.13497683767741,232.5,101669.66,719.5975
81.13497683767741,234.375,101652.79,710.81995
81.13497683767741,236.25,101632.45,701.8127
81.13497683767741,238.125,101609.52,692.65204
81.13497683767741,240.0,101583.09,683.42834
81.13497683767741,241.875,101557.01,674.277
81.13497683767741,243.75,101528.78,665.3485
81.13497683767741,245.625,101501.18,656.80133
81.13497683767741,247.5,101476.35,648.8419
81.13497683767741,249.375,101455.32,641.66833
81.13497683767741,251.25,101436.38,635.4138
81.13497683767741,253.125,101422.64,630.2556
81.13497683767741,255.0,101413.8,626.3021
81.13497683767741,256.875,101409.69,623.6219
81.13497683767741,258.75,101408.73,622.22504
81.13497683767741,260.625,101411.06,622.0493
81.13497683767741,262.5,101416.66,622.95514
81.13497683767741,264.375,101421.26,624.7285
81.13497683767741,266.25,101427.24,627.2104
81.13497683767741,268.125,101432.01,630.13617
81.13497683767741,270.0,101434.69,633.3938
81.13497683767741,271.875,101434.89,636.80396
81.13497683767741,273.75,101431.9,640.24603
81.13497683767741,275.625,101427.92,643.59735
81.13497683767741,277.5,101420.88,646.78534
81.13497683767741,279.375,101413.66,649.7738
81.13497683767741,281.25,101404.62,652.58295
81.13497683767741,283.125,101396.92,655.2682
81.13497683767741,285.0,101388.83,657.9097
81.13497683767741,286.875,101382.2,660.6373
81.13497683767741,288.75,101377.24,663.5308
81.13497683767741,290.625,101373.61,666.6853
81.13497683767741,292.5,101372.68,670.1496
81.13497683767741,294.375,101372.16,673.9114
81.13497683767741,296.25,101372.61,677.91205
81.13497683767741,298.125,101372.06,682.06683
81.13497683767741,300.0,101369.94,686.2447
81.13497683767741,301.875,101367.48,690.3498
81.13497683767741,303.75,101362.3,694.21375
81.13497683767741,305.625,101357.82,697.7696
81.13497683767741,307.5,101351.77,700.94806
81.13497683767741,309.375,101345.26,703.7347
81.13497683767741,311.25,101342.18,706.1764
81.13497683767741,313.125,101340.22,708.31354
81.13497683767741,315.0,101342.87,710.28265
81.13497683767741,316.875,101349.27,712.22424
81.13497683767741,318.75,101359.38,714.24756
81.13497683767741,320.625,101372.6,716.4752
81.13497683767741,322.5,101388.0,718.98566
81.13497683767741,324.375,101402.34,721.8222
81.13497683767741,326.25,101413.89,724.9738
81.13497683767741,328.125,101418.89,728.402
81.13497683767741,330.0,101416.44,732.11865
81.13497683767741,331.875,101405.17,735.91815
81.13497683767741,333.75,101382.15,739.77435
81.13497683767741,335.625,101349.62,743.4007
81.13497683767741,337.5,101309.62,747.32184
81.13497683767741,339.375,101263.08,750.8185
81.13497683767741,341.25,101214.76,753.83325
81.13497683767741,343.125,101167.42,756.09863
81.13497683767741,345.0,101122.56,758.0
81.13497683767741,346.875,101082.03,759.7219
81.13497683767741,348.75,101046.67,761.52936
81.13497683767741,350.625,101016.04,763.5334
81.13497683767741,352.5,100987.15,765.59955
81.13497683767741,354.375,100963.13,767.54315
81.13497683767741,356.25,100939.82,769.1977
81.13497683767741,358.125,100920.13,770.5049
82.99894164283755,0.0,101108.46,765.4708
82.99894164283755,1.875,101102.52,766.49554
82.99894164283755,3.75,101097.54,767.2823
82.99894164283755,5.625,101096.26,767.8841
82.99894164283755,7.5,101095.5,768.29706
82.99894164283755,9.375,101098.2,768.5845
82.99894164283755,11.25,101101.61,768.795
82.99894164283755,13.125,101106.78,768.9608
82.99894164283755,15.0,101115.12,769.1453
82.99894164283755,16.875,101123.37,769.3596
82.99894164283755,18.75,101132.12,769.67694
82.99894164283755,20.625,101142.16,770.1023
82.99894164283755,22.5,101152.16,770.678
82.99894164283755,24.375,101162.95,771.41644
82.99894164283755,26.25,101173.54,772.34607
82.99894164283755,28.125,101185.36,773.45337
82.99894164283755,30.0,101196.68,774.73114
82.99894164283755,31.875,101208.02,776.158
82.99894164283755,33.75,101220.59,777.7396
82.99894164283755,35.625,101232.18,779.42474
82.99894164283755,37.5,101244.98,781.1942
82.99894164283755,39.375,101258.73,783.0442
82.99894164283755,41.25,101273.36,784.9465
82.99894164283755,43.125,101287.42,786.8566
82.99894164283755,45.0,101302.15,788.7898
82.99894164283755,46.875,101317.24,790.74646
82.99894164283755,48.75,101332.26,792.70654
82.99894164283755,50.625,101346.47,794.70013
82.99894164283755,52.5,101361.6,796.7316
82.99894164283755,54.375,101376.28,798.81213
82.99894164283755,56.25,101390.16,800.96564
82.99894164283755,58.125,101403.73,803.2028
82.99894164283755,60.0,101417.08,805.54065
82.99894164283755,61.875,101428.44,807.9849
82.99894164283755,63.75,101439.64,810.5325
82.99894164283755,65.625,101450.73,813.19293
82.99894164283755,67.5,101461.41,815.9592
82.99894164283755,69.375,101472.48,818.8172
82.99894164283755,71.25,101483.24,821.7358
82.99894164283755,73.125,101492.96,824.7187
82.99894164283755,75.0,101502.44,827.7166
82.99894164283755,76.875,101514.06,830.7489
82.99894164283755,78.75,101523.8,833.7502
82.99894164283755,80.625,101534.87,836.75476
82.99894164283755,82.5,101546.9,839.724
82.99894164283755,84.375,101558.68,842.65674
82.99894164283755,86.25,101570.84,845.5414
82.99894164283755,88.125,101584.4,848.3898
82.99894164283755,90.0,101596.67,851.17706
82.99894164283755,91.875,101610.63,853.9311
82.99894164283755,93.75,101625.26,856.6378
82.99894164283755,95.625,101639.58,859.31134
82.99894164283755,97.5,101653.83,861.97
82.99894164283755,99.375,101668.11,864.5937
82.99894164283755,101.25,101682.2,867.2055
82.99894164283755,103.125,101696.98,869.82117
82.99894164283755,105.0,101711.6,872.41376
82.99894164283755,106.875,101726.24,875.00854
82.99894164283755,108.75,101740.72,877.58777
82.99894164283755,110.625,101753.2,880.13165
82.99894164283755,112.5,101767.02,882.669
82.99894164283755,114.375,101779.76,885.15875
82.99894164283755,116.25,101791.56,887.5919
82.99894164283755,118.125,101802.36,889.9637
82.99894164283755,120.0,101811.93,892.252
82.99894164283755,121.875,101821.32,894.47125
82.99894164283755,123.75,101830.1,896.6091
82.99894164283755,125.625,101837.8,898.6522
82.99894164283755,127.5,101845.31,900.5821
82.99894164283755,129.375,101852.28,902.4278
82.99894164283755,131.25,101858.44,904.1739
82.99894164283755,133.125,101865.23,905.82056
82.99894164283755,135.0,101870.25,907.36554
82.99894164283755,136.875,101875.78,908.8077
82.99894164283755,138.75,101881.87,910.16583
82.99894164283755,140.625,101886.48,911.4084
82.99894164283755,142.5,101892.36,912.5559
82.99894164283755,144.375,101897.45,913.59937
82.99894164283755,146.25,101903.06,914.54443
82.99894164283755,148.125,101906.82,915.3504
82.99894164283755,150.0,101910.9,916.02997
82.99894164283755,151.875,101913.34,916.5775
82.99894164283755,153.75,101914.86,916.9736
82.99894164283755,155.625,101915.8,917.2269
82.99894164283755,157.5,101915.83,917.3043
82.99894164283755,159.375,101913.77,917.1883
82.99894164283755,161.25,101910.22,916.8834
82.99894164283755,163.125,101907.47,916.3756
82.99894164283755,165.0,101902.52,915.64166
82.99894164283755,166.875,101898.31,914.6782
82.99894164283755,168.75,101894.14,913.46686
82.99894164283755,170.625,101890.0,912.0224
82.99894164283755,172.5,101885.52,910.29205
82.99894164283755,174.375,101881.63,908.2905
82.99894164283755,176.25,101879.39,906.03595
82.99894164283755,178.125,101876.18,903.4771
82.99894164283755,180.0,101874.2,900.6651
82.99894164283755,181.875,101872.33,897.55774
82.99894164283755,183.75,101870.36,894.1904
82.99894164283755,185.625,101869.04,890.5589
82.99894164283755,187.5,101865.88,886.6633
82.99894164283755,189.375,101861.99,882.5237
82.99894164283755,191.25,101857.78,878.15826
82.99894164283755,193.125,101852.78,873.58453
82.99894164283755,195.0,101845.48,868.80054
82.99894164283755,196.875,101836.0,863.8393
82.99894164283755,198.75,101825.96,858.71783
82.99894164283755,200.625,101815.54,853.46234
82.99894164283755,202.5,101803.54,848.0728
82.99894164283755,204.375,101790.09,842.56464
82.99894164283755,206.25,101778.09,836.9689
82.99894164283755,208.125,101764.92,831.26373
82.99894164283755,210.0,101750.81,825.467
82.99894164283755,211.875,101738.93,819.5582
82.99894164283755,213.75,101726.96,813.5513
82.99894164283755,215.625,101715.48,807.4112
82.99894164283755,217.5,101705.0,801.119
82.99894164283755,219.375,101694.4,794.65765
82.99894164283755,221.25,101683.56,787.99506
82.99894164283755,223.125,101674.36,781.1438
82.99894164283755,225.0,101663.47,774.06006
82.99894164283755,226.875,101653.11,766.7492
82.99894164283755,228.75,101641.14,759.1921
82.99894164283755,230.625,101627.71,751.4235
82.99894164283755,232.5,101613.78,743.46674
82.99894164283755,234.375,101598.36,735.3773
82.99894164283755,236.25,101582.9,727.215
82.99894164283755,238.125,101566.05,719.0203
82.99894164283755,240.0,101548.24,710.9208
82.99894164283755,241.875,101529.64,702.9799
82.99894164283755,243.75,101512.24,695.32117
82.99894164283755,245.625,101495.1,688.0412
82.99894164283755,247.5,101477.89,681.2366
82.99894164283755,249.375,101464.44,675.00964
82.99894164283755,251.25,101450.8,669.4469
82.99894164283755,253.125,101439.6,664.5965
82.99894164283755,255.0,101431.94,660.5452
82.99894164283755,256.875,101424.45,657.2935
82.99894164283755,258.75,101420.12,654.8614
82.99894164283755,260.625,101417.95,653.2445
82.99894164283755,262.5,101417.7,652.3694
82.99894164283755,264.375,101418.72,652.2087
82.99894164283755,266.25,101420.46,652.65063
82.99894164283755,268.125,101423.83,653.57355
82.99894164283755,270.0,101427.53,654.84686
82.99894164283755,271.875,101431.2,656.38837
82.99894164283755,273.75,101434.69,658.11725
82.99894164283755,275.625,101437.53,659.9321
82.99894164283755,277.5,101440.24,661.75653
82.99894164283755,279.375,101441.62,663.53705
82.99894164283755,281.25,101440.6,665.23486
82.99894164283755,283.125,101439.64,666.8602
82.99894164283755,285.0,101437.36,668.4283
82.99894164283755,286.875,101432.2,669.9741
82.99894164283755,288.75,101427.73,671.53534
82.99894164283755,290.625,101419.74,673.1401
82.99894164283755,292.5,101412.51,674.8542
82.99894164283755,294.375,101404.36,676.7077
82.99894164283755,296.25,101395.19,678.70844
82.99894164283755,298.125,101385.64,680.8539
82.99894164283755,300.0,101377.26,683.1516
82.99894164283755,301.875,101368.36,685.5368
82.99894164283755,303.75,101359.45,688.02606
82.99894164283755,305.625,101352.83,690.54193
82.99894164283755,307.5,101346.46,693.07697
82.99894164283755,309.375,101340.38,695.6188
82.99894164283755,311.25,101335.86,698.1346
82.99894164283755,313.125,101333.18,700.6464
82.99894164283755,315.0,101330.96,703.1637
82.99894164283755,316.875,101329.37,705.6953
82.99894164283755,318.75,101329.5,708.2872
82.99894164283755,320.625,101329.93,710.9516
82.99894164283755,322.5,101330.52,713.69574
82.99894164283755,324.375,101329.2,716.5349
82.99894164283755,326.25,101327.56,719.47766
82.99894164283755,328.125,101325.32,722.51746
82.99894164283755,330.0,101320.8,725.602
82.99894164283755,331.875,101313.9,728.79553
82.99894164283755,333.75,101304.32,732.03827
82.99894164283755,335.625,101292.21,735.1147
82.99894164283755,337.5,101278.87,738.15985
82.99894164283755,339.375,101264.84,741.1344
82.99894164283755,341.25,101249.29,744.0732
82.99894164283755,343.125,101232.09,746.8743
82.99894164283755,345.0,101215.54,749.5521
82.99894164283755,346.875,101199.18,752.1296
82.99894164283755,348.75,101182.58,754.57556
82.99894164283755,350.625,101166.66,756.8645
82.99894164283755,352.5,101153.25,759.0187
82.99894164283755,354.375,101139.28,760.9598
82.99894164283755,356.25,101126.95,762.6946
82.99894164283755,358.125,101117.63,764.20856
84.86197029204237,0.0,101225.83,764.72723
84.86197029204237,1.875,101224.12,766.32135
84.86197029204237,3.75,101224.65,767.8223
84.86197029204237,5.625,101225.95,769.24225
84.86197029204237,7.5,101226.24,770.57574
84.86197029204237,9.375,101228.8,771.86365
84.86197029204237,11.25,101232.53,773.1206
84.86197029204237,13.125,101236.08,774.35065
84.86197029204237,15.0,101240.6,775.57745
84.86197029204237,16.875,101245.78,776.8277
84.86197029204237,18.75,101251.27,778.10266
84.86197029204237,20.625,101258.12,779.42957
84.86197029204237,22.5,101264.78,780.81445
84.86197029204237,24.375,101272.64,782.2575
84.86197029204237,26.25,101280.55,783.7711
84.86197029204237,28.125,101290.49,785.3678
84.86197029204237,30.0,101299.2,787.02277
84.86197029204237,31.875,101309.23,788.7551
84.86197029204237,33.75,101319.4,790.5465
84.86197029204237,35.625,101328.76,792.3882
84.86197029204237,37.5,101339.38,794.2835
84.86197029204237,39.375,101350.84,796.2196
84.86197029204237,41.25,101361.48,798.172
84.86197029204237,43.125,101373.88,800.14923
84.86197029204237,45.0,101385.2,802.1356
84.86197029204237,46.875,101395.36,804.0929
84.86197029204237,48.75,101406.94,806.0507
84.86197029204237,50.625,101418.32,807.99805
84.86197029204237,52.5,101429.16,809.9148
84.86197029204237,54.375,101438.88,811.7891
84.86197029204237,56.25,101449.49,813.6599
84.86197029204237,58.125,101460.05,815.50757
84.86197029204237,60.0,101469.4,817.31525
84.86197029204237,61.875,101477.5,819.1057
84.86197029204237,63.75,101486.94,820.8901
84.86197029204237,65.625,101494.51,822.64343
84.86197029204237,67.5,101502.4,824.39154
84.86197029204237,69.375,101509.96,826.14166
84.86197029204237,71.25,101517.74,827.88477
84.86197029204237,73.125,101524.87,829.6335
84.86197029204237,75.0,101531.87,831.368
84.86197029204237,76.875,101539.26,833.1404
84.86197029204237,78.75,101546.24,834.914
84.86197029204237,80.625,101553.42,836.71295
84.86197029204237,82.5,101561.57,838.53107
84.86197029204237,84.375,101568.8,840.36743
84.86197029204237,86.25,101577.48,842.2578
84.86197029204237,88.125,101585.96,844.16974
84.86197029204237,90.0,101595.53,846.144
84.86197029204237,91.875,101604.75,848.1378
84.86197029204237,93.75,101615.13,850.18085
84.86197029204237,95.625,101625.46,852.26404
84.86197029204237,97.5,101635.96,854.3958
84.86197029204237,99.375,101646.92,856.58057
84.86197029204237,101.25,101658.6,858.79553
84.86197029204237,103.125,101669.9,861.0467
84.86197029204237,105.0,101682.47,863.33704
84.86197029204237,106.875,101695.12,865.6513
84.86197029204237,108.75,101706.63,867.9649
84.86197029204237,110.625,101719.82,870.3011
84.86197029204237,112.5,101730.62,872.6126
84.86197029204237,114.375,101743.1,874.9159
84.86197029204237,116.25,101754.38,877.17413
84.86197029204237,118.125,101765.74,879.39703
84.86197029204237,120.0,101775.6,881.5572
84.86197029204237,121.875,101785.16,883.63495
84.86197029204237,123.75,101794.29,885.63403
84.86197029204237,125.625,101802.81,887.5388
84.86197029204237,127.5,101810.68,889.3457
84.86197029204237,129.375,101817.89,891.0176
84.86197029204237,131.25,101823.22,892.5648
84.86197029204237,133.125,101829.65,893.98706
84.86197029204237,135.0,101833.42,895.2632
84.86197029204237,136.875,101836.44,896.39233
84.86197029204237,138.75,101839.39,897.37177
84.86197029204237,140.625,101841.65,898.2148
84.86197029204237,142.5,101842.72,898.893
84.86197029204237,144.375,101843.54,899.43286
84.86197029204237,146.25,101842.32,899.79974
84.86197029204237,148.125,101841.4,900.0399
84.86197029204237,150.0,101840.28,900.12225
84.86197029204237,151.875,101838.31,900.05
84.86197029204237,153.75,101836.04,899.83374
84.86197029204237,155.625,101833.81,899.4957
84.86197029204237,157.5,101830.29,898.98987
84.86197029204237,159.375,101827.98,898.3663
84.86197029204237,161.25,101823.6,897.5892
84.86197029204237,163.125,101820.42,896.6832
84.86197029204237,165.0,101817.26,895.63275
84.86197029204237,166.875,101815.5,894.46454
84.86197029204237,168.75,101812.08,893.13763
84.86197029204237,170.625,101809.44,891.6789
84.86197029204237,172.5,101807.08,890.0851
84.86197029204237,174.375,101805.96,888.34814
84.86197029204237,176.25,101804.28,886.4703
84.86197029204237,178.125,101803.28,884.44525
84.86197029204237,180.0,101802.94,882.2766
84.86197029204237,181.875,101802.24,879.9651
84.86197029204237,183.75,101800.47,877.49384
84.86197029204237,185.625,101800.09,874.878
84.86197029204237,187.5,101799.8,872.12695
84.86197029204237,189.375,101798.74,869.2174
84.86197029204237,191.25,101797.8,866.1737
84.86197029204237,193.125,101795.5,862.9681
84.86197029204237,195.0,101793.44,859.625
84.86197029204237,196.875,101790.76,856.14655
84.86197029204237,198.75,101786.84,852.50525
84.86197029204237,200.625,101782.55,848.733
84.86197029204237,202.5,101777.52,844.8139
84.86197029204237,204.375,101771.39,840.75104
84.86197029204237,206.25,101765.09,836.5511
84.86197029204237,208.125,101758.02,832.2085
84.86197029204237,210.0,101750.83,827.7232
84.86197029204237,211.875,101742.39,823.0859
84.86197029204237,213.75,101732.64,818.2926
84.86197029204237,215.625,101723.86,813.3796
84.86197029204237,217.5,101712.26,808.28827
84.86197029204237,219.375,101701.9,803.0821
84.86197029204237,221.25,101690.66,797.7194
84.86197029204237,223.125,101678.6,792.2412
84.86197029204237,225.0,101665.19,786.62744
84.86197029204237,226.875,101652.12,780.9373
84.86197029204237,228.75,101637.71,775.1441
84.86197029204237,230.625,101624.06,769.30615
84.86197029204237,232.5,101608.68,763.42847
84.86197029204237,234.375,101594.46,757.57745
84.86197029204237,236.25,101578.56,751.7559
84.86197029204237,238.125,101563.87,746.0124
84.86197029204237,240.0,101547.88,740.3809
84.86197029204237,241.875,101534.12,734.9257
84.86197029204237,243.75,101518.38,729.65576
84.86197029204237,245.625,101505.57,724.64984
84.86197029204237,247.5,101491.78,719.9104
84.86197029204237,249.375,101479.64,715.5012
84.86197029204237,251.25,101467.4,711.4374
84.86197029204237,253.125,101457.08,707.7581
84.86197029204237,255.0,101447.67,704.4738
84.86197029204237,256.875,101439.14,701.6083
84.86197029204237,258.75,101432.26,699.15656
84.86197029204237,260.625,101427.16,697.1334
84.86197029204237,262.5,101421.52,695.48755
84.86197029204237,264.375,101417.46,694.2406
84.86197029204237,266.25,101415.61,693.35675
84.86197029204237,268.125,101413.48,692.80255
84.86197029204237,270.0,101412.18,692.54724
84.86197029204237,271.875,101410.6,692.5445
84.86197029204237,273.75,101410.82,692.77454
84.86197029204237,275.625,101409.6,693.18005
84.86197029204237,277.5,101409.44,693.7439
84.86197029204237,279.375,101410.19,694.4199
84.86197029204237,281.25,101409.14,695.1911
84.86197029204237,283.125,101407.97,696.00385
84.86197029204237,285.0,101406.04,696.87463
84.86197029204237,286.875,101403.27,697.7711
84.86197029204237,288.75,101400.39,698.69836
84.86197029204237,290.625,101396.38,699.63745
84.86197029204237,292.5,101392.83,700.5944
84.86197029204237,294.375,101387.24,701.5588
84.86197029204237,296.25,101381.64,702.54364
84.86197029204237,298.125,101374.24,703.5527
84.86197029204237,300.0,101368.1,704.6115
84.86197029204237,301.875,101360.04,705.69147
84.86197029204237,303.75,101353.18,706.82404
84.86197029204237,305.625,101345.92,707.99646
84.86197029204237,307.5,101338.8,709.2291
84.86197029204237,309.375,101331.69,710.5252
84.86197029204237,311.25,101323.78,711.86584
84.86197029204237,313.125,101317.46,713.27234
84.86197029204237,315.0,101311.46,714.7583
84.86197029204237,316.875,101304.76,716.3055
84.86197029204237,318.75,101299.26,717.92535
84.86197029204237,320.625,101294.14,719.63806
84.86197029204237,322.5,101289.86,721.4289
84.86197029204237,324.375,101285.38,723.2963
84.86197029204237,326.25,101282.18,725.2605
84.86197029204237,328.125,101277.37,727.2923
84.86197029204237,330.0,101274.7,729.4299
84.86197029204237,331.875,101270.78,731.6324
84.86197029204237,333.75,101267.55,733.8949
84.86197029204237,335.625,101264.02,736.21545
84.86197029204237,337.5,101260.54,738.58374
84.86197029204237,339.375,101257.42,740.9916
84.86197029204237,341.25,101253.62,743.40704
84.86197029204237,343.125,101250.98,745.83307
84.86197029204237,345.0,101247.38,748.23114
84.86197029204237,346.875,101243.58,750.5819
84.86197029204237,348.75,101240.45,752.8896
84.86197029204237,350.625,101236.32,755.0995
84.86197029204237,352.5,101233.69,757.2366
84.86197029204237,354.375,101230.96,759.27856
84.86197029204237,356.25,101229.25,761.2117
84.86197029204237,358.125,101226.83,763.02026
86.72253095466814,0.0,101362.9,769.6108
86.72253095466814,1.875,101364.04,771.0791
86.72253095466814,3.75,101366.88,772.552
86.72253095466814,5.625,101370.13,774.01416
86.72253095466814,7.5,101372.48,775.4697
86.72253095466814,9.375,101376.62,776.9222
86.72253095466814,11.25,101379.72,778.3807
86.72253095466814,13.125,101384.42,779.83527
86.72253095466814,15.0,101387.77,781.2714
86.72253095466814,16.875,101392.32,782.73114
86.72253095466814,18.75,101397.8,784.18756
86.72253095466814,20.625,101402.65,785.64374
86.72253095466814,22.5,101407.94,787.0938
86.72253095466814,24.375,101413.43,788.5588
86.72253095466814,26.25,101418.87,790.01105
86.72253095466814,28.125,101425.41,791.4742
86.72253095466814,30.0,101431.47,792.9352
86.72253095466814,31.875,101436.87,794.4029
86.72253095466814,33.75,101444.17,795.872
86.72253095466814,35.625,101450.53,797.34814
86.72253095466814,37.5,101457.18,798.82184
86.72253095466814,39.375,101462.66,800.27594
86.72253095466814,41.25,101469.64,801.738
86.72253095466814,43.125,101476.73,803.2036
86.72253095466814,45.0,101482.46,804.6577
86.72253095466814,46.875,101489.57,806.1109
86.72253095466814,48.75,101496.6,807.5587
86.72253095466814,50.625,101502.12,808.9907
86.72253095466814,52.5,101508.81,810.4217
86.72253095466814,54.375,101515.22,811.8371
86.72253095466814,56.25,101521.2,813.2573
86.72253095466814,58.125,101528.0,814.6654
86.72253095466814,60.0,101534.06,816.0656
86.72253095466814,61.875,101539.2,817.4485
86.72253095466814,63.75,101545.91,818.83704
86.72253095466814,65.625,101551.2,820.2222
86.72253095466814,67.5,101557.52,821.6066
86.72253095466814,69.375,101563.22,822.9844
86.72253095466814,71.25,101567.96,824.35443
86.72253095466814,73.125,101574.17,825.7333
86.72253095466814,75.0,101578.74,827.11017
86.72253095466814,76.875,101584.12,828.4892
86.72253095466814,78.75,101589.94,829.8752
86.72253095466814,80.625,101595.88,831.26953
86.72253095466814,82.5,101600.3,832.6682
86.72253095466814,84.375,101606.98,834.08344
86.72253095466814,86.25,101611.6,835.4898
86.72253095466814,88.125,101618.01,836.9187
86.72253095466814,90.0,101623.29,838.35144
86.72253095466814,91.875,101628.63,839.78503
86.72253095466814,93.75,101635.33,841.23944
86.72253095466814,95.625,101640.52,842.68304
86.72253095466814,97.5,101646.92,844.13965
86.72253095466814,99.375,101653.15,845.5988
86.72253095466814,101.25,101657.85,847.0427
86.72253095466814,103.125,101663.85,848.4842
86.72253095466814,105.0,101669.9,849.9245
86.72253095466814,106.875,101676.12,851.35065
86.72253095466814,108.75,101681.28,852.7473
86.72253095466814,110.625,101687.0,854.12805
86.72253095466814,112.5,101692.1,855.481
86.72253095466814,114.375,101698.22,856.81946
86.72253095466814,116.25,101702.87,858.0926
86.72253095466814,118.125,101707.74,859.32935
86.72253095466814,120.0,101711.78,860.51904
86.72253095466814,121.875,101715.3,861.65186
86.72253095466814,123.75,101720.06,862.72876
86.72253095466814,125.625,101723.64,863.73114
86.72253095466814,127.5,101726.41,864.65674
86.72253095466814,129.375,101728.79,865.5188
86.72253095466814,131.25,101731.14,866.28534
86.72253095466814,133.125,101732.46,866.97186
86.72253095466814,135.0,101734.55,867.5807
86.72253095466814,136.875,101734.98,868.08026
86.72253095466814,138.75,101736.9,868.49884
86.72253095466814,140.625,101736.48,868.80566
86.72253095466814,142.5,101736.83,869.0269
86.72253095466814,144.375,101736.84,869.1502
86.72253095466814,146.25,101735.38,869.16376
86.72253095466814,148.125,101735.44,869.09564
86.72253095466814,150.0,101734.4,868.90704
86.72253095466814,151.875,101732.38,868.6187
86.72253095466814,153.75,101730.84,868.25165
86.72253095466814,155.625,101729.8,867.78955
86.72253095466814,157.5,101727.83,867.2283
86.72253095466814,159.375,101726.24,866.5738
86.72253095466814,161.25,101724.88,865.8322
86.72253095466814,163.125,101723.6,865.00696
86.72253095466814,165.0,101722.16,864.0867
86.72253095466814,166.875,101720.34,863.0829
86.72253095466814,168.75,101719.26,861.9966
86.72253095466814,170.625,101718.66,860.83167
86.72253095466814,172.5,101716.84,859.5683
86.72253095466814,174.375,101714.94,858.23364
86.72253095466814,176.25,101714.11,856.8127
86.72253095466814,178.125,101712.72,855.31384
86.72253095466814,180.0,101711.98,853.7364
86.72253095466814,181.875,101711.72,852.0844
86.72253095466814,183.75,101710.5,850.3448
86.72253095466814,185.625,101709.59,848.5267
86.72253095466814,187.5,101707.64,846.61914
86.72253095466814,189.375,101707.46,844.64984
86.72253095466814,191.25,101704.96,842.5855
86.72253095466814,193.125,101704.46,840.4511
86.72253095466814,195.0,101701.97,838.22174
86.72253095466814,196.875,101700.42,835.91846
86.72253095466814,198.75,101698.63,833.54333
86.72253095466814,200.625,101695.43,831.0773
86.72253095466814,202.5,101692.37,828.5355
86.72253095466814,204.375,101689.63,825.91547
86.72253095466814,206.25,101685.94,823.2288
86.72253095466814,208.125,101681.39,820.46136
86.72253095466814,210.0,101677.34,817.62244
86.72253095466814,211.875,101672.38,814.71826
86.72253095466814,213.75,101666.36,811.75256
86.72253095466814,215.625,101660.46,808.72614
86.72253095466814,217.5,101654.38,805.6529
86.72253095466814,219.375,101647.7,802.5274
86.72253095466814,221.25,101641.38,799.36835
86.72253095466814,223.125,101633.47,796.1668
86.72253095466814,225.0,101626.16,792.9568
86.72253095466814,226.875,101618.8,789.7318
86.72253095466814,228.75,101610.71,786.5009
86.72253095466814,230.625,101602.6,783.274
86.72253095466814,232.5,101593.75,780.0735
86.72253095466814,234.375,101584.94,776.89307
86.72253095466814,236.25,101575.56,773.77014
86.72253095466814,238.125,101567.88,770.7015
86.72253095466814,240.0,101558.68,767.6925
86.72253095466814,241.875,101550.43,764.7696
86.72253095466814,243.75,101541.58,761.9292
86.72253095466814,245.625,101533.5,759.1969
86.72253095466814,247.5,101526.28,756.57684
86.72253095466814,249.375,101518.81,754.0797
86.72253095466814,251.25,101510.17,751.7093
86.72253095466814,253.125,101503.69,749.4775
86.72253095466814,255.0,101497.34,747.38696
86.72253095466814,256.875,101490.56,745.43463
86.72253095466814,258.75,101484.28,743.6392
86.72253095466814,260.625,101479.53,741.9973
86.72253095466814,262.5,101474.61,740.4945
86.72253095466814,264.375,101469.2,739.1477
86.72253095466814,266.25,101464.4,737.94507
86.72253095466814,268.125,101461.2,736.8951
86.72253095466814,270.0,101456.42,735.96533
86.72253095466814,271.875,101453.65,735.18115
86.72253095466814,273.75,101449.47,734.50134
86.72253095466814,275.625,101447.24,733.9684
86.72253095466814,277.5,101444.58,733.5368
86.72253095466814,279.375,101441.73,733.2005
86.72253095466814,281.25,101438.77,732.95874
86.72253095466814,283.125,101435.59,732.8084
86.72253095466814,285.0,101433.27,732.7349
86.72253095466814,286.875,101431.38,732.7483
86.72253095466814,288.75,101427.94,732.8128
86.72253095466814,290.625,101426.37,732.9503
86.72253095466814,292.5,101423.12,733.1426
86.72253095466814,294.375,101420.02,733.3821
86.72253095466814,296.25,101417.52,733.68445
86.72253095466814,298.125,101414.64,734.0337
86.72253095466814,300.0,101411.78,734.42017
86.72253095466814,301.875,101409.34,734.862
86.72253095466814,303.75,101405.04,735.33466
86.72253095466814,305.625,101402.14,735.8661
86.72253095466814,307.5,101399.87,736.4363
86.72253095466814,309.375,101396.14,737.0604
86.72253095466814,311.25,101393.16,737.73004
86.72253095466814,313.125,101389.03,738.4262
86.72253095466814,315.0,101386.18,739.20325
86.72253095466814,316.875,101382.95,740.0142
86.72253095466814,318.75,101380.59,740.8763
86.72253095466814,320.625,101377.71,741.78723
86.72253095466814,322.5,101374.38,742.75494
86.72253095466814,324.375,101372.14,743.7654
86.72253095466814,326.25,101369.92,744.8457
86.72253095466814,328.125,101366.64,745.95355
86.72253095466814,330.0,101365.52,747.11786
86.72253095466814,331.875,101362.91,748.3229
86.72253095466814,333.75,101360.7,749.5711
86.72253095466814,335.625,101359.51,750.86096
86.72253095466814,337.5,101358.56,752.1915
86.72253095466814,339.375,101357.12,753.55194
86.72253095466814,341.25,101355.84,754.93494
86.72253095466814,343.125,101355.38,756.34576
86.72253095466814,345.0,101355.03,757.791
86.72253095466814,346.875,101355.4,759.24615
86.72253095466814,348.75,101355.75,760.7149
86.72253095466814,350.625,101355.28,762.17896
86.72253095466814,352.5,101357.26,763.6754
86.72253095466814,354.375,101358.06,765.1565
86.72253095466814,356.25,101359.5,766.64746
86.72253095466814,358.125,101360.56,768.1305
88.57216851400727,0.0,101497.56,782.01654
88.57216851400727,1.875,101499.62,782.72595
88.57216851400727,3.75,101501.39,783.45825
88.57216851400727,5.625,101502.93,784.1982
88.57216851400727,7.5,101504.25,784.9449
88.57216851400727,9.375,101505.41,785.6921
88.57216851400727,11.25,101507.8,786.46204
88.57216851400727,13.125,101508.69,787.22473
88.57216851400727,15.0,101510.84,788.0168
88.57216851400727,16.875,101512.88,788.80615
88.57216851400727,18.75,101514.81,789.5978
88.57216851400727,20.625,101516.61,790.38983
88.57216851400727,22.5,101519.66,791.20685
88.57216851400727,24.375,101521.2,791.9986
88.57216851400727,26.25,101523.93,792.8256
88.57216851400727,28.125,101525.06,793.63434
88.57216851400727,30.0,101527.35,794.45056
88.57216851400727,31.875,101530.73,795.2875
88.57216851400727,33.75,101532.38,796.0946
88.57216851400727,35.625,101535.02,796.9314
88.57216851400727,37.5,101537.22,797.75397
88.57216851400727,39.375,101538.92,798.5845
88.57216851400727,41.25,101541.4,799.40625
88.57216851400727,43.125,101544.64,800.2357
88.57216851400727,45.0,101547.16,801.06757
88.57216851400727,46.875,101548.88,801.89
88.57216851400727,48.75,101551.11,802.71954
88.57216851400727,50.625,101553.78,803.53156
88.57216851400727,52.5,101555.4,804.35767
88.57216851400727,54.375,101558.66,805.1781
88.57216851400727,56.25,101560.71,805.9815
88.57216851400727,58.125,101562.86,806.8022
88.57216851400727,60.0,101564.98,807.6044
88.57216851400727,61.875,101567.04,808.3995
88.57216851400727,63.75,101570.28,809.20654
88.57216851400727,65.625,101571.89,809.99274
88.57216851400727,67.5,101574.54,810.78625
88.57216851400727,69.375,101576.75,811.5653
88.57216851400727,71.25,101578.47,812.33136
88.57216851400727,73.125,101580.97,813.1045
88.57216851400727,75.0,101582.82,813.86096
88.57216851400727,76.875,101585.32,814.60767
88.57216851400727,78.75,101587.02,815.35
88.57216851400727,80.625,101589.27,816.0792
88.57216851400727,82.5,101590.61,816.80634
88.57216851400727,84.375,101592.34,817.5123
88.57216851400727,86.25,101594.48,818.2128
88.57216851400727,88.125,101595.57,818.90674
88.57216851400727,90.0,101598.36,819.5769
88.57216851400727,91.875,101600.03,820.23566
88.57216851400727,93.75,101600.6,820.87823
88.57216851400727,95.625,101602.8,821.5181
88.57216851400727,97.5,101603.89,822.12195
88.57216851400727,99.375,101605.22,822.71045
88.57216851400727,101.25,101606.81,823.2913
88.57216851400727,103.125,101608.69,823.8604
88.57216851400727,105.0,101609.5,824.39325
88.57216851400727,106.875,101610.64,824.9155
88.57216851400727,108.75,101612.16,825.4168
88.57216851400727,110.625,101612.72,825.89197
88.57216851400727,112.5,101613.74,826.3396
88.57216851400727,114.375,101615.28,826.765
88.57216851400727,116.25,101616.02,827.16437
88.57216851400727,118.125,101617.41,827.5502
88.57216851400727,120.0,101618.14,827.9013
88.57216851400727,121.875,101618.26,828.2124
88.57216851400727,123.75,101619.24,828.5012
88.57216851400727,125.625,101619.77,828.765
88.57216851400727,127.5,101619.92,828.9953
88.57216851400727,129.375,101619.81,829.1865
88.57216851400727,131.25,101620.86,829.36035
88.57216851400727,133.125,101620.4,829.4916
88.57216851400727,135.0,101619.9,829.5877
88.57216851400727,136.875,101620.8,829.6634
88.57216851400727,138.75,101620.43,829.69104
88.57216851400727,140.625,101620.24,829.6893
88.57216851400727,142.5,101620.31,829.64746
88.57216851400727,144.375,101620.7,829.5827
88.57216851400727,146.25,101620.09,829.47955
88.57216851400727,148.125,101619.93,829.32526
88.57216851400727,150.0,101618.9,829.13556
88.57216851400727,151.875,101618.42,828.92944
88.57216851400727,153.75,101618.56,828.67883
88.57216851400727,155.625,101617.96,828.38916
88.57216851400727,157.5,101616.66,828.0572
88.57216851400727,159.375,101616.09,827.70087
88.57216851400727,161.25,101614.87,827.2944
88.57216851400727,163.125,101614.44,826.8631
88.57216851400727,165.0,101613.4,826.39215
88.57216851400727,166.875,101613.18,825.8909
88.57216851400727,168.75,101612.36,825.34735
88.57216851400727,170.625,101610.98,824.7739
88.57216851400727,172.5,101610.39,824.17096
88.57216851400727,174.375,101609.22,823.5286
88.57216851400727,176.25,101608.82,822.8589
88.57216851400727,178.125,101607.82,822.15826
88.57216851400727,180.0,101606.18,821.4139
88.57216851400727,181.875,101605.24,820.64746
88.57216851400727,183.75,101603.63,819.84576
88.57216851400727,185.625,101602.67,819.0229
88.57216851400727,187.5,101600.92,818.16583
88.57216851400727,189.375,101599.78,817.27856
88.57216851400727,191.25,101599.17,816.3724
88.57216851400727,193.125,101597.66,815.4392
88.57216851400727,195.0,101595.2,814.4711
88.57216851400727,196.875,101594.5,813.49146
88.57216851400727,198.75,101592.76,812.48065
88.57216851400727,200.625,101591.3,811.4617
88.57216851400727,202.5,101590.06,810.41235
88.57216851400727,204.375,101587.58,809.3433
88.57216851400727,206.25,101586.57,808.26495
88.57216851400727,208.125,101584.2,807.16644
88.57216851400727,210.0,101581.8,806.0504
88.57216851400727,211.875,101580.66,804.93774
88.57216851400727,213.75,101577.98,803.7986
88.57216851400727,215.625,101576.44,802.6647
88.57216851400727,217.5,101574.6,801.5239
88.57216851400727,219.375,101572.38,800.3614
88.57216851400727,221.25,101569.72,799.208
88.57216851400727,223.125,101567.97,798.05695
88.57216851400727,225.0,101565.67,796.89386
88.57216851400727,226.875,101562.76,795.7369
88.57216851400727,228.75,101560.59,794.5955
88.57216851400727,230.625,101559.1,793.4623
88.57216851400727,232.5,101556.85,792.3262
88.57216851400727,234.375,101553.84,791.20514
88.57216851400727,236.25,101551.4,790.0942
88.57216851400727,238.125,101549.52,788.9985
88.57216851400727,240.0,101546.78,787.9261
88.57216851400727,241.875,101544.57,786.8628
88.57216851400727,243.75,101542.88,785.8262
88.57216851400727,245.625,101540.31,784.8124
88.57216851400727,247.5,101538.28,783.82825
88.57216851400727,249.375,101535.38,782.8505
88.57216851400727,251.25,101533.04,781.9056
88.57216851400727,253.125,101531.3,780.994
88.57216851400727,255.0,101528.76,780.1045
88.57216851400727,256.875,101526.88,779.2555
88.57216851400727,258.75,101524.28,778.4299
88.57216851400727,260.625,101522.38,777.6487
88.57216851400727,262.5,101521.27,776.8946
88.57216851400727,264.375,101519.55,776.17426
88.57216851400727,266.25,101517.3,775.4812
88.57216851400727,268.125,101515.92,774.836
88.57216851400727,270.0,101514.09,774.2182
88.57216851400727,271.875,101511.84,773.6426
88.57216851400727,273.75,101510.58,773.0996
88.57216851400727,275.625,101508.98,772.59705
88.57216851400727,277.5,101507.06,772.1219
88.57216851400727,279.375,101506.24,771.6963
88.57216851400727,281.25,101503.76,771.28577
88.57216851400727,283.125,101502.42,770.93463
88.57216851400727,285.0,101500.85,770.59674
88.57216851400727,286.875,101500.44,770.32556
88.57216851400727,288.75,101498.44,770.06244
88.57216851400727,290.625,101497.59,769.85614
88.57216851400727,292.5,101496.54,769.665
88.57216851400727,294.375,101495.26,769.5201
88.57216851400727,296.25,101495.14,769.4141
88.57216851400727,298.125,101493.41,769.3402
88.57216851400727,300.0,101492.82,769.28925
88.57216851400727,301.875,101491.97,769.2883
88.57216851400727,303.75,101490.87,769.3023
88.57216851400727,305.625,101490.87,769.3523
88.57216851400727,307.5,101489.22,769.42834
88.57216851400727,309.375,101488.66,769.54846
88.57216851400727,311.25,101489.2,769.6961
88.57216851400727,313.125,101488.08,769.86676
88.57216851400727,315.0,101488.07,770.0739
88.57216851400727,316.875,101487.79,770.3113
88.57216851400727,318.75,101487.25,770.567
88.57216851400727,320.625,101486.48,770.8436
88.57216851400727,322.5,101486.88,771.17145
88.57216851400727,324.375,101485.73,771.50305
88.57216851400727,326.25,101485.82,771.87537
88.57216851400727,328.125,101485.82,772.2658
88.57216851400727,330.0,101485.78,772.67346
88.57216851400727,331.875,101485.72,773.1079
88.57216851400727,333.75,101487.1,773.57874
88.57216851400727,335.625,101487.21,774.0635
88.57216851400727,337.5,101487.53,774.5681
88.57216851400727,339.375,101488.08,775.0931
88.57216851400727,341.25,101487.56,775.6318
88.57216851400727,343.125,101488.81,776.19226
88.57216851400727,345.0,101489.14,776.7775
88.57216851400727,346.875,101490.02,777.3776
88.57216851400727,348.75,101491.48,778.0056
88.57216851400727,350.625,101492.26,778.63086
88.57216851400727,352.5,101492.4,779.2698
88.57216851400727,354.375,101494.72,779.9454
88.57216851400727,356.25,101495.18,780.6177
88.57216851400727,358.125,101496.56,781.3116
