latitude,longitude,mean_precipitation,uncertainty_std
-88.57216851400727,0.0,1.3572053e-06,5.95342e-07
-88.57216851400727,1.875,1.3638435e-06,6.00606e-07
-88.57216851400727,3.75,1.3716707e-06,6.059672e-07
-88.57216851400727,5.625,1.3807119e-06,6.135921e-07
-88.57216851400727,7.5,1.3909297e-06,6.2217083e-07
-88.57216851400727,9.375,1.4037608e-06,6.35021e-07
-88.57216851400727,11.25,1.4159792e-06,6.4706455e-07
-88.57216851400727,13.125,1.4218327e-06,6.4882863e-07
-88.57216851400727,15.0,1.4317286e-06,6.513733e-07
-88.57216851400727,16.875,1.4453639e-06,6.613991e-07
-88.57216851400727,18.75,1.4667254e-06,6.891808e-07
-88.57216851400727,20.625,1.4835946e-06,7.0647695e-07
-88.57216851400727,22.5,1.4998908e-06,7.170435e-07
-88.57216851400727,24.375,1.5157972e-06,7.3388213e-07
-88.57216851400727,26.25,1.5330478e-06,7.5242696e-07
-88.57216851400727,28.125,1.5510661e-06,7.64008e-07
-88.57216851400727,30.0,1.5697968e-06,7.752295e-07
-88.57216851400727,31.875,1.5883093e-06,7.865422e-07
-88.57216851400727,33.75,1.6111054e-06,8.015155e-07
-88.57216851400727,35.625,1.6259428e-06,8.1050365e-07
-88.57216851400727,37.5,1.6413286e-06,8.199612e-07
-88.57216851400727,39.375,1.6590569e-06,8.3328416e-07
-88.57216851400727,41.25,1.6742115e-06,8.492495e-07
-88.57216851400727,43.125,1.6892135e-06,8.5706336e-07
-88.57216851400727,45.0,1.7037594e-06,8.712482e-07
-88.57216851400727,46.875,1.7204541e-06,8.8202535e-07
-88.57216851400727,48.75,1.7348779e-06,8.915183e-07
-88.57216851400727,50.625,1.7530501e-06,9.171133e-07
-88.57216851400727,52.5,1.7602125e-06,9.2251946e-07
-88.57216851400727,54.375,1.7724399e-06,9.295015e-07
-88.57216851400727,56.25,1.7825988e-06,9.3786736e-07
-88.57216851400727,58.125,1.7892971e-06,9.423671e-07
-88.57216851400727,60.0,1.801201e-06,9.46243e-07
-88.57216851400727,61.875,1.8076297e-06,9.533662e-07
-88.57216851400727,63.75,1.8132577e-06,9.53548e-07
-88.57216851400727,65.625,1.8213673e-06,9.545505e-07
-88.57216851400727,67.5,1.8215698e-06,9.550263e-07
-88.57216851400727,69.375,1.8263515e-06,9.553545e-07
-88.57216851400727,71.25,1.8268715e-06,9.531759e-07
-88.57216851400727,73.125,1.8257425e-06,9.416003e-07
-88.57216851400727,75.0,1.833098e-06,9.568703e-07
-88.57216851400727,76.875,1.8340074e-06,9.563308e-07
-88.57216851400727,78.75,1.8303986e-06,9.549705e-07
-88.57216851400727,80.625,1.8289347e-06,9.551261e-07
-88.57216851400727,82.5,1.8199594e-06,9.4347115e-07
-88.57216851400727,84.375,1.8239111e-06,9.4419164e-07
-88.57216851400727,86.25,1.8236777e-06,9.429562e-07
-88.57216851400727,88.125,1.8242049e-06,9.457832e-07
-88.57216851400727,90.0,1.816397e-06,9.4726107e-07
-88.57216851400727,91.875,1.8182687e-06,9.5117855e-07
-88.57216851400727,93.75,1.8192234e-06,9.486461e-07
-88.57216851400727,95.625,1.8177718e-06,9.5056754e-07
-88.57216851400727,97.5,1.8237191e-06,9.561767e-07
-88.57216851400727,99.375,1.8287781e-06,9.616447e-07
-88.57216851400727,101.25,1.8382167e-06,9.692396e-07
-88.57216851400727,103.125,1.847496e-06,9.768045e-07
-88.57216851400727,105.0,1.8538601e-06,9.927077e-07
-88.57216851400727,106.875,1.8607772e-06,1.0035249e-06
-88.57216851400727,108.75,1.8720966e-06,1.0171725e-06
-88.57216851400727,110.625,1.882876e-06,1.0205678e-06
-88.57216851400727,112.5,1.8962154e-06,1.0332895e-06
-88.57216851400727,114.375,1.90861e-06,1.0528275e-06
-88.57216851400727,116.25,1.9260601e-06,1.0656549e-06
-88.57216851400727,118.125,1.9464908e-06,1.0906028e-06
-88.57216851400727,120.0,1.9719193e-06,1.1229056e-06
-88.57216851400727,121.875,1.9900012e-06,1.1397507e-06
-88.57216851400727,123.75,2.0060322e-06,1.1512624e-06
-88.57216851400727,125.625,2.0374766e-06,1.1854828e-06
-88.57216851400727,127.5,2.0569685e-06,1.2206964e-06
-88.57216851400727,129.375,2.0763657e-06,1.2445539e-06
-88.57216851400727,131.25,2.0944537e-06,1.257438e-06
-88.57216851400727,133.125,2.10904e-06,1.2668963e-06
-88.57216851400727,135.0,2.127864e-06,1.3003272e-06
-88.57216851400727,136.875,2.1362935e-06,1.3151125e-06
-88.57216851400727,138.75,2.13461e-06,1.3017572e-06
-88.57216851400727,140.625,2.1452374e-06,1.3134621e-06
-88.57216851400727,142.5,2.1454541e-06,1.3233249e-06
-88.57216851400727,144.375,2.1416554e-06,1.3080402e-06
-88.57216851400727,146.25,2.1442027e-06,1.3184624e-06
-88.57216851400727,148.125,2.1294252e-06,1.3034434e-06
-88.57216851400727,150.0,2.1166763e-06,1.2939475e-06
-88.57216851400727,151.875,2.1022834e-06,1.296991e-06
-88.57216851400727,153.75,2.0937755e-06,1.2953476e-06
-88.57216851400727,155.625,2.067433e-06,1.2723309e-06
-88.57216851400727,157.5,2.046907e-06,1.2555678e-06
-88.57216851400727,159.375,2.0201628e-06,1.232674e-06
-88.57216851400727,161.25,1.993623e-06,1.2087643e-06
-88.57216851400727,163.125,1.9654692e-06,1.1917734e-06
-88.57216851400727,165.0,1.9319746e-06,1.1558589e-06
-88.57216851400727,166.875,1.8868467e-06,1.1141454e-06
-88.57216851400727,168.75,1.8591768e-06,1.092747e-06
-88.57216851400727,170.625,1.824168e-06,1.0775927e-06
-88.57216851400727,172.5,1.7964234e-06,1.0552653e-06
-88.57216851400727,174.375,1.7526202e-06,9.99996e-07
-88.57216851400727,176.25,1.719929e-06,9.805618e-07
-88.57216851400727,178.125,1.683913e-06,9.51741e-07
-88.57216851400727,180.0,1.6558561e-06,9.368268e-07
-88.57216851400727,181.875,1.6278374e-06,9.1442865e-07
-88.57216851400727,183.75,1.6027749e-06,8.965416e-07
-88.57216851400727,185.625,1.5691573e-06,8.5395806e-07
-88.57216851400727,187.5,1.5476576e-06,8.361256e-07
-88.57216851400727,189.375,1.5281844e-06,8.201079e-07
-88.57216851400727,191.25,1.5077056e-06,8.001284e-07
-88.57216851400727,193.125,1.4952026e-06,7.9299303e-07
-88.57216851400727,195.0,1.4840148e-06,7.782831e-07
-88.57216851400727,196.875,1.4663709e-06,7.6829303e-07
-88.57216851400727,198.75,1.454931e-06,7.582279e-07
-88.57216851400727,200.625,1.438295e-06,7.403859e-07
-88.57216851400727,202.5,1.4265413e-06,7.3194417e-07
-88.57216851400727,204.375,1.419253e-06,7.2260855e-07
-88.57216851400727,206.25,1.4086526e-06,7.0982554e-07
-88.57216851400727,208.125,1.4014906e-06,7.0168284e-07
-88.57216851400727,210.0,1.3962075e-06,6.964975e-07
-88.57216851400727,211.875,1.3954866e-06,6.9417484e-07
-88.57216851400727,213.75,1.3907764e-06,6.8661586e-07
-88.57216851400727,215.625,1.3856621e-06,6.7779575e-07
-88.57216851400727,217.5,1.3849063e-06,6.7399276e-07
-88.57216851400727,219.375,1.3816448e-06,6.669264e-07
-88.57216851400727,221.25,1.3776411e-06,6.603751e-07
-88.57216851400727,223.125,1.3725331e-06,6.529528e-07
-88.57216851400727,225.0,1.369245e-06,6.508932e-07
-88.57216851400727,226.875,1.3657943e-06,6.481033e-07
-88.57216851400727,228.75,1.3624958e-06,6.378588e-07
-88.57216851400727,230.625,1.3601876e-06,6.2892286e-07
-88.57216851400727,232.5,1.3613359e-06,6.330423e-07
-88.57216851400727,234.375,1.3560083e-06,6.264786e-07
-88.57216851400727,236.25,1.3523298e-06,6.24782e-07
-88.57216851400727,238.125,1.3487011e-06,6.207205e-07
-88.57216851400727,240.0,1.3493866e-06,6.18952e-07
-88.57216851400727,241.875,1.3468722e-06,6.164661e-07
-88.57216851400727,243.75,1.3458429e-06,6.1235886e-07
-88.57216851400727,245.625,1.3416701e-06,6.047159e-07
-88.57216851400727,247.5,1.3377311e-06,6.002833e-07
-88.57216851400727,249.375,1.3335157e-06,5.934795e-07
-88.57216851400727,251.25,1.331335e-06,5.909612e-07
-88.57216851400727,253.125,1.328597e-06,5.859618e-07
-88.57216851400727,255.0,1.325852e-06,5.833093e-07
-88.57216851400727,256.875,1.3224775e-06,5.780166e-07
-88.57216851400727,258.75,1.3190183e-06,5.7549886e-07
-88.57216851400727,260.625,1.3173424e-06,5.7543133e-07
-88.57216851400727,262.5,1.3119894e-06,5.7028683e-07
-88.57216851400727,264.375,1.3090835e-06,5.666263e-07
-88.57216851400727,266.25,1.3063601e-06,5.631828e-07
-88.57216851400727,268.125,1.3025837e-06,5.606733e-07
-88.57216851400727,270.0,1.3007764e-06,5.562323e-07
-88.57216851400727,271.875,1.2966287e-06,5.5184444e-07
-88.57216851400727,273.75,1.2927641e-06,5.4841786e-07
-88.57216851400727,275.625,1.2920984e-06,5.469158e-07
-88.57216851400727,277.5,1.289571e-06,5.462021e-07
-88.57216851400727,279.375,1.2869433e-06,5.447333e-07
-88.57216851400727,281.25,1.2834047e-06,5.4081164e-07
-88.57216851400727,283.125,1.2794178e-06,5.3817473e-07
-88.57216851400727,285.0,1.2772913e-06,5.3538497e-07
-88.57216851400727,286.875,1.2735704e-06,5.293999e-07
-88.57216851400727,288.75,1.2713779e-06,5.291661e-07
-88.57216851400727,290.625,1.2678493e-06,5.254148e-07
-88.57216851400727,292.5,1.2677256e-06,5.264585e-07
-88.57216851400727,294.375,1.2663706e-06,5.266384e-07
-88.57216851400727,296.25,1.2665498e-06,5.265184e-07
-88.57216851400727,298.125,1.2666867e-06,5.2623466e-07
-88.57216851400727,300.0,1.2665121e-06,5.2632873e-07
-88.57216851400727,301.875,1.2648691e-06,5.239289e-07
-88.57216851400727,303.75,1.2645927e-06,5.2278926e-07
-88.57216851400727,305.625,1.265563e-06,5.2404283e-07
-88.57216851400727,307.5,1.2663597e-06,5.2430613e-07
-88.57216851400727,309.375,1.2698138e-06,5.292078e-07
-88.57216851400727,311.25,1.2694669e-06,5.2826323e-07
-88.57216851400727,313.125,1.2702701e-06,5.29004e-07
-88.57216851400727,315.0,1.2714048e-06,5.297015e-07
-88.57216851400727,316.875,1.2727563e-06,5.309682e-07
-88.57216851400727,318.75,1.2727106e-06,5.3161716e-07
-88.57216851400727,320.625,1.2736662e-06,5.3117725e-07
-88.57216851400727,322.5,1.2748643e-06,5.320015e-07
-88.57216851400727,324.375,1.275766e-06,5.3339e-07
-88.57216851400727,326.25,1.2771619e-06,5.3524536e-07
-88.57216851400727,328.125,1.2789933e-06,5.3643345e-07
-88.57216851400727,330.0,1.2806039e-06,5.372529e-07
-88.57216851400727,331.875,1.2833926e-06,5.39893e-07
-88.57216851400727,333.75,1.2852572e-06,5.406396e-07
-88.57216851400727,335.625,1.2882791e-06,5.421692e-07
-88.57216851400727,337.5,1.2913322e-06,5.435378e-07
-88.57216851400727,339.375,1.2944786e-06,5.443129e-07
-88.57216851400727,341.25,1.2974679e-06,5.468644e-07
-88.57216851400727,343.125,1.3032944e-06,5.524739e-07
-88.57216851400727,345.0,1.3068611e-06,5.560016e-07
-88.57216851400727,346.875,1.3104781e-06,5.587963e-07
-88.57216851400727,348.75,1.3178608e-06,5.6564687e-07
-88.57216851400727,350.625,1.3243822e-06,5.7033645e-07
-88.57216851400727,352.5,1.3302252e-06,5.771262e-07
-88.57216851400727,354.375,1.335433e-06,5.807357e-07
-88.57216851400727,356.25,1.3418512e-06,5.8344e-07
-88.57216851400727,358.125,1.3499483e-06,5.88867e-07
-86.72253095466814,0.0,1.5547516e-06,9.425316e-07
-86.72253095466814,1.875,1.5997736e-06,9.464317e-07
-86.72253095466814,3.75,1.6256355e-06,9.870859e-07
-86.72253095466814,5.625,1.6547488e-06,9.532255e-07
-86.72253095466814,7.5,1.6769399e-06,9.556005e-07
-86.72253095466814,9.375,1.7332096e-06,1.0289184e-06
-86.72253095466814,11.25,1.7506047e-06,1.0148622e-06
-86.72253095466814,13.125,1.764361e-06,1.0009803e-06
-86.72253095466814,15.0,1.7721583e-06,9.681804e-07
-86.72253095466814,16.875,1.7611736e-06,9.877629e-07
-86.72253095466814,18.75,1.7948306e-06,9.984634e-07
-86.72253095466814,20.625,1.7863732e-06,9.766345e-07
-86.72253095466814,22.5,1.7787104e-06,1.010018e-06
-86.72253095466814,24.375,1.7817788e-06,9.883439e-07
-86.72253095466814,26.25,1.7373163e-06,9.390803e-07
-86.72253095466814,28.125,1.7436911e-06,9.015051e-07
-86.72253095466814,30.0,1.7542175e-06,9.3915526e-07
-86.72253095466814,31.875,1.7530531e-06,9.389037e-07
-86.72253095466814,33.75,1.7261596e-06,8.826058e-07
-86.72253095466814,35.625,1.7116108e-06,8.848028e-07
-86.72253095466814,37.5,1.6956432e-06,8.9017686e-07
-86.72253095466814,39.375,1.6589506e-06,8.4991655e-07
-86.72253095466814,41.25,1.614445e-06,8.1483955e-07
-86.72253095466814,43.125,1.5709472e-06,8.1122556e-07
-86.72253095466814,45.0,1.5498724e-06,8.2292263e-07
-86.72253095466814,46.875,1.5276808e-06,7.7572463e-07
-86.72253095466814,48.75,1.4899089e-06,7.2476035e-07
-86.72253095466814,50.625,1.4265937e-06,6.98509e-07
-86.72253095466814,52.5,1.374501e-06,6.9331685e-07
-86.72253095466814,54.375,1.3264007e-06,6.8204497e-07
-86.72253095466814,56.25,1.2797382e-06,6.69097e-07
-86.72253095466814,58.125,1.2302204e-06,6.53074e-07
-86.72253095466814,60.0,1.1750751e-06,6.2478586e-07
-86.72253095466814,61.875,1.1384687e-06,6.5115205e-07
-86.72253095466814,63.75,1.0542276e-06,6.2644966e-07
-86.72253095466814,65.625,9.769698e-07,5.9801647e-07
-86.72253095466814,67.5,9.61942e-07,6.0183896e-07
-86.72253095466814,69.375,9.551691e-07,6.3119967e-07
-86.72253095466814,71.25,9.4996767e-07,6.3141084e-07
-86.72253095466814,73.125,9.2903036e-07,6.1670113e-07
-86.72253095466814,75.0,9.0413045e-07,6.0882417e-07
-86.72253095466814,76.875,8.671674e-07,5.925836e-07
-86.72253095466814,78.75,8.5206005e-07,5.880996e-07
-86.72253095466814,80.625,8.330979e-07,5.689134e-07
-86.72253095466814,82.5,8.356612e-07,6.018061e-07
-86.72253095466814,84.375,8.1923895e-07,5.8046044e-07
-86.72253095466814,86.25,7.9023465e-07,5.40921e-07
-86.72253095466814,88.125,7.966478e-07,5.385991e-07
-86.72253095466814,90.0,8.0090774e-07,5.485512e-07
-86.72253095466814,91.875,7.6068653e-07,4.822876e-07
-86.72253095466814,93.75,7.785084e-07,5.043822e-07
-86.72253095466814,95.625,7.458603e-07,4.7795066e-07
-86.72253095466814,97.5,6.919485e-07,4.2912114e-07
-86.72253095466814,99.375,6.6118446e-07,3.9893965e-07
-86.72253095466814,101.25,6.2919554e-07,3.579903e-07
-86.72253095466814,103.125,6.381165e-07,3.9282978e-07
-86.72253095466814,105.0,6.013327e-07,3.5138117e-07
-86.72253095466814,106.875,5.920595e-07,3.4840357e-07
-86.72253095466814,108.75,5.8031844e-07,3.322344e-07
-86.72253095466814,110.625,5.466916e-07,2.989728e-07
-86.72253095466814,112.5,4.9828714e-07,2.610379e-07
-86.72253095466814,114.375,4.845565e-07,2.5523605e-07
-86.72253095466814,116.25,5.0550676e-07,2.7996276e-07
-86.72253095466814,118.125,5.073512e-07,2.7688927e-07
-86.72253095466814,120.0,4.9092455e-07,2.6352586e-07
-86.72253095466814,121.875,5.1603536e-07,2.8960633e-07
-86.72253095466814,123.75,5.2855233e-07,3.0479077e-07
-86.72253095466814,125.625,5.491212e-07,3.3279215e-07
-86.72253095466814,127.5,5.5056444e-07,3.240056e-07
-86.72253095466814,129.375,5.7323894e-07,3.3239314e-07
-86.72253095466814,131.25,6.080247e-07,3.394753e-07
-86.72253095466814,133.125,6.298786e-07,3.464566e-07
-86.72253095466814,135.0,6.73467e-07,3.6423347e-07
-86.72253095466814,136.875,7.250973e-07,3.931983e-07
-86.72253095466814,138.75,7.9540155e-07,4.969763e-07
-86.72253095466814,140.625,8.914228e-07,5.791257e-07
-86.72253095466814,142.5,9.60139e-07,5.8528724e-07
-86.72253095466814,144.375,9.95527e-07,5.937879e-07
-86.72253095466814,146.25,1.0928993e-06,7.026091e-07
-86.72253095466814,148.125,1.204684e-06,7.8348575e-07
-86.72253095466814,150.0,1.3088462e-06,7.9801765e-07
-86.72253095466814,151.875,1.4336093e-06,8.5234575e-07
-86.72253095466814,153.75,1.4975709e-06,9.540835e-07
-86.72253095466814,155.625,1.5946473e-06,1.0658238e-06
-86.72253095466814,157.5,1.7411761e-06,1.1758975e-06
-86.72253095466814,159.375,1.9068158e-06,1.2793465e-06
-86.72253095466814,161.25,1.964331e-06,1.287358e-06
-86.72253095466814,163.125,2.1529934e-06,1.3894659e-06
-86.72253095466814,165.0,2.2948434e-06,1.519023e-06
-86.72253095466814,166.875,2.3561242e-06,1.6301284e-06
-86.72253095466814,168.75,2.4698652e-06,1.6924414e-06
-86.72253095466814,170.625,2.5157008e-06,1.8748991e-06
-86.72253095466814,172.5,2.6225482e-06,1.8651305e-06
-86.72253095466814,174.375,2.7852145e-06,1.95621e-06
-86.72253095466814,176.25,2.9669193e-06,2.1608134e-06
-86.72253095466814,178.125,3.036436e-06,2.1441874e-06
-86.72253095466814,180.0,3.187734e-06,2.3604666e-06
-86.72253095466814,181.875,3.3376523e-06,2.5837605e-06
-86.72253095466814,183.75,3.4288678e-06,2.5174127e-06
-86.72253095466814,185.625,3.568739e-06,2.5576842e-06
-86.72253095466814,187.5,3.7569296e-06,2.892097e-06
-86.72253095466814,189.375,3.9089664e-06,3.0681647e-06
-86.72253095466814,191.25,3.9766146e-06,2.9924827e-06
-86.72253095466814,193.125,4.0868963e-06,3.0587423e-06
-86.72253095466814,195.0,4.323811e-06,3.304428e-06
-86.72253095466814,196.875,4.511141e-06,3.453555e-06
-86.72253095466814,198.75,4.556174e-06,3.5197118e-06
-86.72253095466814,200.625,4.5355123e-06,3.5681128e-06
-86.72253095466814,202.5,4.708773e-06,3.7177256e-06
-86.72253095466814,204.375,4.7618187e-06,3.7484567e-06
-86.72253095466814,206.25,4.729352e-06,3.608771e-06
-86.72253095466814,208.125,4.7744966e-06,3.662464e-06
-86.72253095466814,210.0,4.7997987e-06,3.7144612e-06
-86.72253095466814,211.875,4.7660833e-06,3.7490993e-06
-86.72253095466814,213.75,4.7007507e-06,3.6172623e-06
-86.72253095466814,215.625,4.733304e-06,3.545947e-06
-86.72253095466814,217.5,4.70907e-06,3.5122507e-06
-86.72253095466814,219.375,4.6582445e-06,3.468833e-06
-86.72253095466814,221.25,4.617591e-06,3.3554682e-06
-86.72253095466814,223.125,4.606878e-06,3.3095876e-06
-86.72253095466814,225.0,4.547285e-06,3.1982268e-06
-86.72253095466814,226.875,4.4933854e-06,3.0349179e-06
-86.72253095466814,228.75,4.5147885e-06,2.998618e-06
-86.72253095466814,230.625,4.546301e-06,3.1033255e-06
-86.72253095466814,232.5,4.52479e-06,3.029427e-06
-86.72253095466814,234.375,4.45577e-06,2.9580826e-06
-86.72253095466814,236.25,4.352577e-06,2.848276e-06
-86.72253095466814,238.125,4.2696015e-06,2.7829547e-06
-86.72253095466814,240.0,4.250622e-06,2.6654827e-06
-86.72253095466814,241.875,4.238007e-06,2.6267362e-06
-86.72253095466814,243.75,4.227562e-06,2.5846252e-06
-86.72253095466814,245.625,4.113273e-06,2.500686e-06
-86.72253095466814,247.5,4.04169e-06,2.4785486e-06
-86.72253095466814,249.375,3.969818e-06,2.4669355e-06
-86.72253095466814,251.25,3.896835e-06,2.352642e-06
-86.72253095466814,253.125,3.8643157e-06,2.3196872e-06
-86.72253095466814,255.0,3.8776648e-06,2.2977647e-06
-86.72253095466814,256.875,3.872287e-06,2.2870552e-06
-86.72253095466814,258.75,3.905823e-06,2.3212315e-06
-86.72253095466814,260.625,3.900138e-06,2.2910942e-06
-86.72253095466814,262.5,3.920507e-06,2.3318503e-06
-86.72253095466814,264.375,3.891787e-06,2.3130065e-06
-86.72253095466814,266.25,3.8295966e-06,2.234213e-06
-86.72253095466814,268.125,3.816009e-06,2.233022e-06
-86.72253095466814,270.0,3.741447e-06,2.2385123e-06
-86.72253095466814,271.875,3.6595034e-06,2.3125772e-06
-86.72253095466814,273.75,3.6005001e-06,2.3061018e-06
-86.72253095466814,275.625,3.4730124e-06,2.223973e-06
-86.72253095466814,277.5,3.3242034e-06,2.2478112e-06
-86.72253095466814,279.375,3.323956e-06,2.3115094e-06
-86.72253095466814,281.25,3.2214632e-06,2.2954916e-06
-86.72253095466814,283.125,3.0279725e-06,2.1908154e-06
-86.72253095466814,285.0,2.9363052e-06,2.1106484e-06
-86.72253095466814,286.875,2.9246917e-06,2.1778092e-06
-86.72253095466814,288.75,2.858889e-06,2.2205813e-06
-86.72253095466814,290.625,2.7462509e-06,2.196047e-06
-86.72253095466814,292.5,2.632691e-06,2.1549545e-06
-86.72253095466814,294.375,2.5976908e-06,2.08162e-06
-86.72253095466814,296.25,2.5556312e-06,2.1025264e-06
-86.72253095466814,298.125,2.4934661e-06,2.0790292e-06
-86.72253095466814,300.0,2.439978e-06,2.0542675e-06
-86.72253095466814,301.875,2.3584098e-06,1.9578324e-06
-86.72253095466814,303.75,2.2739002e-06,1.8773029e-06
-86.72253095466814,305.625,2.2422203e-06,1.8393597e-06
-86.72253095466814,307.5,2.2086956e-06,1.8332092e-06
-86.72253095466814,309.375,2.0948135e-06,1.7150522e-06
-86.72253095466814,311.25,2.0748312e-06,1.672119e-06
-86.72253095466814,313.125,2.0173006e-06,1.5651829e-06
-86.72253095466814,315.0,1.9317922e-06,1.5004368e-06
-86.72253095466814,316.875,1.876113e-06,1.4772718e-06
-86.72253095466814,318.75,1.83183e-06,1.4547888e-06
-86.72253095466814,320.625,1.7712115e-06,1.3919664e-06
-86.72253095466814,322.5,1.7354889e-06,1.3208444e-06
-86.72253095466814,324.375,1.6813585e-06,1.3038104e-06
-86.72253095466814,326.25,1.5986599e-06,1.2574718e-06
-86.72253095466814,328.125,1.5537048e-06,1.2244953e-06
-86.72253095466814,330.0,1.5237392e-06,1.2184294e-06
-86.72253095466814,331.875,1.4920978e-06,1.1535132e-06
-86.72253095466814,333.75,1.4664973e-06,1.1276458e-06
-86.72253095466814,335.625,1.4265189e-06,1.1500078e-06
-86.72253095466814,337.5,1.4317999e-06,1.1074007e-06
-86.72253095466814,339.375,1.4124774e-06,1.0859959e-06
-86.72253095466814,341.25,1.4019031e-06,1.0670545e-06
-86.72253095466814,343.125,1.4463222e-06,1.0354465e-06
-86.72253095466814,345.0,1.4388023e-06,1.0184306e-06
-86.72253095466814,346.875,1.424386e-06,1.0118931e-06
-86.72253095466814,348.75,1.4183142e-06,9.784965e-07
-86.72253095466814,350.625,1.4144601e-06,9.928807e-07
-86.72253095466814,352.5,1.4572039e-06,9.568922e-07
-86.72253095466814,354.375,1.5182237e-06,9.845612e-07
-86.72253095466814,356.25,1.5739886e-06,9.744656e-07
-86.72253095466814,358.125,1.5752225e-06,9.801578e-07
-84.86197029204237,0.0,1.7199981e-06,1.0590029e-06
-84.86197029204237,1.875,1.6466907e-06,9.8784e-07
-84.86197029204237,3.75,1.638157e-06,1.0239283e-06
-84.86197029204237,5.625,1.6622299e-06,1.0141943e-06
-84.86197029204237,7.5,1.5928333e-06,9.045009e-07
-84.86197029204237,9.375,1.577436e-06,9.4986393e-07
-84.86197029204237,11.25,1.5658645e-06,8.980233e-07
-84.86197029204237,13.125,1.5607632e-06,9.623838e-07
-84.86197029204237,15.0,1.5901257e-06,9.3618405e-07
-84.86197029204237,16.875,1.5728216e-06,9.775619e-07
-84.86197029204237,18.75,1.5907035e-06,1.0298405e-06
-84.86197029204237,20.625,1.6697547e-06,1.0281561e-06
-84.86197029204237,22.5,1.6795487e-06,1.0063056e-06
-84.86197029204237,24.375,1.6968826e-06,1.0657743e-06
-84.86197029204237,26.25,1.7359345e-06,1.0670557e-06
-84.86197029204237,28.125,1.8213686e-06,1.0891083e-06
-84.86197029204237,30.0,1.8419629e-06,1.0319523e-06
-84.86197029204237,31.875,1.8721869e-06,1.0611077e-06
-84.86197029204237,33.75,1.9029915e-06,1.054973e-06
-84.86197029204237,35.625,1.9630895e-06,1.1132963e-06
-84.86197029204237,37.5,1.960463e-06,1.0896881e-06
-84.86197029204237,39.375,2.0010395e-06,1.067322e-06
-84.86197029204237,41.25,1.963197e-06,1.058388e-06
-84.86197029204237,43.125,1.9723832e-06,1.0321385e-06
-84.86197029204237,45.0,1.9648253e-06,1.0103175e-06
-84.86197029204237,46.875,1.9367649e-06,9.846952e-07
-84.86197029204237,48.75,1.8694143e-06,9.654882e-07
-84.86197029204237,50.625,1.7943838e-06,8.7844734e-07
-84.86197029204237,52.5,1.7252252e-06,8.617035e-07
-84.86197029204237,54.375,1.6632902e-06,8.133132e-07
-84.86197029204237,56.25,1.6068343e-06,8.1743434e-07
-84.86197029204237,58.125,1.5389008e-06,7.8914354e-07
-84.86197029204237,60.0,1.4431644e-06,7.1634685e-07
-84.86197029204237,61.875,1.3612147e-06,6.634826e-07
-84.86197029204237,63.75,1.2760137e-06,6.405778e-07
-84.86197029204237,65.625,1.199008e-06,6.383129e-07
-84.86197029204237,67.5,1.1351764e-06,6.2803366e-07
-84.86197029204237,69.375,1.0800755e-06,6.2843344e-07
-84.86197029204237,71.25,1.0414363e-06,6.2847755e-07
-84.86197029204237,73.125,1.0201256e-06,6.3021554e-07
-84.86197029204237,75.0,9.83357e-07,6.2022156e-07
-84.86197029204237,76.875,9.538473e-07,6.0247214e-07
-84.86197029204237,78.75,9.59296e-07,6.0506795e-07
-84.86197029204237,80.625,9.495317e-07,6.311183e-07
-84.86197029204237,82.5,9.5356125e-07,6.10351e-07
-84.86197029204237,84.375,9.638804e-07,6.368945e-07
-84.86197029204237,86.25,9.718482e-07,6.04443e-07
-84.86197029204237,88.125,9.8445e-07,6.119619e-07
-84.86197029204237,90.0,9.654127e-07,6.1968933e-07
-84.86197029204237,91.875,9.666929e-07,6.148798e-07
-84.86197029204237,93.75,9.843066e-07,6.262266e-07
-84.86197029204237,95.625,9.916123e-07,6.263496e-07
-84.86197029204237,97.5,9.794862e-07,6.289882e-07
-84.86197029204237,99.375,9.2908334e-07,5.948004e-07
-84.86197029204237,101.25,8.8963105e-07,5.5830895e-07
-84.86197029204237,103.125,8.5317487e-07,5.402288e-07
-84.86197029204237,105.0,8.1452964e-07,5.4693834e-07
-84.86197029204237,106.875,7.7386414e-07,5.324822e-07
-84.86197029204237,108.75,7.279478e-07,5.1921415e-07
-84.86197029204237,110.625,6.8572047e-07,4.5812035e-07
-84.86197029204237,112.5,6.415963e-07,4.329564e-07
-84.86197029204237,114.375,6.2153487e-07,4.6800713e-07
-84.86197029204237,116.25,5.6090795e-07,4.2366125e-07
-84.86197029204237,118.125,5.567247e-07,3.9221422e-07
-84.86197029204237,120.0,5.541141e-07,3.91198e-07
-84.86197029204237,121.875,5.2540156e-07,3.7933088e-07
-84.86197029204237,123.75,5.4404416e-07,4.139763e-07
-84.86197029204237,125.625,5.981767e-07,4.4236134e-07
-84.86197029204237,127.5,5.820213e-07,3.9173713e-07
-84.86197029204237,129.375,6.1957473e-07,4.3067607e-07
-84.86197029204237,131.25,6.461059e-07,4.386184e-07
-84.86197029204237,133.125,7.0700594e-07,5.1157446e-07
-84.86197029204237,135.0,7.6726616e-07,5.195884e-07
-84.86197029204237,136.875,8.3765366e-07,6.049742e-07
-84.86197029204237,138.75,9.1800234e-07,6.3577653e-07
-84.86197029204237,140.625,1.0305922e-06,6.9717714e-07
-84.86197029204237,142.5,1.1736305e-06,7.5965335e-07
-84.86197029204237,144.375,1.2459876e-06,7.9369477e-07
-84.86197029204237,146.25,1.3044692e-06,9.620459e-07
-84.86197029204237,148.125,1.5039387e-06,9.959055e-07
-84.86197029204237,150.0,1.6495547e-06,1.1567413e-06
-84.86197029204237,151.875,1.6829607e-06,1.1141847e-06
-84.86197029204237,153.75,1.8184396e-06,1.1782643e-06
-84.86197029204237,155.625,1.9240726e-06,1.2553236e-06
-84.86197029204237,157.5,2.0409739e-06,1.4143003e-06
-84.86197029204237,159.375,2.2089814e-06,1.5888046e-06
-84.86197029204237,161.25,2.3529333e-06,1.6760384e-06
-84.86197029204237,163.125,2.436654e-06,1.764869e-06
-84.86197029204237,165.0,2.6245416e-06,1.9145727e-06
-84.86197029204237,166.875,2.9067264e-06,2.154507e-06
-84.86197029204237,168.75,3.1861296e-06,2.3982436e-06
-84.86197029204237,170.625,3.5530973e-06,2.6186622e-06
-84.86197029204237,172.5,3.8396074e-06,2.8906663e-06
-84.86197029204237,174.375,4.317105e-06,3.2310172e-06
-84.86197029204237,176.25,4.7347685e-06,3.4427976e-06
-84.86197029204237,178.125,5.1023194e-06,3.7711995e-06
-84.86197029204237,180.0,5.6306876e-06,4.2141496e-06
-84.86197029204237,181.875,6.184811e-06,4.6180426e-06
-84.86197029204237,183.75,6.392172e-06,4.8097395e-06
-84.86197029204237,185.625,6.799197e-06,5.088918e-06
-84.86197029204237,187.5,7.0052324e-06,5.214367e-06
-84.86197029204237,189.375,7.075334e-06,5.316936e-06
-84.86197029204237,191.25,7.132571e-06,5.3770195e-06
-84.86197029204237,193.125,7.1098184e-06,5.403839e-06
-84.86197029204237,195.0,6.9525595e-06,5.350703e-06
-84.86197029204237,196.875,6.8383133e-06,5.34884e-06
-84.86197029204237,198.75,6.6425205e-06,5.2610467e-06
-84.86197029204237,200.625,6.296595e-06,5.141486e-06
-84.86197029204237,202.5,6.0090592e-06,5.0314547e-06
-84.86197029204237,204.375,5.7095076e-06,4.904191e-06
-84.86197029204237,206.25,5.460516e-06,4.7991516e-06
-84.86197029204237,208.125,5.228873e-06,4.690409e-06
-84.86197029204237,210.0,5.039834e-06,4.6226874e-06
-84.86197029204237,211.875,4.8374227e-06,4.5581237e-06
-84.86197029204237,213.75,4.6474474e-06,4.403677e-06
-84.86197029204237,215.625,4.5140955e-06,4.3685404e-06
-84.86197029204237,217.5,4.4283292e-06,4.3076598e-06
-84.86197029204237,219.375,4.2917513e-06,4.196102e-06
-84.86197029204237,221.25,4.2135307e-06,4.1449553e-06
-84.86197029204237,223.125,4.1454555e-06,4.071602e-06
-84.86197029204237,225.0,4.0970904e-06,4.01593e-06
-84.86197029204237,226.875,4.048745e-06,3.912576e-06
-84.86197029204237,228.75,4.004906e-06,3.7847255e-06
-84.86197029204237,230.625,3.9567544e-06,3.6618767e-06
-84.86197029204237,232.5,3.914797e-06,3.568489e-06
-84.86197029204237,234.375,3.8521357e-06,3.4196166e-06
-84.86197029204237,236.25,3.7741615e-06,3.2802482e-06
-84.86197029204237,238.125,3.7194259e-06,3.1630934e-06
-84.86197029204237,240.0,3.710341e-06,3.0663364e-06
-84.86197029204237,241.875,3.7170937e-06,2.9344003e-06
-84.86197029204237,243.75,3.71352e-06,2.9052721e-06
-84.86197029204237,245.625,3.6750891e-06,2.7452995e-06
-84.86197029204237,247.5,3.585142e-06,2.6046864e-06
-84.86197029204237,249.375,3.4990296e-06,2.4852013e-06
-84.86197029204237,251.25,3.2770135e-06,2.356348e-06
-84.86197029204237,253.125,3.2043213e-06,2.2602264e-06
-84.86197029204237,255.0,3.1154173e-06,2.1736996e-06
-84.86197029204237,256.875,2.9652115e-06,2.075698e-06
-84.86197029204237,258.75,2.8502486e-06,2.0092511e-06
-84.86197029204237,260.625,2.810875e-06,1.8564826e-06
-84.86197029204237,262.5,2.8610077e-06,1.7914263e-06
-84.86197029204237,264.375,2.878486e-06,1.8243675e-06
-84.86197029204237,266.25,2.8683073e-06,1.821368e-06
-84.86197029204237,268.125,2.9507396e-06,1.8868255e-06
-84.86197029204237,270.0,2.9240418e-06,1.9806703e-06
-84.86197029204237,271.875,2.9635712e-06,2.0422615e-06
-84.86197029204237,273.75,2.9257749e-06,2.0847688e-06
-84.86197029204237,275.625,2.854858e-06,2.042773e-06
-84.86197029204237,277.5,2.8126306e-06,2.0832692e-06
-84.86197029204237,279.375,2.7118867e-06,2.1242302e-06
-84.86197029204237,281.25,2.598731e-06,2.1054668e-06
-84.86197029204237,283.125,2.4749302e-06,2.1614967e-06
-84.86197029204237,285.0,2.3524924e-06,2.1181354e-06
-84.86197029204237,286.875,2.2346642e-06,2.084003e-06
-84.86197029204237,288.75,2.0955872e-06,2.0230295e-06
-84.86197029204237,290.625,1.9892877e-06,1.9222575e-06
-84.86197029204237,292.5,1.865167e-06,1.8010028e-06
-84.86197029204237,294.375,1.7350342e-06,1.722998e-06
-84.86197029204237,296.25,1.6269129e-06,1.6724825e-06
-84.86197029204237,298.125,1.5509986e-06,1.6009459e-06
-84.86197029204237,300.0,1.4532105e-06,1.4845201e-06
-84.86197029204237,301.875,1.3832973e-06,1.4177452e-06
-84.86197029204237,303.75,1.3444635e-06,1.3556346e-06
-84.86197029204237,305.625,1.2708316e-06,1.2891962e-06
-84.86197029204237,307.5,1.2544768e-06,1.2273479e-06
-84.86197029204237,309.375,1.2430501e-06,1.1644004e-06
-84.86197029204237,311.25,1.2437937e-06,1.1662252e-06
-84.86197029204237,313.125,1.2344085e-06,1.1070006e-06
-84.86197029204237,315.0,1.266016e-06,1.1290668e-06
-84.86197029204237,316.875,1.2957555e-06,1.1630586e-06
-84.86197029204237,318.75,1.3156068e-06,1.12474e-06
-84.86197029204237,320.625,1.3315419e-06,1.1037835e-06
-84.86197029204237,322.5,1.3815159e-06,1.1166456e-06
-84.86197029204237,324.375,1.4458461e-06,1.1799207e-06
-84.86197029204237,326.25,1.492436e-06,1.2072924e-06
-84.86197029204237,328.125,1.5270872e-06,1.215957e-06
-84.86197029204237,330.0,1.5562707e-06,1.2066779e-06
-84.86197029204237,331.875,1.5699231e-06,1.2180024e-06
-84.86197029204237,333.75,1.5886029e-06,1.1898089e-06
-84.86197029204237,335.625,1.6598041e-06,1.2436772e-06
-84.86197029204237,337.5,1.6956753e-06,1.2912415e-06
-84.86197029204237,339.375,1.6916312e-06,1.2122968e-06
-84.86197029204237,341.25,1.7384158e-06,1.2337322e-06
-84.86197029204237,343.125,1.7734386e-06,1.2675033e-06
-84.86197029204237,345.0,1.7566745e-06,1.1876002e-06
-84.86197029204237,346.875,1.7488726e-06,1.2085211e-06
-84.86197029204237,348.75,1.799442e-06,1.1827639e-06
-84.86197029204237,350.625,1.7801103e-06,1.1178888e-06
-84.86197029204237,352.5,1.7115375e-06,1.1007573e-06
-84.86197029204237,354.375,1.7487822e-06,1.0751673e-06
-84.86197029204237,356.25,1.7218586e-06,1.0568073e-06
-84.86197029204237,358.125,1.738981e-06,1.0543993e-06
-82.99894164283755,0.0,1.4966816e-06,1.2659897e-06
-82.99894164283755,1.875,1.4164773e-06,1.0855086e-06
-82.99894164283755,3.75,1.3092798e-06,9.627838e-07
-82.99894164283755,5.625,1.2374095e-06,9.733674e-07
-82.99894164283755,7.5,1.2341266e-06,1.0664515e-06
-82.99894164283755,9.375,1.1755225e-06,1.0109289e-06
-82.99894164283755,11.25,1.0796815e-06,9.052219e-07
-82.99894164283755,13.125,1.0933587e-06,9.0751837e-07
-82.99894164283755,15.0,1.0306914e-06,8.3613514e-07
-82.99894164283755,16.875,1.0052379e-06,8.220023e-07
-82.99894164283755,18.75,1.0482651e-06,1.0160184e-06
-82.99894164283755,20.625,1.0811967e-06,9.701104e-07
-82.99894164283755,22.5,1.064282e-06,9.026989e-07
-82.99894164283755,24.375,1.0907302e-06,8.973084e-07
-82.99894164283755,26.25,1.108388e-06,9.271072e-07
-82.99894164283755,28.125,1.1089062e-06,9.0746465e-07
-82.99894164283755,30.0,1.1514655e-06,9.260894e-07
-82.99894164283755,31.875,1.1769265e-06,8.883166e-07
-82.99894164283755,33.75,1.2379642e-06,9.1728185e-07
-82.99894164283755,35.625,1.2922214e-06,9.312689e-07
-82.99894164283755,37.5,1.3100797e-06,9.1622775e-07
-82.99894164283755,39.375,1.2943669e-06,8.80552e-07
-82.99894164283755,41.25,1.3068827e-06,8.081449e-07
-82.99894164283755,43.125,1.2989112e-06,8.045968e-07
-82.99894164283755,45.0,1.2861366e-06,7.641744e-07
-82.99894164283755,46.875,1.3383783e-06,7.7535486e-07
-82.99894164283755,48.75,1.3171704e-06,7.0798507e-07
-82.99894164283755,50.625,1.2702453e-06,7.036308e-07
-82.99894164283755,52.5,1.2744448e-06,7.088869e-07
-82.99894164283755,54.375,1.2212607e-06,6.9207124e-07
-82.99894164283755,56.25,1.1719922e-06,6.1422185e-07
-82.99894164283755,58.125,1.0924331e-06,5.655765e-07
-82.99894164283755,60.0,9.889019e-07,5.090622e-07
-82.99894164283755,61.875,9.301667e-07,4.5915326e-07
-82.99894164283755,63.75,8.6413536e-07,4.3168095e-07
-82.99894164283755,65.625,7.8052545e-07,3.695901e-07
-82.99894164283755,67.5,7.0678374e-07,3.449004e-07
-82.99894164283755,69.375,6.4663107e-07,3.2267832e-07
-82.99894164283755,71.25,5.9418016e-07,2.871872e-07
-82.99894164283755,73.125,5.626786e-07,2.927601e-07
-82.99894164283755,75.0,5.397023e-07,2.8981108e-07
-82.99894164283755,76.875,5.477315e-07,3.0893892e-07
-82.99894164283755,78.75,5.54811e-07,3.1991442e-07
-82.99894164283755,80.625,5.7865765e-07,3.4943142e-07
-82.99894164283755,82.5,6.0492675e-07,3.687649e-07
-82.99894164283755,84.375,6.5491173e-07,4.023496e-07
-82.99894164283755,86.25,7.028303e-07,4.420991e-07
-82.99894164283755,88.125,7.6962357e-07,4.7886186e-07
-82.99894164283755,90.0,8.220297e-07,5.126434e-07
-82.99894164283755,91.875,8.859439e-07,5.2765665e-07
-82.99894164283755,93.75,9.496708e-07,5.74688e-07
-82.99894164283755,95.625,1.0130976e-06,5.912838e-07
-82.99894164283755,97.5,1.0794697e-06,6.285368e-07
-82.99894164283755,99.375,1.1578798e-06,6.599505e-07
-82.99894164283755,101.25,1.2170349e-06,7.058699e-07
-82.99894164283755,103.125,1.2334925e-06,6.606138e-07
-82.99894164283755,105.0,1.2469843e-06,6.626851e-07
-82.99894164283755,106.875,1.2381917e-06,6.367754e-07
-82.99894164283755,108.75,1.231299e-06,6.296797e-07
-82.99894164283755,110.625,1.1681384e-06,5.750854e-07
-82.99894164283755,112.5,1.1099083e-06,5.5740986e-07
-82.99894164283755,114.375,1.0161848e-06,5.5203606e-07
-82.99894164283755,116.25,9.39388e-07,5.2960496e-07
-82.99894164283755,118.125,8.504296e-07,4.9853315e-07
-82.99894164283755,120.0,7.984525e-07,5.1462433e-07
-82.99894164283755,121.875,7.3801334e-07,4.9335387e-07
-82.99894164283755,123.75,6.6206906e-07,5.203685e-07
-82.99894164283755,125.625,6.633754e-07,5.508913e-07
-82.99894164283755,127.5,6.76183e-07,5.4945843e-07
-82.99894164283755,129.375,6.475992e-07,4.882037e-07
-82.99894164283755,131.25,6.807469e-07,5.8534647e-07
-82.99894164283755,133.125,7.263146e-07,6.0226756e-07
-82.99894164283755,135.0,7.867976e-07,6.556169e-07
-82.99894164283755,136.875,8.3626696e-07,6.881038e-07
-82.99894164283755,138.75,9.559757e-07,7.445423e-07
-82.99894164283755,140.625,1.0434197e-06,7.769009e-07
-82.99894164283755,142.5,1.1692521e-06,8.938741e-07
-82.99894164283755,144.375,1.4333123e-06,9.810383e-07
-82.99894164283755,146.25,1.5874944e-06,1.1211043e-06
-82.99894164283755,148.125,1.821236e-06,1.2941606e-06
-82.99894164283755,150.0,2.1902422e-06,1.552279e-06
-82.99894164283755,151.875,2.4584594e-06,1.810154e-06
-82.99894164283755,153.75,2.8600255e-06,2.050063e-06
-82.99894164283755,155.625,3.2048088e-06,2.3588482e-06
-82.99894164283755,157.5,3.574276e-06,2.6171538e-06
-82.99894164283755,159.375,3.9453503e-06,2.9695577e-06
-82.99894164283755,161.25,4.2169413e-06,3.2123673e-06
-82.99894164283755,163.125,4.528691e-06,3.477409e-06
-82.99894164283755,165.0,4.8558395e-06,3.8455764e-06
-82.99894164283755,166.875,5.205189e-06,4.1396834e-06
-82.99894164283755,168.75,5.668906e-06,4.603586e-06
-82.99894164283755,170.625,5.9889653e-06,5.0327035e-06
-82.99894164283755,172.5,6.315108e-06,5.4157836e-06
-82.99894164283755,174.375,6.5620907e-06,5.7281245e-06
-82.99894164283755,176.25,6.753398e-06,5.947699e-06
-82.99894164283755,178.125,6.7886162e-06,6.006891e-06
-82.99894164283755,180.0,6.66805e-06,5.840831e-06
-82.99894164283755,181.875,6.4650912e-06,5.6593726e-06
-82.99894164283755,183.75,6.199536e-06,5.4046413e-06
-82.99894164283755,185.625,5.872561e-06,5.0919048e-06
-82.99894164283755,187.5,5.4559428e-06,4.7046306e-06
-82.99894164283755,189.375,5.083408e-06,4.3293167e-06
-82.99894164283755,191.25,4.6489017e-06,3.979921e-06
-82.99894164283755,193.125,4.2742195e-06,3.619146e-06
-82.99894164283755,195.0,3.976574e-06,3.3648378e-06
-82.99894164283755,196.875,3.7724997e-06,3.1798124e-06
-82.99894164283755,198.75,3.5603164e-06,3.078926e-06
-82.99894164283755,200.625,3.3993024e-06,2.9839412e-06
-82.99894164283755,202.5,3.3287868e-06,2.883394e-06
-82.99894164283755,204.375,3.2070602e-06,2.796663e-06
-82.99894164283755,206.25,3.031895e-06,2.7281098e-06
-82.99894164283755,208.125,2.9034727e-06,2.6990058e-06
-82.99894164283755,210.0,2.779867e-06,2.6637194e-06
-82.99894164283755,211.875,2.7150218e-06,2.6057214e-06
-82.99894164283755,213.75,2.6840912e-06,2.5254506e-06
-82.99894164283755,215.625,2.654863e-06,2.4789322e-06
-82.99894164283755,217.5,2.656877e-06,2.5187553e-06
-82.99894164283755,219.375,2.6809284e-06,2.5270044e-06
-82.99894164283755,221.25,2.771575e-06,2.5551133e-06
-82.99894164283755,223.125,2.8229074e-06,2.5664247e-06
-82.99894164283755,225.0,2.9189687e-06,2.6632695e-06
-82.99894164283755,226.875,3.0762833e-06,2.778252e-06
-82.99894164283755,228.75,3.2481894e-06,2.8807276e-06
-82.99894164283755,230.625,3.426153e-06,3.0170834e-06
-82.99894164283755,232.5,3.5863877e-06,3.1179368e-06
-82.99894164283755,234.375,3.7503517e-06,3.25946e-06
-82.99894164283755,236.25,3.893807e-06,3.3504125e-06
-82.99894164283755,238.125,4.08647e-06,3.4944742e-06
-82.99894164283755,240.0,4.223227e-06,3.5629314e-06
-82.99894164283755,241.875,4.3336277e-06,3.4963346e-06
-82.99894164283755,243.75,4.3219816e-06,3.4878913e-06
-82.99894164283755,245.625,4.2988286e-06,3.458032e-06
-82.99894164283755,247.5,4.2218135e-06,3.3314027e-06
-82.99894164283755,249.375,4.226496e-06,3.1174307e-06
-82.99894164283755,251.25,4.0576438e-06,2.9576775e-06
-82.99894164283755,253.125,3.8352555e-06,2.7059436e-06
-82.99894164283755,255.0,3.5597075e-06,2.4493706e-06
-82.99894164283755,256.875,3.2846094e-06,2.170247e-06
-82.99894164283755,258.75,2.9380485e-06,1.8035627e-06
-82.99894164283755,260.625,2.7088652e-06,1.5685075e-06
-82.99894164283755,262.5,2.5674008e-06,1.4957122e-06
-82.99894164283755,264.375,2.5721984e-06,1.5470049e-06
-82.99894164283755,266.25,2.639551e-06,1.7573083e-06
-82.99894164283755,268.125,2.8452964e-06,2.0020987e-06
-82.99894164283755,270.0,3.0034903e-06,2.2254758e-06
-82.99894164283755,271.875,3.1966897e-06,2.5035297e-06
-82.99894164283755,273.75,3.3143453e-06,2.7545927e-06
-82.99894164283755,275.625,3.4925283e-06,2.9985438e-06
-82.99894164283755,277.5,3.5675207e-06,3.1338502e-06
-82.99894164283755,279.375,3.5844052e-06,3.25777e-06
-82.99894164283755,281.25,3.492806e-06,3.3383535e-06
-82.99894164283755,283.125,3.3805222e-06,3.3442443e-06
-82.99894164283755,285.0,3.1563939e-06,3.237618e-06
-82.99894164283755,286.875,2.8705724e-06,3.0544536e-06
-82.99894164283755,288.75,2.5773159e-06,2.9267258e-06
-82.99894164283755,290.625,2.322716e-06,2.716863e-06
-82.99894164283755,292.5,2.041522e-06,2.5060099e-06
-82.99894164283755,294.375,1.8227324e-06,2.2669271e-06
-82.99894164283755,296.25,1.6472608e-06,2.0644454e-06
-82.99894164283755,298.125,1.5113196e-06,1.8379183e-06
-82.99894164283755,300.0,1.4376361e-06,1.6872046e-06
-82.99894164283755,301.875,1.3758413e-06,1.6328036e-06
-82.99894164283755,303.75,1.3610703e-06,1.5516823e-06
-82.99894164283755,305.625,1.3449433e-06,1.5079262e-06
-82.99894164283755,307.5,1.4345316e-06,1.5139284e-06
-82.99894164283755,309.375,1.5258953e-06,1.5337448e-06
-82.99894164283755,311.25,1.6147807e-06,1.5716085e-06
-82.99894164283755,313.125,1.7519309e-06,1.6424821e-06
-82.99894164283755,315.0,1.9297438e-06,1.7557663e-06
-82.99894164283755,316.875,2.081669e-06,1.8378981e-06
-82.99894164283755,318.75,2.2558247e-06,1.96362e-06
-82.99894164283755,320.625,2.367483e-06,2.0518346e-06
-82.99894164283755,322.5,2.4378628e-06,2.095954e-06
-82.99894164283755,324.375,2.5095856e-06,2.2001482e-06
-82.99894164283755,326.25,2.5280442e-06,2.2245467e-06
-82.99894164283755,328.125,2.5416555e-06,2.2002064e-06
-82.99894164283755,330.0,2.5602099e-06,2.228162e-06
-82.99894164283755,331.875,2.5624424e-06,2.244688e-06
-82.99894164283755,333.75,2.4933572e-06,2.1918845e-06
-82.99894164283755,335.625,2.5006138e-06,2.1594312e-06
-82.99894164283755,337.5,2.4453477e-06,2.1246874e-06
-82.99894164283755,339.375,2.4127173e-06,2.1025407e-06
-82.99894164283755,341.25,2.3331995e-06,1.9741026e-06
-82.99894164283755,343.125,2.2460936e-06,1.9273534e-06
-82.99894164283755,345.0,2.1294984e-06,1.8389379e-06
-82.99894164283755,346.875,2.1313886e-06,1.7743865e-06
-82.99894164283755,348.75,2.0067437e-06,1.6591151e-06
-82.99894164283755,350.625,1.939784e-06,1.5777882e-06
-82.99894164283755,352.5,1.8682346e-06,1.5228972e-06
-82.99894164283755,354.375,1.767299e-06,1.4180752e-06
-82.99894164283755,356.25,1.7007297e-06,1.3728156e-06
-82.99894164283755,358.125,1.6101244e-06,1.2934821e-06
-81.13497683767741,0.0,1.3606239e-06,1.0803384e-06
-81.13497683767741,1.875,1.387644e-06,1.0892976e-06
-81.13497683767741,3.75,1.4151422e-06,1.0639461e-06
-81.13497683767741,5.625,1.4634148e-06,1.1105406e-06
-81.13497683767741,7.5,1.4719648e-06,1.1013718e-06
-81.13497683767741,9.375,1.4541183e-06,1.0680072e-06
-81.13497683767741,11.25,1.5570494e-06,1.1281381e-06
-81.13497683767741,13.125,1.4542896e-06,1.0278374e-06
-81.13497683767741,15.0,1.4125944e-06,1.0049224e-06
-81.13497683767741,16.875,1.3604711e-06,1.0523357e-06
-81.13497683767741,18.75,1.2958179e-06,9.655174e-07
-81.13497683767741,20.625,1.2361445e-06,9.1789104e-07
-81.13497683767741,22.5,1.1958298e-06,9.17005e-07
-81.13497683767741,24.375,1.0915988e-06,8.405267e-07
-81.13497683767741,26.25,1.0625088e-06,8.0535784e-07
-81.13497683767741,28.125,1.0109566e-06,7.9308455e-07
-81.13497683767741,30.0,9.902869e-07,7.1381754e-07
-81.13497683767741,31.875,9.4911843e-07,6.8280156e-07
-81.13497683767741,33.75,9.4068963e-07,6.420906e-07
-81.13497683767741,35.625,9.2732427e-07,6.6103274e-07
-81.13497683767741,37.5,9.3800236e-07,6.2673786e-07
-81.13497683767741,39.375,9.178945e-07,5.968501e-07
-81.13497683767741,41.25,9.056374e-07,5.622614e-07
-81.13497683767741,43.125,8.8937537e-07,5.284633e-07
-81.13497683767741,45.0,8.758016e-07,5.076748e-07
-81.13497683767741,46.875,8.730803e-07,4.9794767e-07
-81.13497683767741,48.75,8.750614e-07,4.7022667e-07
-81.13497683767741,50.625,8.407094e-07,4.1882853e-07
-81.13497683767741,52.5,7.9266783e-07,3.8356512e-07
-81.13497683767741,54.375,7.8322324e-07,3.6809263e-07
-81.13497683767741,56.25,7.580825e-07,3.5203684e-07
-81.13497683767741,58.125,7.100939e-07,3.0045334e-07
-81.13497683767741,60.0,6.8471155e-07,2.860913e-07
-81.13497683767741,61.875,6.6245235e-07,2.7219917e-07
-81.13497683767741,63.75,6.28555e-07,2.6030452e-07
-81.13497683767741,65.625,6.0592834e-07,2.5125465e-07
-81.13497683767741,67.5,5.664551e-07,2.393401e-07
-81.13497683767741,69.375,5.4259345e-07,2.2403984e-07
-81.13497683767741,71.25,5.078726e-07,2.079462e-07
-81.13497683767741,73.125,4.8896806e-07,1.866685e-07
-81.13497683767741,75.0,4.6445973e-07,1.7762078e-07
-81.13497683767741,76.875,4.522699e-07,1.6393334e-07
-81.13497683767741,78.75,4.3904015e-07,1.5877202e-07
-81.13497683767741,80.625,4.4335306e-07,1.580477e-07
-81.13497683767741,82.5,4.405041e-07,1.576953e-07
-81.13497683767741,84.375,4.4599045e-07,1.6101853e-07
-81.13497683767741,86.25,4.5704118e-07,1.7285284e-07
-81.13497683767741,88.125,4.7711075e-07,2.1242838e-07
-81.13497683767741,90.0,5.003273e-07,2.4627272e-07
-81.13497683767741,91.875,5.2617236e-07,2.6279992e-07
-81.13497683767741,93.75,5.5637196e-07,2.943678e-07
-81.13497683767741,95.625,5.9543777e-07,3.2663317e-07
-81.13497683767741,97.5,6.3922414e-07,3.5038835e-07
-81.13497683767741,99.375,6.6782115e-07,3.708449e-07
-81.13497683767741,101.25,7.0259904e-07,3.9921994e-07
-81.13497683767741,103.125,7.28242e-07,3.9984607e-07
-81.13497683767741,105.0,7.6418786e-07,4.0678802e-07
-81.13497683767741,106.875,7.5911635e-07,4.0874644e-07
-81.13497683767741,108.75,7.6407173e-07,4.131212e-07
-81.13497683767741,110.625,7.816123e-07,4.0953321e-07
-81.13497683767741,112.5,7.3928123e-07,4.0688576e-07
-81.13497683767741,114.375,7.303094e-07,4.2350237e-07
-81.13497683767741,116.25,6.928279e-07,4.2485374e-07
-81.13497683767741,118.125,6.547995e-07,4.1673673e-07
-81.13497683767741,120.0,6.1879285e-07,4.2025977e-07
-81.13497683767741,121.875,5.641245e-07,4.187496e-07
-81.13497683767741,123.75,5.7192693e-07,4.420394e-07
-81.13497683767741,125.625,5.396367e-07,4.776807e-07
-81.13497683767741,127.5,5.525848e-07,4.9768653e-07
-81.13497683767741,129.375,5.188647e-07,5.093806e-07
-81.13497683767741,131.25,5.562035e-07,5.487391e-07
-81.13497683767741,133.125,5.5730646e-07,5.6147303e-07
-81.13497683767741,135.0,6.0091725e-07,6.4325144e-07
-81.13497683767741,136.875,6.355465e-07,6.856228e-07
-81.13497683767741,138.75,7.357281e-07,7.493927e-07
-81.13497683767741,140.625,8.3933014e-07,9.167925e-07
-81.13497683767741,142.5,1.0158334e-06,1.0116012e-06
-81.13497683767741,144.375,1.259688e-06,1.2585356e-06
-81.13497683767741,146.25,1.5116898e-06,1.506166e-06
-81.13497683767741,148.125,1.8250623e-06,1.8099082e-06
-81.13497683767741,150.0,2.255901e-06,2.1542696e-06
-81.13497683767741,151.875,2.6820949e-06,2.5202726e-06
-81.13497683767741,153.75,3.2294058e-06,2.9813339e-06
-81.13497683767741,155.625,3.8613202e-06,3.5163862e-06
-81.13497683767741,157.5,4.5612383e-06,4.100606e-06
-81.13497683767741,159.375,5.4045963e-06,4.8488946e-06
-81.13497683767741,161.25,6.264739e-06,5.619638e-06
-81.13497683767741,163.125,7.070798e-06,6.2927306e-06
-81.13497683767741,165.0,7.5444377e-06,6.888657e-06
-81.13497683767741,166.875,7.7749755e-06,7.1578165e-06
-81.13497683767741,168.75,7.6285414e-06,7.1419545e-06
-81.13497683767741,170.625,7.140514e-06,6.7061674e-06
-81.13497683767741,172.5,6.4357027e-06,6.0404304e-06
-81.13497683767741,174.375,5.614505e-06,5.3051654e-06
-81.13497683767741,176.25,4.71443e-06,4.580669e-06
-81.13497683767741,178.125,3.9515926e-06,3.8751173e-06
-81.13497683767741,180.0,3.3455883e-06,3.2233568e-06
-81.13497683767741,181.875,2.9466732e-06,2.7094702e-06
-81.13497683767741,183.75,2.7827723e-06,2.3388116e-06
-81.13497683767741,185.625,2.6897342e-06,2.1675949e-06
-81.13497683767741,187.5,2.7792425e-06,2.2265917e-06
-81.13497683767741,189.375,2.9107625e-06,2.3157986e-06
-81.13497683767741,191.25,3.101228e-06,2.4850171e-06
-81.13497683767741,193.125,3.3255828e-06,2.6888574e-06
-81.13497683767741,195.0,3.4624993e-06,2.7112942e-06
-81.13497683767741,196.875,3.642156e-06,2.8542124e-06
-81.13497683767741,198.75,3.811798e-06,2.9778432e-06
-81.13497683767741,200.625,4.057562e-06,3.1400734e-06
-81.13497683767741,202.5,4.1015405e-06,3.2490439e-06
-81.13497683767741,204.375,4.087816e-06,3.3546764e-06
-81.13497683767741,206.25,4.016651e-06,3.4242582e-06
-81.13497683767741,208.125,3.7862367e-06,3.3117888e-06
-81.13497683767741,210.0,3.4591294e-06,3.110398e-06
-81.13497683767741,211.875,3.1388963e-06,2.9506616e-06
-81.13497683767741,213.75,2.8683962e-06,2.787871e-06
-81.13497683767741,215.625,2.621878e-06,2.619761e-06
-81.13497683767741,217.5,2.3774446e-06,2.4538092e-06
-81.13497683767741,219.375,2.268717e-06,2.311238e-06
-81.13497683767741,221.25,2.25261e-06,2.2848462e-06
-81.13497683767741,223.125,2.282466e-06,2.232307e-06
-81.13497683767741,225.0,2.360911e-06,2.25336e-06
-81.13497683767741,226.875,2.4554602e-06,2.3487828e-06
-81.13497683767741,228.75,2.62907e-06,2.472852e-06
-81.13497683767741,230.625,2.8155791e-06,2.5702789e-06
-81.13497683767741,232.5,2.992351e-06,2.7532656e-06
-81.13497683767741,234.375,3.0426936e-06,2.8434674e-06
-81.13497683767741,236.25,3.2294254e-06,3.0579454e-06
-81.13497683767741,238.125,3.3039635e-06,3.1470654e-06
-81.13497683767741,240.0,3.3634287e-06,3.1773768e-06
-81.13497683767741,241.875,3.385935e-06,3.1151712e-06
-81.13497683767741,243.75,3.5344326e-06,3.1227905e-06
-81.13497683767741,245.625,3.5097203e-06,3.0343708e-06
-81.13497683767741,247.5,3.5965443e-06,2.930089e-06
-81.13497683767741,249.375,3.7311797e-06,2.8382246e-06
-81.13497683767741,251.25,3.856621e-06,2.6472944e-06
-81.13497683767741,253.125,3.8983167e-06,2.52529e-06
-81.13497683767741,255.0,3.7478758e-06,2.3574416e-06
-81.13497683767741,256.875,3.5262356e-06,2.141756e-06
-81.13497683767741,258.75,3.220468e-06,1.8536024e-06
-81.13497683767741,260.625,2.8980542e-06,1.5393474e-06
-81.13497683767741,262.5,2.8403324e-06,1.4886963e-06
-81.13497683767741,264.375,2.8880831e-06,1.5703052e-06
-81.13497683767741,266.25,3.1214631e-06,1.9585868e-06
-81.13497683767741,268.125,3.5151131e-06,2.343147e-06
-81.13497683767741,270.0,3.932032e-06,2.7406002e-06
-81.13497683767741,271.875,4.4237463e-06,3.2346663e-06
-81.13497683767741,273.75,4.8251677e-06,3.7314662e-06
-81.13497683767741,275.625,5.1388038e-06,4.122236e-06
-81.13497683767741,277.5,5.278449e-06,4.439508e-06
-81.13497683767741,279.375,5.259283e-06,4.630256e-06
-81.13497683767741,281.25,5.0602557e-06,4.7814256e-06
-81.13497683767741,283.125,4.7448084e-06,4.771903e-06
-81.13497683767741,285.0,4.367611e-06,4.6388304e-06
-81.13497683767741,286.875,3.8873563e-06,4.3427735e-06
-81.13497683767741,288.75,3.330678e-06,3.897518e-06
-81.13497683767741,290.625,2.8042646e-06,3.3058284e-06
-81.13497683767741,292.5,2.3128293e-06,2.7981707e-06
-81.13497683767741,294.375,1.9307945e-06,2.3412074e-06
-81.13497683767741,296.25,1.7170103e-06,2.1094977e-06
-81.13497683767741,298.125,1.6107936e-06,1.9434303e-06
-81.13497683767741,300.0,1.5961901e-06,1.8648028e-06
-81.13497683767741,301.875,1.599778e-06,1.7699218e-06
-81.13497683767741,303.75,1.7221554e-06,1.8087667e-06
-81.13497683767741,305.625,1.8686396e-06,1.9256147e-06
-81.13497683767741,307.5,2.0392558e-06,2.0230718e-06
-81.13497683767741,309.375,2.2138347e-06,2.1470564e-06
-81.13497683767741,311.25,2.4040207e-06,2.3259543e-06
-81.13497683767741,313.125,2.5175893e-06,2.4337355e-06
-81.13497683767741,315.0,2.6012194e-06,2.524773e-06
-81.13497683767741,316.875,2.6126008e-06,2.5693232e-06
-81.13497683767741,318.75,2.5705847e-06,2.5589384e-06
-81.13497683767741,320.625,2.4525623e-06,2.4960955e-06
-81.13497683767741,322.5,2.2608797e-06,2.3836199e-06
-81.13497683767741,324.375,2.0953726e-06,2.2995841e-06
-81.13497683767741,326.25,1.9540937e-06,2.224836e-06
-81.13497683767741,328.125,1.8055005e-06,2.1015878e-06
-81.13497683767741,330.0,1.6404523e-06,1.9137108e-06
-81.13497683767741,331.875,1.4944989e-06,1.7763983e-06
-81.13497683767741,333.75,1.4014773e-06,1.6364471e-06
-81.13497683767741,335.625,1.3392579e-06,1.562396e-06
-81.13497683767741,337.5,1.2782106e-06,1.4549531e-06
-81.13497683767741,339.375,1.2596188e-06,1.4177202e-06
-81.13497683767741,341.25,1.2151982e-06,1.3405684e-06
-81.13497683767741,343.125,1.1548199e-06,1.2472736e-06
-81.13497683767741,345.0,1.1706335e-06,1.2140042e-06
-81.13497683767741,346.875,1.1852843e-06,1.2457452e-06
-81.13497683767741,348.75,1.1646567e-06,1.1423059e-06
-81.13497683767741,350.625,1.1419179e-06,1.0774368e-06
-81.13497683767741,352.5,1.2100724e-06,1.1342041e-06
-81.13497683767741,354.375,1.255562e-06,1.0897832e-06
-81.13497683767741,356.25,1.2666518e-06,1.0606034e-06
-81.13497683767741,358.125,1.3041328e-06,1.0835776e-06
-79.27055903485967,0.0,1.3282505e-06,8.562969e-07
-79.27055903485967,1.875,1.3494358e-06,8.6880124e-07
-79.27055903485967,3.75,1.3696464e-06,8.3876296e-07
-79.27055903485967,5.625,1.4287999e-06,9.427424e-07
-79.27055903485967,7.5,1.5069261e-06,1.0822004e-06
-79.27055903485967,9.375,1.5484482e-06,1.0547949e-06
-79.27055903485967,11.25,1.5940641e-06,1.0421536e-06
-79.27055903485967,13.125,1.5883681e-06,1.0779155e-06
-79.27055903485967,15.0,1.5576916e-06,1.0209881e-06
-79.27055903485967,16.875,1.5534528e-06,9.794148e-07
-79.27055903485967,18.75,1.47931e-06,9.487208e-07
-79.27055903485967,20.625,1.4083525e-06,8.6415326e-07
-79.27055903485967,22.5,1.2926819e-06,7.739075e-07
-79.27055903485967,24.375,1.2018464e-06,7.412091e-07
-79.27055903485967,26.25,1.1396868e-06,6.8703355e-07
-79.27055903485967,28.125,1.0066335e-06,5.63606e-07
-79.27055903485967,30.0,9.657903e-07,5.7965195e-07
-79.27055903485967,31.875,9.325499e-07,5.368375e-07
-79.27055903485967,33.75,8.541285e-07,4.644399e-07
-79.27055903485967,35.625,8.470377e-07,4.2315244e-07
-79.27055903485967,37.5,8.6140676e-07,4.3937294e-07
-79.27055903485967,39.375,8.452796e-07,4.3717694e-07
-79.27055903485967,41.25,7.944925e-07,3.2858966e-07
-79.27055903485967,43.125,7.739216e-07,3.5099006e-07
-79.27055903485967,45.0,7.600544e-07,3.7082572e-07
-79.27055903485967,46.875,7.393288e-07,3.6372595e-07
-79.27055903485967,48.75,7.083494e-07,3.4900324e-07
-79.27055903485967,50.625,7.017229e-07,3.4312572e-07
-79.27055903485967,52.5,7.2504406e-07,3.8527156e-07
-79.27055903485967,54.375,7.1749105e-07,3.9072754e-07
-79.27055903485967,56.25,7.70831e-07,4.343291e-07
-79.27055903485967,58.125,7.9900667e-07,4.4933276e-07
-79.27055903485967,60.0,8.487939e-07,4.835434e-07
-79.27055903485967,61.875,8.8107697e-07,5.0557094e-07
-79.27055903485967,63.75,9.1399704e-07,5.202382e-07
-79.27055903485967,65.625,9.329469e-07,5.2148226e-07
-79.27055903485967,67.5,9.4736765e-07,5.390203e-07
-79.27055903485967,69.375,9.755754e-07,5.595191e-07
-79.27055903485967,71.25,1.0129808e-06,5.685872e-07
-79.27055903485967,73.125,1.0589025e-06,5.8856915e-07
-79.27055903485967,75.0,1.0912573e-06,5.949731e-07
-79.27055903485967,76.875,1.1275343e-06,5.959187e-07
-79.27055903485967,78.75,1.1163391e-06,5.6318265e-07
-79.27055903485967,80.625,1.0896715e-06,5.4547866e-07
-79.27055903485967,82.5,1.0227434e-06,4.8796335e-07
-79.27055903485967,84.375,9.719458e-07,4.2910705e-07
-79.27055903485967,86.25,8.7129445e-07,3.900782e-07
-79.27055903485967,88.125,7.630834e-07,3.1791302e-07
-79.27055903485967,90.0,6.762326e-07,2.643105e-07
-79.27055903485967,91.875,5.825823e-07,2.1889717e-07
-79.27055903485967,93.75,4.9965223e-07,2.0892051e-07
-79.27055903485967,95.625,4.4127722e-07,1.9158291e-07
-79.27055903485967,97.5,3.9492718e-07,1.776977e-07
-79.27055903485967,99.375,3.79353e-07,2.0835022e-07
-79.27055903485967,101.25,3.6990474e-07,2.2541387e-07
-79.27055903485967,103.125,3.7175545e-07,2.3601484e-07
-79.27055903485967,105.0,3.5893464e-07,2.360248e-07
-79.27055903485967,106.875,3.907636e-07,2.6919614e-07
-79.27055903485967,108.75,3.8600336e-07,2.660365e-07
-79.27055903485967,110.625,4.1278923e-07,2.8374347e-07
-79.27055903485967,112.5,4.3922148e-07,3.0688227e-07
-79.27055903485967,114.375,4.5358394e-07,3.2291376e-07
-79.27055903485967,116.25,4.6424555e-07,3.48896e-07
-79.27055903485967,118.125,4.734032e-07,3.5582474e-07
-79.27055903485967,120.0,4.900225e-07,3.780712e-07
-79.27055903485967,121.875,5.004395e-07,3.9895247e-07
-79.27055903485967,123.75,5.0916816e-07,4.2307641e-07
-79.27055903485967,125.625,5.4509206e-07,4.1899693e-07
-79.27055903485967,127.5,5.561129e-07,4.5123085e-07
-79.27055903485967,129.375,5.855119e-07,4.5974124e-07
-79.27055903485967,131.25,6.050314e-07,4.8338603e-07
-79.27055903485967,133.125,6.418153e-07,4.879439e-07
-79.27055903485967,135.0,6.981111e-07,5.664172e-07
-79.27055903485967,136.875,7.8869897e-07,6.1278763e-07
-79.27055903485967,138.75,9.0639196e-07,7.655347e-07
-79.27055903485967,140.625,1.1054527e-06,9.4454515e-07
-79.27055903485967,142.5,1.3327382e-06,1.1378451e-06
-79.27055903485967,144.375,1.6860544e-06,1.4387178e-06
-79.27055903485967,146.25,2.1156236e-06,1.8010558e-06
-79.27055903485967,148.125,2.6379544e-06,2.1986068e-06
-79.27055903485967,150.0,3.2459222e-06,2.693657e-06
-79.27055903485967,151.875,3.9049705e-06,3.2744797e-06
-79.27055903485967,153.75,4.6847476e-06,3.9185165e-06
-79.27055903485967,155.625,5.4578786e-06,4.6049704e-06
-79.27055903485967,157.5,6.2353965e-06,5.290015e-06
-79.27055903485967,159.375,6.8631534e-06,5.902105e-06
-79.27055903485967,161.25,7.3595165e-06,6.4323203e-06
-79.27055903485967,163.125,7.589979e-06,6.8577947e-06
-79.27055903485967,165.0,7.450672e-06,7.0066194e-06
-79.27055903485967,166.875,7.2048592e-06,6.98015e-06
-79.27055903485967,168.75,6.6859143e-06,6.605791e-06
-79.27055903485967,170.625,5.860748e-06,5.827987e-06
-79.27055903485967,172.5,5.00372e-06,4.996154e-06
-79.27055903485967,174.375,4.248793e-06,4.145499e-06
-79.27055903485967,176.25,3.7689292e-06,3.4267096e-06
-79.27055903485967,178.125,3.5284459e-06,2.8246418e-06
-79.27055903485967,180.0,3.5122032e-06,2.5532922e-06
-79.27055903485967,181.875,3.6506128e-06,2.4200142e-06
-79.27055903485967,183.75,3.916531e-06,2.4515878e-06
-79.27055903485967,185.625,4.185736e-06,2.6107075e-06
-79.27055903485967,187.5,4.490053e-06,2.9641124e-06
-79.27055903485967,189.375,4.9370574e-06,3.3535898e-06
-79.27055903485967,191.25,5.3681624e-06,3.7400416e-06
-79.27055903485967,193.125,5.763529e-06,4.056311e-06
-79.27055903485967,195.0,6.111512e-06,4.402854e-06
-79.27055903485967,196.875,6.4941787e-06,4.769227e-06
-79.27055903485967,198.75,6.8280906e-06,5.0698977e-06
-79.27055903485967,200.625,7.138895e-06,5.337247e-06
-79.27055903485967,202.5,7.319135e-06,5.640056e-06
-79.27055903485967,204.375,7.4089926e-06,5.8249843e-06
-79.27055903485967,206.25,7.2898897e-06,5.8162636e-06
-79.27055903485967,208.125,6.9725465e-06,5.686304e-06
-79.27055903485967,210.0,6.458441e-06,5.4588963e-06
-79.27055903485967,211.875,6.04111e-06,5.2426794e-06
-79.27055903485967,213.75,5.5299415e-06,4.948897e-06
-79.27055903485967,215.625,5.0029007e-06,4.5784705e-06
-79.27055903485967,217.5,4.5844954e-06,4.2752295e-06
-79.27055903485967,219.375,4.215209e-06,3.911106e-06
-79.27055903485967,221.25,3.842703e-06,3.744061e-06
-79.27055903485967,223.125,3.4019615e-06,3.361571e-06
-79.27055903485967,225.0,2.9998273e-06,2.9589564e-06
-79.27055903485967,226.875,2.7008784e-06,2.6529508e-06
-79.27055903485967,228.75,2.4729939e-06,2.470898e-06
-79.27055903485967,230.625,2.3347172e-06,2.3366945e-06
-79.27055903485967,232.5,2.2311535e-06,2.09286e-06
-79.27055903485967,234.375,2.1584742e-06,1.9448535e-06
-79.27055903485967,236.25,2.0858797e-06,1.8023993e-06
-79.27055903485967,238.125,2.1949704e-06,1.7790857e-06
-79.27055903485967,240.0,2.3065616e-06,1.638479e-06
-79.27055903485967,241.875,2.4845585e-06,1.5048146e-06
-79.27055903485967,243.75,2.7849555e-06,1.6657428e-06
-79.27055903485967,245.625,3.2980606e-06,1.9076913e-06
-79.27055903485967,247.5,3.87168e-06,2.293208e-06
-79.27055903485967,249.375,4.4355406e-06,2.6381042e-06
-79.27055903485967,251.25,4.8474776e-06,2.8622926e-06
-79.27055903485967,253.125,5.0168305e-06,3.030409e-06
-79.27055903485967,255.0,5.1352267e-06,3.113266e-06
-79.27055903485967,256.875,4.9749005e-06,2.9710811e-06
-79.27055903485967,258.75,4.749231e-06,2.7716746e-06
-79.27055903485967,260.625,4.452163e-06,2.5233069e-06
-79.27055903485967,262.5,4.184295e-06,2.392503e-06
-79.27055903485967,264.375,4.0972213e-06,2.4065046e-06
-79.27055903485967,266.25,4.3385544e-06,2.6130567e-06
-79.27055903485967,268.125,4.670367e-06,2.9507194e-06
-79.27055903485967,270.0,5.263363e-06,3.3734973e-06
-79.27055903485967,271.875,5.802054e-06,3.961286e-06
-79.27055903485967,273.75,6.3962198e-06,4.482528e-06
-79.27055903485967,275.625,6.841851e-06,4.983519e-06
-79.27055903485967,277.5,7.0936208e-06,5.395785e-06
-79.27055903485967,279.375,6.989734e-06,5.563018e-06
-79.27055903485967,281.25,6.5106306e-06,5.6072604e-06
-79.27055903485967,283.125,5.922338e-06,5.5604783e-06
-79.27055903485967,285.0,5.248299e-06,5.430912e-06
-79.27055903485967,286.875,4.5785605e-06,5.114698e-06
-79.27055903485967,288.75,3.9262204e-06,4.572756e-06
-79.27055903485967,290.625,3.3474673e-06,4.0266964e-06
-79.27055903485967,292.5,2.897177e-06,3.488456e-06
-79.27055903485967,294.375,2.593437e-06,3.0152758e-06
-79.27055903485967,296.25,2.3916102e-06,2.6778055e-06
-79.27055903485967,298.125,2.280213e-06,2.4418873e-06
-79.27055903485967,300.0,2.326389e-06,2.303078e-06
-79.27055903485967,301.875,2.379395e-06,2.2083332e-06
-79.27055903485967,303.75,2.5065153e-06,2.2650815e-06
-79.27055903485967,305.625,2.5479417e-06,2.3656692e-06
-79.27055903485967,307.5,2.6500284e-06,2.5332956e-06
-79.27055903485967,309.375,2.7856277e-06,2.6988075e-06
-79.27055903485967,311.25,2.8271188e-06,2.8098111e-06
-79.27055903485967,313.125,2.71024e-06,2.7712108e-06
-79.27055903485967,315.0,2.510284e-06,2.555449e-06
-79.27055903485967,316.875,2.2523632e-06,2.2942197e-06
-79.27055903485967,318.75,1.9836602e-06,2.0430168e-06
-79.27055903485967,320.625,1.6930168e-06,1.8178839e-06
-79.27055903485967,322.5,1.4880372e-06,1.6528409e-06
-79.27055903485967,324.375,1.3466952e-06,1.533789e-06
-79.27055903485967,326.25,1.2710999e-06,1.4992507e-06
-79.27055903485967,328.125,1.2109621e-06,1.4444189e-06
-79.27055903485967,330.0,1.2540979e-06,1.4735356e-06
-79.27055903485967,331.875,1.3210282e-06,1.5089489e-06
-79.27055903485967,333.75,1.3731465e-06,1.4938e-06
-79.27055903485967,335.625,1.4666224e-06,1.4952527e-06
-79.27055903485967,337.5,1.5507109e-06,1.513142e-06
-79.27055903485967,339.375,1.6135216e-06,1.5214231e-06
-79.27055903485967,341.25,1.6547139e-06,1.5064174e-06
-79.27055903485967,343.125,1.6799668e-06,1.4639685e-06
-79.27055903485967,345.0,1.6727007e-06,1.4012052e-06
-79.27055903485967,346.875,1.63377e-06,1.336561e-06
-79.27055903485967,348.75,1.5254475e-06,1.1980776e-06
-79.27055903485967,350.625,1.4532094e-06,1.0801444e-06
-79.27055903485967,352.5,1.3592559e-06,9.922843e-07
-79.27055903485967,354.375,1.3115355e-06,9.3326105e-07
-79.27055903485967,356.25,1.2852333e-06,8.646071e-07
-79.27055903485967,358.125,1.3044564e-06,8.5023e-07
-77.4058880820788,0.0,9.5129536e-07,6.846807e-07
-77.4058880820788,1.875,9.0273346e-07,6.725226e-07
-77.4058880820788,3.75,8.556941e-07,6.154357e-07
-77.4058880820788,5.625,8.122927e-07,5.8947484e-07
-77.4058880820788,7.5,8.1532284e-07,6.204618e-07
-77.4058880820788,9.375,8.619911e-07,6.25757e-07
-77.4058880820788,11.25,8.6136833e-07,6.6486984e-07
-77.4058880820788,13.125,8.8425423e-07,6.470684e-07
-77.4058880820788,15.0,8.775527e-07,6.1573945e-07
-77.4058880820788,16.875,8.799166e-07,6.729373e-07
-77.4058880820788,18.75,8.8966203e-07,6.269746e-07
-77.4058880820788,20.625,8.3732215e-07,5.8880084e-07
-77.4058880820788,22.5,7.74088e-07,4.536039e-07
-77.4058880820788,24.375,7.819572e-07,4.986885e-07
-77.4058880820788,26.25,7.3783144e-07,4.4100145e-07
-77.4058880820788,28.125,7.208889e-07,4.0067115e-07
-77.4058880820788,30.0,6.658933e-07,3.3110445e-07
-77.4058880820788,31.875,6.438953e-07,3.051061e-07
-77.4058880820788,33.75,6.4226697e-07,3.1720617e-07
-77.4058880820788,35.625,6.298549e-07,2.7271162e-07
-77.4058880820788,37.5,5.865235e-07,2.4285296e-07
-77.4058880820788,39.375,5.85903e-07,2.397058e-07
-77.4058880820788,41.25,5.754625e-07,2.5866188e-07
-77.4058880820788,43.125,5.831101e-07,2.862589e-07
-77.4058880820788,45.0,5.9825675e-07,3.5143935e-07
-77.4058880820788,46.875,6.0892575e-07,4.0766284e-07
-77.4058880820788,48.75,6.607955e-07,4.816004e-07
-77.4058880820788,50.625,7.092417e-07,5.1697447e-07
-77.4058880820788,52.5,7.9277856e-07,5.8834104e-07
-77.4058880820788,54.375,8.903831e-07,6.4979076e-07
-77.4058880820788,56.25,9.725289e-07,6.9162314e-07
-77.4058880820788,58.125,1.0597012e-06,7.399859e-07
-77.4058880820788,60.0,1.113463e-06,7.675635e-07
-77.4058880820788,61.875,1.1247213e-06,7.546501e-07
-77.4058880820788,63.75,1.1250772e-06,7.69578e-07
-77.4058880820788,65.625,1.127884e-06,7.931841e-07
-77.4058880820788,67.5,1.1600621e-06,8.0741256e-07
-77.4058880820788,69.375,1.2302916e-06,8.3696034e-07
-77.4058880820788,71.25,1.3265376e-06,8.8869047e-07
-77.4058880820788,73.125,1.4611974e-06,9.1043523e-07
-77.4058880820788,75.0,1.6123585e-06,9.262454e-07
-77.4058880820788,76.875,1.7569929e-06,9.2160406e-07
-77.4058880820788,78.75,1.8227262e-06,9.322175e-07
-77.4058880820788,80.625,1.8339567e-06,9.1013624e-07
-77.4058880820788,82.5,1.8188085e-06,8.865927e-07
-77.4058880820788,84.375,1.6775516e-06,8.153756e-07
-77.4058880820788,86.25,1.5338969e-06,7.136159e-07
-77.4058880820788,88.125,1.3480176e-06,6.147172e-07
-77.4058880820788,90.0,1.173564e-06,4.998573e-07
-77.4058880820788,91.875,9.710753e-07,4.1051757e-07
-77.4058880820788,93.75,8.5591705e-07,3.4519968e-07
-77.4058880820788,95.625,7.11102e-07,2.786215e-07
-77.4058880820788,97.5,6.043156e-07,2.530226e-07
-77.4058880820788,99.375,5.149479e-07,2.2972408e-07
-77.4058880820788,101.25,4.6795512e-07,2.5202522e-07
-77.4058880820788,103.125,4.4921515e-07,2.5347606e-07
-77.4058880820788,105.0,4.2926462e-07,2.8546248e-07
-77.4058880820788,106.875,4.1812294e-07,3.0027195e-07
-77.4058880820788,108.75,4.0861153e-07,2.8171883e-07
-77.4058880820788,110.625,4.0117055e-07,3.0520243e-07
-77.4058880820788,112.5,4.072694e-07,3.0316298e-07
-77.4058880820788,114.375,4.2560043e-07,3.170433e-07
-77.4058880820788,116.25,4.4161789e-07,3.160878e-07
-77.4058880820788,118.125,4.6951754e-07,3.1712065e-07
-77.4058880820788,120.0,5.103786e-07,3.5282028e-07
-77.4058880820788,121.875,5.7341225e-07,3.9874195e-07
-77.4058880820788,123.75,6.155722e-07,4.3886854e-07
-77.4058880820788,125.625,6.49094e-07,4.6195296e-07
-77.4058880820788,127.5,6.90984e-07,4.9007576e-07
-77.4058880820788,129.375,6.783586e-07,4.9840804e-07
-77.4058880820788,131.25,7.100469e-07,4.9329776e-07
-77.4058880820788,133.125,6.9120637e-07,4.929709e-07
-77.4058880820788,135.0,6.9700184e-07,4.985101e-07
-77.4058880820788,136.875,7.0277457e-07,4.873841e-07
-77.4058880820788,138.75,7.3757343e-07,5.3816916e-07
-77.4058880820788,140.625,8.1943114e-07,5.9712664e-07
-77.4058880820788,142.5,9.424043e-07,6.7827335e-07
-77.4058880820788,144.375,1.1345311e-06,7.628382e-07
-77.4058880820788,146.25,1.4180192e-06,9.970108e-07
-77.4058880820788,148.125,1.7547006e-06,1.2492036e-06
-77.4058880820788,150.0,2.1966812e-06,1.6162859e-06
-77.4058880820788,151.875,2.687623e-06,2.0110242e-06
-77.4058880820788,153.75,3.1932275e-06,2.5106997e-06
-77.4058880820788,155.625,3.6935216e-06,3.0244178e-06
-77.4058880820788,157.5,4.160101e-06,3.565705e-06
-77.4058880820788,159.375,4.574927e-06,4.120042e-06
-77.4058880820788,161.25,4.9097252e-06,4.62251e-06
-77.4058880820788,163.125,5.0876974e-06,4.973931e-06
-77.4058880820788,165.0,8.098742e-06,6.1943847e-06
-77.4058880820788,166.875,9.455782e-06,5.8753244e-06
-77.4058880820788,168.75,9.308311e-06,5.3872973e-06
-77.4058880820788,170.625,8.310576e-06,4.6304326e-06
-77.4058880820788,172.5,7.524136e-06,3.9708066e-06
-77.4058880820788,174.375,6.9480025e-06,3.289572e-06
-77.4058880820788,176.25,6.7948426e-06,2.8950242e-06
-77.4058880820788,178.125,7.0746623e-06,2.7744736e-06
-77.4058880820788,180.0,7.3847823e-06,2.7557526e-06
-77.4058880820788,181.875,8.008097e-06,2.9910398e-06
-77.4058880820788,183.75,8.848184e-06,3.3806384e-06
-77.4058880820788,185.625,9.587025e-06,3.8355233e-06
-77.4058880820788,187.5,1.0203698e-05,4.3812743e-06
-77.4058880820788,189.375,1.0792571e-05,4.8572533e-06
-77.4058880820788,191.25,1.1002473e-05,5.0710078e-06
-77.4058880820788,193.125,1.0674029e-05,5.198248e-06
-77.4058880820788,195.0,1.0145767e-05,5.2225223e-06
-77.4058880820788,196.875,9.598271e-06,5.1010315e-06
-77.4058880820788,198.75,9.224724e-06,5.057696e-06
-77.4058880820788,200.625,9.131347e-06,5.2866103e-06
-77.4058880820788,202.5,8.983208e-06,5.383885e-06
-77.4058880820788,204.375,9.237742e-06,5.4657203e-06
-77.4058880820788,206.25,9.8306755e-06,5.7327684e-06
-77.4058880820788,208.125,1.0283648e-05,6.247154e-06
-77.4058880820788,210.0,9.138701e-06,6.7082565e-06
-77.4058880820788,211.875,9.614497e-06,6.9751263e-06
-77.4058880820788,213.75,1.0008727e-05,7.1163636e-06
-77.4058880820788,215.625,1.0152231e-05,7.1743134e-06
-77.4058880820788,217.5,1.0083758e-05,7.065289e-06
-77.4058880820788,219.375,9.833806e-06,6.777066e-06
-77.4058880820788,221.25,9.324085e-06,6.3220787e-06
-77.4058880820788,223.125,8.786075e-06,5.849495e-06
-77.4058880820788,225.0,8.125777e-06,5.2160617e-06
-77.4058880820788,226.875,7.424787e-06,4.6410787e-06
-77.4058880820788,228.75,6.703286e-06,3.9828647e-06
-77.4058880820788,230.625,6.1729106e-06,3.421165e-06
-77.4058880820788,232.5,5.741089e-06,3.1177092e-06
-77.4058880820788,234.375,5.6923227e-06,3.053136e-06
-77.4058880820788,236.25,6.0394173e-06,3.3163165e-06
-77.4058880820788,238.125,6.6847574e-06,3.7958446e-06
-77.4058880820788,240.0,7.5368566e-06,4.529339e-06
-77.4058880820788,241.875,8.542147e-06,5.335023e-06
-77.4058880820788,243.75,9.59515e-06,6.0230686e-06
-77.4058880820788,245.625,1.0621396e-05,6.8592517e-06
-77.4058880820788,247.5,1.140997e-05,7.4932755e-06
-77.4058880820788,249.375,1.1727398e-05,7.768732e-06
-77.4058880820788,251.25,1.1598666e-05,7.766793e-06
-77.4058880820788,253.125,1.10916935e-05,7.5767794e-06
-77.4058880820788,255.0,1.0305664e-05,7.0911306e-06
-77.4058880820788,256.875,9.380274e-06,6.5082954e-06
-77.4058880820788,258.75,8.47755e-06,5.858249e-06
-77.4058880820788,260.625,7.6263777e-06,5.221663e-06
-77.4058880820788,262.5,6.9785146e-06,4.64643e-06
-77.4058880820788,264.375,6.495023e-06,4.2738425e-06
-77.4058880820788,266.25,6.178852e-06,3.9995257e-06
-77.4058880820788,268.125,6.3508064e-06,4.0608356e-06
-77.4058880820788,270.0,6.6817556e-06,4.234295e-06
-77.4058880820788,271.875,7.2036846e-06,4.5282e-06
-77.4058880820788,273.75,7.85769e-06,4.882286e-06
-77.4058880820788,275.625,8.346545e-06,5.230848e-06
-77.4058880820788,277.5,8.655956e-06,5.437919e-06
-77.4058880820788,279.375,8.718823e-06,5.490038e-06
-77.4058880820788,281.25,8.442998e-06,5.6059775e-06
-77.4058880820788,283.125,8.112437e-06,5.7647476e-06
-77.4058880820788,285.0,7.806021e-06,5.8402684e-06
-77.4058880820788,286.875,7.4930667e-06,5.7347297e-06
-77.4058880820788,288.75,7.291888e-06,5.6231574e-06
-77.4058880820788,290.625,7.0679816e-06,5.3722915e-06
-77.4058880820788,292.5,6.7706324e-06,5.1719926e-06
-77.4058880820788,294.375,6.3793354e-06,4.929522e-06
-77.4058880820788,296.25,6.1844617e-06,4.7128847e-06
-77.4058880820788,298.125,7.885588e-06,4.3369955e-06
-77.4058880820788,300.0,7.693314e-06,3.7915443e-06
-77.4058880820788,301.875,7.084147e-06,3.4502648e-06
-77.4058880820788,303.75,6.4626056e-06,3.1918476e-06
-77.4058880820788,305.625,6.0688785e-06,2.9904375e-06
-77.4058880820788,307.5,5.84006e-06,2.8146344e-06
-77.4058880820788,309.375,5.566458e-06,2.733846e-06
-77.4058880820788,311.25,5.419229e-06,2.6464313e-06
-77.4058880820788,313.125,5.26749e-06,2.5590355e-06
-77.4058880820788,315.0,5.2141077e-06,2.4935166e-06
-77.4058880820788,316.875,5.3234257e-06,2.4836386e-06
-77.4058880820788,318.75,5.411181e-06,2.5075165e-06
-77.4058880820788,320.625,5.675845e-06,2.5995416e-06
-77.4058880820788,322.5,5.894412e-06,2.755341e-06
-77.4058880820788,324.375,6.0607435e-06,2.9901041e-06
-77.4058880820788,326.25,5.506803e-06,3.1756847e-06
-77.4058880820788,328.125,3.644533e-06,3.3057183e-06
-77.4058880820788,330.0,3.7806822e-06,3.357166e-06
-77.4058880820788,331.875,3.998068e-06,3.3616702e-06
-77.4058880820788,333.75,4.128145e-06,3.2505675e-06
-77.4058880820788,335.625,4.2132597e-06,3.0577933e-06
-77.4058880820788,337.5,4.187547e-06,2.8712464e-06
-77.4058880820788,339.375,4.102722e-06,2.6554242e-06
-77.4058880820788,341.25,3.8355347e-06,2.371435e-06
-77.4058880820788,343.125,3.6506817e-06,2.1770006e-06
-77.4058880820788,345.0,3.5156681e-06,2.041275e-06
-77.4058880820788,346.875,3.231053e-06,1.8465053e-06
-77.4058880820788,348.75,2.91579e-06,1.676232e-06
-77.4058880820788,350.625,2.5590145e-06,1.5620548e-06
-77.4058880820788,352.5,2.09384e-06,1.315016e-06
-77.4058880820788,354.375,1.6673222e-06,1.1624785e-06
-77.4058880820788,356.25,1.3853144e-06,9.823907e-07
-77.4058880820788,358.125,1.151783e-06,8.663005e-07
-75.54106145287895,0.0,1.7223158e-06,1.2565447e-06
-75.54106145287895,1.875,1.5136161e-06,1.0637906e-06
-75.54106145287895,3.75,1.3798976e-06,8.970517e-07
-75.54106145287895,5.625,1.2620663e-06,7.6732664e-07
-75.54106145287895,7.5,1.199192e-06,7.225194e-07
-75.54106145287895,9.375,1.1680233e-06,6.852145e-07
-75.54106145287895,11.25,1.1859545e-06,6.6882984e-07
-75.54106145287895,13.125,1.214774e-06,6.578428e-07
-75.54106145287895,15.0,1.2551297e-06,6.489814e-07
-75.54106145287895,16.875,1.3211898e-06,6.697171e-07
-75.54106145287895,18.75,1.330725e-06,6.7104844e-07
-75.54106145287895,20.625,1.4083184e-06,7.39676e-07
-75.54106145287895,22.5,1.4313192e-06,7.71406e-07
-75.54106145287895,24.375,1.4242581e-06,7.849572e-07
-75.54106145287895,26.25,1.4357506e-06,8.01248e-07
-75.54106145287895,28.125,1.4026155e-06,7.7727327e-07
-75.54106145287895,30.0,1.3525926e-06,7.6024077e-07
-75.54106145287895,31.875,1.2608035e-06,7.0986545e-07
-75.54106145287895,33.75,1.1850977e-06,6.687218e-07
-75.54106145287895,35.625,1.0994634e-06,6.125501e-07
-75.54106145287895,37.5,1.0203352e-06,5.878413e-07
-75.54106145287895,39.375,9.310324e-07,5.621774e-07
-75.54106145287895,41.25,8.745116e-07,5.669569e-07
-75.54106145287895,43.125,8.4408833e-07,5.720472e-07
-75.54106145287895,45.0,8.17056e-07,6.0439373e-07
-75.54106145287895,46.875,8.201507e-07,6.3572077e-07
-75.54106145287895,48.75,8.219054e-07,6.818512e-07
-75.54106145287895,50.625,8.363367e-07,7.3576274e-07
-75.54106145287895,52.5,8.914356e-07,8.0602e-07
-75.54106145287895,54.375,9.266843e-07,8.7188477e-07
-75.54106145287895,56.25,9.5182173e-07,9.3566206e-07
-75.54106145287895,58.125,9.4722867e-07,9.2096457e-07
-75.54106145287895,60.0,9.0404967e-07,8.9551287e-07
-75.54106145287895,61.875,8.634073e-07,8.4131733e-07
-75.54106145287895,63.75,8.045438e-07,8.346717e-07
-75.54106145287895,65.625,7.956772e-07,8.718643e-07
-75.54106145287895,67.5,8.4797983e-07,9.17213e-07
-75.54106145287895,69.375,9.590754e-07,9.737934e-07
-75.54106145287895,71.25,1.1324348e-06,1.0303766e-06
-75.54106145287895,73.125,1.3190617e-06,1.0830488e-06
-75.54106145287895,75.0,1.5427224e-06,1.098366e-06
-75.54106145287895,76.875,1.6834088e-06,1.1358197e-06
-75.54106145287895,78.75,1.7645737e-06,1.0775335e-06
-75.54106145287895,80.625,1.7770749e-06,1.0316012e-06
-75.54106145287895,82.5,1.7621632e-06,9.439152e-07
-75.54106145287895,84.375,1.7290847e-06,9.02902e-07
-75.54106145287895,86.25,1.6493849e-06,7.893716e-07
-75.54106145287895,88.125,1.5259138e-06,6.4619655e-07
-75.54106145287895,90.0,1.4930857e-06,5.915903e-07
-75.54106145287895,91.875,1.4135261e-06,5.4207203e-07
-75.54106145287895,93.75,1.3400613e-06,5.119503e-07
-75.54106145287895,95.625,1.2432882e-06,5.0297746e-07
-75.54106145287895,97.5,1.1375223e-06,5.161213e-07
-75.54106145287895,99.375,1.0428947e-06,4.9938063e-07
-75.54106145287895,101.25,9.704542e-07,5.013118e-07
-75.54106145287895,103.125,9.0208954e-07,5.317975e-07
-75.54106145287895,105.0,8.221206e-07,5.394924e-07
-75.54106145287895,106.875,7.382655e-07,5.5299813e-07
-75.54106145287895,108.75,6.9240775e-07,5.459555e-07
-75.54106145287895,110.625,5.938551e-07,4.9551426e-07
-75.54106145287895,112.5,5.397713e-07,4.5881387e-07
-75.54106145287895,114.375,5.065229e-07,4.1586134e-07
-75.54106145287895,116.25,4.9590744e-07,4.097549e-07
-75.54106145287895,118.125,5.3212193e-07,4.0677804e-07
-75.54106145287895,120.0,5.684784e-07,3.6219802e-07
-75.54106145287895,121.875,6.192163e-07,3.707577e-07
-75.54106145287895,123.75,6.811535e-07,4.310165e-07
-75.54106145287895,125.625,7.168352e-07,4.4757147e-07
-75.54106145287895,127.5,7.826829e-07,5.371819e-07
-75.54106145287895,129.375,8.2295634e-07,6.1856144e-07
-75.54106145287895,131.25,8.5623805e-07,6.9615135e-07
-75.54106145287895,133.125,8.7442766e-07,7.255752e-07
-75.54106145287895,135.0,8.477384e-07,7.5084284e-07
-75.54106145287895,136.875,8.4031154e-07,7.7160615e-07
-75.54106145287895,138.75,8.1213426e-07,7.976469e-07
-75.54106145287895,140.625,7.6265815e-07,7.5625144e-07
-75.54106145287895,142.5,7.432542e-07,7.181903e-07
-75.54106145287895,144.375,7.91489e-07,7.1740754e-07
-75.54106145287895,146.25,8.7205876e-07,7.070331e-07
-75.54106145287895,148.125,1.038633e-06,8.044681e-07
-75.54106145287895,150.0,1.3626311e-06,1.0194289e-06
-75.54106145287895,151.875,1.7747417e-06,1.3344323e-06
-75.54106145287895,153.75,2.2906795e-06,1.7680618e-06
-75.54106145287895,155.625,2.913433e-06,2.3390166e-06
-75.54106145287895,157.5,3.6270555e-06,3.0955896e-06
-75.54106145287895,159.375,4.3851587e-06,3.9393194e-06
-75.54106145287895,161.25,5.1160705e-06,4.765659e-06
-75.54106145287895,163.125,7.106663e-06,5.871683e-06
-75.54106145287895,165.0,8.516215e-06,6.517811e-06
-75.54106145287895,166.875,8.9259365e-06,6.66266e-06
-75.54106145287895,168.75,8.880139e-06,6.4187243e-06
-75.54106145287895,170.625,8.557495e-06,5.920383e-06
-75.54106145287895,172.5,8.0681275e-06,5.2913765e-06
-75.54106145287895,174.375,7.513004e-06,4.8725e-06
-75.54106145287895,176.25,7.158542e-06,4.5651714e-06
-75.54106145287895,178.125,7.225095e-06,4.3013506e-06
-75.54106145287895,180.0,7.695062e-06,4.240215e-06
-75.54106145287895,181.875,8.512259e-06,4.1584776e-06
-75.54106145287895,183.75,9.463734e-06,4.2895067e-06
-75.54106145287895,185.625,1.0306094e-05,4.4750045e-06
-75.54106145287895,187.5,1.0947368e-05,4.7184467e-06
-75.54106145287895,189.375,1.125607e-05,4.96098e-06
-75.54106145287895,191.25,1.11869795e-05,4.8873985e-06
-75.54106145287895,193.125,1.0837323e-05,4.7908675e-06
-75.54106145287895,195.0,1.0343134e-05,4.6045666e-06
-75.54106145287895,196.875,1.0165933e-05,4.4776016e-06
-75.54106145287895,198.75,1.0258036e-05,4.568718e-06
-75.54106145287895,200.625,1.0671266e-05,4.708677e-06
-75.54106145287895,202.5,1.141508e-05,5.2222335e-06
-75.54106145287895,204.375,1.2441184e-05,5.8425144e-06
-75.54106145287895,206.25,1.3799032e-05,6.63742e-06
-75.54106145287895,208.125,1.5704618e-05,7.698439e-06
-75.54106145287895,210.0,1.7922974e-05,9.045178e-06
-75.54106145287895,211.875,2.0349142e-05,1.0371014e-05
-75.54106145287895,213.75,2.2528933e-05,1.1644131e-05
-75.54106145287895,215.625,2.4379544e-05,1.2645521e-05
-75.54106145287895,217.5,2.533807e-05,1.3277841e-05
-75.54106145287895,219.375,2.5119414e-05,1.3511045e-05
-75.54106145287895,221.25,2.2755688e-05,1.3090297e-05
-75.54106145287895,223.125,2.2081838e-05,1.2681937e-05
-75.54106145287895,225.0,2.120813e-05,1.2172498e-05
-75.54106145287895,226.875,2.0336965e-05,1.1636556e-05
-75.54106145287895,228.75,1.9612307e-05,1.11787995e-05
-75.54106145287895,230.625,1.907773e-05,1.0961155e-05
-75.54106145287895,232.5,1.8704352e-05,1.0802461e-05
-75.54106145287895,234.375,1.8674507e-05,1.0945238e-05
-75.54106145287895,236.25,1.9006178e-05,1.1446346e-05
-75.54106145287895,238.125,1.9525314e-05,1.2028535e-05
-75.54106145287895,240.0,2.0121726e-05,1.2680903e-05
-75.54106145287895,241.875,2.0723826e-05,1.32263585e-05
-75.54106145287895,243.75,2.1127798e-05,1.3799538e-05
-75.54106145287895,245.625,2.1140097e-05,1.4120324e-05
-75.54106145287895,247.5,2.0273756e-05,1.391344e-05
-75.54106145287895,249.375,1.8789819e-05,1.3127401e-05
-75.54106145287895,251.25,1.6827214e-05,1.2008276e-05
-75.54106145287895,253.125,1.46857965e-05,1.0710221e-05
-75.54106145287895,255.0,1.26787545e-05,9.47634e-06
-75.54106145287895,256.875,1.1075968e-05,8.430328e-06
-75.54106145287895,258.75,9.893114e-06,7.5994926e-06
-75.54106145287895,260.625,9.101923e-06,6.9754187e-06
-75.54106145287895,262.5,8.720002e-06,6.443786e-06
-75.54106145287895,264.375,8.605021e-06,6.1375963e-06
-75.54106145287895,266.25,8.784681e-06,5.881955e-06
-75.54106145287895,268.125,9.263917e-06,5.9399495e-06
-75.54106145287895,270.0,9.873201e-06,6.2008626e-06
-75.54106145287895,271.875,1.0572483e-05,6.5115246e-06
-75.54106145287895,273.75,1.1009749e-05,6.633185e-06
-75.54106145287895,275.625,1.082685e-05,6.4595138e-06
-75.54106145287895,277.5,1.0097853e-05,5.983093e-06
-75.54106145287895,279.375,9.122006e-06,5.3325566e-06
-75.54106145287895,281.25,8.175474e-06,4.698174e-06
-75.54106145287895,283.125,7.749764e-06,4.273672e-06
-75.54106145287895,285.0,7.770028e-06,4.0998725e-06
-75.54106145287895,286.875,8.296696e-06,4.140993e-06
-75.54106145287895,288.75,8.7437975e-06,4.378416e-06
-75.54106145287895,290.625,9.1909615e-06,4.595629e-06
-75.54106145287895,292.5,9.526155e-06,5.0043427e-06
-75.54106145287895,294.375,9.713446e-06,5.4618176e-06
-75.54106145287895,296.25,1.0129007e-05,6.029828e-06
-75.54106145287895,298.125,1.13975475e-05,6.4292253e-06
-75.54106145287895,300.0,1.0747644e-05,6.277237e-06
-75.54106145287895,301.875,9.573804e-06,5.8264523e-06
-75.54106145287895,303.75,8.149464e-06,5.118707e-06
-75.54106145287895,305.625,6.7955443e-06,4.2681763e-06
-75.54106145287895,307.5,5.731301e-06,3.5522432e-06
-75.54106145287895,309.375,5.018793e-06,3.0412841e-06
-75.54106145287895,311.25,4.7420954e-06,2.81029e-06
-75.54106145287895,313.125,4.861928e-06,2.792982e-06
-75.54106145287895,315.0,5.2044106e-06,2.858999e-06
-75.54106145287895,316.875,5.7186658e-06,3.0194722e-06
-75.54106145287895,318.75,6.437712e-06,3.4272239e-06
-75.54106145287895,320.625,7.31386e-06,4.045145e-06
-75.54106145287895,322.5,8.293506e-06,4.846532e-06
-75.54106145287895,324.375,9.136303e-06,5.60182e-06
-75.54106145287895,326.25,9.815341e-06,6.338657e-06
-75.54106145287895,328.125,1.0217237e-05,6.9538605e-06
-75.54106145287895,330.0,1.0636332e-05,7.392805e-06
-75.54106145287895,331.875,1.075108e-05,7.5588378e-06
-75.54106145287895,333.75,1.06895595e-05,7.5376292e-06
-75.54106145287895,335.625,1.0450139e-05,7.1239965e-06
-75.54106145287895,337.5,9.84965e-06,6.439403e-06
-75.54106145287895,339.375,8.250784e-06,5.697556e-06
-75.54106145287895,341.25,5.9401436e-06,4.6359232e-06
-75.54106145287895,343.125,5.1137586e-06,3.965002e-06
-75.54106145287895,345.0,4.5242587e-06,3.5526857e-06
-75.54106145287895,346.875,4.0543255e-06,3.1742836e-06
-75.54106145287895,348.75,3.623819e-06,2.762877e-06
-75.54106145287895,350.625,3.1999145e-06,2.3929604e-06
-75.54106145287895,352.5,2.7985586e-06,2.0906675e-06
-75.54106145287895,354.375,2.410426e-06,1.8010486e-06
-75.54106145287895,356.25,2.1712342e-06,1.6621211e-06
-75.54106145287895,358.125,1.9270663e-06,1.4567524e-06
-73.67613231320912,0.0,4.385709e-06,3.1290506e-06
-73.67613231320912,1.875,4.2630377e-06,2.8215538e-06
-73.67613231320912,3.75,4.076359e-06,2.5842512e-06
-73.67613231320912,5.625,3.9079277e-06,2.4226442e-06
-73.67613231320912,7.5,3.7727252e-06,2.2769461e-06
-73.67613231320912,9.375,3.7803059e-06,2.269308e-06
-73.67613231320912,11.25,3.9353727e-06,2.3190275e-06
-73.67613231320912,13.125,4.2020874e-06,2.4306514e-06
-73.67613231320912,15.0,4.4924896e-06,2.621521e-06
-73.67613231320912,16.875,4.827825e-06,2.8261056e-06
-73.67613231320912,18.75,5.0667068e-06,2.9809717e-06
-73.67613231320912,20.625,5.196177e-06,3.1251625e-06
-73.67613231320912,22.5,5.1958054e-06,3.193159e-06
-73.67613231320912,24.375,5.0745584e-06,3.0564813e-06
-73.67613231320912,26.25,4.790541e-06,2.8331342e-06
-73.67613231320912,28.125,4.448741e-06,2.6095736e-06
-73.67613231320912,30.0,4.0836626e-06,2.3290593e-06
-73.67613231320912,31.875,3.6442848e-06,2.0618852e-06
-73.67613231320912,33.75,3.234427e-06,1.802427e-06
-73.67613231320912,35.625,2.857889e-06,1.5861185e-06
-73.67613231320912,37.5,2.5289937e-06,1.4255143e-06
-73.67613231320912,39.375,2.2089428e-06,1.3028998e-06
-73.67613231320912,41.25,1.9418578e-06,1.1949726e-06
-73.67613231320912,43.125,1.676167e-06,1.079449e-06
-73.67613231320912,45.0,1.4405873e-06,9.711537e-07
-73.67613231320912,46.875,1.2452988e-06,8.8770986e-07
-73.67613231320912,48.75,1.0815746e-06,8.3670596e-07
-73.67613231320912,50.625,9.743479e-07,8.323046e-07
-73.67613231320912,52.5,9.3467037e-07,8.250886e-07
-73.67613231320912,54.375,9.4700937e-07,9.189832e-07
-73.67613231320912,56.25,9.847608e-07,1.0059254e-06
-73.67613231320912,58.125,9.859577e-07,1.08e-06
-73.67613231320912,60.0,9.308917e-07,1.1686618e-06
-73.67613231320912,61.875,8.407478e-07,1.1251225e-06
-73.67613231320912,63.75,7.6578146e-07,1.0025138e-06
-73.67613231320912,65.625,7.621531e-07,9.609446e-07
-73.67613231320912,67.5,8.6703903e-07,1.088832e-06
-73.67613231320912,69.375,1.1030844e-06,1.2592735e-06
-73.67613231320912,71.25,1.397671e-06,1.4700055e-06
-73.67613231320912,73.125,1.7674477e-06,1.6056767e-06
-73.67613231320912,75.0,2.169848e-06,1.7301801e-06
-73.67613231320912,76.875,2.5078887e-06,1.6905777e-06
-73.67613231320912,78.75,2.6649097e-06,1.5874801e-06
-73.67613231320912,80.625,2.7140218e-06,1.4654431e-06
-73.67613231320912,82.5,2.5026395e-06,1.2711682e-06
-73.67613231320912,84.375,2.1976887e-06,1.076914e-06
-73.67613231320912,86.25,1.8931328e-06,8.140044e-07
-73.67613231320912,88.125,1.7044673e-06,7.132787e-07
-73.67613231320912,90.0,1.6268953e-06,6.1796425e-07
-73.67613231320912,91.875,1.5793025e-06,6.3140726e-07
-73.67613231320912,93.75,1.5962356e-06,6.6825385e-07
-73.67613231320912,95.625,1.5859546e-06,7.23336e-07
-73.67613231320912,97.5,1.5393618e-06,7.282802e-07
-73.67613231320912,99.375,1.519972e-06,7.776435e-07
-73.67613231320912,101.25,1.4656372e-06,8.157164e-07
-73.67613231320912,103.125,1.45375e-06,8.7095475e-07
-73.67613231320912,105.0,1.3861049e-06,9.2643296e-07
-73.67613231320912,106.875,1.2352377e-06,9.2171535e-07
-73.67613231320912,108.75,1.0952989e-06,8.7897035e-07
-73.67613231320912,110.625,9.4849486e-07,8.1347616e-07
-73.67613231320912,112.5,8.3526595e-07,7.3189904e-07
-73.67613231320912,114.375,7.524714e-07,6.830869e-07
-73.67613231320912,116.25,7.3523915e-07,6.611034e-07
-73.67613231320912,118.125,7.283478e-07,6.131981e-07
-73.67613231320912,120.0,7.4697977e-07,6.008505e-07
-73.67613231320912,121.875,7.444121e-07,5.5224933e-07
-73.67613231320912,123.75,7.820412e-07,5.286081e-07
-73.67613231320912,125.625,8.298864e-07,5.219225e-07
-73.67613231320912,127.5,9.0959554e-07,6.007594e-07
-73.67613231320912,129.375,9.847234e-07,6.758233e-07
-73.67613231320912,131.25,1.0792118e-06,7.886809e-07
-73.67613231320912,133.125,1.1570779e-06,8.9981927e-07
-73.67613231320912,135.0,1.179968e-06,9.468094e-07
-73.67613231320912,136.875,1.1445584e-06,1.0085029e-06
-73.67613231320912,138.75,1.1100992e-06,9.848571e-07
-73.67613231320912,140.625,1.0513586e-06,1.0028635e-06
-73.67613231320912,142.5,9.595404e-07,1.0063425e-06
-73.67613231320912,144.375,9.166624e-07,9.933276e-07
-73.67613231320912,146.25,9.0999924e-07,9.936794e-07
-73.67613231320912,148.125,9.4805614e-07,9.670008e-07
-73.67613231320912,150.0,1.0657258e-06,9.843616e-07
-73.67613231320912,151.875,1.2756303e-06,1.0337781e-06
-73.67613231320912,153.75,1.6209938e-06,1.2317518e-06
-73.67613231320912,155.625,2.1292542e-06,1.5346689e-06
-73.67613231320912,157.5,2.8997072e-06,2.0517687e-06
-73.67613231320912,159.375,3.848821e-06,2.7646772e-06
-73.67613231320912,161.25,5.0498847e-06,3.6637132e-06
-73.67613231320912,163.125,6.870634e-06,4.7716585e-06
-73.67613231320912,165.0,8.8261995e-06,5.9287013e-06
-73.67613231320912,166.875,1.0803961e-05,7.0931833e-06
-73.67613231320912,168.75,1.3799141e-05,8.199543e-06
-73.67613231320912,170.625,1.4800143e-05,8.769105e-06
-73.67613231320912,172.5,1.4779528e-05,8.728829e-06
-73.67613231320912,174.375,1.3924438e-05,8.313729e-06
-73.67613231320912,176.25,1.2898086e-05,7.653385e-06
-73.67613231320912,178.125,1.2292615e-05,6.854136e-06
-73.67613231320912,180.0,1.2002835e-05,6.1221376e-06
-73.67613231320912,181.875,1.1998639e-05,5.4354005e-06
-73.67613231320912,183.75,1.2115578e-05,4.9326445e-06
-73.67613231320912,185.625,1.2311385e-05,4.8004713e-06
-73.67613231320912,187.5,1.2477212e-05,4.8905135e-06
-73.67613231320912,189.375,1.2610299e-05,4.8421166e-06
-73.67613231320912,191.25,1.2747545e-05,4.8103216e-06
-73.67613231320912,193.125,1.2937784e-05,4.6294185e-06
-73.67613231320912,195.0,1.3067542e-05,4.465498e-06
-73.67613231320912,196.875,1.3576957e-05,4.395221e-06
-73.67613231320912,198.75,1.4171137e-05,4.705801e-06
-73.67613231320912,200.625,1.4904549e-05,5.053002e-06
-73.67613231320912,202.5,1.5728518e-05,5.348906e-06
-73.67613231320912,204.375,1.6737544e-05,5.8242117e-06
-73.67613231320912,206.25,1.8019775e-05,6.49022e-06
-73.67613231320912,208.125,1.939785e-05,7.237174e-06
-73.67613231320912,210.0,2.0880025e-05,7.928511e-06
-73.67613231320912,211.875,2.2327076e-05,8.5776355e-06
-73.67613231320912,213.75,2.3473021e-05,9.021054e-06
-73.67613231320912,215.625,2.449351e-05,9.555484e-06
-73.67613231320912,217.5,2.5447784e-05,1.0239409e-05
-73.67613231320912,219.375,2.6249127e-05,1.0920016e-05
-73.67613231320912,221.25,2.6972872e-05,1.1837805e-05
-73.67613231320912,223.125,2.7632705e-05,1.2612633e-05
-73.67613231320912,225.0,2.7977132e-05,1.3327423e-05
-73.67613231320912,226.875,2.8027356e-05,1.387892e-05
-73.67613231320912,228.75,2.7518045e-05,1.4092542e-05
-73.67613231320912,230.625,2.6901303e-05,1.4270093e-05
-73.67613231320912,232.5,2.6179328e-05,1.4175892e-05
-73.67613231320912,234.375,2.5007474e-05,1.4141991e-05
-73.67613231320912,236.25,2.3441478e-05,1.3987655e-05
-73.67613231320912,238.125,2.2706901e-05,1.3609563e-05
-73.67613231320912,240.0,2.1959866e-05,1.3236755e-05
-73.67613231320912,241.875,2.1541318e-05,1.2772347e-05
-73.67613231320912,243.75,2.1148071e-05,1.2275175e-05
-73.67613231320912,245.625,2.0896881e-05,1.1803863e-05
-73.67613231320912,247.5,2.053814e-05,1.1479362e-05
-73.67613231320912,249.375,1.9733925e-05,1.0915568e-05
-73.67613231320912,251.25,1.8575143e-05,1.0167186e-05
-73.67613231320912,253.125,1.7438015e-05,9.276938e-06
-73.67613231320912,255.0,1.6205955e-05,8.606947e-06
-73.67613231320912,256.875,1.4677283e-05,8.479883e-06
-73.67613231320912,258.75,1.2467469e-05,8.670048e-06
-73.67613231320912,260.625,1.260785e-05,8.905906e-06
-73.67613231320912,262.5,1.2799725e-05,8.947157e-06
-73.67613231320912,264.375,1.3258018e-05,8.76087e-06
-73.67613231320912,266.25,1.3929325e-05,8.737266e-06
-73.67613231320912,268.125,1.5282747e-05,9.081435e-06
-73.67613231320912,270.0,1.6980397e-05,9.755637e-06
-73.67613231320912,271.875,1.8654686e-05,1.07719125e-05
-73.67613231320912,273.75,1.9810868e-05,1.1661932e-05
-73.67613231320912,275.625,2.086382e-05,1.22303245e-05
-73.67613231320912,277.5,2.2338261e-05,1.189791e-05
-73.67613231320912,279.375,1.5753303e-05,1.0638821e-05
-73.67613231320912,281.25,1.4285535e-05,9.6752865e-06
-73.67613231320912,283.125,1.2391362e-05,8.289869e-06
-73.67613231320912,285.0,1.1262791e-05,7.217947e-06
-73.67613231320912,286.875,1.0006663e-05,6.1795495e-06
-73.67613231320912,288.75,8.856231e-06,5.298791e-06
-73.67613231320912,290.625,7.751586e-06,4.3653554e-06
-73.67613231320912,292.5,7.2048742e-06,3.453103e-06
-73.67613231320912,294.375,7.5089697e-06,3.2937244e-06
-73.67613231320912,296.25,8.968726e-06,4.1724143e-06
-73.67613231320912,298.125,1.1141864e-05,5.518596e-06
-73.67613231320912,300.0,1.3869984e-05,6.863611e-06
-73.67613231320912,301.875,1.4041865e-05,7.5573203e-06
-73.67613231320912,303.75,1.3001345e-05,7.222848e-06
-73.67613231320912,305.625,1.09515995e-05,6.0828556e-06
-73.67613231320912,307.5,8.8209235e-06,4.690617e-06
-73.67613231320912,309.375,7.4805344e-06,3.650819e-06
-73.67613231320912,311.25,6.859478e-06,2.9815196e-06
-73.67613231320912,313.125,6.7156125e-06,2.7109113e-06
-73.67613231320912,315.0,6.8293325e-06,2.7118717e-06
-73.67613231320912,316.875,7.2073435e-06,2.8450659e-06
-73.67613231320912,318.75,8.044794e-06,3.2349417e-06
-73.67613231320912,320.625,9.01813e-06,3.791523e-06
-73.67613231320912,322.5,9.994909e-06,4.3688133e-06
-73.67613231320912,324.375,1.0570504e-05,4.8608003e-06
-73.67613231320912,326.25,1.0866218e-05,5.2828623e-06
-73.67613231320912,328.125,1.0567851e-05,5.4222064e-06
-73.67613231320912,330.0,9.8743185e-06,5.103569e-06
-73.67613231320912,331.875,9.112019e-06,4.839934e-06
-73.67613231320912,333.75,8.31959e-06,4.649893e-06
-73.67613231320912,335.625,7.721593e-06,4.670289e-06
-73.67613231320912,337.5,7.3706615e-06,4.769249e-06
-73.67613231320912,339.375,7.3835586e-06,4.9805285e-06
-73.67613231320912,341.25,7.215336e-06,5.163642e-06
-73.67613231320912,343.125,6.2358413e-06,5.1194606e-06
-73.67613231320912,345.0,4.878779e-06,4.688748e-06
-73.67613231320912,346.875,4.5282877e-06,4.4695576e-06
-73.67613231320912,348.75,4.2072575e-06,4.1513126e-06
-73.67613231320912,350.625,4.0910713e-06,3.9103656e-06
-73.67613231320912,352.5,4.099772e-06,3.8305107e-06
-73.67613231320912,354.375,4.24328e-06,3.794847e-06
-73.67613231320912,356.25,4.3304763e-06,3.636706e-06
-73.67613231320912,358.125,4.403122e-06,3.403023e-06
-71.81113211427447,0.0,1.3583794e-05,9.88855e-06
-71.81113211427447,1.875,1.3141719e-05,9.505281e-06
-71.81113211427447,3.75,1.2329032e-05,8.840525e-06
-71.81113211427447,5.625,1.1708289e-05,8.269078e-06
-71.81113211427447,7.5,1.1364331e-05,7.895997e-06
-71.81113211427447,9.375,1.1400626e-05,7.841339e-06
-71.81113211427447,11.25,1.2133527e-05,8.11579e-06
-71.81113211427447,13.125,1.2673684e-05,8.330416e-06
-71.81113211427447,15.0,1.36807075e-05,8.8627e-06
-71.81113211427447,16.875,1.4408891e-05,9.53604e-06
-71.81113211427447,18.75,1.4793066e-05,9.994101e-06
-71.81113211427447,20.625,1.4683831e-05,1.0059342e-05
-71.81113211427447,22.5,1.3905559e-05,9.670673e-06
-71.81113211427447,24.375,1.2260713e-05,8.661218e-06
-71.81113211427447,26.25,1.0675856e-05,7.544511e-06
-71.81113211427447,28.125,8.947234e-06,6.2405893e-06
-71.81113211427447,30.0,7.495758e-06,5.0478716e-06
-71.81113211427447,31.875,6.545216e-06,4.185085e-06
-71.81113211427447,33.75,5.8878995e-06,3.6551094e-06
-71.81113211427447,35.625,5.2974083e-06,3.2539133e-06
-71.81113211427447,37.5,4.802596e-06,2.9073803e-06
-71.81113211427447,39.375,4.275454e-06,2.5459576e-06
-71.81113211427447,41.25,3.7432242e-06,2.2270663e-06
-71.81113211427447,43.125,3.2297712e-06,1.9377633e-06
-71.81113211427447,45.0,2.7314318e-06,1.6728765e-06
-71.81113211427447,46.875,2.2838049e-06,1.4604304e-06
-71.81113211427447,48.75,1.8959026e-06,1.2646134e-06
-71.81113211427447,50.625,1.6603954e-06,1.1553025e-06
-71.81113211427447,52.5,1.5893099e-06,1.1045124e-06
-71.81113211427447,54.375,1.6963864e-06,1.1664316e-06
-71.81113211427447,56.25,1.9328807e-06,1.3868098e-06
-71.81113211427447,58.125,2.1714993e-06,1.6718958e-06
-71.81113211427447,60.0,2.297231e-06,1.9234874e-06
-71.81113211427447,61.875,2.3166635e-06,2.1676772e-06
-71.81113211427447,63.75,2.207581e-06,2.3185235e-06
-71.81113211427447,65.625,2.1310732e-06,2.3530577e-06
-71.81113211427447,67.5,2.1092642e-06,2.4050048e-06
-71.81113211427447,69.375,2.0712594e-06,2.3457665e-06
-71.81113211427447,71.25,2.3091068e-06,2.4318701e-06
-71.81113211427447,73.125,2.57462e-06,2.3652924e-06
-71.81113211427447,75.0,2.8260172e-06,2.3680323e-06
-71.81113211427447,76.875,3.185594e-06,2.397665e-06
-71.81113211427447,78.75,3.4823759e-06,2.2321374e-06
-71.81113211427447,80.625,3.6173442e-06,2.065643e-06
-71.81113211427447,82.5,3.632309e-06,1.8233533e-06
-71.81113211427447,84.375,3.4773577e-06,1.5782567e-06
-71.81113211427447,86.25,3.5458686e-06,1.4773846e-06
-71.81113211427447,88.125,3.2689381e-06,1.4204372e-06
-71.81113211427447,90.0,2.965544e-06,1.3459407e-06
-71.81113211427447,91.875,2.5567924e-06,1.2454307e-06
-71.81113211427447,93.75,2.1710077e-06,1.1242121e-06
-71.81113211427447,95.625,1.9472172e-06,1.0349021e-06
-71.81113211427447,97.5,1.8276173e-06,1.0276067e-06
-71.81113211427447,99.375,1.8106282e-06,1.0799918e-06
-71.81113211427447,101.25,1.880145e-06,1.1837841e-06
-71.81113211427447,103.125,2.0099192e-06,1.2786653e-06
-71.81113211427447,105.0,2.073811e-06,1.3558806e-06
-71.81113211427447,106.875,2.048113e-06,1.392946e-06
-71.81113211427447,108.75,1.9486977e-06,1.4166346e-06
-71.81113211427447,110.625,1.7738233e-06,1.3629558e-06
-71.81113211427447,112.5,1.6594614e-06,1.2815048e-06
-71.81113211427447,114.375,1.5558525e-06,1.24824e-06
-71.81113211427447,116.25,1.5114041e-06,1.2064831e-06
-71.81113211427447,118.125,1.4606208e-06,1.1541989e-06
-71.81113211427447,120.0,1.4433051e-06,1.1355935e-06
-71.81113211427447,121.875,1.4543413e-06,1.1323498e-06
-71.81113211427447,123.75,1.4227081e-06,1.0647549e-06
-71.81113211427447,125.625,1.3976752e-06,1.0429366e-06
-71.81113211427447,127.5,1.3528638e-06,1.0011507e-06
-71.81113211427447,129.375,1.3490213e-06,1.0024172e-06
-71.81113211427447,131.25,1.364215e-06,1.0300924e-06
-71.81113211427447,133.125,1.437526e-06,1.1248088e-06
-71.81113211427447,135.0,1.5169354e-06,1.1838125e-06
-71.81113211427447,136.875,1.6529852e-06,1.3500099e-06
-71.81113211427447,138.75,1.7059376e-06,1.4843736e-06
-71.81113211427447,140.625,1.7824343e-06,1.6905475e-06
-71.81113211427447,142.5,1.8202232e-06,1.9620306e-06
-71.81113211427447,144.375,1.8718932e-06,2.2012596e-06
-71.81113211427447,146.25,1.973955e-06,2.3751718e-06
-71.81113211427447,148.125,2.1595515e-06,2.5206077e-06
-71.81113211427447,150.0,2.4587027e-06,2.657362e-06
-71.81113211427447,151.875,2.7935218e-06,2.8067566e-06
-71.81113211427447,153.75,3.198541e-06,2.9519213e-06
-71.81113211427447,155.625,3.7624736e-06,3.2028654e-06
-71.81113211427447,157.5,4.436395e-06,3.4324387e-06
-71.81113211427447,159.375,5.3255744e-06,3.8599983e-06
-71.81113211427447,161.25,6.6034663e-06,4.4133326e-06
-71.81113211427447,163.125,8.153322e-06,5.1565157e-06
-71.81113211427447,165.0,1.0020458e-05,6.009334e-06
-71.81113211427447,166.875,1.2006364e-05,6.945169e-06
-71.81113211427447,168.75,1.4202049e-05,7.932008e-06
-71.81113211427447,170.625,1.697111e-05,8.843197e-06
-71.81113211427447,172.5,1.733508e-05,9.247874e-06
-71.81113211427447,174.375,1.7029264e-05,9.245866e-06
-71.81113211427447,176.25,1.6330181e-05,8.799301e-06
-71.81113211427447,178.125,1.5383623e-05,7.7767345e-06
-71.81113211427447,180.0,1.4806744e-05,6.557102e-06
-71.81113211427447,181.875,1.45222475e-05,5.499979e-06
-71.81113211427447,183.75,1.4259363e-05,4.9565438e-06
-71.81113211427447,185.625,1.4248919e-05,4.8726815e-06
-71.81113211427447,187.5,1.4229858e-05,4.7207177e-06
-71.81113211427447,189.375,1.43520465e-05,4.625822e-06
-71.81113211427447,191.25,1.4584912e-05,4.6409714e-06
-71.81113211427447,193.125,1.4719982e-05,4.639121e-06
-71.81113211427447,195.0,1.485248e-05,4.619361e-06
-71.81113211427447,196.875,1.47850915e-05,4.49182e-06
-71.81113211427447,198.75,1.5054692e-05,4.5798147e-06
-71.81113211427447,200.625,1.5375472e-05,4.6852124e-06
-71.81113211427447,202.5,1.5548472e-05,4.717543e-06
-71.81113211427447,204.375,1.5343954e-05,4.7889107e-06
-71.81113211427447,206.25,1.5071727e-05,4.836026e-06
-71.81113211427447,208.125,1.4595031e-05,4.8526394e-06
-71.81113211427447,210.0,1.4211787e-05,4.9358996e-06
-71.81113211427447,211.875,1.3976304e-05,4.769844e-06
-71.81113211427447,213.75,1.39500535e-05,4.5115044e-06
-71.81113211427447,215.625,1.4196209e-05,4.38179e-06
-71.81113211427447,217.5,1.4572305e-05,4.357092e-06
-71.81113211427447,219.375,1.5209152e-05,4.5136385e-06
-71.81113211427447,221.25,1.5889786e-05,4.944917e-06
-71.81113211427447,223.125,1.6337992e-05,5.458853e-06
-71.81113211427447,225.0,1.6571976e-05,5.8886585e-06
-71.81113211427447,226.875,1.6568054e-05,6.319995e-06
-71.81113211427447,228.75,1.6178426e-05,6.4070387e-06
-71.81113211427447,230.625,1.5570571e-05,6.4245364e-06
-71.81113211427447,232.5,1.5009671e-05,6.3834163e-06
-71.81113211427447,234.375,1.4388619e-05,6.126812e-06
-71.81113211427447,236.25,1.3923301e-05,6.033258e-06
-71.81113211427447,238.125,1.3728547e-05,5.94628e-06
-71.81113211427447,240.0,1.3773159e-05,6.1237415e-06
-71.81113211427447,241.875,1.4027394e-05,6.3643856e-06
-71.81113211427447,243.75,1.4525768e-05,6.698838e-06
-71.81113211427447,245.625,1.5077348e-05,6.8970185e-06
-71.81113211427447,247.5,1.5651927e-05,6.858195e-06
-71.81113211427447,249.375,1.6117901e-05,7.07508e-06
-71.81113211427447,251.25,1.6699652e-05,7.265241e-06
-71.81113211427447,253.125,1.6999598e-05,7.2724774e-06
-71.81113211427447,255.0,1.7350278e-05,7.2955595e-06
-71.81113211427447,256.875,1.7498252e-05,7.5106645e-06
-71.81113211427447,258.75,1.7792758e-05,7.756666e-06
-71.81113211427447,260.625,1.8211445e-05,8.0829395e-06
-71.81113211427447,262.5,1.8589248e-05,8.5967795e-06
-71.81113211427447,264.375,1.9056264e-05,9.0183e-06
-71.81113211427447,266.25,1.9926256e-05,9.264609e-06
-71.81113211427447,268.125,2.137734e-05,9.242249e-06
-71.81113211427447,270.0,2.3241315e-05,9.722341e-06
-71.81113211427447,271.875,2.5231831e-05,1.0531919e-05
-71.81113211427447,273.75,2.6024538e-05,1.1194044e-05
-71.81113211427447,275.625,2.5198697e-05,1.1243022e-05
-71.81113211427447,277.5,2.2202752e-05,1.0341469e-05
-71.81113211427447,279.375,1.7696811e-05,9.38153e-06
-71.81113211427447,281.25,1.5516898e-05,8.90593e-06
-71.81113211427447,283.125,1.445695e-05,9.188693e-06
-71.81113211427447,285.0,1.3915964e-05,1.0107964e-05
-71.81113211427447,286.875,1.3622949e-05,9.8156315e-06
-71.81113211427447,288.75,1.26517125e-05,8.681809e-06
-71.81113211427447,290.625,1.1255126e-05,7.043136e-06
-71.81113211427447,292.5,1.0022697e-05,5.320178e-06
-71.81113211427447,294.375,9.903843e-06,4.2854185e-06
-71.81113211427447,296.25,1.201989e-05,4.8052216e-06
-71.81113211427447,298.125,1.4956011e-05,6.4657283e-06
-71.81113211427447,300.0,1.8590827e-05,8.224896e-06
-71.81113211427447,301.875,1.9260107e-05,9.0490175e-06
-71.81113211427447,303.75,1.7644574e-05,8.718916e-06
-71.81113211427447,305.625,1.4416745e-05,6.961987e-06
-71.81113211427447,307.5,1.1183051e-05,5.1637867e-06
-71.81113211427447,309.375,9.4902225e-06,3.9150264e-06
-71.81113211427447,311.25,8.804764e-06,3.4108973e-06
-71.81113211427447,313.125,8.642461e-06,3.2839093e-06
-71.81113211427447,315.0,8.993655e-06,3.3796582e-06
-71.81113211427447,316.875,9.537108e-06,3.613147e-06
-71.81113211427447,318.75,9.979262e-06,3.8044136e-06
-71.81113211427447,320.625,1.0282156e-05,3.8680673e-06
-71.81113211427447,322.5,1.0192371e-05,3.7801217e-06
-71.81113211427447,324.375,9.982929e-06,3.7723955e-06
-71.81113211427447,326.25,9.96317e-06,3.7417183e-06
-71.81113211427447,328.125,1.0197056e-05,3.6745334e-06
-71.81113211427447,330.0,1.079779e-05,3.906956e-06
-71.81113211427447,331.875,1.1549096e-05,4.325453e-06
-71.81113211427447,333.75,1.2369078e-05,4.807593e-06
-71.81113211427447,335.625,1.3068859e-05,5.190043e-06
-71.81113211427447,337.5,1.3228154e-05,5.5122455e-06
-71.81113211427447,339.375,1.2845652e-05,5.6631297e-06
-71.81113211427447,341.25,1.2276053e-05,6.0058787e-06
-71.81113211427447,343.125,1.17723985e-05,6.5801355e-06
-71.81113211427447,345.0,1.105411e-05,7.1614927e-06
-71.81113211427447,346.875,1.028138e-05,7.582227e-06
-71.81113211427447,348.75,9.342493e-06,7.699042e-06
-71.81113211427447,350.625,9.803662e-06,8.121411e-06
-71.81113211427447,352.5,1.07072165e-05,8.800628e-06
-71.81113211427447,354.375,1.1900677e-05,9.507285e-06
-71.81113211427447,356.25,1.2910837e-05,9.90267e-06
-71.81113211427447,358.125,1.35407945e-05,1.0069874e-05
-69.94608064698343,0.0,1.7972e-05,1.1198839e-05
-69.94608064698343,1.875,1.6288559e-05,1.05743e-05
-69.94608064698343,3.75,1.5196828e-05,1.0341542e-05
-69.94608064698343,5.625,1.4666002e-05,1.0432966e-05
-69.94608064698343,7.5,1.467796e-05,1.0591444e-05
-69.94608064698343,9.375,1.5213869e-05,1.076312e-05
-69.94608064698343,11.25,1.6442515e-05,1.1161173e-05
-69.94608064698343,13.125,1.7443881e-05,1.1480877e-05
-69.94608064698343,15.0,1.8514296e-05,1.1631801e-05
-69.94608064698343,16.875,1.9615538e-05,1.2077423e-05
-69.94608064698343,18.75,1.9575984e-05,1.20821505e-05
-69.94608064698343,20.625,1.8215249e-05,1.1397859e-05
-69.94608064698343,22.5,1.5717642e-05,1.0293197e-05
-69.94608064698343,24.375,1.2863472e-05,8.782684e-06
-69.94608064698343,26.25,1.0647902e-05,7.597413e-06
-69.94608064698343,28.125,9.209766e-06,6.791209e-06
-69.94608064698343,30.0,8.420127e-06,6.4815745e-06
-69.94608064698343,31.875,8.662069e-06,6.43327e-06
-69.94608064698343,33.75,8.893872e-06,6.3514904e-06
-69.94608064698343,35.625,8.833217e-06,6.0559155e-06
-69.94608064698343,37.5,8.426699e-06,5.6436425e-06
-69.94608064698343,39.375,7.805284e-06,5.152552e-06
-69.94608064698343,41.25,7.0691235e-06,4.600325e-06
-69.94608064698343,43.125,6.2729086e-06,3.9808724e-06
-69.94608064698343,45.0,5.5626565e-06,3.4162408e-06
-69.94608064698343,46.875,5.0023864e-06,2.9905545e-06
-69.94608064698343,48.75,4.468236e-06,2.6609468e-06
-69.94608064698343,50.625,4.027157e-06,2.405724e-06
-69.94608064698343,52.5,3.6376468e-06,2.2111406e-06
-69.94608064698343,54.375,3.646846e-06,2.2403283e-06
-69.94608064698343,56.25,3.8581434e-06,2.4675928e-06
-69.94608064698343,58.125,4.709055e-06,3.121787e-06
-69.94608064698343,60.0,5.741309e-06,4.080857e-06
-69.94608064698343,61.875,6.868319e-06,5.1531088e-06
-69.94608064698343,63.75,7.7780105e-06,6.157476e-06
-69.94608064698343,65.625,8.470259e-06,7.071067e-06
-69.94608064698343,67.5,8.886963e-06,7.736178e-06
-69.94608064698343,69.375,9.600331e-06,7.4330706e-06
-69.94608064698343,71.25,8.760888e-06,5.227413e-06
-69.94608064698343,73.125,5.5688183e-06,4.2489373e-06
-69.94608064698343,75.0,3.4235823e-06,3.1104196e-06
-69.94608064698343,76.875,3.4749523e-06,2.9620328e-06
-69.94608064698343,78.75,3.9651877e-06,3.0049887e-06
-69.94608064698343,80.625,4.6468645e-06,3.0848348e-06
-69.94608064698343,82.5,5.2995865e-06,3.1545e-06
-69.94608064698343,84.375,6.077428e-06,3.3196877e-06
-69.94608064698343,86.25,6.750823e-06,3.553451e-06
-69.94608064698343,88.125,6.684197e-06,3.536192e-06
-69.94608064698343,90.0,6.0597936e-06,3.2957728e-06
-69.94608064698343,91.875,5.204472e-06,2.8996428e-06
-69.94608064698343,93.75,4.3872715e-06,2.5361715e-06
-69.94608064698343,95.625,3.8013782e-06,2.2765314e-06
-69.94608064698343,97.5,3.532836e-06,2.17485e-06
-69.94608064698343,99.375,3.5986686e-06,2.228709e-06
-69.94608064698343,101.25,3.8136723e-06,2.4228038e-06
-69.94608064698343,103.125,4.151956e-06,2.6963398e-06
-69.94608064698343,105.0,4.4181234e-06,2.9904757e-06
-69.94608064698343,106.875,4.6276873e-06,3.242057e-06
-69.94608064698343,108.75,4.757414e-06,3.3986e-06
-69.94608064698343,110.625,4.787481e-06,3.4750447e-06
-69.94608064698343,112.5,4.85485e-06,3.5037633e-06
-69.94608064698343,114.375,4.988847e-06,3.5322685e-06
-69.94608064698343,116.25,5.1839243e-06,3.5722069e-06
-69.94608064698343,118.125,5.3907197e-06,3.639144e-06
-69.94608064698343,120.0,5.4603033e-06,3.5840894e-06
-69.94608064698343,121.875,5.3791505e-06,3.4975217e-06
-69.94608064698343,123.75,5.0499816e-06,3.3188624e-06
-69.94608064698343,125.625,4.527676e-06,3.0145488e-06
-69.94608064698343,127.5,3.9221095e-06,2.6973078e-06
-69.94608064698343,129.375,3.3669303e-06,2.3957875e-06
-69.94608064698343,131.25,2.9679236e-06,2.1667538e-06
-69.94608064698343,133.125,2.810052e-06,2.140118e-06
-69.94608064698343,135.0,2.7992926e-06,2.2925376e-06
-69.94608064698343,136.875,3.0697295e-06,2.6715484e-06
-69.94608064698343,138.75,3.4135937e-06,3.1955763e-06
-69.94608064698343,140.625,3.82907e-06,3.884303e-06
-69.94608064698343,142.5,4.2552547e-06,4.631606e-06
-69.94608064698343,144.375,4.711436e-06,5.3983317e-06
-69.94608064698343,146.25,5.1337383e-06,6.015232e-06
-69.94608064698343,148.125,5.648125e-06,6.426115e-06
-69.94608064698343,150.0,6.2852723e-06,6.743168e-06
-69.94608064698343,151.875,7.038999e-06,7.0500246e-06
-69.94608064698343,153.75,7.890492e-06,7.49966e-06
-69.94608064698343,155.625,8.835597e-06,8.050876e-06
-69.94608064698343,157.5,9.841956e-06,8.792486e-06
-69.94608064698343,159.375,1.1059654e-05,9.718464e-06
-69.94608064698343,161.25,1.3284273e-05,1.0739973e-05
-69.94608064698343,163.125,1.4374615e-05,1.1365288e-05
-69.94608064698343,165.0,1.5557987e-05,1.1617153e-05
-69.94608064698343,166.875,1.6154981e-05,1.1559029e-05
-69.94608064698343,168.75,1.6709891e-05,1.1005425e-05
-69.94608064698343,170.625,1.691266e-05,1.0202351e-05
-69.94608064698343,172.5,1.6348073e-05,9.279319e-06
-69.94608064698343,174.375,1.5232805e-05,7.988792e-06
-69.94608064698343,176.25,1.4470057e-05,6.723867e-06
-69.94608064698343,178.125,1.4315588e-05,5.6683225e-06
-69.94608064698343,180.0,1.4544202e-05,5.004494e-06
-69.94608064698343,181.875,1.51305485e-05,4.7617086e-06
-69.94608064698343,183.75,1.5808875e-05,4.7059657e-06
-69.94608064698343,185.625,1.6192653e-05,4.6896444e-06
-69.94608064698343,187.5,1.6454242e-05,4.6160935e-06
-69.94608064698343,189.375,1.6636648e-05,4.539857e-06
-69.94608064698343,191.25,1.6769109e-05,4.562132e-06
-69.94608064698343,193.125,1.716525e-05,4.5407764e-06
-69.94608064698343,195.0,1.752463e-05,4.7251137e-06
-69.94608064698343,196.875,1.7680566e-05,4.8756156e-06
-69.94608064698343,198.75,1.7736507e-05,5.1478564e-06
-69.94608064698343,200.625,1.7804612e-05,5.2955106e-06
-69.94608064698343,202.5,1.7688726e-05,5.142498e-06
-69.94608064698343,204.375,1.7462267e-05,5.097159e-06
-69.94608064698343,206.25,1.7201657e-05,4.987036e-06
-69.94608064698343,208.125,1.6970562e-05,4.8960414e-06
-69.94608064698343,210.0,1.7177585e-05,4.8791526e-06
-69.94608064698343,211.875,1.7723845e-05,5.0533863e-06
-69.94608064698343,213.75,1.8579001e-05,5.047629e-06
-69.94608064698343,215.625,1.9407224e-05,5.0324807e-06
-69.94608064698343,217.5,1.9951258e-05,5.280462e-06
-69.94608064698343,219.375,2.0240079e-05,5.147316e-06
-69.94608064698343,221.25,1.9996052e-05,5.2197083e-06
-69.94608064698343,223.125,1.9638333e-05,5.3700014e-06
-69.94608064698343,225.0,1.9194722e-05,5.372906e-06
-69.94608064698343,226.875,1.888995e-05,5.3444446e-06
-69.94608064698343,228.75,1.8389674e-05,5.2750165e-06
-69.94608064698343,230.625,1.8407372e-05,5.4940892e-06
-69.94608064698343,232.5,1.8274663e-05,5.4604407e-06
-69.94608064698343,234.375,1.8146524e-05,5.4633683e-06
-69.94608064698343,236.25,1.8057199e-05,5.3367767e-06
-69.94608064698343,238.125,1.7737108e-05,5.37089e-06
-69.94608064698343,240.0,1.7471892e-05,5.438747e-06
-69.94608064698343,241.875,1.7032324e-05,5.351758e-06
-69.94608064698343,243.75,1.6671309e-05,5.4951643e-06
-69.94608064698343,245.625,1.6419845e-05,5.7947414e-06
-69.94608064698343,247.5,1.6462269e-05,6.094151e-06
-69.94608064698343,249.375,1.6647493e-05,6.16308e-06
-69.94608064698343,251.25,1.6746018e-05,6.1220317e-06
-69.94608064698343,253.125,1.6666228e-05,5.961849e-06
-69.94608064698343,255.0,1.6789318e-05,5.7201137e-06
-69.94608064698343,256.875,1.6633821e-05,5.630808e-06
-69.94608064698343,258.75,1.6558606e-05,5.639561e-06
-69.94608064698343,260.625,1.6287617e-05,5.6368754e-06
-69.94608064698343,262.5,1.579966e-05,5.665216e-06
-69.94608064698343,264.375,1.5634572e-05,5.8498026e-06
-69.94608064698343,266.25,1.580273e-05,6.2031595e-06
-69.94608064698343,268.125,1.5809792e-05,5.9325266e-06
-69.94608064698343,270.0,1.5963446e-05,5.632952e-06
-69.94608064698343,271.875,1.6171303e-05,5.6301205e-06
-69.94608064698343,273.75,1.6104823e-05,5.71212e-06
-69.94608064698343,275.625,1.5137016e-05,5.642703e-06
-69.94608064698343,277.5,1.3475985e-05,5.1214765e-06
-69.94608064698343,279.375,1.1789783e-05,4.7236404e-06
-69.94608064698343,281.25,1.1554982e-05,5.1025436e-06
-69.94608064698343,283.125,1.3107749e-05,6.423135e-06
-69.94608064698343,285.0,1.667065e-05,9.130399e-06
-69.94608064698343,286.875,2.0059972e-05,1.1370359e-05
-69.94608064698343,288.75,2.0084452e-05,1.1735053e-05
-69.94608064698343,290.625,1.8730645e-05,1.0116662e-05
-69.94608064698343,292.5,1.7097058e-05,8.13064e-06
-69.94608064698343,294.375,1.6570879e-05,6.5855425e-06
-69.94608064698343,296.25,1.7617594e-05,6.7342844e-06
-69.94608064698343,298.125,1.9931897e-05,8.363873e-06
-69.94608064698343,300.0,2.260918e-05,9.914899e-06
-69.94608064698343,301.875,2.1960126e-05,1.0224979e-05
-69.94608064698343,303.75,1.8147313e-05,8.4564745e-06
-69.94608064698343,305.625,1.3150852e-05,5.8104065e-06
-69.94608064698343,307.5,1.037532e-05,4.3396753e-06
-69.94608064698343,309.375,9.51971e-06,3.8941957e-06
-69.94608064698343,311.25,1.0111386e-05,4.0755176e-06
-69.94608064698343,313.125,1.1173907e-05,4.1857174e-06
-69.94608064698343,315.0,1.2391921e-05,4.3497744e-06
-69.94608064698343,316.875,1.3331597e-05,4.6715536e-06
-69.94608064698343,318.75,1.3652803e-05,4.8325223e-06
-69.94608064698343,320.625,1.2919452e-05,4.7262515e-06
-69.94608064698343,322.5,1.1976708e-05,4.3312157e-06
-69.94608064698343,324.375,1.1637629e-05,4.139129e-06
-69.94608064698343,326.25,1.1814028e-05,4.1772655e-06
-69.94608064698343,328.125,1.2436196e-05,4.3882274e-06
-69.94608064698343,330.0,1.3385562e-05,4.4279454e-06
-69.94608064698343,331.875,1.450695e-05,4.42396e-06
-69.94608064698343,333.75,1.588221e-05,4.621244e-06
-69.94608064698343,335.625,1.7333543e-05,5.189244e-06
-69.94608064698343,337.5,1.8634271e-05,6.062472e-06
-69.94608064698343,339.375,1.9130803e-05,6.659501e-06
-69.94608064698343,341.25,1.8873636e-05,6.7387264e-06
-69.94608064698343,343.125,1.8283963e-05,6.7396045e-06
-69.94608064698343,345.0,1.785032e-05,7.061652e-06
-69.94608064698343,346.875,1.8061903e-05,7.913605e-06
-69.94608064698343,348.75,1.86987e-05,8.7355675e-06
-69.94608064698343,350.625,1.9852216e-05,9.459272e-06
-69.94608064698343,352.5,2.1066458e-05,1.036276e-05
-69.94608064698343,354.375,2.1677637e-05,1.1308097e-05
-69.94608064698343,356.25,2.1352947e-05,1.18454145e-05
-69.94608064698343,358.125,1.9855284e-05,1.1689285e-05
-68.08099098565125,0.0,1.5932374e-05,6.0894204e-06
-68.08099098565125,1.875,1.5546417e-05,5.9481076e-06
-68.08099098565125,3.75,1.5590407e-05,6.1420224e-06
-68.08099098565125,5.625,1.616653e-05,6.62379e-06
-68.08099098565125,7.5,1.6556993e-05,7.2083303e-06
-68.08099098565125,9.375,1.6576596e-05,7.533229e-06
-68.08099098565125,11.25,1.6250555e-05,7.830934e-06
-68.08099098565125,13.125,1.5749114e-05,7.839249e-06
-68.08099098565125,15.0,1.5835012e-05,7.728396e-06
-68.08099098565125,16.875,1.6012491e-05,7.587758e-06
-68.08099098565125,18.75,1.6251217e-05,7.3432916e-06
-68.08099098565125,20.625,1.6326245e-05,7.0428546e-06
-68.08099098565125,22.5,1.6080654e-05,6.6209045e-06
-68.08099098565125,24.375,1.5744692e-05,6.3221655e-06
-68.08099098565125,26.25,1.5564357e-05,6.131149e-06
-68.08099098565125,28.125,1.5771515e-05,6.4562655e-06
-68.08099098565125,30.0,1.6299262e-05,6.973551e-06
-68.08099098565125,31.875,1.7315318e-05,7.655377e-06
-68.08099098565125,33.75,1.8746492e-05,8.5832735e-06
-68.08099098565125,35.625,1.9641837e-05,9.268914e-06
-68.08099098565125,37.5,1.9817928e-05,9.858368e-06
-68.08099098565125,39.375,1.9231142e-05,1.0097345e-05
-68.08099098565125,41.25,1.76902e-05,9.862948e-06
-68.08099098565125,43.125,1.5636388e-05,9.119282e-06
-68.08099098565125,45.0,1.3201821e-05,7.906977e-06
-68.08099098565125,46.875,1.1936365e-05,6.9893345e-06
-68.08099098565125,48.75,1.0800995e-05,6.3305347e-06
-68.08099098565125,50.625,1.0035351e-05,5.8573573e-06
-68.08099098565125,52.5,9.386941e-06,5.6412327e-06
-68.08099098565125,54.375,9.033325e-06,5.640199e-06
-68.08099098565125,56.25,8.70979e-06,5.718717e-06
-68.08099098565125,58.125,8.774659e-06,6.027365e-06
-68.08099098565125,60.0,9.217326e-06,6.6618522e-06
-68.08099098565125,61.875,1.0513224e-05,7.719229e-06
-68.08099098565125,63.75,1.2864142e-05,9.434163e-06
-68.08099098565125,65.625,1.6102409e-05,1.187427e-05
-68.08099098565125,67.5,1.9522842e-05,1.3964641e-05
-68.08099098565125,69.375,2.257952e-05,1.457158e-05
-68.08099098565125,71.25,1.9928184e-05,1.2206548e-05
-68.08099098565125,73.125,1.43567495e-05,9.299526e-06
-68.08099098565125,75.0,1.0495191e-05,7.36825e-06
-68.08099098565125,76.875,8.949817e-06,6.586874e-06
-68.08099098565125,78.75,9.195192e-06,6.8343893e-06
-68.08099098565125,80.625,9.437354e-06,6.9626317e-06
-68.08099098565125,82.5,1.0437865e-05,7.1573586e-06
-68.08099098565125,84.375,1.1224465e-05,7.3331316e-06
-68.08099098565125,86.25,1.2108839e-05,7.698889e-06
-68.08099098565125,88.125,1.2479876e-05,7.972788e-06
-68.08099098565125,90.0,1.2248118e-05,7.934077e-06
-68.08099098565125,91.875,1.1468958e-05,7.5327425e-06
-68.08099098565125,93.75,1.0485845e-05,6.88826e-06
-68.08099098565125,95.625,9.560904e-06,6.300532e-06
-68.08099098565125,97.5,8.927987e-06,5.9390286e-06
-68.08099098565125,99.375,8.831976e-06,5.8847227e-06
-68.08099098565125,101.25,8.95727e-06,5.8857054e-06
-68.08099098565125,103.125,9.302911e-06,6.2432664e-06
-68.08099098565125,105.0,9.776836e-06,6.7976503e-06
-68.08099098565125,106.875,1.01786045e-05,7.170426e-06
-68.08099098565125,108.75,1.0509012e-05,7.6096994e-06
-68.08099098565125,110.625,1.085151e-05,7.9651045e-06
-68.08099098565125,112.5,1.1556207e-05,8.444912e-06
-68.08099098565125,114.375,1.24426415e-05,8.825555e-06
-68.08099098565125,116.25,1.3687823e-05,9.372797e-06
-68.08099098565125,118.125,1.4946858e-05,9.842467e-06
-68.08099098565125,120.0,1.5833495e-05,9.980689e-06
-68.08099098565125,121.875,1.5743326e-05,9.653952e-06
-68.08099098565125,123.75,1.4706038e-05,8.957756e-06
-68.08099098565125,125.625,1.3023294e-05,8.08123e-06
-68.08099098565125,127.5,1.1294206e-05,7.225928e-06
-68.08099098565125,129.375,9.944762e-06,6.57465e-06
-68.08099098565125,131.25,8.975449e-06,6.1807473e-06
-68.08099098565125,133.125,8.526609e-06,6.015726e-06
-68.08099098565125,135.0,8.25864e-06,6.073322e-06
-68.08099098565125,136.875,8.542956e-06,6.6238536e-06
-68.08099098565125,138.75,9.042775e-06,7.441816e-06
-68.08099098565125,140.625,9.635871e-06,8.460129e-06
-68.08099098565125,142.5,1.02622425e-05,9.68054e-06
-68.08099098565125,144.375,1.110041e-05,1.0662936e-05
-68.08099098565125,146.25,1.3077706e-05,1.1087715e-05
-68.08099098565125,148.125,1.3240386e-05,1.08884615e-05
-68.08099098565125,150.0,1.3809581e-05,1.0607842e-05
-68.08099098565125,151.875,1.4551457e-05,1.0272239e-05
-68.08099098565125,153.75,1.5708094e-05,1.0360216e-05
-68.08099098565125,155.625,1.6925114e-05,1.0772156e-05
-68.08099098565125,157.5,1.8347806e-05,1.1307393e-05
-68.08099098565125,159.375,1.9163026e-05,1.1704568e-05
-68.08099098565125,161.25,1.8887866e-05,1.1439301e-05
-68.08099098565125,163.125,1.7734958e-05,1.0231445e-05
-68.08099098565125,165.0,1.619601e-05,8.765788e-06
-68.08099098565125,166.875,1.4595776e-05,7.4527698e-06
-68.08099098565125,168.75,1.3444826e-05,6.3611774e-06
-68.08099098565125,170.625,1.3015494e-05,5.653398e-06
-68.08099098565125,172.5,1.3227673e-05,5.2113064e-06
-68.08099098565125,174.375,1.40848115e-05,4.830527e-06
-68.08099098565125,176.25,1.5202811e-05,4.5601537e-06
-68.08099098565125,178.125,1.6186146e-05,4.423183e-06
-68.08099098565125,180.0,1.7158536e-05,4.463903e-06
-68.08099098565125,181.875,1.7937647e-05,4.6639043e-06
-68.08099098565125,183.75,1.8332667e-05,4.9013083e-06
-68.08099098565125,185.625,1.8426368e-05,4.827915e-06
-68.08099098565125,187.5,1.8261882e-05,4.7279227e-06
-68.08099098565125,189.375,1.8279754e-05,4.6072646e-06
-68.08099098565125,191.25,1.840721e-05,4.554823e-06
-68.08099098565125,193.125,1.8926974e-05,4.4938447e-06
-68.08099098565125,195.0,1.9452267e-05,4.7947105e-06
-68.08099098565125,196.875,1.9955318e-05,5.05908e-06
-68.08099098565125,198.75,2.0385314e-05,5.2061446e-06
-68.08099098565125,200.625,2.0789654e-05,5.4364036e-06
-68.08099098565125,202.5,2.062627e-05,5.489402e-06
-68.08099098565125,204.375,2.0379692e-05,5.3657786e-06
-68.08099098565125,206.25,1.9966568e-05,5.2660785e-06
-68.08099098565125,208.125,1.9668554e-05,5.382557e-06
-68.08099098565125,210.0,1.9889381e-05,5.4225543e-06
-68.08099098565125,211.875,2.0339128e-05,5.671325e-06
-68.08099098565125,213.75,2.1099471e-05,5.924795e-06
-68.08099098565125,215.625,2.1765414e-05,5.9762633e-06
-68.08099098565125,217.5,2.1905931e-05,5.726716e-06
-68.08099098565125,219.375,2.1474227e-05,5.836158e-06
-68.08099098565125,221.25,2.0541012e-05,5.811353e-06
-68.08099098565125,223.125,1.9417608e-05,5.847531e-06
-68.08099098565125,225.0,1.881912e-05,5.880579e-06
-68.08099098565125,226.875,1.9050658e-05,5.9809036e-06
-68.08099098565125,228.75,1.9517593e-05,6.229214e-06
-68.08099098565125,230.625,2.0242143e-05,6.3609627e-06
-68.08099098565125,232.5,2.1046111e-05,6.546525e-06
-68.08099098565125,234.375,2.1481723e-05,6.5130807e-06
-68.08099098565125,236.25,2.1037027e-05,6.4383325e-06
-68.08099098565125,238.125,2.0110308e-05,6.1550236e-06
-68.08099098565125,240.0,1.9069983e-05,5.9518743e-06
-68.08099098565125,241.875,1.8040726e-05,5.7396464e-06
-68.08099098565125,243.75,1.7174178e-05,5.5097753e-06
-68.08099098565125,245.625,1.6584083e-05,5.330593e-06
-68.08099098565125,247.5,1.6302974e-05,5.2809437e-06
-68.08099098565125,249.375,1.6416296e-05,5.3800773e-06
-68.08099098565125,251.25,1.6916254e-05,5.5834794e-06
-68.08099098565125,253.125,1.7446344e-05,5.75948e-06
-68.08099098565125,255.0,1.7896318e-05,5.6962917e-06
-68.08099098565125,256.875,1.7943528e-05,5.2188007e-06
-68.08099098565125,258.75,1.7540153e-05,4.994029e-06
-68.08099098565125,260.625,1.6993354e-05,4.7787826e-06
-68.08099098565125,262.5,1.6170785e-05,4.7335525e-06
-68.08099098565125,264.375,1.5677088e-05,4.8796214e-06
-68.08099098565125,266.25,1.572525e-05,5.1039283e-06
-68.08099098565125,268.125,1.6250538e-05,5.4820794e-06
-68.08099098565125,270.0,1.72753e-05,5.7708244e-06
-68.08099098565125,271.875,1.8118788e-05,5.832691e-06
-68.08099098565125,273.75,1.838029e-05,5.413672e-06
-68.08099098565125,275.625,1.8140003e-05,4.9550354e-06
-68.08099098565125,277.5,1.7777762e-05,5.1439615e-06
-68.08099098565125,279.375,1.7447523e-05,5.3805634e-06
-68.08099098565125,281.25,1.7232365e-05,5.497915e-06
-68.08099098565125,283.125,1.7909157e-05,5.5580394e-06
-68.08099098565125,285.0,2.0346553e-05,7.094362e-06
-68.08099098565125,286.875,2.3806386e-05,9.293633e-06
-68.08099098565125,288.75,2.6359057e-05,1.0774608e-05
-68.08099098565125,290.625,2.6406315e-05,1.0489839e-05
-68.08099098565125,292.5,2.4750145e-05,8.982757e-06
-68.08099098565125,294.375,2.1276837e-05,7.777417e-06
-68.08099098565125,296.25,2.162972e-05,7.3376636e-06
-68.08099098565125,298.125,2.1467104e-05,8.2292045e-06
-68.08099098565125,300.0,2.1011712e-05,8.824132e-06
-68.08099098565125,301.875,1.8577543e-05,8.059935e-06
-68.08099098565125,303.75,1.4748931e-05,6.215425e-06
-68.08099098565125,305.625,1.1761868e-05,4.796596e-06
-68.08099098565125,307.5,1.0706787e-05,4.3567607e-06
-68.08099098565125,309.375,1.1159077e-05,4.3582577e-06
-68.08099098565125,311.25,1.2589186e-05,4.618006e-06
-68.08099098565125,313.125,1.4314028e-05,4.8909014e-06
-68.08099098565125,315.0,1.5393742e-05,4.8505635e-06
-68.08099098565125,316.875,1.6078344e-05,4.7671433e-06
-68.08099098565125,318.75,1.5956439e-05,4.6930486e-06
-68.08099098565125,320.625,1.5148975e-05,4.503979e-06
-68.08099098565125,322.5,1.3900822e-05,4.2585534e-06
-68.08099098565125,324.375,1.3041031e-05,4.057698e-06
-68.08099098565125,326.25,1.257564e-05,4.041213e-06
-68.08099098565125,328.125,1.27388375e-05,3.9423353e-06
-68.08099098565125,330.0,1.32032965e-05,4.1175877e-06
-68.08099098565125,331.875,1.3767894e-05,4.273738e-06
-68.08099098565125,333.75,1.4212714e-05,4.6028526e-06
-68.08099098565125,335.625,1.4448699e-05,4.710625e-06
-68.08099098565125,337.5,1.4313187e-05,4.817485e-06
-68.08099098565125,339.375,1.3949546e-05,4.78612e-06
-68.08099098565125,341.25,1.3900639e-05,4.847184e-06
-68.08099098565125,343.125,1.4172222e-05,4.7620792e-06
-68.08099098565125,345.0,1.5219333e-05,4.9106525e-06
-68.08099098565125,346.875,1.6606831e-05,5.387087e-06
-68.08099098565125,348.75,1.8259587e-05,5.8866062e-06
-68.08099098565125,350.625,1.9704203e-05,6.594983e-06
-68.08099098565125,352.5,2.0271367e-05,7.2306175e-06
-68.08099098565125,354.375,1.971624e-05,7.543823e-06
-68.08099098565125,356.25,1.8432482e-05,7.2433995e-06
-68.08099098565125,358.125,1.7099263e-05,6.6587922e-06
-66.2158721139987,0.0,1.9734869e-05,5.713047e-06
-66.2158721139987,1.875,2.0281172e-05,5.569387e-06
-66.2158721139987,3.75,2.0784815e-05,5.6178837e-06
-66.2158721139987,5.625,2.1620928e-05,5.860447e-06
-66.2158721139987,7.5,2.2129017e-05,6.327884e-06
-66.2158721139987,9.375,2.1499609e-05,6.404463e-06
-66.2158721139987,11.25,2.0503394e-05,6.133901e-06
-66.2158721139987,13.125,1.9531124e-05,5.8891296e-06
-66.2158721139987,15.0,1.9074927e-05,5.9612335e-06
-66.2158721139987,16.875,1.930072e-05,5.926467e-06
-66.2158721139987,18.75,1.988776e-05,5.984251e-06
-66.2158721139987,20.625,2.0347281e-05,5.8308538e-06
-66.2158721139987,22.5,2.069525e-05,5.694414e-06
-66.2158721139987,24.375,2.1110041e-05,5.711477e-06
-66.2158721139987,26.25,2.1662221e-05,5.630577e-06
-66.2158721139987,28.125,2.2477121e-05,5.5481e-06
-66.2158721139987,30.0,2.2846249e-05,5.7271163e-06
-66.2158721139987,31.875,2.3071329e-05,6.22745e-06
-66.2158721139987,33.75,2.3694585e-05,7.1060895e-06
-66.2158721139987,35.625,2.4972967e-05,8.205387e-06
-66.2158721139987,37.5,2.5974836e-05,9.283506e-06
-66.2158721139987,39.375,2.5668074e-05,9.937996e-06
-66.2158721139987,41.25,2.4756815e-05,1.0369976e-05
-66.2158721139987,43.125,2.3861425e-05,1.0825361e-05
-66.2158721139987,45.0,2.3630957e-05,1.1190794e-05
-66.2158721139987,46.875,2.3581746e-05,1.12334765e-05
-66.2158721139987,48.75,2.3244662e-05,1.085419e-05
-66.2158721139987,50.625,2.2478762e-05,1.0572184e-05
-66.2158721139987,52.5,2.0838965e-05,1.0273059e-05
-66.2158721139987,54.375,2.0218016e-05,1.053376e-05
-66.2158721139987,56.25,1.9657384e-05,1.088278e-05
-66.2158721139987,58.125,1.8188475e-05,1.100051e-05
-66.2158721139987,60.0,1.7042361e-05,1.1001991e-05
-66.2158721139987,61.875,1.619202e-05,1.0783502e-05
-66.2158721139987,63.75,1.6111691e-05,1.0499897e-05
-66.2158721139987,65.625,1.7184782e-05,1.0477238e-05
-66.2158721139987,67.5,1.9434689e-05,1.0823377e-05
-66.2158721139987,69.375,2.156743e-05,1.0698249e-05
-66.2158721139987,71.25,2.180092e-05,1.0050631e-05
-66.2158721139987,73.125,2.0682975e-05,9.1719585e-06
-66.2158721139987,75.0,1.8981966e-05,8.491843e-06
-66.2158721139987,76.875,1.8011813e-05,8.236767e-06
-66.2158721139987,78.75,1.7777022e-05,8.366203e-06
-66.2158721139987,80.625,1.8245597e-05,8.988753e-06
-66.2158721139987,82.5,1.8752131e-05,9.832465e-06
-66.2158721139987,84.375,1.9434396e-05,1.0602089e-05
-66.2158721139987,86.25,2.053388e-05,1.128794e-05
-66.2158721139987,88.125,2.1645137e-05,1.2090337e-05
-66.2158721139987,90.0,2.2280097e-05,1.280303e-05
-66.2158721139987,91.875,2.2158847e-05,1.3306547e-05
-66.2158721139987,93.75,2.1351634e-05,1.3290821e-05
-66.2158721139987,95.625,2.0020278e-05,1.27442645e-05
-66.2158721139987,97.5,1.8833132e-05,1.20138275e-05
-66.2158721139987,99.375,1.7434342e-05,1.1267022e-05
-66.2158721139987,101.25,1.5894544e-05,1.0642845e-05
-66.2158721139987,103.125,1.5931959e-05,1.0243163e-05
-66.2158721139987,105.0,1.6488282e-05,1.0082269e-05
-66.2158721139987,106.875,1.8132858e-05,1.0393501e-05
-66.2158721139987,108.75,1.8431723e-05,1.07200485e-05
-66.2158721139987,110.625,1.8266363e-05,1.1064004e-05
-66.2158721139987,112.5,1.7975806e-05,1.1318567e-05
-66.2158721139987,114.375,1.9412355e-05,1.1707688e-05
-66.2158721139987,116.25,2.0234358e-05,1.1904795e-05
-66.2158721139987,118.125,2.094457e-05,1.1740249e-05
-66.2158721139987,120.0,2.116467e-05,1.1325821e-05
-66.2158721139987,121.875,2.146583e-05,1.0885707e-05
-66.2158721139987,123.75,2.1876296e-05,1.0723534e-05
-66.2158721139987,125.625,2.2499875e-05,1.0985204e-05
-66.2158721139987,127.5,2.3112087e-05,1.1477693e-05
-66.2158721139987,129.375,2.3589633e-05,1.2152545e-05
-66.2158721139987,131.25,2.339168e-05,1.2600259e-05
-66.2158721139987,133.125,2.2604445e-05,1.27290095e-05
-66.2158721139987,135.0,2.099684e-05,1.243008e-05
-66.2158721139987,136.875,2.0987818e-05,1.2407658e-05
-66.2158721139987,138.75,1.9843981e-05,1.2083461e-05
-66.2158721139987,140.625,1.914195e-05,1.2069107e-05
-66.2158721139987,142.5,1.8636614e-05,1.2041888e-05
-66.2158721139987,144.375,1.8556115e-05,1.1976073e-05
-66.2158721139987,146.25,1.8477429e-05,1.1421499e-05
-66.2158721139987,148.125,1.7608598e-05,1.0118271e-05
-66.2158721139987,150.0,1.7292747e-05,8.75115e-06
-66.2158721139987,151.875,1.7270611e-05,7.745031e-06
-66.2158721139987,153.75,1.8096192e-05,7.4985455e-06
-66.2158721139987,155.625,1.908128e-05,7.624432e-06
-66.2158721139987,157.5,1.9703237e-05,7.567263e-06
-66.2158721139987,159.375,1.9595534e-05,7.3884767e-06
-66.2158721139987,161.25,1.8767289e-05,7.0448987e-06
-66.2158721139987,163.125,1.7748038e-05,6.475859e-06
-66.2158721139987,165.0,1.7391349e-05,5.807501e-06
-66.2158721139987,166.875,1.7506996e-05,5.445823e-06
-66.2158721139987,168.75,1.7881848e-05,5.259321e-06
-66.2158721139987,170.625,1.8797315e-05,5.1766724e-06
-66.2158721139987,172.5,1.9758023e-05,5.1053844e-06
-66.2158721139987,174.375,2.0822677e-05,5.17638e-06
-66.2158721139987,176.25,2.11973e-05,5.086536e-06
-66.2158721139987,178.125,2.1006987e-05,5.046513e-06
-66.2158721139987,180.0,2.0803964e-05,5.0461895e-06
-66.2158721139987,181.875,2.0536268e-05,5.345406e-06
-66.2158721139987,183.75,2.061896e-05,5.4201532e-06
-66.2158721139987,185.625,2.0813806e-05,5.154674e-06
-66.2158721139987,187.5,2.0993226e-05,5.0635767e-06
-66.2158721139987,189.375,2.0972271e-05,5.044989e-06
-66.2158721139987,191.25,2.092117e-05,5.136935e-06
-66.2158721139987,193.125,2.0834581e-05,5.2170126e-06
-66.2158721139987,195.0,2.07047e-05,4.983401e-06
-66.2158721139987,196.875,2.068172e-05,4.8723828e-06
-66.2158721139987,198.75,2.080623e-05,5.1586903e-06
-66.2158721139987,200.625,2.0731315e-05,5.1045704e-06
-66.2158721139987,202.5,2.0608324e-05,5.254054e-06
-66.2158721139987,204.375,2.0346148e-05,5.329949e-06
-66.2158721139987,206.25,1.9941277e-05,5.4831457e-06
-66.2158721139987,208.125,1.9663363e-05,5.289668e-06
-66.2158721139987,210.0,1.9567917e-05,5.1249535e-06
-66.2158721139987,211.875,1.9246238e-05,4.993462e-06
-66.2158721139987,213.75,1.9090428e-05,4.9691903e-06
-66.2158721139987,215.625,1.9006662e-05,5.0548083e-06
-66.2158721139987,217.5,1.8958865e-05,4.927031e-06
-66.2158721139987,219.375,1.845804e-05,4.8240317e-06
-66.2158721139987,221.25,1.7889433e-05,4.6136756e-06
-66.2158721139987,223.125,1.7394226e-05,4.606147e-06
-66.2158721139987,225.0,1.732877e-05,4.6415985e-06
-66.2158721139987,226.875,1.7776096e-05,4.7551266e-06
-66.2158721139987,228.75,1.8323944e-05,4.613631e-06
-66.2158721139987,230.625,1.8824674e-05,4.781862e-06
-66.2158721139987,232.5,1.908942e-05,5.0569306e-06
-66.2158721139987,234.375,1.9004237e-05,5.236896e-06
-66.2158721139987,236.25,1.8946126e-05,5.744606e-06
-66.2158721139987,238.125,1.909323e-05,6.1085675e-06
-66.2158721139987,240.0,1.930967e-05,6.1932683e-06
-66.2158721139987,241.875,1.9556097e-05,6.108702e-06
-66.2158721139987,243.75,1.9880863e-05,5.856413e-06
-66.2158721139987,245.625,1.9925248e-05,5.5102787e-06
-66.2158721139987,247.5,1.969725e-05,5.263992e-06
-66.2158721139987,249.375,1.926965e-05,5.0366125e-06
-66.2158721139987,251.25,1.9169394e-05,5.056657e-06
-66.2158721139987,253.125,1.9868263e-05,5.51576e-06
-66.2158721139987,255.0,2.07452e-05,5.917308e-06
-66.2158721139987,256.875,2.1517035e-05,6.115814e-06
-66.2158721139987,258.75,2.1657414e-05,6.0738444e-06
-66.2158721139987,260.625,2.1077869e-05,5.793669e-06
-66.2158721139987,262.5,2.0327563e-05,5.398686e-06
-66.2158721139987,264.375,1.93071e-05,5.279375e-06
-66.2158721139987,266.25,1.858532e-05,5.2250807e-06
-66.2158721139987,268.125,1.8552633e-05,5.369608e-06
-66.2158721139987,270.0,1.9462144e-05,5.739781e-06
-66.2158721139987,271.875,2.130842e-05,6.4480405e-06
-66.2158721139987,273.75,2.2893097e-05,7.12616e-06
-66.2158721139987,275.625,2.353247e-05,7.161156e-06
-66.2158721139987,277.5,2.288e-05,6.59859e-06
-66.2158721139987,279.375,2.1727388e-05,5.896887e-06
-66.2158721139987,281.25,2.0776824e-05,5.760719e-06
-66.2158721139987,283.125,2.0358946e-05,5.7187312e-06
-66.2158721139987,285.0,2.0468888e-05,5.6533236e-06
-66.2158721139987,286.875,2.1754147e-05,6.142276e-06
-66.2158721139987,288.75,2.369929e-05,7.23162e-06
-66.2158721139987,290.625,2.493735e-05,8.143975e-06
-66.2158721139987,292.5,2.4515703e-05,8.227354e-06
-66.2158721139987,294.375,2.177201e-05,7.703704e-06
-66.2158721139987,296.25,2.0059199e-05,6.832393e-06
-66.2158721139987,298.125,1.9144687e-05,6.3334965e-06
-66.2158721139987,300.0,1.8447037e-05,6.074701e-06
-66.2158721139987,301.875,1.7423068e-05,5.634342e-06
-66.2158721139987,303.75,1.6494445e-05,5.2731866e-06
-66.2158721139987,305.625,1.5933942e-05,5.1061106e-06
-66.2158721139987,307.5,1.5693617e-05,4.9229047e-06
-66.2158721139987,309.375,1.5865075e-05,4.713921e-06
-66.2158721139987,311.25,1.6241413e-05,4.617308e-06
-66.2158721139987,313.125,1.6500539e-05,4.726782e-06
-66.2158721139987,315.0,1.6900209e-05,4.752217e-06
-66.2158721139987,316.875,1.709877e-05,4.7216113e-06
-66.2158721139987,318.75,1.7289403e-05,4.7139297e-06
-66.2158721139987,320.625,1.727994e-05,4.741011e-06
-66.2158721139987,322.5,1.7359547e-05,5.0010826e-06
-66.2158721139987,324.375,1.7050928e-05,4.862285e-06
-66.2158721139987,326.25,1.677014e-05,4.6433715e-06
-66.2158721139987,328.125,1.6496413e-05,4.3497766e-06
-66.2158721139987,330.0,1.612569e-05,4.2432903e-06
-66.2158721139987,331.875,1.5955295e-05,4.1197823e-06
-66.2158721139987,333.75,1.5562691e-05,4.36482e-06
-66.2158721139987,335.625,1.5125069e-05,4.511573e-06
-66.2158721139987,337.5,1.4797805e-05,4.657991e-06
-66.2158721139987,339.375,1.4575728e-05,4.6751074e-06
-66.2158721139987,341.25,1.4799256e-05,5.0081653e-06
-66.2158721139987,343.125,1.5528844e-05,5.4918883e-06
-66.2158721139987,345.0,1.6499318e-05,5.795026e-06
-66.2158721139987,346.875,1.7338476e-05,5.9332074e-06
-66.2158721139987,348.75,1.8112145e-05,6.088678e-06
-66.2158721139987,350.625,1.8567247e-05,6.271389e-06
-66.2158721139987,352.5,1.8755265e-05,6.3386146e-06
-66.2158721139987,354.375,1.8835966e-05,6.303418e-06
-66.2158721139987,356.25,1.8993358e-05,6.1698092e-06
-66.2158721139987,358.125,1.9275134e-05,6.0201564e-06
-64.35073040887207,0.0,2.0225194e-05,6.5021377e-06
-64.35073040887207,1.875,2.0533394e-05,6.3523025e-06
-64.35073040887207,3.75,2.0354339e-05,6.3009643e-06
-64.35073040887207,5.625,2.0021873e-05,6.09792e-06
-64.35073040887207,7.5,1.9541641e-05,5.9532967e-06
-64.35073040887207,9.375,1.9211575e-05,5.771879e-06
-64.35073040887207,11.25,1.912313e-05,5.4746397e-06
-64.35073040887207,13.125,1.9328592e-05,5.459176e-06
-64.35073040887207,15.0,1.9805035e-05,5.6746494e-06
-64.35073040887207,16.875,2.0297102e-05,5.833303e-06
-64.35073040887207,18.75,2.0539404e-05,6.0425627e-06
-64.35073040887207,20.625,2.0268837e-05,6.1014625e-06
-64.35073040887207,22.5,1.9624178e-05,5.8204114e-06
-64.35073040887207,24.375,1.8847079e-05,5.6073354e-06
-64.35073040887207,26.25,1.8651674e-05,5.538293e-06
-64.35073040887207,28.125,1.8891355e-05,5.652099e-06
-64.35073040887207,30.0,1.9364548e-05,5.6217978e-06
-64.35073040887207,31.875,1.970183e-05,5.325336e-06
-64.35073040887207,33.75,1.989062e-05,5.0286076e-06
-64.35073040887207,35.625,2.0492986e-05,5.1198526e-06
-64.35073040887207,37.5,2.1461066e-05,5.414853e-06
-64.35073040887207,39.375,2.2076172e-05,5.8309706e-06
-64.35073040887207,41.25,2.2617307e-05,6.6551893e-06
-64.35073040887207,43.125,2.3678778e-05,7.691331e-06
-64.35073040887207,45.0,2.5523808e-05,8.6276095e-06
-64.35073040887207,46.875,2.7879809e-05,9.598929e-06
-64.35073040887207,48.75,3.059257e-05,1.0249731e-05
-64.35073040887207,50.625,3.258196e-05,1.04596975e-05
-64.35073040887207,52.5,3.361388e-05,1.0497365e-05
-64.35073040887207,54.375,3.3903838e-05,1.0743384e-05
-64.35073040887207,56.25,3.306226e-05,1.0759392e-05
-64.35073040887207,58.125,3.0672712e-05,1.0539852e-05
-64.35073040887207,60.0,2.6487063e-05,9.627939e-06
-64.35073040887207,61.875,2.1996975e-05,8.475757e-06
-64.35073040887207,63.75,1.8760024e-05,7.718228e-06
-64.35073040887207,65.625,1.7033084e-05,7.3811934e-06
-64.35073040887207,67.5,1.6642723e-05,7.2251682e-06
-64.35073040887207,69.375,1.7251099e-05,6.8582317e-06
-64.35073040887207,71.25,1.819391e-05,6.4607907e-06
-64.35073040887207,73.125,1.8950403e-05,6.3224047e-06
-64.35073040887207,75.0,1.9728737e-05,6.5510903e-06
-64.35073040887207,76.875,2.0342628e-05,6.6643042e-06
-64.35073040887207,78.75,2.0719726e-05,6.8999525e-06
-64.35073040887207,80.625,2.0492123e-05,7.1995155e-06
-64.35073040887207,82.5,2.0029465e-05,7.4095847e-06
-64.35073040887207,84.375,1.9824905e-05,7.479916e-06
-64.35073040887207,86.25,2.0713947e-05,7.606081e-06
-64.35073040887207,88.125,2.1955762e-05,7.83247e-06
-64.35073040887207,90.0,2.2928749e-05,8.26779e-06
-64.35073040887207,91.875,2.3251998e-05,8.5900865e-06
-64.35073040887207,93.75,2.2334247e-05,8.819935e-06
-64.35073040887207,95.625,2.1008822e-05,8.775579e-06
-64.35073040887207,97.5,1.9808103e-05,8.82657e-06
-64.35073040887207,99.375,1.9062616e-05,8.615274e-06
-64.35073040887207,101.25,1.9000061e-05,8.557693e-06
-64.35073040887207,103.125,1.9786086e-05,8.594777e-06
-64.35073040887207,105.0,2.074368e-05,8.8065835e-06
-64.35073040887207,106.875,2.1488248e-05,9.108377e-06
-64.35073040887207,108.75,2.1770456e-05,9.3775225e-06
-64.35073040887207,110.625,2.1595535e-05,9.3320905e-06
-64.35073040887207,112.5,2.1442756e-05,9.018014e-06
-64.35073040887207,114.375,2.1052523e-05,8.4240855e-06
-64.35073040887207,116.25,1.9975314e-05,8.027991e-06
-64.35073040887207,118.125,1.8794453e-05,7.4890822e-06
-64.35073040887207,120.0,1.8287832e-05,7.1294758e-06
-64.35073040887207,121.875,1.8765122e-05,7.0014516e-06
-64.35073040887207,123.75,2.0287775e-05,7.289603e-06
-64.35073040887207,125.625,2.2879238e-05,8.156121e-06
-64.35073040887207,127.5,2.5727686e-05,8.994935e-06
-64.35073040887207,129.375,2.785714e-05,9.622229e-06
-64.35073040887207,131.25,2.8365093e-05,1.0178454e-05
-64.35073040887207,133.125,2.7725837e-05,1.0307517e-05
-64.35073040887207,135.0,2.6657632e-05,1.0087587e-05
-64.35073040887207,136.875,2.5859441e-05,9.913703e-06
-64.35073040887207,138.75,2.5202262e-05,9.807651e-06
-64.35073040887207,140.625,2.4873165e-05,9.555316e-06
-64.35073040887207,142.5,2.4290977e-05,9.134628e-06
-64.35073040887207,144.375,2.3121604e-05,8.3668165e-06
-64.35073040887207,146.25,2.1507596e-05,7.3770557e-06
-64.35073040887207,148.125,2.0220228e-05,6.5777804e-06
-64.35073040887207,150.0,1.9670384e-05,6.0712136e-06
-64.35073040887207,151.875,2.0103078e-05,5.8415226e-06
-64.35073040887207,153.75,2.1427906e-05,6.01005e-06
-64.35073040887207,155.625,2.2900007e-05,6.3523007e-06
-64.35073040887207,157.5,2.396405e-05,6.5614367e-06
-64.35073040887207,159.375,2.4169334e-05,6.4937913e-06
-64.35073040887207,161.25,2.4248275e-05,6.414379e-06
-64.35073040887207,163.125,2.4465513e-05,6.569253e-06
-64.35073040887207,165.0,2.4725423e-05,6.547088e-06
-64.35073040887207,166.875,2.4966419e-05,6.4557057e-06
-64.35073040887207,168.75,2.4920373e-05,6.6594434e-06
-64.35073040887207,170.625,2.4588848e-05,6.6804264e-06
-64.35073040887207,172.5,2.4181367e-05,6.5845193e-06
-64.35073040887207,174.375,2.350275e-05,6.2661215e-06
-64.35073040887207,176.25,2.2830274e-05,5.927009e-06
-64.35073040887207,178.125,2.230916e-05,5.5547052e-06
-64.35073040887207,180.0,2.1683216e-05,5.3876124e-06
-64.35073040887207,181.875,2.1636462e-05,5.353578e-06
-64.35073040887207,183.75,2.205393e-05,5.403619e-06
-64.35073040887207,185.625,2.2684251e-05,5.4810357e-06
-64.35073040887207,187.5,2.3536617e-05,5.806191e-06
-64.35073040887207,189.375,2.4384502e-05,6.017767e-06
-64.35073040887207,191.25,2.4792138e-05,5.9114e-06
-64.35073040887207,193.125,2.4567069e-05,5.855518e-06
-64.35073040887207,195.0,2.3890243e-05,5.675576e-06
-64.35073040887207,196.875,2.3017688e-05,5.5690466e-06
-64.35073040887207,198.75,2.2499122e-05,5.5042005e-06
-64.35073040887207,200.625,2.257939e-05,5.58065e-06
-64.35073040887207,202.5,2.2933878e-05,5.523398e-06
-64.35073040887207,204.375,2.3334936e-05,5.555404e-06
-64.35073040887207,206.25,2.358695e-05,5.54826e-06
-64.35073040887207,208.125,2.3573288e-05,5.4487004e-06
-64.35073040887207,210.0,2.3298515e-05,5.1816437e-06
-64.35073040887207,211.875,2.3117636e-05,5.172159e-06
-64.35073040887207,213.75,2.3124638e-05,5.2272953e-06
-64.35073040887207,215.625,2.3279288e-05,5.2937357e-06
-64.35073040887207,217.5,2.356332e-05,5.253409e-06
-64.35073040887207,219.375,2.3943707e-05,5.2787104e-06
-64.35073040887207,221.25,2.4432149e-05,5.6111626e-06
-64.35073040887207,223.125,2.4866737e-05,5.590811e-06
-64.35073040887207,225.0,2.5333307e-05,5.675086e-06
-64.35073040887207,226.875,2.5151514e-05,5.5749842e-06
-64.35073040887207,228.75,2.482462e-05,5.455268e-06
-64.35073040887207,230.625,2.371564e-05,5.5007126e-06
-64.35073040887207,232.5,2.2117134e-05,5.3257336e-06
-64.35073040887207,234.375,2.0710093e-05,4.997475e-06
-64.35073040887207,236.25,2.004487e-05,4.9094588e-06
-64.35073040887207,238.125,2.040863e-05,4.9980586e-06
-64.35073040887207,240.0,2.1436168e-05,5.3800277e-06
-64.35073040887207,241.875,2.3060049e-05,6.0871325e-06
-64.35073040887207,243.75,2.3979816e-05,6.273278e-06
-64.35073040887207,245.625,2.4154891e-05,5.7863267e-06
-64.35073040887207,247.5,2.3378536e-05,5.425275e-06
-64.35073040887207,249.375,2.1959939e-05,5.1173297e-06
-64.35073040887207,251.25,2.0522144e-05,5.1260695e-06
-64.35073040887207,253.125,1.9552383e-05,5.2314967e-06
-64.35073040887207,255.0,1.939655e-05,5.3753024e-06
-64.35073040887207,256.875,2.0174548e-05,5.642255e-06
-64.35073040887207,258.75,2.1328604e-05,5.8482456e-06
-64.35073040887207,260.625,2.2306409e-05,5.943124e-06
-64.35073040887207,262.5,2.2476863e-05,5.6730514e-06
-64.35073040887207,264.375,2.197837e-05,5.113195e-06
-64.35073040887207,266.25,2.0841691e-05,4.7818407e-06
-64.35073040887207,268.125,1.976461e-05,4.804066e-06
-64.35073040887207,270.0,1.9025967e-05,4.8384272e-06
-64.35073040887207,271.875,1.909741e-05,4.99787e-06
-64.35073040887207,273.75,2.0249732e-05,5.462098e-06
-64.35073040887207,275.625,2.1709504e-05,5.967663e-06
-64.35073040887207,277.5,2.1958684e-05,5.942482e-06
-64.35073040887207,279.375,2.1230984e-05,5.6472036e-06
-64.35073040887207,281.25,1.9769823e-05,4.8767774e-06
-64.35073040887207,283.125,1.8760504e-05,4.5914708e-06
-64.35073040887207,285.0,1.8759712e-05,4.7173303e-06
-64.35073040887207,286.875,2.011879e-05,5.2947416e-06
-64.35073040887207,288.75,2.3278459e-05,6.3776047e-06
-64.35073040887207,290.625,2.6774662e-05,7.759244e-06
-64.35073040887207,292.5,2.8187324e-05,8.653455e-06
-64.35073040887207,294.375,2.7063834e-05,8.270598e-06
-64.35073040887207,296.25,2.4888217e-05,7.3489596e-06
-64.35073040887207,298.125,2.2364571e-05,6.2556946e-06
-64.35073040887207,300.0,2.0510852e-05,5.8022038e-06
-64.35073040887207,301.875,2.0105508e-05,5.5987657e-06
-64.35073040887207,303.75,1.9817822e-05,5.4766238e-06
-64.35073040887207,305.625,1.9935644e-05,5.543138e-06
-64.35073040887207,307.5,1.9782796e-05,5.6045496e-06
-64.35073040887207,309.375,1.903245e-05,5.301477e-06
-64.35073040887207,311.25,1.7867456e-05,5.0521585e-06
-64.35073040887207,313.125,1.686809e-05,4.632689e-06
-64.35073040887207,315.0,1.6446593e-05,4.550791e-06
-64.35073040887207,316.875,1.700248e-05,4.706376e-06
-64.35073040887207,318.75,1.7895196e-05,5.02505e-06
-64.35073040887207,320.625,1.8775581e-05,5.4198244e-06
-64.35073040887207,322.5,1.9276755e-05,5.6230606e-06
-64.35073040887207,324.375,1.9462463e-05,5.8655296e-06
-64.35073040887207,326.25,1.96118e-05,5.863467e-06
-64.35073040887207,328.125,1.994192e-05,5.9012477e-06
-64.35073040887207,330.0,2.0344658e-05,5.6288154e-06
-64.35073040887207,331.875,2.0827774e-05,5.5296423e-06
-64.35073040887207,333.75,2.0741543e-05,5.6688577e-06
-64.35073040887207,335.625,2.042929e-05,5.7129455e-06
-64.35073040887207,337.5,2.0028405e-05,5.646246e-06
-64.35073040887207,339.375,1.9793828e-05,5.650007e-06
-64.35073040887207,341.25,1.9652764e-05,5.721591e-06
-64.35073040887207,343.125,1.937479e-05,5.7881102e-06
-64.35073040887207,345.0,1.923518e-05,5.9437994e-06
-64.35073040887207,346.875,1.917773e-05,6.164334e-06
-64.35073040887207,348.75,1.8881903e-05,6.205551e-06
-64.35073040887207,350.625,1.846948e-05,6.151314e-06
-64.35073040887207,352.5,1.8335111e-05,6.0131642e-06
-64.35073040887207,354.375,1.8347162e-05,6.0052207e-06
-64.35073040887207,356.25,1.8691215e-05,6.007521e-06
-64.35073040887207,358.125,1.957503e-05,6.2466825e-06
-62.48557052203639,0.0,1.9307075e-05,5.173386e-06
-62.48557052203639,1.875,1.8895984e-05,5.1439038e-06
-62.48557052203639,3.75,1.8739409e-05,4.9635237e-06
-62.48557052203639,5.625,1.8911569e-05,4.9299992e-06
-62.48557052203639,7.5,1.9479681e-05,5.0592807e-06
-62.48557052203639,9.375,2.0275023e-05,5.1013917e-06
-62.48557052203639,11.25,2.0817248e-05,5.1862153e-06
-62.48557052203639,13.125,2.1237722e-05,5.4211437e-06
-62.48557052203639,15.0,2.1490421e-05,5.5447063e-06
-62.48557052203639,16.875,2.141268e-05,5.5450982e-06
-62.48557052203639,18.75,2.1043643e-05,5.7478924e-06
-62.48557052203639,20.625,2.0625055e-05,5.5403366e-06
-62.48557052203639,22.5,1.9961733e-05,5.129788e-06
-62.48557052203639,24.375,1.9345855e-05,5.0122812e-06
-62.48557052203639,26.25,1.9076237e-05,4.71528e-06
-62.48557052203639,28.125,1.9447547e-05,4.7846984e-06
-62.48557052203639,30.0,2.0426787e-05,4.9550426e-06
-62.48557052203639,31.875,2.1618382e-05,5.1625684e-06
-62.48557052203639,33.75,2.2332422e-05,5.2753544e-06
-62.48557052203639,35.625,2.2870494e-05,5.2439777e-06
-62.48557052203639,37.5,2.2913313e-05,5.219553e-06
-62.48557052203639,39.375,2.2767077e-05,5.07391e-06
-62.48557052203639,41.25,2.277748e-05,5.1367097e-06
-62.48557052203639,43.125,2.3023209e-05,5.4015513e-06
-62.48557052203639,45.0,2.3962315e-05,5.9036665e-06
-62.48557052203639,46.875,2.5835237e-05,6.4593764e-06
-62.48557052203639,48.75,2.791497e-05,7.0206174e-06
-62.48557052203639,50.625,2.9701621e-05,7.4533327e-06
-62.48557052203639,52.5,3.0841824e-05,7.66137e-06
-62.48557052203639,54.375,3.1253305e-05,7.604308e-06
-62.48557052203639,56.25,3.129003e-05,7.523374e-06
-62.48557052203639,58.125,3.0490723e-05,7.416894e-06
-62.48557052203639,60.0,2.9339666e-05,7.155414e-06
-62.48557052203639,61.875,2.774115e-05,6.7370297e-06
-62.48557052203639,63.75,2.622124e-05,6.5810764e-06
-62.48557052203639,65.625,2.4885414e-05,6.463918e-06
-62.48557052203639,67.5,2.3962835e-05,6.4779338e-06
-62.48557052203639,69.375,2.365604e-05,6.8639392e-06
-62.48557052203639,71.25,2.3916835e-05,7.1102127e-06
-62.48557052203639,73.125,2.4170005e-05,7.434616e-06
-62.48557052203639,75.0,2.4727848e-05,7.829814e-06
-62.48557052203639,76.875,2.4834504e-05,7.753733e-06
-62.48557052203639,78.75,2.441903e-05,7.535028e-06
-62.48557052203639,80.625,2.3733312e-05,7.276596e-06
-62.48557052203639,82.5,2.3115941e-05,7.114868e-06
-62.48557052203639,84.375,2.2322914e-05,7.111907e-06
-62.48557052203639,86.25,2.2572698e-05,6.963916e-06
-62.48557052203639,88.125,2.3486218e-05,6.877547e-06
-62.48557052203639,90.0,2.4171039e-05,6.7179094e-06
-62.48557052203639,91.875,2.451738e-05,6.5552617e-06
-62.48557052203639,93.75,2.4193967e-05,6.329404e-06
-62.48557052203639,95.625,2.3352914e-05,6.04618e-06
-62.48557052203639,97.5,2.2548233e-05,5.8672404e-06
-62.48557052203639,99.375,2.2263557e-05,5.9669387e-06
-62.48557052203639,101.25,2.2642778e-05,6.3082202e-06
-62.48557052203639,103.125,2.3779749e-05,6.6699395e-06
-62.48557052203639,105.0,2.4885072e-05,7.011594e-06
-62.48557052203639,106.875,2.5593643e-05,7.277015e-06
-62.48557052203639,108.75,2.5613073e-05,7.657478e-06
-62.48557052203639,110.625,2.5514544e-05,7.5906382e-06
-62.48557052203639,112.5,2.5306155e-05,7.229829e-06
-62.48557052203639,114.375,2.479994e-05,6.6024513e-06
-62.48557052203639,116.25,2.4181889e-05,6.09763e-06
-62.48557052203639,118.125,2.356256e-05,5.7456537e-06
-62.48557052203639,120.0,2.3275237e-05,5.3430404e-06
-62.48557052203639,121.875,2.381394e-05,5.2995665e-06
-62.48557052203639,123.75,2.4895398e-05,5.481673e-06
-62.48557052203639,125.625,2.6111516e-05,5.8187525e-06
-62.48557052203639,127.5,2.6551015e-05,5.9473264e-06
-62.48557052203639,129.375,2.6469512e-05,6.175146e-06
-62.48557052203639,131.25,2.581854e-05,6.3934535e-06
-62.48557052203639,133.125,2.5125068e-05,6.6584134e-06
-62.48557052203639,135.0,2.4883919e-05,6.6700536e-06
-62.48557052203639,136.875,2.5518582e-05,6.7964656e-06
-62.48557052203639,138.75,2.705852e-05,6.9681514e-06
-62.48557052203639,140.625,2.8424827e-05,6.9826e-06
-62.48557052203639,142.5,2.8860533e-05,6.7714536e-06
-62.48557052203639,144.375,2.7885279e-05,6.399243e-06
-62.48557052203639,146.25,2.614493e-05,5.9783515e-06
-62.48557052203639,148.125,2.4421657e-05,5.793044e-06
-62.48557052203639,150.0,2.346026e-05,5.618232e-06
-62.48557052203639,151.875,2.332568e-05,5.4496186e-06
-62.48557052203639,153.75,2.365316e-05,5.567945e-06
-62.48557052203639,155.625,2.411378e-05,5.768926e-06
-62.48557052203639,157.5,2.485163e-05,5.8555033e-06
-62.48557052203639,159.375,2.5231047e-05,5.8579776e-06
-62.48557052203639,161.25,2.5296891e-05,5.857283e-06
-62.48557052203639,163.125,2.5199204e-05,5.756904e-06
-62.48557052203639,165.0,2.5249612e-05,5.830996e-06
-62.48557052203639,166.875,2.528318e-05,6.1661603e-06
-62.48557052203639,168.75,2.4623887e-05,6.084247e-06
-62.48557052203639,170.625,2.3662964e-05,5.766661e-06
-62.48557052203639,172.5,2.309557e-05,5.536475e-06
-62.48557052203639,174.375,2.3548439e-05,5.495364e-06
-62.48557052203639,176.25,2.4554478e-05,5.7320417e-06
-62.48557052203639,178.125,2.5806066e-05,5.948142e-06
-62.48557052203639,180.0,2.6045615e-05,6.2017048e-06
-62.48557052203639,181.875,2.5777777e-05,6.003775e-06
-62.48557052203639,183.75,2.5185922e-05,5.695984e-06
-62.48557052203639,185.625,2.4817928e-05,5.7540838e-06
-62.48557052203639,187.5,2.480447e-05,5.9231857e-06
-62.48557052203639,189.375,2.5181052e-05,6.183157e-06
-62.48557052203639,191.25,2.5551053e-05,6.1439127e-06
-62.48557052203639,193.125,2.5620864e-05,6.244806e-06
-62.48557052203639,195.0,2.5562145e-05,6.5554746e-06
-62.48557052203639,196.875,2.5310705e-05,6.504465e-06
-62.48557052203639,198.75,2.508666e-05,6.3118923e-06
-62.48557052203639,200.625,2.495663e-05,6.04394e-06
-62.48557052203639,202.5,2.5473708e-05,5.7851257e-06
-62.48557052203639,204.375,2.598972e-05,5.6538333e-06
-62.48557052203639,206.25,2.610419e-05,5.5400637e-06
-62.48557052203639,208.125,2.5957583e-05,5.4582456e-06
-62.48557052203639,210.0,2.5909054e-05,5.6125837e-06
-62.48557052203639,211.875,2.6014926e-05,5.8003543e-06
-62.48557052203639,213.75,2.6193076e-05,5.7123593e-06
-62.48557052203639,215.625,2.58378e-05,5.738198e-06
-62.48557052203639,217.5,2.5106194e-05,5.5477085e-06
-62.48557052203639,219.375,2.4564717e-05,5.094664e-06
-62.48557052203639,221.25,2.4607754e-05,5.1551774e-06
-62.48557052203639,223.125,2.524363e-05,5.5734713e-06
-62.48557052203639,225.0,2.5734162e-05,5.888909e-06
-62.48557052203639,226.875,2.5926838e-05,6.1731594e-06
-62.48557052203639,228.75,2.580599e-05,6.1730852e-06
-62.48557052203639,230.625,2.5333697e-05,5.9329773e-06
-62.48557052203639,232.5,2.461468e-05,5.77886e-06
-62.48557052203639,234.375,2.427765e-05,5.741468e-06
-62.48557052203639,236.25,2.3872532e-05,5.57654e-06
-62.48557052203639,238.125,2.3795317e-05,5.620784e-06
-62.48557052203639,240.0,2.382673e-05,5.5821656e-06
-62.48557052203639,241.875,2.4131472e-05,5.673971e-06
-62.48557052203639,243.75,2.420194e-05,5.8991636e-06
-62.48557052203639,245.625,2.40733e-05,6.110044e-06
-62.48557052203639,247.5,2.3640176e-05,6.0322527e-06
-62.48557052203639,249.375,2.3200922e-05,6.0386474e-06
-62.48557052203639,251.25,2.281181e-05,6.026101e-06
-62.48557052203639,253.125,2.232086e-05,5.858936e-06
-62.48557052203639,255.0,2.1790951e-05,5.872823e-06
-62.48557052203639,256.875,2.1565054e-05,5.817629e-06
-62.48557052203639,258.75,2.1595251e-05,5.593909e-06
-62.48557052203639,260.625,2.2359627e-05,5.523671e-06
-62.48557052203639,262.5,2.4022893e-05,5.6613017e-06
-62.48557052203639,264.375,2.5491838e-05,5.8726787e-06
-62.48557052203639,266.25,2.5967602e-05,5.830914e-06
-62.48557052203639,268.125,2.4991052e-05,5.5675077e-06
-62.48557052203639,270.0,2.349121e-05,5.4842885e-06
-62.48557052203639,271.875,2.2156899e-05,5.5388114e-06
-62.48557052203639,273.75,2.1888358e-05,5.625088e-06
-62.48557052203639,275.625,2.2640535e-05,5.3601334e-06
-62.48557052203639,277.5,2.4272767e-05,5.5790283e-06
-62.48557052203639,279.375,2.5223948e-05,5.7613597e-06
-62.48557052203639,281.25,2.4928027e-05,5.6086237e-06
-62.48557052203639,283.125,2.3535178e-05,5.192509e-06
-62.48557052203639,285.0,2.2719572e-05,5.106589e-06
-62.48557052203639,286.875,2.3231776e-05,5.257463e-06
-62.48557052203639,288.75,2.5011142e-05,5.9445947e-06
-62.48557052203639,290.625,2.7974089e-05,6.917503e-06
-62.48557052203639,292.5,3.062533e-05,7.917131e-06
-62.48557052203639,294.375,3.125645e-05,8.21015e-06
-62.48557052203639,296.25,2.9194993e-05,7.594493e-06
-62.48557052203639,298.125,2.606437e-05,6.7074875e-06
-62.48557052203639,300.0,2.2827817e-05,5.97345e-06
-62.48557052203639,301.875,2.0405008e-05,5.485614e-06
-62.48557052203639,303.75,1.9607041e-05,5.3532913e-06
-62.48557052203639,305.625,1.9790736e-05,5.469915e-06
-62.48557052203639,307.5,2.0204767e-05,5.6394474e-06
-62.48557052203639,309.375,2.0354955e-05,5.550496e-06
-62.48557052203639,311.25,2.0077865e-05,5.4688417e-06
-62.48557052203639,313.125,1.9612275e-05,5.3643425e-06
-62.48557052203639,315.0,1.9584999e-05,5.2978553e-06
-62.48557052203639,316.875,2.0007812e-05,5.4230477e-06
-62.48557052203639,318.75,2.053519e-05,5.7759075e-06
-62.48557052203639,320.625,2.0494586e-05,6.002363e-06
-62.48557052203639,322.5,1.9957562e-05,5.9994345e-06
-62.48557052203639,324.375,1.9097517e-05,5.973144e-06
-62.48557052203639,326.25,1.8358533e-05,5.974077e-06
-62.48557052203639,328.125,1.8294255e-05,5.9422046e-06
-62.48557052203639,330.0,1.9181472e-05,6.154118e-06
-62.48557052203639,331.875,2.0357971e-05,6.1766586e-06
-62.48557052203639,333.75,2.1167825e-05,6.266076e-06
-62.48557052203639,335.625,2.13336e-05,6.1601436e-06
-62.48557052203639,337.5,2.125065e-05,6.188472e-06
-62.48557052203639,339.375,2.130623e-05,6.303832e-06
-62.48557052203639,341.25,2.1489384e-05,6.3518382e-06
-62.48557052203639,343.125,2.1726217e-05,6.1655387e-06
-62.48557052203639,345.0,2.175068e-05,5.9622294e-06
-62.48557052203639,346.875,2.1719285e-05,5.9127306e-06
-62.48557052203639,348.75,2.1338752e-05,6.153441e-06
-62.48557052203639,350.625,2.1286136e-05,6.334208e-06
-62.48557052203639,352.5,2.1365582e-05,6.239823e-06
-62.48557052203639,354.375,2.1353108e-05,5.9153435e-06
-62.48557052203639,356.25,2.0999149e-05,5.7035995e-06
-62.48557052203639,358.125,2.0220941e-05,5.4966636e-06
-60.62039592682648,0.0,2.405942e-05,5.7602865e-06
-60.62039592682648,1.875,2.3705328e-05,5.627688e-06
-60.62039592682648,3.75,2.4556355e-05,5.8039955e-06
-60.62039592682648,5.625,2.5925734e-05,5.8311357e-06
-60.62039592682648,7.5,2.7090551e-05,5.7405223e-06
-60.62039592682648,9.375,2.6966683e-05,5.5863406e-06
-60.62039592682648,11.25,2.601706e-05,5.600605e-06
-60.62039592682648,13.125,2.5105179e-05,5.6139384e-06
-60.62039592682648,15.0,2.433124e-05,5.545115e-06
-60.62039592682648,16.875,2.3998962e-05,5.6944546e-06
-60.62039592682648,18.75,2.4397008e-05,5.501807e-06
-60.62039592682648,20.625,2.5272519e-05,5.408909e-06
-60.62039592682648,22.5,2.595933e-05,5.434117e-06
-60.62039592682648,24.375,2.6257781e-05,5.183286e-06
-60.62039592682648,26.25,2.6018599e-05,4.888445e-06
-60.62039592682648,28.125,2.5349667e-05,4.8033658e-06
-60.62039592682648,30.0,2.458381e-05,4.822214e-06
-60.62039592682648,31.875,2.4373234e-05,4.8604716e-06
-60.62039592682648,33.75,2.4888614e-05,4.9664436e-06
-60.62039592682648,35.625,2.5589894e-05,5.181014e-06
-60.62039592682648,37.5,2.6270272e-05,5.518221e-06
-60.62039592682648,39.375,2.6392088e-05,5.4773623e-06
-60.62039592682648,41.25,2.601955e-05,5.4151055e-06
-60.62039592682648,43.125,2.5239107e-05,5.343187e-06
-60.62039592682648,45.0,2.4422003e-05,5.2581677e-06
-60.62039592682648,46.875,2.4355148e-05,5.2777195e-06
-60.62039592682648,48.75,2.473384e-05,5.5256705e-06
-60.62039592682648,50.625,2.54478e-05,6.257124e-06
-60.62039592682648,52.5,2.6743604e-05,6.8884005e-06
-60.62039592682648,54.375,2.8137774e-05,7.3669416e-06
-60.62039592682648,56.25,2.9484228e-05,7.74936e-06
-60.62039592682648,58.125,3.038742e-05,8.260995e-06
-60.62039592682648,60.0,3.0826577e-05,8.236566e-06
-60.62039592682648,61.875,3.0704326e-05,8.067719e-06
-60.62039592682648,63.75,3.0254698e-05,7.710995e-06
-60.62039592682648,65.625,2.9020102e-05,6.98603e-06
-60.62039592682648,67.5,2.7817525e-05,6.4352057e-06
-60.62039592682648,69.375,2.6940745e-05,6.4024307e-06
-60.62039592682648,71.25,2.6202197e-05,6.3934144e-06
-60.62039592682648,73.125,2.5458467e-05,6.729796e-06
-60.62039592682648,75.0,2.5457146e-05,7.15657e-06
-60.62039592682648,76.875,2.5886384e-05,7.581747e-06
-60.62039592682648,78.75,2.60291e-05,7.694712e-06
-60.62039592682648,80.625,2.5619938e-05,7.690931e-06
-60.62039592682648,82.5,2.5176918e-05,7.589106e-06
-60.62039592682648,84.375,2.4907344e-05,7.3996584e-06
-60.62039592682648,86.25,2.527003e-05,7.4956283e-06
-60.62039592682648,88.125,2.6584177e-05,7.660626e-06
-60.62039592682648,90.0,2.7785516e-05,7.796009e-06
-60.62039592682648,91.875,2.8137676e-05,7.92593e-06
-60.62039592682648,93.75,2.757892e-05,7.843127e-06
-60.62039592682648,95.625,2.6582973e-05,7.5443972e-06
-60.62039592682648,97.5,2.5949976e-05,6.9370826e-06
-60.62039592682648,99.375,2.5597448e-05,6.458206e-06
-60.62039592682648,101.25,2.5326051e-05,6.1859346e-06
-60.62039592682648,103.125,2.4753987e-05,5.9142617e-06
-60.62039592682648,105.0,2.4083794e-05,5.6840254e-06
-60.62039592682648,106.875,2.3587854e-05,5.624956e-06
-60.62039592682648,108.75,2.3481818e-05,5.6171593e-06
-60.62039592682648,110.625,2.3780722e-05,5.519908e-06
-60.62039592682648,112.5,2.4622288e-05,5.4921634e-06
-60.62039592682648,114.375,2.5525425e-05,5.6886083e-06
-60.62039592682648,116.25,2.601402e-05,5.433416e-06
-60.62039592682648,118.125,2.5972158e-05,5.2321775e-06
-60.62039592682648,120.0,2.5628702e-05,5.3124186e-06
-60.62039592682648,121.875,2.565298e-05,5.395599e-06
-60.62039592682648,123.75,2.6208867e-05,5.5646333e-06
-60.62039592682648,125.625,2.742118e-05,5.5728574e-06
-60.62039592682648,127.5,2.81987e-05,5.5936443e-06
-60.62039592682648,129.375,2.8076434e-05,5.5058276e-06
-60.62039592682648,131.25,2.743569e-05,5.695987e-06
-60.62039592682648,133.125,2.689024e-05,5.582495e-06
-60.62039592682648,135.0,2.6920075e-05,5.378977e-06
-60.62039592682648,136.875,2.6814672e-05,5.533075e-06
-60.62039592682648,138.75,2.7171489e-05,5.8166133e-06
-60.62039592682648,140.625,2.7808059e-05,6.285705e-06
-60.62039592682648,142.5,2.7980055e-05,6.1059245e-06
-60.62039592682648,144.375,2.8091255e-05,5.8858163e-06
-60.62039592682648,146.25,2.7725364e-05,5.4836205e-06
-60.62039592682648,148.125,2.7979924e-05,5.2954247e-06
-60.62039592682648,150.0,2.8606044e-05,5.407476e-06
-60.62039592682648,151.875,2.9059127e-05,5.3746e-06
-60.62039592682648,153.75,2.8754783e-05,5.5232613e-06
-60.62039592682648,155.625,2.7951324e-05,5.8063733e-06
-60.62039592682648,157.5,2.6770313e-05,5.904891e-06
-60.62039592682648,159.375,2.5572013e-05,5.6837775e-06
-60.62039592682648,161.25,2.5225463e-05,5.3880417e-06
-60.62039592682648,163.125,2.5546242e-05,5.435759e-06
-60.62039592682648,165.0,2.6383488e-05,5.9087756e-06
-60.62039592682648,166.875,2.711425e-05,6.2724125e-06
-60.62039592682648,168.75,2.7531885e-05,6.4783694e-06
-60.62039592682648,170.625,2.7368833e-05,6.0487387e-06
-60.62039592682648,172.5,2.7639815e-05,6.0019966e-06
-60.62039592682648,174.375,2.8800096e-05,6.2603895e-06
-60.62039592682648,176.25,3.0554784e-05,6.7543283e-06
-60.62039592682648,178.125,3.14206e-05,6.8200334e-06
-60.62039592682648,180.0,3.101594e-05,6.7794563e-06
-60.62039592682648,181.875,2.955696e-05,6.6698326e-06
-60.62039592682648,183.75,2.7821408e-05,6.43886e-06
-60.62039592682648,185.625,2.6709e-05,6.2484633e-06
-60.62039592682648,187.5,2.6949792e-05,6.209345e-06
-60.62039592682648,189.375,2.7704877e-05,6.3268044e-06
-60.62039592682648,191.25,2.8092758e-05,6.3260563e-06
-60.62039592682648,193.125,2.760178e-05,6.2000227e-06
-60.62039592682648,195.0,2.7207134e-05,6.079371e-06
-60.62039592682648,196.875,2.6887417e-05,6.1504084e-06
-60.62039592682648,198.75,2.7202139e-05,5.8664264e-06
-60.62039592682648,200.625,2.7549988e-05,5.698813e-06
-60.62039592682648,202.5,2.7515745e-05,5.9177896e-06
-60.62039592682648,204.375,2.7048416e-05,5.6294234e-06
-60.62039592682648,206.25,2.5904403e-05,5.3615154e-06
-60.62039592682648,208.125,2.502084e-05,5.666115e-06
-60.62039592682648,210.0,2.4795776e-05,5.97928e-06
-60.62039592682648,211.875,2.5536086e-05,6.4466717e-06
-60.62039592682648,213.75,2.643825e-05,6.533592e-06
-60.62039592682648,215.625,2.6559872e-05,6.345812e-06
-60.62039592682648,217.5,2.5635782e-05,5.9467984e-06
-60.62039592682648,219.375,2.4209958e-05,5.522734e-06
-60.62039592682648,221.25,2.3226272e-05,5.4267507e-06
-60.62039592682648,223.125,2.2908882e-05,5.527253e-06
-60.62039592682648,225.0,2.2724382e-05,5.594091e-06
-60.62039592682648,226.875,2.244999e-05,5.416313e-06
-60.62039592682648,228.75,2.2314442e-05,5.3863946e-06
-60.62039592682648,230.625,2.2884145e-05,5.521173e-06
-60.62039592682648,232.5,2.4211036e-05,5.7188035e-06
-60.62039592682648,234.375,2.572807e-05,6.24393e-06
-60.62039592682648,236.25,2.6391925e-05,6.4283995e-06
-60.62039592682648,238.125,2.6086196e-05,6.3907864e-06
-60.62039592682648,240.0,2.5207213e-05,6.2079625e-06
-60.62039592682648,241.875,2.4317309e-05,6.013112e-06
-60.62039592682648,243.75,2.3302347e-05,5.773273e-06
-60.62039592682648,245.625,2.2630671e-05,5.627371e-06
-60.62039592682648,247.5,2.3196126e-05,5.8623514e-06
-60.62039592682648,249.375,2.4674411e-05,6.3515763e-06
-60.62039592682648,251.25,2.6576627e-05,6.9478024e-06
-60.62039592682648,253.125,2.7816544e-05,7.3983324e-06
-60.62039592682648,255.0,2.7935728e-05,7.1830377e-06
-60.62039592682648,256.875,2.657484e-05,6.4830665e-06
-60.62039592682648,258.75,2.4178287e-05,6.0100956e-06
-60.62039592682648,260.625,2.2742572e-05,5.731832e-06
-60.62039592682648,262.5,2.3233437e-05,5.6435383e-06
-60.62039592682648,264.375,2.5324563e-05,6.0313487e-06
-60.62039592682648,266.25,2.76988e-05,6.2309987e-06
-60.62039592682648,268.125,2.8679951e-05,6.522086e-06
-60.62039592682648,270.0,2.7815997e-05,6.6420903e-06
-60.62039592682648,271.875,2.6020158e-05,6.4146357e-06
-60.62039592682648,273.75,2.4815137e-05,6.0430043e-06
-60.62039592682648,275.625,2.537393e-05,5.7503516e-06
-60.62039592682648,277.5,2.7202668e-05,5.957378e-06
-60.62039592682648,279.375,2.9091589e-05,6.3303637e-06
-60.62039592682648,281.25,2.9072044e-05,6.4658416e-06
-60.62039592682648,283.125,2.760191e-05,6.197614e-06
-60.62039592682648,285.0,2.5738065e-05,5.7250695e-06
-60.62039592682648,286.875,2.430672e-05,5.6527565e-06
-60.62039592682648,288.75,2.3849383e-05,5.7325756e-06
-60.62039592682648,290.625,2.4070398e-05,6.073557e-06
-60.62039592682648,292.5,2.5271374e-05,6.3323737e-06
-60.62039592682648,294.375,2.6720058e-05,6.5068125e-06
-60.62039592682648,296.25,2.8091814e-05,6.6109765e-06
-60.62039592682648,298.125,2.8005754e-05,6.453502e-06
-60.62039592682648,300.0,2.6321826e-05,6.3135312e-06
-60.62039592682648,301.875,2.4009869e-05,5.968248e-06
-60.62039592682648,303.75,2.2309054e-05,5.802535e-06
-60.62039592682648,305.625,2.1609467e-05,5.7587795e-06
-60.62039592682648,307.5,2.2092187e-05,5.878509e-06
-60.62039592682648,309.375,2.329292e-05,6.082333e-06
-60.62039592682648,311.25,2.406193e-05,6.4066153e-06
-60.62039592682648,313.125,2.3893348e-05,6.301806e-06
-60.62039592682648,315.0,2.343242e-05,6.055726e-06
-60.62039592682648,316.875,2.3134477e-05,6.0086513e-06
-60.62039592682648,318.75,2.3469538e-05,6.226756e-06
-60.62039592682648,320.625,2.3761284e-05,6.387863e-06
-60.62039592682648,322.5,2.3193816e-05,6.193303e-06
-60.62039592682648,324.375,2.1885999e-05,6.130157e-06
-60.62039592682648,326.25,2.0949758e-05,6.0656494e-06
-60.62039592682648,328.125,2.096478e-05,5.9840004e-06
-60.62039592682648,330.0,2.1689228e-05,5.868648e-06
-60.62039592682648,331.875,2.2382499e-05,5.8026403e-06
-60.62039592682648,333.75,2.2257114e-05,5.614387e-06
-60.62039592682648,335.625,2.1555683e-05,5.3875824e-06
-60.62039592682648,337.5,2.1340526e-05,5.551957e-06
-60.62039592682648,339.375,2.2155931e-05,6.071492e-06
-60.62039592682648,341.25,2.3579585e-05,6.5245044e-06
-60.62039592682648,343.125,2.4483255e-05,6.6491816e-06
-60.62039592682648,345.0,2.4521616e-05,6.6785788e-06
-60.62039592682648,346.875,2.41165e-05,6.5247004e-06
-60.62039592682648,348.75,2.436446e-05,6.554959e-06
-60.62039592682648,350.625,2.5608753e-05,6.9265825e-06
-60.62039592682648,352.5,2.7131779e-05,7.2961343e-06
-60.62039592682648,354.375,2.7856631e-05,7.2561056e-06
-60.62039592682648,356.25,2.7275375e-05,6.7691635e-06
-60.62039592682648,358.125,2.556562e-05,6.1082274e-06
-58.75520926937993,0.0,2.5170339e-05,6.3795906e-06
-58.75520926937993,1.875,2.600181e-05,6.4068645e-06
-58.75520926937993,3.75,2.7863209e-05,6.5205395e-06
-58.75520926937993,5.625,2.9057657e-05,6.6454927e-06
-58.75520926937993,7.5,2.8467455e-05,6.278085e-06
-58.75520926937993,9.375,2.6894744e-05,6.0351767e-06
-58.75520926937993,11.25,2.5534571e-05,5.8448813e-06
-58.75520926937993,13.125,2.4846924e-05,5.9020713e-06
-58.75520926937993,15.0,2.4889205e-05,5.8509063e-06
-58.75520926937993,16.875,2.5321979e-05,5.9042577e-06
-58.75520926937993,18.75,2.582598e-05,6.108957e-06
-58.75520926937993,20.625,2.6428654e-05,6.0932116e-06
-58.75520926937993,22.5,2.749153e-05,6.1290984e-06
-58.75520926937993,24.375,2.8101196e-05,5.870504e-06
-58.75520926937993,26.25,2.8042765e-05,5.7054235e-06
-58.75520926937993,28.125,2.721564e-05,5.394908e-06
-58.75520926937993,30.0,2.5583506e-05,5.2693485e-06
-58.75520926937993,31.875,2.4349418e-05,5.1555094e-06
-58.75520926937993,33.75,2.4216548e-05,5.03013e-06
-58.75520926937993,35.625,2.5339374e-05,5.16229e-06
-58.75520926937993,37.5,2.6817037e-05,5.4881098e-06
-58.75520926937993,39.375,2.7880971e-05,5.716978e-06
-58.75520926937993,41.25,2.8490153e-05,5.9912777e-06
-58.75520926937993,43.125,2.880589e-05,6.1435285e-06
-58.75520926937993,45.0,2.8783506e-05,6.0793327e-06
-58.75520926937993,46.875,2.8754044e-05,5.8102205e-06
-58.75520926937993,48.75,2.8837081e-05,5.8345836e-06
-58.75520926937993,50.625,2.8435043e-05,6.083054e-06
-58.75520926937993,52.5,2.8137245e-05,6.123138e-06
-58.75520926937993,54.375,2.8149723e-05,6.59177e-06
-58.75520926937993,56.25,2.8239747e-05,7.060414e-06
-58.75520926937993,58.125,2.8476987e-05,7.3527963e-06
-58.75520926937993,60.0,2.889608e-05,7.336593e-06
-58.75520926937993,61.875,2.8707818e-05,7.530872e-06
-58.75520926937993,63.75,2.880759e-05,7.2993043e-06
-58.75520926937993,65.625,2.9140785e-05,7.1422655e-06
-58.75520926937993,67.5,2.915035e-05,6.989658e-06
-58.75520926937993,69.375,2.8870814e-05,6.6904854e-06
-58.75520926937993,71.25,2.8301669e-05,6.3123616e-06
-58.75520926937993,73.125,2.6622465e-05,6.2838867e-06
-58.75520926937993,75.0,2.5488396e-05,6.399162e-06
-58.75520926937993,76.875,2.6123953e-05,6.7850183e-06
-58.75520926937993,78.75,2.6964533e-05,7.150592e-06
-58.75520926937993,80.625,2.7439448e-05,7.061593e-06
-58.75520926937993,82.5,2.6807747e-05,6.556486e-06
-58.75520926937993,84.375,2.526253e-05,5.951126e-06
-58.75520926937993,86.25,2.394399e-05,5.6323092e-06
-58.75520926937993,88.125,2.3662615e-05,5.5352143e-06
-58.75520926937993,90.0,2.419366e-05,5.8696255e-06
-58.75520926937993,91.875,2.486085e-05,6.4179426e-06
-58.75520926937993,93.75,2.5156107e-05,6.936624e-06
-58.75520926937993,95.625,2.5335261e-05,7.1877994e-06
-58.75520926937993,97.5,2.586094e-05,7.0163164e-06
-58.75520926937993,99.375,2.6658434e-05,6.684979e-06
-58.75520926937993,101.25,2.7717435e-05,6.5479962e-06
-58.75520926937993,103.125,2.8141527e-05,6.1226074e-06
-58.75520926937993,105.0,2.753835e-05,5.6544577e-06
-58.75520926937993,106.875,2.6403684e-05,5.1735215e-06
-58.75520926937993,108.75,2.5497522e-05,4.853837e-06
-58.75520926937993,110.625,2.515271e-05,4.905672e-06
-58.75520926937993,112.5,2.5559128e-05,5.1070597e-06
-58.75520926937993,114.375,2.6482607e-05,5.506036e-06
-58.75520926937993,116.25,2.6714317e-05,5.8117084e-06
-58.75520926937993,118.125,2.617166e-05,5.555474e-06
-58.75520926937993,120.0,2.4950043e-05,5.007654e-06
-58.75520926937993,121.875,2.4256751e-05,4.8516713e-06
-58.75520926937993,123.75,2.4317524e-05,4.6870355e-06
-58.75520926937993,125.625,2.4684477e-05,4.8612974e-06
-58.75520926937993,127.5,2.5656442e-05,5.1858506e-06
-58.75520926937993,129.375,2.6589292e-05,5.2963824e-06
-58.75520926937993,131.25,2.7918113e-05,5.470135e-06
-58.75520926937993,133.125,2.8619212e-05,5.7503294e-06
-58.75520926937993,135.0,2.833365e-05,5.489921e-06
-58.75520926937993,136.875,2.7302052e-05,5.2246455e-06
-58.75520926937993,138.75,2.6166636e-05,5.524563e-06
-58.75520926937993,140.625,2.5633573e-05,5.4725733e-06
-58.75520926937993,142.5,2.5643865e-05,5.4114325e-06
-58.75520926937993,144.375,2.6408574e-05,5.6118784e-06
-58.75520926937993,146.25,2.739471e-05,5.5807327e-06
-58.75520926937993,148.125,2.8476501e-05,5.826083e-06
-58.75520926937993,150.0,2.9718838e-05,6.1785404e-06
-58.75520926937993,151.875,3.110123e-05,6.0441953e-06
-58.75520926937993,153.75,3.141521e-05,6.5961085e-06
-58.75520926937993,155.625,3.0837236e-05,6.9468315e-06
-58.75520926937993,157.5,2.959452e-05,6.745833e-06
-58.75520926937993,159.375,2.8534427e-05,6.451501e-06
-58.75520926937993,161.25,2.8620132e-05,6.250556e-06
-58.75520926937993,163.125,2.9765359e-05,6.238508e-06
-58.75520926937993,165.0,3.1111045e-05,6.456188e-06
-58.75520926937993,166.875,3.188619e-05,6.6689963e-06
-58.75520926937993,168.75,3.1871852e-05,6.4728956e-06
-58.75520926937993,170.625,3.1592856e-05,6.2349377e-06
-58.75520926937993,172.5,3.0676467e-05,5.9994286e-06
-58.75520926937993,174.375,3.045443e-05,6.479173e-06
-58.75520926937993,176.25,3.0422369e-05,6.6810444e-06
-58.75520926937993,178.125,3.0158613e-05,7.0872516e-06
-58.75520926937993,180.0,2.9183842e-05,6.746631e-06
-58.75520926937993,181.875,2.832614e-05,6.633318e-06
-58.75520926937993,183.75,2.7856002e-05,6.5312925e-06
-58.75520926937993,185.625,2.8263792e-05,6.396848e-06
-58.75520926937993,187.5,2.9652147e-05,6.3861103e-06
-58.75520926937993,189.375,3.1203654e-05,6.572289e-06
-58.75520926937993,191.25,3.122013e-05,6.637816e-06
-58.75520926937993,193.125,3.0282134e-05,6.064537e-06
-58.75520926937993,195.0,2.8954104e-05,6.2062936e-06
-58.75520926937993,196.875,2.8057979e-05,6.4195997e-06
-58.75520926937993,198.75,2.8755543e-05,6.5910594e-06
-58.75520926937993,200.625,2.9910447e-05,6.6044595e-06
-58.75520926937993,202.5,3.0302908e-05,6.444214e-06
-58.75520926937993,204.375,2.9405892e-05,6.3325583e-06
-58.75520926937993,206.25,2.7798655e-05,6.16618e-06
-58.75520926937993,208.125,2.656938e-05,6.3205466e-06
-58.75520926937993,210.0,2.700407e-05,6.8079125e-06
-58.75520926937993,211.875,2.8724247e-05,7.3356828e-06
-58.75520926937993,213.75,3.0103296e-05,7.426023e-06
-58.75520926937993,215.625,3.0035637e-05,7.141323e-06
-58.75520926937993,217.5,2.889411e-05,6.75994e-06
-58.75520926937993,219.375,2.846223e-05,6.892549e-06
-58.75520926937993,221.25,2.9079638e-05,7.179336e-06
-58.75520926937993,223.125,3.0263815e-05,7.303471e-06
-58.75520926937993,225.0,3.0351172e-05,7.0555016e-06
-58.75520926937993,226.875,2.9405086e-05,6.860533e-06
-58.75520926937993,228.75,2.8275543e-05,6.8301447e-06
-58.75520926937993,230.625,2.7478738e-05,6.888484e-06
-58.75520926937993,232.5,2.772634e-05,6.9789107e-06
-58.75520926937993,234.375,2.7922042e-05,6.887754e-06
-58.75520926937993,236.25,2.7488553e-05,6.8198283e-06
-58.75520926937993,238.125,2.7044885e-05,6.654915e-06
-58.75520926937993,240.0,2.6593041e-05,6.736541e-06
-58.75520926937993,241.875,2.6595422e-05,6.6049006e-06
-58.75520926937993,243.75,2.6735668e-05,6.4957385e-06
-58.75520926937993,245.625,2.6791655e-05,6.1596575e-06
-58.75520926937993,247.5,2.5833906e-05,6.0593284e-06
-58.75520926937993,249.375,2.5386658e-05,5.963076e-06
-58.75520926937993,251.25,2.5645899e-05,6.3507264e-06
-58.75520926937993,253.125,2.7006126e-05,6.8667064e-06
-58.75520926937993,255.0,2.8031798e-05,7.007154e-06
-58.75520926937993,256.875,2.8011864e-05,6.829924e-06
-58.75520926937993,258.75,2.6603619e-05,6.5164277e-06
-58.75520926937993,260.625,2.4855393e-05,5.9358313e-06
-58.75520926937993,262.5,2.4155408e-05,6.0837174e-06
-58.75520926937993,264.375,2.4667892e-05,5.9811405e-06
-58.75520926937993,266.25,2.5639676e-05,6.005865e-06
-58.75520926937993,268.125,2.64325e-05,5.97364e-06
-58.75520926937993,270.0,2.625213e-05,5.6601507e-06
-58.75520926937993,271.875,2.5711843e-05,5.9286463e-06
-58.75520926937993,273.75,2.5607356e-05,5.8283563e-06
-58.75520926937993,275.625,2.6167872e-05,5.8497153e-06
-58.75520926937993,277.5,2.6711909e-05,5.78665e-06
-58.75520926937993,279.375,2.6653139e-05,5.9358576e-06
-58.75520926937993,281.25,2.5971649e-05,6.159249e-06
-58.75520926937993,283.125,2.5697562e-05,6.229888e-06
-58.75520926937993,285.0,2.5705744e-05,6.417854e-06
-58.75520926937993,286.875,2.673082e-05,6.6349494e-06
-58.75520926937993,288.75,2.7126041e-05,6.2767554e-06
-58.75520926937993,290.625,2.626408e-05,6.063816e-06
-58.75520926937993,292.5,2.4527684e-05,6.047505e-06
-58.75520926937993,294.375,2.3530565e-05,5.9546296e-06
-58.75520926937993,296.25,2.5587035e-05,6.2699987e-06
-58.75520926937993,298.125,2.8693783e-05,6.6139473e-06
-58.75520926937993,300.0,3.0812327e-05,6.980049e-06
-58.75520926937993,301.875,3.0111349e-05,6.330087e-06
-58.75520926937993,303.75,2.8312346e-05,5.8140554e-06
-58.75520926937993,305.625,2.6701711e-05,5.5672995e-06
-58.75520926937993,307.5,2.6008054e-05,5.779082e-06
-58.75520926937993,309.375,2.6388736e-05,6.068426e-06
-58.75520926937993,311.25,2.6801034e-05,6.1103524e-06
-58.75520926937993,313.125,2.6076827e-05,6.068583e-06
-58.75520926937993,315.0,2.4640682e-05,6.509641e-06
-58.75520926937993,316.875,2.400063e-05,6.8561985e-06
-58.75520926937993,318.75,2.4595465e-05,6.5996724e-06
-58.75520926937993,320.625,2.5460487e-05,6.5461013e-06
-58.75520926937993,322.5,2.6214562e-05,6.5910767e-06
-58.75520926937993,324.375,2.6072808e-05,6.5742724e-06
-58.75520926937993,326.25,2.571696e-05,6.109734e-06
-58.75520926937993,328.125,2.6089563e-05,6.0389534e-06
-58.75520926937993,330.0,2.7615079e-05,6.2738563e-06
-58.75520926937993,331.875,2.8576227e-05,6.3319158e-06
-58.75520926937993,333.75,2.7951808e-05,6.2757454e-06
-58.75520926937993,335.625,2.6302869e-05,6.071425e-06
-58.75520926937993,337.5,2.5144695e-05,6.1091478e-06
-58.75520926937993,339.375,2.5743422e-05,6.636026e-06
-58.75520926937993,341.25,2.747273e-05,6.9449943e-06
-58.75520926937993,343.125,2.8383787e-05,7.0201318e-06
-58.75520926937993,345.0,2.7126116e-05,6.7233564e-06
-58.75520926937993,346.875,2.49638e-05,6.406578e-06
-58.75520926937993,348.75,2.3682787e-05,6.2265253e-06
-58.75520926937993,350.625,2.428426e-05,6.545481e-06
-58.75520926937993,352.5,2.6289992e-05,7.1881395e-06
-58.75520926937993,354.375,2.7762777e-05,7.478313e-06
-58.75520926937993,356.25,2.7369992e-05,7.0587744e-06
-58.75520926937993,358.125,2.583683e-05,6.65779e-06
-56.89001260135711,0.0,2.6590917e-05,6.046768e-06
-56.89001260135711,1.875,2.8339591e-05,6.3513316e-06
-56.89001260135711,3.75,3.0151563e-05,6.4641654e-06
-56.89001260135711,5.625,2.9802417e-05,6.429494e-06
-56.89001260135711,7.5,2.7589676e-05,6.2591225e-06
-56.89001260135711,9.375,2.5823905e-05,6.1503865e-06
-56.89001260135711,11.25,2.5832416e-05,6.153486e-06
-56.89001260135711,13.125,2.7857563e-05,6.1952433e-06
-56.89001260135711,15.0,3.048628e-05,6.2696336e-06
-56.89001260135711,16.875,3.1127638e-05,6.4197875e-06
-56.89001260135711,18.75,2.9604586e-05,6.580641e-06
-56.89001260135711,20.625,2.7167522e-05,6.340469e-06
-56.89001260135711,22.5,2.587475e-05,5.928403e-06
-56.89001260135711,24.375,2.6255166e-05,5.8331166e-06
-56.89001260135711,26.25,2.7585298e-05,6.1490327e-06
-56.89001260135711,28.125,2.8506214e-05,6.052641e-06
-56.89001260135711,30.0,2.8724377e-05,5.562333e-06
-56.89001260135711,31.875,2.835282e-05,5.2258365e-06
-56.89001260135711,33.75,2.8415905e-05,5.211939e-06
-56.89001260135711,35.625,2.8935494e-05,5.3661392e-06
-56.89001260135711,37.5,2.9622244e-05,5.4123825e-06
-56.89001260135711,39.375,2.9635166e-05,5.5450737e-06
-56.89001260135711,41.25,2.9692274e-05,5.848574e-06
-56.89001260135711,43.125,3.0359695e-05,6.0131783e-06
-56.89001260135711,45.0,3.1759297e-05,6.4233236e-06
-56.89001260135711,46.875,3.3573087e-05,6.6373846e-06
-56.89001260135711,48.75,3.4198234e-05,6.659949e-06
-56.89001260135711,50.625,3.4007426e-05,6.80914e-06
-56.89001260135711,52.5,3.320754e-05,6.825398e-06
-56.89001260135711,54.375,3.3117707e-05,6.920673e-06
-56.89001260135711,56.25,3.354646e-05,7.2046723e-06
-56.89001260135711,58.125,3.3537784e-05,7.072377e-06
-56.89001260135711,60.0,3.2190153e-05,6.5445224e-06
-56.89001260135711,61.875,3.0635878e-05,6.219825e-06
-56.89001260135711,63.75,2.9998515e-05,6.1918286e-06
-56.89001260135711,65.625,3.133955e-05,6.4108613e-06
-56.89001260135711,67.5,3.343027e-05,6.9695043e-06
-56.89001260135711,69.375,3.510249e-05,7.3971432e-06
-56.89001260135711,71.25,3.5165613e-05,7.011213e-06
-56.89001260135711,73.125,3.353648e-05,6.871122e-06
-56.89001260135711,75.0,3.1409065e-05,6.548395e-06
-56.89001260135711,76.875,3.0094217e-05,6.8681784e-06
-56.89001260135711,78.75,3.0654686e-05,7.1507325e-06
-56.89001260135711,80.625,3.2121054e-05,7.083459e-06
-56.89001260135711,82.5,3.2603402e-05,7.1827976e-06
-56.89001260135711,84.375,3.1282565e-05,7.0709816e-06
-56.89001260135711,86.25,2.959264e-05,6.8878085e-06
-56.89001260135711,88.125,2.8582517e-05,6.500972e-06
-56.89001260135711,90.0,2.8636343e-05,6.4806873e-06
-56.89001260135711,91.875,2.8590886e-05,6.524289e-06
-56.89001260135711,93.75,2.8008944e-05,6.4336086e-06
-56.89001260135711,95.625,2.705459e-05,6.387784e-06
-56.89001260135711,97.5,2.6624733e-05,6.1147625e-06
-56.89001260135711,99.375,2.7296855e-05,6.053001e-06
-56.89001260135711,101.25,2.8941326e-05,5.8989235e-06
-56.89001260135711,103.125,3.021846e-05,5.8857368e-06
-56.89001260135711,105.0,3.0705527e-05,5.8045275e-06
-56.89001260135711,106.875,3.051917e-05,5.458907e-06
-56.89001260135711,108.75,3.0100477e-05,5.4231446e-06
-56.89001260135711,110.625,2.9808054e-05,5.561243e-06
-56.89001260135711,112.5,2.94194e-05,5.419235e-06
-56.89001260135711,114.375,2.9038096e-05,5.4990646e-06
-56.89001260135711,116.25,2.9187324e-05,5.5895457e-06
-56.89001260135711,118.125,2.9912908e-05,5.399358e-06
-56.89001260135711,120.0,3.093822e-05,5.1373618e-06
-56.89001260135711,121.875,3.138053e-05,5.150842e-06
-56.89001260135711,123.75,3.0845764e-05,5.0666586e-06
-56.89001260135711,125.625,2.9783821e-05,5.3539748e-06
-56.89001260135711,127.5,2.8675697e-05,5.193335e-06
-56.89001260135711,129.375,2.7571736e-05,4.4960243e-06
-56.89001260135711,131.25,2.7427915e-05,4.6517052e-06
-56.89001260135711,133.125,2.8189177e-05,4.8285815e-06
-56.89001260135711,135.0,2.8771647e-05,5.039589e-06
-56.89001260135711,136.875,2.9187111e-05,5.6069944e-06
-56.89001260135711,138.75,2.9210598e-05,5.711469e-06
-56.89001260135711,140.625,2.962582e-05,6.000261e-06
-56.89001260135711,142.5,3.0387595e-05,6.6391985e-06
-56.89001260135711,144.375,3.0813397e-05,6.5154304e-06
-56.89001260135711,146.25,3.0238436e-05,6.3725365e-06
-56.89001260135711,148.125,2.882154e-05,6.533985e-06
-56.89001260135711,150.0,2.7394975e-05,6.4558385e-06
-56.89001260135711,151.875,2.6684571e-05,6.3081006e-06
-56.89001260135711,153.75,2.7663531e-05,6.2207564e-06
-56.89001260135711,155.625,2.9005801e-05,6.3560947e-06
-56.89001260135711,157.5,2.9907715e-05,6.399161e-06
-56.89001260135711,159.375,3.055417e-05,6.4244127e-06
-56.89001260135711,161.25,3.10371e-05,6.400975e-06
-56.89001260135711,163.125,3.1784693e-05,6.782456e-06
-56.89001260135711,165.0,3.235768e-05,6.517244e-06
-56.89001260135711,166.875,3.2722848e-05,6.68721e-06
-56.89001260135711,168.75,3.2009455e-05,6.469832e-06
-56.89001260135711,170.625,3.048562e-05,6.4929527e-06
-56.89001260135711,172.5,2.9123195e-05,6.4235724e-06
-56.89001260135711,174.375,2.878712e-05,7.01959e-06
-56.89001260135711,176.25,2.8628878e-05,6.948215e-06
-56.89001260135711,178.125,2.9034507e-05,6.9909925e-06
-56.89001260135711,180.0,2.9345261e-05,7.0475894e-06
-56.89001260135711,181.875,2.9529201e-05,7.086389e-06
-56.89001260135711,183.75,2.979754e-05,6.9120456e-06
-56.89001260135711,185.625,2.9961313e-05,6.2443523e-06
-56.89001260135711,187.5,3.088681e-05,6.2626423e-06
-56.89001260135711,189.375,3.1255306e-05,6.596143e-06
-56.89001260135711,191.25,3.138985e-05,6.780849e-06
-56.89001260135711,193.125,3.022894e-05,6.623151e-06
-56.89001260135711,195.0,2.917505e-05,6.6621533e-06
-56.89001260135711,196.875,2.8595918e-05,6.471708e-06
-56.89001260135711,198.75,2.9667357e-05,7.0414626e-06
-56.89001260135711,200.625,3.1291213e-05,7.1458144e-06
-56.89001260135711,202.5,3.199897e-05,7.5597573e-06
-56.89001260135711,204.375,3.1201354e-05,7.95892e-06
-56.89001260135711,206.25,2.9520332e-05,7.527468e-06
-56.89001260135711,208.125,2.8513827e-05,7.1912996e-06
-56.89001260135711,210.0,2.899371e-05,7.576204e-06
-56.89001260135711,211.875,3.0297828e-05,7.749791e-06
-56.89001260135711,213.75,3.080826e-05,7.663762e-06
-56.89001260135711,215.625,2.9256116e-05,7.2370462e-06
-56.89001260135711,217.5,2.683109e-05,6.899093e-06
-56.89001260135711,219.375,2.61372e-05,6.9325433e-06
-56.89001260135711,221.25,2.8512917e-05,7.505735e-06
-56.89001260135711,223.125,3.0857296e-05,7.968707e-06
-56.89001260135711,225.0,3.20045e-05,8.3425e-06
-56.89001260135711,226.875,3.0887044e-05,8.177093e-06
-56.89001260135711,228.75,2.9935218e-05,7.962748e-06
-56.89001260135711,230.625,2.9724359e-05,8.108753e-06
-56.89001260135711,232.5,3.0172805e-05,8.194065e-06
-56.89001260135711,234.375,2.9698987e-05,7.874618e-06
-56.89001260135711,236.25,2.8178938e-05,7.5807116e-06
-56.89001260135711,238.125,2.6547208e-05,7.5059415e-06
-56.89001260135711,240.0,2.613542e-05,7.407825e-06
-56.89001260135711,241.875,2.8191236e-05,7.803488e-06
-56.89001260135711,243.75,3.117117e-05,8.5304255e-06
-56.89001260135711,245.625,3.174371e-05,8.367145e-06
-56.89001260135711,247.5,3.0104686e-05,7.632151e-06
-56.89001260135711,249.375,2.7002283e-05,6.9091247e-06
-56.89001260135711,251.25,2.487021e-05,6.5430245e-06
-56.89001260135711,253.125,2.5014757e-05,6.7496326e-06
-56.89001260135711,255.0,2.6533988e-05,7.095278e-06
-56.89001260135711,256.875,2.8970228e-05,7.300322e-06
-56.89001260135711,258.75,3.0440966e-05,7.0492774e-06
-56.89001260135711,260.625,3.0766554e-05,7.1302265e-06
-56.89001260135711,262.5,3.0814885e-05,7.3746905e-06
-56.89001260135711,264.375,3.037639e-05,6.687626e-06
-56.89001260135711,266.25,2.9569015e-05,6.366317e-06
-56.89001260135711,268.125,2.8155186e-05,5.850454e-06
-56.89001260135711,270.0,2.7905324e-05,5.9774e-06
-56.89001260135711,271.875,2.9194076e-05,6.289445e-06
-56.89001260135711,273.75,3.0774645e-05,6.3942634e-06
-56.89001260135711,275.625,3.125632e-05,6.4881406e-06
-56.89001260135711,277.5,3.0304935e-05,6.2651197e-06
-56.89001260135711,279.375,2.768702e-05,5.9309577e-06
-56.89001260135711,281.25,2.7043776e-05,6.000094e-06
-56.89001260135711,283.125,2.948604e-05,6.886883e-06
-56.89001260135711,285.0,3.5842866e-05,8.267629e-06
-56.89001260135711,286.875,4.425122e-05,1.0228132e-05
-56.89001260135711,288.75,4.811825e-05,9.400029e-06
-56.89001260135711,290.625,4.645775e-05,9.2560085e-06
-56.89001260135711,292.5,3.8985883e-05,7.3935075e-06
-56.89001260135711,294.375,2.9813085e-05,6.008147e-06
-56.89001260135711,296.25,2.5011557e-05,5.4082734e-06
-56.89001260135711,298.125,2.518869e-05,5.811674e-06
-56.89001260135711,300.0,2.7962658e-05,6.3205143e-06
-56.89001260135711,301.875,2.902856e-05,6.674519e-06
-56.89001260135711,303.75,2.801376e-05,6.51393e-06
-56.89001260135711,305.625,2.634985e-05,5.8504834e-06
-56.89001260135711,307.5,2.5528427e-05,5.757269e-06
-56.89001260135711,309.375,2.6388509e-05,6.0990005e-06
-56.89001260135711,311.25,2.7263497e-05,6.428607e-06
-56.89001260135711,313.125,2.6861797e-05,6.3837097e-06
-56.89001260135711,315.0,2.5266912e-05,6.7946808e-06
-56.89001260135711,316.875,2.4355817e-05,6.6746616e-06
-56.89001260135711,318.75,2.5228066e-05,6.621413e-06
-56.89001260135711,320.625,2.6986394e-05,6.542889e-06
-56.89001260135711,322.5,2.7927696e-05,6.435142e-06
-56.89001260135711,324.375,2.6944554e-05,6.2302956e-06
-56.89001260135711,326.25,2.5294921e-05,6.233061e-06
-56.89001260135711,328.125,2.5224572e-05,6.3774582e-06
-56.89001260135711,330.0,2.7673635e-05,6.634256e-06
-56.89001260135711,331.875,3.0336263e-05,6.9079406e-06
-56.89001260135711,333.75,3.098908e-05,7.1279887e-06
-56.89001260135711,335.625,2.928182e-05,7.178871e-06
-56.89001260135711,337.5,2.7474962e-05,7.25458e-06
-56.89001260135711,339.375,2.7817598e-05,7.286035e-06
-56.89001260135711,341.25,2.9767289e-05,7.2953344e-06
-56.89001260135711,343.125,3.1530402e-05,7.6129145e-06
-56.89001260135711,345.0,3.0626532e-05,7.453749e-06
-56.89001260135711,346.875,2.8372286e-05,7.076831e-06
-56.89001260135711,348.75,2.6853972e-05,6.918113e-06
-56.89001260135711,350.625,2.7567927e-05,6.926384e-06
-56.89001260135711,352.5,2.9415402e-05,7.1343334e-06
-56.89001260135711,354.375,3.0064457e-05,7.062216e-06
-56.89001260135711,356.25,2.8279976e-05,6.701027e-06
-56.89001260135711,358.125,2.6600737e-05,6.252817e-06
-55.02480753831166,0.0,3.160807e-05,6.9655134e-06
-55.02480753831166,1.875,3.375061e-05,6.964074e-06
-55.02480753831166,3.75,3.494221e-05,7.0102005e-06
-55.02480753831166,5.625,3.323918e-05,6.927196e-06
-55.02480753831166,7.5,3.041937e-05,6.7311908e-06
-55.02480753831166,9.375,2.91667e-05,6.6962343e-06
-55.02480753831166,11.25,3.0069164e-05,6.664412e-06
-55.02480753831166,13.125,3.2308053e-05,6.7684236e-06
-55.02480753831166,15.0,3.3543623e-05,7.0200867e-06
-55.02480753831166,16.875,3.306576e-05,7.051566e-06
-55.02480753831166,18.75,3.117924e-05,6.936062e-06
-55.02480753831166,20.625,2.9124712e-05,6.5474524e-06
-55.02480753831166,22.5,2.8338423e-05,6.117979e-06
-55.02480753831166,24.375,2.896763e-05,6.1569476e-06
-55.02480753831166,26.25,3.0526902e-05,6.34169e-06
-55.02480753831166,28.125,3.225422e-05,6.639536e-06
-55.02480753831166,30.0,3.275987e-05,6.3694943e-06
-55.02480753831166,31.875,3.233371e-05,6.311823e-06
-55.02480753831166,33.75,3.2288328e-05,6.596863e-06
-55.02480753831166,35.625,3.284387e-05,6.916134e-06
-55.02480753831166,37.5,3.2983542e-05,6.950835e-06
-55.02480753831166,39.375,3.2188047e-05,6.7517e-06
-55.02480753831166,41.25,3.1020758e-05,6.8546638e-06
-55.02480753831166,43.125,3.0483845e-05,6.3384823e-06
-55.02480753831166,45.0,3.1042302e-05,6.1815254e-06
-55.02480753831166,46.875,3.20754e-05,5.9464232e-06
-55.02480753831166,48.75,3.262814e-05,6.1182245e-06
-55.02480753831166,50.625,3.242211e-05,6.417436e-06
-55.02480753831166,52.5,3.268551e-05,6.798242e-06
-55.02480753831166,54.375,3.397422e-05,7.0487627e-06
-55.02480753831166,56.25,3.6438683e-05,7.4552486e-06
-55.02480753831166,58.125,3.8891885e-05,7.788082e-06
-55.02480753831166,60.0,3.8818907e-05,6.9857674e-06
-55.02480753831166,61.875,3.680151e-05,6.5271797e-06
-55.02480753831166,63.75,3.5705292e-05,6.5321424e-06
-55.02480753831166,65.625,3.5558918e-05,7.125591e-06
-55.02480753831166,67.5,3.6586065e-05,7.4966806e-06
-55.02480753831166,69.375,3.7817455e-05,7.360518e-06
-55.02480753831166,71.25,3.816956e-05,7.5216885e-06
-55.02480753831166,73.125,3.8196315e-05,7.3171e-06
-55.02480753831166,75.0,3.594133e-05,6.744516e-06
-55.02480753831166,76.875,3.2528318e-05,6.894701e-06
-55.02480753831166,78.75,2.9924839e-05,6.6850853e-06
-55.02480753831166,80.625,3.0393854e-05,6.685269e-06
-55.02480753831166,82.5,3.193321e-05,6.7341734e-06
-55.02480753831166,84.375,3.301095e-05,7.033658e-06
-55.02480753831166,86.25,3.352826e-05,6.956561e-06
-55.02480753831166,88.125,3.4089062e-05,7.1133118e-06
-55.02480753831166,90.0,3.5317742e-05,7.171474e-06
-55.02480753831166,91.875,3.558285e-05,7.351974e-06
-55.02480753831166,93.75,3.468604e-05,7.1164964e-06
-55.02480753831166,95.625,3.2882544e-05,6.488417e-06
-55.02480753831166,97.5,3.13901e-05,5.9092085e-06
-55.02480753831166,99.375,3.1027812e-05,5.2480095e-06
-55.02480753831166,101.25,3.0907773e-05,5.333276e-06
-55.02480753831166,103.125,3.0643554e-05,5.180416e-06
-55.02480753831166,105.0,2.9939267e-05,5.538472e-06
-55.02480753831166,106.875,2.9350374e-05,5.338871e-06
-55.02480753831166,108.75,2.9111112e-05,5.3757994e-06
-55.02480753831166,110.625,2.9399955e-05,5.414938e-06
-55.02480753831166,112.5,2.951975e-05,5.531178e-06
-55.02480753831166,114.375,2.8946763e-05,5.1192483e-06
-55.02480753831166,116.25,2.836369e-05,5.0124922e-06
-55.02480753831166,118.125,2.8627524e-05,5.0504277e-06
-55.02480753831166,120.0,3.0097879e-05,5.103828e-06
-55.02480753831166,121.875,3.1923646e-05,5.4503175e-06
-55.02480753831166,123.75,3.3248583e-05,5.47056e-06
-55.02480753831166,125.625,3.3096545e-05,5.340608e-06
-55.02480753831166,127.5,3.1858483e-05,5.1329953e-06
-55.02480753831166,129.375,3.107163e-05,5.3681756e-06
-55.02480753831166,131.25,3.1247386e-05,5.605712e-06
-55.02480753831166,133.125,3.2452277e-05,5.697229e-06
-55.02480753831166,135.0,3.4059896e-05,6.320745e-06
-55.02480753831166,136.875,3.4830482e-05,6.4911314e-06
-55.02480753831166,138.75,3.444134e-05,6.7943342e-06
-55.02480753831166,140.625,3.4913824e-05,6.5137706e-06
-55.02480753831166,142.5,3.575723e-05,7.0428728e-06
-55.02480753831166,144.375,3.5073866e-05,6.921867e-06
-55.02480753831166,146.25,3.4282482e-05,7.124304e-06
-55.02480753831166,148.125,3.2504e-05,6.966732e-06
-55.02480753831166,150.0,3.101729e-05,6.34027e-06
-55.02480753831166,151.875,3.105028e-05,5.9179315e-06
-55.02480753831166,153.75,3.206053e-05,5.7926727e-06
-55.02480753831166,155.625,3.3083128e-05,6.0748807e-06
-55.02480753831166,157.5,3.373574e-05,6.464314e-06
-55.02480753831166,159.375,3.369913e-05,6.727734e-06
-55.02480753831166,161.25,3.3157947e-05,7.048007e-06
-55.02480753831166,163.125,3.2949207e-05,7.41247e-06
-55.02480753831166,165.0,3.2641547e-05,7.2221515e-06
-55.02480753831166,166.875,3.275117e-05,7.821159e-06
-55.02480753831166,168.75,3.1864758e-05,7.298795e-06
-55.02480753831166,170.625,3.1744232e-05,7.5640637e-06
-55.02480753831166,172.5,3.119008e-05,7.4135805e-06
-55.02480753831166,174.375,3.070345e-05,7.557632e-06
-55.02480753831166,176.25,3.10631e-05,6.998767e-06
-55.02480753831166,178.125,3.2043215e-05,7.3522265e-06
-55.02480753831166,180.0,3.303406e-05,7.785468e-06
-55.02480753831166,181.875,3.3310014e-05,7.689183e-06
-55.02480753831166,183.75,3.3030323e-05,7.565748e-06
-55.02480753831166,185.625,3.126611e-05,7.150313e-06
-55.02480753831166,187.5,2.9284456e-05,6.5811146e-06
-55.02480753831166,189.375,2.848663e-05,7.0323763e-06
-55.02480753831166,191.25,3.0012587e-05,7.512393e-06
-55.02480753831166,193.125,3.1458796e-05,7.5841576e-06
-55.02480753831166,195.0,3.1774212e-05,7.645009e-06
-55.02480753831166,196.875,3.098468e-05,7.4276436e-06
-55.02480753831166,198.75,2.9949555e-05,7.2230932e-06
-55.02480753831166,200.625,3.0584113e-05,7.561378e-06
-55.02480753831166,202.5,3.1671716e-05,8.004627e-06
-55.02480753831166,204.375,3.126856e-05,8.121838e-06
-55.02480753831166,206.25,2.9264078e-05,8.027817e-06
-55.02480753831166,208.125,2.7701883e-05,7.7578725e-06
-55.02480753831166,210.0,2.7887318e-05,7.8861e-06
-55.02480753831166,211.875,2.9513049e-05,8.210788e-06
-55.02480753831166,213.75,2.9636562e-05,7.852205e-06
-55.02480753831166,215.625,2.816874e-05,7.681537e-06
-55.02480753831166,217.5,2.5694602e-05,7.39352e-06
-55.02480753831166,219.375,2.4928593e-05,7.1990057e-06
-55.02480753831166,221.25,2.6226784e-05,7.279167e-06
-55.02480753831166,223.125,2.7750915e-05,7.341124e-06
-55.02480753831166,225.0,2.7349139e-05,7.366537e-06
-55.02480753831166,226.875,2.5270889e-05,7.127685e-06
-55.02480753831166,228.75,2.4909736e-05,7.287555e-06
-55.02480753831166,230.625,2.7020085e-05,7.786443e-06
-55.02480753831166,232.5,2.9946928e-05,8.77208e-06
-55.02480753831166,234.375,3.106458e-05,8.576765e-06
-55.02480753831166,236.25,2.984297e-05,8.284939e-06
-55.02480753831166,238.125,2.7679638e-05,8.182917e-06
-55.02480753831166,240.0,2.680404e-05,7.923088e-06
-55.02480753831166,241.875,2.812996e-05,8.025061e-06
-55.02480753831166,243.75,3.0823318e-05,8.754141e-06
-55.02480753831166,245.625,3.131918e-05,8.683063e-06
-55.02480753831166,247.5,3.0485528e-05,8.519517e-06
-55.02480753831166,249.375,2.8726003e-05,7.772978e-06
-55.02480753831166,251.25,2.8077955e-05,7.380355e-06
-55.02480753831166,253.125,2.91872e-05,7.3744536e-06
-55.02480753831166,255.0,3.069983e-05,7.3011192e-06
-55.02480753831166,256.875,3.079367e-05,6.7923484e-06
-55.02480753831166,258.75,3.0152643e-05,6.578383e-06
-55.02480753831166,260.625,3.0553787e-05,6.8037116e-06
-55.02480753831166,262.5,3.136181e-05,7.0635883e-06
-55.02480753831166,264.375,3.2206513e-05,7.5148564e-06
-55.02480753831166,266.25,3.1906045e-05,6.954179e-06
-55.02480753831166,268.125,3.0004732e-05,6.607718e-06
-55.02480753831166,270.0,2.9856878e-05,6.5026934e-06
-55.02480753831166,271.875,3.2604417e-05,7.4104073e-06
-55.02480753831166,273.75,3.5826743e-05,7.771196e-06
-55.02480753831166,275.625,3.6803754e-05,8.037519e-06
-55.02480753831166,277.5,3.382057e-05,7.2183943e-06
-55.02480753831166,279.375,3.0881845e-05,6.7992282e-06
-55.02480753831166,281.25,3.3177424e-05,7.316458e-06
-55.02480753831166,283.125,4.257604e-05,9.6933e-06
-55.02480753831166,285.0,5.585368e-05,1.1689011e-05
-55.02480753831166,286.875,6.608641e-05,1.2194933e-05
-55.02480753831166,288.75,6.206933e-05,1.1392461e-05
-55.02480753831166,290.625,4.498981e-05,8.967885e-06
-55.02480753831166,292.5,3.6786507e-05,7.839747e-06
-55.02480753831166,294.375,3.5540863e-05,7.564652e-06
-55.02480753831166,296.25,2.5812933e-05,6.058463e-06
-55.02480753831166,298.125,2.5337204e-05,5.825218e-06
-55.02480753831166,300.0,2.6916461e-05,5.7360908e-06
-55.02480753831166,301.875,2.8473763e-05,5.954111e-06
-55.02480753831166,303.75,2.8740451e-05,6.5126987e-06
-55.02480753831166,305.625,2.7063641e-05,5.885687e-06
-55.02480753831166,307.5,2.6348946e-05,5.9035656e-06
-55.02480753831166,309.375,2.7715038e-05,6.685657e-06
-55.02480753831166,311.25,2.9095634e-05,6.4932715e-06
-55.02480753831166,313.125,2.898754e-05,6.749292e-06
-55.02480753831166,315.0,2.712857e-05,6.7908095e-06
-55.02480753831166,316.875,2.6092537e-05,6.6551784e-06
-55.02480753831166,318.75,2.7159487e-05,6.787918e-06
-55.02480753831166,320.625,2.9710569e-05,7.090038e-06
-55.02480753831166,322.5,3.1489086e-05,7.074506e-06
-55.02480753831166,324.375,3.0405181e-05,7.0098044e-06
-55.02480753831166,326.25,2.7535838e-05,6.93778e-06
-55.02480753831166,328.125,2.5973499e-05,6.9300013e-06
-55.02480753831166,330.0,2.7318458e-05,6.957317e-06
-55.02480753831166,331.875,3.063136e-05,7.551158e-06
-55.02480753831166,333.75,3.256206e-05,8.304727e-06
-55.02480753831166,335.625,3.151109e-05,8.499084e-06
-55.02480753831166,337.5,2.9410561e-05,8.106905e-06
-55.02480753831166,339.375,2.8832657e-05,7.737995e-06
-55.02480753831166,341.25,3.0468353e-05,7.569523e-06
-55.02480753831166,343.125,3.2788936e-05,7.712208e-06
-55.02480753831166,345.0,3.329539e-05,7.805565e-06
-55.02480753831166,346.875,3.2108117e-05,7.805315e-06
-55.02480753831166,348.75,3.1872736e-05,7.719374e-06
-55.02480753831166,350.625,3.3481992e-05,7.793061e-06
-55.02480753831166,352.5,3.5410994e-05,8.09827e-06
-55.02480753831166,354.375,3.5388235e-05,7.947682e-06
-55.02480753831166,356.25,3.3243992e-05,7.681004e-06
-55.02480753831166,358.125,3.1407795e-05,7.349382e-06
-53.15959537001968,0.0,3.2724445e-05,7.384255e-06
-53.15959537001968,1.875,3.4299974e-05,7.2716934e-06
-53.15959537001968,3.75,3.45281e-05,7.018513e-06
-53.15959537001968,5.625,3.2996428e-05,7.162934e-06
-53.15959537001968,7.5,3.186626e-05,7.081638e-06
-53.15959537001968,9.375,3.250704e-05,7.103616e-06
-53.15959537001968,11.25,3.3751916e-05,7.0582164e-06
-53.15959537001968,13.125,3.3160053e-05,6.767231e-06
-53.15959537001968,15.0,3.093517e-05,6.6077273e-06
-53.15959537001968,16.875,2.890422e-05,6.73988e-06
-53.15959537001968,18.75,2.9610545e-05,6.891719e-06
-53.15959537001968,20.625,3.1746713e-05,6.9741004e-06
-53.15959537001968,22.5,3.3387492e-05,6.686144e-06
-53.15959537001968,24.375,3.4006902e-05,6.735844e-06
-53.15959537001968,26.25,3.362725e-05,6.6780212e-06
-53.15959537001968,28.125,3.2894077e-05,6.877862e-06
-53.15959537001968,30.0,3.1780983e-05,6.599787e-06
-53.15959537001968,31.875,3.0647865e-05,6.5177564e-06
-53.15959537001968,33.75,3.14714e-05,6.4495025e-06
-53.15959537001968,35.625,3.370071e-05,6.7787005e-06
-53.15959537001968,37.5,3.6065365e-05,7.3093624e-06
-53.15959537001968,39.375,3.7248126e-05,7.5758926e-06
-53.15959537001968,41.25,3.6318823e-05,7.281197e-06
-53.15959537001968,43.125,3.5599427e-05,7.043308e-06
-53.15959537001968,45.0,3.6002093e-05,6.389489e-06
-53.15959537001968,46.875,3.631287e-05,6.114039e-06
-53.15959537001968,48.75,3.7005633e-05,6.359099e-06
-53.15959537001968,50.625,3.5489902e-05,6.7127853e-06
-53.15959537001968,52.5,3.479072e-05,6.607776e-06
-53.15959537001968,54.375,3.4231853e-05,6.2543063e-06
-53.15959537001968,56.25,3.5487054e-05,6.1583546e-06
-53.15959537001968,58.125,3.6626414e-05,6.71729e-06
-53.15959537001968,60.0,3.7472484e-05,6.713929e-06
-53.15959537001968,61.875,3.7854436e-05,6.4577957e-06
-53.15959537001968,63.75,3.7967835e-05,6.169618e-06
-53.15959537001968,65.625,3.747624e-05,6.651322e-06
-53.15959537001968,67.5,3.642157e-05,6.8633753e-06
-53.15959537001968,69.375,3.5940386e-05,6.9095267e-06
-53.15959537001968,71.25,3.622245e-05,6.759606e-06
-53.15959537001968,73.125,3.666006e-05,7.0782576e-06
-53.15959537001968,75.0,3.722304e-05,6.9853327e-06
-53.15959537001968,76.875,3.5650297e-05,7.1830973e-06
-53.15959537001968,78.75,3.2924192e-05,6.8462286e-06
-53.15959537001968,80.625,3.1101554e-05,6.417273e-06
-53.15959537001968,82.5,3.0798867e-05,6.5415056e-06
-53.15959537001968,84.375,3.123868e-05,6.553831e-06
-53.15959537001968,86.25,3.1476364e-05,6.30416e-06
-53.15959537001968,88.125,3.1703446e-05,6.101592e-06
-53.15959537001968,90.0,3.2522414e-05,6.362041e-06
-53.15959537001968,91.875,3.4029483e-05,6.7427086e-06
-53.15959537001968,93.75,3.4342804e-05,6.9650214e-06
-53.15959537001968,95.625,3.3944983e-05,6.6653834e-06
-53.15959537001968,97.5,3.388141e-05,6.208767e-06
-53.15959537001968,99.375,3.407339e-05,6.0561115e-06
-53.15959537001968,101.25,3.4365185e-05,5.912816e-06
-53.15959537001968,103.125,3.386099e-05,5.697995e-06
-53.15959537001968,105.0,3.2424625e-05,5.5355813e-06
-53.15959537001968,106.875,3.1726464e-05,5.683669e-06
-53.15959537001968,108.75,3.2340246e-05,5.8565083e-06
-53.15959537001968,110.625,3.4168617e-05,5.9089907e-06
-53.15959537001968,112.5,3.513413e-05,6.3673447e-06
-53.15959537001968,114.375,3.4139503e-05,5.957576e-06
-53.15959537001968,116.25,3.182332e-05,5.9485283e-06
-53.15959537001968,118.125,2.998309e-05,5.4454936e-06
-53.15959537001968,120.0,2.8736871e-05,5.5847927e-06
-53.15959537001968,121.875,2.8276041e-05,5.5129995e-06
-53.15959537001968,123.75,2.9255134e-05,5.840924e-06
-53.15959537001968,125.625,3.0291389e-05,5.506776e-06
-53.15959537001968,127.5,3.1919815e-05,5.35101e-06
-53.15959537001968,129.375,3.3028613e-05,5.2679457e-06
-53.15959537001968,131.25,3.3918415e-05,6.115654e-06
-53.15959537001968,133.125,3.4005818e-05,6.3291895e-06
-53.15959537001968,135.0,3.510481e-05,6.6785387e-06
-53.15959537001968,136.875,3.3897086e-05,6.3139164e-06
-53.15959537001968,138.75,3.280712e-05,6.299266e-06
-53.15959537001968,140.625,3.180754e-05,6.6869934e-06
-53.15959537001968,142.5,3.1204643e-05,7.0028113e-06
-53.15959537001968,144.375,3.141319e-05,6.9651414e-06
-53.15959537001968,146.25,3.2088647e-05,6.9831067e-06
-53.15959537001968,148.125,3.2718468e-05,6.68822e-06
-53.15959537001968,150.0,3.332605e-05,6.6329962e-06
-53.15959537001968,151.875,3.4249282e-05,6.726757e-06
-53.15959537001968,153.75,3.5545527e-05,7.163741e-06
-53.15959537001968,155.625,3.584756e-05,7.6150445e-06
-53.15959537001968,157.5,3.5337267e-05,7.3895685e-06
-53.15959537001968,159.375,3.431169e-05,8.40188e-06
-53.15959537001968,161.25,3.3785105e-05,8.571672e-06
-53.15959537001968,163.125,3.4271165e-05,9.0925605e-06
-53.15959537001968,165.0,3.5308254e-05,9.175534e-06
-53.15959537001968,166.875,3.5539397e-05,9.148131e-06
-53.15959537001968,168.75,3.4705412e-05,8.775651e-06
-53.15959537001968,170.625,3.3199925e-05,9.176058e-06
-53.15959537001968,172.5,3.2987224e-05,9.22412e-06
-53.15959537001968,174.375,3.1083116e-05,7.9384945e-06
-53.15959537001968,176.25,2.983544e-05,7.20528e-06
-53.15959537001968,178.125,2.9588993e-05,7.2579714e-06
-53.15959537001968,180.0,3.0195077e-05,7.66481e-06
-53.15959537001968,181.875,3.2050288e-05,8.226928e-06
-53.15959537001968,183.75,3.287105e-05,8.404648e-06
-53.15959537001968,185.625,3.2201562e-05,8.290165e-06
-53.15959537001968,187.5,2.9344868e-05,7.80879e-06
-53.15959537001968,189.375,2.776563e-05,7.3775645e-06
-53.15959537001968,191.25,2.9577492e-05,8.116107e-06
-53.15959537001968,193.125,3.363102e-05,8.493791e-06
-53.15959537001968,195.0,3.489746e-05,8.539754e-06
-53.15959537001968,196.875,3.303175e-05,8.210935e-06
-53.15959537001968,198.75,2.9702787e-05,7.5193443e-06
-53.15959537001968,200.625,2.8858502e-05,6.956182e-06
-53.15959537001968,202.5,3.062337e-05,7.509932e-06
-53.15959537001968,204.375,3.199618e-05,8.211259e-06
-53.15959537001968,206.25,3.1036896e-05,8.122557e-06
-53.15959537001968,208.125,2.8275712e-05,7.796382e-06
-53.15959537001968,210.0,2.7279884e-05,7.635858e-06
-53.15959537001968,211.875,2.9531398e-05,8.007209e-06
-53.15959537001968,213.75,3.1486936e-05,8.66261e-06
-53.15959537001968,215.625,3.134835e-05,8.4106705e-06
-53.15959537001968,217.5,2.9901852e-05,8.206845e-06
-53.15959537001968,219.375,2.9838495e-05,8.153036e-06
-53.15959537001968,221.25,3.0701827e-05,8.5806e-06
-53.15959537001968,223.125,3.135406e-05,8.8097795e-06
-53.15959537001968,225.0,3.0027102e-05,8.59181e-06
-53.15959537001968,226.875,2.7836128e-05,7.886114e-06
-53.15959537001968,228.75,2.7310096e-05,7.4931468e-06
-53.15959537001968,230.625,2.9365488e-05,8.543564e-06
-53.15959537001968,232.5,3.106517e-05,9.075326e-06
-53.15959537001968,234.375,3.109259e-05,8.903644e-06
-53.15959537001968,236.25,2.9929135e-05,8.820045e-06
-53.15959537001968,238.125,2.8757728e-05,8.678702e-06
-53.15959537001968,240.0,2.8841216e-05,8.394105e-06
-53.15959537001968,241.875,2.8722037e-05,8.093675e-06
-53.15959537001968,243.75,2.8601773e-05,7.8447865e-06
-53.15959537001968,245.625,2.7850792e-05,7.668767e-06
-53.15959537001968,247.5,2.7221726e-05,7.223332e-06
-53.15959537001968,249.375,2.8896626e-05,8.1422495e-06
-53.15959537001968,251.25,3.1597625e-05,8.478911e-06
-53.15959537001968,253.125,3.3184177e-05,7.741227e-06
-53.15959537001968,255.0,3.2836684e-05,7.571468e-06
-53.15959537001968,256.875,3.0202482e-05,6.8417276e-06
-53.15959537001968,258.75,2.7376118e-05,6.56675e-06
-53.15959537001968,260.625,2.6238129e-05,6.3529e-06
-53.15959537001968,262.5,2.8507677e-05,6.9950943e-06
-53.15959537001968,264.375,3.1289084e-05,7.568952e-06
-53.15959537001968,266.25,3.1577103e-05,7.675781e-06
-53.15959537001968,268.125,2.9785173e-05,6.8546924e-06
-53.15959537001968,270.0,2.866159e-05,6.8793856e-06
-53.15959537001968,271.875,3.0600262e-05,7.5284606e-06
-53.15959537001968,273.75,3.4909946e-05,8.7042245e-06
-53.15959537001968,275.625,3.4192217e-05,7.6194247e-06
-53.15959537001968,277.5,3.1414133e-05,6.914577e-06
-53.15959537001968,279.375,3.1664003e-05,7.4454533e-06
-53.15959537001968,281.25,4.2601554e-05,9.985071e-06
-53.15959537001968,283.125,6.369621e-05,1.26805e-05
-53.15959537001968,285.0,7.3846604e-05,1.4148e-05
-53.15959537001968,286.875,6.503663e-05,1.2421931e-05
-53.15959537001968,288.75,5.1797797e-05,9.536892e-06
-53.15959537001968,290.625,3.7231355e-05,8.821805e-06
-53.15959537001968,292.5,2.8776773e-05,6.953756e-06
-53.15959537001968,294.375,2.093317e-05,6.023817e-06
-53.15959537001968,296.25,2.1613147e-05,5.77806e-06
-53.15959537001968,298.125,2.3026743e-05,5.0349763e-06
-53.15959537001968,300.0,2.53882e-05,5.9734916e-06
-53.15959537001968,301.875,2.6422113e-05,5.9923227e-06
-53.15959537001968,303.75,2.6979838e-05,6.380363e-06
-53.15959537001968,305.625,2.6804992e-05,6.3475463e-06
-53.15959537001968,307.5,2.606716e-05,6.6554694e-06
-53.15959537001968,309.375,2.7102928e-05,6.4922824e-06
-53.15959537001968,311.25,2.8284789e-05,6.7686615e-06
-53.15959537001968,313.125,2.8642973e-05,6.56342e-06
-53.15959537001968,315.0,2.8039818e-05,6.6628536e-06
-53.15959537001968,316.875,2.7496335e-05,6.5016575e-06
-53.15959537001968,318.75,2.8481787e-05,6.5487366e-06
-53.15959537001968,320.625,3.0994743e-05,7.078674e-06
-53.15959537001968,322.5,3.3506796e-05,7.8614175e-06
-53.15959537001968,324.375,3.4040495e-05,8.51644e-06
-53.15959537001968,326.25,3.2236752e-05,8.470744e-06
-53.15959537001968,328.125,3.0739015e-05,8.11112e-06
-53.15959537001968,330.0,3.1626852e-05,8.334942e-06
-53.15959537001968,331.875,3.4042285e-05,9.4446095e-06
-53.15959537001968,333.75,3.5291552e-05,1.0218197e-05
-53.15959537001968,335.625,3.4690504e-05,1.024565e-05
-53.15959537001968,337.5,3.3382068e-05,9.733589e-06
-53.15959537001968,339.375,3.292683e-05,8.8382785e-06
-53.15959537001968,341.25,3.3700027e-05,8.402662e-06
-53.15959537001968,343.125,3.4578068e-05,8.029139e-06
-53.15959537001968,345.0,3.4431563e-05,7.67464e-06
-53.15959537001968,346.875,3.3249908e-05,7.3696815e-06
-53.15959537001968,348.75,3.276123e-05,7.3365063e-06
-53.15959537001968,350.625,3.347827e-05,7.423171e-06
-53.15959537001968,352.5,3.4450233e-05,7.849165e-06
-53.15959537001968,354.375,3.4655153e-05,7.955528e-06
-53.15959537001968,356.25,3.346483e-05,7.770146e-06
-53.15959537001968,358.125,3.2509168e-05,7.742837e-06
-51.29437713895115,0.0,3.4982295e-05,7.5261937e-06
-51.29437713895115,1.875,3.5343648e-05,7.297318e-06
-51.29437713895115,3.75,3.4353143e-05,6.826919e-06
-51.29437713895115,5.625,3.2453947e-05,6.6058633e-06
-51.29437713895115,7.5,3.1933407e-05,6.911597e-06
-51.29437713895115,9.375,3.3887718e-05,7.312425e-06
-51.29437713895115,11.25,3.5504203e-05,7.264716e-06
-51.29437713895115,13.125,3.390076e-05,7.088637e-06
-51.29437713895115,15.0,3.0285795e-05,6.6030016e-06
-51.29437713895115,16.875,2.8468477e-05,6.546594e-06
-51.29437713895115,18.75,3.0572664e-05,6.765309e-06
-51.29437713895115,20.625,3.4451787e-05,7.1122677e-06
-51.29437713895115,22.5,3.5291236e-05,7.232227e-06
-51.29437713895115,24.375,3.3189615e-05,6.751793e-06
-51.29437713895115,26.25,3.153824e-05,6.4611872e-06
-51.29437713895115,28.125,3.1642598e-05,6.729777e-06
-51.29437713895115,30.0,3.2610547e-05,6.689609e-06
-51.29437713895115,31.875,3.2247888e-05,6.567813e-06
-51.29437713895115,33.75,3.100827e-05,6.4454957e-06
-51.29437713895115,35.625,3.1729243e-05,6.722446e-06
-51.29437713895115,37.5,3.4369834e-05,7.131622e-06
-51.29437713895115,39.375,3.6794703e-05,7.1620348e-06
-51.29437713895115,41.25,3.7688544e-05,7.788471e-06
-51.29437713895115,43.125,3.75569e-05,7.1079867e-06
-51.29437713895115,45.0,3.794199e-05,7.6065844e-06
-51.29437713895115,46.875,3.9151433e-05,8.132274e-06
-51.29437713895115,48.75,3.9605537e-05,8.022012e-06
-51.29437713895115,50.625,3.9332997e-05,7.3609276e-06
-51.29437713895115,52.5,3.924299e-05,7.5402654e-06
-51.29437713895115,54.375,3.8948216e-05,7.1189247e-06
-51.29437713895115,56.25,3.7375507e-05,6.9851376e-06
-51.29437713895115,58.125,3.561472e-05,6.7976516e-06
-51.29437713895115,60.0,3.4888864e-05,6.817039e-06
-51.29437713895115,61.875,3.556145e-05,7.1270492e-06
-51.29437713895115,63.75,3.860874e-05,7.74342e-06
-51.29437713895115,65.625,4.076715e-05,8.049795e-06
-51.29437713895115,67.5,3.965922e-05,7.844413e-06
-51.29437713895115,69.375,3.7772876e-05,7.5916105e-06
-51.29437713895115,71.25,3.616036e-05,7.0178535e-06
-51.29437713895115,73.125,3.7087575e-05,7.4992727e-06
-51.29437713895115,75.0,3.9851362e-05,7.678479e-06
-51.29437713895115,76.875,4.2341784e-05,8.012895e-06
-51.29437713895115,78.75,4.298893e-05,8.320303e-06
-51.29437713895115,80.625,4.1772746e-05,8.3716e-06
-51.29437713895115,82.5,3.9339542e-05,7.867395e-06
-51.29437713895115,84.375,3.710873e-05,7.363978e-06
-51.29437713895115,86.25,3.5249206e-05,6.8065992e-06
-51.29437713895115,88.125,3.3883167e-05,6.7183005e-06
-51.29437713895115,90.0,3.4157092e-05,6.821108e-06
-51.29437713895115,91.875,3.535636e-05,7.1093573e-06
-51.29437713895115,93.75,3.6366913e-05,7.5098183e-06
-51.29437713895115,95.625,3.6516445e-05,7.756194e-06
-51.29437713895115,97.5,3.568407e-05,7.428146e-06
-51.29437713895115,99.375,3.57726e-05,7.070567e-06
-51.29437713895115,101.25,3.7734048e-05,7.0827623e-06
-51.29437713895115,103.125,3.8050985e-05,7.182819e-06
-51.29437713895115,105.0,3.7473066e-05,7.140569e-06
-51.29437713895115,106.875,3.690294e-05,6.8682125e-06
-51.29437713895115,108.75,3.6797766e-05,7.0240653e-06
-51.29437713895115,110.625,3.735914e-05,6.8174527e-06
-51.29437713895115,112.5,3.7726742e-05,7.1435543e-06
-51.29437713895115,114.375,3.6752936e-05,7.152141e-06
-51.29437713895115,116.25,3.6723002e-05,7.594523e-06
-51.29437713895115,118.125,3.6284808e-05,7.325687e-06
-51.29437713895115,120.0,3.581563e-05,7.5357534e-06
-51.29437713895115,121.875,3.4563425e-05,7.407815e-06
-51.29437713895115,123.75,3.2944536e-05,7.162414e-06
-51.29437713895115,125.625,3.247073e-05,6.8370646e-06
-51.29437713895115,127.5,3.3760953e-05,7.3456795e-06
-51.29437713895115,129.375,3.4843557e-05,7.209886e-06
-51.29437713895115,131.25,3.309468e-05,6.7883516e-06
-51.29437713895115,133.125,3.2255066e-05,7.0380324e-06
-51.29437713895115,135.0,3.1133364e-05,6.8572326e-06
-51.29437713895115,136.875,3.1617186e-05,6.991935e-06
-51.29437713895115,138.75,3.172993e-05,7.258062e-06
-51.29437713895115,140.625,3.1234405e-05,7.0046663e-06
-51.29437713895115,142.5,3.157447e-05,7.013603e-06
-51.29437713895115,144.375,3.123264e-05,7.283652e-06
-51.29437713895115,146.25,3.17727e-05,7.637082e-06
-51.29437713895115,148.125,3.1335818e-05,7.684776e-06
-51.29437713895115,150.0,3.138659e-05,7.702755e-06
-51.29437713895115,151.875,3.081697e-05,7.267566e-06
-51.29437713895115,153.75,3.0275229e-05,6.8902305e-06
-51.29437713895115,155.625,3.0039902e-05,7.4768022e-06
-51.29437713895115,157.5,3.0204214e-05,7.611119e-06
-51.29437713895115,159.375,3.0039966e-05,8.288547e-06
-51.29437713895115,161.25,3.1132746e-05,8.88543e-06
-51.29437713895115,163.125,3.2168282e-05,9.263004e-06
-51.29437713895115,165.0,3.536416e-05,9.975293e-06
-51.29437713895115,166.875,3.5082117e-05,1.0106941e-05
-51.29437713895115,168.75,3.3739576e-05,9.730118e-06
-51.29437713895115,170.625,3.0971027e-05,8.64501e-06
-51.29437713895115,172.5,2.966335e-05,8.050881e-06
-51.29437713895115,174.375,2.9435509e-05,7.633635e-06
-51.29437713895115,176.25,2.7872404e-05,7.0436354e-06
-51.29437713895115,178.125,2.6248963e-05,6.8268746e-06
-51.29437713895115,180.0,2.533669e-05,6.8028035e-06
-51.29437713895115,181.875,2.704806e-05,7.3945635e-06
-51.29437713895115,183.75,3.09301e-05,7.701804e-06
-51.29437713895115,185.625,3.2523785e-05,8.072213e-06
-51.29437713895115,187.5,3.119926e-05,7.998081e-06
-51.29437713895115,189.375,2.8457278e-05,7.721561e-06
-51.29437713895115,191.25,2.8205677e-05,8.132516e-06
-51.29437713895115,193.125,3.106845e-05,8.9842215e-06
-51.29437713895115,195.0,3.3474447e-05,9.420471e-06
-51.29437713895115,196.875,3.2524706e-05,8.837914e-06
-51.29437713895115,198.75,2.8994427e-05,7.932661e-06
-51.29437713895115,200.625,2.8024278e-05,7.6079223e-06
-51.29437713895115,202.5,3.0575033e-05,7.965338e-06
-51.29437713895115,204.375,3.2959004e-05,8.8442e-06
-51.29437713895115,206.25,3.260796e-05,8.563005e-06
-51.29437713895115,208.125,2.9392937e-05,7.801946e-06
-51.29437713895115,210.0,2.8551774e-05,7.856819e-06
-51.29437713895115,211.875,3.0738865e-05,8.357684e-06
-51.29437713895115,213.75,3.2361637e-05,9.000677e-06
-51.29437713895115,215.625,3.172614e-05,8.554142e-06
-51.29437713895115,217.5,2.933073e-05,8.6935925e-06
-51.29437713895115,219.375,2.923163e-05,9.191446e-06
-51.29437713895115,221.25,3.0762363e-05,9.683375e-06
-51.29437713895115,223.125,3.1814092e-05,9.8094615e-06
-51.29437713895115,225.0,3.0543557e-05,9.404299e-06
-51.29437713895115,226.875,2.9828814e-05,8.726368e-06
-51.29437713895115,228.75,3.066944e-05,9.369312e-06
-51.29437713895115,230.625,3.1154286e-05,9.761213e-06
-51.29437713895115,232.5,3.0278743e-05,9.4545385e-06
-51.29437713895115,234.375,2.7867673e-05,8.712056e-06
-51.29437713895115,236.25,2.6288466e-05,8.678315e-06
-51.29437713895115,238.125,2.6772927e-05,8.387753e-06
-51.29437713895115,240.0,2.9883007e-05,8.744038e-06
-51.29437713895115,241.875,3.0023612e-05,8.404049e-06
-51.29437713895115,243.75,2.9162049e-05,7.881147e-06
-51.29437713895115,245.625,2.7575144e-05,7.527709e-06
-51.29437713895115,247.5,2.7463993e-05,7.4725713e-06
-51.29437713895115,249.375,2.845557e-05,7.452553e-06
-51.29437713895115,251.25,2.9609315e-05,7.3244055e-06
-51.29437713895115,253.125,3.0111776e-05,7.386278e-06
-51.29437713895115,255.0,3.0197283e-05,7.5370817e-06
-51.29437713895115,256.875,2.9804309e-05,7.3472193e-06
-51.29437713895115,258.75,2.841704e-05,7.4984778e-06
-51.29437713895115,260.625,2.8608481e-05,7.157194e-06
-51.29437713895115,262.5,3.1116513e-05,7.2752787e-06
-51.29437713895115,264.375,3.3032517e-05,7.750171e-06
-51.29437713895115,266.25,3.252116e-05,7.840037e-06
-51.29437713895115,268.125,2.970491e-05,7.3986166e-06
-51.29437713895115,270.0,2.7799431e-05,7.3827277e-06
-51.29437713895115,271.875,2.9364292e-05,7.158068e-06
-51.29437713895115,273.75,3.4631084e-05,8.1083845e-06
-51.29437713895115,275.625,3.457941e-05,7.946867e-06
-51.29437713895115,277.5,2.9460709e-05,6.4016635e-06
-51.29437713895115,279.375,3.0646916e-05,7.3372253e-06
-51.29437713895115,281.25,5.167665e-05,1.196374e-05
-51.29437713895115,283.125,8.8610155e-05,1.981439e-05
-51.29437713895115,285.0,0.000104066225,2.0211368e-05
-51.29437713895115,286.875,6.3977444e-05,1.1305811e-05
-51.29437713895115,288.75,2.6265656e-05,7.3004485e-06
-51.29437713895115,290.625,1.5239043e-05,7.4137274e-06
-51.29437713895115,292.5,1.3650531e-05,5.901538e-06
-51.29437713895115,294.375,1.248914e-05,5.0457797e-06
-51.29437713895115,296.25,1.750125e-05,5.625718e-06
-51.29437713895115,298.125,1.9938127e-05,5.751701e-06
-51.29437713895115,300.0,1.982967e-05,5.7292723e-06
-51.29437713895115,301.875,2.0615573e-05,5.940062e-06
-51.29437713895115,303.75,2.2299804e-05,6.4563396e-06
-51.29437713895115,305.625,2.4042958e-05,6.6052894e-06
-51.29437713895115,307.5,2.455731e-05,6.7707088e-06
-51.29437713895115,309.375,2.4197e-05,6.508507e-06
-51.29437713895115,311.25,2.5170566e-05,6.9067623e-06
-51.29437713895115,313.125,2.6901494e-05,7.3675797e-06
-51.29437713895115,315.0,2.9006667e-05,7.446186e-06
-51.29437713895115,316.875,3.0180772e-05,7.2108746e-06
-51.29437713895115,318.75,3.0182782e-05,7.103044e-06
-51.29437713895115,320.625,3.0158297e-05,7.24834e-06
-51.29437713895115,322.5,3.09794e-05,8.031434e-06
-51.29437713895115,324.375,3.2380343e-05,8.819434e-06
-51.29437713895115,326.25,3.4098382e-05,9.301744e-06
-51.29437713895115,328.125,3.4626988e-05,9.246634e-06
-51.29437713895115,330.0,3.4439065e-05,9.607113e-06
-51.29437713895115,331.875,3.419515e-05,1.0295058e-05
-51.29437713895115,333.75,3.429921e-05,1.0769321e-05
-51.29437713895115,335.625,3.5529574e-05,1.0527424e-05
-51.29437713895115,337.5,3.6648362e-05,1.00758225e-05
-51.29437713895115,339.375,3.6652993e-05,9.415213e-06
-51.29437713895115,341.25,3.615945e-05,9.0984e-06
-51.29437713895115,343.125,3.617819e-05,8.803718e-06
-51.29437713895115,345.0,3.604577e-05,8.671521e-06
-51.29437713895115,346.875,3.5242494e-05,8.30984e-06
-51.29437713895115,348.75,3.4257126e-05,7.89444e-06
-51.29437713895115,350.625,3.3701283e-05,7.708534e-06
-51.29437713895115,352.5,3.423653e-05,8.1301205e-06
-51.29437713895115,354.375,3.4984514e-05,8.413154e-06
-51.29437713895115,356.25,3.439819e-05,8.088967e-06
-51.29437713895115,358.125,3.4358156e-05,7.621324e-06
-49.42915369712305,0.0,3.5821864e-05,8.158724e-06
-49.42915369712305,1.875,3.6975503e-05,8.227938e-06
-49.42915369712305,3.75,3.6895748e-05,8.239745e-06
-49.42915369712305,5.625,3.4876964e-05,7.60655e-06
-49.42915369712305,7.5,3.345903e-05,7.4364343e-06
-49.42915369712305,9.375,3.4565608e-05,7.5480366e-06
-49.42915369712305,11.25,3.6282767e-05,7.695985e-06
-49.42915369712305,13.125,3.5522255e-05,7.55596e-06
-49.42915369712305,15.0,3.333036e-05,7.5256517e-06
-49.42915369712305,16.875,3.2654778e-05,7.82124e-06
-49.42915369712305,18.75,3.444634e-05,8.137724e-06
-49.42915369712305,20.625,3.5890855e-05,8.185768e-06
-49.42915369712305,22.5,3.4099077e-05,7.940405e-06
-49.42915369712305,24.375,3.0924715e-05,7.3743463e-06
-49.42915369712305,26.25,3.0321378e-05,7.2404423e-06
-49.42915369712305,28.125,3.3214637e-05,7.014506e-06
-49.42915369712305,30.0,3.6980175e-05,7.3988213e-06
-49.42915369712305,31.875,3.7236343e-05,7.4399327e-06
-49.42915369712305,33.75,3.4937206e-05,7.868666e-06
-49.42915369712305,35.625,3.3341035e-05,7.807633e-06
-49.42915369712305,37.5,3.346179e-05,8.007261e-06
-49.42915369712305,39.375,3.4783734e-05,8.001218e-06
-49.42915369712305,41.25,3.5457433e-05,8.273948e-06
-49.42915369712305,43.125,3.5520206e-05,8.698682e-06
-49.42915369712305,45.0,3.5472574e-05,8.809446e-06
-49.42915369712305,46.875,3.577805e-05,8.352759e-06
-49.42915369712305,48.75,3.5623783e-05,7.3731157e-06
-49.42915369712305,50.625,3.5351157e-05,7.4789505e-06
-49.42915369712305,52.5,3.577578e-05,7.411713e-06
-49.42915369712305,54.375,3.814817e-05,7.6134033e-06
-49.42915369712305,56.25,3.973638e-05,7.688524e-06
-49.42915369712305,58.125,3.8896993e-05,7.936489e-06
-49.42915369712305,60.0,3.7301394e-05,8.070595e-06
-49.42915369712305,61.875,3.730228e-05,8.673184e-06
-49.42915369712305,63.75,4.000772e-05,8.674406e-06
-49.42915369712305,65.625,4.355428e-05,9.0691165e-06
-49.42915369712305,67.5,4.256879e-05,8.677642e-06
-49.42915369712305,69.375,3.755477e-05,9.084074e-06
-49.42915369712305,71.25,3.9655333e-05,8.852919e-06
-49.42915369712305,73.125,3.6587862e-05,8.640862e-06
-49.42915369712305,75.0,3.979887e-05,9.191431e-06
-49.42915369712305,76.875,4.2601136e-05,9.739442e-06
-49.42915369712305,78.75,4.162926e-05,8.588232e-06
-49.42915369712305,80.625,3.9023565e-05,8.731753e-06
-49.42915369712305,82.5,3.957895e-05,8.431934e-06
-49.42915369712305,84.375,4.110626e-05,8.083283e-06
-49.42915369712305,86.25,4.04912e-05,8.577732e-06
-49.42915369712305,88.125,3.909349e-05,8.55003e-06
-49.42915369712305,90.0,3.8694205e-05,7.98472e-06
-49.42915369712305,91.875,3.962379e-05,8.37466e-06
-49.42915369712305,93.75,4.0789535e-05,8.654312e-06
-49.42915369712305,95.625,3.8681872e-05,8.437224e-06
-49.42915369712305,97.5,3.6667785e-05,7.696105e-06
-49.42915369712305,99.375,3.5401383e-05,7.5701255e-06
-49.42915369712305,101.25,3.611825e-05,7.3802485e-06
-49.42915369712305,103.125,3.6718666e-05,7.721228e-06
-49.42915369712305,105.0,3.574492e-05,7.822879e-06
-49.42915369712305,106.875,3.4788056e-05,7.968331e-06
-49.42915369712305,108.75,3.4333636e-05,7.377438e-06
-49.42915369712305,110.625,3.39728e-05,7.027864e-06
-49.42915369712305,112.5,3.2663997e-05,7.2630114e-06
-49.42915369712305,114.375,3.1517e-05,7.784969e-06
-49.42915369712305,116.25,3.1339197e-05,7.895986e-06
-49.42915369712305,118.125,3.4167748e-05,8.011105e-06
-49.42915369712305,120.0,3.5722398e-05,8.492436e-06
-49.42915369712305,121.875,3.482652e-05,8.63345e-06
-49.42915369712305,123.75,3.2095602e-05,8.1417e-06
-49.42915369712305,125.625,3.137835e-05,7.8321345e-06
-49.42915369712305,127.5,3.2261894e-05,7.51935e-06
-49.42915369712305,129.375,3.1848474e-05,6.9887597e-06
-49.42915369712305,131.25,3.0245941e-05,7.563296e-06
-49.42915369712305,133.125,2.7877073e-05,6.955973e-06
-49.42915369712305,135.0,2.7576996e-05,7.4899367e-06
-49.42915369712305,136.875,2.9559022e-05,8.150202e-06
-49.42915369712305,138.75,3.1113526e-05,8.740874e-06
-49.42915369712305,140.625,3.1321597e-05,8.360074e-06
-49.42915369712305,142.5,3.1517997e-05,8.475616e-06
-49.42915369712305,144.375,3.158253e-05,8.822998e-06
-49.42915369712305,146.25,3.167738e-05,8.532811e-06
-49.42915369712305,148.125,3.0358247e-05,8.339852e-06
-49.42915369712305,150.0,2.9262896e-05,8.556512e-06
-49.42915369712305,151.875,2.7738168e-05,7.6044885e-06
-49.42915369712305,153.75,2.7200831e-05,7.341662e-06
-49.42915369712305,155.625,2.8488786e-05,7.784553e-06
-49.42915369712305,157.5,2.8814107e-05,7.770331e-06
-49.42915369712305,159.375,2.9752322e-05,8.492787e-06
-49.42915369712305,161.25,2.990095e-05,8.765859e-06
-49.42915369712305,163.125,2.976026e-05,8.855667e-06
-49.42915369712305,165.0,3.1736537e-05,9.795601e-06
-49.42915369712305,166.875,3.2603544e-05,1.0221988e-05
-49.42915369712305,168.75,2.9987554e-05,8.702727e-06
-49.42915369712305,170.625,2.7359782e-05,8.266057e-06
-49.42915369712305,172.5,2.7499253e-05,8.153075e-06
-49.42915369712305,174.375,2.8766308e-05,8.409232e-06
-49.42915369712305,176.25,3.0158579e-05,8.542757e-06
-49.42915369712305,178.125,2.9223182e-05,8.200633e-06
-49.42915369712305,180.0,2.7027298e-05,7.5620414e-06
-49.42915369712305,181.875,2.5866986e-05,7.9967e-06
-49.42915369712305,183.75,2.8240023e-05,8.441612e-06
-49.42915369712305,185.625,3.1735202e-05,9.0617505e-06
-49.42915369712305,187.5,3.2556407e-05,9.856499e-06
-49.42915369712305,189.375,2.9768335e-05,9.404642e-06
-49.42915369712305,191.25,2.7279859e-05,8.611187e-06
-49.42915369712305,193.125,2.8196424e-05,8.923195e-06
-49.42915369712305,195.0,3.1368403e-05,9.536587e-06
-49.42915369712305,196.875,3.2126554e-05,9.267402e-06
-49.42915369712305,198.75,3.0507672e-05,8.774989e-06
-49.42915369712305,200.625,2.9357527e-05,8.4740705e-06
-49.42915369712305,202.5,3.0830968e-05,8.91497e-06
-49.42915369712305,204.375,3.208076e-05,9.200305e-06
-49.42915369712305,206.25,3.1336942e-05,9.0338945e-06
-49.42915369712305,208.125,2.8779647e-05,8.555376e-06
-49.42915369712305,210.0,2.8993583e-05,8.457111e-06
-49.42915369712305,211.875,3.1137013e-05,8.737361e-06
-49.42915369712305,213.75,3.182964e-05,8.617293e-06
-49.42915369712305,215.625,2.9907913e-05,8.73347e-06
-49.42915369712305,217.5,2.6608976e-05,8.514236e-06
-49.42915369712305,219.375,2.5865702e-05,8.745308e-06
-49.42915369712305,221.25,2.6942329e-05,8.908444e-06
-49.42915369712305,223.125,2.6459897e-05,8.524666e-06
-49.42915369712305,225.0,2.5644282e-05,8.172163e-06
-49.42915369712305,226.875,2.5323232e-05,8.350258e-06
-49.42915369712305,228.75,2.7174054e-05,8.676349e-06
-49.42915369712305,230.625,2.7979224e-05,8.733643e-06
-49.42915369712305,232.5,2.6925756e-05,8.467633e-06
-49.42915369712305,234.375,2.4759329e-05,8.048324e-06
-49.42915369712305,236.25,2.376829e-05,7.120153e-06
-49.42915369712305,238.125,2.6306643e-05,7.5914636e-06
-49.42915369712305,240.0,2.8524615e-05,7.997407e-06
-49.42915369712305,241.875,2.8294982e-05,7.4887776e-06
-49.42915369712305,243.75,2.748585e-05,7.797276e-06
-49.42915369712305,245.625,2.8189212e-05,8.808157e-06
-49.42915369712305,247.5,3.034797e-05,9.330568e-06
-49.42915369712305,249.375,3.0150803e-05,8.584869e-06
-49.42915369712305,251.25,2.807065e-05,7.638754e-06
-49.42915369712305,253.125,2.5616577e-05,7.4595246e-06
-49.42915369712305,255.0,2.641098e-05,7.5071407e-06
-49.42915369712305,256.875,3.0411255e-05,8.649487e-06
-49.42915369712305,258.75,3.201194e-05,8.450959e-06
-49.42915369712305,260.625,3.0893607e-05,8.083711e-06
-49.42915369712305,262.5,3.0127178e-05,8.198972e-06
-49.42915369712305,264.375,3.0588337e-05,7.751593e-06
-49.42915369712305,266.25,3.102747e-05,7.910738e-06
-49.42915369712305,268.125,2.9296125e-05,7.403103e-06
-49.42915369712305,270.0,2.7520196e-05,7.258269e-06
-49.42915369712305,271.875,2.9845718e-05,8.062031e-06
-49.42915369712305,273.75,3.662283e-05,9.881539e-06
-49.42915369712305,275.625,3.7853188e-05,9.638146e-06
-49.42915369712305,277.5,3.1462725e-05,7.175715e-06
-49.42915369712305,279.375,2.9912022e-05,7.2384673e-06
-49.42915369712305,281.25,5.2215964e-05,1.4128753e-05
-49.42915369712305,283.125,9.9608544e-05,2.266533e-05
-49.42915369712305,285.0,0.0001258477,2.7328477e-05
-49.42915369712305,286.875,7.854619e-05,1.5605914e-05
-49.42915369712305,288.75,1.9196277e-05,6.9797575e-06
-49.42915369712305,290.625,8.178935e-06,6.1437972e-06
-49.42915369712305,292.5,1.0903612e-05,6.2136796e-06
-49.42915369712305,294.375,1.0461011e-05,4.687593e-06
-49.42915369712305,296.25,1.3914276e-05,5.4596467e-06
-49.42915369712305,298.125,1.4561595e-05,5.218596e-06
-49.42915369712305,300.0,1.3719629e-05,5.1599222e-06
-49.42915369712305,301.875,1.4194977e-05,5.7388224e-06
-49.42915369712305,303.75,1.7350214e-05,6.250474e-06
-49.42915369712305,305.625,2.126511e-05,6.919411e-06
-49.42915369712305,307.5,2.3821754e-05,7.296504e-06
-49.42915369712305,309.375,2.4617657e-05,7.028774e-06
-49.42915369712305,311.25,2.575533e-05,7.608692e-06
-49.42915369712305,313.125,2.8295475e-05,7.874411e-06
-49.42915369712305,315.0,3.1176234e-05,8.0014825e-06
-49.42915369712305,316.875,3.4490648e-05,8.318412e-06
-49.42915369712305,318.75,3.537318e-05,8.527839e-06
-49.42915369712305,320.625,3.4317378e-05,8.553939e-06
-49.42915369712305,322.5,3.2555923e-05,8.724299e-06
-49.42915369712305,324.375,3.233713e-05,8.662426e-06
-49.42915369712305,326.25,3.496021e-05,9.378768e-06
-49.42915369712305,328.125,3.7107413e-05,1.0367692e-05
-49.42915369712305,330.0,3.6425095e-05,1.0711239e-05
-49.42915369712305,331.875,3.460469e-05,1.0578674e-05
-49.42915369712305,333.75,3.40848e-05,1.033126e-05
-49.42915369712305,335.625,3.6319612e-05,1.0454617e-05
-49.42915369712305,337.5,3.8241396e-05,1.0266256e-05
-49.42915369712305,339.375,3.7616646e-05,9.597683e-06
-49.42915369712305,341.25,3.6065423e-05,9.067392e-06
-49.42915369712305,343.125,3.6241487e-05,9.021946e-06
-49.42915369712305,345.0,3.788614e-05,9.651285e-06
-49.42915369712305,346.875,3.869257e-05,9.744502e-06
-49.42915369712305,348.75,3.7923088e-05,9.319218e-06
-49.42915369712305,350.625,3.693467e-05,9.1927695e-06
-49.42915369712305,352.5,3.734776e-05,9.048035e-06
-49.42915369712305,354.375,3.8082428e-05,8.801048e-06
-49.42915369712305,356.25,3.7337886e-05,8.247113e-06
-49.42915369712305,358.125,3.6136746e-05,8.156746e-06
-47.56392574797867,0.0,3.349767e-05,9.090749e-06
-47.56392574797867,1.875,3.473916e-05,9.164083e-06
-47.56392574797867,3.75,3.5989964e-05,8.883569e-06
-47.56392574797867,5.625,3.474125e-05,8.079216e-06
-47.56392574797867,7.5,3.2974247e-05,7.629433e-06
-47.56392574797867,9.375,3.1677526e-05,7.5227613e-06
-47.56392574797867,11.25,3.2204956e-05,8.137699e-06
-47.56392574797867,13.125,3.24695e-05,8.131931e-06
-47.56392574797867,15.0,3.152726e-05,8.264196e-06
-47.56392574797867,16.875,3.081237e-05,8.088467e-06
-47.56392574797867,18.75,3.1196494e-05,8.220835e-06
-47.56392574797867,20.625,3.1004758e-05,8.1645685e-06
-47.56392574797867,22.5,2.9681401e-05,7.75151e-06
-47.56392574797867,24.375,2.8615486e-05,7.5957387e-06
-47.56392574797867,26.25,2.9357094e-05,7.334956e-06
-47.56392574797867,28.125,3.1964235e-05,7.401513e-06
-47.56392574797867,30.0,3.40573e-05,8.06101e-06
-47.56392574797867,31.875,3.3614022e-05,8.345581e-06
-47.56392574797867,33.75,3.22584e-05,9.01951e-06
-47.56392574797867,35.625,3.298805e-05,9.365956e-06
-47.56392574797867,37.5,3.4658697e-05,9.0193e-06
-47.56392574797867,39.375,3.5213045e-05,9.0601625e-06
-47.56392574797867,41.25,3.4552726e-05,9.150155e-06
-47.56392574797867,43.125,3.4252927e-05,9.20843e-06
-47.56392574797867,45.0,3.5116995e-05,9.4040915e-06
-47.56392574797867,46.875,3.6146223e-05,8.644495e-06
-47.56392574797867,48.75,3.5345052e-05,7.769786e-06
-47.56392574797867,50.625,3.368212e-05,7.2324015e-06
-47.56392574797867,52.5,3.260899e-05,7.4816658e-06
-47.56392574797867,54.375,3.4187076e-05,7.8310095e-06
-47.56392574797867,56.25,3.7289432e-05,8.213065e-06
-47.56392574797867,58.125,3.9237304e-05,8.757429e-06
-47.56392574797867,60.0,3.9305272e-05,8.846617e-06
-47.56392574797867,61.875,3.7895486e-05,8.400878e-06
-47.56392574797867,63.75,3.785727e-05,8.321806e-06
-47.56392574797867,65.625,3.893268e-05,8.641187e-06
-47.56392574797867,67.5,3.9644234e-05,9.277683e-06
-47.56392574797867,69.375,3.703985e-05,8.5557085e-06
-47.56392574797867,71.25,3.436643e-05,8.35653e-06
-47.56392574797867,73.125,3.435313e-05,8.213931e-06
-47.56392574797867,75.0,3.6109974e-05,8.481466e-06
-47.56392574797867,76.875,3.729422e-05,8.396054e-06
-47.56392574797867,78.75,3.620022e-05,7.910826e-06
-47.56392574797867,80.625,3.4346467e-05,7.047098e-06
-47.56392574797867,82.5,3.4719502e-05,7.462234e-06
-47.56392574797867,84.375,3.6640362e-05,7.4008826e-06
-47.56392574797867,86.25,3.6906204e-05,7.955212e-06
-47.56392574797867,88.125,3.5428708e-05,8.292746e-06
-47.56392574797867,90.0,3.4878187e-05,8.717523e-06
-47.56392574797867,91.875,3.7286285e-05,9.348534e-06
-47.56392574797867,93.75,3.7564947e-05,9.109938e-06
-47.56392574797867,95.625,3.6257778e-05,8.055799e-06
-47.56392574797867,97.5,3.3169967e-05,7.6098745e-06
-47.56392574797867,99.375,3.2207467e-05,7.633343e-06
-47.56392574797867,101.25,3.342741e-05,7.8226785e-06
-47.56392574797867,103.125,3.3487366e-05,7.631216e-06
-47.56392574797867,105.0,3.1350013e-05,7.5128673e-06
-47.56392574797867,106.875,2.9671373e-05,7.273155e-06
-47.56392574797867,108.75,3.0229541e-05,7.875826e-06
-47.56392574797867,110.625,3.1512467e-05,8.471705e-06
-47.56392574797867,112.5,3.0562347e-05,8.06925e-06
-47.56392574797867,114.375,2.7707578e-05,7.363075e-06
-47.56392574797867,116.25,2.628001e-05,7.5161047e-06
-47.56392574797867,118.125,2.644899e-05,7.397585e-06
-47.56392574797867,120.0,2.7377375e-05,7.695227e-06
-47.56392574797867,121.875,2.6118141e-05,7.746353e-06
-47.56392574797867,123.75,2.4932648e-05,8.083369e-06
-47.56392574797867,125.625,2.4203277e-05,7.7529685e-06
-47.56392574797867,127.5,2.5457759e-05,7.884677e-06
-47.56392574797867,129.375,2.6047595e-05,7.5924568e-06
-47.56392574797867,131.25,2.5163847e-05,7.45247e-06
-47.56392574797867,133.125,2.3983983e-05,7.645943e-06
-47.56392574797867,135.0,2.4422314e-05,7.992895e-06
-47.56392574797867,136.875,2.5640053e-05,8.175566e-06
-47.56392574797867,138.75,2.5387439e-05,8.038396e-06
-47.56392574797867,140.625,2.4453653e-05,8.269138e-06
-47.56392574797867,142.5,2.4153493e-05,8.735989e-06
-47.56392574797867,144.375,2.424508e-05,9.008883e-06
-47.56392574797867,146.25,2.4712635e-05,8.4395915e-06
-47.56392574797867,148.125,2.4769577e-05,7.5588414e-06
-47.56392574797867,150.0,2.514782e-05,8.40492e-06
-47.56392574797867,151.875,2.4818333e-05,7.837083e-06
-47.56392574797867,153.75,2.6372652e-05,8.412882e-06
-47.56392574797867,155.625,2.7989136e-05,9.107382e-06
-47.56392574797867,157.5,2.958431e-05,9.15558e-06
-47.56392574797867,159.375,2.932115e-05,8.990064e-06
-47.56392574797867,161.25,3.0037081e-05,9.552351e-06
-47.56392574797867,163.125,3.110719e-05,1.0228432e-05
-47.56392574797867,165.0,3.354035e-05,1.0047202e-05
-47.56392574797867,166.875,3.583526e-05,9.967447e-06
-47.56392574797867,168.75,3.4258537e-05,9.085339e-06
-47.56392574797867,170.625,2.7190594e-05,8.086279e-06
-47.56392574797867,172.5,2.319256e-05,7.657531e-06
-47.56392574797867,174.375,2.4178991e-05,8.093686e-06
-47.56392574797867,176.25,2.7690265e-05,9.552772e-06
-47.56392574797867,178.125,3.1082534e-05,1.0616915e-05
-47.56392574797867,180.0,2.8845745e-05,9.779685e-06
-47.56392574797867,181.875,2.6253923e-05,9.01291e-06
-47.56392574797867,183.75,2.618628e-05,9.3382605e-06
-47.56392574797867,185.625,3.042047e-05,1.0899167e-05
-47.56392574797867,187.5,3.373965e-05,1.15096545e-05
-47.56392574797867,189.375,3.2703487e-05,1.1384864e-05
-47.56392574797867,191.25,3.0562944e-05,9.844232e-06
-47.56392574797867,193.125,2.9770908e-05,9.822399e-06
-47.56392574797867,195.0,3.145745e-05,1.0553295e-05
-47.56392574797867,196.875,3.249209e-05,1.0553778e-05
-47.56392574797867,198.75,3.1723794e-05,1.0414331e-05
-47.56392574797867,200.625,2.9782526e-05,9.405645e-06
-47.56392574797867,202.5,2.9191056e-05,9.398839e-06
-47.56392574797867,204.375,2.9274453e-05,9.799697e-06
-47.56392574797867,206.25,2.8001792e-05,9.006837e-06
-47.56392574797867,208.125,2.6965392e-05,8.882156e-06
-47.56392574797867,210.0,2.7463862e-05,8.741493e-06
-47.56392574797867,211.875,3.0117104e-05,9.19424e-06
-47.56392574797867,213.75,3.0345307e-05,9.706955e-06
-47.56392574797867,215.625,2.8227256e-05,9.099142e-06
-47.56392574797867,217.5,2.6402246e-05,8.9040395e-06
-47.56392574797867,219.375,2.7461145e-05,8.781125e-06
-47.56392574797867,221.25,2.8565757e-05,8.821785e-06
-47.56392574797867,223.125,2.7232298e-05,8.176765e-06
-47.56392574797867,225.0,2.4861496e-05,7.4275576e-06
-47.56392574797867,226.875,2.4353294e-05,7.381277e-06
-47.56392574797867,228.75,2.6057434e-05,8.155451e-06
-47.56392574797867,230.625,2.7161526e-05,8.873647e-06
-47.56392574797867,232.5,2.6277627e-05,8.4784315e-06
-47.56392574797867,234.375,2.5038746e-05,7.714175e-06
-47.56392574797867,236.25,2.5937017e-05,7.4409654e-06
-47.56392574797867,238.125,2.7870468e-05,8.068966e-06
-47.56392574797867,240.0,2.8330049e-05,8.162639e-06
-47.56392574797867,241.875,2.5939255e-05,8.2036195e-06
-47.56392574797867,243.75,2.371595e-05,7.853727e-06
-47.56392574797867,245.625,2.5789164e-05,9.259727e-06
-47.56392574797867,247.5,2.8992794e-05,8.931344e-06
-47.56392574797867,249.375,2.9979265e-05,8.969722e-06
-47.56392574797867,251.25,2.720573e-05,8.360521e-06
-47.56392574797867,253.125,2.4632503e-05,7.705876e-06
-47.56392574797867,255.0,2.5835656e-05,7.8296325e-06
-47.56392574797867,256.875,2.9589268e-05,8.288799e-06
-47.56392574797867,258.75,3.0173687e-05,8.269159e-06
-47.56392574797867,260.625,2.7485485e-05,8.035246e-06
-47.56392574797867,262.5,2.363585e-05,6.904615e-06
-47.56392574797867,264.375,2.4783232e-05,7.405112e-06
-47.56392574797867,266.25,2.766047e-05,7.856261e-06
-47.56392574797867,268.125,2.78195e-05,7.692438e-06
-47.56392574797867,270.0,2.5850897e-05,7.6660135e-06
-47.56392574797867,271.875,2.4734582e-05,7.3811425e-06
-47.56392574797867,273.75,2.9756706e-05,8.382986e-06
-47.56392574797867,275.625,3.4308738e-05,9.382091e-06
-47.56392574797867,277.5,3.0634106e-05,8.246473e-06
-47.56392574797867,279.375,2.7541064e-05,7.944746e-06
-47.56392574797867,281.25,4.1589457e-05,1.1701039e-05
-47.56392574797867,283.125,8.340091e-05,2.2688877e-05
-47.56392574797867,285.0,0.000118476135,3.059355e-05
-47.56392574797867,286.875,8.375214e-05,2.1301035e-05
-47.56392574797867,288.75,2.4705887e-05,8.640223e-06
-47.56392574797867,290.625,5.9146532e-06,5.1948914e-06
-47.56392574797867,292.5,5.278019e-06,5.830024e-06
-47.56392574797867,294.375,6.795689e-06,4.8523084e-06
-47.56392574797867,296.25,9.8314695e-06,5.794424e-06
-47.56392574797867,298.125,1.0519039e-05,5.4660345e-06
-47.56392574797867,300.0,1.0364752e-05,5.5490505e-06
-47.56392574797867,301.875,1.20333025e-05,5.9058566e-06
-47.56392574797867,303.75,1.5203375e-05,6.612192e-06
-47.56392574797867,305.625,1.9855199e-05,7.098745e-06
-47.56392574797867,307.5,2.3521614e-05,7.582655e-06
-47.56392574797867,309.375,2.6790309e-05,8.446992e-06
-47.56392574797867,311.25,2.9102797e-05,8.711511e-06
-47.56392574797867,313.125,3.0541632e-05,8.576252e-06
-47.56392574797867,315.0,3.1491312e-05,8.5993715e-06
-47.56392574797867,316.875,3.3627868e-05,9.181784e-06
-47.56392574797867,318.75,3.619165e-05,9.671236e-06
-47.56392574797867,320.625,3.665611e-05,9.986435e-06
-47.56392574797867,322.5,3.5121622e-05,1.0153378e-05
-47.56392574797867,324.375,3.4734352e-05,1.0258208e-05
-47.56392574797867,326.25,3.7512942e-05,1.084803e-05
-47.56392574797867,328.125,4.0540202e-05,1.1661822e-05
-47.56392574797867,330.0,3.996596e-05,1.1925715e-05
-47.56392574797867,331.875,3.6970807e-05,1.1470309e-05
-47.56392574797867,333.75,3.683438e-05,1.065261e-05
-47.56392574797867,335.625,3.977669e-05,1.0341007e-05
-47.56392574797867,337.5,4.105935e-05,1.01657615e-05
-47.56392574797867,339.375,3.8856193e-05,9.682687e-06
-47.56392574797867,341.25,3.584245e-05,9.601965e-06
-47.56392574797867,343.125,3.6332985e-05,9.884142e-06
-47.56392574797867,345.0,3.9474984e-05,1.0525897e-05
-47.56392574797867,346.875,4.0375926e-05,1.04695755e-05
-47.56392574797867,348.75,3.8152673e-05,9.769007e-06
-47.56392574797867,350.625,3.580085e-05,9.256963e-06
-47.56392574797867,352.5,3.7133646e-05,9.50796e-06
-47.56392574797867,354.375,3.9235834e-05,9.4299685e-06
-47.56392574797867,356.25,3.8175567e-05,8.964705e-06
-47.56392574797867,358.125,3.532176e-05,8.868955e-06
-45.698693877701785,0.0,3.1784246e-05,8.351023e-06
-45.698693877701785,1.875,3.2052027e-05,8.064808e-06
-45.698693877701785,3.75,3.2249493e-05,8.020613e-06
-45.698693877701785,5.625,3.0646832e-05,7.6120755e-06
-45.698693877701785,7.5,2.8645221e-05,7.733027e-06
-45.698693877701785,9.375,2.7659555e-05,7.812484e-06
-45.698693877701785,11.25,2.7600681e-05,7.941952e-06
-45.698693877701785,13.125,2.714169e-05,7.724743e-06
-45.698693877701785,15.0,2.6352602e-05,7.162677e-06
-45.698693877701785,16.875,2.5623352e-05,7.040009e-06
-45.698693877701785,18.75,2.5340762e-05,6.8517197e-06
-45.698693877701785,20.625,2.5065388e-05,6.9821754e-06
-45.698693877701785,22.5,2.5943024e-05,7.635742e-06
-45.698693877701785,24.375,2.6964588e-05,8.07309e-06
-45.698693877701785,26.25,2.7742959e-05,7.913559e-06
-45.698693877701785,28.125,2.8289855e-05,7.822792e-06
-45.698693877701785,30.0,2.7406206e-05,8.086532e-06
-45.698693877701785,31.875,2.6569021e-05,8.437413e-06
-45.698693877701785,33.75,2.6888698e-05,8.777581e-06
-45.698693877701785,35.625,2.9967261e-05,8.803736e-06
-45.698693877701785,37.5,3.3953056e-05,9.41329e-06
-45.698693877701785,39.375,3.5308778e-05,9.9634e-06
-45.698693877701785,41.25,3.425725e-05,9.947393e-06
-45.698693877701785,43.125,3.3508175e-05,9.429982e-06
-45.698693877701785,45.0,3.4527297e-05,9.085248e-06
-45.698693877701785,46.875,3.6479592e-05,9.034207e-06
-45.698693877701785,48.75,3.7231228e-05,9.922241e-06
-45.698693877701785,50.625,3.717266e-05,9.840899e-06
-45.698693877701785,52.5,3.6210884e-05,9.833248e-06
-45.698693877701785,54.375,3.541569e-05,9.206023e-06
-45.698693877701785,56.25,3.5403085e-05,8.95654e-06
-45.698693877701785,58.125,3.6637197e-05,9.173456e-06
-45.698693877701785,60.0,3.759604e-05,9.247333e-06
-45.698693877701785,61.875,3.7085767e-05,9.0641315e-06
-45.698693877701785,63.75,3.5641588e-05,9.2777e-06
-45.698693877701785,65.625,3.56295e-05,9.763765e-06
-45.698693877701785,67.5,3.6474154e-05,9.669672e-06
-45.698693877701785,69.375,3.7171598e-05,9.598845e-06
-45.698693877701785,71.25,3.579445e-05,9.27132e-06
-45.698693877701785,73.125,3.4724988e-05,8.698233e-06
-45.698693877701785,75.0,3.5659737e-05,8.533179e-06
-45.698693877701785,76.875,3.6990987e-05,8.088883e-06
-45.698693877701785,78.75,3.685961e-05,7.990954e-06
-45.698693877701785,80.625,3.5285513e-05,7.713105e-06
-45.698693877701785,82.5,3.5100522e-05,8.079816e-06
-45.698693877701785,84.375,3.571839e-05,8.276656e-06
-45.698693877701785,86.25,3.596919e-05,8.428058e-06
-45.698693877701785,88.125,3.381538e-05,8.652968e-06
-45.698693877701785,90.0,3.186751e-05,8.524176e-06
-45.698693877701785,91.875,3.2417927e-05,8.658461e-06
-45.698693877701785,93.75,3.271183e-05,8.51418e-06
-45.698693877701785,95.625,3.102642e-05,7.853099e-06
-45.698693877701785,97.5,2.9136354e-05,7.723175e-06
-45.698693877701785,99.375,2.9980978e-05,8.3973455e-06
-45.698693877701785,101.25,3.1070664e-05,8.436168e-06
-45.698693877701785,103.125,3.0502064e-05,8.097271e-06
-45.698693877701785,105.0,2.8203913e-05,8.042375e-06
-45.698693877701785,106.875,2.6356713e-05,7.6275014e-06
-45.698693877701785,108.75,2.6181871e-05,7.878797e-06
-45.698693877701785,110.625,2.7202228e-05,8.5026195e-06
-45.698693877701785,112.5,2.6260663e-05,8.045012e-06
-45.698693877701785,114.375,2.4829531e-05,7.894152e-06
-45.698693877701785,116.25,2.376045e-05,8.3859395e-06
-45.698693877701785,118.125,2.2588207e-05,7.3273322e-06
-45.698693877701785,120.0,2.2295753e-05,7.713623e-06
-45.698693877701785,121.875,2.1389234e-05,7.3037454e-06
-45.698693877701785,123.75,2.0633577e-05,7.949815e-06
-45.698693877701785,125.625,2.0538433e-05,8.151481e-06
-45.698693877701785,127.5,2.1297257e-05,8.178829e-06
-45.698693877701785,129.375,2.0901147e-05,7.709242e-06
-45.698693877701785,131.25,2.006999e-05,7.4808504e-06
-45.698693877701785,133.125,2.0061048e-05,8.526104e-06
-45.698693877701785,135.0,2.0947697e-05,8.979818e-06
-45.698693877701785,136.875,2.1611415e-05,7.7152e-06
-45.698693877701785,138.75,2.1024007e-05,7.9568745e-06
-45.698693877701785,140.625,2.036108e-05,8.29426e-06
-45.698693877701785,142.5,2.082592e-05,8.290049e-06
-45.698693877701785,144.375,2.1862019e-05,8.346082e-06
-45.698693877701785,146.25,2.2333947e-05,8.48285e-06
-45.698693877701785,148.125,2.1802709e-05,8.305813e-06
-45.698693877701785,150.0,2.1413583e-05,8.389345e-06
-45.698693877701785,151.875,2.1925085e-05,8.888336e-06
-45.698693877701785,153.75,2.3475988e-05,8.6692025e-06
-45.698693877701785,155.625,2.4918794e-05,9.618699e-06
-45.698693877701785,157.5,2.5967101e-05,9.395253e-06
-45.698693877701785,159.375,2.7809287e-05,9.38365e-06
-45.698693877701785,161.25,3.077637e-05,1.1052322e-05
-45.698693877701785,163.125,3.4971574e-05,1.2109633e-05
-45.698693877701785,165.0,4.1795578e-05,1.2951925e-05
-45.698693877701785,166.875,4.5081506e-05,1.18302605e-05
-45.698693877701785,168.75,3.737081e-05,1.053233e-05
-45.698693877701785,170.625,3.5605946e-05,1.0121208e-05
-45.698693877701785,172.5,2.1747095e-05,8.545546e-06
-45.698693877701785,174.375,1.8224662e-05,7.8998855e-06
-45.698693877701785,176.25,2.1293185e-05,8.242287e-06
-45.698693877701785,178.125,2.6912317e-05,1.0339845e-05
-45.698693877701785,180.0,2.8044993e-05,9.709797e-06
-45.698693877701785,181.875,2.7003638e-05,9.400878e-06
-45.698693877701785,183.75,2.5732848e-05,9.787239e-06
-45.698693877701785,185.625,2.912535e-05,1.1825829e-05
-45.698693877701785,187.5,3.2663665e-05,1.2988778e-05
-45.698693877701785,189.375,3.2179956e-05,1.1346343e-05
-45.698693877701785,191.25,3.0950672e-05,1.07350625e-05
-45.698693877701785,193.125,2.913028e-05,1.099036e-05
-45.698693877701785,195.0,2.9004477e-05,1.0762695e-05
-45.698693877701785,196.875,2.8947275e-05,1.0244047e-05
-45.698693877701785,198.75,2.7625896e-05,9.311276e-06
-45.698693877701785,200.625,2.6125754e-05,8.83853e-06
-45.698693877701785,202.5,2.5663976e-05,9.186126e-06
-45.698693877701785,204.375,2.6850374e-05,1.019392e-05
-45.698693877701785,206.25,2.718687e-05,1.0529268e-05
-45.698693877701785,208.125,2.6573463e-05,9.674767e-06
-45.698693877701785,210.0,2.698597e-05,1.0068756e-05
-45.698693877701785,211.875,2.8177437e-05,1.04907795e-05
-45.698693877701785,213.75,2.7640346e-05,9.93705e-06
-45.698693877701785,215.625,2.5566864e-05,9.181711e-06
-45.698693877701785,217.5,2.4599345e-05,9.005965e-06
-45.698693877701785,219.375,2.7078559e-05,9.015987e-06
-45.698693877701785,221.25,2.7253149e-05,9.247016e-06
-45.698693877701785,223.125,2.6034355e-05,8.348866e-06
-45.698693877701785,225.0,2.4686675e-05,8.270511e-06
-45.698693877701785,226.875,2.5401367e-05,8.410361e-06
-45.698693877701785,228.75,2.6331996e-05,8.847481e-06
-45.698693877701785,230.625,2.6593301e-05,8.86049e-06
-45.698693877701785,232.5,2.5253707e-05,8.348514e-06
-45.698693877701785,234.375,2.454261e-05,7.731505e-06
-45.698693877701785,236.25,2.6338994e-05,8.994856e-06
-45.698693877701785,238.125,2.7839067e-05,9.3393455e-06
-45.698693877701785,240.0,2.745281e-05,9.492313e-06
-45.698693877701785,241.875,2.5223857e-05,8.889755e-06
-45.698693877701785,243.75,2.413805e-05,8.091146e-06
-45.698693877701785,245.625,2.558915e-05,7.965123e-06
-45.698693877701785,247.5,2.729447e-05,8.612342e-06
-45.698693877701785,249.375,2.7173837e-05,8.488426e-06
-45.698693877701785,251.25,2.589264e-05,8.0053305e-06
-45.698693877701785,253.125,2.5481095e-05,8.142468e-06
-45.698693877701785,255.0,2.6211137e-05,8.176616e-06
-45.698693877701785,256.875,2.744232e-05,8.187529e-06
-45.698693877701785,258.75,2.7364003e-05,8.244435e-06
-45.698693877701785,260.625,2.3925999e-05,7.04094e-06
-45.698693877701785,262.5,2.1745236e-05,6.94371e-06
-45.698693877701785,264.375,2.361225e-05,7.0772335e-06
-45.698693877701785,266.25,2.7436488e-05,8.434327e-06
-45.698693877701785,268.125,2.8575469e-05,8.423517e-06
-45.698693877701785,270.0,2.4753304e-05,7.169964e-06
-45.698693877701785,271.875,2.1445016e-05,6.255445e-06
-45.698693877701785,273.75,2.1633241e-05,5.840728e-06
-45.698693877701785,275.625,2.6491429e-05,8.324854e-06
-45.698693877701785,277.5,2.776565e-05,8.477398e-06
-45.698693877701785,279.375,2.3559307e-05,7.3845e-06
-45.698693877701785,281.25,2.6809506e-05,8.337362e-06
-45.698693877701785,283.125,5.2974658e-05,1.7943259e-05
-45.698693877701785,285.0,8.973353e-05,2.9612023e-05
-45.698693877701785,286.875,8.2450046e-05,2.6880502e-05
-45.698693877701785,288.75,3.9884188e-05,1.2743226e-05
-45.698693877701785,290.625,6.7286765e-06,4.2328948e-06
-45.698693877701785,292.5,3.7365473e-06,5.0871076e-06
-45.698693877701785,294.375,5.615172e-06,5.1844104e-06
-45.698693877701785,296.25,7.728905e-06,5.799555e-06
-45.698693877701785,298.125,9.754665e-06,5.19192e-06
-45.698693877701785,300.0,9.738232e-06,5.421617e-06
-45.698693877701785,301.875,1.1625122e-05,5.9611357e-06
-45.698693877701785,303.75,1.50744345e-05,6.9258663e-06
-45.698693877701785,305.625,1.7950593e-05,7.408939e-06
-45.698693877701785,307.5,2.0559268e-05,7.986636e-06
-45.698693877701785,309.375,2.4523444e-05,8.7408935e-06
-45.698693877701785,311.25,2.871515e-05,9.2131795e-06
-45.698693877701785,313.125,3.0911226e-05,8.963515e-06
-45.698693877701785,315.0,3.104127e-05,8.677847e-06
-45.698693877701785,316.875,3.1716263e-05,8.704413e-06
-45.698693877701785,318.75,3.4429213e-05,9.975073e-06
-45.698693877701785,320.625,3.6186524e-05,1.1009748e-05
-45.698693877701785,322.5,3.5936755e-05,1.0903332e-05
-45.698693877701785,324.375,3.531388e-05,1.1289219e-05
-45.698693877701785,326.25,3.6681944e-05,1.1315447e-05
-45.698693877701785,328.125,3.8331927e-05,1.1326767e-05
-45.698693877701785,330.0,3.753366e-05,1.1338317e-05
-45.698693877701785,331.875,3.5949273e-05,1.0724247e-05
-45.698693877701785,333.75,3.6551566e-05,1.0607107e-05
-45.698693877701785,335.625,3.9165723e-05,1.0956208e-05
-45.698693877701785,337.5,4.0507726e-05,1.1414615e-05
-45.698693877701785,339.375,3.8732556e-05,1.1452517e-05
-45.698693877701785,341.25,3.687339e-05,1.074452e-05
-45.698693877701785,343.125,3.8338065e-05,1.0739601e-05
-45.698693877701785,345.0,4.069821e-05,1.0614522e-05
-45.698693877701785,346.875,4.0014053e-05,1.0314958e-05
-45.698693877701785,348.75,3.6387344e-05,9.257094e-06
-45.698693877701785,350.625,3.379256e-05,8.62202e-06
-45.698693877701785,352.5,3.5647332e-05,8.8587885e-06
-45.698693877701785,354.375,3.822851e-05,9.4253855e-06
-45.698693877701785,356.25,3.7186703e-05,9.441055e-06
-45.698693877701785,358.125,3.3685315e-05,8.87663e-06
-43.83345857895126,0.0,3.1242584e-05,9.177875e-06
-43.83345857895126,1.875,3.0484744e-05,8.353537e-06
-43.83345857895126,3.75,2.8254162e-05,7.9543815e-06
-43.83345857895126,5.625,2.561917e-05,7.652349e-06
-43.83345857895126,7.5,2.4609943e-05,8.06357e-06
-43.83345857895126,9.375,2.4561095e-05,8.202248e-06
-43.83345857895126,11.25,2.365809e-05,7.83368e-06
-43.83345857895126,13.125,2.2547021e-05,7.6531605e-06
-43.83345857895126,15.0,2.0830254e-05,6.9760836e-06
-43.83345857895126,16.875,2.0264953e-05,6.94441e-06
-43.83345857895126,18.75,1.9725072e-05,6.8386994e-06
-43.83345857895126,20.625,2.0070369e-05,7.2924654e-06
-43.83345857895126,22.5,2.0725087e-05,7.3870883e-06
-43.83345857895126,24.375,2.1030655e-05,7.72023e-06
-43.83345857895126,26.25,2.1613076e-05,7.687804e-06
-43.83345857895126,28.125,2.236627e-05,7.5948155e-06
-43.83345857895126,30.0,2.3451043e-05,8.209647e-06
-43.83345857895126,31.875,2.4925801e-05,8.023796e-06
-43.83345857895126,33.75,2.6884558e-05,8.219207e-06
-43.83345857895126,35.625,2.9052419e-05,8.586618e-06
-43.83345857895126,37.5,3.1048843e-05,1.0170852e-05
-43.83345857895126,39.375,3.1901243e-05,1.0831128e-05
-43.83345857895126,41.25,3.2247972e-05,1.0255783e-05
-43.83345857895126,43.125,3.259472e-05,1.0020344e-05
-43.83345857895126,45.0,3.3017088e-05,9.848124e-06
-43.83345857895126,46.875,3.324756e-05,9.589721e-06
-43.83345857895126,48.75,3.329906e-05,9.7407665e-06
-43.83345857895126,50.625,3.4615703e-05,1.0169874e-05
-43.83345857895126,52.5,3.649415e-05,1.0954133e-05
-43.83345857895126,54.375,3.640334e-05,1.0693117e-05
-43.83345857895126,56.25,3.4686793e-05,1.0096652e-05
-43.83345857895126,58.125,3.3522338e-05,9.929928e-06
-43.83345857895126,60.0,3.55574e-05,1.0225367e-05
-43.83345857895126,61.875,3.7300902e-05,1.1301549e-05
-43.83345857895126,63.75,3.5783945e-05,1.12647695e-05
-43.83345857895126,65.625,3.432571e-05,1.0569183e-05
-43.83345857895126,67.5,3.4926317e-05,1.0444609e-05
-43.83345857895126,69.375,3.660448e-05,1.0491612e-05
-43.83345857895126,71.25,3.5875062e-05,9.710012e-06
-43.83345857895126,73.125,3.3449214e-05,9.245782e-06
-43.83345857895126,75.0,3.2771684e-05,8.24656e-06
-43.83345857895126,76.875,3.3117118e-05,8.091259e-06
-43.83345857895126,78.75,3.2958793e-05,7.5939015e-06
-43.83345857895126,80.625,3.1637424e-05,7.897749e-06
-43.83345857895126,82.5,3.0878164e-05,7.6283964e-06
-43.83345857895126,84.375,3.109578e-05,8.294239e-06
-43.83345857895126,86.25,3.1714502e-05,9.312503e-06
-43.83345857895126,88.125,3.0851545e-05,9.17027e-06
-43.83345857895126,90.0,3.0403198e-05,9.46339e-06
-43.83345857895126,91.875,3.0026404e-05,9.724997e-06
-43.83345857895126,93.75,2.925637e-05,9.618759e-06
-43.83345857895126,95.625,2.758462e-05,9.018517e-06
-43.83345857895126,97.5,2.6109037e-05,8.612386e-06
-43.83345857895126,99.375,2.5529018e-05,8.4518615e-06
-43.83345857895126,101.25,2.5507485e-05,8.359241e-06
-43.83345857895126,103.125,2.5213558e-05,8.37521e-06
-43.83345857895126,105.0,2.347875e-05,7.633177e-06
-43.83345857895126,106.875,2.1780002e-05,7.169286e-06
-43.83345857895126,108.75,2.131123e-05,7.191081e-06
-43.83345857895126,110.625,1.9530687e-05,6.692557e-06
-43.83345857895126,112.5,1.8535764e-05,6.4675432e-06
-43.83345857895126,114.375,1.7920918e-05,6.522597e-06
-43.83345857895126,116.25,1.739433e-05,6.8421496e-06
-43.83345857895126,118.125,1.7047827e-05,6.5457393e-06
-43.83345857895126,120.0,1.710901e-05,7.323166e-06
-43.83345857895126,121.875,1.6996784e-05,7.2615567e-06
-43.83345857895126,123.75,1.728206e-05,7.513846e-06
-43.83345857895126,125.625,1.7446791e-05,7.568268e-06
-43.83345857895126,127.5,1.7608982e-05,7.663047e-06
-43.83345857895126,129.375,1.6685777e-05,7.6130814e-06
-43.83345857895126,131.25,1.6199536e-05,7.418906e-06
-43.83345857895126,133.125,1.5889087e-05,7.3555593e-06
-43.83345857895126,135.0,1.6628828e-05,6.9312664e-06
-43.83345857895126,136.875,1.710319e-05,7.0680817e-06
-43.83345857895126,138.75,1.6860422e-05,6.8639993e-06
-43.83345857895126,140.625,1.7028482e-05,6.6238727e-06
-43.83345857895126,142.5,1.9499645e-05,8.654893e-06
-43.83345857895126,144.375,2.378399e-05,1.0230175e-05
-43.83345857895126,146.25,2.2834945e-05,9.5405e-06
-43.83345857895126,148.125,2.0130612e-05,8.868642e-06
-43.83345857895126,150.0,1.8913177e-05,8.171859e-06
-43.83345857895126,151.875,2.0256522e-05,8.565965e-06
-43.83345857895126,153.75,2.2279624e-05,9.230409e-06
-43.83345857895126,155.625,2.4990379e-05,9.682991e-06
-43.83345857895126,157.5,2.656557e-05,1.0283512e-05
-43.83345857895126,159.375,2.8102708e-05,1.1051723e-05
-43.83345857895126,161.25,3.120438e-05,1.1678849e-05
-43.83345857895126,163.125,3.465936e-05,1.2633573e-05
-43.83345857895126,165.0,4.1262032e-05,1.2874813e-05
-43.83345857895126,166.875,4.8646776e-05,1.4037448e-05
-43.83345857895126,168.75,4.7242935e-05,1.3654305e-05
-43.83345857895126,170.625,3.1777723e-05,1.2100851e-05
-43.83345857895126,172.5,2.8791455e-05,1.11697855e-05
-43.83345857895126,174.375,2.026528e-05,8.82344e-06
-43.83345857895126,176.25,2.094239e-05,8.726719e-06
-43.83345857895126,178.125,2.7012191e-05,1.1150492e-05
-43.83345857895126,180.0,2.9352137e-05,1.1918606e-05
-43.83345857895126,181.875,2.8208988e-05,1.17255195e-05
-43.83345857895126,183.75,2.7492735e-05,1.1678003e-05
-43.83345857895126,185.625,2.8570432e-05,1.1716827e-05
-43.83345857895126,187.5,3.0121002e-05,1.2070155e-05
-43.83345857895126,189.375,2.8964034e-05,1.1804622e-05
-43.83345857895126,191.25,2.7625705e-05,1.14827835e-05
-43.83345857895126,193.125,2.6251482e-05,1.0887553e-05
-43.83345857895126,195.0,2.5841211e-05,9.990918e-06
-43.83345857895126,196.875,2.4956418e-05,9.460205e-06
-43.83345857895126,198.75,2.3736031e-05,8.534748e-06
-43.83345857895126,200.625,2.2984368e-05,9.113334e-06
-43.83345857895126,202.5,2.3594615e-05,9.478299e-06
-43.83345857895126,204.375,2.5154573e-05,1.0647917e-05
-43.83345857895126,206.25,2.5971496e-05,1.0403752e-05
-43.83345857895126,208.125,2.5719204e-05,1.0396504e-05
-43.83345857895126,210.0,2.5856261e-05,1.1478744e-05
-43.83345857895126,211.875,2.6223943e-05,1.1389673e-05
-43.83345857895126,213.75,2.563491e-05,1.0587713e-05
-43.83345857895126,215.625,2.3943629e-05,9.381887e-06
-43.83345857895126,217.5,2.2836413e-05,8.607238e-06
-43.83345857895126,219.375,2.3100123e-05,8.665768e-06
-43.83345857895126,221.25,2.3207844e-05,8.8644e-06
-43.83345857895126,223.125,2.1814534e-05,8.29857e-06
-43.83345857895126,225.0,2.2396809e-05,8.463896e-06
-43.83345857895126,226.875,2.419183e-05,8.772531e-06
-43.83345857895126,228.75,2.5200718e-05,9.136846e-06
-43.83345857895126,230.625,2.4838284e-05,8.909591e-06
-43.83345857895126,232.5,2.3822133e-05,9.174525e-06
-43.83345857895126,234.375,2.4573454e-05,9.422129e-06
-43.83345857895126,236.25,2.558027e-05,9.357943e-06
-43.83345857895126,238.125,2.5577627e-05,9.348923e-06
-43.83345857895126,240.0,2.5397092e-05,9.545238e-06
-43.83345857895126,241.875,2.6435035e-05,9.172918e-06
-43.83345857895126,243.75,2.8359656e-05,9.370836e-06
-43.83345857895126,245.625,2.7801329e-05,9.22818e-06
-43.83345857895126,247.5,2.6095346e-05,8.77611e-06
-43.83345857895126,249.375,2.4723611e-05,8.284004e-06
-43.83345857895126,251.25,2.5185047e-05,7.915986e-06
-43.83345857895126,253.125,2.6307862e-05,8.373809e-06
-43.83345857895126,255.0,2.5920323e-05,8.080972e-06
-43.83345857895126,256.875,2.4190198e-05,7.700318e-06
-43.83345857895126,258.75,2.3098304e-05,7.4801587e-06
-43.83345857895126,260.625,2.3585146e-05,7.5779294e-06
-43.83345857895126,262.5,2.3519919e-05,7.2740654e-06
-43.83345857895126,264.375,2.400874e-05,7.5355733e-06
-43.83345857895126,266.25,2.3917853e-05,7.787859e-06
-43.83345857895126,268.125,2.4136923e-05,8.075683e-06
-43.83345857895126,270.0,2.3286668e-05,7.715303e-06
-43.83345857895126,271.875,2.057192e-05,6.960172e-06
-43.83345857895126,273.75,1.9983034e-05,6.638066e-06
-43.83345857895126,275.625,2.1742368e-05,7.3999186e-06
-43.83345857895126,277.5,2.46965e-05,8.570102e-06
-43.83345857895126,279.375,2.2118165e-05,7.2598355e-06
-43.83345857895126,281.25,2.0263427e-05,6.9450466e-06
-43.83345857895126,283.125,2.939219e-05,1.13858305e-05
-43.83345857895126,285.0,5.831451e-05,2.3415241e-05
-43.83345857895126,286.875,6.971738e-05,2.7640777e-05
-43.83345857895126,288.75,5.0463128e-05,1.767705e-05
-43.83345857895126,290.625,9.369187e-06,4.4112276e-06
-43.83345857895126,292.5,3.4875818e-06,4.1298035e-06
-43.83345857895126,294.375,4.425926e-06,5.73936e-06
-43.83345857895126,296.25,5.765351e-06,5.447362e-06
-43.83345857895126,298.125,7.2176435e-06,5.283075e-06
-43.83345857895126,300.0,8.296516e-06,5.7182447e-06
-43.83345857895126,301.875,1.2981373e-05,6.8606428e-06
-43.83345857895126,303.75,2.112683e-05,9.149529e-06
-43.83345857895126,305.625,2.736846e-05,1.053446e-05
-43.83345857895126,307.5,2.7922373e-05,1.08914855e-05
-43.83345857895126,309.375,2.7892207e-05,9.743642e-06
-43.83345857895126,311.25,3.139185e-05,9.648402e-06
-43.83345857895126,313.125,3.5894172e-05,9.6864505e-06
-43.83345857895126,315.0,3.8874525e-05,1.0184025e-05
-43.83345857895126,316.875,3.9432245e-05,1.1686767e-05
-43.83345857895126,318.75,4.054175e-05,1.2863575e-05
-43.83345857895126,320.625,4.1398507e-05,1.34689035e-05
-43.83345857895126,322.5,4.102922e-05,1.2517155e-05
-43.83345857895126,324.375,4.055825e-05,1.23644695e-05
-43.83345857895126,326.25,4.0014776e-05,1.1888446e-05
-43.83345857895126,328.125,4.087349e-05,1.2383764e-05
-43.83345857895126,330.0,4.0375573e-05,1.2280615e-05
-43.83345857895126,331.875,3.951318e-05,1.1753547e-05
-43.83345857895126,333.75,3.9505645e-05,1.1475452e-05
-43.83345857895126,335.625,4.0073202e-05,1.1934622e-05
-43.83345857895126,337.5,4.1066647e-05,1.284056e-05
-43.83345857895126,339.375,4.2171796e-05,1.2880808e-05
-43.83345857895126,341.25,4.1558767e-05,1.2286606e-05
-43.83345857895126,343.125,4.1374402e-05,1.1814906e-05
-43.83345857895126,345.0,4.0472933e-05,1.1363776e-05
-43.83345857895126,346.875,3.8116636e-05,1.0133126e-05
-43.83345857895126,348.75,3.6420228e-05,9.205958e-06
-43.83345857895126,350.625,3.685495e-05,8.855948e-06
-43.83345857895126,352.5,3.8490518e-05,9.518555e-06
-43.83345857895126,354.375,3.8407772e-05,9.860622e-06
-43.83345857895126,356.25,3.5414683e-05,9.929812e-06
-43.83345857895126,358.125,3.2402415e-05,9.467143e-06
-41.96822026907538,0.0,2.8177148e-05,9.989071e-06
-41.96822026907538,1.875,2.6915735e-05,9.307561e-06
-41.96822026907538,3.75,2.5439524e-05,8.932658e-06
-41.96822026907538,5.625,2.4013805e-05,8.831816e-06
-41.96822026907538,7.5,2.393418e-05,8.879326e-06
-41.96822026907538,9.375,2.3154007e-05,8.811787e-06
-41.96822026907538,11.25,2.0421767e-05,7.8173725e-06
-41.96822026907538,13.125,1.8321723e-05,7.639734e-06
-41.96822026907538,15.0,1.7348524e-05,7.814843e-06
-41.96822026907538,16.875,1.674505e-05,7.489323e-06
-41.96822026907538,18.75,1.5717082e-05,7.0557894e-06
-41.96822026907538,20.625,1.4859537e-05,6.932368e-06
-41.96822026907538,22.5,1.448005e-05,6.649904e-06
-41.96822026907538,24.375,1.4053662e-05,6.562032e-06
-41.96822026907538,26.25,1.4128117e-05,6.484008e-06
-41.96822026907538,28.125,1.4946554e-05,6.795122e-06
-41.96822026907538,30.0,1.7943517e-05,7.840007e-06
-41.96822026907538,31.875,2.1576208e-05,8.516594e-06
-41.96822026907538,33.75,2.5152303e-05,9.240883e-06
-41.96822026907538,35.625,2.6778274e-05,1.02843405e-05
-41.96822026907538,37.5,2.7494973e-05,1.1378137e-05
-41.96822026907538,39.375,2.8123091e-05,1.07054675e-05
-41.96822026907538,41.25,2.992066e-05,1.0339502e-05
-41.96822026907538,43.125,3.3076543e-05,1.1058771e-05
-41.96822026907538,45.0,3.4773406e-05,1.1149937e-05
-41.96822026907538,46.875,3.3759185e-05,1.1176461e-05
-41.96822026907538,48.75,3.181306e-05,1.0830446e-05
-41.96822026907538,50.625,3.2035372e-05,1.1393768e-05
-41.96822026907538,52.5,3.4268676e-05,1.1323784e-05
-41.96822026907538,54.375,3.5396428e-05,1.112779e-05
-41.96822026907538,56.25,3.4223754e-05,1.0832788e-05
-41.96822026907538,58.125,3.3206972e-05,1.13915385e-05
-41.96822026907538,60.0,3.493405e-05,1.2709749e-05
-41.96822026907538,61.875,3.7216334e-05,1.29057025e-05
-41.96822026907538,63.75,3.5235207e-05,1.1379326e-05
-41.96822026907538,65.625,3.187669e-05,1.00783245e-05
-41.96822026907538,67.5,3.1639058e-05,1.0081072e-05
-41.96822026907538,69.375,3.348853e-05,1.02259355e-05
-41.96822026907538,71.25,3.316761e-05,9.659287e-06
-41.96822026907538,73.125,3.0433574e-05,8.394087e-06
-41.96822026907538,75.0,2.8315073e-05,7.722787e-06
-41.96822026907538,76.875,2.8800554e-05,7.8231005e-06
-41.96822026907538,78.75,2.8621578e-05,7.5628654e-06
-41.96822026907538,80.625,2.6883972e-05,7.1952004e-06
-41.96822026907538,82.5,2.5601408e-05,7.0055953e-06
-41.96822026907538,84.375,2.5389767e-05,7.572022e-06
-41.96822026907538,86.25,2.5761932e-05,8.333088e-06
-41.96822026907538,88.125,2.5093923e-05,8.651941e-06
-41.96822026907538,90.0,2.4399036e-05,8.635548e-06
-41.96822026907538,91.875,2.4085895e-05,8.566697e-06
-41.96822026907538,93.75,2.34607e-05,8.559083e-06
-41.96822026907538,95.625,2.1924046e-05,8.092126e-06
-41.96822026907538,97.5,2.1247402e-05,7.983736e-06
-41.96822026907538,99.375,2.0300746e-05,7.6126917e-06
-41.96822026907538,101.25,1.921423e-05,7.465116e-06
-41.96822026907538,103.125,1.8058476e-05,6.8725276e-06
-41.96822026907538,105.0,1.6736158e-05,6.8963586e-06
-41.96822026907538,106.875,1.6529206e-05,6.7210053e-06
-41.96822026907538,108.75,1.5906944e-05,6.6265293e-06
-41.96822026907538,110.625,1.43788475e-05,5.8989217e-06
-41.96822026907538,112.5,1.3042579e-05,5.612103e-06
-41.96822026907538,114.375,1.23157915e-05,5.360191e-06
-41.96822026907538,116.25,1.2191337e-05,5.516116e-06
-41.96822026907538,118.125,1.21412895e-05,5.5532355e-06
-41.96822026907538,120.0,1.1334709e-05,5.3221133e-06
-41.96822026907538,121.875,1.1583086e-05,5.7851908e-06
-41.96822026907538,123.75,1.2584367e-05,6.6599487e-06
-41.96822026907538,125.625,1.2727682e-05,6.3905586e-06
-41.96822026907538,127.5,1.2441034e-05,6.4165783e-06
-41.96822026907538,129.375,1.2154554e-05,6.081406e-06
-41.96822026907538,131.25,1.2304274e-05,6.1597507e-06
-41.96822026907538,133.125,1.2472705e-05,5.731267e-06
-41.96822026907538,135.0,1.2726079e-05,5.33011e-06
-41.96822026907538,136.875,1.22028005e-05,5.489759e-06
-41.96822026907538,138.75,1.1159486e-05,5.037749e-06
-41.96822026907538,140.625,1.2211008e-05,6.3016228e-06
-41.96822026907538,142.5,1.5525016e-05,7.969891e-06
-41.96822026907538,144.375,1.8599607e-05,8.837081e-06
-41.96822026907538,146.25,1.2964646e-05,8.353905e-06
-41.96822026907538,148.125,1.4950654e-05,7.86825e-06
-41.96822026907538,150.0,1.4838553e-05,7.595699e-06
-41.96822026907538,151.875,1.7274519e-05,8.682293e-06
-41.96822026907538,153.75,2.1055033e-05,9.687658e-06
-41.96822026907538,155.625,2.4816152e-05,1.1512642e-05
-41.96822026907538,157.5,2.7764998e-05,1.3075649e-05
-41.96822026907538,159.375,2.9995828e-05,1.293974e-05
-41.96822026907538,161.25,2.990919e-05,1.1798863e-05
-41.96822026907538,163.125,2.8384622e-05,1.0907785e-05
-41.96822026907538,165.0,2.8934423e-05,1.1453654e-05
-41.96822026907538,166.875,3.5398425e-05,1.3869558e-05
-41.96822026907538,168.75,4.2589763e-05,1.647082e-05
-41.96822026907538,170.625,4.0489696e-05,1.5208697e-05
-41.96822026907538,172.5,2.7567608e-05,1.2526978e-05
-41.96822026907538,174.375,2.7095542e-05,1.0914255e-05
-41.96822026907538,176.25,2.4432822e-05,1.0746268e-05
-41.96822026907538,178.125,2.5274321e-05,1.1092035e-05
-41.96822026907538,180.0,2.5668362e-05,1.234341e-05
-41.96822026907538,181.875,2.614439e-05,1.3105722e-05
-41.96822026907538,183.75,2.7500033e-05,1.2545544e-05
-41.96822026907538,185.625,2.7523749e-05,1.0952467e-05
-41.96822026907538,187.5,2.6372034e-05,1.0793856e-05
-41.96822026907538,189.375,2.6098616e-05,1.1288099e-05
-41.96822026907538,191.25,2.6147063e-05,1.1159082e-05
-41.96822026907538,193.125,2.5920908e-05,1.1056201e-05
-41.96822026907538,195.0,2.4425046e-05,9.953984e-06
-41.96822026907538,196.875,2.3197592e-05,9.177558e-06
-41.96822026907538,198.75,2.3377785e-05,9.919179e-06
-41.96822026907538,200.625,2.3256454e-05,1.0554478e-05
-41.96822026907538,202.5,2.3073935e-05,1.06297875e-05
-41.96822026907538,204.375,2.3835886e-05,1.01592395e-05
-41.96822026907538,206.25,2.4648109e-05,1.0512634e-05
-41.96822026907538,208.125,2.4567407e-05,1.14689765e-05
-41.96822026907538,210.0,2.4569883e-05,1.1785874e-05
-41.96822026907538,211.875,2.4909847e-05,1.1507279e-05
-41.96822026907538,213.75,2.5359708e-05,1.1149423e-05
-41.96822026907538,215.625,2.443196e-05,1.0348124e-05
-41.96822026907538,217.5,2.4297064e-05,1.0040944e-05
-41.96822026907538,219.375,2.4522025e-05,9.622525e-06
-41.96822026907538,221.25,2.3682487e-05,9.148956e-06
-41.96822026907538,223.125,2.3157387e-05,9.057786e-06
-41.96822026907538,225.0,2.3686607e-05,9.11261e-06
-41.96822026907538,226.875,2.5692465e-05,9.50855e-06
-41.96822026907538,228.75,2.566423e-05,9.821108e-06
-41.96822026907538,230.625,2.486377e-05,1.0348065e-05
-41.96822026907538,232.5,2.60075e-05,1.1542171e-05
-41.96822026907538,234.375,2.82652e-05,1.1486784e-05
-41.96822026907538,236.25,2.8729359e-05,1.1287061e-05
-41.96822026907538,238.125,2.7278169e-05,1.048735e-05
-41.96822026907538,240.0,2.5226465e-05,1.0020976e-05
-41.96822026907538,241.875,2.6918855e-05,1.00282205e-05
-41.96822026907538,243.75,2.9234607e-05,1.0822753e-05
-41.96822026907538,245.625,2.8197002e-05,1.0564626e-05
-41.96822026907538,247.5,2.461463e-05,9.329594e-06
-41.96822026907538,249.375,2.3465389e-05,8.935226e-06
-41.96822026907538,251.25,2.5230649e-05,8.924475e-06
-41.96822026907538,253.125,2.5783958e-05,9.0099575e-06
-41.96822026907538,255.0,2.3718796e-05,8.766787e-06
-41.96822026907538,256.875,2.0415073e-05,7.97401e-06
-41.96822026907538,258.75,2.0439351e-05,7.6330925e-06
-41.96822026907538,260.625,2.3148315e-05,8.371269e-06
-41.96822026907538,262.5,2.3686885e-05,8.797536e-06
-41.96822026907538,264.375,2.1328045e-05,8.009856e-06
-41.96822026907538,266.25,1.7570534e-05,6.4011533e-06
-41.96822026907538,268.125,1.6596654e-05,6.1693404e-06
-41.96822026907538,270.0,1.8593757e-05,6.6862476e-06
-41.96822026907538,271.875,2.001835e-05,7.479543e-06
-41.96822026907538,273.75,1.900776e-05,6.7174233e-06
-41.96822026907538,275.625,1.709669e-05,6.919195e-06
-41.96822026907538,277.5,1.8061715e-05,6.9384855e-06
-41.96822026907538,279.375,1.8577679e-05,6.8959725e-06
-41.96822026907538,281.25,1.5353244e-05,5.821832e-06
-41.96822026907538,283.125,1.786293e-05,7.583458e-06
-41.96822026907538,285.0,4.0025614e-05,2.0037944e-05
-41.96822026907538,286.875,4.8687038e-05,2.2758684e-05
-41.96822026907538,288.75,4.5712768e-05,1.961588e-05
-41.96822026907538,290.625,1.0846053e-05,5.5531864e-06
-41.96822026907538,292.5,3.1332165e-06,3.8704743e-06
-41.96822026907538,294.375,4.126398e-06,5.0033627e-06
-41.96822026907538,296.25,5.598723e-06,4.7978756e-06
-41.96822026907538,298.125,6.875163e-06,5.088603e-06
-41.96822026907538,300.0,7.3735746e-06,5.1585107e-06
-41.96822026907538,301.875,1.135206e-05,6.185904e-06
-41.96822026907538,303.75,2.0692141e-05,9.593123e-06
-41.96822026907538,305.625,2.8462959e-05,1.1745982e-05
-41.96822026907538,307.5,2.9629036e-05,1.1586392e-05
-41.96822026907538,309.375,3.069814e-05,1.1104491e-05
-41.96822026907538,311.25,3.3786757e-05,1.03519205e-05
-41.96822026907538,313.125,3.6593374e-05,1.0797972e-05
-41.96822026907538,315.0,3.803626e-05,1.1675214e-05
-41.96822026907538,316.875,3.9599272e-05,1.2354801e-05
-41.96822026907538,318.75,4.1034084e-05,1.2697898e-05
-41.96822026907538,320.625,4.181304e-05,1.3132108e-05
-41.96822026907538,322.5,4.1248975e-05,1.2435016e-05
-41.96822026907538,324.375,4.1902484e-05,1.2831898e-05
-41.96822026907538,326.25,4.2148644e-05,1.3452635e-05
-41.96822026907538,328.125,4.217536e-05,1.2995045e-05
-41.96822026907538,330.0,4.3072672e-05,1.2652938e-05
-41.96822026907538,331.875,4.5074084e-05,1.3320869e-05
-41.96822026907538,333.75,4.4818436e-05,1.2932034e-05
-41.96822026907538,335.625,4.2807114e-05,1.2957956e-05
-41.96822026907538,337.5,4.163798e-05,1.273724e-05
-41.96822026907538,339.375,4.2478365e-05,1.2264557e-05
-41.96822026907538,341.25,4.3106385e-05,1.2823335e-05
-41.96822026907538,343.125,4.0794486e-05,1.2224313e-05
-41.96822026907538,345.0,3.777813e-05,1.0944545e-05
-41.96822026907538,346.875,3.5704383e-05,9.9165745e-06
-41.96822026907538,348.75,3.6654492e-05,1.0000388e-05
-41.96822026907538,350.625,3.7736037e-05,9.78803e-06
-41.96822026907538,352.5,3.6353005e-05,9.429226e-06
-41.96822026907538,354.375,3.2275162e-05,9.332514e-06
-41.96822026907538,356.25,2.8866252e-05,9.166692e-06
-41.96822026907538,358.125,2.8067636e-05,9.51905e-06
-40.1029793042494,0.0,2.3153247e-05,9.08011e-06
-40.1029793042494,1.875,2.1052416e-05,8.338533e-06
-40.1029793042494,3.75,1.8459443e-05,8.164574e-06
-40.1029793042494,5.625,1.7744671e-05,8.496199e-06
-40.1029793042494,7.5,1.6982225e-05,7.730629e-06
-40.1029793042494,9.375,1.5803038e-05,7.0781925e-06
-40.1029793042494,11.25,1.3820955e-05,6.756372e-06
-40.1029793042494,13.125,1.3578916e-05,6.918782e-06
-40.1029793042494,15.0,1.46945395e-05,8.104761e-06
-40.1029793042494,16.875,1.45931e-05,7.738194e-06
-40.1029793042494,18.75,1.4861015e-05,7.6278043e-06
-40.1029793042494,20.625,1.5549442e-05,7.7964905e-06
-40.1029793042494,22.5,1.6804748e-05,7.983635e-06
-40.1029793042494,24.375,1.5663682e-05,7.3487513e-06
-40.1029793042494,26.25,1.3514806e-05,7.179531e-06
-40.1029793042494,28.125,1.3535473e-05,8.053089e-06
-40.1029793042494,30.0,1.48854e-05,8.417289e-06
-40.1029793042494,31.875,1.781202e-05,8.8809875e-06
-40.1029793042494,33.75,2.104033e-05,9.749361e-06
-40.1029793042494,35.625,2.4482573e-05,1.0428863e-05
-40.1029793042494,37.5,2.7967802e-05,1.0951804e-05
-40.1029793042494,39.375,3.025482e-05,1.0511383e-05
-40.1029793042494,41.25,3.1593034e-05,1.0733286e-05
-40.1029793042494,43.125,3.311185e-05,1.15997345e-05
-40.1029793042494,45.0,3.486371e-05,1.2054067e-05
-40.1029793042494,46.875,3.533847e-05,1.2611857e-05
-40.1029793042494,48.75,3.4647757e-05,1.2592768e-05
-40.1029793042494,50.625,3.3780747e-05,1.1989528e-05
-40.1029793042494,52.5,3.4822187e-05,1.1821607e-05
-40.1029793042494,54.375,3.6746627e-05,1.2812494e-05
-40.1029793042494,56.25,3.6460162e-05,1.317525e-05
-40.1029793042494,58.125,3.4426856e-05,1.2895526e-05
-40.1029793042494,60.0,3.4832046e-05,1.3120412e-05
-40.1029793042494,61.875,3.5848367e-05,1.1908657e-05
-40.1029793042494,63.75,3.4258712e-05,1.0713436e-05
-40.1029793042494,65.625,3.1235344e-05,9.8747605e-06
-40.1029793042494,67.5,3.0650637e-05,9.738637e-06
-40.1029793042494,69.375,3.1653406e-05,1.0257105e-05
-40.1029793042494,71.25,3.0437404e-05,9.925185e-06
-40.1029793042494,73.125,2.7295244e-05,9.03041e-06
-40.1029793042494,75.0,2.6395497e-05,8.731878e-06
-40.1029793042494,76.875,2.6695721e-05,8.558438e-06
-40.1029793042494,78.75,2.5859415e-05,8.4604035e-06
-40.1029793042494,80.625,2.4249295e-05,8.32288e-06
-40.1029793042494,82.5,2.2967763e-05,8.175844e-06
-40.1029793042494,84.375,2.3386847e-05,8.466205e-06
-40.1029793042494,86.25,2.2602411e-05,8.448928e-06
-40.1029793042494,88.125,2.0821739e-05,8.088595e-06
-40.1029793042494,90.0,1.9298424e-05,7.712612e-06
-40.1029793042494,91.875,1.851842e-05,7.993977e-06
-40.1029793042494,93.75,1.7402162e-05,7.714782e-06
-40.1029793042494,95.625,1.6294072e-05,7.3340652e-06
-40.1029793042494,97.5,1.5655476e-05,6.728356e-06
-40.1029793042494,99.375,1.5517306e-05,6.4012274e-06
-40.1029793042494,101.25,1.45586855e-05,6.054358e-06
-40.1029793042494,103.125,1.28337415e-05,5.7539182e-06
-40.1029793042494,105.0,1.1845101e-05,5.5440946e-06
-40.1029793042494,106.875,1.1523787e-05,5.504617e-06
-40.1029793042494,108.75,1.1206146e-05,5.6135664e-06
-40.1029793042494,110.625,1.0143058e-05,5.0603267e-06
-40.1029793042494,112.5,8.925703e-06,4.624596e-06
-40.1029793042494,114.375,8.941778e-06,4.863706e-06
-40.1029793042494,116.25,9.085114e-06,5.007142e-06
-40.1029793042494,118.125,8.769045e-06,4.554093e-06
-40.1029793042494,120.0,8.049441e-06,4.353e-06
-40.1029793042494,121.875,8.495932e-06,4.6821015e-06
-40.1029793042494,123.75,9.232226e-06,5.0019767e-06
-40.1029793042494,125.625,9.047301e-06,4.9465725e-06
-40.1029793042494,127.5,8.521364e-06,4.871348e-06
-40.1029793042494,129.375,9.124159e-06,4.9986543e-06
-40.1029793042494,131.25,9.809059e-06,5.5296923e-06
-40.1029793042494,133.125,9.629543e-06,5.01695e-06
-40.1029793042494,135.0,9.214828e-06,5.2789655e-06
-40.1029793042494,136.875,8.8115685e-06,4.889553e-06
-40.1029793042494,138.75,9.374535e-06,5.499496e-06
-40.1029793042494,140.625,1.0453614e-05,6.4027713e-06
-40.1029793042494,142.5,1.1697682e-05,6.860793e-06
-40.1029793042494,144.375,1.202361e-05,6.6756106e-06
-40.1029793042494,146.25,1.1617192e-05,6.549392e-06
-40.1029793042494,148.125,1.1293267e-05,6.6578095e-06
-40.1029793042494,150.0,1.2538758e-05,7.279123e-06
-40.1029793042494,151.875,1.6321688e-05,9.797029e-06
-40.1029793042494,153.75,1.9963813e-05,1.2246034e-05
-40.1029793042494,155.625,2.2640708e-05,1.33392605e-05
-40.1029793042494,157.5,2.573837e-05,1.3439821e-05
-40.1029793042494,159.375,2.7811737e-05,1.2756236e-05
-40.1029793042494,161.25,2.7880222e-05,1.1595919e-05
-40.1029793042494,163.125,2.504413e-05,1.0380611e-05
-40.1029793042494,165.0,2.2874716e-05,1.0016321e-05
-40.1029793042494,166.875,2.4013078e-05,1.1118717e-05
-40.1029793042494,168.75,3.0028034e-05,1.22150705e-05
-40.1029793042494,170.625,3.391185e-05,1.47924975e-05
-40.1029793042494,172.5,3.0917545e-05,1.5064886e-05
-40.1029793042494,174.375,2.424572e-05,1.3803583e-05
-40.1029793042494,176.25,2.2902655e-05,1.3337489e-05
-40.1029793042494,178.125,2.3098573e-05,1.2046427e-05
-40.1029793042494,180.0,2.1470367e-05,1.0790558e-05
-40.1029793042494,181.875,2.3504444e-05,1.1489907e-05
-40.1029793042494,183.75,2.6545802e-05,1.1481891e-05
-40.1029793042494,185.625,2.63785e-05,1.0015009e-05
-40.1029793042494,187.5,2.3745857e-05,1.0276378e-05
-40.1029793042494,189.375,2.4029958e-05,1.1990929e-05
-40.1029793042494,191.25,2.5394163e-05,1.2202989e-05
-40.1029793042494,193.125,2.4568611e-05,1.094527e-05
-40.1029793042494,195.0,2.24172e-05,9.75871e-06
-40.1029793042494,196.875,2.2431652e-05,1.0294983e-05
-40.1029793042494,198.75,2.3140066e-05,1.1520363e-05
-40.1029793042494,200.625,2.3236507e-05,1.2158463e-05
-40.1029793042494,202.5,2.2970466e-05,1.1154162e-05
-40.1029793042494,204.375,2.3993538e-05,1.1367325e-05
-40.1029793042494,206.25,2.5386415e-05,1.2087347e-05
-40.1029793042494,208.125,2.5804704e-05,1.2843366e-05
-40.1029793042494,210.0,2.4790608e-05,1.2369264e-05
-40.1029793042494,211.875,2.434746e-05,1.1703378e-05
-40.1029793042494,213.75,2.3648485e-05,1.1117236e-05
-40.1029793042494,215.625,2.29574e-05,1.0703367e-05
-40.1029793042494,217.5,2.3376457e-05,1.09595085e-05
-40.1029793042494,219.375,2.4956542e-05,1.115289e-05
-40.1029793042494,221.25,2.537188e-05,1.111441e-05
-40.1029793042494,223.125,2.4670288e-05,1.063557e-05
-40.1029793042494,225.0,2.4731089e-05,1.0410098e-05
-40.1029793042494,226.875,2.6701808e-05,1.1113645e-05
-40.1029793042494,228.75,2.7235981e-05,1.1870788e-05
-40.1029793042494,230.625,2.6231888e-05,1.228671e-05
-40.1029793042494,232.5,2.705032e-05,1.2921976e-05
-40.1029793042494,234.375,3.068391e-05,1.330175e-05
-40.1029793042494,236.25,3.1045525e-05,1.2525885e-05
-40.1029793042494,238.125,2.8214909e-05,1.1620619e-05
-40.1029793042494,240.0,2.5862511e-05,1.070742e-05
-40.1029793042494,241.875,2.703686e-05,1.0926243e-05
-40.1029793042494,243.75,2.8292425e-05,1.0566041e-05
-40.1029793042494,245.625,2.5961366e-05,9.99357e-06
-40.1029793042494,247.5,2.4172194e-05,1.00621e-05
-40.1029793042494,249.375,2.4732602e-05,1.0016645e-05
-40.1029793042494,251.25,2.5417157e-05,1.0232122e-05
-40.1029793042494,253.125,2.4080133e-05,1.05513955e-05
-40.1029793042494,255.0,2.0597829e-05,9.942216e-06
-40.1029793042494,256.875,1.9218947e-05,8.985832e-06
-40.1029793042494,258.75,1.9869853e-05,8.4431895e-06
-40.1029793042494,260.625,2.0467653e-05,9.304678e-06
-40.1029793042494,262.5,1.962632e-05,9.596307e-06
-40.1029793042494,264.375,1.7441367e-05,8.31971e-06
-40.1029793042494,266.25,1.619436e-05,7.0459064e-06
-40.1029793042494,268.125,1.6068681e-05,6.9210046e-06
-40.1029793042494,270.0,1.6707676e-05,7.24647e-06
-40.1029793042494,271.875,1.7101258e-05,7.753195e-06
-40.1029793042494,273.75,1.4449583e-05,6.5185563e-06
-40.1029793042494,275.625,1.1404199e-05,4.8821757e-06
-40.1029793042494,277.5,1.17760155e-05,5.172677e-06
-40.1029793042494,279.375,1.3365495e-05,6.287953e-06
-40.1029793042494,281.25,1.1235716e-05,4.865221e-06
-40.1029793042494,283.125,1.1786157e-05,5.8720857e-06
-40.1029793042494,285.0,2.5748619e-05,1.495868e-05
-40.1029793042494,286.875,3.712485e-05,2.156815e-05
-40.1029793042494,288.75,2.7010627e-05,1.5394444e-05
-40.1029793042494,290.625,6.238612e-06,4.819689e-06
-40.1029793042494,292.5,3.6490246e-06,5.565062e-06
-40.1029793042494,294.375,4.851998e-06,6.426431e-06
-40.1029793042494,296.25,6.153662e-06,6.984807e-06
-40.1029793042494,298.125,6.5539816e-06,4.668977e-06
-40.1029793042494,300.0,8.410337e-06,6.1673068e-06
-40.1029793042494,301.875,1.15496605e-05,7.294225e-06
-40.1029793042494,303.75,1.794667e-05,8.832578e-06
-40.1029793042494,305.625,2.7534725e-05,1.1781955e-05
-40.1029793042494,307.5,3.009528e-05,1.1461604e-05
-40.1029793042494,309.375,2.9299199e-05,1.0362696e-05
-40.1029793042494,311.25,3.125458e-05,1.0160891e-05
-40.1029793042494,313.125,3.34718e-05,1.07390815e-05
-40.1029793042494,315.0,3.4557474e-05,1.0749493e-05
-40.1029793042494,316.875,3.7081445e-05,1.1506329e-05
-40.1029793042494,318.75,3.9280403e-05,1.203026e-05
-40.1029793042494,320.625,3.793483e-05,1.1820923e-05
-40.1029793042494,322.5,3.6857364e-05,1.1503269e-05
-40.1029793042494,324.375,4.007433e-05,1.2955135e-05
-40.1029793042494,326.25,4.2572057e-05,1.3229767e-05
-40.1029793042494,328.125,4.089052e-05,1.2980363e-05
-40.1029793042494,330.0,4.1051582e-05,1.3173646e-05
-40.1029793042494,331.875,4.429036e-05,1.3880966e-05
-40.1029793042494,333.75,4.482273e-05,1.2689395e-05
-40.1029793042494,335.625,4.123344e-05,1.1549305e-05
-40.1029793042494,337.5,3.89909e-05,1.1438053e-05
-40.1029793042494,339.375,4.040618e-05,1.1706766e-05
-40.1029793042494,341.25,4.0692423e-05,1.2466517e-05
-40.1029793042494,343.125,3.7775648e-05,1.1784386e-05
-40.1029793042494,345.0,3.466773e-05,1.0604682e-05
-40.1029793042494,346.875,3.420143e-05,9.909794e-06
-40.1029793042494,348.75,3.4164277e-05,9.968133e-06
-40.1029793042494,350.625,3.2169875e-05,9.642278e-06
-40.1029793042494,352.5,2.8860866e-05,9.609511e-06
-40.1029793042494,354.375,2.5995278e-05,1.00715e-05
-40.1029793042494,356.25,2.3907432e-05,9.327206e-06
-40.1029793042494,358.125,2.4074663e-05,9.481569e-06
-38.23773599056483,0.0,1.5902302e-05,7.411898e-06
-38.23773599056483,1.875,1.380662e-05,6.922834e-06
-38.23773599056483,3.75,1.203961e-05,6.2381596e-06
-38.23773599056483,5.625,1.1868447e-05,6.04084e-06
-38.23773599056483,7.5,1.1201462e-05,6.2096938e-06
-38.23773599056483,9.375,1.0106475e-05,5.569073e-06
-38.23773599056483,11.25,9.728278e-06,5.119022e-06
-38.23773599056483,13.125,1.1499058e-05,7.007455e-06
-38.23773599056483,15.0,1.2241122e-05,6.9883263e-06
-38.23773599056483,16.875,1.2928311e-05,6.7711267e-06
-38.23773599056483,18.75,1.2976867e-05,7.1940917e-06
-38.23773599056483,20.625,1.4430631e-05,8.376777e-06
-38.23773599056483,22.5,1.7176757e-05,1.0465188e-05
-38.23773599056483,24.375,1.7496368e-05,1.0489709e-05
-38.23773599056483,26.25,1.534719e-05,8.490131e-06
-38.23773599056483,28.125,1.42906e-05,8.34374e-06
-38.23773599056483,30.0,1.570193e-05,8.809027e-06
-38.23773599056483,31.875,1.758748e-05,9.583478e-06
-38.23773599056483,33.75,2.0017838e-05,1.0169143e-05
-38.23773599056483,35.625,2.4451161e-05,1.1014909e-05
-38.23773599056483,37.5,2.9506768e-05,1.2005505e-05
-38.23773599056483,39.375,3.308641e-05,1.2477053e-05
-38.23773599056483,41.25,3.2860724e-05,1.2572788e-05
-38.23773599056483,43.125,3.0115834e-05,1.2552244e-05
-38.23773599056483,45.0,2.93008e-05,1.252277e-05
-38.23773599056483,46.875,3.1797794e-05,1.2922341e-05
-38.23773599056483,48.75,3.4382032e-05,1.2737261e-05
-38.23773599056483,50.625,3.3270895e-05,1.1782106e-05
-38.23773599056483,52.5,3.2333803e-05,1.18210655e-05
-38.23773599056483,54.375,3.3895067e-05,1.2531779e-05
-38.23773599056483,56.25,3.5412126e-05,1.2503233e-05
-38.23773599056483,58.125,3.43043e-05,1.225807e-05
-38.23773599056483,60.0,3.3280874e-05,1.18961025e-05
-38.23773599056483,61.875,3.3248245e-05,1.1477129e-05
-38.23773599056483,63.75,3.238926e-05,1.1415238e-05
-38.23773599056483,65.625,3.0425355e-05,1.0904569e-05
-38.23773599056483,67.5,2.9735706e-05,1.14673685e-05
-38.23773599056483,69.375,2.9451963e-05,1.1635195e-05
-38.23773599056483,71.25,2.6237574e-05,1.0035065e-05
-38.23773599056483,73.125,2.2986083e-05,9.135598e-06
-38.23773599056483,75.0,2.2790851e-05,8.591657e-06
-38.23773599056483,76.875,2.300707e-05,8.2865845e-06
-38.23773599056483,78.75,2.0867714e-05,8.697495e-06
-38.23773599056483,80.625,1.884857e-05,8.757191e-06
-38.23773599056483,82.5,1.8772971e-05,8.625593e-06
-38.23773599056483,84.375,1.8658036e-05,8.55276e-06
-38.23773599056483,86.25,1.7211883e-05,8.366892e-06
-38.23773599056483,88.125,1.5127074e-05,8.158665e-06
-38.23773599056483,90.0,1.4600615e-05,8.2040415e-06
-38.23773599056483,91.875,1.4448462e-05,7.645025e-06
-38.23773599056483,93.75,1.3566307e-05,6.6016214e-06
-38.23773599056483,95.625,1.2169115e-05,5.7198877e-06
-38.23773599056483,97.5,1.1359629e-05,5.160076e-06
-38.23773599056483,99.375,1.1028564e-05,4.882532e-06
-38.23773599056483,101.25,1.0389986e-05,4.908218e-06
-38.23773599056483,103.125,9.470171e-06,4.4301696e-06
-38.23773599056483,105.0,8.566863e-06,3.973019e-06
-38.23773599056483,106.875,8.140124e-06,4.0739055e-06
-38.23773599056483,108.75,7.602184e-06,3.9312126e-06
-38.23773599056483,110.625,6.7920873e-06,3.8438516e-06
-38.23773599056483,112.5,6.1141454e-06,3.568332e-06
-38.23773599056483,114.375,6.1927917e-06,3.7431575e-06
-38.23773599056483,116.25,6.4361398e-06,3.828552e-06
-38.23773599056483,118.125,5.8177607e-06,3.6619226e-06
-38.23773599056483,120.0,5.4996567e-06,4.1021003e-06
-38.23773599056483,121.875,6.022659e-06,4.3039886e-06
-38.23773599056483,123.75,6.6499647e-06,4.388408e-06
-38.23773599056483,125.625,6.4422493e-06,4.3989235e-06
-38.23773599056483,127.5,6.366824e-06,4.6187574e-06
-38.23773599056483,129.375,6.491135e-06,4.895327e-06
-38.23773599056483,131.25,6.6209595e-06,4.6555497e-06
-38.23773599056483,133.125,6.432524e-06,4.3254786e-06
-38.23773599056483,135.0,6.394968e-06,4.456487e-06
-38.23773599056483,136.875,7.154632e-06,4.842643e-06
-38.23773599056483,138.75,8.304106e-06,4.969682e-06
-38.23773599056483,140.625,9.180707e-06,5.83888e-06
-38.23773599056483,142.5,6.365315e-06,5.25123e-06
-38.23773599056483,144.375,7.0649526e-06,5.977746e-06
-38.23773599056483,146.25,9.84169e-06,8.118252e-06
-38.23773599056483,148.125,1.1728348e-05,8.596138e-06
-38.23773599056483,150.0,1.5035779e-05,1.07524165e-05
-38.23773599056483,151.875,1.8473125e-05,1.2001614e-05
-38.23773599056483,153.75,2.1878774e-05,1.4114381e-05
-38.23773599056483,155.625,2.3330715e-05,1.42994395e-05
-38.23773599056483,157.5,2.3927227e-05,1.2721371e-05
-38.23773599056483,159.375,2.4984498e-05,1.2235567e-05
-38.23773599056483,161.25,2.657752e-05,1.317325e-05
-38.23773599056483,163.125,2.6578857e-05,1.2489988e-05
-38.23773599056483,165.0,2.404136e-05,1.1361943e-05
-38.23773599056483,166.875,2.1653577e-05,1.0448143e-05
-38.23773599056483,168.75,2.2977065e-05,1.1647219e-05
-38.23773599056483,170.625,2.6096563e-05,1.4490614e-05
-38.23773599056483,172.5,2.7263513e-05,1.6325142e-05
-38.23773599056483,174.375,2.5956715e-05,1.5448268e-05
-38.23773599056483,176.25,2.2033415e-05,1.4948417e-05
-38.23773599056483,178.125,2.3514587e-05,1.3703577e-05
-38.23773599056483,180.0,2.094274e-05,1.2200857e-05
-38.23773599056483,181.875,2.2929833e-05,1.234537e-05
-38.23773599056483,183.75,2.518292e-05,1.1291304e-05
-38.23773599056483,185.625,2.4303095e-05,1.0314254e-05
-38.23773599056483,187.5,2.2357206e-05,1.12774915e-05
-38.23773599056483,189.375,2.2756178e-05,1.2243965e-05
-38.23773599056483,191.25,2.5064994e-05,1.25780225e-05
-38.23773599056483,193.125,2.4081566e-05,1.2203486e-05
-38.23773599056483,195.0,2.080741e-05,1.0881152e-05
-38.23773599056483,196.875,2.109445e-05,1.1757069e-05
-38.23773599056483,198.75,2.328815e-05,1.2259513e-05
-38.23773599056483,200.625,2.4331175e-05,1.2766558e-05
-38.23773599056483,202.5,2.3141793e-05,1.251008e-05
-38.23773599056483,204.375,2.348506e-05,1.1827169e-05
-38.23773599056483,206.25,2.5434683e-05,1.3991096e-05
-38.23773599056483,208.125,2.5699672e-05,1.4883151e-05
-38.23773599056483,210.0,2.471884e-05,1.4881973e-05
-38.23773599056483,211.875,2.4181776e-05,1.33344165e-05
-38.23773599056483,213.75,2.3476556e-05,1.1917766e-05
-38.23773599056483,215.625,2.232167e-05,1.1066707e-05
-38.23773599056483,217.5,2.2074912e-05,1.1118117e-05
-38.23773599056483,219.375,2.4055014e-05,1.1782039e-05
-38.23773599056483,221.25,2.522463e-05,1.2051743e-05
-38.23773599056483,223.125,2.401763e-05,1.1167803e-05
-38.23773599056483,225.0,2.4474797e-05,1.1237769e-05
-38.23773599056483,226.875,2.7452188e-05,1.2509069e-05
-38.23773599056483,228.75,2.9577566e-05,1.3536654e-05
-38.23773599056483,230.625,2.8112894e-05,1.3681198e-05
-38.23773599056483,232.5,2.841175e-05,1.425264e-05
-38.23773599056483,234.375,2.9947689e-05,1.43838715e-05
-38.23773599056483,236.25,2.9492652e-05,1.3188324e-05
-38.23773599056483,238.125,2.7463564e-05,1.2145096e-05
-38.23773599056483,240.0,2.8139357e-05,1.23778855e-05
-38.23773599056483,241.875,3.0050269e-05,1.2371464e-05
-38.23773599056483,243.75,2.8957407e-05,1.1655317e-05
-38.23773599056483,245.625,2.5506157e-05,1.1140475e-05
-38.23773599056483,247.5,2.4777679e-05,1.1259158e-05
-38.23773599056483,249.375,2.5476555e-05,1.2068513e-05
-38.23773599056483,251.25,2.428016e-05,1.1879001e-05
-38.23773599056483,253.125,1.944254e-05,1.0375413e-05
-38.23773599056483,255.0,1.8017523e-05,1.0320938e-05
-38.23773599056483,256.875,1.9946103e-05,9.8308155e-06
-38.23773599056483,258.75,1.9653866e-05,9.324813e-06
-38.23773599056483,260.625,1.7381424e-05,8.673235e-06
-38.23773599056483,262.5,1.4443616e-05,7.4478407e-06
-38.23773599056483,264.375,1.4733657e-05,7.2488797e-06
-38.23773599056483,266.25,1.6383763e-05,8.018151e-06
-38.23773599056483,268.125,1.5339938e-05,7.855768e-06
-38.23773599056483,270.0,1.2960955e-05,7.490875e-06
-38.23773599056483,271.875,1.1020964e-05,6.69731e-06
-38.23773599056483,273.75,1.0164449e-05,5.6702934e-06
-38.23773599056483,275.625,9.125646e-06,4.355683e-06
-38.23773599056483,277.5,8.89519e-06,4.1527023e-06
-38.23773599056483,279.375,1.0005652e-05,4.994061e-06
-38.23773599056483,281.25,8.951093e-06,4.526354e-06
-38.23773599056483,283.125,7.5183016e-06,3.8488956e-06
-38.23773599056483,285.0,1.3269228e-05,8.570865e-06
-38.23773599056483,286.875,2.0980991e-05,1.4661232e-05
-38.23773599056483,288.75,1.5606902e-05,1.157605e-05
-38.23773599056483,290.625,3.2625412e-06,3.9849524e-06
-38.23773599056483,292.5,3.7100785e-06,6.3642674e-06
-38.23773599056483,294.375,4.7782787e-06,6.5707986e-06
-38.23773599056483,296.25,7.472703e-06,7.877658e-06
-38.23773599056483,298.125,1.1320928e-05,9.719647e-06
-38.23773599056483,300.0,2.0905465e-05,1.2300654e-05
-38.23773599056483,301.875,1.4595663e-05,8.774787e-06
-38.23773599056483,303.75,1.849214e-05,9.142885e-06
-38.23773599056483,305.625,2.3353161e-05,1.0271017e-05
-38.23773599056483,307.5,2.6504502e-05,1.1282764e-05
-38.23773599056483,309.375,2.7564942e-05,1.0332502e-05
-38.23773599056483,311.25,3.106569e-05,1.1538646e-05
-38.23773599056483,313.125,3.1730062e-05,1.1234934e-05
-38.23773599056483,315.0,3.1568754e-05,1.1275464e-05
-38.23773599056483,316.875,3.5970654e-05,1.25276065e-05
-38.23773599056483,318.75,3.9382558e-05,1.3647412e-05
-38.23773599056483,320.625,3.6714733e-05,1.3335993e-05
-38.23773599056483,322.5,3.5703444e-05,1.3517435e-05
-38.23773599056483,324.375,4.1257834e-05,1.5256184e-05
-38.23773599056483,326.25,4.409836e-05,1.5255193e-05
-38.23773599056483,328.125,4.0590112e-05,1.3565448e-05
-38.23773599056483,330.0,3.8164166e-05,1.2623499e-05
-38.23773599056483,331.875,4.081107e-05,1.2904953e-05
-38.23773599056483,333.75,4.1196552e-05,1.2517161e-05
-38.23773599056483,335.625,3.748294e-05,1.1342887e-05
-38.23773599056483,337.5,3.628078e-05,1.188527e-05
-38.23773599056483,339.375,3.8133963e-05,1.2159749e-05
-38.23773599056483,341.25,3.703698e-05,1.2068937e-05
-38.23773599056483,343.125,3.3192642e-05,1.1801474e-05
-38.23773599056483,345.0,3.2268235e-05,1.1998888e-05
-38.23773599056483,346.875,3.250051e-05,1.17436e-05
-38.23773599056483,348.75,3.0389187e-05,1.15198345e-05
-38.23773599056483,350.625,2.5850855e-05,1.08879085e-05
-38.23773599056483,352.5,2.32659e-05,1.127838e-05
-38.23773599056483,354.375,2.1952046e-05,1.06229245e-05
-38.23773599056483,356.25,2.034536e-05,9.257473e-06
-38.23773599056483,358.125,1.8690735e-05,8.454844e-06
-36.37249059281224,0.0,8.826457e-06,4.6617047e-06
-36.37249059281224,1.875,8.7915905e-06,4.6890873e-06
-36.37249059281224,3.75,8.786588e-06,4.5769293e-06
-36.37249059281224,5.625,8.026324e-06,4.295963e-06
-36.37249059281224,7.5,6.78507e-06,3.9546912e-06
-36.37249059281224,9.375,6.178452e-06,3.9877464e-06
-36.37249059281224,11.25,6.217975e-06,4.1973976e-06
-36.37249059281224,13.125,6.9321004e-06,4.2596403e-06
-36.37249059281224,15.0,7.784507e-06,5.0357517e-06
-36.37249059281224,16.875,7.935846e-06,4.5643187e-06
-36.37249059281224,18.75,9.191034e-06,5.3675963e-06
-36.37249059281224,20.625,1.0754854e-05,7.3451847e-06
-36.37249059281224,22.5,1.2123566e-05,7.447833e-06
-36.37249059281224,24.375,1.3411967e-05,8.11062e-06
-36.37249059281224,26.25,1.3925335e-05,9.871244e-06
-36.37249059281224,28.125,1.4782928e-05,1.0866685e-05
-36.37249059281224,30.0,1.4977548e-05,9.154695e-06
-36.37249059281224,31.875,1.6544767e-05,1.02878585e-05
-36.37249059281224,33.75,2.0136311e-05,1.0609032e-05
-36.37249059281224,35.625,2.4240013e-05,1.142253e-05
-36.37249059281224,37.5,2.7071395e-05,1.2416701e-05
-36.37249059281224,39.375,2.9405744e-05,1.3825723e-05
-36.37249059281224,41.25,3.0038698e-05,1.4650047e-05
-36.37249059281224,43.125,2.829277e-05,1.3373323e-05
-36.37249059281224,45.0,2.6899183e-05,1.1761732e-05
-36.37249059281224,46.875,2.97007e-05,1.2303464e-05
-36.37249059281224,48.75,3.359966e-05,1.3893639e-05
-36.37249059281224,50.625,3.1919248e-05,1.3506125e-05
-36.37249059281224,52.5,2.9289507e-05,1.3120737e-05
-36.37249059281224,54.375,3.101545e-05,1.3347013e-05
-36.37249059281224,56.25,3.367126e-05,1.3586277e-05
-36.37249059281224,58.125,3.257087e-05,1.318066e-05
-36.37249059281224,60.0,2.9816809e-05,1.2629709e-05
-36.37249059281224,61.875,2.9672803e-05,1.2242718e-05
-36.37249059281224,63.75,2.8276741e-05,1.1840971e-05
-36.37249059281224,65.625,2.52269e-05,1.143053e-05
-36.37249059281224,67.5,2.3986515e-05,1.160349e-05
-36.37249059281224,69.375,2.3129549e-05,1.0487631e-05
-36.37249059281224,71.25,2.086101e-05,9.314766e-06
-36.37249059281224,73.125,1.8164063e-05,7.876907e-06
-36.37249059281224,75.0,1.7832983e-05,7.7777395e-06
-36.37249059281224,76.875,1.7863402e-05,8.779474e-06
-36.37249059281224,78.75,1.6307016e-05,8.683543e-06
-36.37249059281224,80.625,1.449069e-05,8.170824e-06
-36.37249059281224,82.5,1.4112556e-05,7.5727908e-06
-36.37249059281224,84.375,1.36585495e-05,7.250073e-06
-36.37249059281224,86.25,1.2136906e-05,6.72456e-06
-36.37249059281224,88.125,1.1059731e-05,6.8452828e-06
-36.37249059281224,90.0,1.0974243e-05,6.918157e-06
-36.37249059281224,91.875,1.059709e-05,6.0235875e-06
-36.37249059281224,93.75,9.375476e-06,5.0918948e-06
-36.37249059281224,95.625,8.549479e-06,4.393839e-06
-36.37249059281224,97.5,8.131073e-06,3.882483e-06
-36.37249059281224,99.375,7.3465e-06,3.313891e-06
-36.37249059281224,101.25,6.854829e-06,3.180488e-06
-36.37249059281224,103.125,6.532606e-06,3.2363785e-06
-36.37249059281224,105.0,6.0332277e-06,2.9576013e-06
-36.37249059281224,106.875,5.8377427e-06,2.981232e-06
-36.37249059281224,108.75,5.5029623e-06,3.1502516e-06
-36.37249059281224,110.625,5.3374283e-06,3.1497116e-06
-36.37249059281224,112.5,5.1116826e-06,2.80715e-06
-36.37249059281224,114.375,5.199064e-06,3.2265477e-06
-36.37249059281224,116.25,5.362776e-06,3.5072496e-06
-36.37249059281224,118.125,5.615878e-06,4.005126e-06
-36.37249059281224,120.0,5.5284168e-06,4.9720566e-06
-36.37249059281224,121.875,4.844355e-06,4.4083695e-06
-36.37249059281224,123.75,4.8520656e-06,4.231426e-06
-36.37249059281224,125.625,4.8321212e-06,4.259768e-06
-36.37249059281224,127.5,4.6681153e-06,4.034265e-06
-36.37249059281224,129.375,4.532447e-06,3.7361494e-06
-36.37249059281224,131.25,4.3908926e-06,3.3119131e-06
-36.37249059281224,133.125,4.6207942e-06,4.026793e-06
-36.37249059281224,135.0,4.9251885e-06,4.4273283e-06
-36.37249059281224,136.875,5.3017934e-06,3.8680178e-06
-36.37249059281224,138.75,5.885867e-06,4.2709826e-06
-36.37249059281224,140.625,4.009003e-06,4.3974733e-06
-36.37249059281224,142.5,4.5661536e-06,4.7735452e-06
-36.37249059281224,144.375,6.574426e-06,6.403101e-06
-36.37249059281224,146.25,9.992607e-06,9.379702e-06
-36.37249059281224,148.125,1.2889817e-05,1.10452065e-05
-36.37249059281224,150.0,1.4866764e-05,1.2890216e-05
-36.37249059281224,151.875,1.8099345e-05,1.2916658e-05
-36.37249059281224,153.75,2.0568294e-05,1.3444687e-05
-36.37249059281224,155.625,2.4369392e-05,1.4745627e-05
-36.37249059281224,157.5,2.4469775e-05,1.3634759e-05
-36.37249059281224,159.375,2.1845986e-05,1.1736218e-05
-36.37249059281224,161.25,2.1335509e-05,1.1699079e-05
-36.37249059281224,163.125,2.3942277e-05,1.2574501e-05
-36.37249059281224,165.0,2.4295952e-05,1.3281055e-05
-36.37249059281224,166.875,2.135457e-05,1.2466379e-05
-36.37249059281224,168.75,1.9624564e-05,1.25512215e-05
-36.37249059281224,170.625,2.1106309e-05,1.4377062e-05
-36.37249059281224,172.5,2.211995e-05,1.4141005e-05
-36.37249059281224,174.375,2.1100674e-05,1.3497032e-05
-36.37249059281224,176.25,2.2017348e-05,1.4170531e-05
-36.37249059281224,178.125,2.2111559e-05,1.3872817e-05
-36.37249059281224,180.0,2.1086134e-05,1.4036996e-05
-36.37249059281224,181.875,2.1151494e-05,1.2523892e-05
-36.37249059281224,183.75,2.2779437e-05,1.179141e-05
-36.37249059281224,185.625,2.23987e-05,1.1787137e-05
-36.37249059281224,187.5,2.0940577e-05,1.1934985e-05
-36.37249059281224,189.375,2.2264945e-05,1.4032305e-05
-36.37249059281224,191.25,2.4681265e-05,1.5722337e-05
-36.37249059281224,193.125,2.4048704e-05,1.573609e-05
-36.37249059281224,195.0,2.1842345e-05,1.3550834e-05
-36.37249059281224,196.875,2.2491906e-05,1.2910841e-05
-36.37249059281224,198.75,2.5341324e-05,1.3397438e-05
-36.37249059281224,200.625,2.5224504e-05,1.3611066e-05
-36.37249059281224,202.5,2.2972934e-05,1.2962464e-05
-36.37249059281224,204.375,2.3527988e-05,1.4075206e-05
-36.37249059281224,206.25,2.4528867e-05,1.5192515e-05
-36.37249059281224,208.125,2.4089015e-05,1.4274836e-05
-36.37249059281224,210.0,2.2640277e-05,1.4266319e-05
-36.37249059281224,211.875,2.3785007e-05,1.4760527e-05
-36.37249059281224,213.75,2.556271e-05,1.4465562e-05
-36.37249059281224,215.625,2.5008521e-05,1.3443449e-05
-36.37249059281224,217.5,2.4628323e-05,1.2908669e-05
-36.37249059281224,219.375,2.6737433e-05,1.3971858e-05
-36.37249059281224,221.25,2.8542061e-05,1.3999552e-05
-36.37249059281224,223.125,2.6293983e-05,1.2982029e-05
-36.37249059281224,225.0,2.5919117e-05,1.2604757e-05
-36.37249059281224,226.875,2.9436393e-05,1.373522e-05
-36.37249059281224,228.75,3.146399e-05,1.5208192e-05
-36.37249059281224,230.625,3.0959094e-05,1.531901e-05
-36.37249059281224,232.5,3.1388412e-05,1.6531363e-05
-36.37249059281224,234.375,3.1988468e-05,1.5901425e-05
-36.37249059281224,236.25,2.9907276e-05,1.46141465e-05
-36.37249059281224,238.125,2.8099837e-05,1.4389253e-05
-36.37249059281224,240.0,3.0433903e-05,1.5014826e-05
-36.37249059281224,241.875,3.0719428e-05,1.3880904e-05
-36.37249059281224,243.75,2.6769352e-05,1.2896962e-05
-36.37249059281224,245.625,2.258374e-05,1.2075981e-05
-36.37249059281224,247.5,2.273132e-05,1.3295503e-05
-36.37249059281224,249.375,2.3099505e-05,1.399995e-05
-36.37249059281224,251.25,1.9709394e-05,1.2289217e-05
-36.37249059281224,253.125,1.554613e-05,1.0332718e-05
-36.37249059281224,255.0,1.5681408e-05,9.533682e-06
-36.37249059281224,256.875,1.768832e-05,9.778991e-06
-36.37249059281224,258.75,1.6379168e-05,9.178689e-06
-36.37249059281224,260.625,1.2408767e-05,7.340475e-06
-36.37249059281224,262.5,1.0783209e-05,5.7693414e-06
-36.37249059281224,264.375,1.18444195e-05,6.5692784e-06
-36.37249059281224,266.25,1.1854366e-05,6.8429813e-06
-36.37249059281224,268.125,1.0478497e-05,6.84042e-06
-36.37249059281224,270.0,7.742786e-06,5.3002454e-06
-36.37249059281224,271.875,7.656377e-06,5.430217e-06
-36.37249059281224,273.75,9.520672e-06,5.73542e-06
-36.37249059281224,275.625,8.69845e-06,4.2176225e-06
-36.37249059281224,277.5,7.123252e-06,3.1046034e-06
-36.37249059281224,279.375,6.236602e-06,3.6328604e-06
-36.37249059281224,281.25,5.89458e-06,3.6257743e-06
-36.37249059281224,283.125,4.7402673e-06,2.194026e-06
-36.37249059281224,285.0,6.1002042e-06,4.615863e-06
-36.37249059281224,286.875,1.0662223e-05,9.884806e-06
-36.37249059281224,288.75,7.852224e-06,7.67335e-06
-36.37249059281224,290.625,2.4382043e-06,3.6100798e-06
-36.37249059281224,292.5,4.3568666e-06,6.216067e-06
-36.37249059281224,294.375,6.430406e-06,7.942475e-06
-36.37249059281224,296.25,8.305199e-06,8.312028e-06
-36.37249059281224,298.125,1.6086657e-05,1.06868165e-05
-36.37249059281224,300.0,2.551489e-05,1.35021055e-05
-36.37249059281224,301.875,2.9986282e-05,1.3205514e-05
-36.37249059281224,303.75,2.0747013e-05,1.0654251e-05
-36.37249059281224,305.625,2.3878798e-05,1.20680315e-05
-36.37249059281224,307.5,2.4837824e-05,1.4508063e-05
-36.37249059281224,309.375,2.5765541e-05,1.2663902e-05
-36.37249059281224,311.25,3.049891e-05,1.2863432e-05
-36.37249059281224,313.125,3.0688443e-05,1.2357488e-05
-36.37249059281224,315.0,2.8821654e-05,1.2475801e-05
-36.37249059281224,316.875,3.3972356e-05,1.4487191e-05
-36.37249059281224,318.75,4.020289e-05,1.5158997e-05
-36.37249059281224,320.625,3.86849e-05,1.4361844e-05
-36.37249059281224,322.5,3.6285852e-05,1.4898919e-05
-36.37249059281224,324.375,4.2051855e-05,1.6429538e-05
-36.37249059281224,326.25,4.6401685e-05,1.5874253e-05
-36.37249059281224,328.125,4.2535154e-05,1.4957955e-05
-36.37249059281224,330.0,3.9923274e-05,1.5024611e-05
-36.37249059281224,331.875,4.2240536e-05,1.4656348e-05
-36.37249059281224,333.75,4.1414547e-05,1.3781411e-05
-36.37249059281224,335.625,3.616772e-05,1.3121234e-05
-36.37249059281224,337.5,3.5595087e-05,1.3193657e-05
-36.37249059281224,339.375,3.6460548e-05,1.30903545e-05
-36.37249059281224,341.25,3.2589942e-05,1.2285441e-05
-36.37249059281224,343.125,2.760916e-05,1.2249735e-05
-36.37249059281224,345.0,2.7522288e-05,1.2354456e-05
-36.37249059281224,346.875,2.7306729e-05,1.1895676e-05
-36.37249059281224,348.75,2.3340974e-05,1.0910956e-05
-36.37249059281224,350.625,1.8347382e-05,1.0202825e-05
-36.37249059281224,352.5,1.681468e-05,9.9671615e-06
-36.37249059281224,354.375,1.6181466e-05,9.7527445e-06
-36.37249059281224,356.25,1.3773416e-05,8.354968e-06
-36.37249059281224,358.125,1.0305076e-05,5.915913e-06
-34.50724334150103,0.0,5.5759156e-06,3.4881289e-06
-34.50724334150103,1.875,5.8606743e-06,3.103373e-06
-34.50724334150103,3.75,5.1323127e-06,2.4418575e-06
-34.50724334150103,5.625,4.448964e-06,2.3752766e-06
-34.50724334150103,7.5,4.1963413e-06,2.8471466e-06
-34.50724334150103,9.375,4.033274e-06,2.8089332e-06
-34.50724334150103,11.25,3.911102e-06,2.7758304e-06
-34.50724334150103,13.125,3.7334241e-06,2.6685018e-06
-34.50724334150103,15.0,3.865602e-06,3.42269e-06
-34.50724334150103,16.875,4.7126796e-06,4.376497e-06
-34.50724334150103,18.75,2.9823066e-06,3.928624e-06
-34.50724334150103,20.625,5.147232e-06,5.6353565e-06
-34.50724334150103,22.5,8.222438e-06,8.633013e-06
-34.50724334150103,24.375,1.1242075e-05,1.1354879e-05
-34.50724334150103,26.25,1.661302e-05,1.2273066e-05
-34.50724334150103,28.125,1.6881717e-05,1.08448085e-05
-34.50724334150103,30.0,1.5878935e-05,1.0838189e-05
-34.50724334150103,31.875,1.6105409e-05,1.0676245e-05
-34.50724334150103,33.75,1.9891844e-05,1.1377118e-05
-34.50724334150103,35.625,2.4527155e-05,1.20665445e-05
-34.50724334150103,37.5,2.4898234e-05,1.2687551e-05
-34.50724334150103,39.375,2.4403802e-05,1.36631925e-05
-34.50724334150103,41.25,2.655552e-05,1.4206768e-05
-34.50724334150103,43.125,2.732066e-05,1.25422e-05
-34.50724334150103,45.0,2.5474283e-05,1.0996164e-05
-34.50724334150103,46.875,2.5914815e-05,1.1530092e-05
-34.50724334150103,48.75,2.9405697e-05,1.411488e-05
-34.50724334150103,50.625,2.9731187e-05,1.5186963e-05
-34.50724334150103,52.5,2.8635082e-05,1.4660037e-05
-34.50724334150103,54.375,3.0270243e-05,1.4644566e-05
-34.50724334150103,56.25,3.1567495e-05,1.42417075e-05
-34.50724334150103,58.125,2.8946342e-05,1.3944814e-05
-34.50724334150103,60.0,2.6702623e-05,1.3697749e-05
-34.50724334150103,61.875,2.7003205e-05,1.4045014e-05
-34.50724334150103,63.75,2.5061314e-05,1.268368e-05
-34.50724334150103,65.625,2.0607076e-05,1.0413786e-05
-34.50724334150103,67.5,1.8418843e-05,9.473612e-06
-34.50724334150103,69.375,1.8604074e-05,9.5200085e-06
-34.50724334150103,71.25,1.7683338e-05,8.350752e-06
-34.50724334150103,73.125,1.5206447e-05,7.3055135e-06
-34.50724334150103,75.0,1.4873778e-05,8.291807e-06
-34.50724334150103,76.875,1.5008319e-05,8.873477e-06
-34.50724334150103,78.75,1.3545666e-05,8.219124e-06
-34.50724334150103,80.625,1.167945e-05,7.4531313e-06
-34.50724334150103,82.5,1.1101856e-05,6.7180986e-06
-34.50724334150103,84.375,1.0451133e-05,5.6774566e-06
-34.50724334150103,86.25,9.058688e-06,5.504556e-06
-34.50724334150103,88.125,8.791684e-06,7.0701794e-06
-34.50724334150103,90.0,8.79302e-06,6.76727e-06
-34.50724334150103,91.875,7.79221e-06,5.0447165e-06
-34.50724334150103,93.75,6.24659e-06,3.7330674e-06
-34.50724334150103,95.625,5.807168e-06,3.1230932e-06
-34.50724334150103,97.5,5.8163923e-06,2.8091426e-06
-34.50724334150103,99.375,5.598413e-06,2.507739e-06
-34.50724334150103,101.25,4.954536e-06,2.4678113e-06
-34.50724334150103,103.125,4.8628976e-06,2.3165471e-06
-34.50724334150103,105.0,4.7661197e-06,2.2804427e-06
-34.50724334150103,106.875,4.2587762e-06,1.9973302e-06
-34.50724334150103,108.75,4.105394e-06,2.3769405e-06
-34.50724334150103,110.625,3.898722e-06,2.0501122e-06
-34.50724334150103,112.5,4.0105388e-06,2.261802e-06
-34.50724334150103,114.375,3.9178176e-06,2.9147593e-06
-34.50724334150103,116.25,1.8126063e-06,2.6810956e-06
-34.50724334150103,118.125,2.3238208e-06,4.145039e-06
-34.50724334150103,120.0,2.2908755e-06,4.5436573e-06
-34.50724334150103,121.875,3.982338e-06,4.019219e-06
-34.50724334150103,123.75,3.6651386e-06,3.6842227e-06
-34.50724334150103,125.625,3.7042057e-06,3.830645e-06
-34.50724334150103,127.5,3.4232996e-06,3.4124432e-06
-34.50724334150103,129.375,3.4592754e-06,3.153527e-06
-34.50724334150103,131.25,3.4194788e-06,3.5677244e-06
-34.50724334150103,133.125,3.6686397e-06,4.514228e-06
-34.50724334150103,135.0,3.81515e-06,3.3302981e-06
-34.50724334150103,136.875,2.8107077e-06,3.5821379e-06
-34.50724334150103,138.75,2.42481e-06,3.4463283e-06
-34.50724334150103,140.625,2.404603e-06,3.4815594e-06
-34.50724334150103,142.5,3.4124162e-06,5.6555123e-06
-34.50724334150103,144.375,5.9300787e-06,8.396779e-06
-34.50724334150103,146.25,8.906295e-06,1.0235198e-05
-34.50724334150103,148.125,1.2181408e-05,1.3102625e-05
-34.50724334150103,150.0,1.4105367e-05,1.3357403e-05
-34.50724334150103,151.875,1.765681e-05,1.2767805e-05
-34.50724334150103,153.75,1.780404e-05,1.2529423e-05
-34.50724334150103,155.625,2.2031869e-05,1.4825057e-05
-34.50724334150103,157.5,2.4098648e-05,1.4384308e-05
-34.50724334150103,159.375,1.9738287e-05,1.1911371e-05
-34.50724334150103,161.25,1.7852562e-05,1.1024826e-05
-34.50724334150103,163.125,1.9271125e-05,1.3437323e-05
-34.50724334150103,165.0,2.1479174e-05,1.4389941e-05
-34.50724334150103,166.875,1.9978625e-05,1.3539954e-05
-34.50724334150103,168.75,1.7874443e-05,1.3606055e-05
-34.50724334150103,170.625,1.7942319e-05,1.3208492e-05
-34.50724334150103,172.5,1.8593459e-05,1.2366787e-05
-34.50724334150103,174.375,1.7693923e-05,1.2896605e-05
-34.50724334150103,176.25,1.7850252e-05,1.32409705e-05
-34.50724334150103,178.125,2.0134663e-05,1.5203896e-05
-34.50724334150103,180.0,2.003886e-05,1.3750639e-05
-34.50724334150103,181.875,1.9911933e-05,1.2697829e-05
-34.50724334150103,183.75,2.0432048e-05,1.2785113e-05
-34.50724334150103,185.625,2.0483443e-05,1.2308546e-05
-34.50724334150103,187.5,2.1457114e-05,1.4222137e-05
-34.50724334150103,189.375,2.2359825e-05,1.6497735e-05
-34.50724334150103,191.25,2.489505e-05,1.861468e-05
-34.50724334150103,193.125,2.5255766e-05,1.7619252e-05
-34.50724334150103,195.0,2.4087838e-05,1.6479018e-05
-34.50724334150103,196.875,2.400991e-05,1.4827335e-05
-34.50724334150103,198.75,2.5301559e-05,1.4795337e-05
-34.50724334150103,200.625,2.531161e-05,1.4391899e-05
-34.50724334150103,202.5,2.2814456e-05,1.366727e-05
-34.50724334150103,204.375,2.2466304e-05,1.4603952e-05
-34.50724334150103,206.25,2.3883926e-05,1.4577547e-05
-34.50724334150103,208.125,2.2903112e-05,1.3491816e-05
-34.50724334150103,210.0,2.1787553e-05,1.3968064e-05
-34.50724334150103,211.875,2.3885317e-05,1.5121569e-05
-34.50724334150103,213.75,2.6987227e-05,1.5979118e-05
-34.50724334150103,215.625,2.634636e-05,1.5592987e-05
-34.50724334150103,217.5,2.6102485e-05,1.5573101e-05
-34.50724334150103,219.375,2.8611346e-05,1.6820739e-05
-34.50724334150103,221.25,3.046961e-05,1.7324212e-05
-34.50724334150103,223.125,2.8902437e-05,1.5333317e-05
-34.50724334150103,225.0,2.9729037e-05,1.5013387e-05
-34.50724334150103,226.875,3.2905842e-05,1.604551e-05
-34.50724334150103,228.75,3.2593376e-05,1.6174492e-05
-34.50724334150103,230.625,3.0207135e-05,1.5717276e-05
-34.50724334150103,232.5,3.1652824e-05,1.7461874e-05
-34.50724334150103,234.375,3.3488803e-05,1.7946013e-05
-34.50724334150103,236.25,3.1090553e-05,1.7007547e-05
-34.50724334150103,238.125,2.8569499e-05,1.7612794e-05
-34.50724334150103,240.0,2.9030296e-05,1.6896121e-05
-34.50724334150103,241.875,2.7209251e-05,1.506853e-05
-34.50724334150103,243.75,2.2266775e-05,1.3028176e-05
-34.50724334150103,245.625,1.9612675e-05,1.2367346e-05
-34.50724334150103,247.5,2.036089e-05,1.3130329e-05
-34.50724334150103,249.375,1.9889045e-05,1.35348655e-05
-34.50724334150103,251.25,1.609158e-05,1.1883492e-05
-34.50724334150103,253.125,1.4029122e-05,9.728689e-06
-34.50724334150103,255.0,1.3966575e-05,8.754465e-06
-34.50724334150103,256.875,1.3323425e-05,8.282676e-06
-34.50724334150103,258.75,1.039656e-05,7.598119e-06
-34.50724334150103,260.625,9.82953e-06,6.4426795e-06
-34.50724334150103,262.5,1.0523803e-05,6.4144224e-06
-34.50724334150103,264.375,9.737106e-06,5.819685e-06
-34.50724334150103,266.25,8.103144e-06,5.877081e-06
-34.50724334150103,268.125,7.5439816e-06,6.053559e-06
-34.50724334150103,270.0,7.199201e-06,5.313415e-06
-34.50724334150103,271.875,7.0375345e-06,4.425668e-06
-34.50724334150103,273.75,7.3798506e-06,4.182573e-06
-34.50724334150103,275.625,6.9272646e-06,3.4053628e-06
-34.50724334150103,277.5,4.4504313e-06,2.3701518e-06
-34.50724334150103,279.375,3.3829094e-06,2.436708e-06
-34.50724334150103,281.25,3.916258e-06,2.9490868e-06
-34.50724334150103,283.125,3.8477006e-06,1.887896e-06
-34.50724334150103,285.0,3.3404367e-06,2.5927457e-06
-34.50724334150103,286.875,4.6015316e-06,5.664158e-06
-34.50724334150103,288.75,3.188185e-06,4.5277634e-06
-34.50724334150103,290.625,1.693659e-06,2.882482e-06
-34.50724334150103,292.5,4.935245e-06,6.5189483e-06
-34.50724334150103,294.375,7.021655e-06,8.7341e-06
-34.50724334150103,296.25,9.932451e-06,9.127172e-06
-34.50724334150103,298.125,2.1944163e-05,1.3724332e-05
-34.50724334150103,300.0,2.967692e-05,1.4522379e-05
-34.50724334150103,301.875,2.7579712e-05,1.312467e-05
-34.50724334150103,303.75,3.729814e-05,1.6262462e-05
-34.50724334150103,305.625,3.717045e-05,1.6852871e-05
-34.50724334150103,307.5,2.3789371e-05,1.6183743e-05
-34.50724334150103,309.375,2.2396505e-05,1.2979317e-05
-34.50724334150103,311.25,2.9003597e-05,1.3606638e-05
-34.50724334150103,313.125,3.085445e-05,1.28282245e-05
-34.50724334150103,315.0,2.6774409e-05,1.2509175e-05
-34.50724334150103,316.875,3.132218e-05,1.3472853e-05
-34.50724334150103,318.75,4.0202056e-05,1.5649604e-05
-34.50724334150103,320.625,4.081561e-05,1.5726411e-05
-34.50724334150103,322.5,3.8632486e-05,1.5291385e-05
-34.50724334150103,324.375,4.5089648e-05,1.5679236e-05
-34.50724334150103,326.25,4.830319e-05,1.6266034e-05
-34.50724334150103,328.125,4.3338332e-05,1.7250743e-05
-34.50724334150103,330.0,4.1403826e-05,1.7702794e-05
-34.50724334150103,331.875,4.413032e-05,1.7521816e-05
-34.50724334150103,333.75,4.1357394e-05,1.6330327e-05
-34.50724334150103,335.625,3.4026238e-05,1.4609471e-05
-34.50724334150103,337.5,3.3284618e-05,1.405945e-05
-34.50724334150103,339.375,3.2731376e-05,1.3437062e-05
-34.50724334150103,341.25,2.7529968e-05,1.2054634e-05
-34.50724334150103,343.125,2.2894634e-05,1.1168622e-05
-34.50724334150103,345.0,2.3023991e-05,1.1875505e-05
-34.50724334150103,346.875,2.1334643e-05,1.0652411e-05
-34.50724334150103,348.75,1.6325943e-05,9.316159e-06
-34.50724334150103,350.625,1.3207417e-05,8.858832e-06
-34.50724334150103,352.5,1.3025291e-05,8.55344e-06
-34.50724334150103,354.375,1.1741181e-05,7.909835e-06
-34.50724334150103,356.25,8.054401e-06,6.1398673e-06
-34.50724334150103,358.125,5.6164636e-06,4.08474e-06
-32.64199443851768,0.0,4.7574154e-06,2.7858398e-06
-32.64199443851768,1.875,3.8904623e-06,2.0602847e-06
-32.64199443851768,3.75,2.855769e-06,1.395837e-06
-32.64199443851768,5.625,2.8086565e-06,1.6874078e-06
-32.64199443851768,7.5,3.1432148e-06,2.5053557e-06
-32.64199443851768,9.375,2.8454451e-06,2.180138e-06
-32.64199443851768,11.25,2.7055296e-06,1.9146692e-06
-32.64199443851768,13.125,2.425716e-06,1.8984446e-06
-32.64199443851768,15.0,2.3874088e-06,2.39958e-06
-32.64199443851768,16.875,2.5976813e-06,2.4382111e-06
-32.64199443851768,18.75,2.1366964e-06,2.9656424e-06
-32.64199443851768,20.625,4.7323706e-06,5.1212446e-06
-32.64199443851768,22.5,1.0546867e-05,9.106855e-06
-32.64199443851768,24.375,1.7530316e-05,1.1805056e-05
-32.64199443851768,26.25,3.001715e-05,1.6068023e-05
-32.64199443851768,28.125,4.566487e-05,1.7017548e-05
-32.64199443851768,30.0,3.0996023e-05,1.4515056e-05
-32.64199443851768,31.875,1.9378425e-05,1.28411e-05
-32.64199443851768,33.75,2.0712787e-05,1.32925015e-05
-32.64199443851768,35.625,2.4597657e-05,1.3140748e-05
-32.64199443851768,37.5,2.5330302e-05,1.2275966e-05
-32.64199443851768,39.375,2.3092882e-05,1.15288985e-05
-32.64199443851768,41.25,2.3814757e-05,1.1754481e-05
-32.64199443851768,43.125,2.3786186e-05,1.1693166e-05
-32.64199443851768,45.0,2.0542051e-05,1.07980895e-05
-32.64199443851768,46.875,1.9169263e-05,1.1108616e-05
-32.64199443851768,48.75,2.293583e-05,1.3144602e-05
-32.64199443851768,50.625,2.6078415e-05,1.4233303e-05
-32.64199443851768,52.5,2.6721364e-05,1.4778724e-05
-32.64199443851768,54.375,2.8623157e-05,1.448809e-05
-32.64199443851768,56.25,2.9250481e-05,1.5173448e-05
-32.64199443851768,58.125,2.4818764e-05,1.3559811e-05
-32.64199443851768,60.0,2.2225582e-05,1.29685195e-05
-32.64199443851768,61.875,2.3275907e-05,1.3218365e-05
-32.64199443851768,63.75,2.1911292e-05,1.2477922e-05
-32.64199443851768,65.625,1.7227405e-05,1.0060739e-05
-32.64199443851768,67.5,1.5007187e-05,8.6905275e-06
-32.64199443851768,69.375,1.6335245e-05,9.090279e-06
-32.64199443851768,71.25,1.5427913e-05,8.623968e-06
-32.64199443851768,73.125,1.3010005e-05,8.628374e-06
-32.64199443851768,75.0,1.233543e-05,9.000772e-06
-32.64199443851768,76.875,1.1852888e-05,8.538432e-06
-32.64199443851768,78.75,9.953507e-06,7.360693e-06
-32.64199443851768,80.625,8.011997e-06,5.8856895e-06
-32.64199443851768,82.5,7.351865e-06,4.728299e-06
-32.64199443851768,84.375,7.0077103e-06,4.3754285e-06
-32.64199443851768,86.25,6.5772306e-06,5.438764e-06
-32.64199443851768,88.125,6.7222722e-06,6.8764502e-06
-32.64199443851768,90.0,6.447654e-06,4.847699e-06
-32.64199443851768,91.875,5.6768617e-06,3.1745258e-06
-32.64199443851768,93.75,4.588154e-06,2.420669e-06
-32.64199443851768,95.625,4.5894935e-06,2.4260876e-06
-32.64199443851768,97.5,4.903522e-06,2.1663068e-06
-32.64199443851768,99.375,4.531593e-06,1.9863505e-06
-32.64199443851768,101.25,4.0483533e-06,2.2930672e-06
-32.64199443851768,103.125,4.0929617e-06,2.09749e-06
-32.64199443851768,105.0,3.9667643e-06,2.1306912e-06
-32.64199443851768,106.875,3.2310536e-06,1.8821055e-06
-32.64199443851768,108.75,2.8133152e-06,1.6017232e-06
-32.64199443851768,110.625,2.4417916e-06,1.4494179e-06
-32.64199443851768,112.5,2.269277e-06,1.7938341e-06
-32.64199443851768,114.375,2.3010734e-06,2.16367e-06
-32.64199443851768,116.25,1.4126624e-06,3.074323e-06
-32.64199443851768,118.125,1.5850825e-06,4.280172e-06
-32.64199443851768,120.0,1.3195925e-06,3.7443997e-06
-32.64199443851768,121.875,1.2863177e-06,2.845339e-06
-32.64199443851768,123.75,1.2696875e-06,2.92478e-06
-32.64199443851768,125.625,9.628715e-07,2.2923966e-06
-32.64199443851768,127.5,2.366307e-06,2.6556197e-06
-32.64199443851768,129.375,2.838059e-06,3.2596215e-06
-32.64199443851768,131.25,2.937122e-06,4.2059846e-06
-32.64199443851768,133.125,2.5784327e-06,3.2264306e-06
-32.64199443851768,135.0,1.692366e-06,2.7182796e-06
-32.64199443851768,136.875,2.2589115e-06,3.8691137e-06
-32.64199443851768,138.75,2.0923255e-06,3.6432239e-06
-32.64199443851768,140.625,2.220266e-06,3.4356162e-06
-32.64199443851768,142.5,3.4612488e-06,5.163966e-06
-32.64199443851768,144.375,4.88619e-06,6.344381e-06
-32.64199443851768,146.25,7.958929e-06,9.535077e-06
-32.64199443851768,148.125,1.2751892e-05,1.4467129e-05
-32.64199443851768,150.0,1.6174641e-05,1.5478525e-05
-32.64199443851768,151.875,2.0452024e-05,1.7376145e-05
-32.64199443851768,153.75,1.9201376e-05,1.5159508e-05
-32.64199443851768,155.625,1.8003931e-05,1.28326155e-05
-32.64199443851768,157.5,1.9443478e-05,1.2889602e-05
-32.64199443851768,159.375,1.8355182e-05,1.2600052e-05
-32.64199443851768,161.25,1.6615684e-05,1.2874266e-05
-32.64199443851768,163.125,1.7741202e-05,1.3823251e-05
-32.64199443851768,165.0,1.9391755e-05,1.4699093e-05
-32.64199443851768,166.875,1.8187757e-05,1.479127e-05
-32.64199443851768,168.75,1.6548513e-05,1.29275795e-05
-32.64199443851768,170.625,1.6848639e-05,1.2626865e-05
-32.64199443851768,172.5,1.7183489e-05,1.2970999e-05
-32.64199443851768,174.375,1.6716021e-05,1.3452853e-05
-32.64199443851768,176.25,1.7231594e-05,1.5221986e-05
-32.64199443851768,178.125,1.8833634e-05,1.5616464e-05
-32.64199443851768,180.0,2.0034146e-05,1.5568732e-05
-32.64199443851768,181.875,1.9470277e-05,1.4577434e-05
-32.64199443851768,183.75,1.8604678e-05,1.3036832e-05
-32.64199443851768,185.625,1.9356034e-05,1.3484337e-05
-32.64199443851768,187.5,2.1154494e-05,1.5960948e-05
-32.64199443851768,189.375,2.279487e-05,1.9025689e-05
-32.64199443851768,191.25,2.435466e-05,1.921473e-05
-32.64199443851768,193.125,2.5200197e-05,1.7334949e-05
-32.64199443851768,195.0,2.5196818e-05,1.6746233e-05
-32.64199443851768,196.875,2.420288e-05,1.7123877e-05
-32.64199443851768,198.75,2.5082274e-05,1.6921344e-05
-32.64199443851768,200.625,2.41091e-05,1.4700927e-05
-32.64199443851768,202.5,2.218586e-05,1.3473188e-05
-32.64199443851768,204.375,2.239475e-05,1.4147418e-05
-32.64199443851768,206.25,2.3465105e-05,1.3604964e-05
-32.64199443851768,208.125,2.3355888e-05,1.3898248e-05
-32.64199443851768,210.0,2.299338e-05,1.38739815e-05
-32.64199443851768,211.875,2.5266014e-05,1.4787081e-05
-32.64199443851768,213.75,2.8140304e-05,1.7281656e-05
-32.64199443851768,215.625,2.745257e-05,1.7535189e-05
-32.64199443851768,217.5,2.6795356e-05,1.7807262e-05
-32.64199443851768,219.375,2.844227e-05,1.9143674e-05
-32.64199443851768,221.25,2.9958748e-05,1.8370798e-05
-32.64199443851768,223.125,2.9709474e-05,1.76228e-05
-32.64199443851768,225.0,3.2120413e-05,1.7784077e-05
-32.64199443851768,226.875,3.455486e-05,1.8031136e-05
-32.64199443851768,228.75,3.212447e-05,1.7136954e-05
-32.64199443851768,230.625,2.8390581e-05,1.6510598e-05
-32.64199443851768,232.5,3.0155308e-05,1.7418777e-05
-32.64199443851768,234.375,3.2612734e-05,1.8572897e-05
-32.64199443851768,236.25,3.034331e-05,1.915541e-05
-32.64199443851768,238.125,2.8134924e-05,1.9226942e-05
-32.64199443851768,240.0,2.596819e-05,1.7140004e-05
-32.64199443851768,241.875,2.2310856e-05,1.4479844e-05
-32.64199443851768,243.75,1.9293697e-05,1.2725029e-05
-32.64199443851768,245.625,1.9172554e-05,1.306181e-05
-32.64199443851768,247.5,2.0092219e-05,1.3774171e-05
-32.64199443851768,249.375,1.7557277e-05,1.2705834e-05
-32.64199443851768,251.25,1.3771655e-05,1.05940635e-05
-32.64199443851768,253.125,1.3187246e-05,9.12697e-06
-32.64199443851768,255.0,1.27334815e-05,8.3815585e-06
-32.64199443851768,256.875,9.37162e-06,6.5725417e-06
-32.64199443851768,258.75,7.2208177e-06,5.409144e-06
-32.64199443851768,260.625,8.7536e-06,6.1214528e-06
-32.64199443851768,262.5,1.0033658e-05,6.679528e-06
-32.64199443851768,264.375,7.330548e-06,5.0513995e-06
-32.64199443851768,266.25,5.4021184e-06,4.6273453e-06
-32.64199443851768,268.125,6.83703e-06,5.3621316e-06
-32.64199443851768,270.0,7.606887e-06,4.9057226e-06
-32.64199443851768,271.875,5.920739e-06,3.2053883e-06
-32.64199443851768,273.75,4.1106e-06,2.731405e-06
-32.64199443851768,275.625,4.021392e-06,2.4292217e-06
-32.64199443851768,277.5,3.7837372e-06,2.5369231e-06
-32.64199443851768,279.375,2.8443696e-06,2.2222132e-06
-32.64199443851768,281.25,2.8768136e-06,1.930507e-06
-32.64199443851768,283.125,3.6774009e-06,1.2563764e-06
-32.64199443851768,285.0,2.7359551e-06,1.4923434e-06
-32.64199443851768,286.875,2.1036126e-06,2.574989e-06
-32.64199443851768,288.75,1.0330458e-06,2.0368684e-06
-32.64199443851768,290.625,9.0728105e-07,1.9665074e-06
-32.64199443851768,292.5,5.3823987e-06,7.089426e-06
-32.64199443851768,294.375,7.747944e-06,8.100095e-06
-32.64199443851768,296.25,6.8144964e-06,6.0978214e-06
-32.64199443851768,298.125,2.6203128e-05,1.5710373e-05
-32.64199443851768,300.0,3.8160466e-05,1.5653013e-05
-32.64199443851768,301.875,3.053923e-05,1.4431566e-05
-32.64199443851768,303.75,4.152513e-05,1.901911e-05
-32.64199443851768,305.625,4.7196365e-05,1.992795e-05
-32.64199443851768,307.5,3.7758342e-05,1.6396476e-05
-32.64199443851768,309.375,1.7817722e-05,1.1080339e-05
-32.64199443851768,311.25,2.513782e-05,1.217454e-05
-32.64199443851768,313.125,2.9692776e-05,1.2550784e-05
-32.64199443851768,315.0,2.5452175e-05,1.2448516e-05
-32.64199443851768,316.875,3.0162359e-05,1.40558905e-05
-32.64199443851768,318.75,4.1091913e-05,1.7428181e-05
-32.64199443851768,320.625,4.444286e-05,1.9435198e-05
-32.64199443851768,322.5,4.2882137e-05,1.684311e-05
-32.64199443851768,324.375,4.886505e-05,1.8713918e-05
-32.64199443851768,326.25,4.8678605e-05,1.9521762e-05
-32.64199443851768,328.125,4.0278734e-05,1.8561377e-05
-32.64199443851768,330.0,3.9043112e-05,1.8467987e-05
-32.64199443851768,331.875,4.1802563e-05,2.0344081e-05
-32.64199443851768,333.75,3.716031e-05,1.825467e-05
-32.64199443851768,335.625,3.0279532e-05,1.4782234e-05
-32.64199443851768,337.5,2.9318537e-05,1.3248058e-05
-32.64199443851768,339.375,2.7559085e-05,1.23542595e-05
-32.64199443851768,341.25,2.1704329e-05,1.12072985e-05
-32.64199443851768,343.125,1.8355682e-05,1.1237514e-05
-32.64199443851768,345.0,1.815005e-05,1.0189685e-05
-32.64199443851768,346.875,1.590081e-05,9.945875e-06
-32.64199443851768,348.75,1.1863365e-05,9.3375675e-06
-32.64199443851768,350.625,1.0008158e-05,8.103969e-06
-32.64199443851768,352.5,9.198998e-06,6.4365463e-06
-32.64199443851768,354.375,7.4054115e-06,5.5362507e-06
-32.64199443851768,356.25,4.92197e-06,4.922056e-06
-32.64199443851768,358.125,4.5738457e-06,3.6283363e-06
-30.77674406172325,0.0,3.6519766e-06,2.667476e-06
-30.77674406172325,1.875,2.3851026e-06,1.591545e-06
-30.77674406172325,3.75,2.1119006e-06,1.5298922e-06
-30.77674406172325,5.625,2.7071533e-06,1.9025643e-06
-30.77674406172325,7.5,2.6797306e-06,2.2209506e-06
-30.77674406172325,9.375,2.0392406e-06,1.4732148e-06
-30.77674406172325,11.25,1.9336626e-06,1.547096e-06
-30.77674406172325,13.125,2.3387047e-06,1.7775667e-06
-30.77674406172325,15.0,2.4801602e-06,2.299668e-06
-30.77674406172325,16.875,1.8710004e-06,1.8091822e-06
-30.77674406172325,18.75,1.551336e-06,3.1321026e-06
-30.77674406172325,20.625,5.047181e-06,6.7795186e-06
-30.77674406172325,22.5,9.10183e-06,8.981995e-06
-30.77674406172325,24.375,1.4184089e-05,1.12671905e-05
-30.77674406172325,26.25,2.7688118e-05,1.6144706e-05
-30.77674406172325,28.125,5.7105357e-05,1.7282202e-05
-30.77674406172325,30.0,7.286336e-05,1.7711267e-05
-30.77674406172325,31.875,3.5297595e-05,1.6425614e-05
-30.77674406172325,33.75,2.2620805e-05,1.2171385e-05
-30.77674406172325,35.625,2.1839684e-05,1.156722e-05
-30.77674406172325,37.5,2.3132267e-05,1.1428043e-05
-30.77674406172325,39.375,2.0504236e-05,1.1329398e-05
-30.77674406172325,41.25,1.81278e-05,1.1346621e-05
-30.77674406172325,43.125,1.7615768e-05,1.1514421e-05
-30.77674406172325,45.0,1.6054353e-05,1.15078e-05
-30.77674406172325,46.875,1.5659454e-05,1.0580202e-05
-30.77674406172325,48.75,2.078827e-05,1.1553382e-05
-30.77674406172325,50.625,2.4316618e-05,1.3047422e-05
-30.77674406172325,52.5,2.4559045e-05,1.3529969e-05
-30.77674406172325,54.375,2.7479968e-05,1.5941405e-05
-30.77674406172325,56.25,2.6921694e-05,1.5766593e-05
-30.77674406172325,58.125,2.2372604e-05,1.25901015e-05
-30.77674406172325,60.0,1.9077534e-05,1.0791741e-05
-30.77674406172325,61.875,1.960135e-05,1.1313875e-05
-30.77674406172325,63.75,1.8401595e-05,1.1376854e-05
-30.77674406172325,65.625,1.4863417e-05,9.858986e-06
-30.77674406172325,67.5,1.31074075e-05,8.806997e-06
-30.77674406172325,69.375,1.2894771e-05,9.194874e-06
-30.77674406172325,71.25,1.1867322e-05,9.083937e-06
-30.77674406172325,73.125,9.894127e-06,8.46086e-06
-30.77674406172325,75.0,9.218371e-06,7.832702e-06
-30.77674406172325,76.875,8.802879e-06,7.0883443e-06
-30.77674406172325,78.75,7.890712e-06,6.8734016e-06
-30.77674406172325,80.625,5.9543945e-06,4.4225167e-06
-30.77674406172325,82.5,5.3003314e-06,3.4236557e-06
-30.77674406172325,84.375,5.595883e-06,4.0346044e-06
-30.77674406172325,86.25,5.333761e-06,5.0130157e-06
-30.77674406172325,88.125,4.843414e-06,4.3561613e-06
-30.77674406172325,90.0,4.6381656e-06,2.7584188e-06
-30.77674406172325,91.875,4.2814604e-06,2.0692598e-06
-30.77674406172325,93.75,3.876123e-06,2.0514804e-06
-30.77674406172325,95.625,3.998815e-06,2.186192e-06
-30.77674406172325,97.5,4.1604026e-06,2.150149e-06
-30.77674406172325,99.375,3.7390314e-06,1.9786626e-06
-30.77674406172325,101.25,3.3288452e-06,2.4538278e-06
-30.77674406172325,103.125,3.5968706e-06,2.7008684e-06
-30.77674406172325,105.0,3.4350162e-06,3.4634916e-06
-30.77674406172325,106.875,2.686184e-06,2.0771834e-06
-30.77674406172325,108.75,2.113531e-06,1.0712711e-06
-30.77674406172325,110.625,2.0568593e-06,1.2225105e-06
-30.77674406172325,112.5,1.8934389e-06,1.5318776e-06
-30.77674406172325,114.375,1.5798634e-06,2.058473e-06
-30.77674406172325,116.25,8.435965e-07,3.1700065e-06
-30.77674406172325,118.125,8.855044e-07,3.7967031e-06
-30.77674406172325,120.0,1.0477945e-06,4.110556e-06
-30.77674406172325,121.875,8.4597997e-07,2.73237e-06
-30.77674406172325,123.75,8.558748e-07,2.5217696e-06
-30.77674406172325,125.625,6.7415357e-07,1.7087162e-06
-30.77674406172325,127.5,1.3422587e-06,3.112284e-06
-30.77674406172325,129.375,1.7296538e-06,4.142253e-06
-30.77674406172325,131.25,1.4348988e-06,3.3797087e-06
-30.77674406172325,133.125,1.2639829e-06,2.4422047e-06
-30.77674406172325,135.0,1.3156745e-06,2.5665659e-06
-30.77674406172325,136.875,1.554843e-06,2.9577543e-06
-30.77674406172325,138.75,1.7521882e-06,3.0252068e-06
-30.77674406172325,140.625,2.5812205e-06,4.107255e-06
-30.77674406172325,142.5,3.1258337e-06,4.83434e-06
-30.77674406172325,144.375,4.172517e-06,5.522034e-06
-30.77674406172325,146.25,7.4567106e-06,1.0737464e-05
-30.77674406172325,148.125,1.1244571e-05,1.486594e-05
-30.77674406172325,150.0,1.7487226e-05,1.7959477e-05
-30.77674406172325,151.875,1.927985e-05,1.6794964e-05
-30.77674406172325,153.75,2.4809171e-05,1.8271166e-05
-30.77674406172325,155.625,1.6487955e-05,1.3922737e-05
-30.77674406172325,157.5,1.5584492e-05,1.1374605e-05
-30.77674406172325,159.375,1.6028334e-05,1.2181137e-05
-30.77674406172325,161.25,1.555178e-05,1.3205415e-05
-30.77674406172325,163.125,1.5874812e-05,1.3682992e-05
-30.77674406172325,165.0,1.6599588e-05,1.460716e-05
-30.77674406172325,166.875,1.6058768e-05,1.435027e-05
-30.77674406172325,168.75,1.4073678e-05,1.31072975e-05
-30.77674406172325,170.625,1.4212082e-05,1.3405871e-05
-30.77674406172325,172.5,1.5220709e-05,1.4171307e-05
-30.77674406172325,174.375,1.5505115e-05,1.4067949e-05
-30.77674406172325,176.25,1.6046657e-05,1.5008835e-05
-30.77674406172325,178.125,1.7582004e-05,1.645063e-05
-30.77674406172325,180.0,1.9454845e-05,1.74373e-05
-30.77674406172325,181.875,1.869769e-05,1.5268075e-05
-30.77674406172325,183.75,1.7185916e-05,1.2592903e-05
-30.77674406172325,185.625,1.844821e-05,1.3773894e-05
-30.77674406172325,187.5,2.0664093e-05,1.6246797e-05
-30.77674406172325,189.375,2.163707e-05,1.8005538e-05
-30.77674406172325,191.25,2.2886103e-05,1.800926e-05
-30.77674406172325,193.125,2.4163513e-05,1.6693215e-05
-30.77674406172325,195.0,2.5170184e-05,1.7855418e-05
-30.77674406172325,196.875,2.4730358e-05,1.8010165e-05
-30.77674406172325,198.75,2.5030724e-05,1.7685701e-05
-30.77674406172325,200.625,2.5233761e-05,1.6349135e-05
-30.77674406172325,202.5,2.3945848e-05,1.4877951e-05
-30.77674406172325,204.375,2.3119179e-05,1.4237009e-05
-30.77674406172325,206.25,2.3875475e-05,1.4296593e-05
-30.77674406172325,208.125,2.471793e-05,1.4670971e-05
-30.77674406172325,210.0,2.5201914e-05,1.3733226e-05
-30.77674406172325,211.875,2.7516651e-05,1.449093e-05
-30.77674406172325,213.75,2.9523282e-05,1.6906493e-05
-30.77674406172325,215.625,2.918256e-05,1.7694212e-05
-30.77674406172325,217.5,2.9298293e-05,1.8695011e-05
-30.77674406172325,219.375,3.127885e-05,1.8461553e-05
-30.77674406172325,221.25,3.2072097e-05,1.8917875e-05
-30.77674406172325,223.125,3.1030475e-05,1.8387453e-05
-30.77674406172325,225.0,3.2199576e-05,1.8601302e-05
-30.77674406172325,226.875,3.4001576e-05,1.8216764e-05
-30.77674406172325,228.75,3.3035685e-05,1.8257148e-05
-30.77674406172325,230.625,3.1288495e-05,1.7737584e-05
-30.77674406172325,232.5,3.1915064e-05,1.781438e-05
-30.77674406172325,234.375,3.202664e-05,1.9669158e-05
-30.77674406172325,236.25,2.9535839e-05,2.0077832e-05
-30.77674406172325,238.125,2.7490973e-05,1.9207535e-05
-30.77674406172325,240.0,2.6800395e-05,1.8885716e-05
-30.77674406172325,241.875,2.3283663e-05,1.5643038e-05
-30.77674406172325,243.75,2.0564104e-05,1.5183267e-05
-30.77674406172325,245.625,2.094399e-05,1.6743017e-05
-30.77674406172325,247.5,1.963982e-05,1.42622985e-05
-30.77674406172325,249.375,1.5342295e-05,1.1312982e-05
-30.77674406172325,251.25,1.1763316e-05,9.676859e-06
-30.77674406172325,253.125,1.0992758e-05,8.771366e-06
-30.77674406172325,255.0,1.1233788e-05,8.3110845e-06
-30.77674406172325,256.875,8.121305e-06,5.91771e-06
-30.77674406172325,258.75,6.2835916e-06,4.7234935e-06
-30.77674406172325,260.625,7.753197e-06,6.328667e-06
-30.77674406172325,262.5,8.230021e-06,6.605753e-06
-30.77674406172325,264.375,4.8328034e-06,4.3614195e-06
-30.77674406172325,266.25,3.9203505e-06,4.1674634e-06
-30.77674406172325,268.125,5.7367333e-06,4.4673025e-06
-30.77674406172325,270.0,6.6940097e-06,4.1283784e-06
-30.77674406172325,271.875,3.1863829e-06,2.319795e-06
-30.77674406172325,273.75,2.0307575e-06,1.5744243e-06
-30.77674406172325,275.625,3.641246e-06,2.0121795e-06
-30.77674406172325,277.5,4.339358e-06,1.9119661e-06
-30.77674406172325,279.375,2.5489633e-06,1.3258833e-06
-30.77674406172325,281.25,2.1362598e-06,1.1330017e-06
-30.77674406172325,283.125,3.515173e-06,1.1870108e-06
-30.77674406172325,285.0,3.3149286e-06,1.1292058e-06
-30.77674406172325,286.875,1.8022796e-06,1.1757481e-06
-30.77674406172325,288.75,2.443671e-07,6.9229975e-07
-30.77674406172325,290.625,3.9845574e-07,1.3289181e-06
-30.77674406172325,292.5,8.858735e-06,1.0043556e-05
-30.77674406172325,294.375,1.0504999e-05,9.323879e-06
-30.77674406172325,296.25,3.723253e-06,3.6077925e-06
-30.77674406172325,298.125,2.5486206e-05,1.4396292e-05
-30.77674406172325,300.0,4.924297e-05,1.6478934e-05
-30.77674406172325,301.875,3.6097877e-05,1.5560001e-05
-30.77674406172325,303.75,4.697039e-05,2.2054228e-05
-30.77674406172325,305.625,6.022481e-05,2.2161705e-05
-30.77674406172325,307.5,5.4598404e-05,1.8738929e-05
-30.77674406172325,309.375,2.0434267e-05,1.16383735e-05
-30.77674406172325,311.25,2.5202036e-05,1.2450625e-05
-30.77674406172325,313.125,3.0963583e-05,1.335311e-05
-30.77674406172325,315.0,2.4174997e-05,1.2926231e-05
-30.77674406172325,316.875,2.7740907e-05,1.4917158e-05
-30.77674406172325,318.75,3.9303006e-05,1.818896e-05
-30.77674406172325,320.625,4.2634932e-05,1.9270556e-05
-30.77674406172325,322.5,4.1473853e-05,2.0170077e-05
-30.77674406172325,324.375,4.8619982e-05,2.2904296e-05
-30.77674406172325,326.25,4.652494e-05,2.1794238e-05
-30.77674406172325,328.125,3.7278085e-05,1.9131412e-05
-30.77674406172325,330.0,3.582209e-05,1.8321027e-05
-30.77674406172325,331.875,3.7709666e-05,1.905947e-05
-30.77674406172325,333.75,3.276428e-05,1.7309754e-05
-30.77674406172325,335.625,2.67288e-05,1.5112928e-05
-30.77674406172325,337.5,2.6216454e-05,1.4026807e-05
-30.77674406172325,339.375,2.3292861e-05,1.2872145e-05
-30.77674406172325,341.25,1.6413695e-05,1.0720403e-05
-30.77674406172325,343.125,1.3186078e-05,8.317107e-06
-30.77674406172325,345.0,1.3134354e-05,8.066837e-06
-30.77674406172325,346.875,1.087039e-05,8.194761e-06
-30.77674406172325,348.75,7.92048e-06,7.460546e-06
-30.77674406172325,350.625,7.3572132e-06,8.00004e-06
-30.77674406172325,352.5,7.000336e-06,7.604272e-06
-30.77674406172325,354.375,4.8990287e-06,5.0210683e-06
-30.77674406172325,356.25,3.8026053e-06,3.596656e-06
-30.77674406172325,358.125,3.8451835e-06,2.4906935e-06
-28.91149236871774,0.0,2.614632e-06,1.8197127e-06
-28.91149236871774,1.875,1.8173743e-06,1.7029138e-06
-28.91149236871774,3.75,2.4094907e-06,1.696923e-06
-28.91149236871774,5.625,2.8088036e-06,1.551947e-06
-28.91149236871774,7.5,2.0190746e-06,1.4108609e-06
-28.91149236871774,9.375,1.4888437e-06,1.0026105e-06
-28.91149236871774,11.25,2.2486677e-06,1.5896368e-06
-28.91149236871774,13.125,3.6020542e-06,1.58081e-06
-28.91149236871774,15.0,2.666622e-06,1.4465128e-06
-28.91149236871774,16.875,5.2215967e-07,1.5157634e-06
-28.91149236871774,18.75,9.819199e-07,2.0426596e-06
-28.91149236871774,20.625,5.5322944e-06,7.567464e-06
-28.91149236871774,22.5,1.3062515e-05,1.3125924e-05
-28.91149236871774,24.375,1.6804244e-05,1.4775371e-05
-28.91149236871774,26.25,3.5230616e-05,2.1319947e-05
-28.91149236871774,28.125,5.60138e-05,1.7961032e-05
-28.91149236871774,30.0,7.006307e-05,1.4085178e-05
-28.91149236871774,31.875,6.4327876e-05,1.9544572e-05
-28.91149236871774,33.75,2.5758893e-05,1.1684983e-05
-28.91149236871774,35.625,1.9768633e-05,9.8935025e-06
-28.91149236871774,37.5,1.9231224e-05,9.650791e-06
-28.91149236871774,39.375,1.6268159e-05,9.471875e-06
-28.91149236871774,41.25,1.5876283e-05,9.7081265e-06
-28.91149236871774,43.125,1.7875114e-05,1.1586419e-05
-28.91149236871774,45.0,1.9622468e-05,1.4088776e-05
-28.91149236871774,46.875,2.2403869e-05,1.536984e-05
-28.91149236871774,48.75,2.8260969e-05,1.5226315e-05
-28.91149236871774,50.625,2.7968596e-05,1.4871951e-05
-28.91149236871774,52.5,2.4978246e-05,1.3701902e-05
-28.91149236871774,54.375,2.5847825e-05,1.5570284e-05
-28.91149236871774,56.25,2.4171088e-05,1.5869835e-05
-28.91149236871774,58.125,2.0649926e-05,1.3401028e-05
-28.91149236871774,60.0,1.705015e-05,1.1490263e-05
-28.91149236871774,61.875,1.5786409e-05,1.0710119e-05
-28.91149236871774,63.75,1.4758428e-05,1.0570013e-05
-28.91149236871774,65.625,1.252546e-05,1.0109122e-05
-28.91149236871774,67.5,1.12821635e-05,9.060637e-06
-28.91149236871774,69.375,1.0388427e-05,8.25148e-06
-28.91149236871774,71.25,9.147346e-06,7.4853533e-06
-28.91149236871774,73.125,7.4278096e-06,6.6083235e-06
-28.91149236871774,75.0,6.865151e-06,5.905658e-06
-28.91149236871774,76.875,7.0242827e-06,6.007612e-06
-28.91149236871774,78.75,6.9227767e-06,7.2719913e-06
-28.91149236871774,80.625,5.520495e-06,4.748872e-06
-28.91149236871774,82.5,5.099045e-06,3.5868172e-06
-28.91149236871774,84.375,5.1379493e-06,3.847804e-06
-28.91149236871774,86.25,4.660818e-06,3.9841666e-06
-28.91149236871774,88.125,3.983871e-06,2.7307844e-06
-28.91149236871774,90.0,3.891514e-06,2.5281186e-06
-28.91149236871774,91.875,3.7433638e-06,2.2104546e-06
-28.91149236871774,93.75,3.4550003e-06,2.55805e-06
-28.91149236871774,95.625,3.5511534e-06,2.5786655e-06
-28.91149236871774,97.5,3.8334356e-06,2.3978396e-06
-28.91149236871774,99.375,3.5383064e-06,2.3043708e-06
-28.91149236871774,101.25,3.3370598e-06,2.8042232e-06
-28.91149236871774,103.125,3.5851415e-06,3.246144e-06
-28.91149236871774,105.0,3.229158e-06,4.223944e-06
-28.91149236871774,106.875,2.172848e-06,1.2902879e-06
-28.91149236871774,108.75,1.7834396e-06,1.0518002e-06
-28.91149236871774,110.625,2.0149723e-06,1.0429873e-06
-28.91149236871774,112.5,1.53587e-06,1.2768236e-06
-28.91149236871774,114.375,1.0670902e-06,2.0690234e-06
-28.91149236871774,116.25,4.4126674e-07,2.1601227e-06
-28.91149236871774,118.125,7.455828e-07,3.4536563e-06
-28.91149236871774,120.0,9.648392e-07,3.8873186e-06
-28.91149236871774,121.875,9.927817e-07,3.5748649e-06
-28.91149236871774,123.75,9.216089e-07,2.558611e-06
-28.91149236871774,125.625,9.1459805e-07,2.0605835e-06
-28.91149236871774,127.5,1.5106293e-06,3.525854e-06
-28.91149236871774,129.375,1.755385e-06,3.9732026e-06
-28.91149236871774,131.25,1.7124845e-06,3.841033e-06
-28.91149236871774,133.125,1.9655372e-06,4.1568087e-06
-28.91149236871774,135.0,1.3948171e-06,2.7258923e-06
-28.91149236871774,136.875,1.1163014e-06,2.2666013e-06
-28.91149236871774,138.75,1.3765172e-06,2.7605763e-06
-28.91149236871774,140.625,2.7321098e-06,4.9916503e-06
-28.91149236871774,142.5,3.879883e-06,6.0135003e-06
-28.91149236871774,144.375,5.457132e-06,7.6215956e-06
-28.91149236871774,146.25,7.8156245e-06,1.16346855e-05
-28.91149236871774,148.125,1.0342649e-05,1.36849185e-05
-28.91149236871774,150.0,1.6097107e-05,1.728563e-05
-28.91149236871774,151.875,1.8679382e-05,1.766329e-05
-28.91149236871774,153.75,2.501496e-05,2.112857e-05
-28.91149236871774,155.625,1.40263965e-05,1.3847969e-05
-28.91149236871774,157.5,1.1056411e-05,9.8162245e-06
-28.91149236871774,159.375,1.2235917e-05,1.0636177e-05
-28.91149236871774,161.25,1.3240928e-05,1.2135722e-05
-28.91149236871774,163.125,1.28897755e-05,1.32217665e-05
-28.91149236871774,165.0,1.28950105e-05,1.2589766e-05
-28.91149236871774,166.875,1.2974808e-05,1.2168486e-05
-28.91149236871774,168.75,1.2075363e-05,1.1508362e-05
-28.91149236871774,170.625,1.2139033e-05,1.2412043e-05
-28.91149236871774,172.5,1.3448956e-05,1.4173204e-05
-28.91149236871774,174.375,1.5157049e-05,1.5327736e-05
-28.91149236871774,176.25,1.534936e-05,1.5176639e-05
-28.91149236871774,178.125,1.5604906e-05,1.544856e-05
-28.91149236871774,180.0,1.7556878e-05,1.612771e-05
-28.91149236871774,181.875,1.7712016e-05,1.4638682e-05
-28.91149236871774,183.75,1.6929444e-05,1.2397783e-05
-28.91149236871774,185.625,1.8506089e-05,1.4130248e-05
-28.91149236871774,187.5,2.082095e-05,1.6531729e-05
-28.91149236871774,189.375,2.1780648e-05,1.8096367e-05
-28.91149236871774,191.25,2.1953794e-05,1.640454e-05
-28.91149236871774,193.125,2.4187788e-05,1.7250812e-05
-28.91149236871774,195.0,2.6027923e-05,1.868122e-05
-28.91149236871774,196.875,2.5697145e-05,1.8379314e-05
-28.91149236871774,198.75,2.4777037e-05,1.7217895e-05
-28.91149236871774,200.625,2.5779866e-05,1.6190115e-05
-28.91149236871774,202.5,2.566726e-05,1.638061e-05
-28.91149236871774,204.375,2.4357661e-05,1.5683803e-05
-28.91149236871774,206.25,2.4577941e-05,1.43931975e-05
-28.91149236871774,208.125,2.5751402e-05,1.4662015e-05
-28.91149236871774,210.0,2.6131365e-05,1.4056698e-05
-28.91149236871774,211.875,2.7559057e-05,1.576045e-05
-28.91149236871774,213.75,2.8345175e-05,1.7995126e-05
-28.91149236871774,215.625,2.8684959e-05,1.7538925e-05
-28.91149236871774,217.5,3.100445e-05,1.7472083e-05
-28.91149236871774,219.375,3.269736e-05,1.9896479e-05
-28.91149236871774,221.25,3.3103282e-05,1.916281e-05
-28.91149236871774,223.125,3.3039632e-05,1.9315205e-05
-28.91149236871774,225.0,3.2930275e-05,1.9356905e-05
-28.91149236871774,226.875,3.3006534e-05,1.8707375e-05
-28.91149236871774,228.75,3.4398752e-05,1.9081524e-05
-28.91149236871774,230.625,3.5482044e-05,1.9992167e-05
-28.91149236871774,232.5,3.6667232e-05,2.1014732e-05
-28.91149236871774,234.375,3.3464614e-05,2.0924614e-05
-28.91149236871774,236.25,3.022609e-05,1.964493e-05
-28.91149236871774,238.125,2.8282735e-05,2.0612151e-05
-28.91149236871774,240.0,2.7440312e-05,2.1213458e-05
-28.91149236871774,241.875,2.4806115e-05,1.802439e-05
-28.91149236871774,243.75,2.1335436e-05,1.6320286e-05
-28.91149236871774,245.625,1.863664e-05,1.622702e-05
-28.91149236871774,247.5,1.5970065e-05,1.24871485e-05
-28.91149236871774,249.375,1.3189401e-05,1.0153829e-05
-28.91149236871774,251.25,1.118982e-05,9.196031e-06
-28.91149236871774,253.125,9.863326e-06,9.157175e-06
-28.91149236871774,255.0,8.916368e-06,8.25014e-06
-28.91149236871774,256.875,7.458114e-06,7.561079e-06
-28.91149236871774,258.75,6.586259e-06,6.953379e-06
-28.91149236871774,260.625,6.5879776e-06,6.170439e-06
-28.91149236871774,262.5,5.58777e-06,5.514632e-06
-28.91149236871774,264.375,3.8647077e-06,4.2094816e-06
-28.91149236871774,266.25,3.753543e-06,3.840929e-06
-28.91149236871774,268.125,4.6037744e-06,3.2081364e-06
-28.91149236871774,270.0,4.11411e-06,2.7186704e-06
-28.91149236871774,271.875,1.9473391e-06,1.6365225e-06
-28.91149236871774,273.75,1.7597689e-06,1.0913784e-06
-28.91149236871774,275.625,3.6609085e-06,1.2499045e-06
-28.91149236871774,277.5,4.325574e-06,1.2988357e-06
-28.91149236871774,279.375,2.2309837e-06,9.97824e-07
-28.91149236871774,281.25,2.0018942e-06,1.0494847e-06
-28.91149236871774,283.125,3.7819484e-06,1.1920145e-06
-28.91149236871774,285.0,3.8379894e-06,1.0455199e-06
-28.91149236871774,286.875,2.2886293e-06,1.2755249e-06
-28.91149236871774,288.75,5.963418e-08,2.2720849e-07
-28.91149236871774,290.625,1.1959244e-07,4.4236245e-07
-28.91149236871774,292.5,8.223508e-06,8.424349e-06
-28.91149236871774,294.375,5.858515e-05,3.2429736e-05
-28.91149236871774,296.25,6.154917e-06,5.926778e-06
-28.91149236871774,298.125,2.0208734e-05,1.1626137e-05
-28.91149236871774,300.0,6.208259e-05,2.135522e-05
-28.91149236871774,301.875,4.460804e-05,1.7772063e-05
-28.91149236871774,303.75,5.4467233e-05,2.3515437e-05
-28.91149236871774,305.625,6.957829e-05,2.6699247e-05
-28.91149236871774,307.5,6.791395e-05,2.282193e-05
-28.91149236871774,309.375,5.5259374e-05,1.9853436e-05
-28.91149236871774,311.25,3.1556534e-05,1.3960637e-05
-28.91149236871774,313.125,3.244412e-05,1.3674134e-05
-28.91149236871774,315.0,2.32127e-05,1.1729636e-05
-28.91149236871774,316.875,2.4310979e-05,1.2478587e-05
-28.91149236871774,318.75,3.5307305e-05,1.574612e-05
-28.91149236871774,320.625,3.7601967e-05,1.8159402e-05
-28.91149236871774,322.5,3.5735346e-05,1.8540113e-05
-28.91149236871774,324.375,4.265937e-05,1.9841898e-05
-28.91149236871774,326.25,4.144854e-05,1.9240984e-05
-28.91149236871774,328.125,3.299797e-05,1.7198548e-05
-28.91149236871774,330.0,3.2102093e-05,1.5412565e-05
-28.91149236871774,331.875,3.3559125e-05,1.6532182e-05
-28.91149236871774,333.75,2.7488046e-05,1.7165004e-05
-28.91149236871774,335.625,2.2288661e-05,1.5592655e-05
-28.91149236871774,337.5,2.1897342e-05,1.45247295e-05
-28.91149236871774,339.375,1.8742368e-05,1.331367e-05
-28.91149236871774,341.25,1.1934673e-05,8.95109e-06
-28.91149236871774,343.125,1.07858e-05,7.723246e-06
-28.91149236871774,345.0,1.004084e-05,6.708746e-06
-28.91149236871774,346.875,6.9993425e-06,5.9313506e-06
-28.91149236871774,348.75,5.4416946e-06,6.732661e-06
-28.91149236871774,350.625,6.0479197e-06,7.3309775e-06
-28.91149236871774,352.5,5.343812e-06,5.449166e-06
-28.91149236871774,354.375,3.3238757e-06,3.7614966e-06
-28.91149236871774,356.25,3.1964585e-06,2.93351e-06
-28.91149236871774,358.125,3.646251e-06,2.463852e-06
-27.04623949994481,0.0,1.9870492e-06,1.0957409e-06
-27.04623949994481,1.875,1.9251775e-06,1.6273632e-06
-27.04623949994481,3.75,3.0913534e-06,1.75203e-06
-27.04623949994481,5.625,2.6705954e-06,1.1601556e-06
-27.04623949994481,7.5,1.5636272e-06,7.042447e-07
-27.04623949994481,9.375,2.0203142e-06,9.273833e-07
-27.04623949994481,11.25,4.340739e-06,1.3997876e-06
-27.04623949994481,13.125,3.8132962e-06,1.5191995e-06
-27.04623949994481,15.0,1.2910733e-06,7.8196024e-07
-27.04623949994481,16.875,4.6199625e-07,1.3709423e-06
-27.04623949994481,18.75,2.1250535e-06,4.5117877e-06
-27.04623949994481,20.625,8.2074785e-06,9.227757e-06
-27.04623949994481,22.5,1.3473708e-05,1.1677433e-05
-27.04623949994481,24.375,1.7349159e-05,1.5550137e-05
-27.04623949994481,26.25,3.064509e-05,1.8112882e-05
-27.04623949994481,28.125,5.3702723e-05,1.7053067e-05
-27.04623949994481,30.0,6.1811246e-05,1.4224572e-05
-27.04623949994481,31.875,6.210232e-05,1.7679555e-05
-27.04623949994481,33.75,3.333165e-05,1.39838985e-05
-27.04623949994481,35.625,2.6240357e-05,1.4119264e-05
-27.04623949994481,37.5,2.3377863e-05,1.3358842e-05
-27.04623949994481,39.375,1.5639485e-05,1.03404145e-05
-27.04623949994481,41.25,1.6191485e-05,1.2550329e-05
-27.04623949994481,43.125,2.0932583e-05,1.4994683e-05
-27.04623949994481,45.0,2.3904107e-05,1.5319943e-05
-27.04623949994481,46.875,2.5493615e-05,1.8764793e-05
-27.04623949994481,48.75,3.2064057e-05,1.986132e-05
-27.04623949994481,50.625,2.9146724e-05,1.7917358e-05
-27.04623949994481,52.5,2.567973e-05,1.6115848e-05
-27.04623949994481,54.375,2.2631115e-05,1.5686146e-05
-27.04623949994481,56.25,2.0748386e-05,1.6557562e-05
-27.04623949994481,58.125,1.8209865e-05,1.4506838e-05
-27.04623949994481,60.0,1.4626768e-05,1.1427992e-05
-27.04623949994481,61.875,1.2479419e-05,9.59599e-06
-27.04623949994481,63.75,1.1817968e-05,9.788951e-06
-27.04623949994481,65.625,1.0790636e-05,9.218283e-06
-27.04623949994481,67.5,9.466065e-06,8.306665e-06
-27.04623949994481,69.375,8.304981e-06,7.1479994e-06
-27.04623949994481,71.25,7.047809e-06,6.0951484e-06
-27.04623949994481,73.125,6.6215784e-06,7.0539895e-06
-27.04623949994481,75.0,5.7691373e-06,6.161722e-06
-27.04623949994481,76.875,5.518728e-06,5.8331625e-06
-27.04623949994481,78.75,5.309065e-06,6.327193e-06
-27.04623949994481,80.625,4.688944e-06,5.1435745e-06
-27.04623949994481,82.5,4.23931e-06,3.6584165e-06
-27.04623949994481,84.375,4.3098285e-06,3.438081e-06
-27.04623949994481,86.25,3.968318e-06,2.8328657e-06
-27.04623949994481,88.125,3.58586e-06,2.8424201e-06
-27.04623949994481,90.0,3.6601552e-06,2.866071e-06
-27.04623949994481,91.875,3.6597019e-06,3.01766e-06
-27.04623949994481,93.75,3.2705193e-06,2.4132246e-06
-27.04623949994481,95.625,3.3140363e-06,2.5129716e-06
-27.04623949994481,97.5,3.6089523e-06,2.3489938e-06
-27.04623949994481,99.375,3.5963708e-06,2.717588e-06
-27.04623949994481,101.25,3.2255118e-06,2.4008898e-06
-27.04623949994481,103.125,3.3889758e-06,3.2692194e-06
-27.04623949994481,105.0,2.9776697e-06,3.0974745e-06
-27.04623949994481,106.875,2.0432558e-06,1.1056611e-06
-27.04623949994481,108.75,1.6812188e-06,6.9705766e-07
-27.04623949994481,110.625,1.5720653e-06,8.8581714e-07
-27.04623949994481,112.5,9.2103903e-07,1.04953e-06
-27.04623949994481,114.375,2.6072186e-07,1.7437053e-06
-27.04623949994481,116.25,4.2670595e-07,2.4195033e-06
-27.04623949994481,118.125,8.93371e-07,3.8108776e-06
-27.04623949994481,120.0,1.0891719e-06,3.769693e-06
-27.04623949994481,121.875,1.1169238e-06,4.3025066e-06
-27.04623949994481,123.75,1.4980964e-06,4.4403596e-06
-27.04623949994481,125.625,2.1007543e-06,4.9415307e-06
-27.04623949994481,127.5,2.6918187e-06,5.631411e-06
-27.04623949994481,129.375,2.7489307e-06,5.4032494e-06
-27.04623949994481,131.25,2.5968807e-06,5.259805e-06
-27.04623949994481,133.125,2.308292e-06,3.9697607e-06
-27.04623949994481,135.0,1.6063656e-06,3.548643e-06
-27.04623949994481,136.875,9.910889e-07,2.3360092e-06
-27.04623949994481,138.75,1.5043197e-06,3.858868e-06
-27.04623949994481,140.625,2.353321e-06,5.852757e-06
-27.04623949994481,142.5,4.8694797e-06,8.152018e-06
-27.04623949994481,144.375,6.9471525e-06,1.039374e-05
-27.04623949994481,146.25,9.87807e-06,1.2319593e-05
-27.04623949994481,148.125,1.1146362e-05,1.2915885e-05
-27.04623949994481,150.0,1.3827815e-05,1.5384634e-05
-27.04623949994481,151.875,1.743584e-05,1.7229651e-05
-27.04623949994481,153.75,1.7829454e-05,1.6968404e-05
-27.04623949994481,155.625,1.0430315e-05,1.1972799e-05
-27.04623949994481,157.5,8.455913e-06,9.270489e-06
-27.04623949994481,159.375,1.0439776e-05,1.0545282e-05
-27.04623949994481,161.25,1.35865575e-05,1.3638478e-05
-27.04623949994481,163.125,1.2684616e-05,1.39909125e-05
-27.04623949994481,165.0,1.16872725e-05,1.1993908e-05
-27.04623949994481,166.875,1.2554448e-05,1.1475543e-05
-27.04623949994481,168.75,1.2828403e-05,1.135802e-05
-27.04623949994481,170.625,1.2807415e-05,1.244779e-05
-27.04623949994481,172.5,1.3292124e-05,1.3031311e-05
-27.04623949994481,174.375,1.5622643e-05,1.5269597e-05
-27.04623949994481,176.25,1.7175586e-05,1.6724218e-05
-27.04623949994481,178.125,1.6009983e-05,1.5204277e-05
-27.04623949994481,180.0,1.6594317e-05,1.4941035e-05
-27.04623949994481,181.875,1.7848779e-05,1.4965782e-05
-27.04623949994481,183.75,1.7968154e-05,1.30774815e-05
-27.04623949994481,185.625,1.8879899e-05,1.4150881e-05
-27.04623949994481,187.5,1.9988409e-05,1.5671327e-05
-27.04623949994481,189.375,2.0921729e-05,1.6553413e-05
-27.04623949994481,191.25,2.1501733e-05,1.5696418e-05
-27.04623949994481,193.125,2.2686589e-05,1.6264112e-05
-27.04623949994481,195.0,2.385424e-05,1.7321294e-05
-27.04623949994481,196.875,2.3237048e-05,1.7404363e-05
-27.04623949994481,198.75,2.2732269e-05,1.6548387e-05
-27.04623949994481,200.625,2.299561e-05,1.5456635e-05
-27.04623949994481,202.5,2.3003211e-05,1.4048148e-05
-27.04623949994481,204.375,2.26211e-05,1.2975061e-05
-27.04623949994481,206.25,2.4205905e-05,1.3537569e-05
-27.04623949994481,208.125,2.5641366e-05,1.6242044e-05
-27.04623949994481,210.0,2.5176536e-05,1.543027e-05
-27.04623949994481,211.875,2.6006024e-05,1.7333046e-05
-27.04623949994481,213.75,2.7271062e-05,1.7206594e-05
-27.04623949994481,215.625,2.6877839e-05,1.50751175e-05
-27.04623949994481,217.5,2.8141694e-05,1.6100277e-05
-27.04623949994481,219.375,3.0587064e-05,1.8860175e-05
-27.04623949994481,221.25,3.130287e-05,1.8770748e-05
-27.04623949994481,223.125,3.3056334e-05,1.8898698e-05
-27.04623949994481,225.0,3.420492e-05,1.8854367e-05
-27.04623949994481,226.875,3.323549e-05,1.9309311e-05
-27.04623949994481,228.75,3.2652337e-05,1.9104305e-05
-27.04623949994481,230.625,3.4865596e-05,2.0417483e-05
-27.04623949994481,232.5,3.4697747e-05,1.9702404e-05
-27.04623949994481,234.375,3.2103526e-05,1.9358165e-05
-27.04623949994481,236.25,2.8958717e-05,1.9946172e-05
-27.04623949994481,238.125,2.7320571e-05,2.1541306e-05
-27.04623949994481,240.0,2.4213829e-05,2.0523852e-05
-27.04623949994481,241.875,2.1708584e-05,1.8380551e-05
-27.04623949994481,243.75,1.9888832e-05,1.5800986e-05
-27.04623949994481,245.625,1.627251e-05,1.4422561e-05
-27.04623949994481,247.5,1.1765291e-05,1.09672765e-05
-27.04623949994481,249.375,1.0566685e-05,8.718898e-06
-27.04623949994481,251.25,9.662967e-06,7.5692783e-06
-27.04623949994481,253.125,6.970954e-06,6.5020176e-06
-27.04623949994481,255.0,5.7838347e-06,6.4589926e-06
-27.04623949994481,256.875,5.99307e-06,6.486379e-06
-27.04623949994481,258.75,5.979702e-06,7.2554126e-06
-27.04623949994481,260.625,4.095708e-06,5.1742068e-06
-27.04623949994481,262.5,3.3873612e-06,4.332324e-06
-27.04623949994481,264.375,4.1468684e-06,3.832189e-06
-27.04623949994481,266.25,4.434141e-06,3.5370476e-06
-27.04623949994481,268.125,3.0238857e-06,2.2075437e-06
-27.04623949994481,270.0,2.2783056e-06,1.3512883e-06
-27.04623949994481,271.875,2.4652154e-06,1.154592e-06
-27.04623949994481,273.75,2.4952296e-06,9.363064e-07
-27.04623949994481,275.625,3.0206581e-06,1.0130136e-06
-27.04623949994481,277.5,3.0210201e-06,1.2221551e-06
-27.04623949994481,279.375,2.6604923e-06,1.3532243e-06
-27.04623949994481,281.25,2.9403454e-06,1.356285e-06
-27.04623949994481,283.125,4.205295e-06,1.5050381e-06
-27.04623949994481,285.0,4.4741846e-06,1.4397128e-06
-27.04623949994481,286.875,4.35052e-06,1.7983209e-06
-27.04623949994481,288.75,7.804054e-07,4.961213e-07
-27.04623949994481,290.625,2.1995511e-07,1.0099172e-06
-27.04623949994481,292.5,2.8218667e-06,4.129736e-06
-27.04623949994481,294.375,0.00010889379,3.404813e-05
-27.04623949994481,296.25,2.9893527e-05,1.6698747e-05
-27.04623949994481,298.125,1.3650834e-05,9.712299e-06
-27.04623949994481,300.0,6.986402e-05,2.3405233e-05
-27.04623949994481,301.875,6.0389662e-05,2.1335822e-05
-27.04623949994481,303.75,6.314563e-05,2.5309097e-05
-27.04623949994481,305.625,8.147176e-05,3.0955576e-05
-27.04623949994481,307.5,7.497815e-05,2.4146764e-05
-27.04623949994481,309.375,6.0655944e-05,1.9628267e-05
-27.04623949994481,311.25,6.653776e-05,1.9216805e-05
-27.04623949994481,313.125,3.197196e-05,1.4848059e-05
-27.04623949994481,315.0,1.9846717e-05,1.059731e-05
-27.04623949994481,316.875,2.2732405e-05,1.2576272e-05
-27.04623949994481,318.75,3.5357636e-05,1.6659955e-05
-27.04623949994481,320.625,3.562957e-05,1.7261149e-05
-27.04623949994481,322.5,3.3549662e-05,1.6887241e-05
-27.04623949994481,324.375,4.0052106e-05,1.8622886e-05
-27.04623949994481,326.25,3.893312e-05,1.9989888e-05
-27.04623949994481,328.125,2.9438464e-05,1.6888738e-05
-27.04623949994481,330.0,2.9503839e-05,1.718542e-05
-27.04623949994481,331.875,3.03768e-05,1.8785613e-05
-27.04623949994481,333.75,2.3880239e-05,1.6661983e-05
-27.04623949994481,335.625,1.922674e-05,1.4215042e-05
-27.04623949994481,337.5,1.9206434e-05,1.4628312e-05
-27.04623949994481,339.375,1.5799294e-05,1.4209809e-05
-27.04623949994481,341.25,1.0513166e-05,1.12794505e-05
-27.04623949994481,343.125,8.950944e-06,7.758734e-06
-27.04623949994481,345.0,8.171425e-06,6.7352526e-06
-27.04623949994481,346.875,5.53322e-06,7.260448e-06
-27.04623949994481,348.75,4.365118e-06,7.109526e-06
-27.04623949994481,350.625,4.7389303e-06,4.8021043e-06
-27.04623949994481,352.5,3.6768079e-06,3.1246395e-06
-27.04623949994481,354.375,2.274387e-06,1.6520316e-06
-27.04623949994481,356.25,2.910631e-06,1.6322372e-06
-27.04623949994481,358.125,3.1835425e-06,1.3371227e-06
-25.180985581270594,0.0,1.7720984e-06,7.437176e-07
-25.180985581270594,1.875,2.3695536e-06,1.141274e-06
-25.180985581270594,3.75,3.4778827e-06,1.4461701e-06
-25.180985581270594,5.625,2.5279278e-06,1.0317576e-06
-25.180985581270594,7.5,1.6800024e-06,8.0055594e-07
-25.180985581270594,9.375,3.3234517e-06,1.1656888e-06
-25.180985581270594,11.25,5.655035e-06,1.830808e-06
-25.180985581270594,13.125,2.270443e-06,1.1415481e-06
-25.180985581270594,15.0,3.499008e-07,4.2595698e-07
-25.180985581270594,16.875,1.946209e-06,5.1070597e-06
-25.180985581270594,18.75,5.47238e-06,7.665609e-06
-25.180985581270594,20.625,1.7585751e-05,1.5506785e-05
-25.180985581270594,22.5,1.5244153e-05,1.20674995e-05
-25.180985581270594,24.375,1.9805888e-05,1.6064789e-05
-25.180985581270594,26.25,3.036871e-05,1.8879406e-05
-25.180985581270594,28.125,3.93066e-05,1.6129148e-05
-25.180985581270594,30.0,5.565595e-05,1.7099206e-05
-25.180985581270594,31.875,5.2048457e-05,1.934067e-05
-25.180985581270594,33.75,2.9399624e-05,1.5353497e-05
-25.180985581270594,35.625,3.22349e-05,1.8880512e-05
-25.180985581270594,37.5,3.5926605e-05,2.256413e-05
-25.180985581270594,39.375,2.0202351e-05,1.4578028e-05
-25.180985581270594,41.25,1.7123466e-05,1.2786019e-05
-25.180985581270594,43.125,2.4990179e-05,1.8036499e-05
-25.180985581270594,45.0,3.75521e-05,2.045651e-05
-25.180985581270594,46.875,3.6063255e-05,2.1173755e-05
-25.180985581270594,48.75,2.7067112e-05,1.7740469e-05
-25.180985581270594,50.625,2.6198793e-05,1.9125064e-05
-25.180985581270594,52.5,2.318111e-05,1.678716e-05
-25.180985581270594,54.375,2.0316587e-05,1.6899332e-05
-25.180985581270594,56.25,1.7555496e-05,1.6517644e-05
-25.180985581270594,58.125,1.4234693e-05,1.3123357e-05
-25.180985581270594,60.0,1.2976932e-05,1.1383629e-05
-25.180985581270594,61.875,1.1294087e-05,1.0733469e-05
-25.180985581270594,63.75,1.0083101e-05,9.508945e-06
-25.180985581270594,65.625,9.866217e-06,1.0166964e-05
-25.180985581270594,67.5,8.55671e-06,8.711081e-06
-25.180985581270594,69.375,6.4699993e-06,6.2961253e-06
-25.180985581270594,71.25,5.9183135e-06,7.2418143e-06
-25.180985581270594,73.125,5.8658234e-06,7.16685e-06
-25.180985581270594,75.0,5.2329765e-06,5.447999e-06
-25.180985581270594,76.875,4.250586e-06,4.6957075e-06
-25.180985581270594,78.75,4.065391e-06,4.6138307e-06
-25.180985581270594,80.625,3.961509e-06,3.6910744e-06
-25.180985581270594,82.5,3.6166193e-06,3.4141608e-06
-25.180985581270594,84.375,3.503034e-06,3.3794793e-06
-25.180985581270594,86.25,3.3102967e-06,3.0049312e-06
-25.180985581270594,88.125,3.5565388e-06,3.3791039e-06
-25.180985581270594,90.0,3.7464458e-06,3.697971e-06
-25.180985581270594,91.875,3.6194092e-06,3.457077e-06
-25.180985581270594,93.75,3.309431e-06,2.6322523e-06
-25.180985581270594,95.625,3.2189282e-06,2.2618206e-06
-25.180985581270594,97.5,3.4320099e-06,2.2574948e-06
-25.180985581270594,99.375,3.3078206e-06,2.334075e-06
-25.180985581270594,101.25,2.8379216e-06,1.5849711e-06
-25.180985581270594,103.125,2.9181765e-06,2.5153554e-06
-25.180985581270594,105.0,2.6268872e-06,1.6949891e-06
-25.180985581270594,106.875,2.1960668e-06,1.2519041e-06
-25.180985581270594,108.75,1.7632063e-06,8.755958e-07
-25.180985581270594,110.625,1.2119765e-06,7.003499e-07
-25.180985581270594,112.5,5.299992e-07,5.623705e-07
-25.180985581270594,114.375,2.8969794e-07,2.1044386e-06
-25.180985581270594,116.25,6.5765096e-07,2.881222e-06
-25.180985581270594,118.125,1.2987243e-06,4.435245e-06
-25.180985581270594,120.0,1.6462495e-06,4.989411e-06
-25.180985581270594,121.875,1.6991106e-06,5.3635113e-06
-25.180985581270594,123.75,2.0468754e-06,5.817518e-06
-25.180985581270594,125.625,2.8488191e-06,6.2903696e-06
-25.180985581270594,127.5,3.5771593e-06,6.541582e-06
-25.180985581270594,129.375,4.0324685e-06,7.135388e-06
-25.180985581270594,131.25,3.247623e-06,5.4955476e-06
-25.180985581270594,133.125,2.375813e-06,3.9226525e-06
-25.180985581270594,135.0,1.8991337e-06,3.44272e-06
-25.180985581270594,136.875,2.1272517e-06,3.8832563e-06
-25.180985581270594,138.75,3.3432775e-06,6.9895004e-06
-25.180985581270594,140.625,3.0624387e-06,6.4018545e-06
-25.180985581270594,142.5,4.592703e-06,8.646499e-06
-25.180985581270594,144.375,6.9988773e-06,1.064737e-05
-25.180985581270594,146.25,1.0556192e-05,1.2430483e-05
-25.180985581270594,148.125,1.1840358e-05,1.133811e-05
-25.180985581270594,150.0,1.2417553e-05,1.2345177e-05
-25.180985581270594,151.875,9.93243e-06,1.0223545e-05
-25.180985581270594,153.75,1.26230425e-05,1.2106971e-05
-25.180985581270594,155.625,9.323993e-06,1.0017346e-05
-25.180985581270594,157.5,7.612369e-06,8.377615e-06
-25.180985581270594,159.375,9.629137e-06,1.0093726e-05
-25.180985581270594,161.25,1.3187365e-05,1.3813646e-05
-25.180985581270594,163.125,1.34462425e-05,1.6069542e-05
-25.180985581270594,165.0,1.1431922e-05,1.2647048e-05
-25.180985581270594,166.875,1.1611435e-05,1.15212815e-05
-25.180985581270594,168.75,1.3626825e-05,1.366906e-05
-25.180985581270594,170.625,1.3247395e-05,1.3484729e-05
-25.180985581270594,172.5,1.3456633e-05,1.3902278e-05
-25.180985581270594,174.375,1.5463489e-05,1.4931676e-05
-25.180985581270594,176.25,1.793917e-05,1.6947077e-05
-25.180985581270594,178.125,1.7538834e-05,1.6134329e-05
-25.180985581270594,180.0,1.7394013e-05,1.5707343e-05
-25.180985581270594,181.875,1.8106257e-05,1.50746055e-05
-25.180985581270594,183.75,1.7818365e-05,1.3803244e-05
-25.180985581270594,185.625,1.6058986e-05,1.2427957e-05
-25.180985581270594,187.5,1.7010092e-05,1.3945082e-05
-25.180985581270594,189.375,1.9225094e-05,1.5033221e-05
-25.180985581270594,191.25,2.028056e-05,1.4683265e-05
-25.180985581270594,193.125,2.1833104e-05,1.5558066e-05
-25.180985581270594,195.0,2.1785088e-05,1.4981432e-05
-25.180985581270594,196.875,2.10781e-05,1.6175509e-05
-25.180985581270594,198.75,2.097588e-05,1.6029742e-05
-25.180985581270594,200.625,2.2213077e-05,1.52151415e-05
-25.180985581270594,202.5,2.1227588e-05,1.3298347e-05
-25.180985581270594,204.375,2.1546814e-05,1.29044365e-05
-25.180985581270594,206.25,2.3733075e-05,1.4429016e-05
-25.180985581270594,208.125,2.359938e-05,1.5954796e-05
-25.180985581270594,210.0,2.3216622e-05,1.6563265e-05
-25.180985581270594,211.875,2.434472e-05,1.6702435e-05
-25.180985581270594,213.75,2.6419484e-05,1.6116404e-05
-25.180985581270594,215.625,2.7603146e-05,1.6285894e-05
-25.180985581270594,217.5,2.984173e-05,1.840704e-05
-25.180985581270594,219.375,3.060946e-05,1.800629e-05
-25.180985581270594,221.25,3.0095376e-05,1.7428296e-05
-25.180985581270594,223.125,3.2660373e-05,1.7112787e-05
-25.180985581270594,225.0,3.4827666e-05,1.8651941e-05
-25.180985581270594,226.875,3.2839784e-05,1.8451561e-05
-25.180985581270594,228.75,3.2173273e-05,1.8404018e-05
-25.180985581270594,230.625,3.4981138e-05,1.9533329e-05
-25.180985581270594,232.5,3.2792348e-05,1.9189767e-05
-25.180985581270594,234.375,2.7264468e-05,1.9264735e-05
-25.180985581270594,236.25,2.8158856e-05,2.261478e-05
-25.180985581270594,238.125,2.6736921e-05,2.3796056e-05
-25.180985581270594,240.0,2.0000483e-05,1.9374407e-05
-25.180985581270594,241.875,1.678091e-05,1.5976182e-05
-25.180985581270594,243.75,1.8005336e-05,1.4204861e-05
-25.180985581270594,245.625,1.4883735e-05,1.4748855e-05
-25.180985581270594,247.5,9.9046665e-06,1.1573938e-05
-25.180985581270594,249.375,8.247009e-06,8.7897115e-06
-25.180985581270594,251.25,6.992428e-06,6.108123e-06
-25.180985581270594,253.125,4.498565e-06,4.3897467e-06
-25.180985581270594,255.0,3.8376984e-06,3.9651122e-06
-25.180985581270594,256.875,5.095906e-06,4.305157e-06
-25.180985581270594,258.75,4.7935614e-06,4.751572e-06
-25.180985581270594,260.625,2.4378119e-06,3.0477045e-06
-25.180985581270594,262.5,2.419828e-06,3.4941033e-06
-25.180985581270594,264.375,4.488104e-06,3.610395e-06
-25.180985581270594,266.25,3.624513e-06,2.7317303e-06
-25.180985581270594,268.125,1.6248633e-06,1.0745583e-06
-25.180985581270594,270.0,1.7777285e-06,8.7951304e-07
-25.180985581270594,271.875,3.6894087e-06,1.1191026e-06
-25.180985581270594,273.75,3.1847785e-06,1.2860463e-06
-25.180985581270594,275.625,2.8528884e-06,1.4689517e-06
-25.180985581270594,277.5,2.809621e-06,1.6274711e-06
-25.180985581270594,279.375,3.882253e-06,1.6595136e-06
-25.180985581270594,281.25,4.4424805e-06,1.6560455e-06
-25.180985581270594,283.125,4.4039734e-06,1.7591542e-06
-25.180985581270594,285.0,6.1579062e-06,1.8657414e-06
-25.180985581270594,286.875,7.584576e-06,3.0151061e-06
-25.180985581270594,288.75,6.668528e-06,3.1723503e-06
-25.180985581270594,290.625,9.285737e-08,2.8654853e-07
-25.180985581270594,292.5,1.7019679e-06,3.8876983e-06
-25.180985581270594,294.375,7.104666e-05,2.3838555e-05
-25.180985581270594,296.25,7.5105076e-05,2.574504e-05
-25.180985581270594,298.125,8.1486805e-06,7.4821846e-06
-25.180985581270594,300.0,6.340186e-05,2.1565791e-05
-25.180985581270594,301.875,8.117754e-05,2.4228642e-05
-25.180985581270594,303.75,6.924301e-05,2.732322e-05
-25.180985581270594,305.625,8.813126e-05,3.223332e-05
-25.180985581270594,307.5,8.184962e-05,2.6487738e-05
-25.180985581270594,309.375,6.0918996e-05,1.9854577e-05
-25.180985581270594,311.25,6.8771355e-05,1.915235e-05
-25.180985581270594,313.125,7.589709e-05,2.1222382e-05
-25.180985581270594,315.0,2.4607712e-05,1.3523679e-05
-25.180985581270594,316.875,2.4189718e-05,1.3903378e-05
-25.180985581270594,318.75,3.803531e-05,2.1348364e-05
-25.180985581270594,320.625,4.1239768e-05,2.2854454e-05
-25.180985581270594,322.5,3.646361e-05,1.9698819e-05
-25.180985581270594,324.375,3.981311e-05,2.1605041e-05
-25.180985581270594,326.25,3.9131533e-05,2.350081e-05
-25.180985581270594,328.125,2.9776822e-05,1.9178164e-05
-25.180985581270594,330.0,2.985643e-05,2.0127334e-05
-25.180985581270594,331.875,2.9132367e-05,2.0109886e-05
-25.180985581270594,333.75,2.1629612e-05,1.7032777e-05
-25.180985581270594,335.625,1.5974645e-05,1.44403675e-05
-25.180985581270594,337.5,1.6778702e-05,1.5124863e-05
-25.180985581270594,339.375,1.38620935e-05,1.4292276e-05
-25.180985581270594,341.25,8.622628e-06,1.1482575e-05
-25.180985581270594,343.125,7.023935e-06,9.055809e-06
-25.180985581270594,345.0,6.5521563e-06,6.1012634e-06
-25.180985581270594,346.875,3.867167e-06,5.5719443e-06
-25.180985581270594,348.75,3.4219265e-06,4.8861084e-06
-25.180985581270594,350.625,3.6758254e-06,3.4861362e-06
-25.180985581270594,352.5,2.4840033e-06,2.3454954e-06
-25.180985581270594,354.375,1.8397882e-06,1.243432e-06
-25.180985581270594,356.25,2.8502045e-06,1.3052387e-06
-25.180985581270594,358.125,2.891351e-06,1.1081693e-06
-23.31573072614093,0.0,2.3418347e-06,9.930495e-07
-23.31573072614093,1.875,3.3139763e-06,1.3325824e-06
-23.31573072614093,3.75,3.6421716e-06,1.368302e-06
-23.31573072614093,5.625,2.6588284e-06,9.773399e-07
-23.31573072614093,7.5,2.315774e-06,9.621384e-07
-23.31573072614093,9.375,3.6618842e-06,1.2245179e-06
-23.31573072614093,11.25,5.2904593e-06,1.9994204e-06
-23.31573072614093,13.125,2.229467e-06,1.1748343e-06
-23.31573072614093,15.0,9.0198927e-07,3.5455384e-06
-23.31573072614093,16.875,4.379398e-06,8.3129735e-06
-23.31573072614093,18.75,1.504656e-05,1.4048611e-05
-23.31573072614093,20.625,2.0572195e-05,1.5918027e-05
-23.31573072614093,22.5,1.4901331e-05,1.287789e-05
-23.31573072614093,24.375,2.830765e-05,1.8372062e-05
-23.31573072614093,26.25,3.7635982e-05,2.0361085e-05
-23.31573072614093,28.125,3.4801353e-05,1.8842493e-05
-23.31573072614093,30.0,3.655806e-05,1.951485e-05
-23.31573072614093,31.875,3.827821e-05,2.0968764e-05
-23.31573072614093,33.75,2.733386e-05,1.9102554e-05
-23.31573072614093,35.625,3.3539516e-05,2.1025387e-05
-23.31573072614093,37.5,3.8611797e-05,2.3056113e-05
-23.31573072614093,39.375,2.4293617e-05,1.6526812e-05
-23.31573072614093,41.25,1.8961704e-05,1.4281373e-05
-23.31573072614093,43.125,3.5320656e-05,1.932796e-05
-23.31573072614093,45.0,3.708735e-05,2.1210015e-05
-23.31573072614093,46.875,4.0179788e-05,2.1870646e-05
-23.31573072614093,48.75,4.210593e-05,2.6163545e-05
-23.31573072614093,50.625,2.9060515e-05,2.4584786e-05
-23.31573072614093,52.5,2.4006094e-05,2.034022e-05
-23.31573072614093,54.375,1.983678e-05,1.780972e-05
-23.31573072614093,56.25,1.4382971e-05,1.3640987e-05
-23.31573072614093,58.125,1.2235297e-05,1.2298375e-05
-23.31573072614093,60.0,1.2418152e-05,1.1989269e-05
-23.31573072614093,61.875,1.116202e-05,1.1044205e-05
-23.31573072614093,63.75,9.339382e-06,9.942816e-06
-23.31573072614093,65.625,9.264363e-06,1.0756717e-05
-23.31573072614093,67.5,8.278868e-06,8.6742575e-06
-23.31573072614093,69.375,5.8604196e-06,6.485353e-06
-23.31573072614093,71.25,4.7881326e-06,5.87934e-06
-23.31573072614093,73.125,5.136535e-06,5.0602544e-06
-23.31573072614093,75.0,5.1601533e-06,4.79512e-06
-23.31573072614093,76.875,4.4474596e-06,4.013318e-06
-23.31573072614093,78.75,4.4493286e-06,4.017548e-06
-23.31573072614093,80.625,4.8298184e-06,3.195453e-06
-23.31573072614093,82.5,4.3861096e-06,3.4040827e-06
-23.31573072614093,84.375,3.642027e-06,2.9763116e-06
-23.31573072614093,86.25,3.6013478e-06,2.8670183e-06
-23.31573072614093,88.125,3.4769264e-06,2.8006077e-06
-23.31573072614093,90.0,3.2745156e-06,2.9177784e-06
-23.31573072614093,91.875,3.1763186e-06,2.8365446e-06
-23.31573072614093,93.75,3.243619e-06,3.042027e-06
-23.31573072614093,95.625,3.0457147e-06,3.054945e-06
-23.31573072614093,97.5,3.1988468e-06,2.214444e-06
-23.31573072614093,99.375,3.2663654e-06,2.1059702e-06
-23.31573072614093,101.25,2.8174916e-06,1.7328184e-06
-23.31573072614093,103.125,2.6767095e-06,1.7030287e-06
-23.31573072614093,105.0,2.4662163e-06,1.4638481e-06
-23.31573072614093,106.875,2.2651889e-06,1.1639813e-06
-23.31573072614093,108.75,1.763745e-06,9.3855124e-07
-23.31573072614093,110.625,9.747797e-07,6.286045e-07
-23.31573072614093,112.5,5.302219e-07,1.1674178e-06
-23.31573072614093,114.375,5.5973663e-07,2.3904129e-06
-23.31573072614093,116.25,1.0125186e-06,3.7006507e-06
-23.31573072614093,118.125,1.7638274e-06,6.426997e-06
-23.31573072614093,120.0,2.1244987e-06,6.7148385e-06
-23.31573072614093,121.875,2.3731347e-06,6.70433e-06
-23.31573072614093,123.75,2.8489083e-06,7.360918e-06
-23.31573072614093,125.625,3.362014e-06,6.9460284e-06
-23.31573072614093,127.5,3.1296938e-06,5.6965823e-06
-23.31573072614093,129.375,3.7319687e-06,6.2907743e-06
-23.31573072614093,131.25,5.0119666e-06,7.3972788e-06
-23.31573072614093,133.125,4.0657123e-06,6.1557544e-06
-23.31573072614093,135.0,2.5412967e-06,4.2134934e-06
-23.31573072614093,136.875,3.934071e-06,6.420203e-06
-23.31573072614093,138.75,4.8705974e-06,8.913387e-06
-23.31573072614093,140.625,4.5797588e-06,8.902798e-06
-23.31573072614093,142.5,4.6675095e-06,7.994949e-06
-23.31573072614093,144.375,7.4730265e-06,1.106408e-05
-23.31573072614093,146.25,1.0199254e-05,1.1999916e-05
-23.31573072614093,148.125,1.1368246e-05,1.2232148e-05
-23.31573072614093,150.0,8.919742e-06,1.0873704e-05
-23.31573072614093,151.875,7.5075263e-06,8.409526e-06
-23.31573072614093,153.75,8.083423e-06,9.685814e-06
-23.31573072614093,155.625,8.510984e-06,9.139532e-06
-23.31573072614093,157.5,7.911283e-06,8.550298e-06
-23.31573072614093,159.375,8.4737985e-06,9.66801e-06
-23.31573072614093,161.25,9.987187e-06,1.1497837e-05
-23.31573072614093,163.125,1.2042804e-05,1.3636223e-05
-23.31573072614093,165.0,1.1589852e-05,1.25663255e-05
-23.31573072614093,166.875,1.1784178e-05,1.2094114e-05
-23.31573072614093,168.75,1.2751115e-05,1.3087595e-05
-23.31573072614093,170.625,1.4242823e-05,1.4500988e-05
-23.31573072614093,172.5,1.3674015e-05,1.3431232e-05
-23.31573072614093,174.375,1.4703304e-05,1.4310585e-05
-23.31573072614093,176.25,1.7019873e-05,1.57275e-05
-23.31573072614093,178.125,1.8975945e-05,1.810848e-05
-23.31573072614093,180.0,1.7791148e-05,1.623305e-05
-23.31573072614093,181.875,1.801967e-05,1.7692868e-05
-23.31573072614093,183.75,1.7093877e-05,1.561145e-05
-23.31573072614093,185.625,1.7074124e-05,1.4904575e-05
-23.31573072614093,187.5,1.9956722e-05,1.6434764e-05
-23.31573072614093,189.375,2.2472068e-05,1.8080298e-05
-23.31573072614093,191.25,2.3051849e-05,1.692086e-05
-23.31573072614093,193.125,2.2938648e-05,1.6563752e-05
-23.31573072614093,195.0,2.373243e-05,1.6586175e-05
-23.31573072614093,196.875,2.314863e-05,1.651346e-05
-23.31573072614093,198.75,2.4209541e-05,1.7668937e-05
-23.31573072614093,200.625,2.7011185e-05,1.8776589e-05
-23.31573072614093,202.5,2.6120762e-05,1.6849484e-05
-23.31573072614093,204.375,2.6447568e-05,1.582436e-05
-23.31573072614093,206.25,2.7299155e-05,1.5829379e-05
-23.31573072614093,208.125,2.648067e-05,1.6716627e-05
-23.31573072614093,210.0,2.561038e-05,1.744661e-05
-23.31573072614093,211.875,2.8555667e-05,1.9014391e-05
-23.31573072614093,213.75,3.116051e-05,2.0701302e-05
-23.31573072614093,215.625,3.4385695e-05,2.260437e-05
-23.31573072614093,217.5,3.7026493e-05,2.3150385e-05
-23.31573072614093,219.375,3.911626e-05,2.2965398e-05
-23.31573072614093,221.25,3.7021968e-05,1.9895175e-05
-23.31573072614093,223.125,3.9633782e-05,2.1856502e-05
-23.31573072614093,225.0,4.2453878e-05,2.5858584e-05
-23.31573072614093,226.875,3.8658778e-05,2.339193e-05
-23.31573072614093,228.75,3.7825994e-05,2.2670854e-05
-23.31573072614093,230.625,4.0924097e-05,2.2492522e-05
-23.31573072614093,232.5,3.6287198e-05,2.2251685e-05
-23.31573072614093,234.375,2.893285e-05,2.2421744e-05
-23.31573072614093,236.25,2.9562632e-05,2.4458031e-05
-23.31573072614093,238.125,2.8100209e-05,2.3948456e-05
-23.31573072614093,240.0,2.0751984e-05,1.8969948e-05
-23.31573072614093,241.875,1.6488631e-05,1.4178147e-05
-23.31573072614093,243.75,1.5515941e-05,1.3216391e-05
-23.31573072614093,245.625,1.2396081e-05,1.3470948e-05
-23.31573072614093,247.5,9.013769e-06,1.177499e-05
-23.31573072614093,249.375,7.225434e-06,9.012701e-06
-23.31573072614093,251.25,4.9545138e-06,5.770317e-06
-23.31573072614093,253.125,3.6414433e-06,3.7144855e-06
-23.31573072614093,255.0,3.5360263e-06,2.8915783e-06
-23.31573072614093,256.875,3.9640327e-06,2.379097e-06
-23.31573072614093,258.75,3.1583172e-06,2.150505e-06
-23.31573072614093,260.625,2.214936e-06,2.4792764e-06
-23.31573072614093,262.5,2.2798145e-06,2.5247705e-06
-23.31573072614093,264.375,3.0193573e-06,2.0661012e-06
-23.31573072614093,266.25,2.324816e-06,1.4313397e-06
-23.31573072614093,268.125,1.5383138e-06,8.6756273e-07
-23.31573072614093,270.0,2.2565116e-06,9.180792e-07
-23.31573072614093,271.875,3.886553e-06,1.2605639e-06
-23.31573072614093,273.75,2.7213994e-06,1.2825911e-06
-23.31573072614093,275.625,2.8259244e-06,1.5218018e-06
-23.31573072614093,277.5,3.4107288e-06,1.6750465e-06
-23.31573072614093,279.375,5.5335804e-06,2.0169514e-06
-23.31573072614093,281.25,4.1035305e-06,1.5376422e-06
-23.31573072614093,283.125,3.255018e-06,1.6066944e-06
-23.31573072614093,285.0,6.6210523e-06,1.5932836e-06
-23.31573072614093,286.875,1.2089766e-05,3.6548925e-06
-23.31573072614093,288.75,8.810314e-06,3.5406727e-06
-23.31573072614093,290.625,1.8985737e-08,1.0771115e-07
-23.31573072614093,292.5,2.0535797e-06,4.602451e-06
-23.31573072614093,294.375,6.392222e-05,2.068578e-05
-23.31573072614093,296.25,0.000117670446,2.7486516e-05
-23.31573072614093,298.125,9.716614e-06,9.368056e-06
-23.31573072614093,300.0,5.46079e-05,2.1725406e-05
-23.31573072614093,301.875,8.697671e-05,2.4760104e-05
-23.31573072614093,303.75,7.2047624e-05,2.6385314e-05
-23.31573072614093,305.625,8.242337e-05,2.8394457e-05
-23.31573072614093,307.5,8.963052e-05,2.8069244e-05
-23.31573072614093,309.375,6.80209e-05,2.3621269e-05
-23.31573072614093,311.25,5.8677513e-05,1.984085e-05
-23.31573072614093,313.125,7.856261e-05,2.1263073e-05
-23.31573072614093,315.0,7.8436926e-05,2.258194e-05
-23.31573072614093,316.875,3.9394352e-05,1.8663257e-05
-23.31573072614093,318.75,4.3082124e-05,2.5502977e-05
-23.31573072614093,320.625,4.2488264e-05,2.5560046e-05
-23.31573072614093,322.5,4.0974086e-05,2.5048344e-05
-23.31573072614093,324.375,4.343608e-05,2.8876375e-05
-23.31573072614093,326.25,4.1194755e-05,2.6424563e-05
-23.31573072614093,328.125,3.0480925e-05,2.14868e-05
-23.31573072614093,330.0,2.6975298e-05,2.0493699e-05
-23.31573072614093,331.875,2.3947072e-05,1.9704e-05
-23.31573072614093,333.75,1.6969045e-05,1.4488024e-05
-23.31573072614093,335.625,1.3106236e-05,1.2438483e-05
-23.31573072614093,337.5,1.3856963e-05,1.27661e-05
-23.31573072614093,339.375,1.0297555e-05,1.0368108e-05
-23.31573072614093,341.25,5.6921353e-06,9.199247e-06
-23.31573072614093,343.125,5.372804e-06,6.713954e-06
-23.31573072614093,345.0,4.9448004e-06,4.313578e-06
-23.31573072614093,346.875,2.8392758e-06,3.1686786e-06
-23.31573072614093,348.75,2.739484e-06,2.0893522e-06
-23.31573072614093,350.625,3.322945e-06,1.2194286e-06
-23.31573072614093,352.5,2.2447537e-06,1.1507441e-06
-23.31573072614093,354.375,2.1347507e-06,1.106032e-06
-23.31573072614093,356.25,3.2996345e-06,1.2282118e-06
-23.31573072614093,358.125,3.076885e-06,1.099317e-06
-21.450475037398185,0.0,3.0124013e-06,1.2008278e-06
-21.450475037398185,1.875,4.068612e-06,1.4784143e-06
-21.450475037398185,3.75,3.541112e-06,1.1888393e-06
-21.450475037398185,5.625,3.000511e-06,1.1244397e-06
-21.450475037398185,7.5,3.310338e-06,1.2138885e-06
-21.450475037398185,9.375,4.6057453e-06,1.5876125e-06
-21.450475037398185,11.25,5.720643e-06,2.1869844e-06
-21.450475037398185,13.125,3.6171657e-06,1.9347783e-06
-21.450475037398185,15.0,1.7934901e-06,5.151392e-06
-21.450475037398185,16.875,1.3059126e-05,1.7820528e-05
-21.450475037398185,18.75,3.1737683e-05,1.996875e-05
-21.450475037398185,20.625,2.3032799e-05,1.5472388e-05
-21.450475037398185,22.5,1.9846619e-05,1.48377285e-05
-21.450475037398185,24.375,3.4567518e-05,2.0726851e-05
-21.450475037398185,26.25,3.8442613e-05,2.0541609e-05
-21.450475037398185,28.125,3.3523138e-05,1.9192072e-05
-21.450475037398185,30.0,4.318574e-05,2.0582962e-05
-21.450475037398185,31.875,5.496958e-05,2.3982233e-05
-21.450475037398185,33.75,3.942576e-05,2.0939518e-05
-21.450475037398185,35.625,3.6995465e-05,1.9346407e-05
-21.450475037398185,37.5,3.900959e-05,2.2937033e-05
-21.450475037398185,39.375,3.0553838e-05,2.1876134e-05
-21.450475037398185,41.25,2.5316547e-05,2.0099958e-05
-21.450475037398185,43.125,5.428634e-05,2.2934126e-05
-21.450475037398185,45.0,4.5666467e-05,2.534092e-05
-21.450475037398185,46.875,4.841189e-05,2.231484e-05
-21.450475037398185,48.75,4.8515314e-05,2.7620377e-05
-21.450475037398185,50.625,2.2534878e-05,1.9822159e-05
-21.450475037398185,52.5,2.1550064e-05,2.0900054e-05
-21.450475037398185,54.375,1.9666304e-05,1.7062373e-05
-21.450475037398185,56.25,1.3519642e-05,1.1126291e-05
-21.450475037398185,58.125,1.01723945e-05,1.0327797e-05
-21.450475037398185,60.0,1.0907791e-05,1.2104168e-05
-21.450475037398185,61.875,1.0538314e-05,1.0901025e-05
-21.450475037398185,63.75,8.100415e-06,8.747132e-06
-21.450475037398185,65.625,8.493465e-06,1.0169528e-05
-21.450475037398185,67.5,8.972649e-06,1.0210334e-05
-21.450475037398185,69.375,6.992017e-06,8.005033e-06
-21.450475037398185,71.25,5.110708e-06,5.9617337e-06
-21.450475037398185,73.125,4.9402843e-06,5.267574e-06
-21.450475037398185,75.0,4.807722e-06,4.488149e-06
-21.450475037398185,76.875,4.3335763e-06,4.646126e-06
-21.450475037398185,78.75,4.034458e-06,3.961188e-06
-21.450475037398185,80.625,3.6153092e-06,2.954294e-06
-21.450475037398185,82.5,3.0885567e-06,2.3378548e-06
-21.450475037398185,84.375,2.9285789e-06,2.1562917e-06
-21.450475037398185,86.25,3.5610678e-06,2.5089325e-06
-21.450475037398185,88.125,3.3284093e-06,2.7391106e-06
-21.450475037398185,90.0,2.6042962e-06,1.9783638e-06
-21.450475037398185,91.875,2.6299815e-06,1.4231248e-06
-21.450475037398185,93.75,3.0577712e-06,2.1555434e-06
-21.450475037398185,95.625,2.7811259e-06,2.12529e-06
-21.450475037398185,97.5,2.9646287e-06,1.8282132e-06
-21.450475037398185,99.375,2.9855923e-06,1.557587e-06
-21.450475037398185,101.25,2.8411387e-06,1.4776477e-06
-21.450475037398185,103.125,2.805006e-06,1.5359203e-06
-21.450475037398185,105.0,2.3615185e-06,1.1259561e-06
-21.450475037398185,106.875,1.9476718e-06,9.2062663e-07
-21.450475037398185,108.75,1.6132836e-06,8.689151e-07
-21.450475037398185,110.625,1.0866332e-06,9.606787e-07
-21.450475037398185,112.5,1.0417746e-06,3.7945692e-06
-21.450475037398185,114.375,1.2169162e-06,5.061875e-06
-21.450475037398185,116.25,1.3849051e-06,4.4150424e-06
-21.450475037398185,118.125,2.6919358e-06,7.1340924e-06
-21.450475037398185,120.0,3.3986632e-06,8.46962e-06
-21.450475037398185,121.875,3.7384516e-06,9.655135e-06
-21.450475037398185,123.75,4.089833e-06,9.541512e-06
-21.450475037398185,125.625,4.3933474e-06,9.075752e-06
-21.450475037398185,127.5,3.2107616e-06,6.6045072e-06
-21.450475037398185,129.375,4.1720855e-06,6.637499e-06
-21.450475037398185,131.25,6.138176e-06,8.592648e-06
-21.450475037398185,133.125,5.6533677e-06,7.247781e-06
-21.450475037398185,135.0,6.682061e-06,8.907629e-06
-21.450475037398185,136.875,6.336891e-06,8.7000835e-06
-21.450475037398185,138.75,6.795146e-06,9.844846e-06
-21.450475037398185,140.625,7.7420555e-06,1.0532576e-05
-21.450475037398185,142.5,7.668571e-06,1.1662995e-05
-21.450475037398185,144.375,9.092282e-06,1.2415776e-05
-21.450475037398185,146.25,8.1285825e-06,1.1561141e-05
-21.450475037398185,148.125,8.01311e-06,1.0766807e-05
-21.450475037398185,150.0,8.146866e-06,9.586518e-06
-21.450475037398185,151.875,6.4174947e-06,8.569771e-06
-21.450475037398185,153.75,5.8816095e-06,7.981171e-06
-21.450475037398185,155.625,7.5573935e-06,1.0042604e-05
-21.450475037398185,157.5,9.001885e-06,9.502734e-06
-21.450475037398185,159.375,9.085554e-06,1.0155159e-05
-21.450475037398185,161.25,9.235916e-06,1.0914849e-05
-21.450475037398185,163.125,1.1860629e-05,1.3206294e-05
-21.450475037398185,165.0,1.448867e-05,1.437678e-05
-21.450475037398185,166.875,1.3927815e-05,1.3859343e-05
-21.450475037398185,168.75,1.4915452e-05,1.5982758e-05
-21.450475037398185,170.625,1.7511778e-05,1.7928349e-05
-21.450475037398185,172.5,1.7954479e-05,1.9033172e-05
-21.450475037398185,174.375,1.7775286e-05,1.8166365e-05
-21.450475037398185,176.25,2.0739115e-05,1.9579864e-05
-21.450475037398185,178.125,2.1652626e-05,1.968772e-05
-21.450475037398185,180.0,2.2371954e-05,2.0820671e-05
-21.450475037398185,181.875,2.5446425e-05,2.3884726e-05
-21.450475037398185,183.75,2.7251761e-05,2.4620476e-05
-21.450475037398185,185.625,2.7469565e-05,2.152692e-05
-21.450475037398185,187.5,3.258373e-05,2.314491e-05
-21.450475037398185,189.375,3.4505334e-05,2.5107865e-05
-21.450475037398185,191.25,3.1483287e-05,2.3045628e-05
-21.450475037398185,193.125,3.240807e-05,2.1893042e-05
-21.450475037398185,195.0,3.4401543e-05,2.1888498e-05
-21.450475037398185,196.875,3.2850236e-05,2.0058496e-05
-21.450475037398185,198.75,3.4245408e-05,2.0939626e-05
-21.450475037398185,200.625,3.8405695e-05,2.4296587e-05
-21.450475037398185,202.5,3.9567545e-05,2.3911174e-05
-21.450475037398185,204.375,3.7985177e-05,2.237384e-05
-21.450475037398185,206.25,4.004377e-05,2.1667342e-05
-21.450475037398185,208.125,3.9891933e-05,2.1843265e-05
-21.450475037398185,210.0,4.219699e-05,2.4586596e-05
-21.450475037398185,211.875,4.67504e-05,2.787715e-05
-21.450475037398185,213.75,4.7713424e-05,2.8298778e-05
-21.450475037398185,215.625,4.2219595e-05,2.4508812e-05
-21.450475037398185,217.5,4.574583e-05,2.6167121e-05
-21.450475037398185,219.375,5.1914463e-05,2.8897457e-05
-21.450475037398185,221.25,5.3678836e-05,3.0480876e-05
-21.450475037398185,223.125,5.4755135e-05,2.9954905e-05
-21.450475037398185,225.0,5.650377e-05,3.2284268e-05
-21.450475037398185,226.875,5.243983e-05,2.9932631e-05
-21.450475037398185,228.75,4.7358782e-05,2.7200524e-05
-21.450475037398185,230.625,4.628951e-05,2.6313723e-05
-21.450475037398185,232.5,4.0712996e-05,2.5008663e-05
-21.450475037398185,234.375,3.1420772e-05,2.1998327e-05
-21.450475037398185,236.25,3.0317307e-05,2.4234265e-05
-21.450475037398185,238.125,2.8814446e-05,2.2988228e-05
-21.450475037398185,240.0,2.3285793e-05,1.8298648e-05
-21.450475037398185,241.875,1.8333381e-05,1.5576952e-05
-21.450475037398185,243.75,1.4493256e-05,1.5312458e-05
-21.450475037398185,245.625,9.310992e-06,1.2526874e-05
-21.450475037398185,247.5,8.0465825e-06,9.4551415e-06
-21.450475037398185,249.375,6.8008476e-06,7.0873725e-06
-21.450475037398185,251.25,4.0197624e-06,4.6064065e-06
-21.450475037398185,253.125,3.457288e-06,3.1845757e-06
-21.450475037398185,255.0,3.5860494e-06,2.7616204e-06
-21.450475037398185,256.875,2.1336846e-06,2.4356266e-06
-21.450475037398185,258.75,1.6617466e-06,9.334578e-07
-21.450475037398185,260.625,2.5377033e-06,1.1486966e-06
-21.450475037398185,262.5,2.1566761e-06,1.1080182e-06
-21.450475037398185,264.375,1.6058824e-06,7.2121674e-07
-21.450475037398185,266.25,2.3524851e-06,1.3940618e-06
-21.450475037398185,268.125,2.5016384e-06,1.7201006e-06
-21.450475037398185,270.0,2.5920378e-06,1.102037e-06
-21.450475037398185,271.875,3.2379958e-06,1.247874e-06
-21.450475037398185,273.75,2.7262365e-06,1.1984923e-06
-21.450475037398185,275.625,3.439103e-06,1.4576555e-06
-21.450475037398185,277.5,4.531778e-06,1.6415513e-06
-21.450475037398185,279.375,4.90887e-06,1.8795098e-06
-21.450475037398185,281.25,2.8515915e-06,1.4087738e-06
-21.450475037398185,283.125,2.298748e-06,1.3068535e-06
-21.450475037398185,285.0,6.589406e-06,1.2480544e-06
-21.450475037398185,286.875,1.0297793e-05,2.6291166e-06
-21.450475037398185,288.75,2.8736183e-06,1.8348802e-06
-21.450475037398185,290.625,3.4901312e-08,1.9930393e-07
-21.450475037398185,292.5,4.467979e-06,6.7181218e-06
-21.450475037398185,294.375,5.7007437e-05,2.0052124e-05
-21.450475037398185,296.25,0.00014396274,3.1534986e-05
-21.450475037398185,298.125,2.5340096e-05,1.6512606e-05
-21.450475037398185,300.0,6.5977656e-05,2.2525253e-05
-21.450475037398185,301.875,9.013314e-05,2.2372129e-05
-21.450475037398185,303.75,7.652412e-05,2.4974446e-05
-21.450475037398185,305.625,8.5276384e-05,2.6133255e-05
-21.450475037398185,307.5,9.556187e-05,2.8390998e-05
-21.450475037398185,309.375,7.880638e-05,2.5254405e-05
-21.450475037398185,311.25,7.279125e-05,2.6297284e-05
-21.450475037398185,313.125,7.9879435e-05,2.1232168e-05
-21.450475037398185,315.0,7.522869e-05,1.9397497e-05
-21.450475037398185,316.875,7.620508e-05,2.3235325e-05
-21.450475037398185,318.75,6.542993e-05,2.69684e-05
-21.450475037398185,320.625,5.2351228e-05,3.2023738e-05
-21.450475037398185,322.5,4.7375383e-05,3.4196004e-05
-21.450475037398185,324.375,4.4306318e-05,3.3071854e-05
-21.450475037398185,326.25,3.7709295e-05,2.7747323e-05
-21.450475037398185,328.125,2.7284575e-05,2.2944832e-05
-21.450475037398185,330.0,2.2348995e-05,2.1658843e-05
-21.450475037398185,331.875,1.8330771e-05,1.7180519e-05
-21.450475037398185,333.75,1.2129831e-05,1.2111237e-05
-21.450475037398185,335.625,9.168231e-06,1.0153643e-05
-21.450475037398185,337.5,9.460748e-06,8.7024555e-06
-21.450475037398185,339.375,6.6074613e-06,8.456748e-06
-21.450475037398185,341.25,4.2145584e-06,6.9752855e-06
-21.450475037398185,343.125,4.044747e-06,5.404033e-06
-21.450475037398185,345.0,3.5564742e-06,3.0848662e-06
-21.450475037398185,346.875,2.1757387e-06,1.2174346e-06
-21.450475037398185,348.75,2.3682742e-06,9.721635e-07
-21.450475037398185,350.625,3.055674e-06,9.948476e-07
-21.450475037398185,352.5,2.3352661e-06,1.0991658e-06
-21.450475037398185,354.375,2.5079148e-06,1.2224812e-06
-21.450475037398185,356.25,3.2202393e-06,1.0365162e-06
-21.450475037398185,358.125,3.1660943e-06,1.1292155e-06
-19.58521860882233,0.0,3.605847e-06,1.3799504e-06
-19.58521860882233,1.875,3.944381e-06,1.3721025e-06
-19.58521860882233,3.75,3.4054945e-06,1.0948617e-06
-19.58521860882233,5.625,3.608717e-06,1.2947747e-06
-19.58521860882233,7.5,4.1955454e-06,1.6165438e-06
-19.58521860882233,9.375,4.775939e-06,1.9555532e-06
-19.58521860882233,11.25,4.188339e-06,1.9382774e-06
-19.58521860882233,13.125,1.2331527e-06,4.111758e-06
-19.58521860882233,15.0,7.1946906e-06,1.2552145e-05
-19.58521860882233,16.875,3.288391e-05,2.5192696e-05
-19.58521860882233,18.75,3.761145e-05,2.0537325e-05
-19.58521860882233,20.625,2.8495628e-05,1.7975479e-05
-19.58521860882233,22.5,3.546074e-05,2.1938427e-05
-19.58521860882233,24.375,4.1735868e-05,2.179841e-05
-19.58521860882233,26.25,4.3697535e-05,2.1357186e-05
-19.58521860882233,28.125,4.2632935e-05,2.0306923e-05
-19.58521860882233,30.0,5.2761447e-05,1.7628852e-05
-19.58521860882233,31.875,6.735532e-05,1.8591389e-05
-19.58521860882233,33.75,5.422378e-05,2.1722059e-05
-19.58521860882233,35.625,3.447152e-05,1.9407707e-05
-19.58521860882233,37.5,4.0857685e-05,2.0444191e-05
-19.58521860882233,39.375,4.1512758e-05,2.6956237e-05
-19.58521860882233,41.25,3.499712e-05,2.517761e-05
-19.58521860882233,43.125,6.421094e-05,2.7745788e-05
-19.58521860882233,45.0,4.5382385e-05,2.318015e-05
-19.58521860882233,46.875,4.5233843e-05,2.246668e-05
-19.58521860882233,48.75,5.130397e-05,2.463313e-05
-19.58521860882233,50.625,1.6884667e-05,1.3695052e-05
-19.58521860882233,52.5,1.3316164e-05,1.3578789e-05
-19.58521860882233,54.375,1.7520377e-05,1.5041664e-05
-19.58521860882233,56.25,1.415927e-05,1.152964e-05
-19.58521860882233,58.125,9.142701e-06,9.562043e-06
-19.58521860882233,60.0,8.829022e-06,9.517654e-06
-19.58521860882233,61.875,9.919196e-06,1.0042355e-05
-19.58521860882233,63.75,9.375589e-06,9.95597e-06
-19.58521860882233,65.625,9.873313e-06,1.095434e-05
-19.58521860882233,67.5,1.0949634e-05,1.2168398e-05
-19.58521860882233,69.375,8.893217e-06,9.064978e-06
-19.58521860882233,71.25,6.4999635e-06,7.3903125e-06
-19.58521860882233,73.125,5.9429e-06,6.1787077e-06
-19.58521860882233,75.0,5.600768e-06,5.229785e-06
-19.58521860882233,76.875,4.8091633e-06,4.909458e-06
-19.58521860882233,78.75,4.491362e-06,5.3753583e-06
-19.58521860882233,80.625,3.82649e-06,3.986063e-06
-19.58521860882233,82.5,3.0276597e-06,2.475158e-06
-19.58521860882233,84.375,3.0075823e-06,2.27663e-06
-19.58521860882233,86.25,3.529645e-06,3.6037627e-06
-19.58521860882233,88.125,3.296067e-06,4.116528e-06
-19.58521860882233,90.0,2.968971e-06,3.351524e-06
-19.58521860882233,91.875,3.0545934e-06,2.1021715e-06
-19.58521860882233,93.75,2.8388413e-06,1.5155546e-06
-19.58521860882233,95.625,2.5529932e-06,1.3219334e-06
-19.58521860882233,97.5,2.825506e-06,1.6719208e-06
-19.58521860882233,99.375,2.6983862e-06,1.533568e-06
-19.58521860882233,101.25,2.8359773e-06,1.7882868e-06
-19.58521860882233,103.125,3.245353e-06,2.3548841e-06
-19.58521860882233,105.0,2.8413203e-06,2.1598028e-06
-19.58521860882233,106.875,2.1464093e-06,1.7484575e-06
-19.58521860882233,108.75,2.1765447e-06,1.5153144e-06
-19.58521860882233,110.625,1.7803851e-06,1.7618938e-06
-19.58521860882233,112.5,1.7053769e-06,4.553629e-06
-19.58521860882233,114.375,2.9819569e-06,1.0342509e-05
-19.58521860882233,116.25,4.0904074e-06,1.2939501e-05
-19.58521860882233,118.125,5.837736e-06,1.6626655e-05
-19.58521860882233,120.0,1.1261271e-05,1.7974147e-05
-19.58521860882233,121.875,7.811646e-06,1.3308981e-05
-19.58521860882233,123.75,4.214577e-06,7.7734785e-06
-19.58521860882233,125.625,7.0903798e-06,1.06858e-05
-19.58521860882233,127.5,6.8834106e-06,9.33658e-06
-19.58521860882233,129.375,7.031451e-06,1.0311239e-05
-19.58521860882233,131.25,5.283755e-06,8.085607e-06
-19.58521860882233,133.125,5.938072e-06,7.83506e-06
-19.58521860882233,135.0,9.252503e-06,1.0736965e-05
-19.58521860882233,136.875,6.508987e-06,8.066776e-06
-19.58521860882233,138.75,6.7650208e-06,9.530507e-06
-19.58521860882233,140.625,1.0249682e-05,1.2439228e-05
-19.58521860882233,142.5,1.0204833e-05,1.2813214e-05
-19.58521860882233,144.375,1.0216567e-05,1.1433801e-05
-19.58521860882233,146.25,6.5959216e-06,8.993573e-06
-19.58521860882233,148.125,4.5254415e-06,6.6291846e-06
-19.58521860882233,150.0,8.430799e-06,1.0333024e-05
-19.58521860882233,151.875,9.895656e-06,1.39809445e-05
-19.58521860882233,153.75,8.943648e-06,1.3642851e-05
-19.58521860882233,155.625,8.503583e-06,1.1933099e-05
-19.58521860882233,157.5,1.1196908e-05,1.3528667e-05
-19.58521860882233,159.375,1.3859983e-05,1.3789502e-05
-19.58521860882233,161.25,1.3930096e-05,1.3648246e-05
-19.58521860882233,163.125,1.5263962e-05,1.529277e-05
-19.58521860882233,165.0,1.8754623e-05,1.9291894e-05
-19.58521860882233,166.875,1.9300685e-05,1.9179215e-05
-19.58521860882233,168.75,2.1141092e-05,2.1143389e-05
-19.58521860882233,170.625,2.4681338e-05,2.4195055e-05
-19.58521860882233,172.5,2.782633e-05,2.7162088e-05
-19.58521860882233,174.375,2.9540395e-05,2.7001148e-05
-19.58521860882233,176.25,3.3310298e-05,2.701611e-05
-19.58521860882233,178.125,3.5373072e-05,2.6239291e-05
-19.58521860882233,180.0,3.831148e-05,2.869485e-05
-19.58521860882233,181.875,4.4674707e-05,3.3194046e-05
-19.58521860882233,183.75,4.9657552e-05,3.4537356e-05
-19.58521860882233,185.625,4.728524e-05,2.922372e-05
-19.58521860882233,187.5,4.835856e-05,2.6657859e-05
-19.58521860882233,189.375,5.0857667e-05,2.916831e-05
-19.58521860882233,191.25,4.91356e-05,2.8044216e-05
-19.58521860882233,193.125,5.181159e-05,2.809741e-05
-19.58521860882233,195.0,5.6307166e-05,2.8717028e-05
-19.58521860882233,196.875,5.579901e-05,2.82657e-05
-19.58521860882233,198.75,5.5356715e-05,2.9964918e-05
-19.58521860882233,200.625,6.0451217e-05,3.3276163e-05
-19.58521860882233,202.5,6.029264e-05,3.253044e-05
-19.58521860882233,204.375,5.5974277e-05,2.8688111e-05
-19.58521860882233,206.25,5.8960522e-05,2.7892516e-05
-19.58521860882233,208.125,6.120687e-05,2.843648e-05
-19.58521860882233,210.0,6.230527e-05,2.9743527e-05
-19.58521860882233,211.875,6.547015e-05,3.0453493e-05
-19.58521860882233,213.75,6.448254e-05,3.1251708e-05
-19.58521860882233,215.625,5.7821315e-05,2.8747116e-05
-19.58521860882233,217.5,6.197222e-05,3.073165e-05
-19.58521860882233,219.375,7.0621834e-05,3.4999997e-05
-19.58521860882233,221.25,6.7233115e-05,3.608119e-05
-19.58521860882233,223.125,6.316257e-05,3.4300094e-05
-19.58521860882233,225.0,6.528369e-05,3.1816093e-05
-19.58521860882233,226.875,6.0770693e-05,3.1465195e-05
-19.58521860882233,228.75,5.007933e-05,2.9209914e-05
-19.58521860882233,230.625,4.7166122e-05,2.8876e-05
-19.58521860882233,232.5,4.2976284e-05,2.6426034e-05
-19.58521860882233,234.375,3.599385e-05,2.646319e-05
-19.58521860882233,236.25,3.2472457e-05,2.5757778e-05
-19.58521860882233,238.125,2.5770942e-05,2.1865893e-05
-19.58521860882233,240.0,1.9097653e-05,1.592306e-05
-19.58521860882233,241.875,1.7031643e-05,1.4607826e-05
-19.58521860882233,243.75,1.1902074e-05,1.4132254e-05
-19.58521860882233,245.625,6.7092496e-06,9.906664e-06
-19.58521860882233,247.5,7.0617593e-06,7.049082e-06
-19.58521860882233,249.375,6.006939e-06,6.298163e-06
-19.58521860882233,251.25,2.452259e-06,4.0013106e-06
-19.58521860882233,253.125,2.6557059e-06,1.5063324e-06
-19.58521860882233,255.0,3.4719362e-06,2.9061941e-06
-19.58521860882233,256.875,1.0938825e-06,9.761499e-07
-19.58521860882233,258.75,1.1016475e-06,4.6522607e-07
-19.58521860882233,260.625,3.1504064e-06,9.46836e-07
-19.58521860882233,262.5,1.7709496e-06,7.723419e-07
-19.58521860882233,264.375,1.2183673e-06,7.57159e-07
-19.58521860882233,266.25,2.5173413e-06,1.3700981e-06
-19.58521860882233,268.125,4.1427284e-06,2.0421153e-06
-19.58521860882233,270.0,2.2595489e-06,1.1397965e-06
-19.58521860882233,271.875,2.3830771e-06,1.137165e-06
-19.58521860882233,273.75,3.6576687e-06,1.2696142e-06
-19.58521860882233,275.625,3.129274e-06,1.1265213e-06
-19.58521860882233,277.5,4.414573e-06,1.5862346e-06
-19.58521860882233,279.375,4.0570394e-06,1.5192475e-06
-19.58521860882233,281.25,2.390627e-06,9.3630973e-07
-19.58521860882233,283.125,2.4064645e-06,6.96463e-07
-19.58521860882233,285.0,4.6127184e-06,1.2325776e-06
-19.58521860882233,286.875,4.414316e-06,1.2781319e-06
-19.58521860882233,288.75,1.0054988e-06,7.1033065e-07
-19.58521860882233,290.625,6.397394e-07,1.6873576e-06
-19.58521860882233,292.5,1.3487326e-05,1.251499e-05
-19.58521860882233,294.375,6.551583e-05,1.9464167e-05
-19.58521860882233,296.25,0.00012010293,2.3864295e-05
-19.58521860882233,298.125,4.280556e-05,1.808405e-05
-19.58521860882233,300.0,7.678541e-05,2.3077555e-05
-19.58521860882233,301.875,8.562321e-05,2.4422972e-05
-19.58521860882233,303.75,8.754117e-05,2.5779094e-05
-19.58521860882233,305.625,0.00010116382,2.8379969e-05
-19.58521860882233,307.5,0.000102023565,2.8092683e-05
-19.58521860882233,309.375,8.924754e-05,2.795676e-05
-19.58521860882233,311.25,9.4273295e-05,3.1709813e-05
-19.58521860882233,313.125,8.864413e-05,2.5679772e-05
-19.58521860882233,315.0,7.295923e-05,2.4205487e-05
-19.58521860882233,316.875,7.247394e-05,2.4894933e-05
-19.58521860882233,318.75,6.913308e-05,2.8339973e-05
-19.58521860882233,320.625,6.075575e-05,4.1299707e-05
-19.58521860882233,322.5,4.5756755e-05,3.609546e-05
-19.58521860882233,324.375,3.8094167e-05,3.0426138e-05
-19.58521860882233,326.25,3.2284348e-05,2.550917e-05
-19.58521860882233,328.125,2.2477709e-05,2.2594662e-05
-19.58521860882233,330.0,1.7269473e-05,1.8340515e-05
-19.58521860882233,331.875,1.4123349e-05,1.3208526e-05
-19.58521860882233,333.75,9.197969e-06,8.627754e-06
-19.58521860882233,335.625,6.3841126e-06,7.0211368e-06
-19.58521860882233,337.5,5.547417e-06,5.4905267e-06
-19.58521860882233,339.375,3.9918714e-06,4.1601843e-06
-19.58521860882233,341.25,2.65094e-06,3.688827e-06
-19.58521860882233,343.125,2.9911387e-06,1.8674037e-06
-19.58521860882233,345.0,2.8636516e-06,1.2996701e-06
-19.58521860882233,346.875,1.9455404e-06,8.276455e-07
-19.58521860882233,348.75,2.0728598e-06,8.949759e-07
-19.58521860882233,350.625,2.5881152e-06,8.288891e-07
-19.58521860882233,352.5,2.3112498e-06,9.533751e-07
-19.58521860882233,354.375,2.6259181e-06,1.2895756e-06
-19.58521860882233,356.25,2.870489e-06,1.0624314e-06
-19.58521860882233,358.125,3.160061e-06,1.1216495e-06
-17.719961526447428,0.0,4.3062323e-06,1.7668319e-06
-17.719961526447428,1.875,3.9123506e-06,1.3860063e-06
-17.719961526447428,3.75,3.668745e-06,1.3114569e-06
-17.719961526447428,5.625,4.264079e-06,1.5640168e-06
-17.719961526447428,7.5,4.2874e-06,1.7312551e-06
-17.719961526447428,9.375,2.7943997e-06,1.810675e-06
-17.719961526447428,11.25,3.76743e-06,5.2721484e-06
-17.719961526447428,13.125,8.012664e-06,1.3079527e-05
-17.719961526447428,15.0,3.3367764e-05,3.023843e-05
-17.719961526447428,16.875,4.388494e-05,2.4140374e-05
-17.719961526447428,18.75,3.1966356e-05,1.7857477e-05
-17.719961526447428,20.625,3.8716276e-05,2.0683889e-05
-17.719961526447428,22.5,5.7636647e-05,2.418438e-05
-17.719961526447428,24.375,5.458109e-05,2.4081313e-05
-17.719961526447428,26.25,5.6882625e-05,2.3761213e-05
-17.719961526447428,28.125,5.764287e-05,2.2585738e-05
-17.719961526447428,30.0,5.3856456e-05,1.9601048e-05
-17.719961526447428,31.875,5.7013825e-05,1.9056508e-05
-17.719961526447428,33.75,5.3119325e-05,1.9404231e-05
-17.719961526447428,35.625,3.9549042e-05,1.9574334e-05
-17.719961526447428,37.5,4.626779e-05,2.1525224e-05
-17.719961526447428,39.375,5.00311e-05,3.091787e-05
-17.719961526447428,41.25,3.601768e-05,2.621608e-05
-17.719961526447428,43.125,4.9049384e-05,3.0030078e-05
-17.719961526447428,45.0,4.3430067e-05,1.8834295e-05
-17.719961526447428,46.875,4.1856358e-05,2.296228e-05
-17.719961526447428,48.75,3.5306657e-05,1.8624229e-05
-17.719961526447428,50.625,2.7633207e-05,1.8351291e-05
-17.719961526447428,52.5,1.3005356e-05,1.255793e-05
-17.719961526447428,54.375,1.623569e-05,1.5234731e-05
-17.719961526447428,56.25,1.4737498e-05,1.4172329e-05
-17.719961526447428,58.125,1.0355156e-05,1.15984985e-05
-17.719961526447428,60.0,1.0457749e-05,1.03896255e-05
-17.719961526447428,61.875,1.3151157e-05,1.2802968e-05
-17.719961526447428,63.75,1.2512409e-05,1.27103895e-05
-17.719961526447428,65.625,1.1853677e-05,1.2753089e-05
-17.719961526447428,67.5,1.2655808e-05,1.2113479e-05
-17.719961526447428,69.375,1.2577284e-05,1.2167276e-05
-17.719961526447428,71.25,1.1579587e-05,1.2220227e-05
-17.719961526447428,73.125,1.0695396e-05,1.1472301e-05
-17.719961526447428,75.0,1.0514995e-05,1.1368803e-05
-17.719961526447428,76.875,1.1096531e-05,1.0912913e-05
-17.719961526447428,78.75,1.1175427e-05,1.0657273e-05
-17.719961526447428,80.625,1.0280841e-05,8.921035e-06
-17.719961526447428,82.5,9.092346e-06,8.524435e-06
-17.719961526447428,84.375,7.509778e-06,7.1775066e-06
-17.719961526447428,86.25,6.1146775e-06,7.914703e-06
-17.719961526447428,88.125,4.925328e-06,5.7862944e-06
-17.719961526447428,90.0,4.65742e-06,4.9789355e-06
-17.719961526447428,91.875,4.683534e-06,5.5520886e-06
-17.719961526447428,93.75,4.168968e-06,4.4642106e-06
-17.719961526447428,95.625,3.57937e-06,4.465443e-06
-17.719961526447428,97.5,3.7092693e-06,4.339879e-06
-17.719961526447428,99.375,3.4709485e-06,4.175329e-06
-17.719961526447428,101.25,3.2866e-06,4.0304603e-06
-17.719961526447428,103.125,3.943898e-06,5.165946e-06
-17.719961526447428,105.0,3.8156086e-06,5.4828315e-06
-17.719961526447428,106.875,3.4534564e-06,5.561502e-06
-17.719961526447428,108.75,3.3678343e-06,4.3790737e-06
-17.719961526447428,110.625,3.4821726e-06,5.120198e-06
-17.719961526447428,112.5,3.5458966e-06,8.043393e-06
-17.719961526447428,114.375,4.664276e-06,1.3673772e-05
-17.719961526447428,116.25,5.302133e-06,1.535181e-05
-17.719961526447428,118.125,7.1914446e-06,2.1361142e-05
-17.719961526447428,120.0,1.0787742e-05,2.1990649e-05
-17.719961526447428,121.875,7.959612e-06,9.292318e-06
-17.719961526447428,123.75,6.6587036e-06,8.0143645e-06
-17.719961526447428,125.625,1.9696583e-05,1.8405797e-05
-17.719961526447428,127.5,1.8802117e-05,1.7929124e-05
-17.719961526447428,129.375,1.4133222e-05,1.5197663e-05
-17.719961526447428,131.25,1.1954417e-05,1.2733805e-05
-17.719961526447428,133.125,9.585024e-06,1.1979313e-05
-17.719961526447428,135.0,9.73435e-06,1.19095075e-05
-17.719961526447428,136.875,1.0021373e-05,9.913025e-06
-17.719961526447428,138.75,8.433138e-06,8.675061e-06
-17.719961526447428,140.625,1.1380841e-05,1.1505322e-05
-17.719961526447428,142.5,8.61245e-06,1.1508739e-05
-17.719961526447428,144.375,8.409933e-06,9.45425e-06
-17.719961526447428,146.25,1.3173616e-05,1.2929843e-05
-17.719961526447428,148.125,7.056033e-06,9.771059e-06
-17.719961526447428,150.0,9.736422e-06,1.35893615e-05
-17.719961526447428,151.875,1.5873487e-05,2.1386746e-05
-17.719961526447428,153.75,1.6639435e-05,2.2231487e-05
-17.719961526447428,155.625,1.43395555e-05,1.9545956e-05
-17.719961526447428,157.5,1.7788689e-05,2.1139187e-05
-17.719961526447428,159.375,2.3809876e-05,2.4211611e-05
-17.719961526447428,161.25,2.3858986e-05,2.1004778e-05
-17.719961526447428,163.125,2.3616329e-05,2.009496e-05
-17.719961526447428,165.0,2.7798707e-05,2.3083532e-05
-17.719961526447428,166.875,3.1351094e-05,2.6633055e-05
-17.719961526447428,168.75,3.5678433e-05,2.8818398e-05
-17.719961526447428,170.625,3.994127e-05,3.138897e-05
-17.719961526447428,172.5,4.3959495e-05,3.3158125e-05
-17.719961526447428,174.375,5.0094193e-05,3.6495752e-05
-17.719961526447428,176.25,5.9255897e-05,3.8824637e-05
-17.719961526447428,178.125,6.227981e-05,3.76166e-05
-17.719961526447428,180.0,6.1658386e-05,3.6397003e-05
-17.719961526447428,181.875,6.912133e-05,3.8256854e-05
-17.719961526447428,183.75,7.674465e-05,3.9373575e-05
-17.719961526447428,185.625,7.422091e-05,3.650288e-05
-17.719961526447428,187.5,7.387416e-05,3.318022e-05
-17.719961526447428,189.375,8.125477e-05,3.4502358e-05
-17.719961526447428,191.25,8.346037e-05,3.3641052e-05
-17.719961526447428,193.125,8.725967e-05,3.3522814e-05
-17.719961526447428,195.0,9.263326e-05,3.4841272e-05
-17.719961526447428,196.875,9.065031e-05,3.5805217e-05
-17.719961526447428,198.75,8.742767e-05,3.5346216e-05
-17.719961526447428,200.625,8.979526e-05,3.4999248e-05
-17.719961526447428,202.5,8.499477e-05,3.45092e-05
-17.719961526447428,204.375,7.995056e-05,3.2676962e-05
-17.719961526447428,206.25,8.7671506e-05,3.2980846e-05
-17.719961526447428,208.125,9.189273e-05,3.2465738e-05
-17.719961526447428,210.0,8.479613e-05,3.116131e-05
-17.719961526447428,211.875,8.426383e-05,3.266483e-05
-17.719961526447428,213.75,8.6436215e-05,3.351337e-05
-17.719961526447428,215.625,8.2592334e-05,3.4192788e-05
-17.719961526447428,217.5,8.3335304e-05,3.4865006e-05
-17.719961526447428,219.375,8.462427e-05,3.597659e-05
-17.719961526447428,221.25,7.380899e-05,3.5594458e-05
-17.719961526447428,223.125,6.780294e-05,3.4158908e-05
-17.719961526447428,225.0,7.013618e-05,3.432012e-05
-17.719961526447428,226.875,6.213568e-05,3.313155e-05
-17.719961526447428,228.75,5.0557795e-05,3.0564155e-05
-17.719961526447428,230.625,4.646428e-05,3.0682302e-05
-17.719961526447428,232.5,4.114982e-05,3.104919e-05
-17.719961526447428,234.375,3.481748e-05,2.9591898e-05
-17.719961526447428,236.25,3.1106694e-05,2.6746098e-05
-17.719961526447428,238.125,2.1885218e-05,2.1206486e-05
-17.719961526447428,240.0,1.3388307e-05,1.36902945e-05
-17.719961526447428,241.875,1.288448e-05,1.0977818e-05
-17.719961526447428,243.75,9.498717e-06,1.08292425e-05
-17.719961526447428,245.625,5.34554e-06,7.5599046e-06
-17.719961526447428,247.5,5.8643027e-06,6.135534e-06
-17.719961526447428,249.375,4.301359e-06,4.966617e-06
-17.719961526447428,251.25,1.3094051e-06,1.6162614e-06
-17.719961526447428,253.125,2.1402982e-06,8.81074e-07
-17.719961526447428,255.0,3.881239e-06,1.5271016e-06
-17.719961526447428,256.875,1.1899293e-06,8.024113e-07
-17.719961526447428,258.75,1.2221045e-06,5.611242e-07
-17.719961526447428,260.625,3.4633022e-06,1.0068765e-06
-17.719961526447428,262.5,1.697711e-06,6.687174e-07
-17.719961526447428,264.375,9.851258e-07,5.6387984e-07
-17.719961526447428,266.25,2.478819e-06,8.852413e-07
-17.719961526447428,268.125,3.817489e-06,1.3524608e-06
-17.719961526447428,270.0,1.7930615e-06,9.675464e-07
-17.719961526447428,271.875,2.448798e-06,1.0281893e-06
-17.719961526447428,273.75,4.6544174e-06,1.0892041e-06
-17.719961526447428,275.625,3.22416e-06,1.0773482e-06
-17.719961526447428,277.5,3.06484e-06,1.3186282e-06
-17.719961526447428,279.375,3.7330842e-06,1.4271358e-06
-17.719961526447428,281.25,4.8754523e-06,1.4921062e-06
-17.719961526447428,283.125,3.4241593e-06,1.3702073e-06
-17.719961526447428,285.0,4.274576e-06,1.4497116e-06
-17.719961526447428,286.875,2.2441484e-06,9.2426114e-07
-17.719961526447428,288.75,1.5806568e-06,3.1738034e-06
-17.719961526447428,290.625,8.856492e-06,9.344486e-06
-17.719961526447428,292.5,4.622222e-05,1.9932999e-05
-17.719961526447428,294.375,0.0001254618,2.027867e-05
-17.719961526447428,296.25,8.503099e-05,2.2385311e-05
-17.719961526447428,298.125,4.4420973e-05,1.7248105e-05
-17.719961526447428,300.0,7.641275e-05,2.1039561e-05
-17.719961526447428,301.875,8.48402e-05,2.738412e-05
-17.719961526447428,303.75,9.7785254e-05,3.083317e-05
-17.719961526447428,305.625,0.00011521418,2.8935396e-05
-17.719961526447428,307.5,0.00010040121,2.682212e-05
-17.719961526447428,309.375,8.411795e-05,2.6296699e-05
-17.719961526447428,311.25,8.424043e-05,2.5753112e-05
-17.719961526447428,313.125,8.1587925e-05,2.8340919e-05
-17.719961526447428,315.0,6.613094e-05,2.9260778e-05
-17.719961526447428,316.875,6.4342086e-05,2.7453732e-05
-17.719961526447428,318.75,5.972424e-05,3.170204e-05
-17.719961526447428,320.625,4.1796724e-05,3.3002387e-05
-17.719961526447428,322.5,3.408903e-05,2.7318749e-05
-17.719961526447428,324.375,3.205966e-05,2.6871561e-05
-17.719961526447428,326.25,2.6564738e-05,2.344717e-05
-17.719961526447428,328.125,1.7914082e-05,2.0889693e-05
-17.719961526447428,330.0,1.2904837e-05,1.5119228e-05
-17.719961526447428,331.875,9.231901e-06,9.038576e-06
-17.719961526447428,333.75,6.6199045e-06,6.026291e-06
-17.719961526447428,335.625,4.206557e-06,3.5468252e-06
-17.719961526447428,337.5,3.4979125e-06,2.5694517e-06
-17.719961526447428,339.375,2.7329527e-06,1.5858501e-06
-17.719961526447428,341.25,2.43906e-06,1.5299547e-06
-17.719961526447428,343.125,2.6200003e-06,9.641823e-07
-17.719961526447428,345.0,2.623513e-06,9.145346e-07
-17.719961526447428,346.875,2.2213833e-06,9.216531e-07
-17.719961526447428,348.75,2.3960615e-06,9.5192723e-07
-17.719961526447428,350.625,2.7205679e-06,9.096639e-07
-17.719961526447428,352.5,2.7115352e-06,1.1178147e-06
-17.719961526447428,354.375,3.0070637e-06,1.3648046e-06
-17.719961526447428,356.25,3.2710718e-06,1.3286352e-06
-17.719961526447428,358.125,3.6554584e-06,1.4179285e-06
-15.854703869694873,0.0,3.7911993e-06,1.47322e-06
-15.854703869694873,1.875,3.6329345e-06,1.2881593e-06
-15.854703869694873,3.75,3.7049672e-06,1.3945219e-06
-15.854703869694873,5.625,4.398424e-06,1.5882794e-06
-15.854703869694873,7.5,3.5628466e-06,1.7264503e-06
-15.854703869694873,9.375,1.7660858e-06,1.8540474e-06
-15.854703869694873,11.25,1.3109488e-05,1.716398e-05
-15.854703869694873,13.125,4.3314136e-05,3.450663e-05
-15.854703869694873,15.0,7.6714896e-05,3.3720506e-05
-15.854703869694873,16.875,5.9947604e-05,2.3135284e-05
-15.854703869694873,18.75,4.7589405e-05,2.0348001e-05
-15.854703869694873,20.625,6.11046e-05,2.3794737e-05
-15.854703869694873,22.5,7.1278e-05,2.3883162e-05
-15.854703869694873,24.375,6.34714e-05,2.2379183e-05
-15.854703869694873,26.25,7.086127e-05,2.279715e-05
-15.854703869694873,28.125,6.763524e-05,2.3716762e-05
-15.854703869694873,30.0,4.5216326e-05,1.7826747e-05
-15.854703869694873,31.875,3.7499543e-05,1.6739472e-05
-15.854703869694873,33.75,4.5484547e-05,1.7914324e-05
-15.854703869694873,35.625,4.7523597e-05,2.126619e-05
-15.854703869694873,37.5,3.7642356e-05,2.3270317e-05
-15.854703869694873,39.375,3.392361e-05,2.4124674e-05
-15.854703869694873,41.25,3.3867636e-05,2.559489e-05
-15.854703869694873,43.125,2.2486483e-05,2.0779735e-05
-15.854703869694873,45.0,6.6532826e-05,2.8056447e-05
-15.854703869694873,46.875,2.5703008e-05,1.7034561e-05
-15.854703869694873,48.75,2.0777963e-05,1.5631924e-05
-15.854703869694873,50.625,3.386631e-05,2.2472437e-05
-15.854703869694873,52.5,1.5588601e-05,1.6729995e-05
-15.854703869694873,54.375,1.4770875e-05,1.2758083e-05
-15.854703869694873,56.25,1.8588407e-05,1.5550679e-05
-15.854703869694873,58.125,1.8246446e-05,1.567856e-05
-15.854703869694873,60.0,1.8713768e-05,1.7046264e-05
-15.854703869694873,61.875,2.001188e-05,1.7692812e-05
-15.854703869694873,63.75,2.0792868e-05,1.8352532e-05
-15.854703869694873,65.625,2.0436488e-05,1.9456023e-05
-15.854703869694873,67.5,1.9308456e-05,1.624922e-05
-15.854703869694873,69.375,2.0682099e-05,1.8861578e-05
-15.854703869694873,71.25,2.3702203e-05,2.3147788e-05
-15.854703869694873,73.125,2.3783958e-05,2.213415e-05
-15.854703869694873,75.0,2.2418792e-05,2.0408304e-05
-15.854703869694873,76.875,2.270265e-05,2.1050193e-05
-15.854703869694873,78.75,2.0635458e-05,1.8366083e-05
-15.854703869694873,80.625,2.0725764e-05,1.9958432e-05
-15.854703869694873,82.5,1.9658724e-05,1.8703904e-05
-15.854703869694873,84.375,1.5691778e-05,1.709294e-05
-15.854703869694873,86.25,1.1318127e-05,1.3076797e-05
-15.854703869694873,88.125,1.0188425e-05,1.23256095e-05
-15.854703869694873,90.0,9.325913e-06,1.2099742e-05
-15.854703869694873,91.875,7.638492e-06,1.0290967e-05
-15.854703869694873,93.75,7.021962e-06,9.301405e-06
-15.854703869694873,95.625,7.6139245e-06,1.0220792e-05
-15.854703869694873,97.5,6.962237e-06,1.0209235e-05
-15.854703869694873,99.375,6.080879e-06,9.836455e-06
-15.854703869694873,101.25,6.2668464e-06,1.330925e-05
-15.854703869694873,103.125,7.182213e-06,1.4818321e-05
-15.854703869694873,105.0,7.208241e-06,1.327821e-05
-15.854703869694873,106.875,7.1103673e-06,1.39240965e-05
-15.854703869694873,108.75,6.5386616e-06,1.1504899e-05
-15.854703869694873,110.625,6.7810847e-06,1.2749501e-05
-15.854703869694873,112.5,8.21079e-06,1.6020449e-05
-15.854703869694873,114.375,9.826466e-06,2.1072376e-05
-15.854703869694873,116.25,9.918709e-06,2.0799363e-05
-15.854703869694873,118.125,1.3300742e-05,2.6986041e-05
-15.854703869694873,120.0,1.9218232e-05,3.1407868e-05
-15.854703869694873,121.875,1.8281373e-05,2.8549972e-05
-15.854703869694873,123.75,2.7748663e-05,2.9045075e-05
-15.854703869694873,125.625,4.4248816e-05,1.9788837e-05
-15.854703869694873,127.5,1.7638564e-05,1.4853157e-05
-15.854703869694873,129.375,1.8338755e-05,1.4367874e-05
-15.854703869694873,131.25,2.5478717e-05,1.9697914e-05
-15.854703869694873,133.125,1.1177047e-05,1.4586602e-05
-15.854703869694873,135.0,9.850671e-06,1.2286853e-05
-15.854703869694873,136.875,1.4798999e-05,1.504798e-05
-15.854703869694873,138.75,1.313959e-05,1.4280152e-05
-15.854703869694873,140.625,3.5122168e-05,2.4159972e-05
-15.854703869694873,142.5,2.9904518e-06,6.5853483e-06
-15.854703869694873,144.375,6.354264e-06,8.523169e-06
-15.854703869694873,146.25,1.0812026e-05,1.2066017e-05
-15.854703869694873,148.125,1.1691507e-05,1.6854257e-05
-15.854703869694873,150.0,1.5128886e-05,2.157893e-05
-15.854703869694873,151.875,2.0462918e-05,2.7090977e-05
-15.854703869694873,153.75,2.5167135e-05,2.9341667e-05
-15.854703869694873,155.625,2.967098e-05,3.1417465e-05
-15.854703869694873,157.5,3.6193967e-05,3.5605106e-05
-15.854703869694873,159.375,3.860859e-05,3.393488e-05
-15.854703869694873,161.25,3.850864e-05,3.129736e-05
-15.854703869694873,163.125,4.3928176e-05,3.0107507e-05
-15.854703869694873,165.0,5.2580708e-05,3.2623262e-05
-15.854703869694873,166.875,5.6005712e-05,3.135738e-05
-15.854703869694873,168.75,5.9242408e-05,3.171441e-05
-15.854703869694873,170.625,6.9277856e-05,3.6233036e-05
-15.854703869694873,172.5,7.47113e-05,3.8523685e-05
-15.854703869694873,174.375,7.86789e-05,3.956045e-05
-15.854703869694873,176.25,8.940687e-05,4.224993e-05
-15.854703869694873,178.125,9.935691e-05,4.3696757e-05
-15.854703869694873,180.0,9.4662326e-05,3.987833e-05
-15.854703869694873,181.875,9.2953705e-05,3.7915623e-05
-15.854703869694873,183.75,0.00010367166,3.933617e-05
-15.854703869694873,185.625,0.000111107984,3.8147293e-05
-15.854703869694873,187.5,0.000115690375,3.6518148e-05
-15.854703869694873,189.375,0.0001258673,3.771391e-05
-15.854703869694873,191.25,0.00012716712,3.9933544e-05
-15.854703869694873,193.125,0.00012272685,3.800151e-05
-15.854703869694873,195.0,0.0001227663,3.919678e-05
-15.854703869694873,196.875,0.000116484596,3.716969e-05
-15.854703869694873,198.75,0.000109512024,3.4982568e-05
-15.854703869694873,200.625,0.00011206994,3.3373184e-05
-15.854703869694873,202.5,0.00011183762,3.286381e-05
-15.854703869694873,204.375,0.00010553978,3.3223867e-05
-15.854703869694873,206.25,0.00010867922,3.376091e-05
-15.854703869694873,208.125,0.000109268614,3.382822e-05
-15.854703869694873,210.0,9.80231e-05,3.1023228e-05
-15.854703869694873,211.875,9.7719094e-05,3.1874548e-05
-15.854703869694873,213.75,0.000102619284,3.351232e-05
-15.854703869694873,215.625,9.254585e-05,3.301626e-05
-15.854703869694873,217.5,8.192995e-05,3.3104363e-05
-15.854703869694873,219.375,7.9631085e-05,3.4427947e-05
-15.854703869694873,221.25,7.1820425e-05,3.3234595e-05
-15.854703869694873,223.125,6.504336e-05,3.4056895e-05
-15.854703869694873,225.0,5.986763e-05,3.5457335e-05
-15.854703869694873,226.875,4.9920956e-05,3.284166e-05
-15.854703869694873,228.75,4.2781034e-05,2.840298e-05
-15.854703869694873,230.625,3.9025996e-05,2.9050372e-05
-15.854703869694873,232.5,2.8778568e-05,2.5716921e-05
-15.854703869694873,234.375,2.1307882e-05,2.068899e-05
-15.854703869694873,236.25,2.1823822e-05,1.8129922e-05
-15.854703869694873,238.125,1.6257507e-05,1.5013011e-05
-15.854703869694873,240.0,9.387156e-06,8.9218765e-06
-15.854703869694873,241.875,8.848225e-06,7.3726565e-06
-15.854703869694873,243.75,6.7702413e-06,7.117233e-06
-15.854703869694873,245.625,4.32089e-06,6.4402684e-06
-15.854703869694873,247.5,4.6608925e-06,4.552093e-06
-15.854703869694873,249.375,4.1357694e-06,2.3516682e-06
-15.854703869694873,251.25,1.7894272e-06,8.1133055e-07
-15.854703869694873,253.125,2.2564957e-06,9.468148e-07
-15.854703869694873,255.0,3.058149e-06,1.199653e-06
-15.854703869694873,256.875,1.3029895e-06,7.6412584e-07
-15.854703869694873,258.75,1.1431838e-06,5.603599e-07
-15.854703869694873,260.625,2.233673e-06,7.278497e-07
-15.854703869694873,262.5,1.3991485e-06,5.653487e-07
-15.854703869694873,264.375,1.1423012e-06,5.165012e-07
-15.854703869694873,266.25,2.4088451e-06,8.256793e-07
-15.854703869694873,268.125,2.814075e-06,1.2895975e-06
-15.854703869694873,270.0,1.8590194e-06,9.831828e-07
-15.854703869694873,271.875,2.5823674e-06,1.0110023e-06
-15.854703869694873,273.75,3.5276275e-06,8.574052e-07
-15.854703869694873,275.625,3.56987e-06,1.3883262e-06
-15.854703869694873,277.5,3.1245668e-06,1.097302e-06
-15.854703869694873,279.375,3.895945e-06,1.0558005e-06
-15.854703869694873,281.25,5.2821943e-06,1.7647428e-06
-15.854703869694873,283.125,4.5915112e-06,1.738919e-06
-15.854703869694873,285.0,3.0448e-06,2.2495435e-06
-15.854703869694873,286.875,1.1052262e-05,1.10226965e-05
-15.854703869694873,288.75,3.157659e-05,1.9824145e-05
-15.854703869694873,290.625,6.653454e-05,2.276566e-05
-15.854703869694873,292.5,0.00014245741,2.279031e-05
-15.854703869694873,294.375,0.00011194472,2.5649837e-05
-15.854703869694873,296.25,3.089822e-05,1.6658816e-05
-15.854703869694873,298.125,6.25508e-05,2.09359e-05
-15.854703869694873,300.0,8.7395776e-05,2.2350594e-05
-15.854703869694873,301.875,8.340998e-05,2.2817008e-05
-15.854703869694873,303.75,9.651972e-05,2.6002519e-05
-15.854703869694873,305.625,0.00011738934,3.2683547e-05
-15.854703869694873,307.5,0.00010424547,3.3370263e-05
-15.854703869694873,309.375,9.292014e-05,3.026264e-05
-15.854703869694873,311.25,8.346151e-05,2.6096772e-05
-15.854703869694873,313.125,6.820461e-05,2.6504396e-05
-15.854703869694873,315.0,5.536615e-05,2.9908506e-05
-15.854703869694873,316.875,5.248936e-05,2.7491455e-05
-15.854703869694873,318.75,4.665572e-05,2.8064516e-05
-15.854703869694873,320.625,3.3270528e-05,2.5505784e-05
-15.854703869694873,322.5,2.9821564e-05,2.3895538e-05
-15.854703869694873,324.375,2.7640514e-05,2.5216132e-05
-15.854703869694873,326.25,2.1743816e-05,2.2422926e-05
-15.854703869694873,328.125,1.4460038e-05,1.7604692e-05
-15.854703869694873,330.0,8.427163e-06,1.1200188e-05
-15.854703869694873,331.875,5.438562e-06,5.520756e-06
-15.854703869694873,333.75,3.8286134e-06,2.828415e-06
-15.854703869694873,335.625,2.8114935e-06,1.6248694e-06
-15.854703869694873,337.5,2.4014666e-06,1.1125176e-06
-15.854703869694873,339.375,2.451034e-06,1.0576948e-06
-15.854703869694873,341.25,2.31403e-06,9.170802e-07
-15.854703869694873,343.125,2.1027056e-06,7.46162e-07
-15.854703869694873,345.0,2.0905024e-06,7.143972e-07
-15.854703869694873,346.875,2.2726688e-06,8.079795e-07
-15.854703869694873,348.75,2.5316403e-06,8.768556e-07
-15.854703869694873,350.625,2.5229954e-06,9.4056145e-07
-15.854703869694873,352.5,2.6952307e-06,1.1205167e-06
-15.854703869694873,354.375,3.0357578e-06,1.1791956e-06
-15.854703869694873,356.25,3.0271362e-06,1.0611213e-06
-15.854703869694873,358.125,3.2173002e-06,1.2364395e-06
-13.989445712356673,0.0,3.127233e-06,1.1674804e-06
-13.989445712356673,1.875,3.3230092e-06,1.2573765e-06
-13.989445712356673,3.75,3.1294892e-06,1.330695e-06
-13.989445712356673,5.625,3.7525297e-06,2.1440449e-06
-13.989445712356673,7.5,5.03897e-06,7.993692e-06
-13.989445712356673,9.375,5.9953572e-06,1.0253676e-05
-13.989445712356673,11.25,2.3849227e-05,2.4117704e-05
-13.989445712356673,13.125,6.870835e-05,3.279427e-05
-13.989445712356673,15.0,9.875149e-05,1.986196e-05
-13.989445712356673,16.875,9.0057634e-05,1.7277285e-05
-13.989445712356673,18.75,8.604093e-05,2.4618344e-05
-13.989445712356673,20.625,8.511024e-05,2.6280875e-05
-13.989445712356673,22.5,8.401463e-05,2.1943017e-05
-13.989445712356673,24.375,7.679592e-05,2.2901395e-05
-13.989445712356673,26.25,8.0087324e-05,2.3285782e-05
-13.989445712356673,28.125,7.8335645e-05,2.1547128e-05
-13.989445712356673,30.0,5.870421e-05,2.2389366e-05
-13.989445712356673,31.875,4.660017e-05,2.04693e-05
-13.989445712356673,33.75,4.9946957e-05,2.0456806e-05
-13.989445712356673,35.625,4.758395e-05,2.0350155e-05
-13.989445712356673,37.5,3.7692676e-05,2.1825535e-05
-13.989445712356673,39.375,2.6264968e-05,2.0754203e-05
-13.989445712356673,41.25,3.182353e-05,2.59091e-05
-13.989445712356673,43.125,2.6084725e-05,2.2428585e-05
-13.989445712356673,45.0,3.3723456e-05,2.4270748e-05
-13.989445712356673,46.875,3.907735e-05,2.7044895e-05
-13.989445712356673,48.75,1.047743e-05,1.1482176e-05
-13.989445712356673,50.625,2.4756693e-05,1.9540097e-05
-13.989445712356673,52.5,1.9545085e-05,1.8219873e-05
-13.989445712356673,54.375,2.2336031e-05,1.76487e-05
-13.989445712356673,56.25,3.1074724e-05,2.3729495e-05
-13.989445712356673,58.125,3.6974114e-05,2.8235743e-05
-13.989445712356673,60.0,3.4368448e-05,2.7303993e-05
-13.989445712356673,61.875,3.4146327e-05,2.6754044e-05
-13.989445712356673,63.75,3.717885e-05,2.822302e-05
-13.989445712356673,65.625,3.975495e-05,2.8317489e-05
-13.989445712356673,67.5,4.0472216e-05,2.8599916e-05
-13.989445712356673,69.375,4.273046e-05,3.1907915e-05
-13.989445712356673,71.25,4.139295e-05,2.9787525e-05
-13.989445712356673,73.125,3.7676386e-05,2.6969028e-05
-13.989445712356673,75.0,3.7436344e-05,2.7025013e-05
-13.989445712356673,76.875,3.8560724e-05,2.844985e-05
-13.989445712356673,78.75,3.483038e-05,2.6342608e-05
-13.989445712356673,80.625,3.370487e-05,2.6978934e-05
-13.989445712356673,82.5,3.3514876e-05,2.8430331e-05
-13.989445712356673,84.375,2.7359616e-05,2.3852592e-05
-13.989445712356673,86.25,2.2156964e-05,2.0547213e-05
-13.989445712356673,88.125,2.3562228e-05,2.4232078e-05
-13.989445712356673,90.0,2.226073e-05,2.539975e-05
-13.989445712356673,91.875,1.7500655e-05,2.0690952e-05
-13.989445712356673,93.75,1.7218832e-05,1.9606663e-05
-13.989445712356673,95.625,1.9908439e-05,2.3470704e-05
-13.989445712356673,97.5,1.8011538e-05,2.2687942e-05
-13.989445712356673,99.375,1.658767e-05,2.4370589e-05
-13.989445712356673,101.25,1.6670176e-05,2.5552159e-05
-13.989445712356673,103.125,1.5384465e-05,2.32184e-05
-13.989445712356673,105.0,1.5932374e-05,2.4226327e-05
-13.989445712356673,106.875,1.7563456e-05,2.5529383e-05
-13.989445712356673,108.75,1.5602433e-05,2.2606851e-05
-13.989445712356673,110.625,1.3806781e-05,1.9081323e-05
-13.989445712356673,112.5,1.6481074e-05,2.4881783e-05
-13.989445712356673,114.375,1.8042052e-05,2.894774e-05
-13.989445712356673,116.25,1.9409592e-05,3.0028828e-05
-13.989445712356673,118.125,2.3368913e-05,3.1651296e-05
-13.989445712356673,120.0,2.5121519e-05,3.6988484e-05
-13.989445712356673,121.875,2.143524e-05,3.0714466e-05
-13.989445712356673,123.75,2.4335608e-05,3.3948243e-05
-13.989445712356673,125.625,4.1687592e-05,3.270662e-05
-13.989445712356673,127.5,5.3189938e-06,1.0208951e-05
-13.989445712356673,129.375,5.7836314e-05,3.319568e-05
-13.989445712356673,131.25,3.36363e-05,2.2244913e-05
-13.989445712356673,133.125,8.809796e-06,1.3974905e-05
-13.989445712356673,135.0,7.791303e-06,1.1223697e-05
-13.989445712356673,136.875,8.664937e-06,1.1679478e-05
-13.989445712356673,138.75,1.0594174e-05,1.5895484e-05
-13.989445712356673,140.625,1.9098352e-05,2.0735191e-05
-13.989445712356673,142.5,3.1979603e-06,6.57771e-06
-13.989445712356673,144.375,1.2592203e-05,1.2208348e-05
-13.989445712356673,146.25,1.3096482e-05,1.300416e-05
-13.989445712356673,148.125,2.5684954e-05,2.7575752e-05
-13.989445712356673,150.0,3.2885036e-05,3.2946566e-05
-13.989445712356673,151.875,3.1851345e-05,2.930984e-05
-13.989445712356673,153.75,3.7098584e-05,3.0782634e-05
-13.989445712356673,155.625,5.6570563e-05,4.011978e-05
-13.989445712356673,157.5,6.937799e-05,4.6820664e-05
-13.989445712356673,159.375,6.6407214e-05,4.5558827e-05
-13.989445712356673,161.25,6.7014014e-05,3.9639628e-05
-13.989445712356673,163.125,7.980471e-05,4.0460047e-05
-13.989445712356673,165.0,9.271848e-05,3.9517974e-05
-13.989445712356673,166.875,9.1743925e-05,3.440039e-05
-13.989445712356673,168.75,9.049587e-05,3.3089513e-05
-13.989445712356673,170.625,0.00010307765,3.558816e-05
-13.989445712356673,172.5,0.00011453366,3.724991e-05
-13.989445712356673,174.375,0.00011112841,3.7701575e-05
-13.989445712356673,176.25,0.00011300605,3.7771093e-05
-13.989445712356673,178.125,0.00012663168,3.830244e-05
-13.989445712356673,180.0,0.00012803369,3.7570324e-05
-13.989445712356673,181.875,0.00012564853,3.7517708e-05
-13.989445712356673,183.75,0.00013549172,3.9529077e-05
-13.989445712356673,185.625,0.0001401301,3.8891652e-05
-13.989445712356673,187.5,0.00014151262,3.5368896e-05
-13.989445712356673,189.375,0.00014640416,3.755641e-05
-13.989445712356673,191.25,0.00014320928,3.7466983e-05
-13.989445712356673,193.125,0.00013486334,3.561969e-05
-13.989445712356673,195.0,0.00013342209,3.5318677e-05
-13.989445712356673,196.875,0.00012962658,3.4019733e-05
-13.989445712356673,198.75,0.0001195452,3.3801105e-05
-13.989445712356673,200.625,0.00011839902,3.401139e-05
-13.989445712356673,202.5,0.000116846335,3.4095803e-05
-13.989445712356673,204.375,0.00010639675,3.4333152e-05
-13.989445712356673,206.25,0.0001025155,3.4251756e-05
-13.989445712356673,208.125,9.977145e-05,3.302358e-05
-13.989445712356673,210.0,9.15334e-05,3.11945e-05
-13.989445712356673,211.875,8.933985e-05,3.0890325e-05
-13.989445712356673,213.75,8.960493e-05,3.294762e-05
-13.989445712356673,215.625,7.7450386e-05,3.27181e-05
-13.989445712356673,217.5,6.858892e-05,3.3450375e-05
-13.989445712356673,219.375,6.580578e-05,3.4359065e-05
-13.989445712356673,221.25,5.9543196e-05,3.243506e-05
-13.989445712356673,223.125,5.1244566e-05,3.061454e-05
-13.989445712356673,225.0,4.3434102e-05,2.957585e-05
-13.989445712356673,226.875,3.306238e-05,2.665461e-05
-13.989445712356673,228.75,2.843989e-05,2.2649376e-05
-13.989445712356673,230.625,2.7260561e-05,2.1935619e-05
-13.989445712356673,232.5,1.9233046e-05,1.9177563e-05
-13.989445712356673,234.375,1.26057e-05,1.36848585e-05
-13.989445712356673,236.25,1.3193559e-05,1.1540922e-05
-13.989445712356673,238.125,1.0276276e-05,9.553648e-06
-13.989445712356673,240.0,6.0125026e-06,5.509454e-06
-13.989445712356673,241.875,5.6703443e-06,4.225649e-06
-13.989445712356673,243.75,4.959847e-06,4.696617e-06
-13.989445712356673,245.625,3.261427e-06,4.477034e-06
-13.989445712356673,247.5,3.1296438e-06,2.2809968e-06
-13.989445712356673,249.375,3.629337e-06,1.5092576e-06
-13.989445712356673,251.25,2.4301519e-06,9.587021e-07
-13.989445712356673,253.125,1.7797148e-06,7.970449e-07
-13.989445712356673,255.0,1.5454623e-06,6.894492e-07
-13.989445712356673,256.875,1.3055076e-06,6.364396e-07
-13.989445712356673,258.75,1.3000258e-06,5.435776e-07
-13.989445712356673,260.625,1.2007129e-06,5.6478154e-07
-13.989445712356673,262.5,1.2351557e-06,5.101666e-07
-13.989445712356673,264.375,1.7677522e-06,6.9795584e-07
-13.989445712356673,266.25,1.8850998e-06,8.06889e-07
-13.989445712356673,268.125,1.9822758e-06,1.052759e-06
-13.989445712356673,270.0,2.3986827e-06,9.0285613e-07
-13.989445712356673,271.875,3.1773377e-06,7.540804e-07
-13.989445712356673,273.75,2.7465198e-06,1.2687145e-06
-13.989445712356673,275.625,3.1164136e-06,1.2373031e-06
-13.989445712356673,277.5,4.764971e-06,1.2032967e-06
-13.989445712356673,279.375,7.646317e-06,2.241563e-06
-13.989445712356673,281.25,6.879422e-06,2.131564e-06
-13.989445712356673,283.125,3.1839531e-06,2.1269484e-06
-13.989445712356673,285.0,2.4528788e-05,2.220419e-05
-13.989445712356673,286.875,6.633178e-05,3.0913718e-05
-13.989445712356673,288.75,0.00011194174,2.3687575e-05
-13.989445712356673,290.625,0.00014200174,1.8507515e-05
-13.989445712356673,292.5,0.00010707676,2.344604e-05
-13.989445712356673,294.375,3.1920994e-05,2.1486332e-05
-13.989445712356673,296.25,7.214742e-05,2.5572575e-05
-13.989445712356673,298.125,0.00012106675,2.5358215e-05
-13.989445712356673,300.0,0.000106736654,2.6918966e-05
-13.989445712356673,301.875,9.2174516e-05,2.5707737e-05
-13.989445712356673,303.75,0.0001030601,2.8185616e-05
-13.989445712356673,305.625,0.00010808407,3.2966003e-05
-13.989445712356673,307.5,0.00010057097,3.8549133e-05
-13.989445712356673,309.375,9.751296e-05,3.8767586e-05
-13.989445712356673,311.25,9.3404626e-05,3.5632384e-05
-13.989445712356673,313.125,7.010018e-05,3.1430456e-05
-13.989445712356673,315.0,5.0541097e-05,2.828698e-05
-13.989445712356673,316.875,4.558169e-05,2.546673e-05
-13.989445712356673,318.75,4.1337385e-05,2.607975e-05
-13.989445712356673,320.625,3.103396e-05,2.3165878e-05
-13.989445712356673,322.5,3.0835672e-05,2.512537e-05
-13.989445712356673,324.375,2.3389599e-05,2.5071633e-05
-13.989445712356673,326.25,1.6741724e-05,1.9552212e-05
-13.989445712356673,328.125,1.1298387e-05,1.2930485e-05
-13.989445712356673,330.0,7.0876895e-06,8.8960805e-06
-13.989445712356673,331.875,4.3993487e-06,4.793629e-06
-13.989445712356673,333.75,3.359266e-06,2.2369343e-06
-13.989445712356673,335.625,2.719225e-06,1.518468e-06
-13.989445712356673,337.5,2.243124e-06,8.943702e-07
-13.989445712356673,339.375,2.4874735e-06,9.110864e-07
-13.989445712356673,341.25,2.5403906e-06,9.445527e-07
-13.989445712356673,343.125,2.0681844e-06,7.1600635e-07
-13.989445712356673,345.0,2.018818e-06,7.470699e-07
-13.989445712356673,346.875,2.2807358e-06,8.825829e-07
-13.989445712356673,348.75,2.2926572e-06,8.6626864e-07
-13.989445712356673,350.625,2.0579212e-06,8.6193245e-07
-13.989445712356673,352.5,2.2002816e-06,8.6361405e-07
-13.989445712356673,354.375,2.58019e-06,9.661331e-07
-13.989445712356673,356.25,2.5449765e-06,9.2047713e-07
-13.989445712356673,358.125,2.5007262e-06,9.221227e-07
-12.124187123455766,0.0,2.96683e-06,1.6440241e-06
-12.124187123455766,1.875,3.5387782e-06,2.580266e-06
-12.124187123455766,3.75,2.837447e-06,2.804386e-06
-12.124187123455766,5.625,3.6050458e-06,5.3201325e-06
-12.124187123455766,7.5,1.1093815e-05,1.6827442e-05
-12.124187123455766,9.375,2.1647955e-05,2.63081e-05
-12.124187123455766,11.25,3.6637335e-05,2.8954972e-05
-12.124187123455766,13.125,0.00012143618,4.9303304e-05
-12.124187123455766,15.0,0.00010831627,2.009061e-05
-12.124187123455766,16.875,9.6833006e-05,1.5777761e-05
-12.124187123455766,18.75,0.00010099755,1.6753149e-05
-12.124187123455766,20.625,9.4384646e-05,1.94035e-05
-12.124187123455766,22.5,9.37455e-05,1.8192455e-05
-12.124187123455766,24.375,9.369936e-05,2.061265e-05
-12.124187123455766,26.25,8.749278e-05,2.1829586e-05
-12.124187123455766,28.125,7.503566e-05,2.1068534e-05
-12.124187123455766,30.0,6.8502144e-05,1.9483037e-05
-12.124187123455766,31.875,6.156468e-05,2.1277145e-05
-12.124187123455766,33.75,4.4971817e-05,2.0479862e-05
-12.124187123455766,35.625,3.8439946e-05,1.8640438e-05
-12.124187123455766,37.5,3.387445e-05,2.0700729e-05
-12.124187123455766,39.375,2.4566394e-05,2.1539232e-05
-12.124187123455766,41.25,3.0157822e-05,2.6331858e-05
-12.124187123455766,43.125,3.1380678e-05,2.282178e-05
-12.124187123455766,45.0,3.4220462e-05,2.5404543e-05
-12.124187123455766,46.875,2.9512523e-05,2.3506504e-05
-12.124187123455766,48.75,2.5598672e-05,1.9945055e-05
-12.124187123455766,50.625,2.8390843e-05,1.9975247e-05
-12.124187123455766,52.5,3.660482e-05,2.5446498e-05
-12.124187123455766,54.375,4.2182026e-05,2.903666e-05
-12.124187123455766,56.25,4.91568e-05,3.400606e-05
-12.124187123455766,58.125,5.1246247e-05,3.389204e-05
-12.124187123455766,60.0,5.1879586e-05,3.3490855e-05
-12.124187123455766,61.875,5.684711e-05,3.71538e-05
-12.124187123455766,63.75,6.262866e-05,3.822692e-05
-12.124187123455766,65.625,6.432953e-05,3.8572587e-05
-12.124187123455766,67.5,6.755778e-05,4.0270275e-05
-12.124187123455766,69.375,6.90686e-05,4.140509e-05
-12.124187123455766,71.25,6.231053e-05,3.7953094e-05
-12.124187123455766,73.125,5.6786525e-05,3.4131626e-05
-12.124187123455766,75.0,5.977411e-05,3.6115624e-05
-12.124187123455766,76.875,6.460875e-05,3.8835977e-05
-12.124187123455766,78.75,6.395894e-05,3.8442482e-05
-12.124187123455766,80.625,6.187392e-05,3.9530245e-05
-12.124187123455766,82.5,5.7100504e-05,3.82902e-05
-12.124187123455766,84.375,5.171463e-05,3.6564634e-05
-12.124187123455766,86.25,5.1460895e-05,3.6284735e-05
-12.124187123455766,88.125,5.276792e-05,3.9390823e-05
-12.124187123455766,90.0,4.7799622e-05,3.786096e-05
-12.124187123455766,91.875,4.1981108e-05,3.4884215e-05
-12.124187123455766,93.75,4.310689e-05,3.7524394e-05
-12.124187123455766,95.625,4.5853183e-05,4.0863386e-05
-12.124187123455766,97.5,4.3329877e-05,3.8795763e-05
-12.124187123455766,99.375,4.1028317e-05,3.84886e-05
-12.124187123455766,101.25,4.0240557e-05,3.9095452e-05
-12.124187123455766,103.125,3.9164355e-05,3.7916274e-05
-12.124187123455766,105.0,3.8178852e-05,3.7575734e-05
-12.124187123455766,106.875,3.8650334e-05,4.0604773e-05
-12.124187123455766,108.75,3.4207213e-05,3.740884e-05
-12.124187123455766,110.625,2.9490411e-05,2.9350515e-05
-12.124187123455766,112.5,2.9346022e-05,2.790588e-05
-12.124187123455766,114.375,2.7653976e-05,3.0267694e-05
-12.124187123455766,116.25,2.6700818e-05,2.9306868e-05
-12.124187123455766,118.125,3.0638817e-05,3.0398858e-05
-12.124187123455766,120.0,3.4612378e-05,3.793472e-05
-12.124187123455766,121.875,3.190633e-05,3.8343554e-05
-12.124187123455766,123.75,3.8485e-05,4.181463e-05
-12.124187123455766,125.625,5.1386553e-05,4.8818234e-05
-12.124187123455766,127.5,3.488683e-05,3.7460253e-05
-12.124187123455766,129.375,3.1103154e-05,3.0226856e-05
-12.124187123455766,131.25,4.327317e-05,3.454971e-05
-12.124187123455766,133.125,2.7509332e-06,6.791935e-06
-12.124187123455766,135.0,1.9167817e-05,1.8518082e-05
-12.124187123455766,136.875,1.5114755e-05,1.9050196e-05
-12.124187123455766,138.75,2.2714341e-05,2.6959426e-05
-12.124187123455766,140.625,2.7032966e-05,2.9464614e-05
-12.124187123455766,142.5,4.216051e-06,7.240857e-06
-12.124187123455766,144.375,9.305439e-06,8.7041035e-06
-12.124187123455766,146.25,1.4544702e-05,1.3500812e-05
-12.124187123455766,148.125,3.3588636e-05,2.5989313e-05
-12.124187123455766,150.0,4.7795475e-05,3.457933e-05
-12.124187123455766,151.875,5.3564756e-05,3.45879e-05
-12.124187123455766,153.75,6.9131354e-05,3.8134425e-05
-12.124187123455766,155.625,9.0931884e-05,4.6595193e-05
-12.124187123455766,157.5,9.776778e-05,5.047007e-05
-12.124187123455766,159.375,0.0001007832,4.7795464e-05
-12.124187123455766,161.25,0.00011163259,4.451004e-05
-12.124187123455766,163.125,0.00011606449,4.266556e-05
-12.124187123455766,165.0,0.0001191698,3.8606035e-05
-12.124187123455766,166.875,0.00012685363,3.608057e-05
-12.124187123455766,168.75,0.00012573299,3.615779e-05
-12.124187123455766,170.625,0.00012939831,3.6813777e-05
-12.124187123455766,172.5,0.00014162668,3.7706985e-05
-12.124187123455766,174.375,0.00014065707,3.7419566e-05
-12.124187123455766,176.25,0.00013441165,3.6480535e-05
-12.124187123455766,178.125,0.00013924096,3.658866e-05
-12.124187123455766,180.0,0.00014427418,3.7187318e-05
-12.124187123455766,181.875,0.00014490109,3.832429e-05
-12.124187123455766,183.75,0.00014531883,3.9175622e-05
-12.124187123455766,185.625,0.00013940441,3.6560934e-05
-12.124187123455766,187.5,0.00013409903,3.5706515e-05
-12.124187123455766,189.375,0.00013798763,3.7598154e-05
-12.124187123455766,191.25,0.00013628365,3.8974187e-05
-12.124187123455766,193.125,0.00012706275,3.658931e-05
-12.124187123455766,195.0,0.00012425677,3.510964e-05
-12.124187123455766,196.875,0.000119292214,3.4809724e-05
-12.124187123455766,198.75,0.00010586669,3.608528e-05
-12.124187123455766,200.625,9.975467e-05,3.7766204e-05
-12.124187123455766,202.5,9.613359e-05,3.8683953e-05
-12.124187123455766,204.375,8.5421874e-05,3.5711393e-05
-12.124187123455766,206.25,7.913928e-05,3.384232e-05
-12.124187123455766,208.125,7.711749e-05,3.3436943e-05
-12.124187123455766,210.0,6.975412e-05,3.2711825e-05
-12.124187123455766,211.875,6.297707e-05,3.2844815e-05
-12.124187123455766,213.75,5.8586793e-05,3.3283068e-05
-12.124187123455766,215.625,5.120239e-05,3.1709922e-05
-12.124187123455766,217.5,4.680684e-05,2.934881e-05
-12.124187123455766,219.375,4.1524767e-05,2.9041503e-05
-12.124187123455766,221.25,3.1768606e-05,2.4775922e-05
-12.124187123455766,223.125,2.7209544e-05,2.1909766e-05
-12.124187123455766,225.0,2.6223492e-05,2.1601232e-05
-12.124187123455766,226.875,1.9882758e-05,1.9392312e-05
-12.124187123455766,228.75,1.4899391e-05,1.5784777e-05
-12.124187123455766,230.625,1.3429292e-05,1.3295196e-05
-12.124187123455766,232.5,1.1204019e-05,1.2730978e-05
-12.124187123455766,234.375,7.897024e-06,9.038891e-06
-12.124187123455766,236.25,6.145632e-06,6.5743993e-06
-12.124187123455766,238.125,4.4396625e-06,4.567541e-06
-12.124187123455766,240.0,3.3373894e-06,3.7044802e-06
-12.124187123455766,241.875,3.487669e-06,2.7499204e-06
-12.124187123455766,243.75,3.5239236e-06,2.884716e-06
-12.124187123455766,245.625,2.6884163e-06,2.361919e-06
-12.124187123455766,247.5,1.7687878e-06,1.1704731e-06
-12.124187123455766,249.375,1.527414e-06,8.082413e-07
-12.124187123455766,251.25,1.6397557e-06,8.411244e-07
-12.124187123455766,253.125,1.373796e-06,6.6333877e-07
-12.124187123455766,255.0,9.3018275e-07,5.468185e-07
-12.124187123455766,256.875,1.5397476e-06,7.414369e-07
-12.124187123455766,258.75,2.3789119e-06,8.9651127e-07
-12.124187123455766,260.625,9.619965e-07,5.560232e-07
-12.124187123455766,262.5,1.0798008e-06,5.260706e-07
-12.124187123455766,264.375,2.4143783e-06,7.680675e-07
-12.124187123455766,266.25,1.7427263e-06,1.0121547e-06
-12.124187123455766,268.125,1.7062888e-06,9.732738e-07
-12.124187123455766,270.0,2.6685477e-06,1.0669181e-06
-12.124187123455766,271.875,3.63787e-06,1.0969426e-06
-12.124187123455766,273.75,2.622723e-06,1.3411067e-06
-12.124187123455766,275.625,2.6466475e-06,9.749022e-07
-12.124187123455766,277.5,5.464522e-06,1.0274081e-06
-12.124187123455766,279.375,9.01174e-06,2.278972e-06
-12.124187123455766,281.25,5.893505e-06,1.6230028e-06
-12.124187123455766,283.125,1.3302064e-05,1.7501236e-05
-12.124187123455766,285.0,5.1161973e-05,3.130331e-05
-12.124187123455766,286.875,0.00011820682,2.225853e-05
-12.124187123455766,288.75,0.00014493716,2.7220727e-05
-12.124187123455766,290.625,0.0001228448,2.4292922e-05
-12.124187123455766,292.5,5.422419e-05,2.7639799e-05
-12.124187123455766,294.375,0.00010498479,3.546987e-05
-12.124187123455766,296.25,0.00016668158,2.7892203e-05
-12.124187123455766,298.125,0.00012736257,2.805522e-05
-12.124187123455766,300.0,9.3026385e-05,2.8254726e-05
-12.124187123455766,301.875,0.00010294952,3.3457436e-05
-12.124187123455766,303.75,0.0001129253,3.0912317e-05
-12.124187123455766,305.625,0.000105942425,3.1689306e-05
-12.124187123455766,307.5,0.000109248394,3.3447428e-05
-12.124187123455766,309.375,9.031597e-05,3.6368812e-05
-12.124187123455766,311.25,8.021042e-05,3.5487566e-05
-12.124187123455766,313.125,6.823175e-05,3.1928193e-05
-12.124187123455766,315.0,5.487291e-05,3.037343e-05
-12.124187123455766,316.875,4.1129017e-05,2.5327683e-05
-12.124187123455766,318.75,3.2650263e-05,2.3790373e-05
-12.124187123455766,320.625,2.7612243e-05,2.1762811e-05
-12.124187123455766,322.5,2.8256936e-05,2.5202393e-05
-12.124187123455766,324.375,1.6353044e-05,1.7143611e-05
-12.124187123455766,326.25,1.1379939e-05,1.3571899e-05
-12.124187123455766,328.125,9.860333e-06,1.01422e-05
-12.124187123455766,330.0,7.676163e-06,8.397961e-06
-12.124187123455766,331.875,5.287736e-06,6.019039e-06
-12.124187123455766,333.75,4.6109717e-06,4.081057e-06
-12.124187123455766,335.625,3.8012874e-06,3.4223258e-06
-12.124187123455766,337.5,3.055181e-06,2.4079766e-06
-12.124187123455766,339.375,2.9924115e-06,2.2522045e-06
-12.124187123455766,341.25,2.8185314e-06,2.009096e-06
-12.124187123455766,343.125,2.7085782e-06,1.6454119e-06
-12.124187123455766,345.0,2.6525688e-06,1.2644338e-06
-12.124187123455766,346.875,2.6425819e-06,1.2008842e-06
-12.124187123455766,348.75,2.6674388e-06,1.228534e-06
-12.124187123455766,350.625,2.5172799e-06,1.2521094e-06
-12.124187123455766,352.5,2.4891895e-06,1.4718153e-06
-12.124187123455766,354.375,2.8428312e-06,1.522193e-06
-12.124187123455766,356.25,2.8692534e-06,1.6053174e-06
-12.124187123455766,358.125,2.5739375e-06,1.4541149e-06
-10.258928168006376,0.0,3.2675935e-06,4.870492e-06
-10.258928168006376,1.875,4.2697834e-06,7.72081e-06
-10.258928168006376,3.75,5.7115813e-06,1.0122894e-05
-10.258928168006376,5.625,1.0152267e-05,1.47072915e-05
-10.258928168006376,7.5,2.7659005e-05,2.687287e-05
-10.258928168006376,9.375,5.4595628e-05,3.9807124e-05
-10.258928168006376,11.25,7.637128e-05,4.015414e-05
-10.258928168006376,13.125,0.00012082941,2.8362892e-05
-10.258928168006376,15.0,0.00012613439,1.8457975e-05
-10.258928168006376,16.875,0.000101979764,1.41320215e-05
-10.258928168006376,18.75,0.000108536326,1.36858125e-05
-10.258928168006376,20.625,0.00010118092,1.7590623e-05
-10.258928168006376,22.5,0.0001017797,1.636381e-05
-10.258928168006376,24.375,0.00010522168,1.6131475e-05
-10.258928168006376,26.25,9.53161e-05,1.8338395e-05
-10.258928168006376,28.125,7.7782635e-05,1.9597763e-05
-10.258928168006376,30.0,7.146872e-05,1.9013425e-05
-10.258928168006376,31.875,5.783661e-05,2.0928297e-05
-10.258928168006376,33.75,3.790444e-05,1.956791e-05
-10.258928168006376,35.625,3.177357e-05,1.9651436e-05
-10.258928168006376,37.5,2.5898453e-05,2.0317237e-05
-10.258928168006376,39.375,1.5520984e-05,1.704046e-05
-10.258928168006376,41.25,2.8375403e-05,2.007936e-05
-10.258928168006376,43.125,3.3223223e-05,1.9446747e-05
-10.258928168006376,45.0,3.793918e-05,2.2719574e-05
-10.258928168006376,46.875,3.8744904e-05,2.4320763e-05
-10.258928168006376,48.75,4.269063e-05,2.5988069e-05
-10.258928168006376,50.625,5.266645e-05,3.0465011e-05
-10.258928168006376,52.5,5.86166e-05,3.3390585e-05
-10.258928168006376,54.375,6.350162e-05,3.810419e-05
-10.258928168006376,56.25,6.63471e-05,4.0486007e-05
-10.258928168006376,58.125,6.6858214e-05,3.9670358e-05
-10.258928168006376,60.0,7.414139e-05,4.0830368e-05
-10.258928168006376,61.875,8.834016e-05,4.5441968e-05
-10.258928168006376,63.75,9.274412e-05,4.6789388e-05
-10.258928168006376,65.625,8.4454725e-05,4.3031436e-05
-10.258928168006376,67.5,8.432869e-05,4.4989774e-05
-10.258928168006376,69.375,8.562225e-05,4.4507233e-05
-10.258928168006376,71.25,8.30424e-05,4.2945438e-05
-10.258928168006376,73.125,8.432197e-05,4.3823635e-05
-10.258928168006376,75.0,8.676455e-05,4.534693e-05
-10.258928168006376,76.875,8.617185e-05,4.5502067e-05
-10.258928168006376,78.75,8.765336e-05,4.5642755e-05
-10.258928168006376,80.625,8.707677e-05,4.4952238e-05
-10.258928168006376,82.5,8.229066e-05,4.4666194e-05
-10.258928168006376,84.375,8.382375e-05,4.72895e-05
-10.258928168006376,86.25,8.6108135e-05,4.8961578e-05
-10.258928168006376,88.125,7.580543e-05,4.54406e-05
-10.258928168006376,90.0,6.856497e-05,4.2708012e-05
-10.258928168006376,91.875,7.575444e-05,4.7229805e-05
-10.258928168006376,93.75,7.890639e-05,4.941447e-05
-10.258928168006376,95.625,7.275438e-05,4.6385827e-05
-10.258928168006376,97.5,7.07258e-05,4.4833876e-05
-10.258928168006376,99.375,7.1214155e-05,4.4672975e-05
-10.258928168006376,101.25,7.00776e-05,4.464597e-05
-10.258928168006376,103.125,6.69245e-05,4.3041502e-05
-10.258928168006376,105.0,6.267025e-05,4.2106138e-05
-10.258928168006376,106.875,5.8265367e-05,4.1329666e-05
-10.258928168006376,108.75,5.2437346e-05,3.6474103e-05
-10.258928168006376,110.625,4.8306556e-05,3.1277978e-05
-10.258928168006376,112.5,4.5324137e-05,3.034596e-05
-10.258928168006376,114.375,4.0724164e-05,3.3768516e-05
-10.258928168006376,116.25,3.930591e-05,3.490098e-05
-10.258928168006376,118.125,4.6061596e-05,3.6737045e-05
-10.258928168006376,120.0,4.750723e-05,4.0368475e-05
-10.258928168006376,121.875,4.3452546e-05,4.1566873e-05
-10.258928168006376,123.75,4.725317e-05,4.501277e-05
-10.258928168006376,125.625,4.9024642e-05,5.2497475e-05
-10.258928168006376,127.5,3.953388e-05,4.4046934e-05
-10.258928168006376,129.375,2.728223e-05,3.423883e-05
-10.258928168006376,131.25,3.0729367e-05,3.529755e-05
-10.258928168006376,133.125,2.7620837e-05,3.22557e-05
-10.258928168006376,135.0,2.2417922e-05,2.5079209e-05
-10.258928168006376,136.875,3.4675446e-05,3.4196815e-05
-10.258928168006376,138.75,3.7900558e-05,3.862085e-05
-10.258928168006376,140.625,1.7076503e-05,1.9910678e-05
-10.258928168006376,142.5,9.9147765e-06,1.2076485e-05
-10.258928168006376,144.375,1.4255447e-05,1.6385395e-05
-10.258928168006376,146.25,3.3599998e-05,2.5417754e-05
-10.258928168006376,148.125,4.7390364e-05,3.0295694e-05
-10.258928168006376,150.0,4.9334703e-05,3.2979864e-05
-10.258928168006376,151.875,6.74874e-05,3.562272e-05
-10.258928168006376,153.75,0.00010295278,4.2516407e-05
-10.258928168006376,155.625,0.000117313946,4.5730092e-05
-10.258928168006376,157.5,0.000112016496,4.7240548e-05
-10.258928168006376,159.375,0.00012802314,4.5702356e-05
-10.258928168006376,161.25,0.00014598407,4.2741685e-05
-10.258928168006376,163.125,0.00013206144,4.0181687e-05
-10.258928168006376,165.0,0.00012611173,3.743882e-05
-10.258928168006376,166.875,0.00014887126,3.6096484e-05
-10.258928168006376,168.75,0.00015349447,3.774659e-05
-10.258928168006376,170.625,0.00014056587,3.8741557e-05
-10.258928168006376,172.5,0.00014401542,3.853198e-05
-10.258928168006376,174.375,0.00014842222,3.871571e-05
-10.258928168006376,176.25,0.00014137338,3.925401e-05
-10.258928168006376,178.125,0.00013584612,4.291441e-05
-10.258928168006376,180.0,0.00013330723,4.403754e-05
-10.258928168006376,181.875,0.00013151934,4.3938897e-05
-10.258928168006376,183.75,0.00012767069,4.2643358e-05
-10.258928168006376,185.625,0.000119217395,4.1970558e-05
-10.258928168006376,187.5,0.00011079412,4.2082465e-05
-10.258928168006376,189.375,0.00010888183,4.1614487e-05
-10.258928168006376,191.25,0.000103139726,4.0237024e-05
-10.258928168006376,193.125,8.866666e-05,3.5488818e-05
-10.258928168006376,195.0,7.920057e-05,3.4274537e-05
-10.258928168006376,196.875,7.1763425e-05,3.410183e-05
-10.258928168006376,198.75,6.203521e-05,3.290927e-05
-10.258928168006376,200.625,5.7331967e-05,3.2362088e-05
-10.258928168006376,202.5,5.5668243e-05,3.1345902e-05
-10.258928168006376,204.375,4.879963e-05,2.9088842e-05
-10.258928168006376,206.25,4.3945318e-05,2.7898433e-05
-10.258928168006376,208.125,4.1069557e-05,2.9056084e-05
-10.258928168006376,210.0,3.558445e-05,2.813911e-05
-10.258928168006376,211.875,3.1380103e-05,2.679106e-05
-10.258928168006376,213.75,2.661748e-05,2.3774795e-05
-10.258928168006376,215.625,2.1566368e-05,1.9639101e-05
-10.258928168006376,217.5,1.987312e-05,1.784175e-05
-10.258928168006376,219.375,1.6520888e-05,1.6237822e-05
-10.258928168006376,221.25,1.11779045e-05,1.2764629e-05
-10.258928168006376,223.125,9.639435e-06,1.0815631e-05
-10.258928168006376,225.0,1.0309466e-05,1.14293525e-05
-10.258928168006376,226.875,7.922867e-06,1.0592205e-05
-10.258928168006376,228.75,5.151688e-06,8.356507e-06
-10.258928168006376,230.625,4.5727134e-06,6.5924723e-06
-10.258928168006376,232.5,4.4137983e-06,5.651381e-06
-10.258928168006376,234.375,3.5593798e-06,4.32041e-06
-10.258928168006376,236.25,2.4429628e-06,3.095646e-06
-10.258928168006376,238.125,1.9118138e-06,1.8971928e-06
-10.258928168006376,240.0,1.98797e-06,2.2767786e-06
-10.258928168006376,241.875,1.7597754e-06,1.9643624e-06
-10.258928168006376,243.75,1.4669016e-06,1.1922684e-06
-10.258928168006376,245.625,1.7586397e-06,1.0012102e-06
-10.258928168006376,247.5,1.4025569e-06,7.4804655e-07
-10.258928168006376,249.375,8.178347e-07,5.4906866e-07
-10.258928168006376,251.25,1.3380454e-06,7.553125e-07
-10.258928168006376,253.125,1.7983209e-06,7.868328e-07
-10.258928168006376,255.0,7.8577665e-07,4.7088588e-07
-10.258928168006376,256.875,1.074561e-06,5.555967e-07
-10.258928168006376,258.75,2.3142175e-06,8.4139737e-07
-10.258928168006376,260.625,9.4321337e-07,6.1143686e-07
-10.258928168006376,262.5,9.114161e-07,5.603504e-07
-10.258928168006376,264.375,2.3802056e-06,8.1431904e-07
-10.258928168006376,266.25,2.2022787e-06,1.2736274e-06
-10.258928168006376,268.125,1.4489266e-06,1.0339712e-06
-10.258928168006376,270.0,2.4405788e-06,9.725754e-07
-10.258928168006376,271.875,3.2670066e-06,9.682304e-07
-10.258928168006376,273.75,2.8480881e-06,1.2834753e-06
-10.258928168006376,275.625,2.9754256e-06,8.8708816e-07
-10.258928168006376,277.5,7.641517e-06,1.8265699e-06
-10.258928168006376,279.375,8.650531e-06,2.192553e-06
-10.258928168006376,281.25,5.6659965e-06,4.843142e-06
-10.258928168006376,283.125,4.0266583e-05,2.718685e-05
-10.258928168006376,285.0,9.355173e-05,2.47194e-05
-10.258928168006376,286.875,0.00010450933,2.4979987e-05
-10.258928168006376,288.75,8.45654e-05,2.5054043e-05
-10.258928168006376,290.625,0.00011847537,2.5417745e-05
-10.258928168006376,292.5,0.00015067593,2.512895e-05
-10.258928168006376,294.375,0.00016571542,3.085917e-05
-10.258928168006376,296.25,0.00014533321,3.2805816e-05
-10.258928168006376,298.125,0.00010771811,2.6320864e-05
-10.258928168006376,300.0,9.568259e-05,3.292142e-05
-10.258928168006376,301.875,0.000120487566,3.1210235e-05
-10.258928168006376,303.75,0.000116357645,3.0790667e-05
-10.258928168006376,305.625,0.000103668375,2.9587092e-05
-10.258928168006376,307.5,9.808117e-05,2.817548e-05
-10.258928168006376,309.375,9.2953145e-05,2.909635e-05
-10.258928168006376,311.25,7.879537e-05,2.9915935e-05
-10.258928168006376,313.125,6.59722e-05,2.9942581e-05
-10.258928168006376,315.0,5.6896555e-05,2.8831273e-05
-10.258928168006376,316.875,3.90215e-05,2.3474939e-05
-10.258928168006376,318.75,2.6495796e-05,2.1596048e-05
-10.258928168006376,320.625,2.3323768e-05,1.934077e-05
-10.258928168006376,322.5,1.8109482e-05,1.7909666e-05
-10.258928168006376,324.375,1.831173e-05,1.8243642e-05
-10.258928168006376,326.25,1.1637362e-05,1.1001752e-05
-10.258928168006376,328.125,1.1442343e-05,1.106075e-05
-10.258928168006376,330.0,9.641628e-06,1.0130819e-05
-10.258928168006376,331.875,7.661733e-06,8.199377e-06
-10.258928168006376,333.75,7.2800403e-06,8.508459e-06
-10.258928168006376,335.625,6.4075366e-06,8.363062e-06
-10.258928168006376,337.5,5.749555e-06,7.3601555e-06
-10.258928168006376,339.375,5.189484e-06,6.242616e-06
-10.258928168006376,341.25,4.31674e-06,5.3127887e-06
-10.258928168006376,343.125,4.2454053e-06,5.0416265e-06
-10.258928168006376,345.0,4.377156e-06,5.2225605e-06
-10.258928168006376,346.875,3.73842e-06,5.3826916e-06
-10.258928168006376,348.75,3.665983e-06,4.663661e-06
-10.258928168006376,350.625,4.1005906e-06,4.6307878e-06
-10.258928168006376,352.5,3.4236734e-06,4.151365e-06
-10.258928168006376,354.375,3.333192e-06,4.442804e-06
-10.258928168006376,356.25,3.7649716e-06,5.1500538e-06
-10.258928168006376,358.125,3.1869474e-06,4.187319e-06
-8.393668907692383,0.0,7.701549e-06,1.3542782e-05
-8.393668907692383,1.875,1.1722068e-05,1.773672e-05
-8.393668907692383,3.75,1.9609202e-05,2.2580214e-05
-8.393668907692383,5.625,3.642848e-05,3.1037784e-05
-8.393668907692383,7.5,7.159028e-05,4.1475796e-05
-8.393668907692383,9.375,0.00010763349,4.2651285e-05
-8.393668907692383,11.25,0.00010440117,2.871221e-05
-8.393668907692383,13.125,0.00014810819,2.6672478e-05
-8.393668907692383,15.0,0.000110755354,1.6235503e-05
-8.393668907692383,16.875,0.00010285876,1.3696237e-05
-8.393668907692383,18.75,0.00012438283,1.342664e-05
-8.393668907692383,20.625,0.00011154498,1.7155173e-05
-8.393668907692383,22.5,0.00010945582,1.657114e-05
-8.393668907692383,24.375,0.000107591484,1.5201047e-05
-8.393668907692383,26.25,9.2368864e-05,1.697327e-05
-8.393668907692383,28.125,8.33284e-05,2.0013824e-05
-8.393668907692383,30.0,8.3696636e-05,2.0928366e-05
-8.393668907692383,31.875,5.91951e-05,2.1096826e-05
-8.393668907692383,33.75,3.638274e-05,2.1184187e-05
-8.393668907692383,35.625,3.2809232e-05,2.0986867e-05
-8.393668907692383,37.5,2.1742318e-05,1.8687993e-05
-8.393668907692383,39.375,9.435073e-06,1.0342356e-05
-8.393668907692383,41.25,2.9263576e-05,1.5501651e-05
-8.393668907692383,43.125,4.180492e-05,2.111777e-05
-8.393668907692383,45.0,4.532354e-05,2.2970551e-05
-8.393668907692383,46.875,4.540823e-05,2.2251874e-05
-8.393668907692383,48.75,6.131519e-05,3.0346322e-05
-8.393668907692383,50.625,6.899819e-05,3.4126115e-05
-8.393668907692383,52.5,6.446109e-05,3.2425636e-05
-8.393668907692383,54.375,7.228541e-05,3.5864236e-05
-8.393668907692383,56.25,8.613095e-05,4.0606632e-05
-8.393668907692383,58.125,8.907492e-05,4.3522632e-05
-8.393668907692383,60.0,9.584131e-05,4.627566e-05
-8.393668907692383,61.875,0.000103391576,4.6166988e-05
-8.393668907692383,63.75,0.00010117844,4.3345874e-05
-8.393668907692383,65.625,9.91127e-05,4.3784687e-05
-8.393668907692383,67.5,0.00010111833,4.5784793e-05
-8.393668907692383,69.375,9.969885e-05,4.673567e-05
-8.393668907692383,71.25,9.890869e-05,4.581507e-05
-8.393668907692383,73.125,0.000105455285,4.7297388e-05
-8.393668907692383,75.0,0.00010148026,4.6755824e-05
-8.393668907692383,76.875,8.916353e-05,4.2766405e-05
-8.393668907692383,78.75,9.157955e-05,4.2732565e-05
-8.393668907692383,80.625,9.732401e-05,4.5157594e-05
-8.393668907692383,82.5,9.2030525e-05,4.4290617e-05
-8.393668907692383,84.375,9.567297e-05,4.5418798e-05
-8.393668907692383,86.25,9.677755e-05,4.6387348e-05
-8.393668907692383,88.125,8.433669e-05,4.3525688e-05
-8.393668907692383,90.0,8.842678e-05,4.4840126e-05
-8.393668907692383,91.875,0.00010502643,4.991264e-05
-8.393668907692383,93.75,0.00010086158,4.8291953e-05
-8.393668907692383,95.625,9.196698e-05,4.3513435e-05
-8.393668907692383,97.5,9.758301e-05,4.4144763e-05
-8.393668907692383,99.375,9.532927e-05,4.167202e-05
-8.393668907692383,101.25,8.558115e-05,3.784858e-05
-8.393668907692383,103.125,8.378626e-05,3.9567476e-05
-8.393668907692383,105.0,8.088916e-05,3.8680748e-05
-8.393668907692383,106.875,8.258975e-05,3.6597958e-05
-8.393668907692383,108.75,8.989214e-05,3.7597012e-05
-8.393668907692383,110.625,3.1046882e-05,3.3966e-05
-8.393668907692383,112.5,6.965971e-05,4.420434e-05
-8.393668907692383,114.375,6.497614e-05,4.507334e-05
-8.393668907692383,116.25,5.847508e-05,5.1251947e-05
-8.393668907692383,118.125,5.75036e-05,5.4695007e-05
-8.393668907692383,120.0,5.463122e-05,5.0119237e-05
-8.393668907692383,121.875,4.6357593e-05,4.4535354e-05
-8.393668907692383,123.75,3.9400737e-05,3.9230814e-05
-8.393668907692383,125.625,3.8868406e-05,3.887816e-05
-8.393668907692383,127.5,3.9468025e-05,4.002917e-05
-8.393668907692383,129.375,3.9404724e-05,4.174638e-05
-8.393668907692383,131.25,3.9585997e-05,4.0340143e-05
-8.393668907692383,133.125,2.9693967e-05,3.0947096e-05
-8.393668907692383,135.0,2.1295622e-05,2.3101726e-05
-8.393668907692383,136.875,2.994549e-05,2.5984682e-05
-8.393668907692383,138.75,3.832581e-05,3.061071e-05
-8.393668907692383,140.625,3.3338251e-06,1.0335884e-05
-8.393668907692383,142.5,2.9613595e-05,3.4922028e-05
-8.393668907692383,144.375,6.3759646e-05,3.3317952e-05
-8.393668907692383,146.25,8.381448e-05,3.6069916e-05
-8.393668907692383,148.125,8.835474e-05,3.6194193e-05
-8.393668907692383,150.0,7.0070855e-05,3.391068e-05
-8.393668907692383,151.875,9.108915e-05,4.031105e-05
-8.393668907692383,153.75,0.0001244341,4.5707246e-05
-8.393668907692383,155.625,0.00013377325,4.3671273e-05
-8.393668907692383,157.5,0.00012593901,4.1340994e-05
-8.393668907692383,159.375,0.0001403584,4.853903e-05
-8.393668907692383,161.25,0.00015214842,4.479097e-05
-8.393668907692383,163.125,0.00013524118,4.097075e-05
-8.393668907692383,165.0,0.00012775388,4.2333024e-05
-8.393668907692383,166.875,0.00014312823,4.3597687e-05
-8.393668907692383,168.75,0.00014088747,4.1723262e-05
-8.393668907692383,170.625,0.00012863707,4.2917265e-05
-8.393668907692383,172.5,0.0001257962,4.40592e-05
-8.393668907692383,174.375,0.00012201005,4.6826925e-05
-8.393668907692383,176.25,0.00011325825,5.0043585e-05
-8.393668907692383,178.125,0.00010857549,5.254652e-05
-8.393668907692383,180.0,9.9666046e-05,5.082568e-05
-8.393668907692383,181.875,8.5776395e-05,4.6940033e-05
-8.393668907692383,183.75,7.991936e-05,4.4444932e-05
-8.393668907692383,185.625,7.4536794e-05,4.177767e-05
-8.393668907692383,187.5,6.3855376e-05,3.922703e-05
-8.393668907692383,189.375,5.4920543e-05,3.5477344e-05
-8.393668907692383,191.25,4.7838726e-05,3.13231e-05
-8.393668907692383,193.125,3.836807e-05,2.5993933e-05
-8.393668907692383,195.0,3.27222e-05,2.3370829e-05
-8.393668907692383,196.875,2.9851766e-05,2.1994163e-05
-8.393668907692383,198.75,2.5575655e-05,2.020466e-05
-8.393668907692383,200.625,2.2269869e-05,1.8682269e-05
-8.393668907692383,202.5,2.0003486e-05,1.7943295e-05
-8.393668907692383,204.375,1.7214024e-05,1.6399277e-05
-8.393668907692383,206.25,1.5190774e-05,1.41768405e-05
-8.393668907692383,208.125,1.3175635e-05,1.3260665e-05
-8.393668907692383,210.0,1.10887095e-05,1.19879805e-05
-8.393668907692383,211.875,1.0376037e-05,1.2173138e-05
-8.393668907692383,213.75,8.253857e-06,1.064773e-05
-8.393668907692383,215.625,5.6618546e-06,7.983803e-06
-8.393668907692383,217.5,4.7082435e-06,6.5454847e-06
-8.393668907692383,219.375,4.8438287e-06,6.094836e-06
-8.393668907692383,221.25,3.8692124e-06,5.195948e-06
-8.393668907692383,223.125,2.6177001e-06,3.5278508e-06
-8.393668907692383,225.0,2.4625874e-06,2.998209e-06
-8.393668907692383,226.875,2.2956206e-06,2.826264e-06
-8.393668907692383,228.75,1.9920014e-06,2.6483935e-06
-8.393668907692383,230.625,1.5665944e-06,1.99428e-06
-8.393668907692383,232.5,1.3930553e-06,1.8817858e-06
-8.393668907692383,234.375,1.3503483e-06,1.5857863e-06
-8.393668907692383,236.25,1.2503806e-06,1.2258263e-06
-8.393668907692383,238.125,1.2242073e-06,1.0225532e-06
-8.393668907692383,240.0,1.7188685e-06,1.0875993e-06
-8.393668907692383,241.875,1.1258142e-06,7.530746e-07
-8.393668907692383,243.75,6.6676296e-07,4.713584e-07
-8.393668907692383,245.625,1.2358485e-06,6.802747e-07
-8.393668907692383,247.5,1.774565e-06,9.268566e-07
-8.393668907692383,249.375,8.704602e-07,5.1266437e-07
-8.393668907692383,251.25,1.1966839e-06,6.6007584e-07
-8.393668907692383,253.125,2.118939e-06,9.311495e-07
-8.393668907692383,255.0,7.671447e-07,4.5070945e-07
-8.393668907692383,256.875,6.4126243e-07,3.729688e-07
-8.393668907692383,258.75,1.5730585e-06,7.0185166e-07
-8.393668907692383,260.625,1.1902987e-06,7.5323845e-07
-8.393668907692383,262.5,1.0694816e-06,7.1483663e-07
-8.393668907692383,264.375,1.998469e-06,9.102418e-07
-8.393668907692383,266.25,2.1106787e-06,1.2734762e-06
-8.393668907692383,268.125,1.8281848e-06,1.1716656e-06
-8.393668907692383,270.0,2.6433302e-06,1.0661976e-06
-8.393668907692383,271.875,2.81539e-06,1.2276967e-06
-8.393668907692383,273.75,2.9040434e-06,1.1583948e-06
-8.393668907692383,275.625,3.681175e-06,1.068033e-06
-8.393668907692383,277.5,9.4969455e-06,2.4266487e-06
-8.393668907692383,279.375,7.147509e-06,1.8017581e-06
-8.393668907692383,281.25,1.1065488e-05,1.2363067e-05
-8.393668907692383,283.125,6.485864e-05,2.729044e-05
-8.393668907692383,285.0,0.000102449936,2.2110333e-05
-8.393668907692383,286.875,7.154956e-05,2.8190867e-05
-8.393668907692383,288.75,0.00011612255,3.0079376e-05
-8.393668907692383,290.625,0.0001576171,2.4473124e-05
-8.393668907692383,292.5,0.00016592481,2.7610415e-05
-8.393668907692383,294.375,0.00012924905,2.3719176e-05
-8.393668907692383,296.25,9.261307e-05,2.8390099e-05
-8.393668907692383,298.125,0.00010519998,3.1987376e-05
-8.393668907692383,300.0,0.00013710224,2.5588895e-05
-8.393668907692383,301.875,0.00013235326,2.6501288e-05
-8.393668907692383,303.75,0.00011530987,2.7416192e-05
-8.393668907692383,305.625,9.408044e-05,2.587843e-05
-8.393668907692383,307.5,9.68448e-05,2.6600825e-05
-8.393668907692383,309.375,9.6890755e-05,2.6914622e-05
-8.393668907692383,311.25,8.154794e-05,2.7163445e-05
-8.393668907692383,313.125,7.085785e-05,2.7665656e-05
-8.393668907692383,315.0,6.1314146e-05,2.782494e-05
-8.393668907692383,316.875,4.7626207e-05,2.628436e-05
-8.393668907692383,318.75,3.1230127e-05,2.175926e-05
-8.393668907692383,320.625,2.4754638e-05,1.897356e-05
-8.393668907692383,322.5,1.7324825e-05,1.6318225e-05
-8.393668907692383,324.375,1.0747695e-05,1.0312496e-05
-8.393668907692383,326.25,1.7380484e-05,1.17348345e-05
-8.393668907692383,328.125,1.7875911e-05,1.379156e-05
-8.393668907692383,330.0,1.702214e-05,1.41263035e-05
-8.393668907692383,331.875,1.6642713e-05,1.4478358e-05
-8.393668907692383,333.75,1.6385222e-05,1.5612513e-05
-8.393668907692383,335.625,1.4584916e-05,1.50355145e-05
-8.393668907692383,337.5,1.3647255e-05,1.3208148e-05
-8.393668907692383,339.375,1.1187143e-05,1.1208191e-05
-8.393668907692383,341.25,9.197694e-06,1.064939e-05
-8.393668907692383,343.125,1.0077188e-05,1.205005e-05
-8.393668907692383,345.0,1.0070928e-05,1.2824352e-05
-8.393668907692383,346.875,7.908365e-06,1.1594532e-05
-8.393668907692383,348.75,7.2180806e-06,1.046403e-05
-8.393668907692383,350.625,7.450011e-06,1.1077613e-05
-8.393668907692383,352.5,6.1495684e-06,1.0217107e-05
-8.393668907692383,354.375,5.5773867e-06,9.932733e-06
-8.393668907692383,356.25,6.7645788e-06,1.2144521e-05
-8.393668907692383,358.125,6.6069038e-06,1.2196475e-05
-6.5284094014799905,0.0,2.748485e-05,2.5387024e-05
-6.5284094014799905,1.875,3.5131645e-05,2.6956117e-05
-6.5284094014799905,3.75,5.1926687e-05,3.0025516e-05
-6.5284094014799905,5.625,9.011962e-05,3.6541656e-05
-6.5284094014799905,7.5,0.000124849,3.5050554e-05
-6.5284094014799905,9.375,0.00013955295,3.1346324e-05
-6.5284094014799905,11.25,0.00011590676,2.0988708e-05
-6.5284094014799905,13.125,0.000107756816,1.8383096e-05
-6.5284094014799905,15.0,0.00011799533,1.3721368e-05
-6.5284094014799905,16.875,0.00011191939,1.0601925e-05
-6.5284094014799905,18.75,0.00012285556,1.4027156e-05
-6.5284094014799905,20.625,0.000120593904,1.952922e-05
-6.5284094014799905,22.5,0.00010978556,1.5746313e-05
-6.5284094014799905,24.375,0.00010770792,1.4941939e-05
-6.5284094014799905,26.25,7.74272e-05,1.7193526e-05
-6.5284094014799905,28.125,7.308618e-05,1.8385676e-05
-6.5284094014799905,30.0,8.391902e-05,1.9814537e-05
-6.5284094014799905,31.875,6.179843e-05,2.15541e-05
-6.5284094014799905,33.75,3.2251322e-05,1.910148e-05
-6.5284094014799905,35.625,2.7416765e-05,1.8609098e-05
-6.5284094014799905,37.5,1.711012e-05,1.501402e-05
-6.5284094014799905,39.375,2.2591092e-05,1.2090865e-05
-6.5284094014799905,41.25,2.853733e-05,1.4551352e-05
-6.5284094014799905,43.125,5.2138046e-05,2.2615744e-05
-6.5284094014799905,45.0,5.5912966e-05,2.6284282e-05
-6.5284094014799905,46.875,5.4537915e-05,2.6646117e-05
-6.5284094014799905,48.75,7.0042646e-05,3.30877e-05
-6.5284094014799905,50.625,7.46636e-05,3.4921577e-05
-6.5284094014799905,52.5,7.038968e-05,3.2759497e-05
-6.5284094014799905,54.375,7.766703e-05,3.659868e-05
-6.5284094014799905,56.25,9.012608e-05,4.038885e-05
-6.5284094014799905,58.125,9.379521e-05,4.121291e-05
-6.5284094014799905,60.0,9.608854e-05,4.169281e-05
-6.5284094014799905,61.875,9.5063246e-05,4.036229e-05
-6.5284094014799905,63.75,9.608485e-05,4.0717903e-05
-6.5284094014799905,65.625,0.000105896295,4.306843e-05
-6.5284094014799905,67.5,0.00011622734,4.6814257e-05
-6.5284094014799905,69.375,0.000111640955,4.4587126e-05
-6.5284094014799905,71.25,0.000105590196,4.514957e-05
-6.5284094014799905,73.125,0.00011114511,4.8004225e-05
-6.5284094014799905,75.0,0.00011075617,4.8679485e-05
-6.5284094014799905,76.875,0.00010168795,4.4326876e-05
-6.5284094014799905,78.75,0.00010687834,4.692911e-05
-6.5284094014799905,80.625,0.00010741079,4.7032023e-05
-6.5284094014799905,82.5,9.623589e-05,4.168417e-05
-6.5284094014799905,84.375,9.5850024e-05,4.0386574e-05
-6.5284094014799905,86.25,0.00010206315,4.2848074e-05
-6.5284094014799905,88.125,0.00010236388,4.542409e-05
-6.5284094014799905,90.0,0.00011097782,4.8100806e-05
-6.5284094014799905,91.875,0.00011135768,4.76654e-05
-6.5284094014799905,93.75,9.999605e-05,4.2387142e-05
-6.5284094014799905,95.625,0.00010356644,4.0206985e-05
-6.5284094014799905,97.5,0.00011510278,4.0634928e-05
-6.5284094014799905,99.375,0.000108327156,3.7729587e-05
-6.5284094014799905,101.25,0.00010418806,4.0187657e-05
-6.5284094014799905,103.125,0.000110800655,4.8457434e-05
-6.5284094014799905,105.0,0.00010857925,3.7580434e-05
-6.5284094014799905,106.875,7.1883376e-05,3.2992208e-05
-6.5284094014799905,108.75,0.000117230506,5.2667056e-05
-6.5284094014799905,110.625,0.00010420356,5.1448726e-05
-6.5284094014799905,112.5,8.596051e-05,5.3493466e-05
-6.5284094014799905,114.375,7.241927e-05,4.5514436e-05
-6.5284094014799905,116.25,5.6747765e-05,4.188504e-05
-6.5284094014799905,118.125,6.672639e-05,6.326996e-05
-6.5284094014799905,120.0,6.8847396e-05,6.896072e-05
-6.5284094014799905,121.875,6.223235e-05,5.714168e-05
-6.5284094014799905,123.75,4.9539292e-05,4.7448408e-05
-6.5284094014799905,125.625,4.3343065e-05,3.8331495e-05
-6.5284094014799905,127.5,4.5613015e-05,3.6583155e-05
-6.5284094014799905,129.375,4.6291567e-05,4.0792303e-05
-6.5284094014799905,131.25,4.3870612e-05,3.8052844e-05
-6.5284094014799905,133.125,4.0607007e-05,2.9251452e-05
-6.5284094014799905,135.0,4.0311388e-05,2.6900223e-05
-6.5284094014799905,136.875,4.218791e-05,2.4555717e-05
-6.5284094014799905,138.75,9.510208e-05,3.9713163e-05
-6.5284094014799905,140.625,8.4250096e-05,3.5730805e-05
-6.5284094014799905,142.5,0.00011071099,3.7461323e-05
-6.5284094014799905,144.375,9.5841984e-05,2.7149787e-05
-6.5284094014799905,146.25,7.59474e-05,2.3768416e-05
-6.5284094014799905,148.125,0.00010594806,3.617946e-05
-6.5284094014799905,150.0,0.00011261679,4.1385723e-05
-6.5284094014799905,151.875,0.00012120692,4.5220662e-05
-6.5284094014799905,153.75,0.000121032324,4.9563067e-05
-6.5284094014799905,155.625,0.00012404559,4.6895693e-05
-6.5284094014799905,157.5,0.00012496422,4.7462032e-05
-6.5284094014799905,159.375,0.00012762942,5.274509e-05
-6.5284094014799905,161.25,0.00012637103,5.3078762e-05
-6.5284094014799905,163.125,0.00012004381,4.9327704e-05
-6.5284094014799905,165.0,0.0001158566,5.2527277e-05
-6.5284094014799905,166.875,0.000109066124,5.0670413e-05
-6.5284094014799905,168.75,9.8787306e-05,4.8117883e-05
-6.5284094014799905,170.625,9.517597e-05,5.3507152e-05
-6.5284094014799905,172.5,8.865087e-05,5.7892095e-05
-6.5284094014799905,174.375,7.328036e-05,5.497795e-05
-6.5284094014799905,176.25,6.159974e-05,5.2735788e-05
-6.5284094014799905,178.125,5.760182e-05,5.2084597e-05
-6.5284094014799905,180.0,4.948519e-05,4.7081547e-05
-6.5284094014799905,181.875,3.7822934e-05,3.9878043e-05
-6.5284094014799905,183.75,3.1806212e-05,3.4799934e-05
-6.5284094014799905,185.625,2.7256585e-05,3.1345844e-05
-6.5284094014799905,187.5,2.1300622e-05,2.6412237e-05
-6.5284094014799905,189.375,1.7265418e-05,2.3431146e-05
-6.5284094014799905,191.25,1.4860014e-05,1.8475524e-05
-6.5284094014799905,193.125,1.1867452e-05,1.33941985e-05
-6.5284094014799905,195.0,1.0407359e-05,1.1576666e-05
-6.5284094014799905,196.875,9.1824695e-06,1.0164691e-05
-6.5284094014799905,198.75,7.4669383e-06,8.629958e-06
-6.5284094014799905,200.625,6.210176e-06,7.6118354e-06
-6.5284094014799905,202.5,4.9406144e-06,5.932848e-06
-6.5284094014799905,204.375,3.9569422e-06,4.577495e-06
-6.5284094014799905,206.25,3.3985282e-06,3.5453502e-06
-6.5284094014799905,208.125,3.0333922e-06,3.4802754e-06
-6.5284094014799905,210.0,2.615034e-06,3.2911255e-06
-6.5284094014799905,211.875,2.5227546e-06,3.1209788e-06
-6.5284094014799905,213.75,2.325613e-06,2.5378679e-06
-6.5284094014799905,215.625,1.5466183e-06,1.7685509e-06
-6.5284094014799905,217.5,1.1788019e-06,1.291885e-06
-6.5284094014799905,219.375,1.5397433e-06,1.4944704e-06
-6.5284094014799905,221.25,1.6358102e-06,1.5504716e-06
-6.5284094014799905,223.125,1.2201787e-06,1.2354518e-06
-6.5284094014799905,225.0,9.577666e-07,8.9540976e-07
-6.5284094014799905,226.875,1.1236585e-06,9.560266e-07
-6.5284094014799905,228.75,1.5023667e-06,1.1286562e-06
-6.5284094014799905,230.625,1.2194381e-06,9.200298e-07
-6.5284094014799905,232.5,8.434821e-07,6.3998897e-07
-6.5284094014799905,234.375,1.0563176e-06,6.210282e-07
-6.5284094014799905,236.25,1.2431296e-06,7.0057087e-07
-6.5284094014799905,238.125,1.0744318e-06,5.9062864e-07
-6.5284094014799905,240.0,1.5212208e-06,7.7617943e-07
-6.5284094014799905,241.875,1.5787948e-06,7.7839655e-07
-6.5284094014799905,243.75,9.612386e-07,5.0305465e-07
-6.5284094014799905,245.625,1.4203947e-06,7.130486e-07
-6.5284094014799905,247.5,2.1387025e-06,9.928615e-07
-6.5284094014799905,249.375,1.0888522e-06,5.3608125e-07
-6.5284094014799905,251.25,1.0554018e-06,4.7575847e-07
-6.5284094014799905,253.125,2.033811e-06,8.2158e-07
-6.5284094014799905,255.0,1.4409613e-06,6.425124e-07
-6.5284094014799905,256.875,1.1913789e-06,5.0711196e-07
-6.5284094014799905,258.75,1.8915929e-06,7.571303e-07
-6.5284094014799905,260.625,1.8072642e-06,7.904961e-07
-6.5284094014799905,262.5,1.630221e-06,7.047574e-07
-6.5284094014799905,264.375,1.8416339e-06,9.1345134e-07
-6.5284094014799905,266.25,1.7542969e-06,1.2123917e-06
-6.5284094014799905,268.125,2.273805e-06,1.2771953e-06
-6.5284094014799905,270.0,3.3527538e-06,1.3470813e-06
-6.5284094014799905,271.875,2.6821947e-06,1.3717226e-06
-6.5284094014799905,273.75,3.0395197e-06,1.201281e-06
-6.5284094014799905,275.625,4.757034e-06,1.6096424e-06
-6.5284094014799905,277.5,6.557501e-06,2.0377047e-06
-6.5284094014799905,279.375,6.5018526e-06,1.9946317e-06
-6.5284094014799905,281.25,1.8023695e-05,1.7531576e-05
-6.5284094014799905,283.125,7.12737e-05,2.793919e-05
-6.5284094014799905,285.0,9.376395e-05,2.6081585e-05
-6.5284094014799905,286.875,9.005111e-05,2.677937e-05
-6.5284094014799905,288.75,0.000127255,2.3715407e-05
-6.5284094014799905,290.625,0.00015025285,2.8458948e-05
-6.5284094014799905,292.5,0.00013442083,2.4786717e-05
-6.5284094014799905,294.375,0.00010482521,1.9610336e-05
-6.5284094014799905,296.25,0.000108261236,2.6097821e-05
-6.5284094014799905,298.125,0.00014640976,2.6227195e-05
-6.5284094014799905,300.0,0.00013764764,2.309808e-05
-6.5284094014799905,301.875,0.00011250868,2.0290794e-05
-6.5284094014799905,303.75,0.00010402159,2.3077364e-05
-6.5284094014799905,305.625,8.6485205e-05,2.2970858e-05
-6.5284094014799905,307.5,9.4035895e-05,2.549197e-05
-6.5284094014799905,309.375,9.671419e-05,2.7970294e-05
-6.5284094014799905,311.25,8.362539e-05,2.8330916e-05
-6.5284094014799905,313.125,6.633392e-05,2.6148968e-05
-6.5284094014799905,315.0,6.833467e-05,2.8021828e-05
-6.5284094014799905,316.875,6.2199484e-05,2.435206e-05
-6.5284094014799905,318.75,4.7230147e-05,2.308615e-05
-6.5284094014799905,320.625,2.7878768e-05,1.9619505e-05
-6.5284094014799905,322.5,1.4163186e-05,1.3153986e-05
-6.5284094014799905,324.375,9.0376925e-06,7.4848313e-06
-6.5284094014799905,326.25,2.0728017e-05,1.2144949e-05
-6.5284094014799905,328.125,2.4496609e-05,1.5473865e-05
-6.5284094014799905,330.0,3.0892446e-05,1.9286736e-05
-6.5284094014799905,331.875,3.583951e-05,2.2756714e-05
-6.5284094014799905,333.75,3.1867934e-05,2.2214366e-05
-6.5284094014799905,335.625,2.6870128e-05,1.9908746e-05
-6.5284094014799905,337.5,2.8386527e-05,2.0293419e-05
-6.5284094014799905,339.375,2.9140552e-05,2.1348429e-05
-6.5284094014799905,341.25,2.6033716e-05,2.0730706e-05
-6.5284094014799905,343.125,2.4724355e-05,2.0226731e-05
-6.5284094014799905,345.0,2.2315939e-05,1.9189883e-05
-6.5284094014799905,346.875,1.980108e-05,1.8236493e-05
-6.5284094014799905,348.75,1.9823241e-05,1.9200334e-05
-6.5284094014799905,350.625,1.9991088e-05,1.9695433e-05
-6.5284094014799905,352.5,1.7778737e-05,1.8750605e-05
-6.5284094014799905,354.375,1.6546861e-05,1.7557499e-05
-6.5284094014799905,356.25,1.6435813e-05,1.7524862e-05
-6.5284094014799905,358.125,1.9715004e-05,1.9863224e-05
-4.663149706177884,0.0,7.298001e-05,2.8037954e-05
-4.663149706177884,1.875,7.6411e-05,2.5577392e-05
-4.663149706177884,3.75,9.702227e-05,2.5605277e-05
-4.663149706177884,5.625,0.00012922514,2.6075886e-05
-4.663149706177884,7.5,0.00014355501,2.516957e-05
-4.663149706177884,9.375,0.00014511943,2.3922516e-05
-4.663149706177884,11.25,0.00016986931,2.2052009e-05
-4.663149706177884,13.125,0.00011531353,1.6542408e-05
-4.663149706177884,15.0,0.00013293495,1.326034e-05
-4.663149706177884,16.875,0.00013483912,1.3162585e-05
-4.663149706177884,18.75,0.00012399614,1.694728e-05
-4.663149706177884,20.625,0.000116518626,1.9152129e-05
-4.663149706177884,22.5,0.00010605059,1.9084435e-05
-4.663149706177884,24.375,9.594415e-05,1.8554952e-05
-4.663149706177884,26.25,0.00010353481,1.9240992e-05
-4.663149706177884,28.125,9.5667594e-05,1.4943833e-05
-4.663149706177884,30.0,7.721532e-05,1.5895665e-05
-4.663149706177884,31.875,6.545938e-05,2.1036369e-05
-4.663149706177884,33.75,3.2873653e-05,2.1107306e-05
-4.663149706177884,35.625,2.6482237e-05,1.9888397e-05
-4.663149706177884,37.5,1.5434936e-05,1.1751273e-05
-4.663149706177884,39.375,2.6274296e-05,1.3059248e-05
-4.663149706177884,41.25,2.5884512e-05,1.2478075e-05
-4.663149706177884,43.125,4.81565e-05,2.0259211e-05
-4.663149706177884,45.0,4.7029178e-05,2.381743e-05
-4.663149706177884,46.875,4.6103916e-05,2.6969068e-05
-4.663149706177884,48.75,5.29543e-05,2.8786477e-05
-4.663149706177884,50.625,5.9011578e-05,3.0208535e-05
-4.663149706177884,52.5,6.7214416e-05,3.395701e-05
-4.663149706177884,54.375,7.8326164e-05,3.771489e-05
-4.663149706177884,56.25,8.1696046e-05,3.8377086e-05
-4.663149706177884,58.125,8.6583124e-05,3.7281898e-05
-4.663149706177884,60.0,9.3047674e-05,3.81648e-05
-4.663149706177884,61.875,9.4485564e-05,3.8087892e-05
-4.663149706177884,63.75,9.8650286e-05,3.9428593e-05
-4.663149706177884,65.625,0.00010963027,4.1976695e-05
-4.663149706177884,67.5,0.0001148791,4.194516e-05
-4.663149706177884,69.375,0.000109121895,4.116762e-05
-4.663149706177884,71.25,0.00010490846,4.4519293e-05
-4.663149706177884,73.125,0.00011148285,4.7989393e-05
-4.663149706177884,75.0,0.000115965704,4.987572e-05
-4.663149706177884,76.875,0.00011431759,5.1571606e-05
-4.663149706177884,78.75,0.00011391034,5.0515806e-05
-4.663149706177884,80.625,0.000110247405,4.7512833e-05
-4.663149706177884,82.5,0.00010248632,4.2107917e-05
-4.663149706177884,84.375,0.00010413086,4.1766372e-05
-4.663149706177884,86.25,0.00010904943,4.3038235e-05
-4.663149706177884,88.125,0.0001095498,4.188622e-05
-4.663149706177884,90.0,0.00010722725,4.187632e-05
-4.663149706177884,91.875,0.00010179498,4.0372226e-05
-4.663149706177884,93.75,0.00010447853,3.8920425e-05
-4.663149706177884,95.625,0.000120322424,4.276212e-05
-4.663149706177884,97.5,0.00012052138,3.853468e-05
-4.663149706177884,99.375,0.00012001198,4.143521e-05
-4.663149706177884,101.25,0.00013330912,4.7323923e-05
-4.663149706177884,103.125,0.00013991453,4.5701483e-05
-4.663149706177884,105.0,8.816489e-05,2.672238e-05
-4.663149706177884,106.875,0.00012482495,4.8344453e-05
-4.663149706177884,108.75,0.00011338243,5.035407e-05
-4.663149706177884,110.625,0.00010846478,7.0535156e-05
-4.663149706177884,112.5,9.6926975e-05,4.3366777e-05
-4.663149706177884,114.375,4.0399664e-05,3.3915614e-05
-4.663149706177884,116.25,8.796135e-05,4.4913446e-05
-4.663149706177884,118.125,6.432227e-05,4.8805236e-05
-4.663149706177884,120.0,8.5606815e-05,6.238356e-05
-4.663149706177884,121.875,7.0902985e-05,4.118433e-05
-4.663149706177884,123.75,6.110932e-05,4.2980777e-05
-4.663149706177884,125.625,6.274123e-05,4.5566434e-05
-4.663149706177884,127.5,6.4982414e-05,3.9525414e-05
-4.663149706177884,129.375,5.9305254e-05,4.0035095e-05
-4.663149706177884,131.25,5.2751057e-05,3.735364e-05
-4.663149706177884,133.125,7.127689e-05,3.2123946e-05
-4.663149706177884,135.0,9.3965624e-05,3.536723e-05
-4.663149706177884,136.875,8.6328386e-05,3.0190922e-05
-4.663149706177884,138.75,7.481743e-05,2.6124708e-05
-4.663149706177884,140.625,8.8127264e-05,2.6435871e-05
-4.663149706177884,142.5,9.316784e-05,2.363437e-05
-4.663149706177884,144.375,0.00015483702,3.3468237e-05
-4.663149706177884,146.25,0.000113596005,3.5252895e-05
-4.663149706177884,148.125,8.041205e-05,3.153502e-05
-4.663149706177884,150.0,0.00011629915,4.4108267e-05
-4.663149706177884,151.875,0.0001116534,4.7000907e-05
-4.663149706177884,153.75,9.436496e-05,4.7993002e-05
-4.663149706177884,155.625,9.859949e-05,5.2346735e-05
-4.663149706177884,157.5,0.00010693897,5.7819656e-05
-4.663149706177884,159.375,0.00010244006,6.259667e-05
-4.663149706177884,161.25,9.336535e-05,6.0750364e-05
-4.663149706177884,163.125,9.214532e-05,6.0735485e-05
-4.663149706177884,165.0,8.618705e-05,6.266998e-05
-4.663149706177884,166.875,7.113073e-05,5.6774545e-05
-4.663149706177884,168.75,5.8588404e-05,5.3111828e-05
-4.663149706177884,170.625,5.4129654e-05,5.7033965e-05
-4.663149706177884,172.5,4.831329e-05,5.9031856e-05
-4.663149706177884,174.375,3.7219583e-05,5.0690785e-05
-4.663149706177884,176.25,2.8345608e-05,4.3093874e-05
-4.663149706177884,178.125,2.4203728e-05,4.043013e-05
-4.663149706177884,180.0,1.9032763e-05,3.53626e-05
-4.663149706177884,181.875,1.4208536e-05,2.8716851e-05
-4.663149706177884,183.75,1.081698e-05,2.4370367e-05
-4.663149706177884,185.625,8.062535e-06,1.983013e-05
-4.663149706177884,187.5,6.0965294e-06,1.5389844e-05
-4.663149706177884,189.375,4.5445354e-06,1.1103897e-05
-4.663149706177884,191.25,3.599626e-06,8.380417e-06
-4.663149706177884,193.125,2.245927e-06,3.1779405e-06
-4.663149706177884,195.0,2.0486302e-06,2.5278507e-06
-4.663149706177884,196.875,1.9047955e-06,2.2806637e-06
-4.663149706177884,198.75,1.5099315e-06,1.5963212e-06
-4.663149706177884,200.625,1.5041362e-06,1.449411e-06
-4.663149706177884,202.5,1.4208438e-06,1.268023e-06
-4.663149706177884,204.375,1.0129608e-06,8.6698765e-07
-4.663149706177884,206.25,8.7755905e-07,6.6117417e-07
-4.663149706177884,208.125,9.2331726e-07,5.482633e-07
-4.663149706177884,210.0,6.781826e-07,4.4379374e-07
-4.663149706177884,211.875,6.299777e-07,4.064143e-07
-4.663149706177884,213.75,8.4544723e-07,4.887941e-07
-4.663149706177884,215.625,9.4561824e-07,5.71763e-07
-4.663149706177884,217.5,7.8424563e-07,4.5159777e-07
-4.663149706177884,219.375,7.473861e-07,4.181871e-07
-4.663149706177884,221.25,7.4987634e-07,4.2453885e-07
-4.663149706177884,223.125,9.54743e-07,5.003534e-07
-4.663149706177884,225.0,8.811371e-07,4.889664e-07
-4.663149706177884,226.875,8.2939937e-07,4.5308445e-07
-4.663149706177884,228.75,1.0406787e-06,5.0350843e-07
-4.663149706177884,230.625,1.1029292e-06,5.167228e-07
-4.663149706177884,232.5,1.0800541e-06,4.575323e-07
-4.663149706177884,234.375,1.5375985e-06,6.750452e-07
-4.663149706177884,236.25,1.5783803e-06,7.181058e-07
-4.663149706177884,238.125,8.451243e-07,3.845829e-07
-4.663149706177884,240.0,1.2866423e-06,5.019034e-07
-4.663149706177884,241.875,2.273137e-06,9.4807257e-07
-4.663149706177884,243.75,1.6590318e-06,7.1655194e-07
-4.663149706177884,245.625,1.4500314e-06,5.6118654e-07
-4.663149706177884,247.5,1.921085e-06,7.4555174e-07
-4.663149706177884,249.375,1.6256048e-06,6.654084e-07
-4.663149706177884,251.25,1.3465465e-06,5.254489e-07
-4.663149706177884,253.125,1.8030805e-06,6.9449686e-07
-4.663149706177884,255.0,1.917888e-06,7.8472823e-07
-4.663149706177884,256.875,1.7497642e-06,7.537541e-07
-4.663149706177884,258.75,1.5034599e-06,7.087661e-07
-4.663149706177884,260.625,1.3014652e-06,6.7992266e-07
-4.663149706177884,262.5,1.6782625e-06,6.6582606e-07
-4.663149706177884,264.375,1.9718357e-06,8.1130185e-07
-4.663149706177884,266.25,1.5639797e-06,9.825936e-07
-4.663149706177884,268.125,2.3376153e-06,1.1578041e-06
-4.663149706177884,270.0,2.9012763e-06,1.1201147e-06
-4.663149706177884,271.875,2.4673254e-06,1.0731789e-06
-4.663149706177884,273.75,3.0747447e-06,1.2153923e-06
-4.663149706177884,275.625,3.2104501e-06,1.2171829e-06
-4.663149706177884,277.5,2.7444062e-06,8.9445234e-07
-4.663149706177884,279.375,3.4369034e-06,4.2741895e-06
-4.663149706177884,281.25,3.0396171e-05,2.1682376e-05
-4.663149706177884,283.125,6.647567e-05,2.7967202e-05
-4.663149706177884,285.0,8.197935e-05,3.1718962e-05
-4.663149706177884,286.875,0.00010136201,2.7338681e-05
-4.663149706177884,288.75,0.0001075634,2.3469827e-05
-4.663149706177884,290.625,0.00010942102,2.3831955e-05
-4.663149706177884,292.5,9.598553e-05,2.7880602e-05
-4.663149706177884,294.375,0.000117617936,1.9037378e-05
-4.663149706177884,296.25,0.0001445438,1.936799e-05
-4.663149706177884,298.125,0.00012759393,2.3045402e-05
-4.663149706177884,300.0,9.648962e-05,2.2018156e-05
-4.663149706177884,301.875,9.4660354e-05,2.2166932e-05
-4.663149706177884,303.75,0.00010326617,2.8920513e-05
-4.663149706177884,305.625,0.00010490594,3.208704e-05
-4.663149706177884,307.5,9.8885226e-05,2.9277475e-05
-4.663149706177884,309.375,7.9796344e-05,2.8267676e-05
-4.663149706177884,311.25,7.756178e-05,3.166216e-05
-4.663149706177884,313.125,7.521324e-05,3.4967106e-05
-4.663149706177884,315.0,5.839875e-05,3.210289e-05
-4.663149706177884,316.875,5.5858098e-05,2.5049983e-05
-4.663149706177884,318.75,4.8932652e-05,2.1332316e-05
-4.663149706177884,320.625,3.4042558e-05,2.1061913e-05
-4.663149706177884,322.5,1.2421921e-05,1.2584283e-05
-4.663149706177884,324.375,2.4016304e-05,1.4183785e-05
-4.663149706177884,326.25,2.3943336e-05,1.4178279e-05
-4.663149706177884,328.125,2.899627e-05,1.5969043e-05
-4.663149706177884,330.0,3.865533e-05,2.005107e-05
-4.663149706177884,331.875,4.7109843e-05,2.3025608e-05
-4.663149706177884,333.75,4.2695938e-05,2.190623e-05
-4.663149706177884,335.625,4.0080693e-05,2.1014397e-05
-4.663149706177884,337.5,4.826611e-05,2.4198436e-05
-4.663149706177884,339.375,4.9936698e-05,2.5921534e-05
-4.663149706177884,341.25,4.510931e-05,2.4754192e-05
-4.663149706177884,343.125,4.402144e-05,2.4343073e-05
-4.663149706177884,345.0,4.4983328e-05,2.4138371e-05
-4.663149706177884,346.875,4.740721e-05,2.4927107e-05
-4.663149706177884,348.75,4.6733014e-05,2.5439826e-05
-4.663149706177884,350.625,4.2612337e-05,2.3551856e-05
-4.663149706177884,352.5,4.5415527e-05,2.4312469e-05
-4.663149706177884,354.375,4.667394e-05,2.4928428e-05
-4.663149706177884,356.25,4.2514996e-05,2.3261995e-05
-4.663149706177884,358.125,5.3842272e-05,2.6122882e-05
-2.797889876956741,0.0,9.582421e-05,2.3320352e-05
-2.797889876956741,1.875,0.00010115698,2.1193526e-05
-2.797889876956741,3.75,0.00012944876,2.5006899e-05
-2.797889876956741,5.625,0.00014582863,2.4243845e-05
-2.797889876956741,7.5,0.00014385598,2.0524212e-05
-2.797889876956741,9.375,0.00016147658,1.701488e-05
-2.797889876956741,11.25,0.00014540552,1.2563914e-05
-2.797889876956741,13.125,0.0001358842,1.1924868e-05
-2.797889876956741,15.0,0.00013700913,1.275144e-05
-2.797889876956741,16.875,0.00013404801,1.7480568e-05
-2.797889876956741,18.75,0.00011730657,1.9100304e-05
-2.797889876956741,20.625,0.0001153496,2.008483e-05
-2.797889876956741,22.5,0.00010161214,1.9052288e-05
-2.797889876956741,24.375,8.7321976e-05,1.7317207e-05
-2.797889876956741,26.25,0.00012523885,1.9109224e-05
-2.797889876956741,28.125,0.00011461379,1.4788364e-05
-2.797889876956741,30.0,7.9066886e-05,1.6427e-05
-2.797889876956741,31.875,5.6772275e-05,2.3104492e-05
-2.797889876956741,33.75,3.488928e-05,2.5229796e-05
-2.797889876956741,35.625,4.0252347e-05,2.4041947e-05
-2.797889876956741,37.5,2.9866562e-05,1.5471553e-05
-2.797889876956741,39.375,1.6021004e-05,8.45302e-06
-2.797889876956741,41.25,2.8892056e-05,1.6063164e-05
-2.797889876956741,43.125,3.3892087e-05,1.6739677e-05
-2.797889876956741,45.0,2.977612e-05,1.6823104e-05
-2.797889876956741,46.875,2.8156392e-05,1.9231664e-05
-2.797889876956741,48.75,3.6330846e-05,2.2721862e-05
-2.797889876956741,50.625,4.1796542e-05,2.5266936e-05
-2.797889876956741,52.5,5.1654475e-05,3.0422318e-05
-2.797889876956741,54.375,6.240093e-05,3.4689292e-05
-2.797889876956741,56.25,7.045483e-05,3.5609806e-05
-2.797889876956741,58.125,8.229062e-05,3.7792317e-05
-2.797889876956741,60.0,9.36066e-05,3.980149e-05
-2.797889876956741,61.875,9.64099e-05,3.9502516e-05
-2.797889876956741,63.75,9.9856945e-05,3.8504357e-05
-2.797889876956741,65.625,0.00010296153,3.8825554e-05
-2.797889876956741,67.5,0.00010316489,3.7621514e-05
-2.797889876956741,69.375,0.00010623534,3.916807e-05
-2.797889876956741,71.25,0.000112321264,4.3549655e-05
-2.797889876956741,73.125,0.000115102535,4.5752393e-05
-2.797889876956741,75.0,0.0001193803,4.8518807e-05
-2.797889876956741,76.875,0.00012007173,4.9413655e-05
-2.797889876956741,78.75,0.00011663399,4.8867405e-05
-2.797889876956741,80.625,0.00011601117,4.643327e-05
-2.797889876956741,82.5,0.00011957556,4.597378e-05
-2.797889876956741,84.375,0.000117453346,4.483376e-05
-2.797889876956741,86.25,0.000111532325,4.1627623e-05
-2.797889876956741,88.125,0.00011275179,4.1452895e-05
-2.797889876956741,90.0,0.00011132272,4.0463598e-05
-2.797889876956741,91.875,0.000113559276,4.283851e-05
-2.797889876956741,93.75,0.00012622014,4.797694e-05
-2.797889876956741,95.625,0.0001233264,4.32509e-05
-2.797889876956741,97.5,0.00011458801,3.770895e-05
-2.797889876956741,99.375,0.0001231263,4.6067373e-05
-2.797889876956741,101.25,0.00017132968,4.407685e-05
-2.797889876956741,103.125,0.000101399404,2.461567e-05
-2.797889876956741,105.0,0.000121705605,4.1827487e-05
-2.797889876956741,106.875,0.000100989695,4.216813e-05
-2.797889876956741,108.75,0.00012993418,7.260401e-05
-2.797889876956741,110.625,0.00012763451,5.514709e-05
-2.797889876956741,112.5,8.638925e-05,2.26728e-05
-2.797889876956741,114.375,9.0982634e-05,2.4306337e-05
-2.797889876956741,116.25,8.460826e-05,2.4513518e-05
-2.797889876956741,118.125,0.00011198319,4.557566e-05
-2.797889876956741,120.0,4.990013e-05,2.3290511e-05
-2.797889876956741,121.875,5.6910878e-05,2.8786542e-05
-2.797889876956741,123.75,8.317156e-05,4.3026786e-05
-2.797889876956741,125.625,8.317982e-05,4.862253e-05
-2.797889876956741,127.5,9.703813e-05,4.7768386e-05
-2.797889876956741,129.375,8.713782e-05,4.3691045e-05
-2.797889876956741,131.25,7.946393e-05,3.657709e-05
-2.797889876956741,133.125,8.522893e-05,3.192955e-05
-2.797889876956741,135.0,8.6276625e-05,2.7841827e-05
-2.797889876956741,136.875,0.00016393252,3.9494716e-05
-2.797889876956741,138.75,0.00014828489,3.911036e-05
-2.797889876956741,140.625,0.00013292933,3.2343716e-05
-2.797889876956741,142.5,0.00011225174,3.234111e-05
-2.797889876956741,144.375,8.6193526e-05,3.1934425e-05
-2.797889876956741,146.25,7.616721e-05,3.05944e-05
-2.797889876956741,148.125,8.532571e-05,3.787526e-05
-2.797889876956741,150.0,0.00010309039,4.6748282e-05
-2.797889876956741,151.875,9.861312e-05,4.8948903e-05
-2.797889876956741,153.75,8.6655666e-05,5.0743947e-05
-2.797889876956741,155.625,8.784803e-05,5.604007e-05
-2.797889876956741,157.5,8.8339504e-05,6.0248818e-05
-2.797889876956741,159.375,8.1536426e-05,5.951667e-05
-2.797889876956741,161.25,7.3315816e-05,5.9353853e-05
-2.797889876956741,163.125,6.696879e-05,6.1566374e-05
-2.797889876956741,165.0,5.6738834e-05,5.6641144e-05
-2.797889876956741,166.875,4.7393132e-05,5.396078e-05
-2.797889876956741,168.75,3.8344268e-05,4.963169e-05
-2.797889876956741,170.625,3.1433792e-05,4.8337937e-05
-2.797889876956741,172.5,2.5189518e-05,4.4890694e-05
-2.797889876956741,174.375,2.1094014e-05,4.1886047e-05
-2.797889876956741,176.25,1.7095084e-05,3.7352274e-05
-2.797889876956741,178.125,1.2214886e-05,3.0197845e-05
-2.797889876956741,180.0,8.522937e-06,2.4585883e-05
-2.797889876956741,181.875,6.8309496e-06,2.276973e-05
-2.797889876956741,183.75,4.542093e-06,1.6781934e-05
-2.797889876956741,185.625,2.9993919e-06,1.1333079e-05
-2.797889876956741,187.5,2.283956e-06,9.341976e-06
-2.797889876956741,189.375,1.9810748e-06,8.38113e-06
-2.797889876956741,191.25,1.2010407e-06,3.4916402e-06
-2.797889876956741,193.125,6.857338e-07,8.3947253e-07
-2.797889876956741,195.0,7.21626e-07,5.8561375e-07
-2.797889876956741,196.875,6.8084296e-07,5.084911e-07
-2.797889876956741,198.75,5.612841e-07,4.218415e-07
-2.797889876956741,200.625,6.410906e-07,4.2848188e-07
-2.797889876956741,202.5,7.29349e-07,4.298744e-07
-2.797889876956741,204.375,5.25279e-07,3.1633363e-07
-2.797889876956741,206.25,5.0899587e-07,2.773578e-07
-2.797889876956741,208.125,7.635722e-07,4.319646e-07
-2.797889876956741,210.0,7.239297e-07,3.856392e-07
-2.797889876956741,211.875,5.61005e-07,2.8966855e-07
-2.797889876956741,213.75,6.5964633e-07,3.3522778e-07
-2.797889876956741,215.625,8.2619476e-07,3.667991e-07
-2.797889876956741,217.5,8.9606357e-07,3.8107848e-07
-2.797889876956741,219.375,7.14294e-07,2.8267542e-07
-2.797889876956741,221.25,6.31664e-07,2.5603686e-07
-2.797889876956741,223.125,1.0224215e-06,4.0774415e-07
-2.797889876956741,225.0,1.2717633e-06,5.2135357e-07
-2.797889876956741,226.875,9.3674697e-07,3.9738836e-07
-2.797889876956741,228.75,1.0216758e-06,4.3582548e-07
-2.797889876956741,230.625,1.273966e-06,4.8999414e-07
-2.797889876956741,232.5,1.1398366e-06,5.0073976e-07
-2.797889876956741,234.375,1.337087e-06,5.2299373e-07
-2.797889876956741,236.25,1.6154213e-06,6.44974e-07
-2.797889876956741,238.125,1.1344815e-06,4.405321e-07
-2.797889876956741,240.0,1.1967156e-06,4.1417027e-07
-2.797889876956741,241.875,1.8237786e-06,6.3115533e-07
-2.797889876956741,243.75,1.4221565e-06,5.1275066e-07
-2.797889876956741,245.625,1.0493121e-06,3.7949172e-07
-2.797889876956741,247.5,1.532791e-06,6.0667696e-07
-2.797889876956741,249.375,1.8627732e-06,7.2165363e-07
-2.797889876956741,251.25,1.4408887e-06,5.493282e-07
-2.797889876956741,253.125,1.0839993e-06,3.7787672e-07
-2.797889876956741,255.0,1.1162178e-06,4.339584e-07
-2.797889876956741,256.875,1.266256e-06,4.863508e-07
-2.797889876956741,258.75,9.99582e-07,5.181731e-07
-2.797889876956741,260.625,9.3468753e-07,6.163808e-07
-2.797889876956741,262.5,1.4570977e-06,6.018015e-07
-2.797889876956741,264.375,1.9107579e-06,7.563006e-07
-2.797889876956741,266.25,1.6518873e-06,9.0140344e-07
-2.797889876956741,268.125,2.19874e-06,1.1008561e-06
-2.797889876956741,270.0,2.4425356e-06,1.1811059e-06
-2.797889876956741,271.875,2.2264735e-06,1.1703357e-06
-2.797889876956741,273.75,2.3271168e-06,9.847755e-07
-2.797889876956741,275.625,1.84524e-06,8.9475157e-07
-2.797889876956741,277.5,1.613401e-06,5.993224e-07
-2.797889876956741,279.375,1.5270933e-05,9.685046e-06
-2.797889876956741,281.25,4.929289e-05,2.3356568e-05
-2.797889876956741,283.125,8.1503276e-05,2.7821285e-05
-2.797889876956741,285.0,9.1221795e-05,3.5072862e-05
-2.797889876956741,286.875,0.00011400059,2.4851139e-05
-2.797889876956741,288.75,0.00010549677,2.4044433e-05
-2.797889876956741,290.625,0.00011705944,2.0355985e-05
-2.797889876956741,292.5,0.0001111358,1.7403043e-05
-2.797889876956741,294.375,0.000109945126,1.7120035e-05
-2.797889876956741,296.25,0.00011084083,1.7994054e-05
-2.797889876956741,298.125,8.726906e-05,2.4184881e-05
-2.797889876956741,300.0,8.227264e-05,2.5808684e-05
-2.797889876956741,301.875,9.9042e-05,2.8747178e-05
-2.797889876956741,303.75,9.760247e-05,3.3060256e-05
-2.797889876956741,305.625,8.226496e-05,3.3656826e-05
-2.797889876956741,307.5,7.388807e-05,3.5184865e-05
-2.797889876956741,309.375,6.545233e-05,3.5928e-05
-2.797889876956741,311.25,6.376095e-05,3.5904075e-05
-2.797889876956741,313.125,4.0535495e-05,2.8275017e-05
-2.797889876956741,315.0,1.7000923e-05,1.5391455e-05
-2.797889876956741,316.875,2.9497647e-05,1.6142467e-05
-2.797889876956741,318.75,2.866022e-05,1.4593479e-05
-2.797889876956741,320.625,2.7774777e-05,1.2889837e-05
-2.797889876956741,322.5,2.328378e-05,1.2596255e-05
-2.797889876956741,324.375,2.515287e-05,1.4056669e-05
-2.797889876956741,326.25,3.3109376e-05,1.766113e-05
-2.797889876956741,328.125,3.731953e-05,1.894686e-05
-2.797889876956741,330.0,3.908052e-05,1.8505276e-05
-2.797889876956741,331.875,4.0777493e-05,1.8646178e-05
-2.797889876956741,333.75,4.0621944e-05,1.8386392e-05
-2.797889876956741,335.625,4.624732e-05,1.9974625e-05
-2.797889876956741,337.5,5.0592775e-05,2.145368e-05
-2.797889876956741,339.375,4.6536672e-05,2.100898e-05
-2.797889876956741,341.25,4.728987e-05,2.1094289e-05
-2.797889876956741,343.125,5.5756573e-05,2.3820743e-05
-2.797889876956741,345.0,5.8812635e-05,2.4552619e-05
-2.797889876956741,346.875,6.011604e-05,2.4023331e-05
-2.797889876956741,348.75,6.0235427e-05,2.3378725e-05
-2.797889876956741,350.625,5.9951413e-05,2.2352266e-05
-2.797889876956741,352.5,6.909128e-05,2.4497842e-05
-2.797889876956741,354.375,7.491755e-05,2.3443243e-05
-2.797889876956741,356.25,7.3572985e-05,2.1612026e-05
-2.797889876956741,358.125,8.654372e-05,2.394542e-05
-0.932629967837991,0.0,9.901043e-05,2.0841559e-05
-0.932629967837991,1.875,0.00010752502,2.2010765e-05
-0.932629967837991,3.75,0.00013289503,2.7392321e-05
-0.932629967837991,5.625,0.00013250703,2.2001137e-05
-0.932629967837991,7.5,0.00011284888,1.86415e-05
-0.932629967837991,9.375,0.00014540492,1.846483e-05
-0.932629967837991,11.25,0.00013726132,1.3260456e-05
-0.932629967837991,13.125,0.00012463744,1.3062274e-05
-0.932629967837991,15.0,0.0001282913,1.588557e-05
-0.932629967837991,16.875,0.00011427004,1.8963288e-05
-0.932629967837991,18.75,9.952618e-05,1.8799263e-05
-0.932629967837991,20.625,0.000103713486,2.0137484e-05
-0.932629967837991,22.5,9.453652e-05,2.0124646e-05
-0.932629967837991,24.375,7.58562e-05,1.6649577e-05
-0.932629967837991,26.25,0.00010705218,1.6522426e-05
-0.932629967837991,28.125,0.00012124213,1.6470114e-05
-0.932629967837991,30.0,4.0060408e-05,1.980995e-05
-0.932629967837991,31.875,0.00012576258,2.1938027e-05
-0.932629967837991,33.75,0.000110252855,3.434508e-05
-0.932629967837991,35.625,4.719003e-05,2.4050445e-05
-0.932629967837991,37.5,4.3044853e-05,1.7294691e-05
-0.932629967837991,39.375,2.0675961e-05,1.2644784e-05
-0.932629967837991,41.25,5.8358464e-06,7.772566e-06
-0.932629967837991,43.125,3.194688e-05,1.9773453e-05
-0.932629967837991,45.0,2.7483045e-05,1.8482551e-05
-0.932629967837991,46.875,2.5496422e-05,2.0120571e-05
-0.932629967837991,48.75,3.2183438e-05,2.4563453e-05
-0.932629967837991,50.625,3.55395e-05,2.4004392e-05
-0.932629967837991,52.5,4.02339e-05,2.7176815e-05
-0.932629967837991,54.375,5.0925017e-05,3.2176973e-05
-0.932629967837991,56.25,6.0868635e-05,3.4660185e-05
-0.932629967837991,58.125,7.123289e-05,3.66027e-05
-0.932629967837991,60.0,8.007262e-05,3.8090966e-05
-0.932629967837991,61.875,8.6146305e-05,3.8249036e-05
-0.932629967837991,63.75,9.7987446e-05,4.0736966e-05
-0.932629967837991,65.625,9.919089e-05,4.0745603e-05
-0.932629967837991,67.5,9.874178e-05,3.9978968e-05
-0.932629967837991,69.375,0.000114440656,4.3673157e-05
-0.932629967837991,71.25,0.00012896031,4.696116e-05
-0.932629967837991,73.125,0.00012404729,4.5543362e-05
-0.932629967837991,75.0,0.00012290012,4.6888777e-05
-0.932629967837991,76.875,0.00013015576,5.0450537e-05
-0.932629967837991,78.75,0.00012652835,4.945175e-05
-0.932629967837991,80.625,0.00012636496,4.8512713e-05
-0.932629967837991,82.5,0.00013257247,5.0720435e-05
-0.932629967837991,84.375,0.00012884513,4.905838e-05
-0.932629967837991,86.25,0.000121318306,4.732709e-05
-0.932629967837991,88.125,0.00012191895,4.805227e-05
-0.932629967837991,90.0,0.0001223943,4.4797715e-05
-0.932629967837991,91.875,0.00012363857,4.4633936e-05
-0.932629967837991,93.75,0.00012543512,4.5040546e-05
-0.932629967837991,95.625,0.000111299974,3.7482005e-05
-0.932629967837991,97.5,9.8929704e-05,4.037292e-05
-0.932629967837991,99.375,0.00017945994,5.0181607e-05
-0.932629967837991,101.25,0.00010567653,2.584958e-05
-0.932629967837991,103.125,0.000108478795,2.2553233e-05
-0.932629967837991,105.0,0.00013320871,4.8769587e-05
-0.932629967837991,106.875,9.841809e-05,4.8594335e-05
-0.932629967837991,108.75,0.00013310729,6.132519e-05
-0.932629967837991,110.625,0.00010945605,2.4328354e-05
-0.932629967837991,112.5,9.9297955e-05,2.222982e-05
-0.932629967837991,114.375,8.825057e-05,2.3189825e-05
-0.932629967837991,116.25,9.555027e-05,2.317625e-05
-0.932629967837991,118.125,9.792625e-05,2.450176e-05
-0.932629967837991,120.0,6.466709e-05,2.1620192e-05
-0.932629967837991,121.875,0.00013835827,3.8853766e-05
-0.932629967837991,123.75,8.255838e-05,3.622092e-05
-0.932629967837991,125.625,9.539234e-05,4.717102e-05
-0.932629967837991,127.5,0.00010997336,4.6321304e-05
-0.932629967837991,129.375,0.000102023616,4.6639634e-05
-0.932629967837991,131.25,9.9396726e-05,4.3977998e-05
-0.932629967837991,133.125,0.00010326935,3.694692e-05
-0.932629967837991,135.0,9.9459685e-05,3.4455654e-05
-0.932629967837991,136.875,9.767823e-05,3.3588494e-05
-0.932629967837991,138.75,0.00012262525,4.327869e-05
-0.932629967837991,140.625,9.458495e-05,3.7572758e-05
-0.932629967837991,142.5,7.4771866e-05,3.4975932e-05
-0.932629967837991,144.375,8.1294755e-05,3.8016773e-05
-0.932629967837991,146.25,9.628296e-05,4.1588344e-05
-0.932629967837991,148.125,9.77427e-05,4.6040994e-05
-0.932629967837991,150.0,9.080905e-05,4.6384073e-05
-0.932629967837991,151.875,9.216584e-05,5.116634e-05
-0.932629967837991,153.75,9.262093e-05,5.6215322e-05
-0.932629967837991,155.625,8.251643e-05,5.6287077e-05
-0.932629967837991,157.5,7.115934e-05,5.4000953e-05
-0.932629967837991,159.375,7.02912e-05,5.665098e-05
-0.932629967837991,161.25,6.510246e-05,5.918901e-05
-0.932629967837991,163.125,5.2743657e-05,5.393164e-05
-0.932629967837991,165.0,4.093444e-05,4.6343153e-05
-0.932629967837991,166.875,3.601323e-05,4.6377787e-05
-0.932629967837991,168.75,3.0853993e-05,4.6295478e-05
-0.932629967837991,170.625,2.3639242e-05,4.1493422e-05
-0.932629967837991,172.5,1.7894285e-05,3.6132093e-05
-0.932629967837991,174.375,1.6191625e-05,3.6087753e-05
-0.932629967837991,176.25,1.2988937e-05,3.3014214e-05
-0.932629967837991,178.125,8.831882e-06,2.6617192e-05
-0.932629967837991,180.0,5.9868144e-06,2.1645734e-05
-0.932629967837991,181.875,4.4928834e-06,1.820279e-05
-0.932629967837991,183.75,3.0808746e-06,1.3383561e-05
-0.932629967837991,185.625,2.2205206e-06,9.9519375e-06
-0.932629967837991,187.5,1.8018411e-06,8.8962815e-06
-0.932629967837991,189.375,1.0998634e-06,3.7958935e-06
-0.932629967837991,191.25,7.899986e-07,1.4770609e-06
-0.932629967837991,193.125,5.284887e-07,5.075179e-07
-0.932629967837991,195.0,5.9090485e-07,4.804514e-07
-0.932629967837991,196.875,6.1311454e-07,4.5820607e-07
-0.932629967837991,198.75,4.9716573e-07,3.9781443e-07
-0.932629967837991,200.625,5.475299e-07,4.4162218e-07
-0.932629967837991,202.5,5.988141e-07,4.8864507e-07
-0.932629967837991,204.375,5.529671e-07,4.2327648e-07
-0.932629967837991,206.25,5.894377e-07,3.9035584e-07
-0.932629967837991,208.125,6.861688e-07,4.54835e-07
-0.932629967837991,210.0,7.6008274e-07,4.3724762e-07
-0.932629967837991,211.875,8.0980215e-07,3.533544e-07
-0.932629967837991,213.75,7.110303e-07,3.4175335e-07
-0.932629967837991,215.625,6.2621854e-07,3.2778811e-07
-0.932629967837991,217.5,8.703393e-07,3.5916037e-07
-0.932629967837991,219.375,9.234066e-07,3.4368563e-07
-0.932629967837991,221.25,6.969929e-07,2.4672724e-07
-0.932629967837991,223.125,8.892214e-07,2.9998262e-07
-0.932629967837991,225.0,1.0935755e-06,4.1231309e-07
-0.932629967837991,226.875,8.3220135e-07,3.6159418e-07
-0.932629967837991,228.75,1.0337243e-06,4.2969404e-07
-0.932629967837991,230.625,1.2948366e-06,5.3526026e-07
-0.932629967837991,232.5,8.139164e-07,3.3557117e-07
-0.932629967837991,234.375,7.632501e-07,2.666353e-07
-0.932629967837991,236.25,1.3013132e-06,4.7590393e-07
-0.932629967837991,238.125,1.3967709e-06,5.3814136e-07
-0.932629967837991,240.0,1.0589474e-06,3.7957906e-07
-0.932629967837991,241.875,1.1489143e-06,4.2180176e-07
-0.932629967837991,243.75,1.2136489e-06,4.8129345e-07
-0.932629967837991,245.625,1.1366657e-06,4.3100815e-07
-0.932629967837991,247.5,1.1398723e-06,4.7551546e-07
-0.932629967837991,249.375,1.1721681e-06,6.072367e-07
-0.932629967837991,251.25,1.2150849e-06,5.52806e-07
-0.932629967837991,253.125,1.0635123e-06,5.4324e-07
-0.932629967837991,255.0,1.0661607e-06,6.3148246e-07
-0.932629967837991,256.875,1.524563e-06,7.8092927e-07
-0.932629967837991,258.75,1.7239075e-06,9.4036113e-07
-0.932629967837991,260.625,1.3320662e-06,7.7878724e-07
-0.932629967837991,262.5,1.532145e-06,9.136076e-07
-0.932629967837991,264.375,1.8774148e-06,1.1481134e-06
-0.932629967837991,266.25,1.9000713e-06,1.4594775e-06
-0.932629967837991,268.125,2.3575715e-06,2.287895e-06
-0.932629967837991,270.0,2.4037906e-06,1.932326e-06
-0.932629967837991,271.875,2.1801861e-06,2.2996853e-06
-0.932629967837991,273.75,2.7333183e-06,3.984864e-06
-0.932629967837991,275.625,2.5200527e-06,3.2714493e-06
-0.932629967837991,277.5,2.196121e-06,2.498668e-06
-0.932629967837991,279.375,2.6166561e-05,1.7288612e-05
-0.932629967837991,281.25,4.3859793e-05,2.0066213e-05
-0.932629967837991,283.125,6.588089e-05,2.563028e-05
-0.932629967837991,285.0,8.649152e-05,3.07472e-05
-0.932629967837991,286.875,0.00010797216,2.6256794e-05
-0.932629967837991,288.75,9.462716e-05,2.1205884e-05
-0.932629967837991,290.625,0.00010614955,1.8782659e-05
-0.932629967837991,292.5,0.00010503458,1.795157e-05
-0.932629967837991,294.375,9.395113e-05,1.5918764e-05
-0.932629967837991,296.25,8.8914196e-05,1.8469964e-05
-0.932629967837991,298.125,8.422398e-05,2.568884e-05
-0.932629967837991,300.0,9.5869735e-05,3.0223937e-05
-0.932629967837991,301.875,9.8739154e-05,3.2828477e-05
-0.932629967837991,303.75,7.163528e-05,3.111273e-05
-0.932629967837991,305.625,5.447665e-05,3.1507887e-05
-0.932629967837991,307.5,3.9006227e-05,2.7457718e-05
-0.932629967837991,309.375,2.094363e-05,1.9083998e-05
-0.932629967837991,311.25,1.7387174e-05,1.6351045e-05
-0.932629967837991,313.125,8.943278e-06,1.2024891e-05
-0.932629967837991,315.0,1.8287248e-05,1.2693853e-05
-0.932629967837991,316.875,1.2380979e-05,8.489333e-06
-0.932629967837991,318.75,1.26946925e-05,7.5784033e-06
-0.932629967837991,320.625,1.3362638e-05,7.378572e-06
-0.932629967837991,322.5,1.8792565e-05,9.0331505e-06
-0.932629967837991,324.375,2.924358e-05,1.2773887e-05
-0.932629967837991,326.25,4.3215674e-05,1.7137898e-05
-0.932629967837991,328.125,4.5281737e-05,1.9125275e-05
-0.932629967837991,330.0,3.9287264e-05,1.7060973e-05
-0.932629967837991,331.875,3.8297425e-05,1.6754551e-05
-0.932629967837991,333.75,4.171853e-05,1.7175382e-05
-0.932629967837991,335.625,4.6845726e-05,1.8440827e-05
-0.932629967837991,337.5,4.53687e-05,1.8817722e-05
-0.932629967837991,339.375,4.369609e-05,1.9395973e-05
-0.932629967837991,341.25,5.316385e-05,2.0995443e-05
-0.932629967837991,343.125,5.938776e-05,2.0818465e-05
-0.932629967837991,345.0,5.5551493e-05,2.0866211e-05
-0.932629967837991,346.875,6.11328e-05,2.2246026e-05
-0.932629967837991,348.75,7.310579e-05,2.2549659e-05
-0.932629967837991,350.625,7.7669036e-05,2.1734419e-05
-0.932629967837991,352.5,8.467535e-05,2.1830478e-05
-0.932629967837991,354.375,9.0579735e-05,2.1764976e-05
-0.932629967837991,356.25,9.346692e-05,2.2247963e-05
-0.932629967837991,358.125,0.000101142396,2.316017e-05
0.932629967837991,0.0,8.543983e-05,2.0144875e-05
0.932629967837991,1.875,8.570587e-05,2.1112095e-05
0.932629967837991,3.75,0.00010253779,2.3213486e-05
0.932629967837991,5.625,9.85522e-05,1.9202875e-05
0.932629967837991,7.5,7.483432e-05,1.5597978e-05
0.932629967837991,9.375,0.00010004612,1.982921e-05
0.932629967837991,11.25,0.00011863666,1.5402313e-05
0.932629967837991,13.125,0.000103463724,1.540512e-05
0.932629967837991,15.0,9.851827e-05,1.8494182e-05
0.932629967837991,16.875,8.55432e-05,1.8846229e-05
0.932629967837991,18.75,7.398775e-05,1.667045e-05
0.932629967837991,20.625,7.467989e-05,1.8030345e-05
0.932629967837991,22.5,6.772512e-05,1.9453373e-05
0.932629967837991,24.375,5.6068246e-05,1.6364655e-05
0.932629967837991,26.25,6.583615e-05,1.5341517e-05
0.932629967837991,28.125,8.4625266e-05,1.8680113e-05
0.932629967837991,30.0,5.7277717e-05,1.9421612e-05
0.932629967837991,31.875,3.5615223e-05,2.0645899e-05
0.932629967837991,33.75,2.2394475e-05,1.8615423e-05
0.932629967837991,35.625,2.8199094e-05,1.7622307e-05
0.932629967837991,37.5,3.033426e-05,1.7838196e-05
0.932629967837991,39.375,1.8069477e-05,1.23348955e-05
0.932629967837991,41.25,1.3622502e-05,1.5264057e-05
0.932629967837991,43.125,2.756162e-05,2.0897049e-05
0.932629967837991,45.0,3.2465276e-05,2.440004e-05
0.932629967837991,46.875,2.6268192e-05,2.0572385e-05
0.932629967837991,48.75,3.5981786e-05,2.6355956e-05
0.932629967837991,50.625,4.3986565e-05,2.9879217e-05
0.932629967837991,52.5,4.917413e-05,3.1949075e-05
0.932629967837991,54.375,5.66251e-05,3.324132e-05
0.932629967837991,56.25,6.3067426e-05,3.521967e-05
0.932629967837991,58.125,6.989969e-05,3.8453916e-05
0.932629967837991,60.0,7.210383e-05,3.7193102e-05
0.932629967837991,61.875,7.4298645e-05,3.6615893e-05
0.932629967837991,63.75,8.983777e-05,4.210676e-05
0.932629967837991,65.625,0.00010317583,4.5700323e-05
0.932629967837991,67.5,0.00010417454,4.458165e-05
0.932629967837991,69.375,0.00011239158,4.5756224e-05
0.932629967837991,71.25,0.00012182494,4.7901176e-05
0.932629967837991,73.125,0.000117389754,4.7429465e-05
0.932629967837991,75.0,0.0001218385,4.9027738e-05
0.932629967837991,76.875,0.00013795287,5.2289022e-05
0.932629967837991,78.75,0.00013719709,4.9601822e-05
0.932629967837991,80.625,0.00012865654,4.6245448e-05
0.932629967837991,82.5,0.0001295215,4.8033697e-05
0.932629967837991,84.375,0.00012531872,4.7997484e-05
0.932629967837991,86.25,0.00011629485,4.7654685e-05
0.932629967837991,88.125,0.00011407392,4.6445148e-05
0.932629967837991,90.0,0.00010656329,4.05221e-05
0.932629967837991,91.875,0.00010468148,4.1012783e-05
0.932629967837991,93.75,0.00010839065,4.5105542e-05
0.932629967837991,95.625,0.00010243003,4.0570452e-05
0.932629967837991,97.5,0.00014364168,4.0044066e-05
0.932629967837991,99.375,0.00011078569,2.9442817e-05
0.932629967837991,101.25,0.00011506889,2.7745831e-05
0.932629967837991,103.125,0.00010513773,2.3878156e-05
0.932629967837991,105.0,0.0001269434,4.6984664e-05
0.932629967837991,106.875,9.497544e-05,4.357605e-05
0.932629967837991,108.75,0.00013211947,6.216128e-05
0.932629967837991,110.625,0.000107018044,2.6086476e-05
0.932629967837991,112.5,0.00010134058,2.5229454e-05
0.932629967837991,114.375,9.208372e-05,2.6683296e-05
0.932629967837991,116.25,7.7609286e-05,2.6057487e-05
0.932629967837991,118.125,8.045658e-05,2.5408077e-05
0.932629967837991,120.0,8.178482e-05,2.678851e-05
0.932629967837991,121.875,0.00014630085,4.9786817e-05
0.932629967837991,123.75,9.690894e-05,4.5619305e-05
0.932629967837991,125.625,9.268033e-05,4.3290922e-05
0.932629967837991,127.5,9.9456935e-05,4.2251962e-05
0.932629967837991,129.375,8.4922605e-05,4.3873788e-05
0.932629967837991,131.25,0.00010068454,5.40592e-05
0.932629967837991,133.125,0.000113515394,5.3060925e-05
0.932629967837991,135.0,8.217352e-05,4.0581843e-05
0.932629967837991,136.875,7.234415e-05,3.8759765e-05
0.932629967837991,138.75,9.1002235e-05,4.235531e-05
0.932629967837991,140.625,9.2286675e-05,3.9467275e-05
0.932629967837991,142.5,8.4083935e-05,4.1141957e-05
0.932629967837991,144.375,9.517771e-05,5.084185e-05
0.932629967837991,146.25,0.000101842685,5.1016854e-05
0.932629967837991,148.125,9.003854e-05,4.762693e-05
0.932629967837991,150.0,8.269338e-05,4.732971e-05
0.932629967837991,151.875,8.756632e-05,5.3473865e-05
0.932629967837991,153.75,8.7343884e-05,5.4953674e-05
0.932629967837991,155.625,7.648274e-05,5.4491888e-05
0.932629967837991,157.5,6.791952e-05,5.4441538e-05
0.932629967837991,159.375,6.720537e-05,5.835816e-05
0.932629967837991,161.25,6.341985e-05,6.137031e-05
0.932629967837991,163.125,5.146014e-05,5.3976943e-05
0.932629967837991,165.0,4.0525458e-05,4.7039855e-05
0.932629967837991,166.875,3.4607154e-05,4.6323697e-05
0.932629967837991,168.75,2.8890909e-05,4.4128177e-05
0.932629967837991,170.625,2.3282724e-05,4.0067112e-05
0.932629967837991,172.5,1.9378953e-05,3.6461985e-05
0.932629967837991,174.375,1.5765403e-05,3.3399356e-05
0.932629967837991,176.25,1.1413579e-05,2.8163317e-05
0.932629967837991,178.125,8.276359e-06,2.2774046e-05
0.932629967837991,180.0,5.7588854e-06,1.9920963e-05
0.932629967837991,181.875,4.3156124e-06,1.7880311e-05
0.932629967837991,183.75,3.3302756e-06,1.52127905e-05
0.932629967837991,185.625,2.5941315e-06,1.1724136e-05
0.932629967837991,187.5,1.9845406e-06,8.911835e-06
0.932629967837991,189.375,1.2733514e-06,4.2229262e-06
0.932629967837991,191.25,1.0138206e-06,1.7611801e-06
0.932629967837991,193.125,6.955248e-07,5.9615667e-07
0.932629967837991,195.0,5.6288843e-07,4.1315238e-07
0.932629967837991,196.875,6.433023e-07,4.6835578e-07
0.932629967837991,198.75,6.1647285e-07,4.4330642e-07
0.932629967837991,200.625,6.098289e-07,4.2783978e-07
0.932629967837991,202.5,6.930303e-07,4.7731174e-07
0.932629967837991,204.375,8.236228e-07,5.4269634e-07
0.932629967837991,206.25,7.817762e-07,4.0320452e-07
0.932629967837991,208.125,5.7089943e-07,3.48018e-07
0.932629967837991,210.0,6.218889e-07,4.480075e-07
0.932629967837991,211.875,9.4582384e-07,4.797875e-07
0.932629967837991,213.75,9.1260534e-07,5.8384546e-07
0.932629967837991,215.625,6.057911e-07,5.0815237e-07
0.932629967837991,217.5,8.186567e-07,4.801836e-07
0.932629967837991,219.375,1.0349825e-06,5.005904e-07
0.932629967837991,221.25,8.1105276e-07,4.007825e-07
0.932629967837991,223.125,8.3430774e-07,5.131676e-07
0.932629967837991,225.0,9.710045e-07,6.322659e-07
0.932629967837991,226.875,8.4669665e-07,4.916291e-07
0.932629967837991,228.75,1.011532e-06,5.897436e-07
0.932629967837991,230.625,1.2751086e-06,6.298199e-07
0.932629967837991,232.5,1.0142276e-06,6.24667e-07
0.932629967837991,234.375,9.445038e-07,4.4818253e-07
0.932629967837991,236.25,1.3090549e-06,5.4116947e-07
0.932629967837991,238.125,1.3748479e-06,5.783504e-07
0.932629967837991,240.0,1.198306e-06,5.704061e-07
0.932629967837991,241.875,1.4054872e-06,7.3112227e-07
0.932629967837991,243.75,1.8048628e-06,9.808405e-07
0.932629967837991,245.625,1.9599474e-06,1.4311381e-06
0.932629967837991,247.5,1.4633594e-06,1.2855115e-06
0.932629967837991,249.375,1.2813703e-06,1.024531e-06
0.932629967837991,251.25,2.105448e-06,1.6392759e-06
0.932629967837991,253.125,2.6957405e-06,2.2791605e-06
0.932629967837991,255.0,2.0640716e-06,2.042649e-06
0.932629967837991,256.875,2.3522364e-06,2.4355024e-06
0.932629967837991,258.75,2.930279e-06,2.8894647e-06
0.932629967837991,260.625,2.558507e-06,2.9470698e-06
0.932629967837991,262.5,2.7862231e-06,3.4402135e-06
0.932629967837991,264.375,3.3458741e-06,3.904006e-06
0.932629967837991,266.25,4.0801738e-06,4.934076e-06
0.932629967837991,268.125,6.6330313e-06,7.298157e-06
0.932629967837991,270.0,6.222125e-06,7.036828e-06
0.932629967837991,271.875,4.8944244e-06,6.6664757e-06
0.932629967837991,273.75,9.354993e-06,1.0847544e-05
0.932629967837991,275.625,1.1308587e-05,1.1015736e-05
0.932629967837991,277.5,7.4937952e-06,9.944436e-06
0.932629967837991,279.375,3.357403e-05,2.7664606e-05
0.932629967837991,281.25,4.6628084e-05,2.1359481e-05
0.932629967837991,283.125,6.138952e-05,2.0998144e-05
0.932629967837991,285.0,5.910758e-05,2.3076886e-05
0.932629967837991,286.875,8.055904e-05,2.4242661e-05
0.932629967837991,288.75,8.1395956e-05,1.9406638e-05
0.932629967837991,290.625,8.0937214e-05,1.5475523e-05
0.932629967837991,292.5,8.9513574e-05,1.9009996e-05
0.932629967837991,294.375,0.000107051674,2.1077421e-05
0.932629967837991,296.25,7.92752e-05,2.3034245e-05
0.932629967837991,298.125,7.023817e-05,3.127309e-05
0.932629967837991,300.0,7.60851e-05,3.161402e-05
0.932629967837991,301.875,6.451455e-05,3.41661e-05
0.932629967837991,303.75,3.820139e-05,2.6508504e-05
0.932629967837991,305.625,2.9736882e-05,2.0875252e-05
0.932629967837991,307.5,1.8208495e-05,1.7559767e-05
0.932629967837991,309.375,4.347035e-06,5.7967054e-06
0.932629967837991,311.25,1.5296047e-05,1.04274595e-05
0.932629967837991,313.125,1.4091434e-05,9.990736e-06
0.932629967837991,315.0,9.6098565e-06,6.8932923e-06
0.932629967837991,316.875,1.14211825e-05,6.7687542e-06
0.932629967837991,318.75,1.6429372e-05,8.769249e-06
0.932629967837991,320.625,2.3712315e-05,1.008897e-05
0.932629967837991,322.5,3.4362532e-05,1.1249017e-05
0.932629967837991,324.375,4.779038e-05,1.3284008e-05
0.932629967837991,326.25,5.7923087e-05,1.6792888e-05
0.932629967837991,328.125,5.3448803e-05,1.7068396e-05
0.932629967837991,330.0,4.985868e-05,1.6085907e-05
0.932629967837991,331.875,5.4010245e-05,1.5843105e-05
0.932629967837991,333.75,5.5352637e-05,1.7087013e-05
0.932629967837991,335.625,5.3970078e-05,1.8182222e-05
0.932629967837991,337.5,5.4183976e-05,1.853201e-05
0.932629967837991,339.375,5.6512723e-05,1.8864554e-05
0.932629967837991,341.25,6.120262e-05,1.9099389e-05
0.932629967837991,343.125,6.0415463e-05,1.8545836e-05
0.932629967837991,345.0,5.858747e-05,1.9034707e-05
0.932629967837991,346.875,6.711641e-05,2.1065638e-05
0.932629967837991,348.75,7.7582365e-05,2.1129834e-05
0.932629967837991,350.625,7.711596e-05,2.019793e-05
0.932629967837991,352.5,7.513329e-05,1.9832705e-05
0.932629967837991,354.375,7.719398e-05,2.0218773e-05
0.932629967837991,356.25,8.320162e-05,2.1217047e-05
0.932629967837991,358.125,9.2278446e-05,2.2312044e-05
2.797889876956741,0.0,4.870257e-05,1.7288588e-05
2.797889876956741,1.875,4.8916285e-05,1.6671886e-05
2.797889876956741,3.75,6.187245e-05,1.9300804e-05
2.797889876956741,5.625,6.696934e-05,1.8333403e-05
2.797889876956741,7.5,5.9914008e-05,1.6765787e-05
2.797889876956741,9.375,9.435518e-05,2.1955346e-05
2.797889876956741,11.25,6.922043e-05,1.5845306e-05
2.797889876956741,13.125,6.1977116e-05,1.5728596e-05
2.797889876956741,15.0,5.2301722e-05,1.5815698e-05
2.797889876956741,16.875,5.053474e-05,1.4431358e-05
2.797889876956741,18.75,4.7845504e-05,1.4780612e-05
2.797889876956741,20.625,4.2186453e-05,1.3297009e-05
2.797889876956741,22.5,4.0330597e-05,1.3011353e-05
2.797889876956741,24.375,3.9023427e-05,1.3681126e-05
2.797889876956741,26.25,3.4106393e-05,1.2492631e-05
2.797889876956741,28.125,3.851057e-05,1.1614661e-05
2.797889876956741,30.0,4.3893164e-05,1.2541182e-05
2.797889876956741,31.875,4.7164605e-05,1.7905015e-05
2.797889876956741,33.75,2.4495263e-05,1.8744839e-05
2.797889876956741,35.625,1.2261921e-05,1.1558793e-05
2.797889876956741,37.5,9.085888e-06,9.280601e-06
2.797889876956741,39.375,1.3018502e-05,1.0125627e-05
2.797889876956741,41.25,2.1531387e-05,1.539171e-05
2.797889876956741,43.125,2.4894027e-05,1.963147e-05
2.797889876956741,45.0,1.2467254e-05,1.5285059e-05
2.797889876956741,46.875,3.0679927e-05,2.3699758e-05
2.797889876956741,48.75,4.596473e-05,3.4006618e-05
2.797889876956741,50.625,5.8288555e-05,4.065873e-05
2.797889876956741,52.5,6.0482977e-05,3.9779214e-05
2.797889876956741,54.375,6.108694e-05,3.864465e-05
2.797889876956741,56.25,5.881776e-05,3.6196856e-05
2.797889876956741,58.125,6.59528e-05,3.7478487e-05
2.797889876956741,60.0,7.824775e-05,3.9711056e-05
2.797889876956741,61.875,7.96807e-05,4.143649e-05
2.797889876956741,63.75,8.572701e-05,4.343249e-05
2.797889876956741,65.625,0.00010044905,4.754721e-05
2.797889876956741,67.5,0.00010013167,4.6974597e-05
2.797889876956741,69.375,9.9317025e-05,4.5458906e-05
2.797889876956741,71.25,0.000106907624,4.940784e-05
2.797889876956741,73.125,0.000111435314,5.055458e-05
2.797889876956741,75.0,0.0001123102,4.7418896e-05
2.797889876956741,76.875,0.00012638143,5.05156e-05
2.797889876956741,78.75,0.00013264299,5.2339587e-05
2.797889876956741,80.625,0.00012648477,5.0561477e-05
2.797889876956741,82.5,0.00011949421,4.740331e-05
2.797889876956741,84.375,0.00010902429,4.3439457e-05
2.797889876956741,86.25,9.949289e-05,4.1571424e-05
2.797889876956741,88.125,9.542568e-05,4.038279e-05
2.797889876956741,90.0,8.990646e-05,3.579954e-05
2.797889876956741,91.875,9.0400215e-05,3.93155e-05
2.797889876956741,93.75,0.000100557394,4.8388123e-05
2.797889876956741,95.625,0.00011978479,4.468987e-05
2.797889876956741,97.5,8.5288084e-05,3.373098e-05
2.797889876956741,99.375,8.857499e-05,3.1508076e-05
2.797889876956741,101.25,0.00010350179,3.4846984e-05
2.797889876956741,103.125,8.2905106e-05,3.1697407e-05
2.797889876956741,105.0,9.74214e-05,3.7428857e-05
2.797889876956741,106.875,0.00010636367,4.4400484e-05
2.797889876956741,108.75,0.000117637406,4.727019e-05
2.797889876956741,110.625,7.915842e-05,2.289654e-05
2.797889876956741,112.5,9.254134e-05,3.041665e-05
2.797889876956741,114.375,8.225308e-05,2.54338e-05
2.797889876956741,116.25,7.7378114e-05,2.6319984e-05
2.797889876956741,118.125,0.000112110916,3.60992e-05
2.797889876956741,120.0,4.472015e-05,2.2499149e-05
2.797889876956741,121.875,8.8046836e-05,5.1221494e-05
2.797889876956741,123.75,8.838054e-05,4.7806396e-05
2.797889876956741,125.625,8.5734566e-05,4.2769578e-05
2.797889876956741,127.5,9.051733e-05,4.502627e-05
2.797889876956741,129.375,7.0882226e-05,4.3179873e-05
2.797889876956741,131.25,7.966675e-05,5.2376054e-05
2.797889876956741,133.125,0.00010875272,6.1055805e-05
2.797889876956741,135.0,0.000105095205,5.6131175e-05
2.797889876956741,136.875,8.780699e-05,5.0342314e-05
2.797889876956741,138.75,8.842805e-05,4.6975118e-05
2.797889876956741,140.625,9.044537e-05,4.431603e-05
2.797889876956741,142.5,8.669622e-05,4.642799e-05
2.797889876956741,144.375,8.794679e-05,5.3173335e-05
2.797889876956741,146.25,9.00725e-05,5.3343734e-05
2.797889876956741,148.125,9.8171084e-05,5.50326e-05
2.797889876956741,150.0,0.00010143433,6.013756e-05
2.797889876956741,151.875,9.713105e-05,5.9415826e-05
2.797889876956741,153.75,8.9530775e-05,5.609949e-05
2.797889876956741,155.625,8.8877016e-05,5.908565e-05
2.797889876956741,157.5,9.060305e-05,6.856562e-05
2.797889876956741,159.375,8.2073144e-05,6.888624e-05
2.797889876956741,161.25,7.017459e-05,6.365063e-05
2.797889876956741,163.125,6.3218664e-05,6.1042825e-05
2.797889876956741,165.0,5.6446923e-05,5.769726e-05
2.797889876956741,166.875,4.5876717e-05,5.2725914e-05
2.797889876956741,168.75,3.6194586e-05,4.751387e-05
2.797889876956741,170.625,3.196921e-05,4.62317e-05
2.797889876956741,172.5,2.851871e-05,4.3796346e-05
2.797889876956741,174.375,2.2528762e-05,3.7334994e-05
2.797889876956741,176.25,1.798721e-05,3.375787e-05
2.797889876956741,178.125,1.4982469e-05,3.2451593e-05
2.797889876956741,180.0,1.17404525e-05,2.7590246e-05
2.797889876956741,181.875,7.775411e-06,2.0831567e-05
2.797889876956741,183.75,6.069087e-06,1.7605124e-05
2.797889876956741,185.625,5.299119e-06,1.6529155e-05
2.797889876956741,187.5,4.568754e-06,1.508034e-05
2.797889876956741,189.375,3.9520346e-06,1.26083005e-05
2.797889876956741,191.25,3.080971e-06,6.636614e-06
2.797889876956741,193.125,2.3919013e-06,3.4911884e-06
2.797889876956741,195.0,2.0615817e-06,2.8813333e-06
2.797889876956741,196.875,2.0070145e-06,2.4536787e-06
2.797889876956741,198.75,2.0841571e-06,2.2570646e-06
2.797889876956741,200.625,2.1356554e-06,2.4833632e-06
2.797889876956741,202.5,1.9124468e-06,2.2615195e-06
2.797889876956741,204.375,2.2575107e-06,2.4472122e-06
2.797889876956741,206.25,2.7488259e-06,2.7618353e-06
2.797889876956741,208.125,2.4688372e-06,3.0360748e-06
2.797889876956741,210.0,2.0361726e-06,2.7076953e-06
2.797889876956741,211.875,2.3930274e-06,2.5817903e-06
2.797889876956741,213.75,2.7431483e-06,2.9046676e-06
2.797889876956741,215.625,2.60139e-06,3.4002485e-06
2.797889876956741,217.5,2.887153e-06,4.013904e-06
2.797889876956741,219.375,2.9951248e-06,3.351849e-06
2.797889876956741,221.25,2.816887e-06,3.138849e-06
2.797889876956741,223.125,3.3685099e-06,3.2995986e-06
2.797889876956741,225.0,4.4045673e-06,4.037188e-06
2.797889876956741,226.875,4.045254e-06,4.243601e-06
2.797889876956741,228.75,3.5942076e-06,4.107658e-06
2.797889876956741,230.625,4.1261496e-06,3.5504804e-06
2.797889876956741,232.5,5.6491035e-06,4.3114514e-06
2.797889876956741,234.375,6.5130935e-06,5.063063e-06
2.797889876956741,236.25,5.410701e-06,4.3826617e-06
2.797889876956741,238.125,5.3750305e-06,4.448111e-06
2.797889876956741,240.0,7.523664e-06,6.186972e-06
2.797889876956741,241.875,7.591889e-06,6.1036203e-06
2.797889876956741,243.75,6.6874923e-06,5.7912735e-06
2.797889876956741,245.625,8.12281e-06,6.7251935e-06
2.797889876956741,247.5,9.468717e-06,7.3158044e-06
2.797889876956741,249.375,8.8766465e-06,7.2465114e-06
2.797889876956741,251.25,1.1181767e-05,8.779492e-06
2.797889876956741,253.125,1.1869206e-05,9.167923e-06
2.797889876956741,255.0,9.654971e-06,8.284378e-06
2.797889876956741,256.875,1.0435174e-05,9.097193e-06
2.797889876956741,258.75,1.2345812e-05,9.978221e-06
2.797889876956741,260.625,1.2933642e-05,1.004676e-05
2.797889876956741,262.5,1.7046668e-05,1.2195215e-05
2.797889876956741,264.375,2.0209589e-05,1.3663624e-05
2.797889876956741,266.25,1.9353785e-05,1.3936017e-05
2.797889876956741,268.125,2.3579305e-05,1.5851596e-05
2.797889876956741,270.0,2.5972124e-05,1.653554e-05
2.797889876956741,271.875,2.3424856e-05,1.6701732e-05
2.797889876956741,273.75,3.25708e-05,2.0760472e-05
2.797889876956741,275.625,4.594662e-05,2.5116295e-05
2.797889876956741,277.5,4.1020205e-05,2.4621686e-05
2.797889876956741,279.375,3.9438644e-05,2.1705184e-05
2.797889876956741,281.25,0.00010888815,3.449017e-05
2.797889876956741,283.125,7.799089e-05,2.0793555e-05
2.797889876956741,285.0,6.242322e-05,1.5564146e-05
2.797889876956741,286.875,6.154524e-05,1.789898e-05
2.797889876956741,288.75,6.9861984e-05,2.5737205e-05
2.797889876956741,290.625,8.550952e-05,2.3226838e-05
2.797889876956741,292.5,7.7842924e-05,2.1931664e-05
2.797889876956741,294.375,7.741557e-05,2.1937542e-05
2.797889876956741,296.25,4.724039e-05,2.278638e-05
2.797889876956741,298.125,3.2918517e-05,2.1991244e-05
2.797889876956741,300.0,3.410576e-05,2.5146073e-05
2.797889876956741,301.875,2.5386906e-05,2.454584e-05
2.797889876956741,303.75,1.9078969e-05,1.9458168e-05
2.797889876956741,305.625,1.7788467e-05,1.4427783e-05
2.797889876956741,307.5,9.24706e-06,1.0002617e-05
2.797889876956741,309.375,1.6141135e-05,1.0935642e-05
2.797889876956741,311.25,2.0200536e-05,1.2336076e-05
2.797889876956741,313.125,2.539078e-05,1.45913955e-05
2.797889876956741,315.0,2.3179198e-05,1.2732753e-05
2.797889876956741,316.875,2.8560231e-05,1.2888564e-05
2.797889876956741,318.75,4.054075e-05,1.4128863e-05
2.797889876956741,320.625,5.0946095e-05,1.3891276e-05
2.797889876956741,322.5,6.1974e-05,1.33525e-05
2.797889876956741,324.375,8.082226e-05,1.5923728e-05
2.797889876956741,326.25,8.353131e-05,1.7123382e-05
2.797889876956741,328.125,7.118764e-05,1.7166261e-05
2.797889876956741,330.0,7.18817e-05,1.7306907e-05
2.797889876956741,331.875,8.024252e-05,1.8267338e-05
2.797889876956741,333.75,7.396703e-05,1.8976338e-05
2.797889876956741,335.625,6.716495e-05,1.9453691e-05
2.797889876956741,337.5,6.9294314e-05,1.8972363e-05
2.797889876956741,339.375,6.617736e-05,1.8654902e-05
2.797889876956741,341.25,5.8335856e-05,1.723945e-05
2.797889876956741,343.125,5.6379336e-05,1.7546115e-05
2.797889876956741,345.0,5.9876245e-05,1.8671291e-05
2.797889876956741,346.875,5.9670274e-05,1.8483526e-05
2.797889876956741,348.75,4.9450955e-05,1.6490801e-05
2.797889876956741,350.625,4.278359e-05,1.5838605e-05
2.797889876956741,352.5,4.2786207e-05,1.6954158e-05
2.797889876956741,354.375,3.881146e-05,1.5133063e-05
2.797889876956741,356.25,3.886806e-05,1.5497844e-05
2.797889876956741,358.125,4.774713e-05,1.7691886e-05
4.663149706177884,0.0,3.334992e-05,1.376051e-05
4.663149706177884,1.875,2.8036075e-05,1.200914e-05
4.663149706177884,3.75,2.4394509e-05,1.2127821e-05
4.663149706177884,5.625,4.0060713e-05,1.566164e-05
4.663149706177884,7.5,4.0508123e-05,1.2476219e-05
4.663149706177884,9.375,3.753215e-05,1.172099e-05
4.663149706177884,11.25,3.465449e-05,1.2461953e-05
4.663149706177884,13.125,2.4967496e-05,1.1216264e-05
4.663149706177884,15.0,1.959587e-05,9.654285e-06
4.663149706177884,16.875,2.0994981e-05,8.869776e-06
4.663149706177884,18.75,2.0920892e-05,9.943068e-06
4.663149706177884,20.625,2.0972477e-05,9.0886715e-06
4.663149706177884,22.5,2.3667682e-05,8.469483e-06
4.663149706177884,24.375,2.269481e-05,9.984401e-06
4.663149706177884,26.25,1.6464606e-05,9.708259e-06
4.663149706177884,28.125,1.9314559e-05,8.997589e-06
4.663149706177884,30.0,2.846643e-05,1.1901715e-05
4.663149706177884,31.875,2.7048076e-05,1.611049e-05
4.663149706177884,33.75,1.0258769e-05,1.1857294e-05
4.663149706177884,35.625,8.415224e-06,9.901731e-06
4.663149706177884,37.5,1.26034465e-05,1.1668354e-05
4.663149706177884,39.375,1.2985089e-05,8.790455e-06
4.663149706177884,41.25,1.938818e-05,1.22529955e-05
4.663149706177884,43.125,1.7066695e-05,1.4558343e-05
4.663149706177884,45.0,1.1777007e-05,1.4302083e-05
4.663149706177884,46.875,5.574604e-06,6.1317414e-06
4.663149706177884,48.75,4.5195924e-05,3.3310353e-05
4.663149706177884,50.625,4.1914973e-05,3.174428e-05
4.663149706177884,52.5,4.8165908e-05,3.42476e-05
4.663149706177884,54.375,6.332907e-05,4.309858e-05
4.663149706177884,56.25,6.207959e-05,4.3202836e-05
4.663149706177884,58.125,6.409439e-05,3.999313e-05
4.663149706177884,60.0,8.50731e-05,4.6822926e-05
4.663149706177884,61.875,8.718513e-05,4.850114e-05
4.663149706177884,63.75,7.644997e-05,4.1777206e-05
4.663149706177884,65.625,8.234288e-05,4.257405e-05
4.663149706177884,67.5,8.95561e-05,4.4563192e-05
4.663149706177884,69.375,9.382016e-05,4.5460216e-05
4.663149706177884,71.25,0.00010545692,4.9977432e-05
4.663149706177884,73.125,0.00011388874,5.297008e-05
4.663149706177884,75.0,0.000112688795,5.0073166e-05
4.663149706177884,76.875,0.000118279364,5.434692e-05
4.663149706177884,78.75,0.00012242948,5.9770286e-05
4.663149706177884,80.625,0.0001140615,5.274315e-05
4.663149706177884,82.5,0.00010686136,4.745339e-05
4.663149706177884,84.375,0.00010162305,4.4208264e-05
4.663149706177884,86.25,9.615912e-05,4.1604322e-05
4.663149706177884,88.125,9.392751e-05,4.1362935e-05
4.663149706177884,90.0,9.509579e-05,4.074878e-05
4.663149706177884,91.875,0.00010030535,4.2039916e-05
4.663149706177884,93.75,0.000104649436,4.3722775e-05
4.663149706177884,95.625,0.00012186082,5.2533465e-05
4.663149706177884,97.5,5.214044e-05,3.2677533e-05
4.663149706177884,99.375,0.00011632808,4.0773284e-05
4.663149706177884,101.25,7.143231e-05,3.5746732e-05
4.663149706177884,103.125,0.00012972494,5.7842688e-05
4.663149706177884,105.0,7.110708e-05,3.411418e-05
4.663149706177884,106.875,9.860257e-05,4.7074267e-05
4.663149706177884,108.75,0.00013749546,4.7231613e-05
4.663149706177884,110.625,6.329013e-05,2.494644e-05
4.663149706177884,112.5,8.162766e-05,3.38046e-05
4.663149706177884,114.375,6.7839064e-05,2.7743155e-05
4.663149706177884,116.25,6.845853e-05,2.5634805e-05
4.663149706177884,118.125,6.1600374e-05,2.4686457e-05
4.663149706177884,120.0,7.014852e-05,3.6600766e-05
4.663149706177884,121.875,6.331366e-05,3.8548176e-05
4.663149706177884,123.75,7.093632e-05,4.1740495e-05
4.663149706177884,125.625,7.6339216e-05,4.3681946e-05
4.663149706177884,127.5,9.439773e-05,5.357869e-05
4.663149706177884,129.375,8.733308e-05,4.8228576e-05
4.663149706177884,131.25,7.6321914e-05,4.8769027e-05
4.663149706177884,133.125,8.392181e-05,5.05178e-05
4.663149706177884,135.0,0.00010877313,6.1851366e-05
4.663149706177884,136.875,0.000109924134,5.885147e-05
4.663149706177884,138.75,9.167667e-05,4.8469406e-05
4.663149706177884,140.625,9.038696e-05,4.7617792e-05
4.663149706177884,142.5,0.000107017586,5.4307075e-05
4.663149706177884,144.375,0.000107095504,5.628726e-05
4.663149706177884,146.25,9.788977e-05,5.312606e-05
4.663149706177884,148.125,0.00011011427,5.629485e-05
4.663149706177884,150.0,0.00012236064,6.0751416e-05
4.663149706177884,151.875,0.0001145782,6.028311e-05
4.663149706177884,153.75,0.000106673244,5.8865528e-05
4.663149706177884,155.625,0.00011451318,6.442048e-05
4.663149706177884,157.5,0.00012028867,6.925494e-05
4.663149706177884,159.375,0.000109847235,6.770538e-05
4.663149706177884,161.25,9.455977e-05,6.2813255e-05
4.663149706177884,163.125,8.9921465e-05,6.418119e-05
4.663149706177884,165.0,9.210854e-05,6.640075e-05
4.663149706177884,166.875,8.216691e-05,6.0866812e-05
4.663149706177884,168.75,6.960539e-05,5.704083e-05
4.663149706177884,170.625,6.4221946e-05,5.5286488e-05
4.663149706177884,172.5,5.9470887e-05,5.189223e-05
4.663149706177884,174.375,5.064233e-05,4.3668366e-05
4.663149706177884,176.25,4.5302128e-05,4.1918993e-05
4.663149706177884,178.125,4.3297252e-05,4.2422915e-05
4.663149706177884,180.0,3.8245806e-05,3.9543316e-05
4.663149706177884,181.875,3.2204607e-05,3.52318e-05
4.663149706177884,183.75,2.9792507e-05,3.104092e-05
4.663149706177884,185.625,2.612469e-05,2.589174e-05
4.663149706177884,187.5,2.177024e-05,2.3513085e-05
4.663149706177884,189.375,1.9677997e-05,2.210788e-05
4.663149706177884,191.25,2.0053743e-05,2.1387523e-05
4.663149706177884,193.125,2.0231444e-05,1.9410809e-05
4.663149706177884,195.0,1.9368785e-05,1.7430591e-05
4.663149706177884,196.875,1.89303e-05,1.7152293e-05
4.663149706177884,198.75,1.917888e-05,1.8273726e-05
4.663149706177884,200.625,1.8805276e-05,1.7947428e-05
4.663149706177884,202.5,1.8828974e-05,1.9892588e-05
4.663149706177884,204.375,1.7614993e-05,2.01208e-05
4.663149706177884,206.25,1.7206008e-05,1.9160721e-05
4.663149706177884,208.125,1.999378e-05,1.9963756e-05
4.663149706177884,210.0,2.167288e-05,2.2572245e-05
4.663149706177884,211.875,1.8893612e-05,2.176779e-05
4.663149706177884,213.75,1.7260567e-05,1.8550545e-05
4.663149706177884,215.625,2.1044461e-05,2.0230755e-05
4.663149706177884,217.5,2.2419219e-05,2.0630192e-05
4.663149706177884,219.375,1.9858242e-05,1.7819166e-05
4.663149706177884,221.25,2.0997943e-05,1.7438497e-05
4.663149706177884,223.125,2.3229322e-05,1.7944607e-05
4.663149706177884,225.0,2.2938402e-05,1.5869558e-05
4.663149706177884,226.875,2.5167978e-05,1.6700702e-05
4.663149706177884,228.75,2.6583439e-05,1.8248229e-05
4.663149706177884,230.625,2.4649076e-05,1.6625012e-05
4.663149706177884,232.5,2.7222102e-05,1.7244152e-05
4.663149706177884,234.375,3.124206e-05,1.9839536e-05
4.663149706177884,236.25,2.7080998e-05,1.7084902e-05
4.663149706177884,238.125,2.7032695e-05,1.50318e-05
4.663149706177884,240.0,3.514785e-05,1.6232621e-05
4.663149706177884,241.875,3.48414e-05,1.7187767e-05
4.663149706177884,243.75,2.8093576e-05,1.5672573e-05
4.663149706177884,245.625,3.199232e-05,1.5817586e-05
4.663149706177884,247.5,3.905528e-05,1.5471605e-05
4.663149706177884,249.375,3.9688406e-05,1.6694268e-05
4.663149706177884,251.25,3.967453e-05,1.7999351e-05
4.663149706177884,253.125,3.9008144e-05,1.6901015e-05
4.663149706177884,255.0,3.9850147e-05,1.5862735e-05
4.663149706177884,256.875,4.9040336e-05,1.6854572e-05
4.663149706177884,258.75,5.2237367e-05,1.669714e-05
4.663149706177884,260.625,4.9568825e-05,1.7006478e-05
4.663149706177884,262.5,5.5930126e-05,1.757271e-05
4.663149706177884,264.375,5.920095e-05,1.8059029e-05
4.663149706177884,266.25,4.982486e-05,1.7041473e-05
4.663149706177884,268.125,5.1118714e-05,1.6618216e-05
4.663149706177884,270.0,5.775865e-05,1.6488451e-05
4.663149706177884,271.875,5.1472074e-05,1.5824016e-05
4.663149706177884,273.75,5.5637844e-05,1.664019e-05
4.663149706177884,275.625,8.438373e-05,2.2313972e-05
4.663149706177884,277.5,9.2799586e-05,2.467323e-05
4.663149706177884,279.375,6.3315565e-05,1.7132576e-05
4.663149706177884,281.25,9.471517e-05,2.0263196e-05
4.663149706177884,283.125,0.0001756072,2.831073e-05
4.663149706177884,285.0,7.343306e-05,1.2798715e-05
4.663149706177884,286.875,6.0668597e-05,1.6277447e-05
4.663149706177884,288.75,4.774276e-05,2.2308792e-05
4.663149706177884,290.625,6.8147034e-05,2.743293e-05
4.663149706177884,292.5,6.212859e-05,2.4785137e-05
4.663149706177884,294.375,4.3285043e-05,1.7628909e-05
4.663149706177884,296.25,3.165551e-05,1.7587075e-05
4.663149706177884,298.125,2.5325739e-05,1.9489578e-05
4.663149706177884,300.0,1.2582832e-05,1.4027493e-05
4.663149706177884,301.875,8.205323e-06,9.675194e-06
4.663149706177884,303.75,1.4012742e-05,1.2580363e-05
4.663149706177884,305.625,8.707389e-06,9.720068e-06
4.663149706177884,307.5,3.4543878e-06,5.391027e-06
4.663149706177884,309.375,1.9638856e-05,8.999585e-06
4.663149706177884,311.25,4.261975e-05,1.6853302e-05
4.663149706177884,313.125,4.9100654e-05,1.9080839e-05
4.663149706177884,315.0,4.973271e-05,1.6391663e-05
4.663149706177884,316.875,5.8714097e-05,1.6247466e-05
4.663149706177884,318.75,6.6737324e-05,1.7285793e-05
4.663149706177884,320.625,6.533342e-05,1.56574e-05
4.663149706177884,322.5,7.878058e-05,1.6083466e-05
4.663149706177884,324.375,0.00010312954,2.1291295e-05
4.663149706177884,326.25,0.000101549274,2.0174859e-05
4.663149706177884,328.125,9.0943315e-05,1.8331011e-05
4.663149706177884,330.0,9.712327e-05,1.9839035e-05
4.663149706177884,331.875,9.7541415e-05,2.0906547e-05
4.663149706177884,333.75,8.232458e-05,1.98749e-05
4.663149706177884,335.625,7.466578e-05,1.9434861e-05
4.663149706177884,337.5,6.9921174e-05,1.9231873e-05
4.663149706177884,339.375,5.8831396e-05,1.809268e-05
4.663149706177884,341.25,4.8225498e-05,1.7024207e-05
4.663149706177884,343.125,4.8437156e-05,1.7787062e-05
4.663149706177884,345.0,4.644669e-05,1.6785825e-05
4.663149706177884,346.875,3.4326575e-05,1.4649429e-05
4.663149706177884,348.75,2.1066591e-05,1.090768e-05
4.663149706177884,350.625,2.0369269e-05,1.153554e-05
4.663149706177884,352.5,2.7239577e-05,1.2631041e-05
4.663149706177884,354.375,2.114252e-05,1.00730385e-05
4.663149706177884,356.25,1.4404035e-05,7.85437e-06
4.663149706177884,358.125,2.1202e-05,1.1051975e-05
6.5284094014799905,0.0,1.9326259e-05,9.904506e-06
6.5284094014799905,1.875,1.6660839e-05,1.0369782e-05
6.5284094014799905,3.75,2.5010948e-05,1.15901075e-05
6.5284094014799905,5.625,9.879712e-06,7.665175e-06
6.5284094014799905,7.5,1.623018e-05,8.231705e-06
6.5284094014799905,9.375,1.3755189e-05,7.903512e-06
6.5284094014799905,11.25,1.1861053e-05,7.797615e-06
6.5284094014799905,13.125,8.605423e-06,6.796187e-06
6.5284094014799905,15.0,7.2214607e-06,5.7667653e-06
6.5284094014799905,16.875,7.506813e-06,5.9857703e-06
6.5284094014799905,18.75,7.245669e-06,5.612399e-06
6.5284094014799905,20.625,8.947636e-06,5.3707404e-06
6.5284094014799905,22.5,1.0143521e-05,5.5796886e-06
6.5284094014799905,24.375,7.830439e-06,6.3636653e-06
6.5284094014799905,26.25,3.789058e-06,4.6683567e-06
6.5284094014799905,28.125,4.4682242e-06,5.1280263e-06
6.5284094014799905,30.0,5.9845306e-06,6.5631843e-06
6.5284094014799905,31.875,1.354982e-06,3.0940266e-06
6.5284094014799905,33.75,3.2715477e-06,5.795328e-06
6.5284094014799905,35.625,1.892781e-05,1.250812e-05
6.5284094014799905,37.5,1.2336719e-05,9.678746e-06
6.5284094014799905,39.375,8.951618e-06,7.1178947e-06
6.5284094014799905,41.25,1.0129514e-05,9.091885e-06
6.5284094014799905,43.125,7.751094e-06,8.035482e-06
6.5284094014799905,45.0,1.0510956e-05,1.1356416e-05
6.5284094014799905,46.875,6.9362263e-06,8.934322e-06
6.5284094014799905,48.75,4.4253325e-06,5.3141343e-06
6.5284094014799905,50.625,2.9646515e-05,2.0439524e-05
6.5284094014799905,52.5,4.190539e-05,2.8141578e-05
6.5284094014799905,54.375,6.6096385e-05,4.294478e-05
6.5284094014799905,56.25,6.481637e-05,4.3549622e-05
6.5284094014799905,58.125,6.14607e-05,3.8649785e-05
6.5284094014799905,60.0,7.0133705e-05,4.236791e-05
6.5284094014799905,61.875,6.554134e-05,3.8330043e-05
6.5284094014799905,63.75,5.949226e-05,3.4231558e-05
6.5284094014799905,65.625,7.531859e-05,4.1745177e-05
6.5284094014799905,67.5,8.805666e-05,4.663834e-05
6.5284094014799905,69.375,8.6546686e-05,4.4765704e-05
6.5284094014799905,71.25,8.746109e-05,4.3594857e-05
6.5284094014799905,73.125,9.5030766e-05,4.798816e-05
6.5284094014799905,75.0,0.00010584043,5.1685955e-05
6.5284094014799905,76.875,0.000118898766,5.7586007e-05
6.5284094014799905,78.75,0.00011709161,5.671187e-05
6.5284094014799905,80.625,0.000102651735,4.905437e-05
6.5284094014799905,82.5,9.560528e-05,4.2783948e-05
6.5284094014799905,84.375,9.403206e-05,4.4559252e-05
6.5284094014799905,86.25,9.715511e-05,4.494826e-05
6.5284094014799905,88.125,9.8099445e-05,4.5751123e-05
6.5284094014799905,90.0,0.0001007339,4.8288304e-05
6.5284094014799905,91.875,0.00010323631,4.9358685e-05
6.5284094014799905,93.75,0.00010193952,4.7807167e-05
6.5284094014799905,95.625,9.340795e-05,4.2614734e-05
6.5284094014799905,97.5,0.00011520593,5.9504353e-05
6.5284094014799905,99.375,4.516944e-05,3.3192115e-05
6.5284094014799905,101.25,4.5044213e-05,3.3667588e-05
6.5284094014799905,103.125,0.00011338693,6.2272586e-05
6.5284094014799905,105.0,8.220053e-05,4.7913432e-05
6.5284094014799905,106.875,6.880159e-05,4.45068e-05
6.5284094014799905,108.75,0.000100293684,5.643392e-05
6.5284094014799905,110.625,9.460444e-05,4.4044333e-05
6.5284094014799905,112.5,5.9956365e-05,3.0023157e-05
6.5284094014799905,114.375,7.2024326e-05,3.613367e-05
6.5284094014799905,116.25,5.037898e-05,2.8165421e-05
6.5284094014799905,118.125,7.892182e-05,4.3480337e-05
6.5284094014799905,120.0,7.300299e-05,4.2416363e-05
6.5284094014799905,121.875,8.064188e-05,4.7447655e-05
6.5284094014799905,123.75,7.536206e-05,4.1887484e-05
6.5284094014799905,125.625,6.0938914e-05,3.4243967e-05
6.5284094014799905,127.5,7.911651e-05,4.772661e-05
6.5284094014799905,129.375,0.000104390805,5.1627238e-05
6.5284094014799905,131.25,9.498762e-05,4.7315734e-05
6.5284094014799905,133.125,7.367713e-05,4.52827e-05
6.5284094014799905,135.0,8.519622e-05,4.9375576e-05
6.5284094014799905,136.875,0.00010709386,5.304873e-05
6.5284094014799905,138.75,0.00010290147,4.97173e-05
6.5284094014799905,140.625,9.877989e-05,4.9948056e-05
6.5284094014799905,142.5,0.00011731966,5.238115e-05
6.5284094014799905,144.375,0.00012581584,4.8801467e-05
6.5284094014799905,146.25,0.00011901408,4.9317216e-05
6.5284094014799905,148.125,0.00011828963,5.2762858e-05
6.5284094014799905,150.0,0.00012743467,5.263164e-05
6.5284094014799905,151.875,0.0001308954,5.3988082e-05
6.5284094014799905,153.75,0.00012839683,5.2912008e-05
6.5284094014799905,155.625,0.00012634376,5.087147e-05
6.5284094014799905,157.5,0.00012981186,5.135896e-05
6.5284094014799905,159.375,0.00013459302,5.560526e-05
6.5284094014799905,161.25,0.0001326589,5.597745e-05
6.5284094014799905,163.125,0.00013110248,5.801302e-05
6.5284094014799905,165.0,0.00013237234,5.9574555e-05
6.5284094014799905,166.875,0.00013136881,5.968791e-05
6.5284094014799905,168.75,0.00012394461,5.5208173e-05
6.5284094014799905,170.625,0.00011814754,5.381499e-05
6.5284094014799905,172.5,0.00011219834,5.084048e-05
6.5284094014799905,174.375,0.00010617545,4.757401e-05
6.5284094014799905,176.25,0.000103178856,4.890177e-05
6.5284094014799905,178.125,0.00010170033,5.040495e-05
6.5284094014799905,180.0,9.526791e-05,4.8176396e-05
6.5284094014799905,181.875,9.07144e-05,4.779417e-05
6.5284094014799905,183.75,8.827329e-05,4.4882563e-05
6.5284094014799905,185.625,8.535562e-05,4.3161708e-05
6.5284094014799905,187.5,7.87097e-05,4.024065e-05
6.5284094014799905,189.375,7.639346e-05,3.8031012e-05
6.5284094014799905,191.25,7.936674e-05,3.8699905e-05
6.5284094014799905,193.125,7.84324e-05,3.781388e-05
6.5284094014799905,195.0,7.650151e-05,3.7150454e-05
6.5284094014799905,196.875,7.728018e-05,3.7813872e-05
6.5284094014799905,198.75,7.146461e-05,3.7401795e-05
6.5284094014799905,200.625,6.64188e-05,3.6455687e-05
6.5284094014799905,202.5,7.342147e-05,3.9533064e-05
6.5284094014799905,204.375,7.828545e-05,4.2980275e-05
6.5284094014799905,206.25,6.8988724e-05,4.0846822e-05
6.5284094014799905,208.125,6.6061766e-05,3.7627324e-05
6.5284094014799905,210.0,7.888921e-05,4.3422282e-05
6.5284094014799905,211.875,8.006401e-05,4.6290937e-05
6.5284094014799905,213.75,6.896366e-05,3.988611e-05
6.5284094014799905,215.625,7.141813e-05,3.7139216e-05
6.5284094014799905,217.5,7.47355e-05,3.6955284e-05
6.5284094014799905,219.375,7.129912e-05,3.485642e-05
6.5284094014799905,221.25,7.636871e-05,3.239738e-05
6.5284094014799905,223.125,8.114159e-05,3.279886e-05
6.5284094014799905,225.0,7.20175e-05,3.1034157e-05
6.5284094014799905,226.875,7.066466e-05,2.8527333e-05
6.5284094014799905,228.75,7.7736404e-05,2.7692258e-05
6.5284094014799905,230.625,7.4762254e-05,2.4958008e-05
6.5284094014799905,232.5,7.0396985e-05,2.3564848e-05
6.5284094014799905,234.375,7.028084e-05,2.3114355e-05
6.5284094014799905,236.25,6.6600085e-05,2.0324054e-05
6.5284094014799905,238.125,6.66524e-05,1.9234552e-05
6.5284094014799905,240.0,7.134231e-05,1.9994442e-05
6.5284094014799905,241.875,6.838769e-05,1.9502302e-05
6.5284094014799905,243.75,6.451074e-05,1.7141321e-05
6.5284094014799905,245.625,6.885016e-05,1.7378687e-05
6.5284094014799905,247.5,7.21492e-05,1.806265e-05
6.5284094014799905,249.375,7.104422e-05,1.8355035e-05
6.5284094014799905,251.25,6.9110545e-05,1.7859373e-05
6.5284094014799905,253.125,6.7610206e-05,1.6956976e-05
6.5284094014799905,255.0,7.318979e-05,1.8233102e-05
6.5284094014799905,256.875,8.5006846e-05,2.0209867e-05
6.5284094014799905,258.75,8.945889e-05,2.116821e-05
6.5284094014799905,260.625,8.3884624e-05,2.0665157e-05
6.5284094014799905,262.5,7.9784506e-05,1.9009496e-05
6.5284094014799905,264.375,7.629842e-05,1.7832574e-05
6.5284094014799905,266.25,6.882802e-05,1.7147537e-05
6.5284094014799905,268.125,6.48318e-05,1.8715016e-05
6.5284094014799905,270.0,6.45958e-05,1.8100995e-05
6.5284094014799905,271.875,6.163672e-05,1.650905e-05
6.5284094014799905,273.75,6.110261e-05,1.6547192e-05
6.5284094014799905,275.625,9.032415e-05,2.3106071e-05
6.5284094014799905,277.5,0.00011566766,3.0343712e-05
6.5284094014799905,279.375,9.799379e-05,2.6600672e-05
6.5284094014799905,281.25,7.6723045e-05,1.7998558e-05
6.5284094014799905,283.125,8.48198e-05,1.743205e-05
6.5284094014799905,285.0,6.3854524e-05,1.2307651e-05
6.5284094014799905,286.875,4.6185716e-05,1.2228711e-05
6.5284094014799905,288.75,3.5198667e-05,1.6700253e-05
6.5284094014799905,290.625,3.294545e-05,2.3507242e-05
6.5284094014799905,292.5,3.4285127e-05,2.1352105e-05
6.5284094014799905,294.375,3.0238436e-05,2.0311087e-05
6.5284094014799905,296.25,2.0187395e-05,1.756307e-05
6.5284094014799905,298.125,1.06123925e-05,1.3728018e-05
6.5284094014799905,300.0,5.5910937e-06,5.206284e-06
6.5284094014799905,301.875,4.3194423e-06,4.6066316e-06
6.5284094014799905,303.75,1.1979959e-05,6.3815764e-06
6.5284094014799905,305.625,1.3348117e-05,8.0361e-06
6.5284094014799905,307.5,2.0547535e-05,9.907562e-06
6.5284094014799905,309.375,3.184252e-05,1.3177276e-05
6.5284094014799905,311.25,5.3122836e-05,1.8621455e-05
6.5284094014799905,313.125,5.5278408e-05,1.6956648e-05
6.5284094014799905,315.0,5.107749e-05,1.51934355e-05
6.5284094014799905,316.875,7.059616e-05,1.8221006e-05
6.5284094014799905,318.75,8.493768e-05,2.0983522e-05
6.5284094014799905,320.625,8.178014e-05,2.0355474e-05
6.5284094014799905,322.5,8.93416e-05,2.2149188e-05
6.5284094014799905,324.375,9.3187744e-05,2.3327495e-05
6.5284094014799905,326.25,8.514062e-05,2.212133e-05
6.5284094014799905,328.125,8.905362e-05,2.319561e-05
6.5284094014799905,330.0,9.194294e-05,2.2543803e-05
6.5284094014799905,331.875,7.451918e-05,2.1640886e-05
6.5284094014799905,333.75,6.50253e-05,1.9873343e-05
6.5284094014799905,335.625,6.2787585e-05,1.9125211e-05
6.5284094014799905,337.5,4.8218397e-05,1.8119346e-05
6.5284094014799905,339.375,3.9212726e-05,1.5439991e-05
6.5284094014799905,341.25,4.0803254e-05,1.6711849e-05
6.5284094014799905,343.125,3.1907362e-05,1.5486265e-05
6.5284094014799905,345.0,1.9799201e-05,1.1060083e-05
6.5284094014799905,346.875,1.5741072e-05,9.303493e-06
6.5284094014799905,348.75,2.959915e-05,1.3555343e-05
6.5284094014799905,350.625,1.5906966e-05,8.166923e-06
6.5284094014799905,352.5,1.2122407e-05,7.1664917e-06
6.5284094014799905,354.375,1.6356984e-05,9.694042e-06
6.5284094014799905,356.25,1.5490536e-05,9.756901e-06
6.5284094014799905,358.125,1.6103431e-05,9.89115e-06
8.393668907692383,0.0,9.6040785e-06,5.6195913e-06
8.393668907692383,1.875,7.898967e-06,5.0653975e-06
8.393668907692383,3.75,4.749347e-06,4.783243e-06
8.393668907692383,5.625,5.056911e-06,5.526554e-06
8.393668907692383,7.5,4.5088354e-06,5.385979e-06
8.393668907692383,9.375,2.4566634e-06,3.4642824e-06
8.393668907692383,11.25,1.966255e-06,3.1277186e-06
8.393668907692383,13.125,2.2128202e-06,3.544153e-06
8.393668907692383,15.0,2.2972974e-06,3.1145717e-06
8.393668907692383,16.875,2.4274937e-06,3.2448577e-06
8.393668907692383,18.75,2.2029851e-06,2.5926074e-06
8.393668907692383,20.625,2.743245e-06,2.7729177e-06
8.393668907692383,22.5,2.8318714e-06,3.085082e-06
8.393668907692383,24.375,1.987315e-06,3.203015e-06
8.393668907692383,26.25,8.616867e-07,2.2056379e-06
8.393668907692383,28.125,1.2100659e-06,2.5464215e-06
8.393668907692383,30.0,3.1886345e-06,4.9012046e-06
8.393668907692383,31.875,1.2492679e-06,3.5204325e-06
8.393668907692383,33.75,4.7634476e-06,6.7720352e-06
8.393668907692383,35.625,1.1378384e-05,8.33927e-06
8.393668907692383,37.5,8.803656e-06,7.474444e-06
8.393668907692383,39.375,6.1810656e-06,6.3403336e-06
8.393668907692383,41.25,5.595321e-06,8.383064e-06
8.393668907692383,43.125,3.7745444e-06,5.9115896e-06
8.393668907692383,45.0,4.4903963e-06,6.7477145e-06
8.393668907692383,46.875,3.3803371e-06,4.2539364e-06
8.393668907692383,48.75,2.6451069e-06,2.30824e-06
8.393668907692383,50.625,2.2233911e-05,1.48343115e-05
8.393668907692383,52.5,3.2272936e-05,2.215636e-05
8.393668907692383,54.375,3.540937e-05,2.5377367e-05
8.393668907692383,56.25,3.7659946e-05,2.4998295e-05
8.393668907692383,58.125,4.4498105e-05,2.632939e-05
8.393668907692383,60.0,5.1289153e-05,2.8745946e-05
8.393668907692383,61.875,5.1810275e-05,3.0524152e-05
8.393668907692383,63.75,5.7525307e-05,3.3484077e-05
8.393668907692383,65.625,6.736781e-05,3.6379115e-05
8.393668907692383,67.5,6.8446614e-05,3.9177252e-05
8.393668907692383,69.375,6.436309e-05,3.8557366e-05
8.393668907692383,71.25,6.6192864e-05,3.9734718e-05
8.393668907692383,73.125,7.058406e-05,4.2539137e-05
8.393668907692383,75.0,9.1624235e-05,5.5293756e-05
8.393668907692383,76.875,3.607911e-05,2.8224827e-05
8.393668907692383,78.75,7.664538e-05,4.1117044e-05
8.393668907692383,80.625,3.2700973e-05,2.917655e-05
8.393668907692383,82.5,5.9749535e-05,3.6642632e-05
8.393668907692383,84.375,7.507181e-05,4.2929794e-05
8.393668907692383,86.25,8.773502e-05,4.6701087e-05
8.393668907692383,88.125,8.716438e-05,4.6266283e-05
8.393668907692383,90.0,8.459356e-05,4.8603233e-05
8.393668907692383,91.875,8.21192e-05,4.9400758e-05
8.393668907692383,93.75,7.80841e-05,5.0152725e-05
8.393668907692383,95.625,7.284132e-05,4.6973357e-05
8.393668907692383,97.5,7.868471e-05,5.710339e-05
8.393668907692383,99.375,2.030723e-05,2.4996158e-05
8.393668907692383,101.25,1.48486315e-05,1.987853e-05
8.393668907692383,103.125,8.3452e-05,5.7662357e-05
8.393668907692383,105.0,9.902196e-05,6.888981e-05
8.393668907692383,106.875,6.0779475e-05,5.0389786e-05
8.393668907692383,108.75,4.8198606e-05,4.4323075e-05
8.393668907692383,110.625,6.670368e-05,4.388178e-05
8.393668907692383,112.5,8.3948165e-05,4.3812455e-05
8.393668907692383,114.375,7.271653e-05,3.983197e-05
8.393668907692383,116.25,5.9109192e-05,3.570778e-05
8.393668907692383,118.125,5.384658e-05,3.4771598e-05
8.393668907692383,120.0,6.50084e-05,4.3843833e-05
8.393668907692383,121.875,8.976248e-05,5.165434e-05
8.393668907692383,123.75,9.12725e-05,4.907417e-05
8.393668907692383,125.625,7.075755e-05,3.9474093e-05
8.393668907692383,127.5,6.6364046e-05,3.7860937e-05
8.393668907692383,129.375,9.355274e-05,4.4547698e-05
8.393668907692383,131.25,0.00011395082,4.8580365e-05
8.393668907692383,133.125,9.5315205e-05,4.926314e-05
8.393668907692383,135.0,8.530287e-05,4.6860936e-05
8.393668907692383,136.875,0.00010395316,4.6017358e-05
8.393668907692383,138.75,0.000116674324,4.7929127e-05
8.393668907692383,140.625,0.00010681356,4.6364414e-05
8.393668907692383,142.5,0.000109079396,4.4381028e-05
8.393668907692383,144.375,0.00012288208,4.3411237e-05
8.393668907692383,146.25,0.00013338699,4.895415e-05
8.393668907692383,148.125,0.00013218971,5.2386134e-05
8.393668907692383,150.0,0.00013536387,5.0085015e-05
8.393668907692383,151.875,0.00014783663,4.898672e-05
8.393668907692383,153.75,0.00015986206,5.2014715e-05
8.393668907692383,155.625,0.00015537965,4.968214e-05
8.393668907692383,157.5,0.00014658173,4.5644338e-05
8.393668907692383,159.375,0.00015342027,4.7711295e-05
8.393668907692383,161.25,0.00016852848,4.9591097e-05
8.393668907692383,163.125,0.00017210262,4.939581e-05
8.393668907692383,165.0,0.00016408009,5.0172643e-05
8.393668907692383,166.875,0.00016444853,4.890334e-05
8.393668907692383,168.75,0.00016692649,4.833883e-05
8.393668907692383,170.625,0.00016364567,4.642094e-05
8.393668907692383,172.5,0.00015752958,4.2536067e-05
8.393668907692383,174.375,0.00015699145,4.343835e-05
8.393668907692383,176.25,0.00015935114,4.524518e-05
8.393668907692383,178.125,0.00015964032,4.735569e-05
8.393668907692383,180.0,0.00015946676,4.8314658e-05
8.393668907692383,181.875,0.00015614247,4.7845184e-05
8.393668907692383,183.75,0.00015093842,4.5601548e-05
8.393668907692383,185.625,0.00014755092,4.4197895e-05
8.393668907692383,187.5,0.00014953711,4.520175e-05
8.393668907692383,189.375,0.0001526801,4.670813e-05
8.393668907692383,191.25,0.00015051826,4.4314696e-05
8.393668907692383,193.125,0.00013818845,4.0669143e-05
8.393668907692383,195.0,0.00013216943,3.9297778e-05
8.393668907692383,196.875,0.00013718187,4.032448e-05
8.393668907692383,198.75,0.00013981453,3.9829112e-05
8.393668907692383,200.625,0.00013354176,3.8487993e-05
8.393668907692383,202.5,0.00013568092,3.908051e-05
8.393668907692383,204.375,0.00014763733,4.350024e-05
8.393668907692383,206.25,0.00014601383,4.4289667e-05
8.393668907692383,208.125,0.00012996428,4.0704235e-05
8.393668907692383,210.0,0.00012819072,3.943726e-05
8.393668907692383,211.875,0.00013448732,4.0905063e-05
8.393668907692383,213.75,0.00013468135,3.869477e-05
8.393668907692383,215.625,0.00013785595,3.7459537e-05
8.393668907692383,217.5,0.00013958784,3.7871065e-05
8.393668907692383,219.375,0.00012902384,3.355582e-05
8.393668907692383,221.25,0.00012368841,3.0997893e-05
8.393668907692383,223.125,0.0001287475,3.2915214e-05
8.393668907692383,225.0,0.00012565954,3.2468877e-05
8.393668907692383,226.875,0.000117847136,3.0873292e-05
8.393668907692383,228.75,0.00011329861,2.8986868e-05
8.393668907692383,230.625,0.00010525398,2.6514668e-05
8.393668907692383,232.5,9.745961e-05,2.3659919e-05
8.393668907692383,234.375,9.7218464e-05,2.2243436e-05
8.393668907692383,236.25,9.951321e-05,2.1103917e-05
8.393668907692383,238.125,9.973159e-05,2.1474389e-05
8.393668907692383,240.0,9.397072e-05,2.1525648e-05
8.393668907692383,241.875,8.722238e-05,2.2300717e-05
8.393668907692383,243.75,8.6072345e-05,2.1643675e-05
8.393668907692383,245.625,8.744441e-05,1.9958505e-05
8.393668907692383,247.5,8.610058e-05,2.1466809e-05
8.393668907692383,249.375,8.308582e-05,2.1561375e-05
8.393668907692383,251.25,8.15777e-05,2.2667751e-05
8.393668907692383,253.125,8.2749866e-05,2.4061195e-05
8.393668907692383,255.0,8.96552e-05,2.6059803e-05
8.393668907692383,256.875,9.06945e-05,2.6395572e-05
8.393668907692383,258.75,8.723369e-05,2.659187e-05
8.393668907692383,260.625,8.6642605e-05,2.7118846e-05
8.393668907692383,262.5,7.872108e-05,2.5723086e-05
8.393668907692383,264.375,6.7977846e-05,2.3923552e-05
8.393668907692383,266.25,6.3143e-05,2.3521492e-05
8.393668907692383,268.125,6.0370265e-05,2.2207918e-05
8.393668907692383,270.0,6.671367e-05,2.0238343e-05
8.393668907692383,271.875,7.953939e-05,2.2866534e-05
8.393668907692383,273.75,7.051314e-05,2.2035465e-05
8.393668907692383,275.625,6.326992e-05,2.2872347e-05
8.393668907692383,277.5,9.8488956e-05,2.6299213e-05
8.393668907692383,279.375,6.706042e-05,1.9385485e-05
8.393668907692383,281.25,3.3709388e-05,2.4112409e-05
8.393668907692383,283.125,6.2380255e-05,2.0180087e-05
8.393668907692383,285.0,5.2576484e-05,1.3405353e-05
8.393668907692383,286.875,4.5248926e-05,1.3513193e-05
8.393668907692383,288.75,2.547258e-05,1.401463e-05
8.393668907692383,290.625,1.7986104e-05,1.5920436e-05
8.393668907692383,292.5,2.2409284e-05,2.1812373e-05
8.393668907692383,294.375,1.6144648e-05,1.882497e-05
8.393668907692383,296.25,7.2355474e-06,1.2813266e-05
8.393668907692383,298.125,2.8894167e-06,5.7334464e-06
8.393668907692383,300.0,1.6988582e-06,2.040584e-06
8.393668907692383,301.875,1.0235652e-05,5.7098355e-06
8.393668907692383,303.75,1.5283287e-05,8.12695e-06
8.393668907692383,305.625,2.5763939e-05,1.1095067e-05
8.393668907692383,307.5,3.298279e-05,1.2721898e-05
8.393668907692383,309.375,4.074811e-05,1.6099548e-05
8.393668907692383,311.25,4.874765e-05,1.778821e-05
8.393668907692383,313.125,4.61887e-05,1.7264221e-05
8.393668907692383,315.0,4.8526028e-05,1.8084815e-05
8.393668907692383,316.875,7.022843e-05,2.3356888e-05
8.393668907692383,318.75,7.537319e-05,2.5957059e-05
8.393668907692383,320.625,6.905947e-05,2.6092392e-05
8.393668907692383,322.5,7.38118e-05,2.7741162e-05
8.393668907692383,324.375,6.647351e-05,2.7130987e-05
8.393668907692383,326.25,5.562503e-05,2.4743042e-05
8.393668907692383,328.125,5.976298e-05,2.7674056e-05
8.393668907692383,330.0,5.2612606e-05,2.3788343e-05
8.393668907692383,331.875,3.634139e-05,1.7774704e-05
8.393668907692383,333.75,3.8826678e-05,1.8769719e-05
8.393668907692383,335.625,3.9355244e-05,1.9031797e-05
8.393668907692383,337.5,2.5523454e-05,1.3622353e-05
8.393668907692383,339.375,2.36709e-05,1.2911792e-05
8.393668907692383,341.25,2.504571e-05,1.4088638e-05
8.393668907692383,343.125,1.545598e-05,1.118357e-05
8.393668907692383,345.0,1.1803103e-05,8.875061e-06
8.393668907692383,346.875,1.3297182e-05,8.016886e-06
8.393668907692383,348.75,1.1280411e-05,7.2887333e-06
8.393668907692383,350.625,8.246014e-06,6.830832e-06
8.393668907692383,352.5,5.4376833e-06,5.203855e-06
8.393668907692383,354.375,6.3398024e-06,5.7840643e-06
8.393668907692383,356.25,6.4492297e-06,5.6778194e-06
8.393668907692383,358.125,7.854056e-06,6.202695e-06
10.258928168006376,0.0,2.6404966e-06,4.04313e-06
10.258928168006376,1.875,2.0695493e-06,3.6835693e-06
10.258928168006376,3.75,1.1944081e-06,2.6534276e-06
10.258928168006376,5.625,9.0986373e-07,2.7602675e-06
10.258928168006376,7.5,6.161071e-07,1.9042632e-06
10.258928168006376,9.375,2.898983e-07,1.3208568e-06
10.258928168006376,11.25,2.1370971e-07,8.68521e-07
10.258928168006376,13.125,2.506198e-07,9.1032433e-07
10.258928168006376,15.0,3.7761973e-07,1.2311816e-06
10.258928168006376,16.875,6.1352637e-07,1.3636203e-06
10.258928168006376,18.75,4.806154e-07,1.1035272e-06
10.258928168006376,20.625,8.9372116e-07,1.7441234e-06
10.258928168006376,22.5,1.0082709e-06,2.077553e-06
10.258928168006376,24.375,6.505358e-07,1.6317222e-06
10.258928168006376,26.25,2.1947984e-07,8.6878384e-07
10.258928168006376,28.125,2.5144007e-07,1.0804279e-06
10.258928168006376,30.0,1.1177901e-06,3.330067e-06
10.258928168006376,31.875,9.371951e-07,2.3839457e-06
10.258928168006376,33.75,1.1256733e-06,3.26832e-06
10.258928168006376,35.625,4.8399183e-06,6.265533e-06
10.258928168006376,37.5,5.547567e-06,6.951585e-06
10.258928168006376,39.375,4.927158e-06,6.7871747e-06
10.258928168006376,41.25,4.6538566e-06,9.7504035e-06
10.258928168006376,43.125,1.0068799e-06,2.995693e-06
10.258928168006376,45.0,1.3190621e-06,4.1268163e-06
10.258928168006376,46.875,9.329285e-07,2.2653035e-06
10.258928168006376,48.75,1.1959223e-06,1.2520281e-06
10.258928168006376,50.625,2.9004273e-06,2.085647e-06
10.258928168006376,52.5,1.748393e-05,1.2094169e-05
10.258928168006376,54.375,1.6905855e-05,1.3640214e-05
10.258928168006376,56.25,2.4256253e-05,1.7371647e-05
10.258928168006376,58.125,3.193347e-05,2.1033993e-05
10.258928168006376,60.0,3.2056974e-05,2.0401412e-05
10.258928168006376,61.875,3.612374e-05,2.3830882e-05
10.258928168006376,63.75,4.2422787e-05,2.6929642e-05
10.258928168006376,65.625,3.8456958e-05,2.5949827e-05
10.258928168006376,67.5,3.6732865e-05,2.6450309e-05
10.258928168006376,69.375,4.76112e-05,3.1837946e-05
10.258928168006376,71.25,5.3032694e-05,3.3513632e-05
10.258928168006376,73.125,5.0688555e-05,3.6015885e-05
10.258928168006376,75.0,5.3169708e-05,4.1500844e-05
10.258928168006376,76.875,1.792733e-05,2.0972251e-05
10.258928168006376,78.75,4.6000532e-05,3.3036053e-05
10.258928168006376,80.625,4.229092e-05,3.1167914e-05
10.258928168006376,82.5,4.7967653e-05,3.288969e-05
10.258928168006376,84.375,6.793873e-05,4.3101736e-05
10.258928168006376,86.25,7.86423e-05,4.9234506e-05
10.258928168006376,88.125,6.642283e-05,4.439514e-05
10.258928168006376,90.0,5.781332e-05,4.0607643e-05
10.258928168006376,91.875,5.9948936e-05,4.356146e-05
10.258928168006376,93.75,7.068945e-05,5.491263e-05
10.258928168006376,95.625,5.1016585e-05,4.547485e-05
10.258928168006376,97.5,3.7373247e-05,3.5994355e-05
10.258928168006376,99.375,1.0628227e-05,1.2061736e-05
10.258928168006376,101.25,2.1719583e-05,1.8838493e-05
10.258928168006376,103.125,6.245114e-05,5.22469e-05
10.258928168006376,105.0,2.8500743e-05,2.6455973e-05
10.258928168006376,106.875,2.157527e-05,2.1484586e-05
10.258928168006376,108.75,3.333939e-05,2.887419e-05
10.258928168006376,110.625,4.20699e-05,3.45851e-05
10.258928168006376,112.5,6.909553e-05,4.5021996e-05
10.258928168006376,114.375,9.3343e-05,5.2086594e-05
10.258928168006376,116.25,8.8759174e-05,4.828461e-05
10.258928168006376,118.125,8.045489e-05,4.3318043e-05
10.258928168006376,120.0,7.358932e-05,4.3734e-05
10.258928168006376,121.875,7.116341e-05,4.22146e-05
10.258928168006376,123.75,8.934129e-05,4.760069e-05
10.258928168006376,125.625,0.000105203435,5.2432028e-05
10.258928168006376,127.5,9.0460366e-05,4.647643e-05
10.258928168006376,129.375,8.502206e-05,4.242348e-05
10.258928168006376,131.25,0.00010525564,4.4842778e-05
10.258928168006376,133.125,0.00012139258,5.0597206e-05
10.258928168006376,135.0,0.000108044595,4.709331e-05
10.258928168006376,136.875,0.00010530565,4.296814e-05
10.258928168006376,138.75,0.00012205049,4.3748554e-05
10.258928168006376,140.625,0.00012804271,4.6660487e-05
10.258928168006376,142.5,0.000120603225,4.5796263e-05
10.258928168006376,144.375,0.00012283359,4.5760502e-05
10.258928168006376,146.25,0.00014351307,5.019684e-05
10.258928168006376,148.125,0.00015550594,5.1092156e-05
10.258928168006376,150.0,0.00014770901,4.5577424e-05
10.258928168006376,151.875,0.00014508214,4.5487126e-05
10.258928168006376,153.75,0.0001609134,4.9434733e-05
10.258928168006376,155.625,0.00017057211,4.9166898e-05
10.258928168006376,157.5,0.00016187901,4.733711e-05
10.258928168006376,159.375,0.00016300894,4.6451933e-05
10.258928168006376,161.25,0.00017430676,4.3881446e-05
10.258928168006376,163.125,0.0001749725,4.43071e-05
10.258928168006376,165.0,0.00016654059,4.2309934e-05
10.258928168006376,166.875,0.0001659292,4.164253e-05
10.258928168006376,168.75,0.00017056939,4.0820967e-05
10.258928168006376,170.625,0.00016831308,4.000941e-05
10.258928168006376,172.5,0.00016703378,3.9571223e-05
10.258928168006376,174.375,0.00017218779,4.131786e-05
10.258928168006376,176.25,0.00017538575,4.449732e-05
10.258928168006376,178.125,0.00017356053,4.483456e-05
10.258928168006376,180.0,0.00017510995,4.4723016e-05
10.258928168006376,181.875,0.00017979981,4.490388e-05
10.258928168006376,183.75,0.00017781509,4.398841e-05
10.258928168006376,185.625,0.00017425143,4.198377e-05
10.258928168006376,187.5,0.00017527356,4.1554955e-05
10.258928168006376,189.375,0.00017427832,4.107123e-05
10.258928168006376,191.25,0.00017345698,4.1083742e-05
10.258928168006376,193.125,0.00017195122,3.93804e-05
10.258928168006376,195.0,0.00016876314,3.679969e-05
10.258928168006376,196.875,0.00017000861,3.758532e-05
10.258928168006376,198.75,0.00018358814,4.1883082e-05
10.258928168006376,200.625,0.00018365061,4.243185e-05
10.258928168006376,202.5,0.00016575932,3.94254e-05
10.258928168006376,204.375,0.0001598914,3.960505e-05
10.258928168006376,206.25,0.00017517564,4.282086e-05
10.258928168006376,208.125,0.00017239302,4.188159e-05
10.258928168006376,210.0,0.00015860306,3.9345174e-05
10.258928168006376,211.875,0.00015698254,3.8459824e-05
10.258928168006376,213.75,0.00015953224,3.6778114e-05
10.258928168006376,215.625,0.00016082861,3.5584282e-05
10.258928168006376,217.5,0.00016508457,3.587953e-05
10.258928168006376,219.375,0.00015988121,3.424477e-05
10.258928168006376,221.25,0.0001452704,3.1419506e-05
10.258928168006376,223.125,0.00013854519,3.1495158e-05
10.258928168006376,225.0,0.00014086123,3.1877593e-05
10.258928168006376,226.875,0.0001352922,3.1008138e-05
10.258928168006376,228.75,0.00012615844,3.107549e-05
10.258928168006376,230.625,0.000121050194,3.0374731e-05
10.258928168006376,232.5,0.000115157694,2.8784976e-05
10.258928168006376,234.375,0.000111121495,2.693626e-05
10.258928168006376,236.25,0.00011223764,2.7826352e-05
10.258928168006376,238.125,0.000105490406,2.6422758e-05
10.258928168006376,240.0,9.148946e-05,2.421679e-05
10.258928168006376,241.875,8.893801e-05,2.491311e-05
10.258928168006376,243.75,9.772288e-05,2.446177e-05
10.258928168006376,245.625,9.4532355e-05,2.2570077e-05
10.258928168006376,247.5,8.325644e-05,2.2677501e-05
10.258928168006376,249.375,8.268321e-05,2.753352e-05
10.258928168006376,251.25,8.696411e-05,2.9518822e-05
10.258928168006376,253.125,9.191779e-05,2.8754139e-05
10.258928168006376,255.0,9.259213e-05,3.052934e-05
10.258928168006376,256.875,7.773157e-05,3.0213356e-05
10.258928168006376,258.75,6.1013765e-05,2.7192393e-05
10.258928168006376,260.625,6.506642e-05,2.7517655e-05
10.258928168006376,262.5,7.128319e-05,2.9410812e-05
10.258928168006376,264.375,6.808904e-05,2.7518914e-05
10.258928168006376,266.25,7.165586e-05,2.6775042e-05
10.258928168006376,268.125,6.800002e-05,2.365371e-05
10.258928168006376,270.0,6.064701e-05,2.2238119e-05
10.258928168006376,271.875,7.085186e-05,2.274443e-05
10.258928168006376,273.75,7.8411475e-05,2.7172697e-05
10.258928168006376,275.625,2.6204507e-05,1.5400563e-05
10.258928168006376,277.5,6.122369e-05,2.4421377e-05
10.258928168006376,279.375,7.8866724e-05,2.9327211e-05
10.258928168006376,281.25,5.526426e-05,2.6249136e-05
10.258928168006376,283.125,1.868946e-05,1.1948442e-05
10.258928168006376,285.0,5.1269413e-05,2.11387e-05
10.258928168006376,286.875,2.9568793e-05,1.3815288e-05
10.258928168006376,288.75,2.368512e-05,1.4991265e-05
10.258928168006376,290.625,1.978781e-05,1.5370497e-05
10.258928168006376,292.5,1.7160939e-05,1.969522e-05
10.258928168006376,294.375,8.8813695e-06,1.4554844e-05
10.258928168006376,296.25,5.251424e-06,8.6023965e-06
10.258928168006376,298.125,1.45806835e-05,1.1385681e-05
10.258928168006376,300.0,1.5185152e-05,9.696688e-06
10.258928168006376,301.875,2.1763426e-05,1.191128e-05
10.258928168006376,303.75,3.3453274e-05,1.7198037e-05
10.258928168006376,305.625,4.05561e-05,1.9235444e-05
10.258928168006376,307.5,3.5548142e-05,1.7201135e-05
10.258928168006376,309.375,3.1526095e-05,1.447391e-05
10.258928168006376,311.25,4.0930692e-05,1.810823e-05
10.258928168006376,313.125,4.7836635e-05,2.347571e-05
10.258928168006376,315.0,5.01402e-05,2.3756791e-05
10.258928168006376,316.875,5.157822e-05,2.5854453e-05
10.258928168006376,318.75,4.216508e-05,2.2970207e-05
10.258928168006376,320.625,3.520976e-05,1.982724e-05
10.258928168006376,322.5,3.891467e-05,2.2989456e-05
10.258928168006376,324.375,3.1924486e-05,2.0744446e-05
10.258928168006376,326.25,2.3204275e-05,1.6412027e-05
10.258928168006376,328.125,2.2004708e-05,1.6194268e-05
10.258928168006376,330.0,1.7994631e-05,1.3417573e-05
10.258928168006376,331.875,1.3181972e-05,1.095711e-05
10.258928168006376,333.75,1.642092e-05,1.2743603e-05
10.258928168006376,335.625,1.7132563e-05,1.2190566e-05
10.258928168006376,337.5,1.1501226e-05,9.473766e-06
10.258928168006376,339.375,1.2048523e-05,7.964971e-06
10.258928168006376,341.25,9.72503e-06,8.064047e-06
10.258928168006376,343.125,4.808512e-06,5.39968e-06
10.258928168006376,345.0,1.1978699e-05,9.013276e-06
10.258928168006376,346.875,6.814285e-06,5.5751584e-06
10.258928168006376,348.75,5.5822684e-06,5.1756792e-06
10.258928168006376,350.625,3.21596e-06,4.0376135e-06
10.258928168006376,352.5,1.8743104e-06,2.7780468e-06
10.258928168006376,354.375,1.6732575e-06,2.5439451e-06
10.258928168006376,356.25,1.7560361e-06,2.6940963e-06
10.258928168006376,358.125,1.967122e-06,2.8175732e-06
12.124187123455766,0.0,1.7227576e-07,1.1666674e-06
12.124187123455766,1.875,2.0494932e-07,1.1606854e-06
12.124187123455766,3.75,3.1428442e-07,1.4401389e-06
12.124187123455766,5.625,2.6034206e-07,8.77661e-07
12.124187123455766,7.5,9.3463456e-08,5.159844e-07
12.124187123455766,9.375,2.6171474e-08,1.3302915e-07
12.124187123455766,11.25,3.509238e-08,2.1195422e-07
12.124187123455766,13.125,3.1086092e-08,2.8680122e-07
12.124187123455766,15.0,4.0401944e-09,2.4054273e-08
12.124187123455766,16.875,7.686904e-09,4.10977e-08
12.124187123455766,18.75,1.0849908e-08,5.3406545e-08
12.124187123455766,20.625,9.1146646e-08,5.4527635e-07
12.124187123455766,22.5,1.6044433e-07,8.407496e-07
12.124187123455766,24.375,4.582209e-08,4.2212102e-07
12.124187123455766,26.25,7.111812e-09,1.6258268e-08
12.124187123455766,28.125,3.7215075e-09,8.009155e-09
12.124187123455766,30.0,1.06719526e-07,6.8355064e-07
12.124187123455766,31.875,1.4351579e-07,6.950771e-07
12.124187123455766,33.75,1.3462137e-07,9.2922124e-07
12.124187123455766,35.625,9.315711e-07,2.4207918e-06
12.124187123455766,37.5,3.6336046e-06,6.2113018e-06
12.124187123455766,39.375,4.1640724e-06,6.578036e-06
12.124187123455766,41.25,2.7282367e-06,7.0430065e-06
12.124187123455766,43.125,3.2009075e-06,6.752912e-06
12.124187123455766,45.0,2.7355509e-06,6.5165477e-06
12.124187123455766,46.875,1.5161542e-06,4.0408454e-06
12.124187123455766,48.75,8.269833e-07,1.1072236e-06
12.124187123455766,50.625,2.7043588e-06,2.6695313e-06
12.124187123455766,52.5,6.6721495e-06,5.2614496e-06
12.124187123455766,54.375,8.878181e-06,7.595679e-06
12.124187123455766,56.25,1.824304e-05,1.5587699e-05
12.124187123455766,58.125,1.9448513e-05,1.7640305e-05
12.124187123455766,60.0,1.3523397e-05,1.2689375e-05
12.124187123455766,61.875,1.7947443e-05,1.6050692e-05
12.124187123455766,63.75,2.4999868e-05,2.0659201e-05
12.124187123455766,65.625,2.2172686e-05,1.969658e-05
12.124187123455766,67.5,2.6775211e-05,2.2166447e-05
12.124187123455766,69.375,4.0056297e-05,2.9592264e-05
12.124187123455766,71.25,3.3581615e-05,2.7110522e-05
12.124187123455766,73.125,2.9182454e-05,2.7429573e-05
12.124187123455766,75.0,4.7113477e-05,4.185381e-05
12.124187123455766,76.875,2.2723572e-05,1.9168467e-05
12.124187123455766,78.75,2.1165013e-05,1.5426333e-05
12.124187123455766,80.625,5.4481272e-05,4.093577e-05
12.124187123455766,82.5,5.2787218e-05,3.9298713e-05
12.124187123455766,84.375,5.415538e-05,4.0090334e-05
12.124187123455766,86.25,5.2453877e-05,4.2786927e-05
12.124187123455766,88.125,4.8736787e-05,4.1748786e-05
12.124187123455766,90.0,4.2621494e-05,3.798402e-05
12.124187123455766,91.875,4.5465036e-05,4.1496092e-05
12.124187123455766,93.75,4.705188e-05,4.7126454e-05
12.124187123455766,95.625,2.3440987e-05,2.8042394e-05
12.124187123455766,97.5,1.346991e-05,1.8623527e-05
12.124187123455766,99.375,6.6674274e-06,9.151932e-06
12.124187123455766,101.25,5.5948644e-06,6.710281e-06
12.124187123455766,103.125,7.0200476e-06,8.873212e-06
12.124187123455766,105.0,1.3462555e-05,1.283925e-05
12.124187123455766,106.875,2.565186e-05,1.7714803e-05
12.124187123455766,108.75,2.6906033e-05,1.623677e-05
12.124187123455766,110.625,5.110292e-05,3.399897e-05
12.124187123455766,112.5,5.5676326e-05,3.8371105e-05
12.124187123455766,114.375,7.2677445e-05,4.376464e-05
12.124187123455766,116.25,8.412634e-05,4.7151734e-05
12.124187123455766,118.125,0.0001144032,6.2948224e-05
12.124187123455766,120.0,0.00011593729,6.7887515e-05
12.124187123455766,121.875,6.718375e-05,4.1306917e-05
12.124187123455766,123.75,6.0903545e-05,3.560164e-05
12.124187123455766,125.625,0.000102971724,5.298422e-05
12.124187123455766,127.5,0.00012544222,5.9214064e-05
12.124187123455766,129.375,0.000102228085,4.867087e-05
12.124187123455766,131.25,9.444645e-05,4.3174823e-05
12.124187123455766,133.125,0.00011790861,4.5686236e-05
12.124187123455766,135.0,0.00012602212,4.9504837e-05
12.124187123455766,136.875,0.0001066321,4.3556873e-05
12.124187123455766,138.75,0.00011121993,4.4009306e-05
12.124187123455766,140.625,0.00013174521,4.725357e-05
12.124187123455766,142.5,0.00013331363,4.6992674e-05
12.124187123455766,144.375,0.0001223113,4.3805805e-05
12.124187123455766,146.25,0.0001333063,4.3134354e-05
12.124187123455766,148.125,0.00015070075,4.7452388e-05
12.124187123455766,150.0,0.00014201128,4.6941514e-05
12.124187123455766,151.875,0.00012420204,4.0479346e-05
12.124187123455766,153.75,0.0001261564,4.1040435e-05
12.124187123455766,155.625,0.00013646233,4.4239496e-05
12.124187123455766,157.5,0.00013702613,4.1150626e-05
12.124187123455766,159.375,0.0001394354,4.02706e-05
12.124187123455766,161.25,0.00013886737,4.0804465e-05
12.124187123455766,163.125,0.00013260607,3.9131744e-05
12.124187123455766,165.0,0.00013100449,3.8695805e-05
12.124187123455766,166.875,0.00013481607,3.824244e-05
12.124187123455766,168.75,0.00013393437,3.8229085e-05
12.124187123455766,170.625,0.0001311281,3.9326333e-05
12.124187123455766,172.5,0.00013594676,4.1442643e-05
12.124187123455766,174.375,0.00014123174,4.492193e-05
12.124187123455766,176.25,0.00013829184,4.5997996e-05
12.124187123455766,178.125,0.00013332034,4.3919932e-05
12.124187123455766,180.0,0.00013504503,4.2298012e-05
12.124187123455766,181.875,0.00014148987,4.4360255e-05
12.124187123455766,183.75,0.00014765035,4.486845e-05
12.124187123455766,185.625,0.00015463757,4.3865562e-05
12.124187123455766,187.5,0.00015351421,4.170736e-05
12.124187123455766,189.375,0.00014459126,4.022603e-05
12.124187123455766,191.25,0.00014744006,4.0013172e-05
12.124187123455766,193.125,0.00016529826,4.030563e-05
12.124187123455766,195.0,0.00016726919,3.9553062e-05
12.124187123455766,196.875,0.00015094555,3.763606e-05
12.124187123455766,198.75,0.00015814521,4.130869e-05
12.124187123455766,200.625,0.00017631355,4.921639e-05
12.124187123455766,202.5,0.00015706058,4.451658e-05
12.124187123455766,204.375,0.00013733403,3.6652356e-05
12.124187123455766,206.25,0.00015213306,3.729865e-05
12.124187123455766,208.125,0.0001648035,3.959736e-05
12.124187123455766,210.0,0.00015515745,3.85561e-05
12.124187123455766,211.875,0.00015565036,3.915177e-05
12.124187123455766,213.75,0.00015569288,3.887547e-05
12.124187123455766,215.625,0.00013791204,3.5225832e-05
12.124187123455766,217.5,0.00013833832,3.452302e-05
12.124187123455766,219.375,0.0001521196,3.715945e-05
12.124187123455766,221.25,0.00014270884,3.5017118e-05
12.124187123455766,223.125,0.00012802315,3.3668435e-05
12.124187123455766,225.0,0.0001285965,3.393747e-05
12.124187123455766,226.875,0.00012092149,3.3442444e-05
12.124187123455766,228.75,0.000109483946,3.4186178e-05
12.124187123455766,230.625,0.000113582064,3.3796085e-05
12.124187123455766,232.5,0.000118635595,3.2454802e-05
12.124187123455766,234.375,0.00011045678,3.2077245e-05
12.124187123455766,236.25,0.000103617225,3.3169672e-05
12.124187123455766,238.125,9.824565e-05,3.108174e-05
12.124187123455766,240.0,8.813817e-05,2.7837066e-05
12.124187123455766,241.875,8.7649394e-05,2.6593807e-05
12.124187123455766,243.75,9.410282e-05,2.4697736e-05
12.124187123455766,245.625,8.3294326e-05,2.3573335e-05
12.124187123455766,247.5,7.43489e-05,2.588435e-05
12.124187123455766,249.375,8.172511e-05,2.9950335e-05
12.124187123455766,251.25,8.3720384e-05,3.2026703e-05
12.124187123455766,253.125,7.368508e-05,3.2936165e-05
12.124187123455766,255.0,7.265013e-05,3.6634414e-05
12.124187123455766,256.875,7.1045935e-05,3.559486e-05
12.124187123455766,258.75,6.157577e-05,3.1946598e-05
12.124187123455766,260.625,7.326046e-05,3.597315e-05
12.124187123455766,262.5,7.990711e-05,3.931364e-05
12.124187123455766,264.375,6.108171e-05,3.0872594e-05
12.124187123455766,266.25,6.0413513e-05,2.529374e-05
12.124187123455766,268.125,6.755933e-05,2.5623021e-05
12.124187123455766,270.0,4.7216156e-05,1.8586039e-05
12.124187123455766,271.875,6.464382e-05,2.2702605e-05
12.124187123455766,273.75,3.6515034e-05,1.6609716e-05
12.124187123455766,275.625,1.5365931e-05,1.2035051e-05
12.124187123455766,277.5,4.3106527e-05,1.926898e-05
12.124187123455766,279.375,5.4255146e-05,2.2091279e-05
12.124187123455766,281.25,6.653539e-05,3.1294687e-05
12.124187123455766,283.125,3.910197e-05,2.6726544e-05
12.124187123455766,285.0,1.7273474e-05,1.5319629e-05
12.124187123455766,286.875,2.1372858e-05,1.9171446e-05
12.124187123455766,288.75,2.6387113e-05,2.0577052e-05
12.124187123455766,290.625,2.6090802e-05,2.2869977e-05
12.124187123455766,292.5,2.0033192e-05,1.9992478e-05
12.124187123455766,294.375,1.7701408e-05,1.8057932e-05
12.124187123455766,296.25,1.6587463e-05,1.3702808e-05
12.124187123455766,298.125,2.5962598e-05,1.4057468e-05
12.124187123455766,300.0,3.552826e-05,1.9037776e-05
12.124187123455766,301.875,3.92081e-05,2.1427839e-05
12.124187123455766,303.75,4.0132072e-05,2.0940819e-05
12.124187123455766,305.625,3.9935017e-05,2.2532762e-05
12.124187123455766,307.5,3.0205898e-05,1.8933608e-05
12.124187123455766,309.375,2.8565213e-05,1.7537337e-05
12.124187123455766,311.25,3.327612e-05,1.9751793e-05
12.124187123455766,313.125,3.230453e-05,2.0407162e-05
12.124187123455766,315.0,2.7668748e-05,1.9255836e-05
12.124187123455766,316.875,2.5336582e-05,1.9355048e-05
12.124187123455766,318.75,1.9017496e-05,1.55585e-05
12.124187123455766,320.625,1.4984859e-05,1.3421563e-05
12.124187123455766,322.5,1.2379922e-05,1.2172514e-05
12.124187123455766,324.375,8.317881e-06,8.951024e-06
12.124187123455766,326.25,5.8794685e-06,6.6916805e-06
12.124187123455766,328.125,5.0241324e-06,5.844664e-06
12.124187123455766,330.0,4.383409e-06,5.225708e-06
12.124187123455766,331.875,3.8390194e-06,4.5003876e-06
12.124187123455766,333.75,3.8195303e-06,4.5116944e-06
12.124187123455766,335.625,3.3609203e-06,3.5352934e-06
12.124187123455766,337.5,3.862377e-06,3.694167e-06
12.124187123455766,339.375,5.1881675e-06,4.877696e-06
12.124187123455766,341.25,3.1075351e-06,3.2507337e-06
12.124187123455766,343.125,4.2483334e-06,5.5387986e-06
12.124187123455766,345.0,1.9757979e-06,3.1832315e-06
12.124187123455766,346.875,2.81821e-06,4.2832075e-06
12.124187123455766,348.75,2.1753133e-06,4.211807e-06
12.124187123455766,350.625,6.020644e-07,1.5146876e-06
12.124187123455766,352.5,4.2568644e-07,1.1326824e-06
12.124187123455766,354.375,5.1339214e-07,1.3754052e-06
12.124187123455766,356.25,3.60282e-07,1.1028395e-06
12.124187123455766,358.125,1.860701e-07,7.6658523e-07
13.989445712356673,0.0,2.7692149e-08,1.7777232e-07
13.989445712356673,1.875,3.481793e-08,2.619088e-07
13.989445712356673,3.75,1.6921273e-07,1.5473171e-06
13.989445712356673,5.625,1.5329351e-07,1.3345001e-06
13.989445712356673,7.5,5.7426078e-08,3.727199e-07
13.989445712356673,9.375,7.694325e-09,4.1073346e-08
13.989445712356673,11.25,7.779309e-09,3.1611286e-08
13.989445712356673,13.125,4.689064e-09,1.513096e-08
13.989445712356673,15.0,1.2907112e-08,9.143639e-08
13.989445712356673,16.875,2.824323e-08,2.2162641e-07
13.989445712356673,18.75,5.0028465e-08,4.6268113e-07
13.989445712356673,20.625,3.9701993e-09,1.5254665e-08
13.989445712356673,22.5,4.936447e-09,1.1815574e-08
13.989445712356673,24.375,1.2222008e-08,4.2970516e-08
13.989445712356673,26.25,7.4181306e-09,2.085309e-08
13.989445712356673,28.125,3.3329712e-09,8.920136e-09
13.989445712356673,30.0,5.1617106e-09,1.8912194e-08
13.989445712356673,31.875,3.836322e-09,1.3917648e-08
13.989445712356673,33.75,2.7674838e-09,8.10283e-09
13.989445712356673,35.625,1.5245867e-07,1.0575608e-06
13.989445712356673,37.5,2.0861446e-06,4.0994337e-06
13.989445712356673,39.375,4.1502553e-06,6.7740884e-06
13.989445712356673,41.25,5.0298822e-06,1.02611075e-05
13.989445712356673,43.125,3.6037179e-07,1.0262052e-06
13.989445712356673,45.0,6.654591e-07,2.0308123e-06
13.989445712356673,46.875,7.153246e-07,1.3689634e-06
13.989445712356673,48.75,1.1552908e-06,1.4896954e-06
13.989445712356673,50.625,1.278032e-06,2.162413e-06
13.989445712356673,52.5,2.9227833e-06,3.936314e-06
13.989445712356673,54.375,3.435078e-06,4.808635e-06
13.989445712356673,56.25,6.738451e-06,1.0893705e-05
13.989445712356673,58.125,7.4122827e-06,1.1343361e-05
13.989445712356673,60.0,7.672848e-06,1.089673e-05
13.989445712356673,61.875,1.3051508e-05,1.5074145e-05
13.989445712356673,63.75,1.734896e-05,1.7768216e-05
13.989445712356673,65.625,1.5933341e-05,1.6861926e-05
13.989445712356673,67.5,2.5262832e-05,2.2893297e-05
13.989445712356673,69.375,2.8868586e-05,2.6302872e-05
13.989445712356673,71.25,2.1469945e-05,2.3696623e-05
13.989445712356673,73.125,2.3320668e-05,2.4996478e-05
13.989445712356673,75.0,1.1041102e-05,1.2993901e-05
13.989445712356673,76.875,1.3989499e-05,1.162063e-05
13.989445712356673,78.75,1.4062284e-05,1.2370109e-05
13.989445712356673,80.625,3.2606542e-05,3.2666267e-05
13.989445712356673,82.5,3.4936533e-05,3.3591175e-05
13.989445712356673,84.375,3.1344847e-05,3.3339686e-05
13.989445712356673,86.25,2.7037948e-05,2.902086e-05
13.989445712356673,88.125,3.199011e-05,3.2659624e-05
13.989445712356673,90.0,3.480285e-05,3.949665e-05
13.989445712356673,91.875,2.079251e-05,2.5402382e-05
13.989445712356673,93.75,1.4342077e-05,1.8424786e-05
13.989445712356673,95.625,1.3985529e-05,1.8116623e-05
13.989445712356673,97.5,9.1893235e-06,1.3581479e-05
13.989445712356673,99.375,3.5417543e-06,4.7581243e-06
13.989445712356673,101.25,3.948899e-06,3.757798e-06
13.989445712356673,103.125,3.7262757e-06,4.198601e-06
13.989445712356673,105.0,7.8123e-06,5.9441695e-06
13.989445712356673,106.875,2.110983e-05,1.0579653e-05
13.989445712356673,108.75,3.104274e-05,1.3360797e-05
13.989445712356673,110.625,6.41261e-05,4.1475672e-05
13.989445712356673,112.5,6.124731e-05,4.6123612e-05
13.989445712356673,114.375,6.518833e-05,4.739778e-05
13.989445712356673,116.25,6.512466e-05,4.5748267e-05
13.989445712356673,118.125,7.306107e-05,4.6944082e-05
13.989445712356673,120.0,8.882486e-05,5.549118e-05
13.989445712356673,121.875,7.9558835e-05,5.0041297e-05
13.989445712356673,123.75,6.8559304e-05,4.0254356e-05
13.989445712356673,125.625,8.16562e-05,4.81038e-05
13.989445712356673,127.5,0.00011868726,6.018962e-05
13.989445712356673,129.375,0.00012376059,6.049934e-05
13.989445712356673,131.25,0.000101837584,4.9660088e-05
13.989445712356673,133.125,0.00010420782,4.6029603e-05
13.989445712356673,135.0,0.00011611018,4.90163e-05
13.989445712356673,136.875,0.00010939156,4.8068443e-05
13.989445712356673,138.75,0.00010164247,4.450164e-05
13.989445712356673,140.625,0.0001127314,4.2730044e-05
13.989445712356673,142.5,0.00012167882,4.294256e-05
13.989445712356673,144.375,0.000110951085,3.904326e-05
13.989445712356673,146.25,9.849591e-05,3.3520755e-05
13.989445712356673,148.125,0.00010442111,3.8580725e-05
13.989445712356673,150.0,0.00010634393,4.286397e-05
13.989445712356673,151.875,0.00010299174,4.14604e-05
13.989445712356673,153.75,0.00010233402,4.031589e-05
13.989445712356673,155.625,0.000100857505,4.0458548e-05
13.989445712356673,157.5,9.804111e-05,4.122022e-05
13.989445712356673,159.375,9.761274e-05,3.9157603e-05
13.989445712356673,161.25,9.1509224e-05,3.9068054e-05
13.989445712356673,163.125,8.3522726e-05,3.689058e-05
13.989445712356673,165.0,8.582491e-05,3.5260106e-05
13.989445712356673,166.875,8.734817e-05,3.720669e-05
13.989445712356673,168.75,8.4263775e-05,3.753867e-05
13.989445712356673,170.625,8.155449e-05,3.612528e-05
13.989445712356673,172.5,8.2999846e-05,3.6434365e-05
13.989445712356673,174.375,8.5762804e-05,3.9772392e-05
13.989445712356673,176.25,8.307424e-05,3.7047786e-05
13.989445712356673,178.125,8.5003136e-05,3.6061912e-05
13.989445712356673,180.0,8.841471e-05,3.6073357e-05
13.989445712356673,181.875,8.991174e-05,3.7760954e-05
13.989445712356673,183.75,9.141903e-05,3.7885984e-05
13.989445712356673,185.625,0.000100402656,3.717756e-05
13.989445712356673,187.5,0.00011028975,3.975391e-05
13.989445712356673,189.375,0.00010583785,4.027819e-05
13.989445712356673,191.25,0.00010144554,3.739421e-05
13.989445712356673,193.125,0.00011519831,4.1509036e-05
13.989445712356673,195.0,0.00012513269,4.608834e-05
13.989445712356673,196.875,0.00010406406,4.1019368e-05
13.989445712356673,198.75,9.4268464e-05,3.6364367e-05
13.989445712356673,200.625,0.00011231311,3.931311e-05
13.989445712356673,202.5,0.0001198242,4.1042196e-05
13.989445712356673,204.375,0.000112621055,3.8127357e-05
13.989445712356673,206.25,0.000112245514,3.9401893e-05
13.989445712356673,208.125,0.00011347278,4.0600244e-05
13.989445712356673,210.0,0.00010857187,3.9752795e-05
13.989445712356673,211.875,0.00011727195,4.243086e-05
13.989445712356673,213.75,0.00012229284,4.637071e-05
13.989445712356673,215.625,0.000103744635,3.985054e-05
13.989445712356673,217.5,9.462985e-05,3.246308e-05
13.989445712356673,219.375,0.000108002816,3.5583125e-05
13.989445712356673,221.25,0.00010709073,3.745127e-05
13.989445712356673,223.125,9.8477925e-05,3.814396e-05
13.989445712356673,225.0,0.000102399485,4.0269664e-05
13.989445712356673,226.875,9.760601e-05,4.102506e-05
13.989445712356673,228.75,8.372564e-05,3.670309e-05
13.989445712356673,230.625,8.960299e-05,3.3987464e-05
13.989445712356673,232.5,9.6768046e-05,3.5261157e-05
13.989445712356673,234.375,8.7094304e-05,3.4213408e-05
13.989445712356673,236.25,8.6356355e-05,3.3523633e-05
13.989445712356673,238.125,9.692681e-05,3.5579902e-05
13.989445712356673,240.0,9.138812e-05,3.3648506e-05
13.989445712356673,241.875,8.2130566e-05,3.0623265e-05
13.989445712356673,243.75,7.944084e-05,2.7843867e-05
13.989445712356673,245.625,7.297545e-05,2.7091915e-05
13.989445712356673,247.5,6.939332e-05,2.9978295e-05
13.989445712356673,249.375,7.896522e-05,3.443361e-05
13.989445712356673,251.25,7.613949e-05,3.6616515e-05
13.989445712356673,253.125,5.9774975e-05,3.4629622e-05
13.989445712356673,255.0,6.167502e-05,3.389616e-05
13.989445712356673,256.875,7.0627786e-05,4.0348765e-05
13.989445712356673,258.75,5.7704496e-05,3.5080193e-05
13.989445712356673,260.625,5.5989112e-05,3.5233264e-05
13.989445712356673,262.5,4.542207e-05,3.0340158e-05
13.989445712356673,264.375,2.0381887e-05,1.5347603e-05
13.989445712356673,266.25,4.8692033e-05,2.5451229e-05
13.989445712356673,268.125,2.3515395e-05,1.2194568e-05
13.989445712356673,270.0,1.463175e-05,9.55983e-06
13.989445712356673,271.875,1.5678916e-05,1.0999444e-05
13.989445712356673,273.75,2.1094897e-05,1.3966008e-05
13.989445712356673,275.625,1.5267993e-05,1.065792e-05
13.989445712356673,277.5,5.0582377e-05,2.2523156e-05
13.989445712356673,279.375,4.7473055e-05,2.262214e-05
13.989445712356673,281.25,6.3516905e-05,3.3970253e-05
13.989445712356673,283.125,5.6980483e-05,3.638876e-05
13.989445712356673,285.0,3.5871923e-05,2.8702892e-05
13.989445712356673,286.875,2.9574345e-05,2.3563789e-05
13.989445712356673,288.75,2.5101705e-05,2.1231084e-05
13.989445712356673,290.625,1.7512153e-05,1.707456e-05
13.989445712356673,292.5,1.7596552e-05,1.4821348e-05
13.989445712356673,294.375,2.4669014e-05,1.5803791e-05
13.989445712356673,296.25,2.6753347e-05,1.5664304e-05
13.989445712356673,298.125,3.2081705e-05,1.8319126e-05
13.989445712356673,300.0,3.8586073e-05,2.2737062e-05
13.989445712356673,301.875,3.303661e-05,2.1361235e-05
13.989445712356673,303.75,2.8962491e-05,1.9215051e-05
13.989445712356673,305.625,2.8455705e-05,1.850082e-05
13.989445712356673,307.5,2.6769734e-05,2.0079045e-05
13.989445712356673,309.375,2.4728704e-05,1.9907788e-05
13.989445712356673,311.25,2.189273e-05,1.8087005e-05
13.989445712356673,313.125,1.5911719e-05,1.4762875e-05
13.989445712356673,315.0,1.180129e-05,1.17178e-05
13.989445712356673,316.875,1.0890444e-05,1.0711152e-05
13.989445712356673,318.75,1.0024256e-05,9.9048975e-06
13.989445712356673,320.625,6.848023e-06,7.1262716e-06
13.989445712356673,322.5,4.2712345e-06,5.3733606e-06
13.989445712356673,324.375,3.3913739e-06,5.1185216e-06
13.989445712356673,326.25,3.3674844e-06,5.1757897e-06
13.989445712356673,328.125,2.390541e-06,3.558235e-06
13.989445712356673,330.0,1.8417876e-06,2.4970548e-06
13.989445712356673,331.875,1.4369792e-06,1.8074327e-06
13.989445712356673,333.75,1.0822213e-06,1.1106708e-06
13.989445712356673,335.625,9.765607e-07,1.8277278e-06
13.989445712356673,337.5,1.2182215e-06,1.7572329e-06
13.989445712356673,339.375,1.1350282e-06,1.5644664e-06
13.989445712356673,341.25,1.0883055e-06,2.1775118e-06
13.989445712356673,343.125,1.7603926e-06,2.8386141e-06
13.989445712356673,345.0,1.304342e-07,7.019386e-07
13.989445712356673,346.875,6.5950763e-07,2.083981e-06
13.989445712356673,348.75,3.8836095e-07,1.5049824e-06
13.989445712356673,350.625,4.7107605e-08,3.7659203e-07
13.989445712356673,352.5,1.4617108e-07,1.0250733e-06
13.989445712356673,354.375,8.81686e-09,3.700098e-08
13.989445712356673,356.25,1.9125437e-08,1.0191261e-07
13.989445712356673,358.125,2.3540197e-08,1.9079104e-07
15.854703869694873,0.0,1.7158172e-09,7.073405e-09
15.854703869694873,1.875,6.207265e-09,4.293804e-08
15.854703869694873,3.75,9.4518185e-08,9.206351e-07
15.854703869694873,5.625,1.3607816e-07,1.3171366e-06
15.854703869694873,7.5,1.1982497e-07,1.1571312e-06
15.854703869694873,9.375,4.8128133e-08,3.8654878e-07
15.854703869694873,11.25,8.2842595e-09,4.6481492e-08
15.854703869694873,13.125,2.9493827e-09,8.1693035e-09
15.854703869694873,15.0,1.1103118e-09,3.9925707e-09
15.854703869694873,16.875,1.9796431e-09,1.1334142e-08
15.854703869694873,18.75,2.657908e-09,1.3210917e-08
15.854703869694873,20.625,4.5982604e-09,2.2074376e-08
15.854703869694873,22.5,5.091861e-09,2.1790303e-08
15.854703869694873,24.375,8.611097e-09,4.412163e-08
15.854703869694873,26.25,6.7772636e-09,2.8660178e-08
15.854703869694873,28.125,2.4800835e-09,8.409464e-09
15.854703869694873,30.0,1.6413111e-09,5.521711e-09
15.854703869694873,31.875,1.0330411e-09,3.4726935e-09
15.854703869694873,33.75,3.1403038e-09,1.1983707e-08
15.854703869694873,35.625,4.411995e-08,1.787198e-07
15.854703869694873,37.5,6.9298085e-07,1.5334653e-06
15.854703869694873,39.375,9.2154846e-07,2.2532793e-06
15.854703869694873,41.25,6.8757454e-06,1.0495487e-05
15.854703869694873,43.125,8.1876163e-07,2.6719886e-06
15.854703869694873,45.0,1.5353705e-06,4.4320686e-06
15.854703869694873,46.875,1.3788829e-06,2.5725624e-06
15.854703869694873,48.75,5.9378783e-07,1.7354253e-06
15.854703869694873,50.625,2.8413547e-07,6.884594e-07
15.854703869694873,52.5,1.7263942e-06,3.0434253e-06
15.854703869694873,54.375,1.1914676e-06,2.5277839e-06
15.854703869694873,56.25,2.2904783e-06,3.8493354e-06
15.854703869694873,58.125,4.326831e-06,7.861989e-06
15.854703869694873,60.0,6.3847006e-06,9.6372805e-06
15.854703869694873,61.875,9.880242e-06,1.3685804e-05
15.854703869694873,63.75,1.0808033e-05,1.4906422e-05
15.854703869694873,65.625,9.343888e-06,1.2558826e-05
15.854703869694873,67.5,1.4398592e-05,1.7127695e-05
15.854703869694873,69.375,1.661121e-05,2.0290767e-05
15.854703869694873,71.25,1.5809806e-05,2.2012107e-05
15.854703869694873,73.125,2.480581e-05,2.5378358e-05
15.854703869694873,75.0,7.792645e-06,9.852955e-06
15.854703869694873,76.875,5.337817e-06,6.8857444e-06
15.854703869694873,78.75,3.833863e-06,5.024206e-06
15.854703869694873,80.625,1.2332099e-05,1.3913137e-05
15.854703869694873,82.5,2.4125604e-05,2.7016078e-05
15.854703869694873,84.375,2.8863507e-05,3.5272722e-05
15.854703869694873,86.25,1.9133538e-05,2.4424098e-05
15.854703869694873,88.125,2.6674748e-05,3.1974574e-05
15.854703869694873,90.0,2.8190729e-05,3.5900637e-05
15.854703869694873,91.875,1.4125325e-05,1.9941124e-05
15.854703869694873,93.75,1.2178728e-05,1.6838492e-05
15.854703869694873,95.625,4.2707193e-06,6.943685e-06
15.854703869694873,97.5,2.5196175e-06,4.8059624e-06
15.854703869694873,99.375,1.5509505e-06,1.9509203e-06
15.854703869694873,101.25,2.5295853e-06,2.1011933e-06
15.854703869694873,103.125,4.1107796e-06,2.5549687e-06
15.854703869694873,105.0,8.7338885e-06,4.03199e-06
15.854703869694873,106.875,1.2085328e-05,3.8875132e-06
15.854703869694873,108.75,5.2150535e-05,2.2104585e-05
15.854703869694873,110.625,5.4161035e-05,4.0126324e-05
15.854703869694873,112.5,5.1266037e-05,4.3189353e-05
15.854703869694873,114.375,7.3312294e-05,6.207326e-05
15.854703869694873,116.25,7.457976e-05,6.67759e-05
15.854703869694873,118.125,4.517091e-05,4.109304e-05
15.854703869694873,120.0,5.211997e-05,3.7743124e-05
15.854703869694873,121.875,3.728462e-05,2.0524943e-05
15.854703869694873,123.75,9.452166e-05,5.1733135e-05
15.854703869694873,125.625,9.190696e-05,5.567704e-05
15.854703869694873,127.5,9.340308e-05,5.2275707e-05
15.854703869694873,129.375,0.000117605145,5.915278e-05
15.854703869694873,131.25,0.00010979392,5.8349837e-05
15.854703869694873,133.125,8.7869186e-05,4.6189278e-05
15.854703869694873,135.0,9.604481e-05,4.5581895e-05
15.854703869694873,136.875,0.00010417434,4.9251466e-05
15.854703869694873,138.75,9.118306e-05,4.1143016e-05
15.854703869694873,140.625,8.5930944e-05,3.700219e-05
15.854703869694873,142.5,9.571911e-05,3.997848e-05
15.854703869694873,144.375,9.378281e-05,4.2566346e-05
15.854703869694873,146.25,7.805541e-05,3.7002737e-05
15.854703869694873,148.125,6.969044e-05,3.2934997e-05
15.854703869694873,150.0,7.201655e-05,3.7761958e-05
15.854703869694873,151.875,7.636257e-05,3.9373994e-05
15.854703869694873,153.75,7.47828e-05,3.658191e-05
15.854703869694873,155.625,6.692189e-05,3.408426e-05
15.854703869694873,157.5,6.2092695e-05,3.3689084e-05
15.854703869694873,159.375,5.9917656e-05,3.3672106e-05
15.854703869694873,161.25,5.5708446e-05,3.1400174e-05
15.854703869694873,163.125,4.9899147e-05,2.685608e-05
15.854703869694873,165.0,4.844076e-05,2.6309091e-05
15.854703869694873,166.875,4.7766647e-05,2.6794305e-05
15.854703869694873,168.75,4.6313275e-05,2.7635611e-05
15.854703869694873,170.625,4.6855144e-05,2.857065e-05
15.854703869694873,172.5,4.508877e-05,2.631935e-05
15.854703869694873,174.375,4.411431e-05,2.6197273e-05
15.854703869694873,176.25,4.5420216e-05,2.6875616e-05
15.854703869694873,178.125,4.86e-05,2.7261032e-05
15.854703869694873,180.0,5.233803e-05,2.8175462e-05
15.854703869694873,181.875,5.36458e-05,2.923939e-05
15.854703869694873,183.75,5.365885e-05,2.8559552e-05
15.854703869694873,185.625,5.420926e-05,2.867597e-05
15.854703869694873,187.5,6.2959894e-05,3.2744418e-05
15.854703869694873,189.375,7.045754e-05,3.6444515e-05
15.854703869694873,191.25,6.4093685e-05,3.4324225e-05
15.854703869694873,193.125,6.448653e-05,3.3019955e-05
15.854703869694873,195.0,7.786425e-05,3.9681156e-05
15.854703869694873,196.875,7.913869e-05,4.0681112e-05
15.854703869694873,198.75,6.627808e-05,3.3693093e-05
15.854703869694873,200.625,6.622444e-05,3.19819e-05
15.854703869694873,202.5,7.6096556e-05,3.7863756e-05
15.854703869694873,204.375,7.241287e-05,3.726745e-05
15.854703869694873,206.25,6.846303e-05,3.693492e-05
15.854703869694873,208.125,6.8600064e-05,3.576237e-05
15.854703869694873,210.0,6.477514e-05,3.478829e-05
15.854703869694873,211.875,6.542022e-05,3.2857228e-05
15.854703869694873,213.75,7.4317315e-05,3.551207e-05
15.854703869694873,215.625,7.305777e-05,3.3312153e-05
15.854703869694873,217.5,6.5105785e-05,3.0420904e-05
15.854703869694873,219.375,6.4359134e-05,3.2281983e-05
15.854703869694873,221.25,6.526367e-05,3.4387154e-05
15.854703869694873,223.125,6.574269e-05,3.5936493e-05
15.854703869694873,225.0,7.1648916e-05,4.0155606e-05
15.854703869694873,226.875,7.148244e-05,4.2559743e-05
15.854703869694873,228.75,6.6145396e-05,4.0700383e-05
15.854703869694873,230.625,6.8669135e-05,3.8902563e-05
15.854703869694873,232.5,6.682756e-05,3.6473215e-05
15.854703869694873,234.375,6.1855484e-05,3.4408422e-05
15.854703869694873,236.25,7.292099e-05,3.5594072e-05
15.854703869694873,238.125,8.470737e-05,3.913706e-05
15.854703869694873,240.0,7.375826e-05,3.6612535e-05
15.854703869694873,241.875,6.224226e-05,3.09836e-05
15.854703869694873,243.75,6.9677226e-05,3.1360272e-05
15.854703869694873,245.625,6.9420625e-05,3.0317247e-05
15.854703869694873,247.5,6.5251515e-05,3.1011543e-05
15.854703869694873,249.375,6.869076e-05,3.6347363e-05
15.854703869694873,251.25,7.0172006e-05,4.3780816e-05
15.854703869694873,253.125,6.490077e-05,4.175387e-05
15.854703869694873,255.0,5.8962338e-05,3.9024835e-05
15.854703869694873,256.875,4.3409327e-05,3.0992407e-05
15.854703869694873,258.75,2.2490769e-05,2.0279871e-05
15.854703869694873,260.625,2.209013e-05,1.6737347e-05
15.854703869694873,262.5,3.180656e-05,2.1540032e-05
15.854703869694873,264.375,4.3331647e-06,4.667192e-06
15.854703869694873,266.25,7.891429e-06,6.4763617e-06
15.854703869694873,268.125,2.0907268e-05,9.976999e-06
15.854703869694873,270.0,1.9293637e-05,7.957012e-06
15.854703869694873,271.875,1.6234935e-05,5.8740416e-06
15.854703869694873,273.75,6.562762e-05,2.2544846e-05
15.854703869694873,275.625,7.754515e-05,3.1048385e-05
15.854703869694873,277.5,7.0229085e-05,3.051979e-05
15.854703869694873,279.375,6.084503e-05,2.7440812e-05
15.854703869694873,281.25,6.3296815e-05,2.901617e-05
15.854703869694873,283.125,6.0766066e-05,3.1534757e-05
15.854703869694873,285.0,4.616458e-05,2.846496e-05
15.854703869694873,286.875,4.2804008e-05,2.7771388e-05
15.854703869694873,288.75,4.0979674e-05,2.6119036e-05
15.854703869694873,290.625,3.502631e-05,2.3585624e-05
15.854703869694873,292.5,3.767935e-05,2.2476652e-05
15.854703869694873,294.375,3.9791907e-05,2.4113737e-05
15.854703869694873,296.25,3.2964756e-05,2.1489399e-05
15.854703869694873,298.125,3.0310093e-05,2.0232023e-05
15.854703869694873,300.0,3.085278e-05,2.1189473e-05
15.854703869694873,301.875,2.5473853e-05,1.9520014e-05
15.854703869694873,303.75,2.3872099e-05,1.9387877e-05
15.854703869694873,305.625,2.5028154e-05,1.990021e-05
15.854703869694873,307.5,2.2231437e-05,1.9029452e-05
15.854703869694873,309.375,1.7734506e-05,1.5781923e-05
15.854703869694873,311.25,1.4978537e-05,1.5565334e-05
15.854703869694873,313.125,1.2078622e-05,1.2356618e-05
15.854703869694873,315.0,8.859342e-06,9.18409e-06
15.854703869694873,316.875,8.178287e-06,8.173942e-06
15.854703869694873,318.75,5.8959877e-06,6.6524285e-06
15.854703869694873,320.625,3.5382639e-06,4.5455195e-06
15.854703869694873,322.5,3.032184e-06,4.8332126e-06
15.854703869694873,324.375,3.3065505e-06,5.0873814e-06
15.854703869694873,326.25,3.1662792e-06,5.2266814e-06
15.854703869694873,328.125,2.2824836e-06,3.009168e-06
15.854703869694873,330.0,1.5655129e-06,1.815814e-06
15.854703869694873,331.875,1.4476444e-06,1.6877556e-06
15.854703869694873,333.75,1.2179089e-06,2.3753482e-06
15.854703869694873,335.625,7.8487574e-07,1.9369575e-06
15.854703869694873,337.5,5.8496994e-07,1.7004725e-06
15.854703869694873,339.375,3.7898513e-07,1.0218919e-06
15.854703869694873,341.25,2.8559066e-07,1.0936025e-06
15.854703869694873,343.125,4.1230015e-07,1.5287521e-06
15.854703869694873,345.0,6.007176e-08,5.909004e-07
15.854703869694873,346.875,6.5169445e-08,6.187906e-07
15.854703869694873,348.75,7.703057e-09,6.666426e-08
15.854703869694873,350.625,2.3744505e-08,1.5391059e-07
15.854703869694873,352.5,6.91638e-09,5.568544e-08
15.854703869694873,354.375,9.052753e-10,4.884516e-09
15.854703869694873,356.25,1.6542623e-09,5.440889e-09
15.854703869694873,358.125,8.927607e-10,4.6804263e-09
17.719961526447428,0.0,2.7490028e-09,1.9023952e-08
17.719961526447428,1.875,9.643562e-10,3.1803509e-09
17.719961526447428,3.75,1.5329425e-08,1.3919885e-07
17.719961526447428,5.625,4.0870074e-08,3.98937e-07
17.719961526447428,7.5,5.864029e-08,5.7127465e-07
17.719961526447428,9.375,7.404277e-08,7.139556e-07
17.719961526447428,11.25,4.5805645e-08,3.888222e-07
17.719961526447428,13.125,3.345777e-09,2.6435309e-08
17.719961526447428,15.0,2.0806334e-09,9.737828e-09
17.719961526447428,16.875,8.4750423e-10,2.715712e-09
17.719961526447428,18.75,1.2601964e-09,4.310516e-09
17.719961526447428,20.625,2.36556e-09,9.700179e-09
17.719961526447428,22.5,3.4524426e-09,1.6254884e-08
17.719961526447428,24.375,1.0131771e-08,6.466824e-08
17.719961526447428,26.25,1.4938415e-08,1.1581893e-07
17.719961526447428,28.125,1.1760567e-08,7.877936e-08
17.719961526447428,30.0,1.0842923e-08,8.785671e-08
17.719961526447428,31.875,4.9438675e-09,2.1544656e-08
17.719961526447428,33.75,1.4094112e-08,7.865759e-08
17.719961526447428,35.625,1.0332879e-07,3.1909045e-07
17.719961526447428,37.5,6.467209e-07,1.1531972e-06
17.719961526447428,39.375,2.8973636e-06,4.9511405e-06
17.719961526447428,41.25,7.2483213e-06,9.611122e-06
17.719961526447428,43.125,8.194649e-07,3.0841272e-06
17.719961526447428,45.0,6.918724e-07,2.5769289e-06
17.719961526447428,46.875,8.139512e-07,2.7873364e-06
17.719961526447428,48.75,3.9186415e-07,2.0234904e-06
17.719961526447428,50.625,3.3124437e-07,1.4079864e-06
17.719961526447428,52.5,4.0501735e-07,1.3373827e-06
17.719961526447428,54.375,1.448208e-07,4.629117e-07
17.719961526447428,56.25,1.1865757e-06,1.8902541e-06
17.719961526447428,58.125,1.9755169e-06,3.2023104e-06
17.719961526447428,60.0,2.7774252e-06,4.5739803e-06
17.719961526447428,61.875,3.2470227e-06,5.6016715e-06
17.719961526447428,63.75,5.1592424e-06,9.816176e-06
17.719961526447428,65.625,6.496172e-06,1.07088335e-05
17.719961526447428,67.5,8.5839465e-06,1.2797699e-05
17.719961526447428,69.375,9.176432e-06,1.2902849e-05
17.719961526447428,71.25,1.8170189e-05,2.389022e-05
17.719961526447428,73.125,7.2588923e-06,9.360204e-06
17.719961526447428,75.0,7.191551e-06,8.980428e-06
17.719961526447428,76.875,5.329242e-06,6.442379e-06
17.719961526447428,78.75,4.336144e-06,5.671472e-06
17.719961526447428,80.625,4.010475e-06,4.9750083e-06
17.719961526447428,82.5,5.299344e-06,5.5275837e-06
17.719961526447428,84.375,2.605701e-05,2.9863442e-05
17.719961526447428,86.25,1.7298833e-05,2.3140712e-05
17.719961526447428,88.125,1.9715311e-05,2.560307e-05
17.719961526447428,90.0,1.830324e-05,2.5473477e-05
17.719961526447428,91.875,1.1527899e-05,1.7534352e-05
17.719961526447428,93.75,1.1839305e-05,1.4091026e-05
17.719961526447428,95.625,2.8613404e-06,5.1838274e-06
17.719961526447428,97.5,1.5556798e-06,2.6028063e-06
17.719961526447428,99.375,1.4270446e-06,1.6831709e-06
17.719961526447428,101.25,1.5625951e-06,1.1335397e-06
17.719961526447428,103.125,3.9823617e-06,2.3559367e-06
17.719961526447428,105.0,9.241355e-06,4.8346797e-06
17.719961526447428,106.875,1.1559968e-05,5.2849614e-06
17.719961526447428,108.75,2.9126e-05,1.5347143e-05
17.719961526447428,110.625,3.4674482e-05,2.7504138e-05
17.719961526447428,112.5,2.7015749e-05,2.2046004e-05
17.719961526447428,114.375,4.861191e-05,3.881576e-05
17.719961526447428,116.25,7.450288e-05,6.7344045e-05
17.719961526447428,118.125,4.8956037e-05,5.29138e-05
17.719961526447428,120.0,3.3900855e-05,3.222733e-05
17.719961526447428,121.875,2.7709439e-05,1.6183782e-05
17.719961526447428,123.75,9.1459275e-05,5.1405474e-05
17.719961526447428,125.625,9.404475e-05,6.1382285e-05
17.719961526447428,127.5,7.477872e-05,4.6712223e-05
17.719961526447428,129.375,8.8709305e-05,5.1660838e-05
17.719961526447428,131.25,9.594259e-05,5.7075697e-05
17.719961526447428,133.125,7.6680844e-05,4.5927234e-05
17.719961526447428,135.0,7.491701e-05,3.8924456e-05
17.719961526447428,136.875,8.382155e-05,4.2025255e-05
17.719961526447428,138.75,7.35256e-05,3.907164e-05
17.719961526447428,140.625,6.275613e-05,3.1975127e-05
17.719961526447428,142.5,6.469359e-05,3.3687487e-05
17.719961526447428,144.375,6.768242e-05,3.7744783e-05
17.719961526447428,146.25,6.37732e-05,3.6390193e-05
17.719961526447428,148.125,5.796866e-05,3.160407e-05
17.719961526447428,150.0,5.2407784e-05,2.9120481e-05
17.719961526447428,151.875,4.7283735e-05,2.784126e-05
17.719961526447428,153.75,4.1985157e-05,2.5296242e-05
17.719961526447428,155.625,3.7837075e-05,2.36301e-05
17.719961526447428,157.5,3.518038e-05,2.3513305e-05
17.719961526447428,159.375,3.3227614e-05,2.099059e-05
17.719961526447428,161.25,3.2821674e-05,2.0247686e-05
17.719961526447428,163.125,3.1738222e-05,1.9896817e-05
17.719961526447428,165.0,3.0162872e-05,2.0902136e-05
17.719961526447428,166.875,2.7733491e-05,1.9514764e-05
17.719961526447428,168.75,2.8303917e-05,2.0153342e-05
17.719961526447428,170.625,3.110745e-05,2.2905895e-05
17.719961526447428,172.5,2.9106153e-05,2.19101e-05
17.719961526447428,174.375,2.8559703e-05,2.1135169e-05
17.719961526447428,176.25,3.044378e-05,2.075792e-05
17.719961526447428,178.125,3.187559e-05,2.0779016e-05
17.719961526447428,180.0,3.0837615e-05,2.0262722e-05
17.719961526447428,181.875,3.5120287e-05,2.3264396e-05
17.719961526447428,183.75,3.8369613e-05,2.4510535e-05
17.719961526447428,185.625,3.408328e-05,2.2162396e-05
17.719961526447428,187.5,3.4746994e-05,2.2420334e-05
17.719961526447428,189.375,4.4654877e-05,2.9553588e-05
17.719961526447428,191.25,4.6620695e-05,3.1719137e-05
17.719961526447428,193.125,4.0951396e-05,2.6633064e-05
17.719961526447428,195.0,4.3956657e-05,2.7531158e-05
17.719961526447428,196.875,5.3955337e-05,3.6498746e-05
17.719961526447428,198.75,5.104657e-05,3.4778725e-05
17.719961526447428,200.625,4.233604e-05,2.9516892e-05
17.719961526447428,202.5,4.1130064e-05,2.9602987e-05
17.719961526447428,204.375,4.1174357e-05,2.977245e-05
17.719961526447428,206.25,4.0623025e-05,2.7711343e-05
17.719961526447428,208.125,4.656639e-05,3.0071824e-05
17.719961526447428,210.0,4.384755e-05,2.9226996e-05
17.719961526447428,211.875,4.0220224e-05,2.6661806e-05
17.719961526447428,213.75,4.1995503e-05,2.6044607e-05
17.719961526447428,215.625,4.626259e-05,2.7730599e-05
17.719961526447428,217.5,4.3122916e-05,2.7385966e-05
17.719961526447428,219.375,3.9773815e-05,2.7534688e-05
17.719961526447428,221.25,3.9856433e-05,2.7862117e-05
17.719961526447428,223.125,4.0833616e-05,3.0634743e-05
17.719961526447428,225.0,4.1238247e-05,3.2340024e-05
17.719961526447428,226.875,4.0981908e-05,3.3419317e-05
17.719961526447428,228.75,4.2596013e-05,3.284841e-05
17.719961526447428,230.625,4.4512497e-05,3.3272194e-05
17.719961526447428,232.5,4.19489e-05,3.084352e-05
17.719961526447428,234.375,4.165717e-05,3.081175e-05
17.719961526447428,236.25,4.7524725e-05,3.2173677e-05
17.719961526447428,238.125,4.8567486e-05,3.2218813e-05
17.719961526447428,240.0,4.225982e-05,2.9558927e-05
17.719961526447428,241.875,4.6616653e-05,2.9748246e-05
17.719961526447428,243.75,5.593921e-05,3.1471696e-05
17.719961526447428,245.625,5.4494823e-05,3.130716e-05
17.719961526447428,247.5,5.231778e-05,3.0553507e-05
17.719961526447428,249.375,5.535444e-05,3.5015655e-05
17.719961526447428,251.25,5.478852e-05,3.871709e-05
17.719961526447428,253.125,5.799244e-05,4.4385615e-05
17.719961526447428,255.0,5.5295055e-05,4.1306368e-05
17.719961526447428,256.875,4.4410586e-05,3.1108197e-05
17.719961526447428,258.75,3.484847e-05,2.1829024e-05
17.719961526447428,260.625,9.703989e-06,8.323879e-06
17.719961526447428,262.5,1.9325093e-05,8.8247625e-06
17.719961526447428,264.375,1.9196279e-05,1.0078804e-05
17.719961526447428,266.25,1.2251e-05,7.978186e-06
17.719961526447428,268.125,1.6023336e-05,9.7816555e-06
17.719961526447428,270.0,1.2378979e-05,7.171176e-06
17.719961526447428,271.875,5.5039545e-05,2.1827786e-05
17.719961526447428,273.75,4.7822585e-05,2.1354224e-05
17.719961526447428,275.625,6.740115e-05,2.630987e-05
17.719961526447428,277.5,7.483349e-05,2.9224479e-05
17.719961526447428,279.375,7.24729e-05,2.9110666e-05
17.719961526447428,281.25,7.039519e-05,3.1139516e-05
17.719961526447428,283.125,6.595961e-05,3.1025113e-05
17.719961526447428,285.0,6.348264e-05,3.2623015e-05
17.719961526447428,286.875,5.565552e-05,2.9861922e-05
17.719961526447428,288.75,4.828208e-05,2.5098763e-05
17.719961526447428,290.625,4.0243307e-05,2.2502936e-05
17.719961526447428,292.5,3.8931263e-05,2.2720145e-05
17.719961526447428,294.375,3.7728463e-05,2.5321391e-05
17.719961526447428,296.25,3.171061e-05,2.4905212e-05
17.719961526447428,298.125,2.945013e-05,2.170245e-05
17.719961526447428,300.0,2.8545634e-05,2.0646154e-05
17.719961526447428,301.875,2.4534487e-05,1.901518e-05
17.719961526447428,303.75,2.2067847e-05,1.7271832e-05
17.719961526447428,305.625,2.124641e-05,1.792133e-05
17.719961526447428,307.5,1.7963495e-05,1.5201523e-05
17.719961526447428,309.375,1.4522791e-05,1.4256233e-05
17.719961526447428,311.25,1.3061126e-05,1.4194579e-05
17.719961526447428,313.125,1.2451643e-05,1.3673661e-05
17.719961526447428,315.0,9.794916e-06,1.1202106e-05
17.719961526447428,316.875,6.8437203e-06,7.803613e-06
17.719961526447428,318.75,4.3964124e-06,5.909659e-06
17.719961526447428,320.625,3.1648256e-06,4.3858986e-06
17.719961526447428,322.5,3.700691e-06,5.7289417e-06
17.719961526447428,324.375,3.6778472e-06,5.7716097e-06
17.719961526447428,326.25,2.8793897e-06,4.4964063e-06
17.719961526447428,328.125,2.399065e-06,3.5399598e-06
17.719961526447428,330.0,1.83378e-06,2.1954986e-06
17.719961526447428,331.875,1.6822607e-06,1.7285387e-06
17.719961526447428,333.75,1.2248508e-06,1.5043693e-06
17.719961526447428,335.625,9.558612e-07,2.2885245e-06
17.719961526447428,337.5,5.9363344e-07,1.9019265e-06
17.719961526447428,339.375,3.805004e-07,9.412631e-07
17.719961526447428,341.25,2.3636967e-07,9.811123e-07
17.719961526447428,343.125,2.2615932e-07,1.7876699e-06
17.719961526447428,345.0,6.5483623e-09,4.4359904e-08
17.719961526447428,346.875,8.577772e-09,4.3579423e-08
17.719961526447428,348.75,7.173513e-09,5.7466348e-08
17.719961526447428,350.625,1.2610545e-08,7.73727e-08
17.719961526447428,352.5,8.926436e-09,5.2643287e-08
17.719961526447428,354.375,1.4873518e-09,6.4743335e-09
17.719961526447428,356.25,3.6438064e-10,1.7202063e-09
17.719961526447428,358.125,9.211369e-10,4.331924e-09
19.58521860882233,0.0,2.232453e-08,1.8357154e-07
19.58521860882233,1.875,2.7366338e-09,1.786659e-08
19.58521860882233,3.75,1.4530093e-09,6.821413e-09
19.58521860882233,5.625,2.205198e-09,1.7845151e-08
19.58521860882233,7.5,9.9315365e-09,8.960144e-08
19.58521860882233,9.375,1.0093063e-08,8.4367855e-08
19.58521860882233,11.25,3.2017997e-08,2.9476644e-07
19.58521860882233,13.125,2.078974e-08,2.0440184e-07
19.58521860882233,15.0,1.3609387e-08,1.319116e-07
19.58521860882233,16.875,1.7041755e-09,1.29090525e-08
19.58521860882233,18.75,2.110756e-09,8.7469765e-09
19.58521860882233,20.625,1.990266e-09,6.929935e-09
19.58521860882233,22.5,8.2858675e-10,3.6446073e-09
19.58521860882233,24.375,4.2650212e-09,2.6011978e-08
19.58521860882233,26.25,4.2328616e-09,3.1291847e-08
19.58521860882233,28.125,2.2294117e-08,1.7232023e-07
19.58521860882233,30.0,2.644083e-08,2.2347724e-07
19.58521860882233,31.875,3.431327e-08,3.246106e-07
19.58521860882233,33.75,6.406582e-08,4.1198533e-07
19.58521860882233,35.625,3.6381215e-07,9.5028656e-07
19.58521860882233,37.5,4.3736336e-06,5.5894798e-06
19.58521860882233,39.375,2.7615706e-06,5.8799787e-06
19.58521860882233,41.25,3.294027e-07,1.1405273e-06
19.58521860882233,43.125,6.786866e-07,2.267999e-06
19.58521860882233,45.0,5.614062e-07,1.7913142e-06
19.58521860882233,46.875,1.9568019e-07,8.4739327e-07
19.58521860882233,48.75,1.2229852e-07,5.4516863e-07
19.58521860882233,50.625,3.8962943e-07,1.7286101e-06
19.58521860882233,52.5,3.8707526e-07,1.5935381e-06
19.58521860882233,54.375,1.5944578e-07,7.673562e-07
19.58521860882233,56.25,2.8025707e-07,9.742582e-07
19.58521860882233,58.125,3.1248246e-07,1.0359494e-06
19.58521860882233,60.0,1.118848e-06,2.4831693e-06
19.58521860882233,61.875,1.221415e-06,2.9964472e-06
19.58521860882233,63.75,2.9070832e-06,5.0821473e-06
19.58521860882233,65.625,5.169299e-06,8.521919e-06
19.58521860882233,67.5,7.8647945e-06,1.7075554e-05
19.58521860882233,69.375,7.3714737e-06,1.5830497e-05
19.58521860882233,71.25,9.893064e-06,1.8385352e-05
19.58521860882233,73.125,4.8804927e-06,8.442131e-06
19.58521860882233,75.0,5.4303378e-06,6.679783e-06
19.58521860882233,76.875,5.075537e-06,5.667163e-06
19.58521860882233,78.75,5.357469e-06,6.361911e-06
19.58521860882233,80.625,5.05656e-06,5.4169172e-06
19.58521860882233,82.5,5.512978e-06,6.1593046e-06
19.58521860882233,84.375,4.311706e-06,6.597683e-06
19.58521860882233,86.25,1.0850907e-05,1.7148512e-05
19.58521860882233,88.125,9.590322e-06,1.6257361e-05
19.58521860882233,90.0,1.2949673e-05,1.9828358e-05
19.58521860882233,91.875,1.7642562e-05,2.2443974e-05
19.58521860882233,93.75,3.0896783e-06,6.3242433e-06
19.58521860882233,95.625,2.5306852e-06,4.0379177e-06
19.58521860882233,97.5,2.10112e-06,3.1426737e-06
19.58521860882233,99.375,2.6814294e-06,2.8982104e-06
19.58521860882233,101.25,3.3463284e-06,2.4270842e-06
19.58521860882233,103.125,4.8213387e-06,3.0281622e-06
19.58521860882233,105.0,5.801659e-06,3.4581533e-06
19.58521860882233,106.875,6.2549134e-06,4.2092756e-06
19.58521860882233,108.75,6.484487e-06,4.8967895e-06
19.58521860882233,110.625,1.5302556e-05,1.1723825e-05
19.58521860882233,112.5,1.5399572e-05,1.1937615e-05
19.58521860882233,114.375,2.1059472e-05,1.4440101e-05
19.58521860882233,116.25,3.6578596e-05,2.9739906e-05
19.58521860882233,118.125,4.6808476e-05,4.8140668e-05
19.58521860882233,120.0,3.2434556e-05,3.961839e-05
19.58521860882233,121.875,3.4515102e-05,3.1800828e-05
19.58521860882233,123.75,5.5470486e-05,3.8598733e-05
19.58521860882233,125.625,5.876548e-05,4.2945012e-05
19.58521860882233,127.5,5.2521016e-05,3.7070953e-05
19.58521860882233,129.375,5.86922e-05,3.7899936e-05
19.58521860882233,131.25,7.027992e-05,4.6225003e-05
19.58521860882233,133.125,6.642493e-05,4.2131378e-05
19.58521860882233,135.0,6.331634e-05,3.727241e-05
19.58521860882233,136.875,6.621603e-05,3.790264e-05
19.58521860882233,138.75,6.4478394e-05,3.8954695e-05
19.58521860882233,140.625,6.0105365e-05,3.5294965e-05
19.58521860882233,142.5,5.3089047e-05,3.0775667e-05
19.58521860882233,144.375,4.744254e-05,2.8433325e-05
19.58521860882233,146.25,4.5074106e-05,2.757665e-05
19.58521860882233,148.125,4.3651507e-05,2.6611026e-05
19.58521860882233,150.0,3.9737366e-05,2.4225406e-05
19.58521860882233,151.875,3.26241e-05,2.1358559e-05
19.58521860882233,153.75,2.9000501e-05,2.004009e-05
19.58521860882233,155.625,2.7424281e-05,2.1253984e-05
19.58521860882233,157.5,2.4382058e-05,1.8910845e-05
19.58521860882233,159.375,2.2113158e-05,1.687684e-05
19.58521860882233,161.25,2.173187e-05,1.4976786e-05
19.58521860882233,163.125,2.3192311e-05,1.6471187e-05
19.58521860882233,165.0,2.278024e-05,1.6312175e-05
19.58521860882233,166.875,2.1434547e-05,1.5445366e-05
19.58521860882233,168.75,2.2037886e-05,1.60263e-05
19.58521860882233,170.625,2.402571e-05,1.8668597e-05
19.58521860882233,172.5,2.3665847e-05,2.016889e-05
19.58521860882233,174.375,2.4393354e-05,1.9762027e-05
19.58521860882233,176.25,2.6681875e-05,1.966623e-05
19.58521860882233,178.125,2.7532917e-05,2.0506333e-05
19.58521860882233,180.0,2.451232e-05,1.9271713e-05
19.58521860882233,181.875,2.734226e-05,2.1484182e-05
19.58521860882233,183.75,3.3019125e-05,2.380281e-05
19.58521860882233,185.625,3.095619e-05,2.564174e-05
19.58521860882233,187.5,2.8217119e-05,2.592346e-05
19.58521860882233,189.375,3.3899807e-05,2.7261707e-05
19.58521860882233,191.25,3.8512433e-05,3.0478184e-05
19.58521860882233,193.125,3.3298435e-05,2.8561983e-05
19.58521860882233,195.0,2.8120041e-05,2.4635989e-05
19.58521860882233,196.875,3.0820025e-05,2.5179568e-05
19.58521860882233,198.75,3.0594827e-05,2.5229887e-05
19.58521860882233,200.625,3.0477222e-05,2.681264e-05
19.58521860882233,202.5,3.4305922e-05,2.9925211e-05
19.58521860882233,204.375,3.5130597e-05,3.0429628e-05
19.58521860882233,206.25,3.201741e-05,2.5602329e-05
19.58521860882233,208.125,3.246464e-05,2.5541969e-05
19.58521860882233,210.0,3.301863e-05,2.7347403e-05
19.58521860882233,211.875,2.967306e-05,2.64261e-05
19.58521860882233,213.75,2.8120103e-05,2.325245e-05
19.58521860882233,215.625,2.9171437e-05,2.2126647e-05
19.58521860882233,217.5,2.8034712e-05,2.194886e-05
19.58521860882233,219.375,2.5565547e-05,2.076442e-05
19.58521860882233,221.25,2.5612992e-05,2.372994e-05
19.58521860882233,223.125,2.3987319e-05,2.376353e-05
19.58521860882233,225.0,2.1833475e-05,2.20719e-05
19.58521860882233,226.875,2.0143698e-05,1.9403838e-05
19.58521860882233,228.75,2.0228674e-05,1.889264e-05
19.58521860882233,230.625,2.0901418e-05,1.9127961e-05
19.58521860882233,232.5,2.1011276e-05,1.9167905e-05
19.58521860882233,234.375,2.2487897e-05,2.0792737e-05
19.58521860882233,236.25,2.2906035e-05,2.0893835e-05
19.58521860882233,238.125,2.2004153e-05,2.0713225e-05
19.58521860882233,240.0,2.4910732e-05,2.231433e-05
19.58521860882233,241.875,3.2557436e-05,2.5713269e-05
19.58521860882233,243.75,3.1408843e-05,2.478145e-05
19.58521860882233,245.625,2.9577368e-05,2.3633918e-05
19.58521860882233,247.5,3.8764367e-05,2.911117e-05
19.58521860882233,249.375,4.578445e-05,3.3909244e-05
19.58521860882233,251.25,4.6240315e-05,3.667733e-05
19.58521860882233,253.125,5.6857356e-05,4.4565593e-05
19.58521860882233,255.0,1.2069708e-05,1.1652029e-05
19.58521860882233,256.875,1.0254193e-05,1.0934228e-05
19.58521860882233,258.75,9.719435e-06,9.062818e-06
19.58521860882233,260.625,1.9253317e-05,9.494368e-06
19.58521860882233,262.5,3.534153e-05,1.4481298e-05
19.58521860882233,264.375,5.5807057e-05,2.5268362e-05
19.58521860882233,266.25,3.064603e-05,1.7622702e-05
19.58521860882233,268.125,2.9372994e-05,1.9117793e-05
19.58521860882233,270.0,1.1018545e-05,9.77967e-06
19.58521860882233,271.875,4.2551284e-05,1.9888634e-05
19.58521860882233,273.75,4.823852e-05,2.3471142e-05
19.58521860882233,275.625,6.743125e-05,2.8177476e-05
19.58521860882233,277.5,7.3870186e-05,2.8933326e-05
19.58521860882233,279.375,7.345041e-05,2.7600841e-05
19.58521860882233,281.25,7.775911e-05,3.1887375e-05
19.58521860882233,283.125,7.940403e-05,3.4469947e-05
19.58521860882233,285.0,7.679274e-05,3.5214925e-05
19.58521860882233,286.875,6.7868095e-05,3.5791847e-05
19.58521860882233,288.75,5.213362e-05,2.9933813e-05
19.58521860882233,290.625,4.2671774e-05,2.725725e-05
19.58521860882233,292.5,3.9883973e-05,2.6529615e-05
19.58521860882233,294.375,4.143644e-05,2.8602279e-05
19.58521860882233,296.25,3.7286183e-05,2.7946839e-05
19.58521860882233,298.125,3.3483902e-05,2.4684383e-05
19.58521860882233,300.0,3.0118297e-05,2.0406e-05
19.58521860882233,301.875,2.501871e-05,1.7047738e-05
19.58521860882233,303.75,2.209522e-05,1.6275171e-05
19.58521860882233,305.625,2.1389797e-05,1.5725758e-05
19.58521860882233,307.5,2.1542879e-05,1.9022815e-05
19.58521860882233,309.375,2.1306052e-05,2.039291e-05
19.58521860882233,311.25,1.9103407e-05,1.8741503e-05
19.58521860882233,313.125,1.5165159e-05,1.5050816e-05
19.58521860882233,315.0,1.1599926e-05,1.25515935e-05
19.58521860882233,316.875,7.637343e-06,8.6729e-06
19.58521860882233,318.75,6.2044705e-06,7.693879e-06
19.58521860882233,320.625,5.593177e-06,6.7855117e-06
19.58521860882233,322.5,4.741818e-06,6.7794003e-06
19.58521860882233,324.375,3.878512e-06,6.219036e-06
19.58521860882233,326.25,3.021395e-06,4.8589814e-06
19.58521860882233,328.125,2.938113e-06,4.6940713e-06
19.58521860882233,330.0,2.2926308e-06,2.9286177e-06
19.58521860882233,331.875,1.5121304e-06,1.6914939e-06
19.58521860882233,333.75,1.1963966e-06,1.3377709e-06
19.58521860882233,335.625,1.1638565e-06,2.5254594e-06
19.58521860882233,337.5,9.894773e-07,1.8564886e-06
19.58521860882233,339.375,6.3504706e-07,1.3208777e-06
19.58521860882233,341.25,2.398732e-07,6.43388e-07
19.58521860882233,343.125,3.3845484e-07,2.274655e-06
19.58521860882233,345.0,1.0480624e-07,9.765564e-07
19.58521860882233,346.875,3.8540456e-08,2.6440932e-07
19.58521860882233,348.75,5.267866e-08,4.698583e-07
19.58521860882233,350.625,8.046918e-09,4.3969308e-08
19.58521860882233,352.5,1.0209187e-08,8.8777824e-08
19.58521860882233,354.375,1.5481788e-09,6.3862426e-09
19.58521860882233,356.25,7.072238e-10,2.4741416e-09
19.58521860882233,358.125,1.11134435e-08,1.0291321e-07
21.450475037398185,0.0,1.1539523e-08,1.0990323e-07
21.450475037398185,1.875,5.9479497e-09,5.3575285e-08
21.450475037398185,3.75,2.354355e-09,1.30837945e-08
21.450475037398185,5.625,3.9115616e-10,1.4379904e-09
21.450475037398185,7.5,2.8652788e-10,1.6615761e-09
21.450475037398185,9.375,8.435556e-08,8.326189e-07
21.450475037398185,11.25,1.0102667e-07,9.91744e-07
21.450475037398185,13.125,1.1109718e-07,1.0939872e-06
21.450475037398185,15.0,9.788113e-08,9.126568e-07
21.450475037398185,16.875,1.4185004e-07,9.252641e-07
21.450475037398185,18.75,2.256187e-08,1.4408869e-07
21.450475037398185,20.625,1.738881e-08,7.528663e-08
21.450475037398185,22.5,1.0398804e-09,3.5028367e-09
21.450475037398185,24.375,3.5618726e-09,1.9134063e-08
21.450475037398185,26.25,3.5589622e-09,1.4348147e-08
21.450475037398185,28.125,5.36922e-09,4.7423512e-08
21.450475037398185,30.0,4.4441617e-10,1.5068036e-09
21.450475037398185,31.875,4.1304883e-08,2.8037698e-07
21.450475037398185,33.75,9.335898e-08,4.3570736e-07
21.450475037398185,35.625,3.439591e-07,9.512655e-07
21.450475037398185,37.5,5.147759e-06,6.649354e-06
21.450475037398185,39.375,6.091787e-06,8.564105e-06
21.450475037398185,41.25,6.8839756e-07,1.5074412e-06
21.450475037398185,43.125,6.424941e-07,1.690022e-06
21.450475037398185,45.0,8.2514265e-07,2.2996242e-06
21.450475037398185,46.875,3.1628514e-07,1.3739908e-06
21.450475037398185,48.75,3.784128e-07,1.7127708e-06
21.450475037398185,50.625,2.9393675e-07,1.4774341e-06
21.450475037398185,52.5,1.4387551e-07,9.927097e-07
21.450475037398185,54.375,1.2729971e-07,6.071383e-07
21.450475037398185,56.25,2.2530031e-07,8.466635e-07
21.450475037398185,58.125,3.8828455e-07,1.2896153e-06
21.450475037398185,60.0,1.2781518e-06,2.5957258e-06
21.450475037398185,61.875,1.8546042e-06,3.6506988e-06
21.450475037398185,63.75,2.7322333e-06,4.2845277e-06
21.450475037398185,65.625,3.1646236e-06,5.11186e-06
21.450475037398185,67.5,4.1459675e-06,9.793735e-06
21.450475037398185,69.375,5.018768e-06,1.4662263e-05
21.450475037398185,71.25,1.4319455e-06,5.2042383e-06
21.450475037398185,73.125,2.8257073e-06,5.1187517e-06
21.450475037398185,75.0,4.0263317e-06,6.0867887e-06
21.450475037398185,76.875,4.4819576e-06,6.0202647e-06
21.450475037398185,78.75,4.511414e-06,6.323751e-06
21.450475037398185,80.625,4.4549665e-06,5.7677908e-06
21.450475037398185,82.5,4.0073587e-06,4.4370154e-06
21.450475037398185,84.375,3.1287339e-06,4.5327847e-06
21.450475037398185,86.25,3.3631607e-06,5.909512e-06
21.450475037398185,88.125,4.841726e-06,8.902903e-06
21.450475037398185,90.0,1.4469359e-05,1.7346401e-05
21.450475037398185,91.875,4.242199e-06,7.3812553e-06
21.450475037398185,93.75,5.2619853e-06,8.274191e-06
21.450475037398185,95.625,4.286726e-06,6.488065e-06
21.450475037398185,97.5,3.680045e-06,5.616275e-06
21.450475037398185,99.375,3.6588767e-06,5.0788585e-06
21.450475037398185,101.25,4.219829e-06,4.6381415e-06
21.450475037398185,103.125,7.0175856e-06,5.3065114e-06
21.450475037398185,105.0,7.834424e-06,6.048528e-06
21.450475037398185,106.875,4.6453843e-06,4.4528974e-06
21.450475037398185,108.75,3.3603626e-06,2.9778116e-06
21.450475037398185,110.625,5.5200962e-06,4.9189825e-06
21.450475037398185,112.5,6.4200467e-06,5.6594777e-06
21.450475037398185,114.375,9.085007e-06,6.4913474e-06
21.450475037398185,116.25,1.0586835e-05,7.112367e-06
21.450475037398185,118.125,2.3204686e-05,1.9562498e-05
21.450475037398185,120.0,3.075047e-05,3.3984463e-05
21.450475037398185,121.875,3.0133286e-05,3.56773e-05
21.450475037398185,123.75,3.0585696e-05,2.9695982e-05
21.450475037398185,125.625,3.660213e-05,3.1297528e-05
21.450475037398185,127.5,3.8864408e-05,3.282687e-05
21.450475037398185,129.375,4.2334883e-05,3.424651e-05
21.450475037398185,131.25,4.9025974e-05,3.6561334e-05
21.450475037398185,133.125,5.696627e-05,4.120558e-05
21.450475037398185,135.0,5.715372e-05,3.8939397e-05
21.450475037398185,136.875,5.5986977e-05,3.625303e-05
21.450475037398185,138.75,5.8203786e-05,3.7116926e-05
21.450475037398185,140.625,5.9610018e-05,3.885819e-05
21.450475037398185,142.5,5.3158965e-05,3.4368044e-05
21.450475037398185,144.375,4.3360928e-05,3.0116089e-05
21.450475037398185,146.25,3.908556e-05,2.7761338e-05
21.450475037398185,148.125,3.6633428e-05,2.6055237e-05
21.450475037398185,150.0,3.508366e-05,2.5949215e-05
21.450475037398185,151.875,3.1786385e-05,2.418823e-05
21.450475037398185,153.75,2.7996879e-05,2.1830874e-05
21.450475037398185,155.625,2.4228219e-05,2.1761953e-05
21.450475037398185,157.5,2.2074255e-05,2.0873473e-05
21.450475037398185,159.375,2.0354484e-05,1.7865865e-05
21.450475037398185,161.25,1.6912458e-05,1.2769873e-05
21.450475037398185,163.125,1.6914171e-05,1.2367556e-05
21.450475037398185,165.0,1.8784276e-05,1.4061335e-05
21.450475037398185,166.875,1.9489444e-05,1.5970076e-05
21.450475037398185,168.75,1.9035411e-05,1.650478e-05
21.450475037398185,170.625,2.0500042e-05,1.7430066e-05
21.450475037398185,172.5,2.1432315e-05,1.9272728e-05
21.450475037398185,174.375,2.1843332e-05,2.0184107e-05
21.450475037398185,176.25,2.2949907e-05,1.9298883e-05
21.450475037398185,178.125,2.5998377e-05,2.1896774e-05
21.450475037398185,180.0,2.462734e-05,2.34643e-05
21.450475037398185,181.875,2.3398385e-05,2.3770166e-05
21.450475037398185,183.75,2.6716561e-05,2.520001e-05
21.450475037398185,185.625,3.0414678e-05,2.8491217e-05
21.450475037398185,187.5,2.7923805e-05,2.8525774e-05
21.450475037398185,189.375,2.7916047e-05,2.7082096e-05
21.450475037398185,191.25,3.0722436e-05,2.8222608e-05
21.450475037398185,193.125,3.0075747e-05,2.8311615e-05
21.450475037398185,195.0,2.7439986e-05,2.6224538e-05
21.450475037398185,196.875,2.5885356e-05,2.2874105e-05
21.450475037398185,198.75,2.475773e-05,2.2854489e-05
21.450475037398185,200.625,2.5128105e-05,2.2399678e-05
21.450475037398185,202.5,3.056672e-05,2.720546e-05
21.450475037398185,204.375,3.17484e-05,2.7868944e-05
21.450475037398185,206.25,2.6157151e-05,2.3568606e-05
21.450475037398185,208.125,2.0983693e-05,1.9157691e-05
21.450475037398185,210.0,2.159304e-05,1.8216851e-05
21.450475037398185,211.875,2.2555272e-05,1.9876292e-05
21.450475037398185,213.75,2.0245687e-05,1.8416895e-05
21.450475037398185,215.625,1.8043038e-05,1.6383256e-05
21.450475037398185,217.5,1.6869471e-05,1.5737676e-05
21.450475037398185,219.375,1.556834e-05,1.4722649e-05
21.450475037398185,221.25,1.4937026e-05,1.52327075e-05
21.450475037398185,223.125,1.4592345e-05,1.5242401e-05
21.450475037398185,225.0,1.3355306e-05,1.3297147e-05
21.450475037398185,226.875,1.2225553e-05,1.420343e-05
21.450475037398185,228.75,9.883097e-06,1.1058379e-05
21.450475037398185,230.625,8.899976e-06,9.926289e-06
21.450475037398185,232.5,1.0134352e-05,1.1154779e-05
21.450475037398185,234.375,1.1872305e-05,1.3392261e-05
21.450475037398185,236.25,1.1986832e-05,1.4306701e-05
21.450475037398185,238.125,1.0736645e-05,1.2483599e-05
21.450475037398185,240.0,1.18206e-05,1.3021228e-05
21.450475037398185,241.875,1.3713882e-05,1.459931e-05
21.450475037398185,243.75,1.35734235e-05,1.411128e-05
21.450475037398185,245.625,1.7373275e-05,1.6680784e-05
21.450475037398185,247.5,3.1817515e-05,2.6670838e-05
21.450475037398185,249.375,3.8331753e-05,3.106485e-05
21.450475037398185,251.25,4.283246e-05,3.5646655e-05
21.450475037398185,253.125,5.3344946e-05,4.12234e-05
21.450475037398185,255.0,1.8198718e-05,1.702749e-05
21.450475037398185,256.875,1.5509948e-05,1.5422067e-05
21.450475037398185,258.75,1.3329091e-05,1.0895807e-05
21.450475037398185,260.625,2.3914865e-05,1.2728095e-05
21.450475037398185,262.5,2.4248258e-05,1.8920204e-05
21.450475037398185,264.375,2.7296473e-05,1.7608205e-05
21.450475037398185,266.25,2.4027242e-05,1.6972854e-05
21.450475037398185,268.125,3.1741423e-05,1.9922842e-05
21.450475037398185,270.0,3.397805e-05,2.069111e-05
21.450475037398185,271.875,3.1481755e-05,1.920619e-05
21.450475037398185,273.75,4.8444435e-05,2.832086e-05
21.450475037398185,275.625,5.7447767e-05,3.16973e-05
21.450475037398185,277.5,5.6488872e-05,2.9924322e-05
21.450475037398185,279.375,6.39506e-05,2.9003515e-05
21.450475037398185,281.25,7.430537e-05,3.052749e-05
21.450475037398185,283.125,7.5369746e-05,3.293844e-05
21.450475037398185,285.0,6.577844e-05,3.094541e-05
21.450475037398185,286.875,5.8569414e-05,3.0372947e-05
21.450475037398185,288.75,5.2286992e-05,3.0468836e-05
21.450475037398185,290.625,4.76602e-05,3.0048184e-05
21.450475037398185,292.5,4.947129e-05,3.20304e-05
21.450475037398185,294.375,5.0376035e-05,3.0476005e-05
21.450475037398185,296.25,4.5566587e-05,2.8389757e-05
21.450475037398185,298.125,3.9336417e-05,2.524047e-05
21.450475037398185,300.0,3.6020414e-05,2.2460648e-05
21.450475037398185,301.875,3.3862427e-05,2.0997813e-05
21.450475037398185,303.75,3.030828e-05,2.0419791e-05
21.450475037398185,305.625,2.9069244e-05,2.08377e-05
21.450475037398185,307.5,2.9965235e-05,2.4545603e-05
21.450475037398185,309.375,2.9654419e-05,2.5226118e-05
21.450475037398185,311.25,2.4138886e-05,2.2081595e-05
21.450475037398185,313.125,1.9374933e-05,1.7665883e-05
21.450475037398185,315.0,1.591841e-05,1.5162327e-05
21.450475037398185,316.875,1.4747162e-05,1.6272252e-05
21.450475037398185,318.75,1.1949596e-05,1.3270601e-05
21.450475037398185,320.625,9.246184e-06,1.1737649e-05
21.450475037398185,322.5,6.7298056e-06,8.270787e-06
21.450475037398185,324.375,5.1302213e-06,7.894881e-06
21.450475037398185,326.25,4.4095927e-06,6.3597868e-06
21.450475037398185,328.125,4.0232985e-06,5.542782e-06
21.450475037398185,330.0,3.1050708e-06,4.264302e-06
21.450475037398185,331.875,1.9233048e-06,2.4020728e-06
21.450475037398185,333.75,1.7268098e-06,2.5484176e-06
21.450475037398185,335.625,1.6602713e-06,3.165109e-06
21.450475037398185,337.5,1.4185011e-06,2.9519153e-06
21.450475037398185,339.375,1.0664297e-06,1.8966251e-06
21.450475037398185,341.25,5.832981e-07,1.3059179e-06
21.450475037398185,343.125,3.9765334e-07,2.2086147e-06
21.450475037398185,345.0,2.9353964e-07,2.0345044e-06
21.450475037398185,346.875,9.028037e-08,5.208529e-07
21.450475037398185,348.75,1.9475118e-08,1.5339e-07
21.450475037398185,350.625,1.17103625e-08,7.710861e-08
21.450475037398185,352.5,5.1148525e-08,4.935345e-07
21.450475037398185,354.375,1.18363825e-08,1.0058037e-07
21.450475037398185,356.25,1.1545497e-09,5.6298153e-09
21.450475037398185,358.125,9.567891e-10,5.723616e-09
23.31573072614093,0.0,4.573594e-08,4.114281e-07
23.31573072614093,1.875,3.473513e-08,3.3055235e-07
23.31573072614093,3.75,3.039444e-08,2.4677502e-07
23.31573072614093,5.625,1.982553e-08,1.3162166e-07
23.31573072614093,7.5,2.1873129e-08,1.1071259e-07
23.31573072614093,9.375,7.4203996e-08,5.8034186e-07
23.31573072614093,11.25,8.6347136e-08,7.904397e-07
23.31573072614093,13.125,1.3588884e-07,1.032241e-06
23.31573072614093,15.0,1.6104474e-07,1.0334173e-06
23.31573072614093,16.875,2.0923807e-07,1.378297e-06
23.31573072614093,18.75,8.241972e-08,3.2953528e-07
23.31573072614093,20.625,2.8260983e-08,1.1851559e-07
23.31573072614093,22.5,2.2017922e-08,1.1325962e-07
23.31573072614093,24.375,1.4931139e-08,5.1069005e-08
23.31573072614093,26.25,1.1884695e-08,4.5258012e-08
23.31573072614093,28.125,8.8175875e-09,3.2849808e-08
23.31573072614093,30.0,4.695176e-09,2.4591332e-08
23.31573072614093,31.875,2.0863954e-08,1.0316192e-07
23.31573072614093,33.75,8.477786e-08,3.2843644e-07
23.31573072614093,35.625,2.756089e-07,1.1477822e-06
23.31573072614093,37.5,2.2779159e-06,3.0573306e-06
23.31573072614093,39.375,1.4752993e-07,5.4109194e-07
23.31573072614093,41.25,6.623546e-07,1.7210109e-06
23.31573072614093,43.125,5.9286003e-07,1.8068802e-06
23.31573072614093,45.0,6.611504e-07,2.4568344e-06
23.31573072614093,46.875,7.6726354e-07,2.9714097e-06
23.31573072614093,48.75,6.4798047e-07,2.2698127e-06
23.31573072614093,50.625,4.3443316e-07,1.700643e-06
23.31573072614093,52.5,2.9280724e-07,1.1797858e-06
23.31573072614093,54.375,3.8412006e-07,1.5395806e-06
23.31573072614093,56.25,7.012981e-07,1.948747e-06
23.31573072614093,58.125,2.1320557e-06,3.861251e-06
23.31573072614093,60.0,1.4968177e-06,3.072392e-06
23.31573072614093,61.875,1.4318499e-06,2.2608099e-06
23.31573072614093,63.75,1.2286031e-06,2.9274456e-06
23.31573072614093,65.625,1.2228215e-06,3.7806942e-06
23.31573072614093,67.5,1.810663e-06,5.336604e-06
23.31573072614093,69.375,8.730621e-07,3.0655474e-06
23.31573072614093,71.25,1.3711547e-06,4.4562885e-06
23.31573072614093,73.125,2.6618065e-06,5.7359493e-06
23.31573072614093,75.0,3.6897109e-06,7.044208e-06
23.31573072614093,76.875,3.916613e-06,7.3251194e-06
23.31573072614093,78.75,4.719933e-06,6.540172e-06
23.31573072614093,80.625,4.7270555e-06,5.1530455e-06
23.31573072614093,82.5,3.8755925e-06,4.168735e-06
23.31573072614093,84.375,4.0510977e-06,4.9616474e-06
23.31573072614093,86.25,5.678525e-06,6.6291113e-06
23.31573072614093,88.125,3.5870357e-06,6.4676246e-06
23.31573072614093,90.0,2.980812e-06,5.2644723e-06
23.31573072614093,91.875,3.3463928e-06,5.117579e-06
23.31573072614093,93.75,4.0581044e-06,6.584171e-06
23.31573072614093,95.625,4.6588625e-06,7.5171447e-06
23.31573072614093,97.5,5.4688335e-06,8.516473e-06
23.31573072614093,99.375,5.2622963e-06,7.4065774e-06
23.31573072614093,101.25,5.1417387e-06,6.172369e-06
23.31573072614093,103.125,5.817865e-06,5.642768e-06
23.31573072614093,105.0,9.408014e-06,7.134729e-06
23.31573072614093,106.875,8.387236e-06,8.428185e-06
23.31573072614093,108.75,4.317846e-06,5.4995253e-06
23.31573072614093,110.625,6.018664e-06,5.520243e-06
23.31573072614093,112.5,8.45507e-06,7.134003e-06
23.31573072614093,114.375,5.5375863e-06,5.275839e-06
23.31573072614093,116.25,3.0011731e-06,3.5212943e-06
23.31573072614093,118.125,1.1214855e-05,8.223893e-06
23.31573072614093,120.0,1.9662304e-05,1.4701544e-05
23.31573072614093,121.875,2.9880688e-05,2.8597948e-05
23.31573072614093,123.75,2.603426e-05,2.8534743e-05
23.31573072614093,125.625,2.7369442e-05,2.79085e-05
23.31573072614093,127.5,3.237268e-05,3.0819712e-05
23.31573072614093,129.375,3.496724e-05,3.4288805e-05
23.31573072614093,131.25,3.4327943e-05,2.8080403e-05
23.31573072614093,133.125,4.2536816e-05,3.3456825e-05
23.31573072614093,135.0,5.186601e-05,4.028125e-05
23.31573072614093,136.875,5.071734e-05,3.567217e-05
23.31573072614093,138.75,5.065021e-05,3.25608e-05
23.31573072614093,140.625,5.442578e-05,3.5945748e-05
23.31573072614093,142.5,5.164543e-05,3.370641e-05
23.31573072614093,144.375,4.8022437e-05,3.361752e-05
23.31573072614093,146.25,4.5661312e-05,3.2381307e-05
23.31573072614093,148.125,3.8696744e-05,2.7194534e-05
23.31573072614093,150.0,3.2503038e-05,2.3721275e-05
23.31573072614093,151.875,3.119173e-05,2.4403487e-05
23.31573072614093,153.75,2.8892984e-05,2.2860395e-05
23.31573072614093,155.625,2.1761824e-05,1.9224666e-05
23.31573072614093,157.5,1.9344907e-05,1.8119876e-05
23.31573072614093,159.375,1.9691177e-05,1.7444883e-05
23.31573072614093,161.25,1.6462385e-05,1.4556246e-05
23.31573072614093,163.125,1.5131584e-05,1.2299245e-05
23.31573072614093,165.0,1.6943419e-05,1.4519165e-05
23.31573072614093,166.875,1.7918508e-05,1.7147511e-05
23.31573072614093,168.75,1.706299e-05,1.6971953e-05
23.31573072614093,170.625,1.9949535e-05,1.8411843e-05
23.31573072614093,172.5,2.2642878e-05,2.1799624e-05
23.31573072614093,174.375,2.1347962e-05,2.0916683e-05
23.31573072614093,176.25,1.99461e-05,1.8645092e-05
23.31573072614093,178.125,2.3198274e-05,2.2042848e-05
23.31573072614093,180.0,2.4840045e-05,2.50575e-05
23.31573072614093,181.875,2.3041419e-05,2.5443302e-05
23.31573072614093,183.75,2.2796374e-05,2.540854e-05
23.31573072614093,185.625,2.8346582e-05,3.066214e-05
23.31573072614093,187.5,2.9801542e-05,3.5712448e-05
23.31573072614093,189.375,2.546027e-05,3.0700437e-05
23.31573072614093,191.25,2.5111483e-05,2.5913134e-05
23.31573072614093,193.125,2.7255477e-05,2.5553174e-05
23.31573072614093,195.0,2.778072e-05,2.40787e-05
23.31573072614093,196.875,2.691688e-05,2.3839526e-05
23.31573072614093,198.75,2.4939141e-05,2.2802315e-05
23.31573072614093,200.625,2.2444094e-05,2.0741716e-05
23.31573072614093,202.5,2.234153e-05,2.0492735e-05
23.31573072614093,204.375,2.2704136e-05,2.0782643e-05
23.31573072614093,206.25,1.9892283e-05,1.8390017e-05
23.31573072614093,208.125,1.7444236e-05,1.700066e-05
23.31573072614093,210.0,1.818542e-05,1.6441329e-05
23.31573072614093,211.875,1.9562902e-05,1.7752907e-05
23.31573072614093,213.75,1.7861983e-05,1.7627815e-05
23.31573072614093,215.625,1.3819317e-05,1.4119825e-05
23.31573072614093,217.5,1.2475291e-05,1.2051639e-05
23.31573072614093,219.375,1.1378905e-05,1.0716124e-05
23.31573072614093,221.25,1.0205528e-05,1.0336244e-05
23.31573072614093,223.125,9.43959e-06,9.61804e-06
23.31573072614093,225.0,8.782837e-06,8.51647e-06
23.31573072614093,226.875,7.977995e-06,8.481077e-06
23.31573072614093,228.75,6.4612327e-06,7.199384e-06
23.31573072614093,230.625,5.474902e-06,5.555117e-06
23.31573072614093,232.5,6.371233e-06,6.9581733e-06
23.31573072614093,234.375,7.319852e-06,9.701839e-06
23.31573072614093,236.25,7.0747274e-06,1.0649925e-05
23.31573072614093,238.125,5.579388e-06,7.985516e-06
23.31573072614093,240.0,5.7498337e-06,9.094001e-06
23.31573072614093,241.875,6.302757e-06,8.8507895e-06
23.31573072614093,243.75,7.327226e-06,8.159398e-06
23.31573072614093,245.625,1.3474068e-05,1.3933981e-05
23.31573072614093,247.5,2.4725947e-05,2.3876615e-05
23.31573072614093,249.375,3.4137982e-05,2.848548e-05
23.31573072614093,251.25,4.936913e-05,4.1282634e-05
23.31573072614093,253.125,5.128339e-05,3.8780472e-05
23.31573072614093,255.0,1.856855e-05,2.1035305e-05
23.31573072614093,256.875,1.863782e-05,1.9173925e-05
23.31573072614093,258.75,1.6324473e-05,1.2514348e-05
23.31573072614093,260.625,2.2784023e-05,1.4885431e-05
23.31573072614093,262.5,2.5221976e-05,1.8590488e-05
23.31573072614093,264.375,1.6303344e-05,1.1124695e-05
23.31573072614093,266.25,2.3677065e-05,1.5686548e-05
23.31573072614093,268.125,3.4589953e-05,2.0578585e-05
23.31573072614093,270.0,2.8909673e-05,1.8694787e-05
23.31573072614093,271.875,2.6879161e-05,1.9024452e-05
23.31573072614093,273.75,3.819158e-05,2.5394102e-05
23.31573072614093,275.625,4.4881737e-05,2.9941864e-05
23.31573072614093,277.5,4.4278353e-05,2.9277313e-05
23.31573072614093,279.375,5.5114157e-05,3.091693e-05
23.31573072614093,281.25,6.4644104e-05,3.1157055e-05
23.31573072614093,283.125,6.3254156e-05,3.0564905e-05
23.31573072614093,285.0,5.262511e-05,2.724412e-05
23.31573072614093,286.875,4.8844293e-05,2.5364212e-05
23.31573072614093,288.75,4.9464987e-05,2.5589881e-05
23.31573072614093,290.625,5.015283e-05,2.7470902e-05
23.31573072614093,292.5,4.9047543e-05,2.7235019e-05
23.31573072614093,294.375,4.7497946e-05,2.700264e-05
23.31573072614093,296.25,4.555998e-05,2.7133377e-05
23.31573072614093,298.125,4.1525225e-05,2.5400423e-05
23.31573072614093,300.0,4.1996034e-05,2.5213842e-05
23.31573072614093,301.875,4.1818425e-05,2.400406e-05
23.31573072614093,303.75,3.830444e-05,2.2862081e-05
23.31573072614093,305.625,3.377357e-05,2.2105052e-05
23.31573072614093,307.5,3.0828873e-05,2.1716e-05
23.31573072614093,309.375,2.8937146e-05,2.1917544e-05
23.31573072614093,311.25,2.6499936e-05,2.119072e-05
23.31573072614093,313.125,2.4587333e-05,1.9792235e-05
23.31573072614093,315.0,2.6318035e-05,2.4268746e-05
23.31573072614093,316.875,2.4277275e-05,2.304347e-05
23.31573072614093,318.75,1.812421e-05,1.9933772e-05
23.31573072614093,320.625,1.2150595e-05,1.3444375e-05
23.31573072614093,322.5,9.043796e-06,1.0108862e-05
23.31573072614093,324.375,8.5691745e-06,1.0440732e-05
23.31573072614093,326.25,7.703012e-06,1.0894757e-05
23.31573072614093,328.125,5.69435e-06,8.235143e-06
23.31573072614093,330.0,4.341703e-06,6.671096e-06
23.31573072614093,331.875,4.250386e-06,5.7691745e-06
23.31573072614093,333.75,2.9198545e-06,3.542701e-06
23.31573072614093,335.625,2.1150577e-06,3.3469844e-06
23.31573072614093,337.5,1.7696287e-06,2.9888283e-06
23.31573072614093,339.375,1.5521393e-06,1.9415704e-06
23.31573072614093,341.25,1.1770998e-06,2.2779675e-06
23.31573072614093,343.125,4.5515523e-07,1.2621284e-06
23.31573072614093,345.0,3.5656748e-07,1.861151e-06
23.31573072614093,346.875,3.055761e-07,1.6614066e-06
23.31573072614093,348.75,1.592678e-07,9.980872e-07
23.31573072614093,350.625,6.9598464e-08,4.4160709e-07
23.31573072614093,352.5,9.756288e-08,7.154335e-07
23.31573072614093,354.375,1.2898876e-07,1.262801e-06
23.31573072614093,356.25,3.720299e-08,2.984779e-07
23.31573072614093,358.125,4.156609e-08,3.3398717e-07
25.180985581270594,0.0,1.5479483e-07,1.2034993e-06
25.180985581270594,1.875,1.1481461e-07,8.9514805e-07
25.180985581270594,3.75,6.552465e-08,4.374672e-07
25.180985581270594,5.625,8.40977e-08,4.5990328e-07
25.180985581270594,7.5,1.0001852e-07,4.3280735e-07
25.180985581270594,9.375,1.17664165e-07,4.582429e-07
25.180985581270594,11.25,1.5914586e-07,6.507653e-07
25.180985581270594,13.125,1.6606704e-07,8.464868e-07
25.180985581270594,15.0,2.2002962e-07,1.1226384e-06
25.180985581270594,16.875,2.690844e-07,1.6346886e-06
25.180985581270594,18.75,2.1805768e-07,1.3174694e-06
25.180985581270594,20.625,6.176255e-08,1.6748398e-07
25.180985581270594,22.5,6.018876e-08,2.2231389e-07
25.180985581270594,24.375,5.2934194e-08,1.3285994e-07
25.180985581270594,26.25,4.2444736e-08,1.619007e-07
25.180985581270594,28.125,4.047979e-08,2.196363e-07
25.180985581270594,30.0,3.0458615e-08,1.7322199e-07
25.180985581270594,31.875,3.598179e-08,1.9133488e-07
25.180985581270594,33.75,2.4016424e-07,9.2745955e-07
25.180985581270594,35.625,1.8463553e-06,3.9692923e-06
25.180985581270594,37.5,1.988314e-07,5.8696486e-07
25.180985581270594,39.375,3.575829e-07,1.2474311e-06
25.180985581270594,41.25,7.7142397e-07,1.9954516e-06
25.180985581270594,43.125,5.0113596e-07,1.5637708e-06
25.180985581270594,45.0,4.9510214e-07,1.5827638e-06
25.180985581270594,46.875,7.61542e-07,2.6474677e-06
25.180985581270594,48.75,8.2330894e-07,2.6033501e-06
25.180985581270594,50.625,9.843018e-07,2.6355483e-06
25.180985581270594,52.5,5.0673757e-06,8.745752e-06
25.180985581270594,54.375,4.0782265e-06,7.772448e-06
25.180985581270594,56.25,2.6590271e-06,5.388649e-06
25.180985581270594,58.125,1.4051114e-06,3.0222209e-06
25.180985581270594,60.0,1.7476408e-06,3.5859293e-06
25.180985581270594,61.875,2.235148e-07,7.826177e-07
25.180985581270594,63.75,2.025921e-06,4.212221e-06
25.180985581270594,65.625,2.2413456e-06,5.7578022e-06
25.180985581270594,67.5,6.3983634e-07,2.3682978e-06
25.180985581270594,69.375,5.9512223e-07,2.106964e-06
25.180985581270594,71.25,7.409202e-07,1.9947463e-06
25.180985581270594,73.125,1.881365e-06,3.9223432e-06
25.180985581270594,75.0,3.7097861e-06,7.3405217e-06
25.180985581270594,76.875,3.828375e-06,6.1891096e-06
25.180985581270594,78.75,5.1302927e-06,6.8388526e-06
25.180985581270594,80.625,5.7752413e-06,7.0229526e-06
25.180985581270594,82.5,3.8002274e-06,5.5757596e-06
25.180985581270594,84.375,2.57564e-06,5.1842994e-06
25.180985581270594,86.25,2.9099822e-06,6.5248983e-06
25.180985581270594,88.125,3.3015742e-06,7.4579766e-06
25.180985581270594,90.0,3.5592145e-06,6.7049746e-06
25.180985581270594,91.875,4.6296186e-06,7.799059e-06
25.180985581270594,93.75,4.551699e-06,8.555785e-06
25.180985581270594,95.625,5.696021e-06,1.132853e-05
25.180985581270594,97.5,6.0373172e-06,1.3065462e-05
25.180985581270594,99.375,7.0188676e-06,1.2482328e-05
25.180985581270594,101.25,8.6853615e-06,9.88926e-06
25.180985581270594,103.125,7.1578565e-06,5.548892e-06
25.180985581270594,105.0,9.957296e-06,6.079374e-06
25.180985581270594,106.875,1.3937463e-05,9.706516e-06
25.180985581270594,108.75,1.0196133e-05,9.69621e-06
25.180985581270594,110.625,7.635103e-06,8.121721e-06
25.180985581270594,112.5,1.1124046e-05,9.572415e-06
25.180985581270594,114.375,1.10389e-05,9.8414075e-06
25.180985581270594,116.25,7.5278817e-06,7.837745e-06
25.180985581270594,118.125,7.661246e-06,7.120413e-06
25.180985581270594,120.0,1.2565479e-05,1.0675494e-05
25.180985581270594,121.875,2.61408e-05,1.972214e-05
25.180985581270594,123.75,2.241974e-05,2.1175618e-05
25.180985581270594,125.625,2.062168e-05,2.0685398e-05
25.180985581270594,127.5,2.5231311e-05,2.6759513e-05
25.180985581270594,129.375,2.824448e-05,3.0664258e-05
25.180985581270594,131.25,2.7215568e-05,2.9081037e-05
25.180985581270594,133.125,3.0654945e-05,2.6804506e-05
25.180985581270594,135.0,3.9531147e-05,3.3445445e-05
25.180985581270594,136.875,4.6122983e-05,3.626055e-05
25.180985581270594,138.75,4.9398674e-05,3.442401e-05
25.180985581270594,140.625,5.1423656e-05,3.3087574e-05
25.180985581270594,142.5,5.0277715e-05,3.2804986e-05
25.180985581270594,144.375,4.9941496e-05,3.31201e-05
25.180985581270594,146.25,5.3048814e-05,3.5731013e-05
25.180985581270594,148.125,4.5236535e-05,3.0451229e-05
25.180985581270594,150.0,3.429112e-05,2.4527284e-05
25.180985581270594,151.875,3.343984e-05,2.4325813e-05
25.180985581270594,153.75,3.14668e-05,2.1743675e-05
25.180985581270594,155.625,2.4074889e-05,1.9792007e-05
25.180985581270594,157.5,2.1438173e-05,1.949263e-05
25.180985581270594,159.375,2.2428307e-05,1.9354187e-05
25.180985581270594,161.25,2.0240399e-05,1.7828095e-05
25.180985581270594,163.125,1.6036533e-05,1.3419283e-05
25.180985581270594,165.0,1.7500077e-05,1.3427835e-05
25.180985581270594,166.875,1.9242638e-05,1.7138444e-05
25.180985581270594,168.75,1.7467299e-05,1.7329112e-05
25.180985581270594,170.625,1.7602286e-05,1.8299866e-05
25.180985581270594,172.5,2.2545271e-05,2.1412763e-05
25.180985581270594,174.375,2.2108872e-05,2.1301204e-05
25.180985581270594,176.25,1.907547e-05,1.9723606e-05
25.180985581270594,178.125,2.1294829e-05,2.1890239e-05
25.180985581270594,180.0,2.561255e-05,2.5005626e-05
25.180985581270594,181.875,2.357468e-05,2.3657241e-05
25.180985581270594,183.75,2.357943e-05,2.3523222e-05
25.180985581270594,185.625,2.643086e-05,2.9658175e-05
25.180985581270594,187.5,2.8505323e-05,3.3969685e-05
25.180985581270594,189.375,2.5610836e-05,2.8773187e-05
25.180985581270594,191.25,2.4787527e-05,2.4021585e-05
25.180985581270594,193.125,2.4724477e-05,2.1945885e-05
25.180985581270594,195.0,2.370694e-05,1.8344523e-05
25.180985581270594,196.875,2.3559503e-05,1.8769157e-05
25.180985581270594,198.75,2.4081799e-05,2.0426773e-05
25.180985581270594,200.625,2.3930443e-05,2.0617836e-05
25.180985581270594,202.5,2.2776912e-05,2.2598993e-05
25.180985581270594,204.375,2.2981632e-05,2.1312495e-05
25.180985581270594,206.25,2.2439408e-05,1.9816127e-05
25.180985581270594,208.125,2.0718986e-05,1.806738e-05
25.180985581270594,210.0,2.0116633e-05,1.9683426e-05
25.180985581270594,211.875,1.9702306e-05,1.9458907e-05
25.180985581270594,213.75,1.8661274e-05,1.9737685e-05
25.180985581270594,215.625,1.5932304e-05,1.685757e-05
25.180985581270594,217.5,1.34337515e-05,1.3059731e-05
25.180985581270594,219.375,1.1478375e-05,1.1300827e-05
25.180985581270594,221.25,9.932423e-06,1.069981e-05
25.180985581270594,223.125,8.648999e-06,9.5720125e-06
25.180985581270594,225.0,7.55296e-06,8.425739e-06
25.180985581270594,226.875,6.5562012e-06,8.013381e-06
25.180985581270594,228.75,6.438616e-06,7.705472e-06
25.180985581270594,230.625,5.9351664e-06,6.275389e-06
25.180985581270594,232.5,5.303466e-06,5.19562e-06
25.180985581270594,234.375,5.4058937e-06,6.64163e-06
25.180985581270594,236.25,5.545745e-06,8.489907e-06
25.180985581270594,238.125,4.8750576e-06,7.4915565e-06
25.180985581270594,240.0,3.6918227e-06,5.363464e-06
25.180985581270594,241.875,4.192558e-06,5.6461254e-06
25.180985581270594,243.75,7.450108e-06,8.464864e-06
25.180985581270594,245.625,1.2539847e-05,1.4929718e-05
25.180985581270594,247.5,1.931904e-05,1.9932457e-05
25.180985581270594,249.375,3.6295518e-05,3.2290376e-05
25.180985581270594,251.25,5.140742e-05,4.151187e-05
25.180985581270594,253.125,1.47776955e-05,1.5396983e-05
25.180985581270594,255.0,2.0191375e-05,2.0071706e-05
25.180985581270594,256.875,1.560778e-05,1.6013875e-05
25.180985581270594,258.75,1.513618e-05,1.2892235e-05
25.180985581270594,260.625,1.5660138e-05,1.4189382e-05
25.180985581270594,262.5,1.8852457e-05,1.6141938e-05
25.180985581270594,264.375,2.0121e-05,1.4660188e-05
25.180985581270594,266.25,2.9980247e-05,1.8885752e-05
25.180985581270594,268.125,3.3610893e-05,1.9564042e-05
25.180985581270594,270.0,2.6036036e-05,1.7127746e-05
25.180985581270594,271.875,2.7509195e-05,1.8591545e-05
25.180985581270594,273.75,3.607201e-05,2.3418419e-05
25.180985581270594,275.625,3.734221e-05,2.3419954e-05
25.180985581270594,277.5,3.4421337e-05,2.315673e-05
25.180985581270594,279.375,4.3629207e-05,2.4756133e-05
25.180985581270594,281.25,5.3519652e-05,2.794627e-05
25.180985581270594,283.125,5.1519055e-05,2.7568143e-05
25.180985581270594,285.0,4.456237e-05,2.4625886e-05
25.180985581270594,286.875,4.5647343e-05,2.6134127e-05
25.180985581270594,288.75,4.8488415e-05,2.7988894e-05
25.180985581270594,290.625,4.7137582e-05,2.5333087e-05
25.180985581270594,292.5,4.5659042e-05,2.4091707e-05
25.180985581270594,294.375,4.353714e-05,2.4474102e-05
25.180985581270594,296.25,4.4339333e-05,2.5266787e-05
25.180985581270594,298.125,4.619198e-05,2.7943946e-05
25.180985581270594,300.0,4.464967e-05,2.6199818e-05
25.180985581270594,301.875,4.078932e-05,2.2179669e-05
25.180985581270594,303.75,3.8126538e-05,2.0325924e-05
25.180985581270594,305.625,3.579974e-05,2.09531e-05
25.180985581270594,307.5,3.3726614e-05,2.2144177e-05
25.180985581270594,309.375,3.308061e-05,2.3154824e-05
25.180985581270594,311.25,3.331129e-05,2.3680117e-05
25.180985581270594,313.125,3.4856537e-05,2.5722205e-05
25.180985581270594,315.0,3.2324184e-05,2.421355e-05
25.180985581270594,316.875,2.6366963e-05,2.1444022e-05
25.180985581270594,318.75,2.1283766e-05,2.0179199e-05
25.180985581270594,320.625,1.8509672e-05,1.9559642e-05
25.180985581270594,322.5,1.6417744e-05,1.5067141e-05
25.180985581270594,324.375,1.30336175e-05,1.2994479e-05
25.180985581270594,326.25,9.483266e-06,1.1097334e-05
25.180985581270594,328.125,7.173494e-06,9.815661e-06
25.180985581270594,330.0,6.891749e-06,9.2949085e-06
25.180985581270594,331.875,7.0236997e-06,9.266655e-06
25.180985581270594,333.75,5.295507e-06,6.1015244e-06
25.180985581270594,335.625,3.7466368e-06,5.6133485e-06
25.180985581270594,337.5,3.360023e-06,5.0689387e-06
25.180985581270594,339.375,2.6163411e-06,3.174516e-06
25.180985581270594,341.25,2.0819912e-06,2.7280116e-06
25.180985581270594,343.125,1.0675159e-06,1.7103026e-06
25.180985581270594,345.0,3.295846e-07,1.50803e-06
25.180985581270594,346.875,3.9443069e-07,1.2779927e-06
25.180985581270594,348.75,3.7794612e-07,1.4748468e-06
25.180985581270594,350.625,2.4277398e-07,1.2759782e-06
25.180985581270594,352.5,1.9145199e-07,1.1033374e-06
25.180985581270594,354.375,2.5409608e-07,2.0057464e-06
25.180985581270594,356.25,2.7988253e-07,2.2256393e-06
25.180985581270594,358.125,2.0627704e-07,1.5565926e-06
27.04623949994481,0.0,4.6067478e-07,2.993882e-06
27.04623949994481,1.875,3.4571028e-07,2.0784814e-06
27.04623949994481,3.75,1.5709476e-07,8.2379637e-07
27.04623949994481,5.625,1.5835191e-07,6.0414436e-07
27.04623949994481,7.5,1.5580619e-07,5.607303e-07
27.04623949994481,9.375,2.2737498e-07,7.5194424e-07
27.04623949994481,11.25,2.1235407e-07,6.523649e-07
27.04623949994481,13.125,2.844655e-07,1.1279355e-06
27.04623949994481,15.0,4.5438412e-07,1.6868902e-06
27.04623949994481,16.875,5.037193e-07,2.0504876e-06
27.04623949994481,18.75,5.6842487e-07,2.1478695e-06
27.04623949994481,20.625,3.2865296e-07,9.672335e-07
27.04623949994481,22.5,2.1677072e-07,7.700999e-07
27.04623949994481,24.375,1.15796865e-07,2.3237689e-07
27.04623949994481,26.25,1.7558719e-07,5.658667e-07
27.04623949994481,28.125,1.5336408e-07,4.891277e-07
27.04623949994481,30.0,1.3458222e-07,4.3406922e-07
27.04623949994481,31.875,1.6690291e-07,5.6028796e-07
27.04623949994481,33.75,2.2774417e-07,9.080321e-07
27.04623949994481,35.625,5.24419e-06,7.974482e-06
27.04623949994481,37.5,5.979837e-07,1.564549e-06
27.04623949994481,39.375,8.0542947e-07,1.9258098e-06
27.04623949994481,41.25,7.1740027e-07,1.9552933e-06
27.04623949994481,43.125,8.246936e-07,2.4946582e-06
27.04623949994481,45.0,7.293183e-07,1.9893284e-06
27.04623949994481,46.875,5.9789994e-07,1.4790337e-06
27.04623949994481,48.75,1.2092713e-06,3.6085614e-06
27.04623949994481,50.625,5.904306e-06,1.1047603e-05
27.04623949994481,52.5,1.800559e-06,5.6753056e-06
27.04623949994481,54.375,1.6091466e-06,4.555744e-06
27.04623949994481,56.25,7.123007e-07,2.7462636e-06
27.04623949994481,58.125,6.065075e-07,1.7843084e-06
27.04623949994481,60.0,4.758459e-07,1.4871588e-06
27.04623949994481,61.875,6.107337e-07,2.059284e-06
27.04623949994481,63.75,4.4729023e-07,1.493149e-06
27.04623949994481,65.625,7.856204e-07,2.5569223e-06
27.04623949994481,67.5,8.524732e-07,3.9012602e-06
27.04623949994481,69.375,7.4465277e-07,2.960829e-06
27.04623949994481,71.25,6.9869e-07,2.1118487e-06
27.04623949994481,73.125,1.4070388e-06,3.2220544e-06
27.04623949994481,75.0,2.8929283e-06,5.2337123e-06
27.04623949994481,76.875,3.5703397e-06,6.1624787e-06
27.04623949994481,78.75,2.462313e-06,4.6522246e-06
27.04623949994481,80.625,2.6880566e-06,5.1147044e-06
27.04623949994481,82.5,2.9863863e-06,6.8468416e-06
27.04623949994481,84.375,3.1774432e-06,6.5406903e-06
27.04623949994481,86.25,4.585169e-06,7.255181e-06
27.04623949994481,88.125,6.484852e-06,8.233144e-06
27.04623949994481,90.0,7.2947832e-06,8.201685e-06
27.04623949994481,91.875,1.1405467e-05,1.1196772e-05
27.04623949994481,93.75,1.4371427e-05,1.5920301e-05
27.04623949994481,95.625,1.1811785e-05,1.397401e-05
27.04623949994481,97.5,8.089701e-06,1.0747259e-05
27.04623949994481,99.375,1.1955453e-05,1.437703e-05
27.04623949994481,101.25,1.3837451e-05,1.2723194e-05
27.04623949994481,103.125,1.6918515e-05,8.291266e-06
27.04623949994481,105.0,1.4615699e-05,6.7202486e-06
27.04623949994481,106.875,1.8874443e-05,9.9361605e-06
27.04623949994481,108.75,1.7298786e-05,1.1188858e-05
27.04623949994481,110.625,1.2125708e-05,9.813231e-06
27.04623949994481,112.5,1.25312445e-05,1.0491852e-05
27.04623949994481,114.375,1.5121829e-05,1.3046353e-05
27.04623949994481,116.25,1.3261819e-05,1.2235879e-05
27.04623949994481,118.125,1.1528571e-05,1.1131978e-05
27.04623949994481,120.0,1.3762711e-05,1.26616615e-05
27.04623949994481,121.875,2.1044725e-05,1.6692877e-05
27.04623949994481,123.75,1.5620775e-05,1.5125153e-05
27.04623949994481,125.625,1.523576e-05,1.4385399e-05
27.04623949994481,127.5,1.95718e-05,1.8373079e-05
27.04623949994481,129.375,2.3962175e-05,2.5095358e-05
27.04623949994481,131.25,2.2759925e-05,2.6440192e-05
27.04623949994481,133.125,2.6219937e-05,2.632114e-05
27.04623949994481,135.0,3.181593e-05,2.7546206e-05
27.04623949994481,136.875,3.7479702e-05,3.1883766e-05
27.04623949994481,138.75,4.3745717e-05,3.326454e-05
27.04623949994481,140.625,5.0472747e-05,3.347848e-05
27.04623949994481,142.5,4.9938368e-05,3.1207954e-05
27.04623949994481,144.375,4.919321e-05,2.8627717e-05
27.04623949994481,146.25,5.394931e-05,3.161434e-05
27.04623949994481,148.125,5.246912e-05,3.11452e-05
27.04623949994481,150.0,4.2866843e-05,2.5591642e-05
27.04623949994481,151.875,3.82675e-05,2.3702727e-05
27.04623949994481,153.75,3.6949805e-05,2.2700855e-05
27.04623949994481,155.625,3.1227297e-05,2.0524298e-05
27.04623949994481,157.5,2.6877335e-05,2.0084854e-05
27.04623949994481,159.375,2.7693915e-05,2.1606074e-05
27.04623949994481,161.25,2.614748e-05,2.2290526e-05
27.04623949994481,163.125,2.0733109e-05,1.8175575e-05
27.04623949994481,165.0,1.8757788e-05,1.4660336e-05
27.04623949994481,166.875,2.0369815e-05,1.5722755e-05
27.04623949994481,168.75,1.848732e-05,1.740747e-05
27.04623949994481,170.625,1.7954e-05,1.8180073e-05
27.04623949994481,172.5,2.1321941e-05,1.9653751e-05
27.04623949994481,174.375,2.2536195e-05,1.9832121e-05
27.04623949994481,176.25,2.0325231e-05,1.9757497e-05
27.04623949994481,178.125,2.0318876e-05,2.0124162e-05
27.04623949994481,180.0,2.2496628e-05,2.077249e-05
27.04623949994481,181.875,2.4032588e-05,2.081026e-05
27.04623949994481,183.75,2.31964e-05,2.2738031e-05
27.04623949994481,185.625,2.3887116e-05,2.4619083e-05
27.04623949994481,187.5,2.4262095e-05,2.3887556e-05
27.04623949994481,189.375,2.5539925e-05,2.3653578e-05
27.04623949994481,191.25,2.5441732e-05,2.1082626e-05
27.04623949994481,193.125,2.6119285e-05,2.0822115e-05
27.04623949994481,195.0,2.3505898e-05,1.8685492e-05
27.04623949994481,196.875,2.2757933e-05,1.7733573e-05
27.04623949994481,198.75,2.5297248e-05,1.8494431e-05
27.04623949994481,200.625,2.7058082e-05,2.0431175e-05
27.04623949994481,202.5,2.7099893e-05,2.4897068e-05
27.04623949994481,204.375,2.609876e-05,2.3932747e-05
27.04623949994481,206.25,2.4872035e-05,2.058017e-05
27.04623949994481,208.125,2.3521823e-05,1.9414247e-05
27.04623949994481,210.0,2.324593e-05,2.1405333e-05
27.04623949994481,211.875,2.1145383e-05,2.128707e-05
27.04623949994481,213.75,2.0094216e-05,2.0972575e-05
27.04623949994481,215.625,1.8009556e-05,1.8295314e-05
27.04623949994481,217.5,1.49188245e-05,1.4928542e-05
27.04623949994481,219.375,1.267893e-05,1.1976541e-05
27.04623949994481,221.25,1.2116951e-05,1.2325394e-05
27.04623949994481,223.125,1.0869907e-05,1.1301183e-05
27.04623949994481,225.0,9.09269e-06,1.0017454e-05
27.04623949994481,226.875,7.6043675e-06,1.0352506e-05
27.04623949994481,228.75,7.4853183e-06,1.09648645e-05
27.04623949994481,230.625,7.415582e-06,1.0287498e-05
27.04623949994481,232.5,6.199118e-06,7.450792e-06
27.04623949994481,234.375,5.349357e-06,6.0038615e-06
27.04623949994481,236.25,5.205892e-06,6.614924e-06
27.04623949994481,238.125,4.570463e-06,6.85938e-06
27.04623949994481,240.0,3.2830064e-06,5.0927383e-06
27.04623949994481,241.875,3.6793072e-06,4.8411e-06
27.04623949994481,243.75,8.510515e-06,1.18115795e-05
27.04623949994481,245.625,1.1135708e-05,1.3071919e-05
27.04623949994481,247.5,1.9179242e-05,1.913814e-05
27.04623949994481,249.375,3.4824807e-05,3.207282e-05
27.04623949994481,251.25,1.5105624e-05,1.5476162e-05
27.04623949994481,253.125,2.1769027e-05,2.0605568e-05
27.04623949994481,255.0,1.8194793e-05,1.6372956e-05
27.04623949994481,256.875,1.1589117e-05,1.14080985e-05
27.04623949994481,258.75,1.1232358e-05,1.1370337e-05
27.04623949994481,260.625,1.1934696e-05,1.3401653e-05
27.04623949994481,262.5,1.1186786e-05,1.199775e-05
27.04623949994481,264.375,2.8250664e-05,2.0365273e-05
27.04623949994481,266.25,3.2941985e-05,2.1027154e-05
27.04623949994481,268.125,2.9458351e-05,1.7703924e-05
27.04623949994481,270.0,2.9938888e-05,1.6967653e-05
27.04623949994481,271.875,3.6064423e-05,2.0871348e-05
27.04623949994481,273.75,3.892216e-05,2.1962116e-05
27.04623949994481,275.625,2.8945771e-05,1.7696335e-05
27.04623949994481,277.5,2.3585786e-05,1.5213912e-05
27.04623949994481,279.375,3.7322294e-05,2.002428e-05
27.04623949994481,281.25,4.3518772e-05,2.329349e-05
27.04623949994481,283.125,4.3098284e-05,2.4393892e-05
27.04623949994481,285.0,3.565933e-05,2.2230986e-05
27.04623949994481,286.875,3.6124176e-05,2.1734293e-05
27.04623949994481,288.75,3.928877e-05,2.5025309e-05
27.04623949994481,290.625,4.1662985e-05,2.387534e-05
27.04623949994481,292.5,4.288323e-05,2.2186648e-05
27.04623949994481,294.375,4.2380663e-05,2.1165833e-05
27.04623949994481,296.25,4.5823337e-05,2.2691192e-05
27.04623949994481,298.125,4.830157e-05,2.4130179e-05
27.04623949994481,300.0,4.3919023e-05,2.4349189e-05
27.04623949994481,301.875,3.902583e-05,2.1619691e-05
27.04623949994481,303.75,4.0651412e-05,2.0859148e-05
27.04623949994481,305.625,4.3056927e-05,2.3048397e-05
27.04623949994481,307.5,4.221359e-05,2.5412588e-05
27.04623949994481,309.375,4.129849e-05,2.5710693e-05
27.04623949994481,311.25,3.9941413e-05,2.5472089e-05
27.04623949994481,313.125,3.6404308e-05,2.4059995e-05
27.04623949994481,315.0,3.1029984e-05,2.2042987e-05
27.04623949994481,316.875,2.74378e-05,1.9851474e-05
27.04623949994481,318.75,2.7865926e-05,2.0677955e-05
27.04623949994481,320.625,2.9449844e-05,2.5056646e-05
27.04623949994481,322.5,2.376056e-05,2.0062216e-05
27.04623949994481,324.375,1.701756e-05,1.579552e-05
27.04623949994481,326.25,1.2687887e-05,1.38847545e-05
27.04623949994481,328.125,1.1272407e-05,1.3041854e-05
27.04623949994481,330.0,1.0343631e-05,1.2101499e-05
27.04623949994481,331.875,9.289357e-06,1.0856009e-05
27.04623949994481,333.75,7.702821e-06,9.035611e-06
27.04623949994481,335.625,7.058878e-06,9.248282e-06
27.04623949994481,337.5,6.9066677e-06,8.700598e-06
27.04623949994481,339.375,5.5849296e-06,6.40467e-06
27.04623949994481,341.25,3.3464073e-06,4.4492044e-06
27.04623949994481,343.125,2.5256468e-06,3.9207116e-06
27.04623949994481,345.0,1.8034038e-06,2.6464525e-06
27.04623949994481,346.875,1.4527868e-06,1.5431606e-06
27.04623949994481,348.75,7.1928383e-07,1.7509061e-06
27.04623949994481,350.625,4.5099603e-07,1.3103324e-06
27.04623949994481,352.5,2.5593008e-07,1.0133978e-06
27.04623949994481,354.375,2.1902771e-07,9.20378e-07
27.04623949994481,356.25,4.4989545e-07,2.9342496e-06
27.04623949994481,358.125,5.243639e-07,3.3110941e-06
28.91149236871774,0.0,8.6843573e-07,4.7304375e-06
28.91149236871774,1.875,6.892244e-07,3.0945052e-06
28.91149236871774,3.75,6.0038013e-07,1.9342547e-06
28.91149236871774,5.625,5.869695e-07,1.8474774e-06
28.91149236871774,7.5,3.6690733e-07,1.220118e-06
28.91149236871774,9.375,4.709295e-07,1.2114876e-06
28.91149236871774,11.25,6.952616e-07,1.3593561e-06
28.91149236871774,13.125,6.158749e-07,9.860756e-07
28.91149236871774,15.0,1.005163e-06,1.7174677e-06
28.91149236871774,16.875,1.0055452e-06,1.8623101e-06
28.91149236871774,18.75,1.246095e-06,2.13722e-06
28.91149236871774,20.625,5.5090464e-07,1.648214e-06
28.91149236871774,22.5,2.7769448e-07,6.595735e-07
28.91149236871774,24.375,1.7706101e-07,2.9682158e-07
28.91149236871774,26.25,2.1215601e-07,5.8757234e-07
28.91149236871774,28.125,3.8883095e-07,9.5117974e-07
28.91149236871774,30.0,5.743472e-07,1.0071358e-06
28.91149236871774,31.875,6.1272834e-07,1.066261e-06
28.91149236871774,33.75,4.0790314e-07,7.447072e-07
28.91149236871774,35.625,6.1900676e-07,1.8121692e-06
28.91149236871774,37.5,5.297549e-07,1.443834e-06
28.91149236871774,39.375,6.489981e-07,1.3733298e-06
28.91149236871774,41.25,6.2518916e-07,1.7349779e-06
28.91149236871774,43.125,8.591921e-07,2.3182497e-06
28.91149236871774,45.0,1.0382323e-06,2.6050047e-06
28.91149236871774,46.875,1.5365e-06,3.4455595e-06
28.91149236871774,48.75,9.32518e-06,1.365608e-05
28.91149236871774,50.625,4.23084e-06,9.017672e-06
28.91149236871774,52.5,5.5352134e-06,1.1443843e-05
28.91149236871774,54.375,5.103629e-06,1.07844e-05
28.91149236871774,56.25,2.2916654e-06,5.860596e-06
28.91149236871774,58.125,1.4787088e-06,3.7076977e-06
28.91149236871774,60.0,1.4074056e-06,3.365088e-06
28.91149236871774,61.875,8.820706e-07,2.307767e-06
28.91149236871774,63.75,7.12309e-07,2.7514668e-06
28.91149236871774,65.625,8.8427345e-07,3.4076547e-06
28.91149236871774,67.5,1.2266429e-06,4.27328e-06
28.91149236871774,69.375,1.149001e-06,3.7542968e-06
28.91149236871774,71.25,1.3575404e-06,3.3609408e-06
28.91149236871774,73.125,2.4860603e-06,5.566195e-06
28.91149236871774,75.0,3.9876586e-06,7.0997103e-06
28.91149236871774,76.875,5.959965e-06,1.0149588e-05
28.91149236871774,78.75,5.582297e-06,1.0884447e-05
28.91149236871774,80.625,7.751785e-06,1.3358519e-05
28.91149236871774,82.5,8.248654e-06,1.2463376e-05
28.91149236871774,84.375,9.935028e-06,1.1341876e-05
28.91149236871774,86.25,1.0003693e-05,9.180129e-06
28.91149236871774,88.125,9.854067e-06,8.833021e-06
28.91149236871774,90.0,9.99332e-06,8.024603e-06
28.91149236871774,91.875,1.2088083e-05,8.82714e-06
28.91149236871774,93.75,3.8191814e-05,1.6520193e-05
28.91149236871774,95.625,4.507945e-05,2.5813728e-05
28.91149236871774,97.5,3.185428e-05,2.1796759e-05
28.91149236871774,99.375,1.9793455e-05,1.4528281e-05
28.91149236871774,101.25,2.0190248e-05,1.20086315e-05
28.91149236871774,103.125,3.8773334e-05,1.3668761e-05
28.91149236871774,105.0,1.7043609e-05,8.894224e-06
28.91149236871774,106.875,1.7549291e-05,1.0070484e-05
28.91149236871774,108.75,1.8230228e-05,1.17374375e-05
28.91149236871774,110.625,1.5921243e-05,1.1218946e-05
28.91149236871774,112.5,1.6239828e-05,1.3773932e-05
28.91149236871774,114.375,1.8136223e-05,1.5567612e-05
28.91149236871774,116.25,1.5280777e-05,1.4188008e-05
28.91149236871774,118.125,1.3385175e-05,1.31302e-05
28.91149236871774,120.0,1.3255069e-05,1.377606e-05
28.91149236871774,121.875,1.5483427e-05,1.3908441e-05
28.91149236871774,123.75,1.1574829e-05,1.1315349e-05
28.91149236871774,125.625,1.3729017e-05,1.3518464e-05
28.91149236871774,127.5,1.8560788e-05,1.7440503e-05
28.91149236871774,129.375,2.1132792e-05,1.8729474e-05
28.91149236871774,131.25,2.35814e-05,2.092199e-05
28.91149236871774,133.125,2.6110129e-05,2.1699161e-05
28.91149236871774,135.0,2.9044166e-05,2.2761958e-05
28.91149236871774,136.875,3.1142245e-05,2.4286917e-05
28.91149236871774,138.75,3.561579e-05,2.6586531e-05
28.91149236871774,140.625,4.426483e-05,2.87809e-05
28.91149236871774,142.5,4.6676476e-05,2.9047374e-05
28.91149236871774,144.375,4.416629e-05,2.6527052e-05
28.91149236871774,146.25,4.8004007e-05,2.5373867e-05
28.91149236871774,148.125,5.4083044e-05,2.7377546e-05
28.91149236871774,150.0,4.9415277e-05,2.6280757e-05
28.91149236871774,151.875,4.263972e-05,2.2447784e-05
28.91149236871774,153.75,4.111573e-05,2.2144248e-05
28.91149236871774,155.625,3.7478585e-05,1.94832e-05
28.91149236871774,157.5,3.2809236e-05,1.8441904e-05
28.91149236871774,159.375,3.2770215e-05,2.0605727e-05
28.91149236871774,161.25,3.0637453e-05,2.1192893e-05
28.91149236871774,163.125,2.5467263e-05,2.0698308e-05
28.91149236871774,165.0,2.259119e-05,1.8497605e-05
28.91149236871774,166.875,2.4285735e-05,1.9098896e-05
28.91149236871774,168.75,2.3758439e-05,1.8613911e-05
28.91149236871774,170.625,2.177583e-05,1.7170449e-05
28.91149236871774,172.5,2.2234395e-05,1.7410945e-05
28.91149236871774,174.375,2.2856635e-05,1.753259e-05
28.91149236871774,176.25,2.2983486e-05,1.7796583e-05
28.91149236871774,178.125,2.1487633e-05,1.7620636e-05
28.91149236871774,180.0,2.1614955e-05,1.7587277e-05
28.91149236871774,181.875,2.3329532e-05,1.7373195e-05
28.91149236871774,183.75,2.392733e-05,1.8580633e-05
28.91149236871774,185.625,2.3714276e-05,1.9787376e-05
28.91149236871774,187.5,2.2210195e-05,2.06242e-05
28.91149236871774,189.375,2.2363056e-05,2.0404254e-05
28.91149236871774,191.25,2.4606008e-05,1.92962e-05
28.91149236871774,193.125,2.6916106e-05,1.9699113e-05
28.91149236871774,195.0,2.8233884e-05,2.1109076e-05
28.91149236871774,196.875,2.6678565e-05,2.0387639e-05
28.91149236871774,198.75,2.6717516e-05,1.8767774e-05
28.91149236871774,200.625,2.8284432e-05,1.938299e-05
28.91149236871774,202.5,2.8649742e-05,2.2055869e-05
28.91149236871774,204.375,2.6642425e-05,2.1002365e-05
28.91149236871774,206.25,2.5996898e-05,2.0990336e-05
28.91149236871774,208.125,2.6224663e-05,2.109912e-05
28.91149236871774,210.0,2.6218328e-05,2.247681e-05
28.91149236871774,211.875,2.4386909e-05,2.2159815e-05
28.91149236871774,213.75,2.2069333e-05,2.0133046e-05
28.91149236871774,215.625,1.8888366e-05,1.6767945e-05
28.91149236871774,217.5,1.5895455e-05,1.4883163e-05
28.91149236871774,219.375,1.3892099e-05,1.3144278e-05
28.91149236871774,221.25,1.2791089e-05,1.1591851e-05
28.91149236871774,223.125,1.2901246e-05,1.1884313e-05
28.91149236871774,225.0,1.1528481e-05,1.18431535e-05
28.91149236871774,226.875,9.677352e-06,1.16254205e-05
28.91149236871774,228.75,8.869564e-06,1.17618065e-05
28.91149236871774,230.625,8.544149e-06,1.1370483e-05
28.91149236871774,232.5,7.0105784e-06,8.991535e-06
28.91149236871774,234.375,5.739918e-06,6.839427e-06
28.91149236871774,236.25,5.2652867e-06,5.5314513e-06
28.91149236871774,238.125,4.652078e-06,5.6387075e-06
28.91149236871774,240.0,3.2611047e-06,5.8562077e-06
28.91149236871774,241.875,3.905172e-06,6.0856228e-06
28.91149236871774,243.75,7.195754e-06,9.040995e-06
28.91149236871774,245.625,2.9639057e-06,5.3794997e-06
28.91149236871774,247.5,4.5979077e-06,7.3436927e-06
28.91149236871774,249.375,7.2989124e-06,9.373162e-06
28.91149236871774,251.25,1.5527148e-05,1.7486944e-05
28.91149236871774,253.125,1.9637277e-05,1.7958579e-05
28.91149236871774,255.0,1.3073057e-05,1.3268464e-05
28.91149236871774,256.875,1.0421727e-05,1.1533496e-05
28.91149236871774,258.75,1.1291414e-05,1.2363344e-05
28.91149236871774,260.625,1.4989756e-05,1.5658141e-05
28.91149236871774,262.5,1.3920532e-05,1.2916881e-05
28.91149236871774,264.375,1.5198834e-05,1.20410305e-05
28.91149236871774,266.25,2.6975702e-05,1.6761014e-05
28.91149236871774,268.125,2.9329776e-05,1.6916138e-05
28.91149236871774,270.0,3.2396623e-05,1.5882495e-05
28.91149236871774,271.875,3.6643494e-05,1.7620398e-05
28.91149236871774,273.75,3.001939e-05,1.5914815e-05
28.91149236871774,275.625,1.6264416e-05,1.101377e-05
28.91149236871774,277.5,7.287061e-06,6.2177164e-06
28.91149236871774,279.375,3.3568675e-05,1.8347264e-05
28.91149236871774,281.25,4.2564574e-05,2.2597069e-05
28.91149236871774,283.125,3.838371e-05,2.2032806e-05
28.91149236871774,285.0,2.560358e-05,1.5951446e-05
28.91149236871774,286.875,2.5310554e-05,1.6598085e-05
28.91149236871774,288.75,2.9146348e-05,1.8135523e-05
28.91149236871774,290.625,3.4392117e-05,2.0011516e-05
28.91149236871774,292.5,3.6424502e-05,1.9894142e-05
28.91149236871774,294.375,3.6082878e-05,1.886949e-05
28.91149236871774,296.25,3.6108886e-05,1.6368045e-05
28.91149236871774,298.125,4.0691484e-05,1.8002964e-05
28.91149236871774,300.0,4.134603e-05,2.053755e-05
28.91149236871774,301.875,4.217474e-05,2.1957076e-05
28.91149236871774,303.75,4.7253656e-05,2.4019082e-05
28.91149236871774,305.625,4.6950197e-05,2.4105735e-05
28.91149236871774,307.5,4.150156e-05,2.2083499e-05
28.91149236871774,309.375,3.813959e-05,2.2256878e-05
28.91149236871774,311.25,3.909083e-05,2.2035274e-05
28.91149236871774,313.125,3.6556172e-05,2.3086639e-05
28.91149236871774,315.0,3.5631176e-05,2.3732331e-05
28.91149236871774,316.875,3.7569564e-05,2.3518778e-05
28.91149236871774,318.75,3.9275343e-05,2.57318e-05
28.91149236871774,320.625,3.397303e-05,2.204512e-05
28.91149236871774,322.5,2.4476138e-05,1.7480645e-05
28.91149236871774,324.375,2.0073725e-05,1.632361e-05
28.91149236871774,326.25,2.0179863e-05,1.9710516e-05
28.91149236871774,328.125,1.8938996e-05,1.8447776e-05
28.91149236871774,330.0,1.4723304e-05,1.3982742e-05
28.91149236871774,331.875,1.24289e-05,1.278746e-05
28.91149236871774,333.75,9.525149e-06,9.828539e-06
28.91149236871774,335.625,1.1118577e-05,1.1036534e-05
28.91149236871774,337.5,1.0526303e-05,1.0871443e-05
28.91149236871774,339.375,9.251776e-06,9.4231145e-06
28.91149236871774,341.25,7.325674e-06,9.028561e-06
28.91149236871774,343.125,6.509805e-06,7.931798e-06
28.91149236871774,345.0,6.1485543e-06,7.609733e-06
28.91149236871774,346.875,4.794698e-06,6.598571e-06
28.91149236871774,348.75,4.474887e-06,6.481718e-06
28.91149236871774,350.625,2.013533e-06,3.7105845e-06
28.91149236871774,352.5,1.4955544e-06,3.1782854e-06
28.91149236871774,354.375,8.363818e-07,3.0865951e-06
28.91149236871774,356.25,7.447401e-07,3.94772e-06
28.91149236871774,358.125,7.562131e-07,4.3528667e-06
30.77674406172325,0.0,1.110522e-06,4.946803e-06
30.77674406172325,1.875,1.070636e-06,3.4392833e-06
30.77674406172325,3.75,1.0797171e-06,2.424556e-06
30.77674406172325,5.625,8.388404e-07,2.0648686e-06
30.77674406172325,7.5,8.324295e-07,2.2784477e-06
30.77674406172325,9.375,1.0129022e-06,2.4441897e-06
30.77674406172325,11.25,1.589473e-06,2.7459848e-06
30.77674406172325,13.125,1.4280589e-06,1.8771649e-06
30.77674406172325,15.0,1.8930971e-06,2.0716818e-06
30.77674406172325,16.875,2.1167798e-06,2.9695327e-06
30.77674406172325,18.75,1.1865423e-05,9.4827965e-06
30.77674406172325,20.625,2.8339664e-06,3.8054754e-06
30.77674406172325,22.5,1.2553824e-06,1.9144559e-06
30.77674406172325,24.375,9.4150937e-07,1.3150335e-06
30.77674406172325,26.25,7.450981e-07,1.4448404e-06
30.77674406172325,28.125,5.705823e-06,5.039806e-06
30.77674406172325,30.0,1.0640681e-05,8.396211e-06
30.77674406172325,31.875,4.7584126e-06,5.121592e-06
30.77674406172325,33.75,2.6103341e-06,2.67389e-06
30.77674406172325,35.625,2.17123e-06,2.387935e-06
30.77674406172325,37.5,1.6151159e-06,2.5957097e-06
30.77674406172325,39.375,1.1726138e-06,2.0164337e-06
30.77674406172325,41.25,1.2749343e-06,2.798657e-06
30.77674406172325,43.125,1.0962599e-06,2.5619509e-06
30.77674406172325,45.0,1.3895655e-06,2.9205546e-06
30.77674406172325,46.875,3.1409413e-06,6.253786e-06
30.77674406172325,48.75,5.039937e-06,8.8729885e-06
30.77674406172325,50.625,8.09482e-06,1.2477161e-05
30.77674406172325,52.5,9.881677e-06,1.4652736e-05
30.77674406172325,54.375,5.2488244e-06,8.002425e-06
30.77674406172325,56.25,2.3114985e-06,4.3294413e-06
30.77674406172325,58.125,1.3110674e-06,2.8874838e-06
30.77674406172325,60.0,1.139523e-06,2.832248e-06
30.77674406172325,61.875,6.621785e-07,1.8689342e-06
30.77674406172325,63.75,9.838972e-07,2.889635e-06
30.77674406172325,65.625,1.7578443e-06,5.0039307e-06
30.77674406172325,67.5,2.5496206e-06,6.1282626e-06
30.77674406172325,69.375,2.2212243e-06,4.4405997e-06
30.77674406172325,71.25,2.8579773e-06,6.409274e-06
30.77674406172325,73.125,1.9245217e-06,4.841942e-06
30.77674406172325,75.0,3.3128817e-06,7.0855344e-06
30.77674406172325,76.875,8.609465e-06,1.30742e-05
30.77674406172325,78.75,1.4752657e-05,1.8398528e-05
30.77674406172325,80.625,2.2674754e-05,2.308386e-05
30.77674406172325,82.5,1.8243289e-05,1.4607182e-05
30.77674406172325,84.375,9.090653e-06,6.0191533e-06
30.77674406172325,86.25,4.7309263e-06,3.6997474e-06
30.77674406172325,88.125,3.4332759e-06,3.2929377e-06
30.77674406172325,90.0,3.859284e-06,3.5166954e-06
30.77674406172325,91.875,4.063075e-06,3.613316e-06
30.77674406172325,93.75,9.226827e-06,5.831249e-06
30.77674406172325,95.625,2.5593192e-05,9.425711e-06
30.77674406172325,97.5,2.5918549e-05,9.830064e-06
30.77674406172325,99.375,1.4739048e-05,8.036956e-06
30.77674406172325,101.25,1.9372814e-05,1.0039566e-05
30.77674406172325,103.125,5.443426e-05,1.3539155e-05
30.77674406172325,105.0,3.107148e-05,1.4003526e-05
30.77674406172325,106.875,1.9220533e-05,1.0835087e-05
30.77674406172325,108.75,1.6792612e-05,1.1020912e-05
30.77674406172325,110.625,1.6033895e-05,1.132014e-05
30.77674406172325,112.5,1.8496208e-05,1.5256822e-05
30.77674406172325,114.375,1.7380618e-05,1.5555961e-05
30.77674406172325,116.25,1.5430234e-05,1.4461985e-05
30.77674406172325,118.125,1.5127011e-05,1.4796012e-05
30.77674406172325,120.0,1.4061984e-05,1.4336211e-05
30.77674406172325,121.875,1.2861781e-05,1.23323725e-05
30.77674406172325,123.75,1.0421134e-05,9.473723e-06
30.77674406172325,125.625,1.409709e-05,1.2275329e-05
30.77674406172325,127.5,1.8831925e-05,1.6503125e-05
30.77674406172325,129.375,2.0909973e-05,1.7551583e-05
30.77674406172325,131.25,2.362199e-05,1.7779666e-05
30.77674406172325,133.125,2.862128e-05,1.9778709e-05
30.77674406172325,135.0,3.17958e-05,2.0964231e-05
30.77674406172325,136.875,2.9990302e-05,1.960808e-05
30.77674406172325,138.75,3.248068e-05,2.0607342e-05
30.77674406172325,140.625,4.0586096e-05,2.3005168e-05
30.77674406172325,142.5,4.4290573e-05,2.3253864e-05
30.77674406172325,144.375,4.2463053e-05,2.2436752e-05
30.77674406172325,146.25,4.5630783e-05,2.2457663e-05
30.77674406172325,148.125,4.972295e-05,2.238748e-05
30.77674406172325,150.0,4.9162147e-05,2.2184942e-05
30.77674406172325,151.875,4.6286714e-05,2.2545762e-05
30.77674406172325,153.75,4.698336e-05,2.1443484e-05
30.77674406172325,155.625,4.5552457e-05,2.0942774e-05
30.77674406172325,157.5,3.9722185e-05,1.8326173e-05
30.77674406172325,159.375,3.7373466e-05,1.7385233e-05
30.77674406172325,161.25,3.8838258e-05,1.9404597e-05
30.77674406172325,163.125,3.4336023e-05,1.8655162e-05
30.77674406172325,165.0,3.092009e-05,1.884339e-05
30.77674406172325,166.875,3.0234647e-05,1.9021669e-05
30.77674406172325,168.75,3.032274e-05,1.8730689e-05
30.77674406172325,170.625,2.7297578e-05,1.6704988e-05
30.77674406172325,172.5,2.5652209e-05,1.780884e-05
30.77674406172325,174.375,2.6744921e-05,1.8824321e-05
30.77674406172325,176.25,2.7932078e-05,1.8185727e-05
30.77674406172325,178.125,2.6526135e-05,1.6801492e-05
30.77674406172325,180.0,2.415575e-05,1.7055429e-05
30.77674406172325,181.875,2.44394e-05,1.670865e-05
30.77674406172325,183.75,2.6424214e-05,1.709891e-05
30.77674406172325,185.625,2.7917342e-05,1.7980963e-05
30.77674406172325,187.5,2.820042e-05,2.0129699e-05
30.77674406172325,189.375,2.7273481e-05,2.0652657e-05
30.77674406172325,191.25,2.4846688e-05,1.7729879e-05
30.77674406172325,193.125,2.588707e-05,1.8050072e-05
30.77674406172325,195.0,2.8417884e-05,1.8898178e-05
30.77674406172325,196.875,2.943428e-05,1.9924453e-05
30.77674406172325,198.75,2.8768443e-05,1.9398034e-05
30.77674406172325,200.625,2.846045e-05,1.8169392e-05
30.77674406172325,202.5,3.1018568e-05,2.0342337e-05
30.77674406172325,204.375,3.0086469e-05,2.1002596e-05
30.77674406172325,206.25,2.9461748e-05,2.284256e-05
30.77674406172325,208.125,3.0099653e-05,2.3069675e-05
30.77674406172325,210.0,3.0770643e-05,2.3152776e-05
30.77674406172325,211.875,2.7635051e-05,2.09085e-05
30.77674406172325,213.75,2.4003177e-05,1.7759918e-05
30.77674406172325,215.625,2.2105422e-05,1.6659109e-05
30.77674406172325,217.5,2.0104018e-05,1.5307762e-05
30.77674406172325,219.375,1.7505095e-05,1.4683105e-05
30.77674406172325,221.25,1.4924288e-05,1.2681459e-05
30.77674406172325,223.125,1.3989437e-05,1.1713712e-05
30.77674406172325,225.0,1.3866713e-05,1.31843135e-05
30.77674406172325,226.875,1.2472317e-05,1.3003762e-05
30.77674406172325,228.75,1.0472424e-05,1.0895043e-05
30.77674406172325,230.625,9.153302e-06,9.9343315e-06
30.77674406172325,232.5,7.743762e-06,8.626917e-06
30.77674406172325,234.375,6.7961855e-06,7.657721e-06
30.77674406172325,236.25,5.9580884e-06,6.630319e-06
30.77674406172325,238.125,4.9520695e-06,5.1978873e-06
30.77674406172325,240.0,4.000842e-06,5.6695276e-06
30.77674406172325,241.875,5.0045574e-06,7.516342e-06
30.77674406172325,243.75,8.377261e-06,1.0688649e-05
30.77674406172325,245.625,3.7629488e-06,5.7576785e-06
30.77674406172325,247.5,4.829276e-06,6.565696e-06
30.77674406172325,249.375,9.246399e-06,1.0143964e-05
30.77674406172325,251.25,1.4150643e-05,1.3517782e-05
30.77674406172325,253.125,1.37745765e-05,1.2959589e-05
30.77674406172325,255.0,1.0403918e-05,1.1045386e-05
30.77674406172325,256.875,1.25669385e-05,1.3136856e-05
30.77674406172325,258.75,1.6211961e-05,1.6674538e-05
30.77674406172325,260.625,1.698817e-05,1.5652451e-05
30.77674406172325,262.5,1.7327771e-05,1.3726337e-05
30.77674406172325,264.375,2.0753583e-05,1.54606e-05
30.77674406172325,266.25,2.3361044e-05,1.6724773e-05
30.77674406172325,268.125,2.1523041e-05,1.3943468e-05
30.77674406172325,270.0,1.8939187e-05,1.1760233e-05
30.77674406172325,271.875,1.7148974e-05,1.1126989e-05
30.77674406172325,273.75,1.5573778e-05,1.0569408e-05
30.77674406172325,275.625,1.3073315e-05,9.856848e-06
30.77674406172325,277.5,1.19820315e-05,1.0155139e-05
30.77674406172325,279.375,2.9613511e-05,1.712972e-05
30.77674406172325,281.25,4.6617333e-05,2.407789e-05
30.77674406172325,283.125,4.102946e-05,2.125436e-05
30.77674406172325,285.0,3.181404e-05,1.688136e-05
30.77674406172325,286.875,2.7225693e-05,1.4085004e-05
30.77674406172325,288.75,2.7750759e-05,1.4374589e-05
30.77674406172325,290.625,3.135676e-05,1.5764812e-05
30.77674406172325,292.5,2.9816558e-05,1.41850205e-05
30.77674406172325,294.375,2.851787e-05,1.3189607e-05
30.77674406172325,296.25,2.9101064e-05,1.29373575e-05
30.77674406172325,298.125,3.32226e-05,1.47141645e-05
30.77674406172325,300.0,3.6963407e-05,1.6652117e-05
30.77674406172325,301.875,3.7707956e-05,1.9359473e-05
30.77674406172325,303.75,4.0887633e-05,1.902291e-05
30.77674406172325,305.625,4.0817806e-05,1.973837e-05
30.77674406172325,307.5,3.8978582e-05,1.9470768e-05
30.77674406172325,309.375,3.963687e-05,2.0622238e-05
30.77674406172325,311.25,4.4339406e-05,2.3500683e-05
30.77674406172325,313.125,4.5782253e-05,2.4808833e-05
30.77674406172325,315.0,4.560316e-05,2.5647078e-05
30.77674406172325,316.875,4.6666362e-05,2.5747855e-05
30.77674406172325,318.75,4.2395164e-05,2.2550481e-05
30.77674406172325,320.625,3.3473996e-05,1.87911e-05
30.77674406172325,322.5,3.038199e-05,1.8419105e-05
30.77674406172325,324.375,3.1425297e-05,2.0050044e-05
30.77674406172325,326.25,3.257592e-05,2.4161061e-05
30.77674406172325,328.125,2.6099331e-05,1.9352667e-05
30.77674406172325,330.0,1.8514793e-05,1.5652166e-05
30.77674406172325,331.875,1.5295836e-05,1.2667949e-05
30.77674406172325,333.75,1.4605222e-05,1.2073146e-05
30.77674406172325,335.625,1.5095349e-05,1.2040271e-05
30.77674406172325,337.5,1.2805645e-05,1.0901554e-05
30.77674406172325,339.375,1.0858634e-05,1.0758683e-05
30.77674406172325,341.25,1.0834704e-05,1.0789212e-05
30.77674406172325,343.125,1.1617652e-05,1.228798e-05
30.77674406172325,345.0,1.0290842e-05,1.0785462e-05
30.77674406172325,346.875,9.934606e-06,1.1591325e-05
30.77674406172325,348.75,1.2134607e-05,1.49432935e-05
30.77674406172325,350.625,1.1910962e-05,1.3628352e-05
30.77674406172325,352.5,5.132432e-06,6.1670785e-06
30.77674406172325,354.375,3.6047068e-06,5.2865116e-06
30.77674406172325,356.25,1.6579694e-06,4.7986036e-06
30.77674406172325,358.125,1.3084334e-06,5.691045e-06
32.64199443851768,0.0,3.8975795e-06,5.199574e-06
32.64199443851768,1.875,2.910958e-06,4.226912e-06
32.64199443851768,3.75,1.769573e-06,3.2351068e-06
32.64199443851768,5.625,1.2766967e-06,2.6940415e-06
32.64199443851768,7.5,1.3269488e-06,2.7257688e-06
32.64199443851768,9.375,1.6717722e-06,3.4560803e-06
32.64199443851768,11.25,2.7615022e-06,4.1912335e-06
32.64199443851768,13.125,3.0168574e-06,3.7087254e-06
32.64199443851768,15.0,1.1161993e-05,8.217923e-06
32.64199443851768,16.875,1.4505146e-05,1.0991441e-05
32.64199443851768,18.75,1.7437833e-05,1.3583238e-05
32.64199443851768,20.625,1.8144876e-05,1.2431922e-05
32.64199443851768,22.5,2.0119165e-05,1.2677647e-05
32.64199443851768,24.375,2.0992275e-05,1.2969006e-05
32.64199443851768,26.25,1.3560575e-05,8.538861e-06
32.64199443851768,28.125,1.1010463e-05,8.3232435e-06
32.64199443851768,30.0,1.5814034e-05,1.3363274e-05
32.64199443851768,31.875,2.6485917e-05,1.918658e-05
32.64199443851768,33.75,3.389391e-05,2.162116e-05
32.64199443851768,35.625,6.0322363e-06,4.967825e-06
32.64199443851768,37.5,5.3209433e-06,4.320091e-06
32.64199443851768,39.375,2.6376647e-06,3.7489235e-06
32.64199443851768,41.25,2.4376236e-06,4.719522e-06
32.64199443851768,43.125,2.269347e-06,4.959873e-06
32.64199443851768,45.0,3.3064464e-06,6.084702e-06
32.64199443851768,46.875,5.440439e-06,8.618421e-06
32.64199443851768,48.75,1.0567117e-05,1.3061583e-05
32.64199443851768,50.625,1.2163319e-05,1.4318439e-05
32.64199443851768,52.5,7.676899e-06,9.570623e-06
32.64199443851768,54.375,3.332173e-06,5.1285724e-06
32.64199443851768,56.25,2.24237e-06,3.924061e-06
32.64199443851768,58.125,2.4524734e-06,4.94603e-06
32.64199443851768,60.0,2.6087282e-06,5.444189e-06
32.64199443851768,61.875,2.9883006e-06,7.1183904e-06
32.64199443851768,63.75,4.354428e-06,9.334251e-06
32.64199443851768,65.625,7.667807e-06,1.2355613e-05
32.64199443851768,67.5,7.240509e-06,9.51306e-06
32.64199443851768,69.375,4.587713e-06,8.045209e-06
32.64199443851768,71.25,3.7702268e-06,7.203838e-06
32.64199443851768,73.125,4.3919354e-06,8.681429e-06
32.64199443851768,75.0,7.52894e-06,1.13982815e-05
32.64199443851768,76.875,1.9941246e-05,2.111471e-05
32.64199443851768,78.75,3.0808234e-05,2.3790128e-05
32.64199443851768,80.625,1.6069287e-05,9.0624435e-06
32.64199443851768,82.5,3.9215765e-06,2.6509506e-06
32.64199443851768,84.375,6.9011776e-07,7.4564866e-07
32.64199443851768,86.25,4.9998545e-07,7.6729486e-07
32.64199443851768,88.125,5.974436e-07,9.445784e-07
32.64199443851768,90.0,1.0838376e-06,1.3628811e-06
32.64199443851768,91.875,2.2666834e-06,2.4109263e-06
32.64199443851768,93.75,3.4496584e-06,3.3345877e-06
32.64199443851768,95.625,6.0839006e-06,4.747413e-06
32.64199443851768,97.5,8.511715e-06,5.926723e-06
32.64199443851768,99.375,1.0542275e-05,6.7992173e-06
32.64199443851768,101.25,1.5652271e-05,8.235277e-06
32.64199443851768,103.125,3.555639e-05,9.388124e-06
32.64199443851768,105.0,4.3342727e-05,1.6870923e-05
32.64199443851768,106.875,2.7073116e-05,1.3002217e-05
32.64199443851768,108.75,1.8723045e-05,1.0797521e-05
32.64199443851768,110.625,1.5770032e-05,1.0835951e-05
32.64199443851768,112.5,1.6454493e-05,1.32736905e-05
32.64199443851768,114.375,1.5322352e-05,1.4512557e-05
32.64199443851768,116.25,1.5066301e-05,1.43993475e-05
32.64199443851768,118.125,1.46401635e-05,1.4209343e-05
32.64199443851768,120.0,1.357758e-05,1.3406895e-05
32.64199443851768,121.875,1.285217e-05,1.2031936e-05
32.64199443851768,123.75,1.1633384e-05,1.048922e-05
32.64199443851768,125.625,1.3111532e-05,1.1562238e-05
32.64199443851768,127.5,1.4956563e-05,1.2420315e-05
32.64199443851768,129.375,1.8699984e-05,1.4714926e-05
32.64199443851768,131.25,2.4386418e-05,1.6297454e-05
32.64199443851768,133.125,2.9161085e-05,1.7314813e-05
32.64199443851768,135.0,3.2062846e-05,1.8341183e-05
32.64199443851768,136.875,3.182168e-05,1.9494826e-05
32.64199443851768,138.75,3.4496334e-05,2.0552376e-05
32.64199443851768,140.625,3.8981118e-05,1.972914e-05
32.64199443851768,142.5,4.4591558e-05,2.0160305e-05
32.64199443851768,144.375,4.6819685e-05,2.0880383e-05
32.64199443851768,146.25,5.055435e-05,2.2351225e-05
32.64199443851768,148.125,5.3383e-05,2.0947311e-05
32.64199443851768,150.0,5.1768002e-05,1.9728519e-05
32.64199443851768,151.875,5.1546525e-05,2.0106592e-05
32.64199443851768,153.75,5.3929947e-05,2.1658072e-05
32.64199443851768,155.625,5.206264e-05,2.1449556e-05
32.64199443851768,157.5,4.547501e-05,1.9707017e-05
32.64199443851768,159.375,4.4539673e-05,1.705368e-05
32.64199443851768,161.25,4.7423047e-05,1.7403721e-05
32.64199443851768,163.125,4.479505e-05,1.669973e-05
32.64199443851768,165.0,3.982478e-05,1.7618517e-05
32.64199443851768,166.875,3.763894e-05,1.7220307e-05
32.64199443851768,168.75,3.785716e-05,1.7011094e-05
32.64199443851768,170.625,3.7775935e-05,1.8526309e-05
32.64199443851768,172.5,3.5112553e-05,1.8990588e-05
32.64199443851768,174.375,3.317982e-05,1.9568817e-05
32.64199443851768,176.25,3.2418186e-05,1.830978e-05
32.64199443851768,178.125,3.3058943e-05,1.8157885e-05
32.64199443851768,180.0,3.0716747e-05,1.7124941e-05
32.64199443851768,181.875,3.0435236e-05,1.781496e-05
32.64199443851768,183.75,3.0042163e-05,1.5978474e-05
32.64199443851768,185.625,3.2171953e-05,1.69609e-05
32.64199443851768,187.5,3.482203e-05,1.933276e-05
32.64199443851768,189.375,3.493762e-05,2.1657452e-05
32.64199443851768,191.25,3.1398842e-05,2.0576435e-05
32.64199443851768,193.125,2.987416e-05,1.8986582e-05
32.64199443851768,195.0,3.2345477e-05,1.7940685e-05
32.64199443851768,196.875,3.331066e-05,1.8877281e-05
32.64199443851768,198.75,3.2327334e-05,1.9075522e-05
32.64199443851768,200.625,3.2618507e-05,1.8477724e-05
32.64199443851768,202.5,3.5977144e-05,1.9460926e-05
32.64199443851768,204.375,3.6386366e-05,2.1088548e-05
32.64199443851768,206.25,3.4406552e-05,2.315087e-05
32.64199443851768,208.125,3.366952e-05,2.3393968e-05
32.64199443851768,210.0,3.35108e-05,2.2783057e-05
32.64199443851768,211.875,2.94996e-05,1.9485868e-05
32.64199443851768,213.75,2.6540447e-05,1.762784e-05
32.64199443851768,215.625,2.6715752e-05,1.7937831e-05
32.64199443851768,217.5,2.6720943e-05,1.8002287e-05
32.64199443851768,219.375,2.4314397e-05,1.6722453e-05
32.64199443851768,221.25,1.981257e-05,1.5298569e-05
32.64199443851768,223.125,1.8354853e-05,1.5620459e-05
32.64199443851768,225.0,1.7959424e-05,1.5682612e-05
32.64199443851768,226.875,1.6021671e-05,1.41232895e-05
32.64199443851768,228.75,1.24219005e-05,1.0448685e-05
32.64199443851768,230.625,1.0476061e-05,9.004216e-06
32.64199443851768,232.5,9.180143e-06,8.068848e-06
32.64199443851768,234.375,7.797321e-06,7.597707e-06
32.64199443851768,236.25,6.3128787e-06,6.6409257e-06
32.64199443851768,238.125,6.7927863e-06,7.790285e-06
32.64199443851768,240.0,7.5193693e-06,9.890615e-06
32.64199443851768,241.875,9.060376e-06,1.1590291e-05
32.64199443851768,243.75,5.021173e-06,8.6402015e-06
32.64199443851768,245.625,5.6464423e-06,8.462113e-06
32.64199443851768,247.5,7.67066e-06,9.011914e-06
32.64199443851768,249.375,1.2122822e-05,1.13655815e-05
32.64199443851768,251.25,1.6293083e-05,1.4452435e-05
32.64199443851768,253.125,1.3048658e-05,1.24152075e-05
32.64199443851768,255.0,1.3028367e-05,1.2976879e-05
32.64199443851768,256.875,1.4682815e-05,1.3423669e-05
32.64199443851768,258.75,1.7229699e-05,1.4618531e-05
32.64199443851768,260.625,1.6696122e-05,1.427574e-05
32.64199443851768,262.5,1.8209272e-05,1.5675143e-05
32.64199443851768,264.375,2.2528162e-05,1.5585498e-05
32.64199443851768,266.25,2.8719402e-05,1.7353457e-05
32.64199443851768,268.125,2.6413836e-05,1.6065966e-05
32.64199443851768,270.0,2.3534616e-05,1.4344059e-05
32.64199443851768,271.875,2.5823763e-05,1.50141495e-05
32.64199443851768,273.75,2.8841878e-05,1.6178745e-05
32.64199443851768,275.625,2.5278907e-05,1.5825963e-05
32.64199443851768,277.5,2.046668e-05,1.5228449e-05
32.64199443851768,279.375,1.6149776e-05,1.3254658e-05
32.64199443851768,281.25,3.804554e-05,2.0393287e-05
32.64199443851768,283.125,4.639688e-05,2.118598e-05
32.64199443851768,285.0,4.863706e-05,2.1263104e-05
32.64199443851768,286.875,4.2861604e-05,1.8262102e-05
32.64199443851768,288.75,3.9646282e-05,1.7869814e-05
32.64199443851768,290.625,3.8513663e-05,1.6964445e-05
32.64199443851768,292.5,3.627462e-05,1.5821715e-05
32.64199443851768,294.375,3.293199e-05,1.384002e-05
32.64199443851768,296.25,3.2620384e-05,1.2692546e-05
32.64199443851768,298.125,3.5509805e-05,1.4775106e-05
32.64199443851768,300.0,3.7041624e-05,1.4754579e-05
32.64199443851768,301.875,3.6315687e-05,1.5469997e-05
32.64199443851768,303.75,3.6388436e-05,1.6491247e-05
32.64199443851768,305.625,3.8423583e-05,1.800826e-05
32.64199443851768,307.5,4.1061183e-05,1.8138633e-05
32.64199443851768,309.375,4.259293e-05,1.9094205e-05
32.64199443851768,311.25,4.6711626e-05,2.16102e-05
32.64199443851768,313.125,4.6547837e-05,2.1210115e-05
32.64199443851768,315.0,4.468822e-05,2.224364e-05
32.64199443851768,316.875,4.350503e-05,2.1196063e-05
32.64199443851768,318.75,4.0832427e-05,2.0696725e-05
32.64199443851768,320.625,3.958701e-05,1.991188e-05
32.64199443851768,322.5,4.2486932e-05,2.128816e-05
32.64199443851768,324.375,4.3957298e-05,2.3398823e-05
32.64199443851768,326.25,3.5279176e-05,2.0046298e-05
32.64199443851768,328.125,2.746447e-05,1.6668913e-05
32.64199443851768,330.0,2.587081e-05,1.7901264e-05
32.64199443851768,331.875,2.597512e-05,1.9398147e-05
32.64199443851768,333.75,2.3543862e-05,1.5599795e-05
32.64199443851768,335.625,1.9150953e-05,1.2900618e-05
32.64199443851768,337.5,1.4995853e-05,1.1154849e-05
32.64199443851768,339.375,1.3486799e-05,1.1032108e-05
32.64199443851768,341.25,1.37332e-05,1.133143e-05
32.64199443851768,343.125,1.36661265e-05,1.1211678e-05
32.64199443851768,345.0,1.1635757e-05,1.0440715e-05
32.64199443851768,346.875,1.1616738e-05,1.1412322e-05
32.64199443851768,348.75,1.5372983e-05,1.5269796e-05
32.64199443851768,350.625,2.0227328e-05,2.2275213e-05
32.64199443851768,352.5,8.706069e-06,8.9458135e-06
32.64199443851768,354.375,8.725011e-06,8.618924e-06
32.64199443851768,356.25,6.038585e-06,6.602924e-06
32.64199443851768,358.125,4.430438e-06,5.8778205e-06
34.50724334150103,0.0,1.0596275e-05,9.451527e-06
34.50724334150103,1.875,9.8004775e-06,8.380109e-06
34.50724334150103,3.75,7.4239815e-06,6.789177e-06
34.50724334150103,5.625,4.9752944e-06,5.581814e-06
34.50724334150103,7.5,3.7311113e-06,5.430427e-06
34.50724334150103,9.375,2.9635569e-06,4.427423e-06
34.50724334150103,11.25,1.8219876e-05,1.7435932e-05
34.50724334150103,13.125,1.861272e-05,1.46441525e-05
34.50724334150103,15.0,2.2913091e-05,1.6754135e-05
34.50724334150103,16.875,2.1181184e-05,1.48122945e-05
34.50724334150103,18.75,1.7671111e-05,1.2887771e-05
34.50724334150103,20.625,1.939273e-05,1.26606765e-05
34.50724334150103,22.5,2.3181807e-05,1.410894e-05
34.50724334150103,24.375,2.3451561e-05,1.708904e-05
34.50724334150103,26.25,1.9740191e-05,1.444501e-05
34.50724334150103,28.125,2.2336739e-05,1.5566262e-05
34.50724334150103,30.0,2.6910418e-05,1.7399745e-05
34.50724334150103,31.875,2.6843618e-05,1.798506e-05
34.50724334150103,33.75,3.1349897e-05,2.0476893e-05
34.50724334150103,35.625,3.8084854e-05,2.3032171e-05
34.50724334150103,37.5,6.658543e-06,5.3171993e-06
34.50724334150103,39.375,3.321197e-06,4.482718e-06
34.50724334150103,41.25,3.3499016e-06,4.992044e-06
34.50724334150103,43.125,3.8829444e-06,5.6498275e-06
34.50724334150103,45.0,6.305899e-06,8.264889e-06
34.50724334150103,46.875,1.3197526e-05,1.3258654e-05
34.50724334150103,48.75,1.733359e-05,1.549955e-05
34.50724334150103,50.625,1.007975e-05,9.175382e-06
34.50724334150103,52.5,6.1883766e-06,7.3615874e-06
34.50724334150103,54.375,3.2297028e-06,4.7483627e-06
34.50724334150103,56.25,3.7149491e-06,6.556372e-06
34.50724334150103,58.125,5.728074e-06,9.063885e-06
34.50724334150103,60.0,5.3125964e-06,8.882211e-06
34.50724334150103,61.875,5.975902e-06,1.09360835e-05
34.50724334150103,63.75,8.691444e-06,1.4303503e-05
34.50724334150103,65.625,1.15542825e-05,1.4110446e-05
34.50724334150103,67.5,1.0623937e-05,1.1145805e-05
34.50724334150103,69.375,8.794559e-06,1.2291176e-05
34.50724334150103,71.25,8.841791e-06,1.3109255e-05
34.50724334150103,73.125,1.2763805e-05,1.6847585e-05
34.50724334150103,75.0,2.8401926e-05,2.9832709e-05
34.50724334150103,76.875,3.273555e-05,2.2194017e-05
34.50724334150103,78.75,1.6845677e-05,6.923957e-06
34.50724334150103,80.625,5.291896e-06,2.4967633e-06
34.50724334150103,82.5,2.1964217e-06,1.3523954e-06
34.50724334150103,84.375,2.0505086e-06,1.206103e-06
34.50724334150103,86.25,3.1033276e-06,1.8274463e-06
34.50724334150103,88.125,3.8301678e-06,2.130538e-06
34.50724334150103,90.0,3.3190418e-06,2.0991702e-06
34.50724334150103,91.875,3.1231043e-06,2.2777185e-06
34.50724334150103,93.75,3.323043e-06,2.6137848e-06
34.50724334150103,95.625,3.288721e-06,2.4966314e-06
34.50724334150103,97.5,4.8367137e-06,3.40821e-06
34.50724334150103,99.375,9.166508e-06,5.413576e-06
34.50724334150103,101.25,1.4597238e-05,6.4253895e-06
34.50724334150103,103.125,2.1956866e-05,6.3461844e-06
34.50724334150103,105.0,2.5415917e-05,8.988484e-06
34.50724334150103,106.875,2.2550561e-05,1.0988115e-05
34.50724334150103,108.75,1.8324827e-05,1.0409442e-05
34.50724334150103,110.625,1.532662e-05,1.0509809e-05
34.50724334150103,112.5,1.3498564e-05,1.1290653e-05
34.50724334150103,114.375,1.2415254e-05,1.2399204e-05
34.50724334150103,116.25,1.2404856e-05,1.262007e-05
34.50724334150103,118.125,1.2892113e-05,1.256014e-05
34.50724334150103,120.0,1.4972812e-05,1.3044722e-05
34.50724334150103,121.875,1.2157909e-05,1.1318634e-05
34.50724334150103,123.75,1.1544778e-05,1.0925698e-05
34.50724334150103,125.625,9.612339e-06,1.0243424e-05
34.50724334150103,127.5,9.618987e-06,9.380745e-06
34.50724334150103,129.375,1.5298721e-05,1.087182e-05
34.50724334150103,131.25,1.1323718e-05,9.884245e-06
34.50724334150103,133.125,1.4511161e-05,1.1220443e-05
34.50724334150103,135.0,1.6722694e-05,1.2536268e-05
34.50724334150103,136.875,1.796762e-05,1.5050289e-05
34.50724334150103,138.75,3.8696806e-05,2.1966858e-05
34.50724334150103,140.625,4.1745443e-05,2.1665455e-05
34.50724334150103,142.5,4.5137658e-05,1.97947e-05
34.50724334150103,144.375,5.1436316e-05,1.9532783e-05
34.50724334150103,146.25,5.866956e-05,1.98117e-05
34.50724334150103,148.125,6.380271e-05,2.0910584e-05
34.50724334150103,150.0,6.2887484e-05,2.0513353e-05
34.50724334150103,151.875,6.003638e-05,1.9862488e-05
34.50724334150103,153.75,6.203541e-05,2.1081647e-05
34.50724334150103,155.625,6.0530798e-05,2.0239057e-05
34.50724334150103,157.5,5.3339732e-05,1.9010275e-05
34.50724334150103,159.375,4.8686197e-05,1.774259e-05
34.50724334150103,161.25,5.0831706e-05,1.7926404e-05
34.50724334150103,163.125,5.13273e-05,1.6197748e-05
34.50724334150103,165.0,4.746859e-05,1.5453266e-05
34.50724334150103,166.875,4.5279292e-05,1.5218011e-05
34.50724334150103,168.75,4.7345526e-05,1.7294087e-05
34.50724334150103,170.625,4.8752678e-05,1.8703375e-05
34.50724334150103,172.5,4.6969493e-05,1.9641735e-05
34.50724334150103,174.375,4.354216e-05,1.9369892e-05
34.50724334150103,176.25,3.8980685e-05,1.8741513e-05
34.50724334150103,178.125,3.7693564e-05,1.8518858e-05
34.50724334150103,180.0,3.9539635e-05,1.8189901e-05
34.50724334150103,181.875,3.9555427e-05,1.7315071e-05
34.50724334150103,183.75,3.4977522e-05,1.6671653e-05
34.50724334150103,185.625,3.3384917e-05,1.5700862e-05
34.50724334150103,187.5,3.6136975e-05,1.8643606e-05
34.50724334150103,189.375,4.0759198e-05,2.2203662e-05
34.50724334150103,191.25,3.91222e-05,2.3802953e-05
34.50724334150103,193.125,3.5792564e-05,2.2308162e-05
34.50724334150103,195.0,3.7684906e-05,1.9870833e-05
34.50724334150103,196.875,3.944093e-05,1.9340332e-05
34.50724334150103,198.75,3.8890506e-05,1.9926443e-05
34.50724334150103,200.625,3.897828e-05,2.1096406e-05
34.50724334150103,202.5,3.9027705e-05,1.895732e-05
34.50724334150103,204.375,4.0831426e-05,1.893043e-05
34.50724334150103,206.25,4.0301682e-05,2.1629396e-05
34.50724334150103,208.125,3.8980335e-05,2.3545741e-05
34.50724334150103,210.0,3.8330803e-05,2.2326894e-05
34.50724334150103,211.875,3.5362864e-05,2.1390766e-05
34.50724334150103,213.75,3.1215e-05,1.9610468e-05
34.50724334150103,215.625,3.0314293e-05,1.8730017e-05
34.50724334150103,217.5,3.11545e-05,1.9966546e-05
34.50724334150103,219.375,2.8740445e-05,1.9320205e-05
34.50724334150103,221.25,2.4595205e-05,1.743782e-05
34.50724334150103,223.125,2.4181447e-05,1.8626824e-05
34.50724334150103,225.0,2.3492781e-05,1.8739405e-05
34.50724334150103,226.875,1.9794323e-05,1.5268999e-05
34.50724334150103,228.75,1.5451715e-05,1.1485492e-05
34.50724334150103,230.625,1.3029659e-05,9.974175e-06
34.50724334150103,232.5,1.1091499e-05,8.089966e-06
34.50724334150103,234.375,8.754612e-06,6.572561e-06
34.50724334150103,236.25,8.540705e-06,8.502082e-06
34.50724334150103,238.125,1.2175198e-05,1.2761661e-05
34.50724334150103,240.0,9.217437e-06,1.1967425e-05
34.50724334150103,241.875,8.9581035e-06,1.24261705e-05
34.50724334150103,243.75,7.762488e-06,1.1079493e-05
34.50724334150103,245.625,8.005748e-06,1.0074539e-05
34.50724334150103,247.5,1.1163873e-05,1.1494015e-05
34.50724334150103,249.375,1.6899752e-05,1.4370923e-05
34.50724334150103,251.25,2.0435731e-05,1.5827147e-05
34.50724334150103,253.125,1.46612765e-05,1.27816675e-05
34.50724334150103,255.0,1.5328707e-05,1.2966345e-05
34.50724334150103,256.875,1.495462e-05,1.2343144e-05
34.50724334150103,258.75,1.5285246e-05,1.2584168e-05
34.50724334150103,260.625,1.5761561e-05,1.4713558e-05
34.50724334150103,262.5,1.9470197e-05,1.6897979e-05
34.50724334150103,264.375,2.5842786e-05,1.8129469e-05
34.50724334150103,266.25,2.9758345e-05,1.8356945e-05
34.50724334150103,268.125,2.9034907e-05,1.720153e-05
34.50724334150103,270.0,3.0346057e-05,1.7543982e-05
34.50724334150103,271.875,3.820431e-05,2.0734758e-05
34.50724334150103,273.75,4.2908872e-05,2.1418475e-05
34.50724334150103,275.625,3.7756083e-05,1.8282039e-05
34.50724334150103,277.5,2.8601331e-05,1.5868094e-05
34.50724334150103,279.375,2.3857596e-05,1.5000846e-05
34.50724334150103,281.25,2.0766473e-05,1.3276153e-05
34.50724334150103,283.125,3.7267513e-05,1.9000187e-05
34.50724334150103,285.0,5.2078405e-05,2.15014e-05
34.50724334150103,286.875,5.4132262e-05,1.8333682e-05
34.50724334150103,288.75,5.206505e-05,1.8025821e-05
34.50724334150103,290.625,5.3175343e-05,2.025272e-05
34.50724334150103,292.5,5.3624855e-05,1.9522826e-05
34.50724334150103,294.375,5.11357e-05,1.94805e-05
34.50724334150103,296.25,4.9508257e-05,1.818117e-05
34.50724334150103,298.125,5.112509e-05,1.8933595e-05
34.50724334150103,300.0,4.9641218e-05,1.7969469e-05
34.50724334150103,301.875,4.8598176e-05,1.9428873e-05
34.50724334150103,303.75,4.8979568e-05,1.991048e-05
34.50724334150103,305.625,4.882757e-05,2.0648733e-05
34.50724334150103,307.5,4.6648503e-05,1.7565188e-05
34.50724334150103,309.375,4.6693192e-05,1.73696e-05
34.50724334150103,311.25,4.292412e-05,1.6330652e-05
34.50724334150103,313.125,4.1281986e-05,1.5964542e-05
34.50724334150103,315.0,4.4257275e-05,1.8642528e-05
34.50724334150103,316.875,4.741921e-05,2.0994605e-05
34.50724334150103,318.75,4.775397e-05,2.1131978e-05
34.50724334150103,320.625,4.7156307e-05,2.034749e-05
34.50724334150103,322.5,4.8004145e-05,2.0425867e-05
34.50724334150103,324.375,4.2377804e-05,1.8831837e-05
34.50724334150103,326.25,3.46728e-05,1.6973989e-05
34.50724334150103,328.125,3.162821e-05,1.7553279e-05
34.50724334150103,330.0,3.5097837e-05,1.950255e-05
34.50724334150103,331.875,3.4467183e-05,1.9949937e-05
34.50724334150103,333.75,2.851101e-05,1.8800438e-05
34.50724334150103,335.625,2.2982498e-05,1.4738356e-05
34.50724334150103,337.5,2.1242318e-05,1.3368911e-05
34.50724334150103,339.375,2.1021702e-05,1.4511064e-05
34.50724334150103,341.25,1.8251025e-05,1.3374881e-05
34.50724334150103,343.125,1.6726264e-05,1.1926828e-05
34.50724334150103,345.0,1.592568e-05,1.1838503e-05
34.50724334150103,346.875,1.5449992e-05,1.1494111e-05
34.50724334150103,348.75,1.7734163e-05,1.3937117e-05
34.50724334150103,350.625,2.1614162e-05,1.8719049e-05
34.50724334150103,352.5,2.7152983e-05,2.5038988e-05
34.50724334150103,354.375,8.894096e-06,8.106417e-06
34.50724334150103,356.25,8.777047e-06,8.204263e-06
34.50724334150103,358.125,9.306001e-06,8.39323e-06
36.37249059281224,0.0,1.8865174e-05,1.4738999e-05
36.37249059281224,1.875,3.141515e-05,2.340148e-05
36.37249059281224,3.75,4.5310102e-05,2.8700173e-05
36.37249059281224,5.625,1.3862561e-05,8.685371e-06
36.37249059281224,7.5,9.0576805e-06,7.749933e-06
36.37249059281224,9.375,6.450537e-06,7.469164e-06
36.37249059281224,11.25,1.7796667e-05,1.3985133e-05
36.37249059281224,13.125,2.516628e-05,1.7833745e-05
36.37249059281224,15.0,3.0566523e-05,1.9527832e-05
36.37249059281224,16.875,2.4484336e-05,1.460788e-05
36.37249059281224,18.75,2.124179e-05,1.3219315e-05
36.37249059281224,20.625,2.6917658e-05,1.5366088e-05
36.37249059281224,22.5,3.0294284e-05,1.9779012e-05
36.37249059281224,24.375,2.7317386e-05,1.655223e-05
36.37249059281224,26.25,3.4492357e-05,2.1068914e-05
36.37249059281224,28.125,4.9064605e-05,2.6212718e-05
36.37249059281224,30.0,1.4760252e-05,1.0134881e-05
36.37249059281224,31.875,1.8752797e-05,1.2459137e-05
36.37249059281224,33.75,2.1732472e-05,1.4584737e-05
36.37249059281224,35.625,1.8291426e-05,1.3411583e-05
36.37249059281224,37.5,1.3967568e-05,1.2529014e-05
36.37249059281224,39.375,8.758148e-06,9.3326025e-06
36.37249059281224,41.25,6.9978732e-06,7.944531e-06
36.37249059281224,43.125,7.4892446e-06,7.807603e-06
36.37249059281224,45.0,1.3442555e-05,1.206031e-05
36.37249059281224,46.875,1.6767117e-05,1.3625529e-05
36.37249059281224,48.75,1.2858963e-05,1.0666058e-05
36.37249059281224,50.625,1.4230107e-05,1.2568542e-05
36.37249059281224,52.5,7.88522e-06,7.922712e-06
36.37249059281224,54.375,4.772051e-06,5.2172823e-06
36.37249059281224,56.25,5.6902245e-06,6.204959e-06
36.37249059281224,58.125,5.9204026e-06,6.6911457e-06
36.37249059281224,60.0,5.1806646e-06,6.718126e-06
36.37249059281224,61.875,5.6479853e-06,7.86868e-06
36.37249059281224,63.75,7.2767607e-06,9.203685e-06
36.37249059281224,65.625,1.0162855e-05,1.0493823e-05
36.37249059281224,67.5,1.1252496e-05,1.0949229e-05
36.37249059281224,69.375,1.3104826e-05,1.3452879e-05
36.37249059281224,71.25,1.677994e-05,1.731033e-05
36.37249059281224,73.125,1.9993535e-05,1.6703993e-05
36.37249059281224,75.0,1.546374e-05,9.769995e-06
36.37249059281224,76.875,6.912155e-06,4.0357727e-06
36.37249059281224,78.75,3.979462e-06,3.1075936e-06
36.37249059281224,80.625,5.821091e-06,3.9047145e-06
36.37249059281224,82.5,6.8516297e-06,4.068214e-06
36.37249059281224,84.375,1.2285329e-05,6.7647884e-06
36.37249059281224,86.25,1.6230277e-05,7.441454e-06
36.37249059281224,88.125,1.1245166e-05,3.8162493e-06
36.37249059281224,90.0,5.612359e-06,2.154056e-06
36.37249059281224,91.875,4.6462187e-06,2.2051804e-06
36.37249059281224,93.75,3.2398013e-06,1.7574396e-06
36.37249059281224,95.625,2.1639476e-06,1.4044465e-06
36.37249059281224,97.5,2.8701847e-06,1.798148e-06
36.37249059281224,99.375,6.61458e-06,3.6322622e-06
36.37249059281224,101.25,1.3011754e-05,5.5735627e-06
36.37249059281224,103.125,1.7443386e-05,7.309812e-06
36.37249059281224,105.0,1.4809571e-05,7.6130777e-06
36.37249059281224,106.875,1.2900255e-05,7.7203695e-06
36.37249059281224,108.75,1.3332316e-05,8.5215825e-06
36.37249059281224,110.625,1.2484267e-05,8.516201e-06
36.37249059281224,112.5,1.0149027e-05,8.310973e-06
36.37249059281224,114.375,8.9697605e-06,9.255988e-06
36.37249059281224,116.25,8.631891e-06,9.632383e-06
36.37249059281224,118.125,9.107845e-06,1.031622e-05
36.37249059281224,120.0,9.129287e-06,9.912361e-06
36.37249059281224,121.875,1.1029606e-05,1.0546515e-05
36.37249059281224,123.75,1.2681791e-05,1.1554055e-05
36.37249059281224,125.625,1.4681085e-05,1.2077105e-05
36.37249059281224,127.5,1.15498e-05,1.0999502e-05
36.37249059281224,129.375,2.134593e-05,1.3573099e-05
36.37249059281224,131.25,2.904221e-05,1.43144425e-05
36.37249059281224,133.125,4.0634124e-05,1.536422e-05
36.37249059281224,135.0,4.934335e-05,1.5080057e-05
36.37249059281224,136.875,2.670713e-05,1.1904852e-05
36.37249059281224,138.75,2.1161966e-05,1.3509949e-05
36.37249059281224,140.625,4.032904e-05,2.0447455e-05
36.37249059281224,142.5,4.2043048e-05,1.8700523e-05
36.37249059281224,144.375,5.0629806e-05,1.7641984e-05
36.37249059281224,146.25,6.3117935e-05,1.8797376e-05
36.37249059281224,148.125,7.2363044e-05,1.888762e-05
36.37249059281224,150.0,7.231255e-05,1.801147e-05
36.37249059281224,151.875,7.0098315e-05,1.690042e-05
36.37249059281224,153.75,7.181862e-05,1.819351e-05
36.37249059281224,155.625,7.278202e-05,1.8299801e-05
36.37249059281224,157.5,6.886504e-05,1.7562748e-05
36.37249059281224,159.375,6.280033e-05,1.6656022e-05
36.37249059281224,161.25,6.0088205e-05,1.6132224e-05
36.37249059281224,163.125,5.8510806e-05,1.5804671e-05
36.37249059281224,165.0,5.8159454e-05,1.6120752e-05
36.37249059281224,166.875,5.743924e-05,1.6588992e-05
36.37249059281224,168.75,5.543575e-05,1.6643124e-05
36.37249059281224,170.625,5.4133376e-05,1.8643148e-05
36.37249059281224,172.5,5.729339e-05,1.9804223e-05
36.37249059281224,174.375,5.537549e-05,1.8924786e-05
36.37249059281224,176.25,4.763896e-05,1.8752204e-05
36.37249059281224,178.125,4.2549298e-05,1.7104814e-05
36.37249059281224,180.0,4.5589342e-05,1.7559414e-05
36.37249059281224,181.875,4.9988503e-05,1.8206585e-05
36.37249059281224,183.75,4.6681136e-05,1.7327415e-05
36.37249059281224,185.625,4.1025636e-05,1.753579e-05
36.37249059281224,187.5,4.1775653e-05,2.0443105e-05
36.37249059281224,189.375,4.5310295e-05,2.0789967e-05
36.37249059281224,191.25,4.4704193e-05,1.9647623e-05
36.37249059281224,193.125,4.2333955e-05,1.9887242e-05
36.37249059281224,195.0,4.203082e-05,1.9964065e-05
36.37249059281224,196.875,4.485592e-05,2.0613454e-05
36.37249059281224,198.75,4.443205e-05,1.9719531e-05
36.37249059281224,200.625,4.332469e-05,2.0219108e-05
36.37249059281224,202.5,4.4952358e-05,2.1962032e-05
36.37249059281224,204.375,4.6833666e-05,2.0988113e-05
36.37249059281224,206.25,4.5030763e-05,1.9466757e-05
36.37249059281224,208.125,4.34965e-05,2.3047804e-05
36.37249059281224,210.0,4.358392e-05,2.3390365e-05
36.37249059281224,211.875,4.1903717e-05,2.3333796e-05
36.37249059281224,213.75,3.9673912e-05,2.1806278e-05
36.37249059281224,215.625,3.644246e-05,1.928735e-05
36.37249059281224,217.5,3.3488046e-05,1.9594354e-05
36.37249059281224,219.375,3.135526e-05,1.887446e-05
36.37249059281224,221.25,3.022722e-05,1.853082e-05
36.37249059281224,223.125,2.882511e-05,1.790079e-05
36.37249059281224,225.0,2.7911654e-05,1.852226e-05
36.37249059281224,226.875,2.5281734e-05,1.7447686e-05
36.37249059281224,228.75,2.089941e-05,1.4256575e-05
36.37249059281224,230.625,1.7529339e-05,1.25749875e-05
36.37249059281224,232.5,1.3976682e-05,9.442649e-06
36.37249059281224,234.375,1.11296595e-05,8.526564e-06
36.37249059281224,236.25,1.3458658e-05,1.2247929e-05
36.37249059281224,238.125,2.2055205e-05,2.06206e-05
36.37249059281224,240.0,1.8041319e-05,1.8015715e-05
36.37249059281224,241.875,1.7825902e-05,1.7753999e-05
36.37249059281224,243.75,1.3183375e-05,1.3676624e-05
36.37249059281224,245.625,1.1794406e-05,1.1466376e-05
36.37249059281224,247.5,1.4557178e-05,1.27151325e-05
36.37249059281224,249.375,1.922073e-05,1.4526983e-05
36.37249059281224,251.25,2.0661439e-05,1.3031635e-05
36.37249059281224,253.125,1.4432899e-05,9.631315e-06
36.37249059281224,255.0,1.3622461e-05,1.0127518e-05
36.37249059281224,256.875,1.5195775e-05,1.098628e-05
36.37249059281224,258.75,1.5116388e-05,1.2090095e-05
36.37249059281224,260.625,1.5631487e-05,1.4065043e-05
36.37249059281224,262.5,1.9874471e-05,1.5873691e-05
36.37249059281224,264.375,2.6530433e-05,1.7396476e-05
36.37249059281224,266.25,2.9448453e-05,1.7261405e-05
36.37249059281224,268.125,3.05399e-05,1.8885932e-05
36.37249059281224,270.0,3.4431014e-05,2.1452675e-05
36.37249059281224,271.875,4.1765416e-05,2.4173618e-05
36.37249059281224,273.75,4.370522e-05,2.2353273e-05
36.37249059281224,275.625,3.844504e-05,1.8113484e-05
36.37249059281224,277.5,3.618148e-05,1.7122316e-05
36.37249059281224,279.375,3.2814838e-05,1.7151357e-05
36.37249059281224,281.25,2.7930466e-05,1.6398282e-05
36.37249059281224,283.125,2.1918218e-05,1.39425165e-05
36.37249059281224,285.0,3.834784e-05,1.8943949e-05
36.37249059281224,286.875,6.194538e-05,2.1664673e-05
36.37249059281224,288.75,7.097251e-05,1.9681169e-05
36.37249059281224,290.625,7.031332e-05,2.0286383e-05
36.37249059281224,292.5,7.047201e-05,2.1347172e-05
36.37249059281224,294.375,7.084785e-05,2.2230453e-05
36.37249059281224,296.25,6.897509e-05,2.0601161e-05
36.37249059281224,298.125,6.914497e-05,2.1004982e-05
36.37249059281224,300.0,7.191891e-05,2.2758348e-05
36.37249059281224,301.875,7.5495955e-05,2.4370813e-05
36.37249059281224,303.75,7.458112e-05,2.6024603e-05
36.37249059281224,305.625,7.2545045e-05,2.4487506e-05
36.37249059281224,307.5,7.329182e-05,2.6236521e-05
36.37249059281224,309.375,6.853245e-05,2.2928994e-05
36.37249059281224,311.25,6.095734e-05,2.0731484e-05
36.37249059281224,313.125,5.670474e-05,2.0746074e-05
36.37249059281224,315.0,5.638362e-05,2.1677899e-05
36.37249059281224,316.875,5.4511893e-05,1.9915722e-05
36.37249059281224,318.75,5.0836476e-05,1.8900979e-05
36.37249059281224,320.625,4.8222286e-05,1.8196282e-05
36.37249059281224,322.5,4.5015207e-05,1.718135e-05
36.37249059281224,324.375,4.283193e-05,1.78987e-05
36.37249059281224,326.25,4.0986528e-05,1.8457162e-05
36.37249059281224,328.125,3.919388e-05,1.6836868e-05
36.37249059281224,330.0,3.992453e-05,1.8227058e-05
36.37249059281224,331.875,3.5035187e-05,1.7856519e-05
36.37249059281224,333.75,2.8504632e-05,1.6286755e-05
36.37249059281224,335.625,2.6884454e-05,1.7891854e-05
36.37249059281224,337.5,2.858623e-05,1.5450561e-05
36.37249059281224,339.375,2.7031945e-05,1.39146705e-05
36.37249059281224,341.25,2.0487485e-05,1.27407375e-05
36.37249059281224,343.125,1.9170102e-05,1.3481576e-05
36.37249059281224,345.0,2.151716e-05,1.4388687e-05
36.37249059281224,346.875,1.9304121e-05,1.2207761e-05
36.37249059281224,348.75,1.7826165e-05,1.2075938e-05
36.37249059281224,350.625,2.3664843e-05,1.8701809e-05
36.37249059281224,352.5,3.0442146e-05,2.4239424e-05
36.37249059281224,354.375,1.20628265e-05,1.1170241e-05
36.37249059281224,356.25,2.265829e-05,1.7917355e-05
36.37249059281224,358.125,1.4937385e-05,1.194616e-05
38.23773599056483,0.0,1.4229722e-05,1.1216625e-05
38.23773599056483,1.875,1.2908824e-05,1.07126725e-05
38.23773599056483,3.75,2.5027271e-05,1.833485e-05
38.23773599056483,5.625,3.651412e-05,2.3523542e-05
38.23773599056483,7.5,3.4814126e-05,2.043337e-05
38.23773599056483,9.375,2.4432265e-05,1.3548846e-05
38.23773599056483,11.25,2.6688436e-05,1.5889207e-05
38.23773599056483,13.125,3.1013715e-05,1.8194823e-05
38.23773599056483,15.0,2.9650133e-05,1.6079102e-05
38.23773599056483,16.875,2.6084492e-05,1.3809022e-05
38.23773599056483,18.75,3.0079116e-05,1.5215496e-05
38.23773599056483,20.625,3.6598594e-05,1.9692545e-05
38.23773599056483,22.5,1.1784587e-05,8.645316e-06
38.23773599056483,24.375,3.7990925e-05,2.2281529e-05
38.23773599056483,26.25,4.482169e-05,2.4248417e-05
38.23773599056483,28.125,2.493322e-05,1.4453881e-05
38.23773599056483,30.0,3.117316e-05,1.7087676e-05
38.23773599056483,31.875,2.9174971e-05,1.5303747e-05
38.23773599056483,33.75,2.639235e-05,1.4313164e-05
38.23773599056483,35.625,2.6125736e-05,1.583813e-05
38.23773599056483,37.5,2.488051e-05,1.5976584e-05
38.23773599056483,39.375,2.2441163e-05,1.6135245e-05
38.23773599056483,41.25,1.8036651e-05,1.4073478e-05
38.23773599056483,43.125,1.7926099e-05,1.370325e-05
38.23773599056483,45.0,1.630317e-05,1.1788787e-05
38.23773599056483,46.875,1.2299937e-05,9.607048e-06
38.23773599056483,48.75,1.7003802e-05,1.2369141e-05
38.23773599056483,50.625,1.7808157e-05,1.200138e-05
38.23773599056483,52.5,7.983554e-06,6.5736126e-06
38.23773599056483,54.375,3.63824e-06,3.724e-06
38.23773599056483,56.25,4.988802e-06,4.5613724e-06
38.23773599056483,58.125,2.931556e-06,3.6823822e-06
38.23773599056483,60.0,2.50827e-06,3.876936e-06
38.23773599056483,61.875,2.2905608e-06,3.4287036e-06
38.23773599056483,63.75,3.4546188e-06,4.608339e-06
38.23773599056483,65.625,6.641506e-06,7.970696e-06
38.23773599056483,67.5,1.4286376e-05,1.43088455e-05
38.23773599056483,69.375,2.3772474e-05,1.9879462e-05
38.23773599056483,71.25,2.9077897e-05,2.0906142e-05
38.23773599056483,73.125,1.5454903e-05,8.012013e-06
38.23773599056483,75.0,4.603791e-06,3.2674918e-06
38.23773599056483,76.875,4.213847e-06,3.5759483e-06
38.23773599056483,78.75,2.4643703e-06,2.7785459e-06
38.23773599056483,80.625,1.3249453e-06,1.8082501e-06
38.23773599056483,82.5,1.4183433e-06,2.1732365e-06
38.23773599056483,84.375,2.7124875e-06,2.8159236e-06
38.23773599056483,86.25,4.8419674e-06,3.636465e-06
38.23773599056483,88.125,6.8854074e-06,4.389392e-06
38.23773599056483,90.0,7.771458e-06,4.4910876e-06
38.23773599056483,91.875,7.099459e-06,4.0401565e-06
38.23773599056483,93.75,6.5970635e-06,4.31533e-06
38.23773599056483,95.625,7.1684453e-06,4.5714482e-06
38.23773599056483,97.5,6.1433257e-06,3.3506888e-06
38.23773599056483,99.375,4.8752454e-06,3.275971e-06
38.23773599056483,101.25,7.367837e-06,5.145204e-06
38.23773599056483,103.125,6.7507312e-06,5.5268556e-06
38.23773599056483,105.0,4.821507e-06,4.618546e-06
38.23773599056483,106.875,5.804e-06,5.258566e-06
38.23773599056483,108.75,7.607781e-06,6.6169605e-06
38.23773599056483,110.625,7.4540776e-06,6.6548314e-06
38.23773599056483,112.5,7.0324527e-06,6.656983e-06
38.23773599056483,114.375,6.349126e-06,7.4942777e-06
38.23773599056483,116.25,6.286236e-06,7.807631e-06
38.23773599056483,118.125,5.9282056e-06,6.883452e-06
38.23773599056483,120.0,6.4204014e-06,6.751238e-06
38.23773599056483,121.875,7.297312e-06,7.157538e-06
38.23773599056483,123.75,1.3202345e-05,9.439938e-06
38.23773599056483,125.625,1.0818792e-05,9.8399305e-06
38.23773599056483,127.5,1.2420139e-05,1.0615603e-05
38.23773599056483,129.375,2.4766063e-05,1.4529147e-05
38.23773599056483,131.25,2.8938173e-05,1.2671813e-05
38.23773599056483,133.125,3.43458e-05,1.2623092e-05
38.23773599056483,135.0,5.128406e-05,1.8770654e-05
38.23773599056483,136.875,5.8086087e-05,1.644133e-05
38.23773599056483,138.75,5.467938e-05,1.3578674e-05
38.23773599056483,140.625,2.0474752e-05,1.1297907e-05
38.23773599056483,142.5,4.083612e-05,1.733198e-05
38.23773599056483,144.375,5.1238414e-05,1.5714746e-05
38.23773599056483,146.25,6.701438e-05,1.6118705e-05
38.23773599056483,148.125,7.752437e-05,1.7536671e-05
38.23773599056483,150.0,7.758545e-05,1.8053912e-05
38.23773599056483,151.875,7.3295174e-05,1.7684733e-05
38.23773599056483,153.75,7.618399e-05,2.0041398e-05
38.23773599056483,155.625,8.038296e-05,1.8779656e-05
38.23773599056483,157.5,8.130189e-05,1.8142235e-05
38.23773599056483,159.375,7.864637e-05,1.6981607e-05
38.23773599056483,161.25,7.177275e-05,1.759774e-05
38.23773599056483,163.125,6.683724e-05,1.684177e-05
38.23773599056483,165.0,6.8247886e-05,1.7221115e-05
38.23773599056483,166.875,6.926217e-05,1.7443952e-05
38.23773599056483,168.75,6.4868225e-05,1.7919068e-05
38.23773599056483,170.625,5.8599377e-05,1.8433951e-05
38.23773599056483,172.5,6.138597e-05,1.9718336e-05
38.23773599056483,174.375,6.540343e-05,1.9314655e-05
38.23773599056483,176.25,6.0385562e-05,1.7887289e-05
38.23773599056483,178.125,5.0398838e-05,1.6593149e-05
38.23773599056483,180.0,4.9685026e-05,1.7464858e-05
38.23773599056483,181.875,5.4806656e-05,1.7003933e-05
38.23773599056483,183.75,5.7752317e-05,1.7771024e-05
38.23773599056483,185.625,5.2665288e-05,1.8591618e-05
38.23773599056483,187.5,4.9922135e-05,1.9422601e-05
38.23773599056483,189.375,5.0684448e-05,2.0492487e-05
38.23773599056483,191.25,5.0622224e-05,2.0113972e-05
38.23773599056483,193.125,4.8149723e-05,1.8888037e-05
38.23773599056483,195.0,4.7106147e-05,1.8100909e-05
38.23773599056483,196.875,4.88907e-05,2.0738067e-05
38.23773599056483,198.75,4.955705e-05,2.1180262e-05
38.23773599056483,200.625,4.8295766e-05,1.983606e-05
38.23773599056483,202.5,5.1325373e-05,2.1703176e-05
38.23773599056483,204.375,5.358222e-05,2.3149494e-05
38.23773599056483,206.25,5.1494902e-05,2.155345e-05
38.23773599056483,208.125,4.7415117e-05,2.2032307e-05
38.23773599056483,210.0,4.5051514e-05,2.2797345e-05
38.23773599056483,211.875,4.6122335e-05,2.3957398e-05
38.23773599056483,213.75,4.597797e-05,2.3265418e-05
38.23773599056483,215.625,4.2966687e-05,2.0574944e-05
38.23773599056483,217.5,4.0196985e-05,1.9625386e-05
38.23773599056483,219.375,3.8609538e-05,1.9706516e-05
38.23773599056483,221.25,3.7223926e-05,1.9016421e-05
38.23773599056483,223.125,3.358971e-05,1.7436358e-05
38.23773599056483,225.0,3.0981428e-05,1.6598475e-05
38.23773599056483,226.875,2.9922543e-05,1.7493967e-05
38.23773599056483,228.75,2.9427507e-05,1.7320413e-05
38.23773599056483,230.625,2.538999e-05,1.5187363e-05
38.23773599056483,232.5,2.0087087e-05,1.3685116e-05
38.23773599056483,234.375,1.9384493e-05,1.42716035e-05
38.23773599056483,236.25,2.7798797e-05,2.3338618e-05
38.23773599056483,238.125,2.8260978e-05,2.6437721e-05
38.23773599056483,240.0,3.279719e-05,2.911865e-05
38.23773599056483,241.875,2.447356e-05,2.0560983e-05
38.23773599056483,243.75,1.4803792e-05,1.2449116e-05
38.23773599056483,245.625,1.1661891e-05,9.429242e-06
38.23773599056483,247.5,1.6371894e-05,1.2319655e-05
38.23773599056483,249.375,1.9476747e-05,1.3024172e-05
38.23773599056483,251.25,1.8928558e-05,1.0734487e-05
38.23773599056483,253.125,1.2313864e-05,7.1456534e-06
38.23773599056483,255.0,1.1410804e-05,8.060885e-06
38.23773599056483,256.875,1.4955233e-05,1.0239031e-05
38.23773599056483,258.75,1.5649115e-05,1.1465478e-05
38.23773599056483,260.625,1.6427017e-05,1.2144848e-05
38.23773599056483,262.5,2.0224907e-05,1.4330973e-05
38.23773599056483,264.375,2.4100402e-05,1.5548338e-05
38.23773599056483,266.25,2.5066234e-05,1.4946228e-05
38.23773599056483,268.125,2.7034443e-05,1.5751453e-05
38.23773599056483,270.0,3.2567947e-05,1.9371244e-05
38.23773599056483,271.875,3.777384e-05,2.2871547e-05
38.23773599056483,273.75,3.8717062e-05,2.2456381e-05
38.23773599056483,275.625,3.9130926e-05,2.0427657e-05
38.23773599056483,277.5,4.3446653e-05,1.9992875e-05
38.23773599056483,279.375,3.8062015e-05,1.7247117e-05
38.23773599056483,281.25,3.0535277e-05,1.5358155e-05
38.23773599056483,283.125,2.4669695e-05,1.4012877e-05
38.23773599056483,285.0,3.150062e-05,1.6352351e-05
38.23773599056483,286.875,5.6878864e-05,2.1565987e-05
38.23773599056483,288.75,7.059283e-05,2.155187e-05
38.23773599056483,290.625,6.944509e-05,1.9653347e-05
38.23773599056483,292.5,7.06261e-05,1.9987854e-05
38.23773599056483,294.375,7.665419e-05,2.1590247e-05
38.23773599056483,296.25,7.818131e-05,2.1565282e-05
38.23773599056483,298.125,7.641714e-05,2.2200642e-05
38.23773599056483,300.0,8.4508785e-05,2.4402252e-05
38.23773599056483,301.875,9.3046576e-05,2.5429144e-05
38.23773599056483,303.75,9.2607326e-05,2.507611e-05
38.23773599056483,305.625,8.8257475e-05,2.5852665e-05
38.23773599056483,307.5,9.528981e-05,2.858162e-05
38.23773599056483,309.375,9.972247e-05,3.0661562e-05
38.23773599056483,311.25,9.410706e-05,3.1163283e-05
38.23773599056483,313.125,8.158459e-05,3.072874e-05
38.23773599056483,315.0,7.5084856e-05,2.8510762e-05
38.23773599056483,316.875,6.681934e-05,2.2130498e-05
38.23773599056483,318.75,5.6324163e-05,1.8558854e-05
38.23773599056483,320.625,5.0004077e-05,1.697115e-05
38.23773599056483,322.5,4.8962534e-05,1.770559e-05
38.23773599056483,324.375,4.8879334e-05,1.864288e-05
38.23773599056483,326.25,4.4276378e-05,1.6594886e-05
38.23773599056483,328.125,4.449339e-05,1.6254708e-05
38.23773599056483,330.0,4.447109e-05,1.840611e-05
38.23773599056483,331.875,3.8413076e-05,1.6254024e-05
38.23773599056483,333.75,3.466611e-05,1.6552774e-05
38.23773599056483,335.625,3.5627825e-05,1.876153e-05
38.23773599056483,337.5,3.7527283e-05,1.7284425e-05
38.23773599056483,339.375,3.3020875e-05,1.5465506e-05
38.23773599056483,341.25,2.6232789e-05,1.4296426e-05
38.23773599056483,343.125,2.378582e-05,1.4614269e-05
38.23773599056483,345.0,2.3833873e-05,1.4674202e-05
38.23773599056483,346.875,2.3045866e-05,1.4711852e-05
38.23773599056483,348.75,2.351684e-05,1.4577161e-05
38.23773599056483,350.625,4.0662446e-05,2.8647875e-05
38.23773599056483,352.5,2.6389896e-05,2.1476311e-05
38.23773599056483,354.375,2.6418851e-05,2.0813586e-05
38.23773599056483,356.25,1.7340728e-05,1.3398001e-05
38.23773599056483,358.125,7.2122375e-06,6.4807023e-06
40.1029793042494,0.0,9.82932e-06,9.046489e-06
40.1029793042494,1.875,1.8975239e-05,1.6341828e-05
40.1029793042494,3.75,1.7438124e-05,1.5013478e-05
40.1029793042494,5.625,1.9851961e-05,1.5728641e-05
40.1029793042494,7.5,2.2349395e-05,1.5113208e-05
40.1029793042494,9.375,2.8468436e-05,1.7473785e-05
40.1029793042494,11.25,3.340141e-05,2.0155498e-05
40.1029793042494,13.125,3.3536042e-05,1.982617e-05
40.1029793042494,15.0,3.4326178e-05,1.9538335e-05
40.1029793042494,16.875,4.4058237e-05,2.17378e-05
40.1029793042494,18.75,5.2556872e-05,2.8444774e-05
40.1029793042494,20.625,2.1834374e-05,1.41065875e-05
40.1029793042494,22.5,2.1408085e-05,1.308071e-05
40.1029793042494,24.375,4.331786e-05,2.2244903e-05
40.1029793042494,26.25,3.649487e-05,1.9168783e-05
40.1029793042494,28.125,6.442887e-05,3.0207146e-05
40.1029793042494,30.0,3.0589996e-05,1.7457378e-05
40.1029793042494,31.875,3.2852553e-05,1.7268088e-05
40.1029793042494,33.75,2.7602173e-05,1.37106e-05
40.1029793042494,35.625,2.6730186e-05,1.3905523e-05
40.1029793042494,37.5,3.0997344e-05,1.5350895e-05
40.1029793042494,39.375,2.9955161e-05,1.4081911e-05
40.1029793042494,41.25,2.783873e-05,1.2674443e-05
40.1029793042494,43.125,1.9889083e-05,9.446995e-06
40.1029793042494,45.0,1.0701956e-05,7.619682e-06
40.1029793042494,46.875,1.3872385e-05,1.012264e-05
40.1029793042494,48.75,1.3296251e-05,9.731531e-06
40.1029793042494,50.625,5.792498e-06,5.059522e-06
40.1029793042494,52.5,3.6621832e-06,3.8249223e-06
40.1029793042494,54.375,2.0191362e-06,2.4315148e-06
40.1029793042494,56.25,2.1475137e-06,2.4913468e-06
40.1029793042494,58.125,1.7452426e-06,2.5688848e-06
40.1029793042494,60.0,2.0021066e-06,3.0625372e-06
40.1029793042494,61.875,3.631554e-06,4.6456375e-06
40.1029793042494,63.75,5.6315016e-06,6.1731043e-06
40.1029793042494,65.625,7.686806e-06,8.071042e-06
40.1029793042494,67.5,1.29642085e-05,1.24357875e-05
40.1029793042494,69.375,2.692433e-05,2.1601603e-05
40.1029793042494,71.25,3.0957963e-05,2.053093e-05
40.1029793042494,73.125,1.5999909e-05,8.287393e-06
40.1029793042494,75.0,5.487462e-06,4.0042623e-06
40.1029793042494,76.875,3.6075749e-06,3.273515e-06
40.1029793042494,78.75,1.0774829e-06,1.4732135e-06
40.1029793042494,80.625,3.969505e-07,1.0031616e-06
40.1029793042494,82.5,2.793742e-07,1.026302e-06
40.1029793042494,84.375,3.0782132e-07,8.594957e-07
40.1029793042494,86.25,4.5875248e-07,9.554066e-07
40.1029793042494,88.125,8.9189285e-07,1.2766259e-06
40.1029793042494,90.0,1.4795925e-06,1.6664262e-06
40.1029793042494,91.875,2.0708464e-06,2.0765349e-06
40.1029793042494,93.75,3.9738375e-06,3.088433e-06
40.1029793042494,95.625,6.0340553e-06,4.2118227e-06
40.1029793042494,97.5,5.2208784e-06,3.5810983e-06
40.1029793042494,99.375,2.0177856e-06,2.4037627e-06
40.1029793042494,101.25,1.7348691e-06,2.332777e-06
40.1029793042494,103.125,1.2816362e-06,2.0244497e-06
40.1029793042494,105.0,1.7521437e-06,2.3729986e-06
40.1029793042494,106.875,2.6834757e-06,3.051829e-06
40.1029793042494,108.75,3.8436065e-06,3.944022e-06
40.1029793042494,110.625,4.6604964e-06,4.5069046e-06
40.1029793042494,112.5,5.187802e-06,5.0049284e-06
40.1029793042494,114.375,5.2388345e-06,5.504142e-06
40.1029793042494,116.25,5.0288304e-06,6.8593795e-06
40.1029793042494,118.125,4.8433985e-06,6.5700974e-06
40.1029793042494,120.0,5.2705054e-06,6.6095017e-06
40.1029793042494,121.875,6.5629056e-06,6.813566e-06
40.1029793042494,123.75,8.737063e-06,7.204795e-06
40.1029793042494,125.625,1.1893448e-05,8.81409e-06
40.1029793042494,127.5,1.3487236e-05,9.958228e-06
40.1029793042494,129.375,2.870959e-05,1.4123215e-05
40.1029793042494,131.25,2.6716934e-05,1.1753518e-05
40.1029793042494,133.125,2.3522738e-05,1.0361773e-05
40.1029793042494,135.0,2.9427687e-05,1.1666807e-05
40.1029793042494,136.875,3.818336e-05,1.3366416e-05
40.1029793042494,138.75,4.9706137e-05,1.4190357e-05
40.1029793042494,140.625,2.1900394e-05,9.73626e-06
40.1029793042494,142.5,4.57217e-05,1.4778493e-05
40.1029793042494,144.375,5.3584205e-05,1.4615345e-05
40.1029793042494,146.25,6.295542e-05,1.7627348e-05
40.1029793042494,148.125,6.97947e-05,2.153231e-05
40.1029793042494,150.0,6.948853e-05,2.2292224e-05
40.1029793042494,151.875,6.758841e-05,1.9611893e-05
40.1029793042494,153.75,6.9347836e-05,1.9882382e-05
40.1029793042494,155.625,7.271157e-05,2.1243843e-05
40.1029793042494,157.5,7.9514226e-05,1.9235504e-05
40.1029793042494,159.375,8.388251e-05,1.9398234e-05
40.1029793042494,161.25,7.8491e-05,1.8423743e-05
40.1029793042494,163.125,7.086296e-05,1.750495e-05
40.1029793042494,165.0,6.8891e-05,1.7232096e-05
40.1029793042494,166.875,7.290522e-05,1.854354e-05
40.1029793042494,168.75,7.094414e-05,1.8607605e-05
40.1029793042494,170.625,6.465706e-05,1.7904544e-05
40.1029793042494,172.5,6.355205e-05,1.8680945e-05
40.1029793042494,174.375,7.010754e-05,1.9195293e-05
40.1029793042494,176.25,7.166149e-05,1.862108e-05
40.1029793042494,178.125,6.349162e-05,1.6973485e-05
40.1029793042494,180.0,5.621649e-05,1.6198348e-05
40.1029793042494,181.875,5.7721165e-05,1.6597654e-05
40.1029793042494,183.75,5.996894e-05,1.7052576e-05
40.1029793042494,185.625,5.825092e-05,1.7179664e-05
40.1029793042494,187.5,5.522081e-05,1.7251192e-05
40.1029793042494,189.375,5.5651533e-05,1.8658968e-05
40.1029793042494,191.25,5.6165234e-05,1.9703279e-05
40.1029793042494,193.125,5.5344753e-05,1.950673e-05
40.1029793042494,195.0,5.441627e-05,1.8874243e-05
40.1029793042494,196.875,5.618469e-05,2.0048867e-05
40.1029793042494,198.75,5.5550383e-05,2.1811844e-05
40.1029793042494,200.625,5.504929e-05,2.158922e-05
40.1029793042494,202.5,5.4304997e-05,2.0507703e-05
40.1029793042494,204.375,5.598205e-05,2.2250735e-05
40.1029793042494,206.25,5.6660763e-05,2.1749302e-05
40.1029793042494,208.125,5.406482e-05,2.0496926e-05
40.1029793042494,210.0,5.0735493e-05,2.1441256e-05
40.1029793042494,211.875,4.960347e-05,2.3342038e-05
40.1029793042494,213.75,4.7606736e-05,2.186691e-05
40.1029793042494,215.625,4.7075282e-05,2.1824751e-05
40.1029793042494,217.5,4.7195073e-05,2.140608e-05
40.1029793042494,219.375,4.6454043e-05,2.1391294e-05
40.1029793042494,221.25,4.468728e-05,2.0928903e-05
40.1029793042494,223.125,3.9373845e-05,1.8770428e-05
40.1029793042494,225.0,3.5563662e-05,1.7715567e-05
40.1029793042494,226.875,3.680005e-05,1.939766e-05
40.1029793042494,228.75,3.7605463e-05,1.9265462e-05
40.1029793042494,230.625,3.247069e-05,1.693588e-05
40.1029793042494,232.5,3.0179024e-05,1.69908e-05
40.1029793042494,234.375,4.063976e-05,2.615663e-05
40.1029793042494,236.25,4.5008248e-05,3.3000957e-05
40.1029793042494,238.125,5.2971976e-05,4.031836e-05
40.1029793042494,240.0,4.072194e-05,2.9890585e-05
40.1029793042494,241.875,2.2530348e-05,1.4723106e-05
40.1029793042494,243.75,1.0778355e-05,6.78315e-06
40.1029793042494,245.625,1.2153623e-05,7.8305e-06
40.1029793042494,247.5,1.9080395e-05,1.1288431e-05
40.1029793042494,249.375,2.2679516e-05,1.26201e-05
40.1029793042494,251.25,1.9880985e-05,9.5402975e-06
40.1029793042494,253.125,1.2327026e-05,6.380707e-06
40.1029793042494,255.0,1.3104695e-05,7.29861e-06
40.1029793042494,256.875,1.667908e-05,9.445883e-06
40.1029793042494,258.75,1.6879181e-05,1.0877602e-05
40.1029793042494,260.625,1.7031327e-05,1.1594437e-05
40.1029793042494,262.5,1.9512981e-05,1.2722733e-05
40.1029793042494,264.375,2.2440701e-05,1.3883923e-05
40.1029793042494,266.25,2.422724e-05,1.4350187e-05
40.1029793042494,268.125,2.6119309e-05,1.4300874e-05
40.1029793042494,270.0,3.1033334e-05,1.614784e-05
40.1029793042494,271.875,3.4584766e-05,1.8410718e-05
40.1029793042494,273.75,3.5645742e-05,1.9524057e-05
40.1029793042494,275.625,3.7892652e-05,1.9200053e-05
40.1029793042494,277.5,4.216657e-05,1.9067716e-05
40.1029793042494,279.375,4.0405215e-05,1.6744936e-05
40.1029793042494,281.25,3.1800602e-05,1.48039e-05
40.1029793042494,283.125,2.8929175e-05,1.509816e-05
40.1029793042494,285.0,3.0692147e-05,1.5901232e-05
40.1029793042494,286.875,4.0242514e-05,1.8701465e-05
40.1029793042494,288.75,4.0378476e-05,1.7221184e-05
40.1029793042494,290.625,3.641369e-05,1.464552e-05
40.1029793042494,292.5,4.2525367e-05,1.577647e-05
40.1029793042494,294.375,6.148769e-05,2.1131325e-05
40.1029793042494,296.25,6.9676986e-05,2.3257522e-05
40.1029793042494,298.125,6.9930036e-05,2.2047181e-05
40.1029793042494,300.0,7.88837e-05,2.2774359e-05
40.1029793042494,301.875,8.696168e-05,2.3201792e-05
40.1029793042494,303.75,8.797409e-05,2.5143889e-05
40.1029793042494,305.625,8.620967e-05,2.643423e-05
40.1029793042494,307.5,8.446666e-05,3.1553223e-05
40.1029793042494,309.375,7.9613834e-05,3.188107e-05
40.1029793042494,311.25,6.919847e-05,2.6335672e-05
40.1029793042494,313.125,6.318143e-05,2.293662e-05
40.1029793042494,315.0,6.3611566e-05,2.2259348e-05
40.1029793042494,316.875,6.119365e-05,1.8591241e-05
40.1029793042494,318.75,5.3564298e-05,1.5881173e-05
40.1029793042494,320.625,4.8289945e-05,1.4313763e-05
40.1029793042494,322.5,5.0894963e-05,1.6810109e-05
40.1029793042494,324.375,4.9840994e-05,1.6988108e-05
40.1029793042494,326.25,4.6597983e-05,1.5851208e-05
40.1029793042494,328.125,4.376852e-05,1.4616415e-05
40.1029793042494,330.0,4.5421933e-05,1.8120687e-05
40.1029793042494,331.875,4.5607583e-05,1.8229088e-05
40.1029793042494,333.75,4.2825006e-05,1.7225093e-05
40.1029793042494,335.625,4.224749e-05,1.899165e-05
40.1029793042494,337.5,4.105002e-05,1.8145147e-05
40.1029793042494,339.375,3.863204e-05,1.7237877e-05
40.1029793042494,341.25,3.551906e-05,1.6551649e-05
40.1029793042494,343.125,3.4054214e-05,1.7099037e-05
40.1029793042494,345.0,3.216009e-05,1.6125181e-05
40.1029793042494,346.875,3.0542386e-05,1.655769e-05
40.1029793042494,348.75,3.6261557e-05,2.2689028e-05
40.1029793042494,350.625,5.6010616e-05,3.4305318e-05
40.1029793042494,352.5,4.2816224e-05,2.7462938e-05
40.1029793042494,354.375,4.391855e-05,2.5504913e-05
40.1029793042494,356.25,2.9985067e-05,1.5289314e-05
40.1029793042494,358.125,1.6279566e-05,9.847403e-06
41.96822026907538,0.0,2.0120151e-05,1.1883457e-05
41.96822026907538,1.875,1.6559427e-05,1.18825155e-05
41.96822026907538,3.75,2.7660732e-05,1.7035536e-05
41.96822026907538,5.625,2.7001344e-05,1.8732326e-05
41.96822026907538,7.5,2.8393653e-05,1.9728479e-05
41.96822026907538,9.375,3.2958855e-05,2.1942105e-05
41.96822026907538,11.25,3.5054418e-05,2.1086393e-05
41.96822026907538,13.125,1.6296131e-05,1.07743645e-05
41.96822026907538,15.0,2.1928405e-05,1.3216777e-05
41.96822026907538,16.875,6.188539e-05,2.977833e-05
41.96822026907538,18.75,2.8224247e-05,1.597424e-05
41.96822026907538,20.625,3.2763175e-05,1.7580662e-05
41.96822026907538,22.5,2.5602165e-05,1.3555156e-05
41.96822026907538,24.375,1.8292563e-05,1.1606064e-05
41.96822026907538,26.25,1.555001e-05,1.011185e-05
41.96822026907538,28.125,3.742268e-05,1.8161165e-05
41.96822026907538,30.0,3.9001556e-05,1.9766707e-05
41.96822026907538,31.875,4.2798893e-05,2.131782e-05
41.96822026907538,33.75,3.4538967e-05,1.8084622e-05
41.96822026907538,35.625,3.058212e-05,1.5853615e-05
41.96822026907538,37.5,3.9460207e-05,2.0210711e-05
41.96822026907538,39.375,5.004765e-05,2.483951e-05
41.96822026907538,41.25,5.4645323e-05,2.4921103e-05
41.96822026907538,43.125,2.3351891e-05,1.0186099e-05
41.96822026907538,45.0,1.2811948e-05,7.263261e-06
41.96822026907538,46.875,1.4108813e-05,1.0160755e-05
41.96822026907538,48.75,1.6201495e-05,1.0909467e-05
41.96822026907538,50.625,6.8073464e-06,5.7442858e-06
41.96822026907538,52.5,4.6516525e-06,4.026676e-06
41.96822026907538,54.375,3.0083893e-06,3.2085545e-06
41.96822026907538,56.25,2.4652068e-06,2.824051e-06
41.96822026907538,58.125,1.981432e-06,2.5463992e-06
41.96822026907538,60.0,2.8368172e-06,3.258891e-06
41.96822026907538,61.875,4.9952605e-06,4.7117956e-06
41.96822026907538,63.75,6.901509e-06,6.0831517e-06
41.96822026907538,65.625,6.7153505e-06,6.383881e-06
41.96822026907538,67.5,9.971092e-06,9.545565e-06
41.96822026907538,69.375,1.7258768e-05,1.3858395e-05
41.96822026907538,71.25,2.5551633e-05,1.6958884e-05
41.96822026907538,73.125,2.2901357e-05,1.3656731e-05
41.96822026907538,75.0,1.620899e-05,8.764963e-06
41.96822026907538,76.875,1.1685839e-05,6.644827e-06
41.96822026907538,78.75,9.321359e-06,5.370859e-06
41.96822026907538,80.625,5.2564383e-06,3.2358714e-06
41.96822026907538,82.5,2.9067776e-06,2.5750367e-06
41.96822026907538,84.375,2.449343e-06,2.4398844e-06
41.96822026907538,86.25,2.0637463e-06,1.8793277e-06
41.96822026907538,88.125,1.7011843e-06,1.6644063e-06
41.96822026907538,90.0,1.0326668e-06,1.1191225e-06
41.96822026907538,91.875,6.237783e-07,8.2854507e-07
41.96822026907538,93.75,5.947554e-07,8.956073e-07
41.96822026907538,95.625,9.734697e-07,1.211883e-06
41.96822026907538,97.5,8.032254e-07,1.1637721e-06
41.96822026907538,99.375,6.15585e-07,1.1233807e-06
41.96822026907538,101.25,6.792213e-07,1.2003816e-06
41.96822026907538,103.125,1.0523796e-06,1.5310995e-06
41.96822026907538,105.0,1.7485816e-06,1.9780853e-06
41.96822026907538,106.875,1.9777049e-06,2.0961368e-06
41.96822026907538,108.75,2.4569415e-06,2.7216743e-06
41.96822026907538,110.625,3.4705683e-06,3.3894075e-06
41.96822026907538,112.5,5.217187e-06,3.9240126e-06
41.96822026907538,114.375,5.781704e-06,4.139134e-06
41.96822026907538,116.25,5.0589733e-06,4.5336783e-06
41.96822026907538,118.125,4.5835263e-06,5.438226e-06
41.96822026907538,120.0,5.1357956e-06,5.849626e-06
41.96822026907538,121.875,6.2222407e-06,6.296393e-06
41.96822026907538,123.75,9.514849e-06,7.0900064e-06
41.96822026907538,125.625,1.367091e-05,8.739172e-06
41.96822026907538,127.5,1.6352296e-05,9.355973e-06
41.96822026907538,129.375,1.3699104e-05,9.312758e-06
41.96822026907538,131.25,2.2777356e-05,1.1959823e-05
41.96822026907538,133.125,2.0374666e-05,1.0331423e-05
41.96822026907538,135.0,2.4687226e-05,1.0626101e-05
41.96822026907538,136.875,2.9669027e-05,1.1109124e-05
41.96822026907538,138.75,4.1444026e-05,1.2538776e-05
41.96822026907538,140.625,2.312956e-05,9.87101e-06
41.96822026907538,142.5,4.8023878e-05,1.45928525e-05
41.96822026907538,144.375,5.1163624e-05,1.6120604e-05
41.96822026907538,146.25,5.139811e-05,1.9380315e-05
41.96822026907538,148.125,4.7578793e-05,1.8564575e-05
41.96822026907538,150.0,4.833864e-05,1.726689e-05
41.96822026907538,151.875,5.2539166e-05,1.7283051e-05
41.96822026907538,153.75,5.6304474e-05,1.6920443e-05
41.96822026907538,155.625,6.028793e-05,1.7478083e-05
41.96822026907538,157.5,6.605974e-05,1.6702308e-05
41.96822026907538,159.375,7.5640055e-05,1.8799832e-05
41.96822026907538,161.25,7.604709e-05,1.9251438e-05
41.96822026907538,163.125,6.842892e-05,1.7522247e-05
41.96822026907538,165.0,6.563878e-05,1.7571192e-05
41.96822026907538,166.875,6.9901216e-05,1.7749991e-05
41.96822026907538,168.75,7.2756346e-05,1.7809536e-05
41.96822026907538,170.625,6.785022e-05,1.63062e-05
41.96822026907538,172.5,6.204048e-05,1.6472413e-05
41.96822026907538,174.375,6.450998e-05,1.6534184e-05
41.96822026907538,176.25,7.0182956e-05,1.7006218e-05
41.96822026907538,178.125,7.032908e-05,1.8030083e-05
41.96822026907538,180.0,6.7069595e-05,1.8617775e-05
41.96822026907538,181.875,6.380551e-05,1.8583889e-05
41.96822026907538,183.75,6.20682e-05,1.7246759e-05
41.96822026907538,185.625,5.910064e-05,1.6860526e-05
41.96822026907538,187.5,5.9109014e-05,1.7517325e-05
41.96822026907538,189.375,6.057299e-05,1.8122855e-05
41.96822026907538,191.25,6.02604e-05,1.944703e-05
41.96822026907538,193.125,5.8879028e-05,2.0717127e-05
41.96822026907538,195.0,5.868269e-05,1.9315365e-05
41.96822026907538,196.875,6.0852315e-05,2.0531534e-05
41.96822026907538,198.75,6.0198447e-05,1.9713149e-05
41.96822026907538,200.625,5.761494e-05,1.9869476e-05
41.96822026907538,202.5,5.666206e-05,1.9634408e-05
41.96822026907538,204.375,5.6479937e-05,1.9657511e-05
41.96822026907538,206.25,5.727622e-05,2.0493746e-05
41.96822026907538,208.125,6.0119033e-05,2.0923746e-05
41.96822026907538,210.0,6.0587263e-05,2.1444816e-05
41.96822026907538,211.875,5.8662597e-05,2.2695504e-05
41.96822026907538,213.75,5.343957e-05,2.115227e-05
41.96822026907538,215.625,4.991746e-05,2.0173848e-05
41.96822026907538,217.5,4.892522e-05,2.130105e-05
41.96822026907538,219.375,5.063475e-05,2.21205e-05
41.96822026907538,221.25,4.7461366e-05,2.0846748e-05
41.96822026907538,223.125,4.457584e-05,1.8908802e-05
41.96822026907538,225.0,4.2986274e-05,1.9663747e-05
41.96822026907538,226.875,4.5875022e-05,2.1654e-05
41.96822026907538,228.75,4.4260036e-05,2.0621923e-05
41.96822026907538,230.625,4.015953e-05,1.9408482e-05
41.96822026907538,232.5,4.292993e-05,2.1590906e-05
41.96822026907538,234.375,6.5902525e-05,3.486703e-05
41.96822026907538,236.25,7.2661e-05,4.201219e-05
41.96822026907538,238.125,6.765389e-05,3.9876515e-05
41.96822026907538,240.0,3.781453e-05,2.1652228e-05
41.96822026907538,241.875,1.531239e-05,8.31879e-06
41.96822026907538,243.75,1.166052e-05,6.866272e-06
41.96822026907538,245.625,1.7896258e-05,1.1367136e-05
41.96822026907538,247.5,2.5926189e-05,1.5798058e-05
41.96822026907538,249.375,2.5252293e-05,1.2497153e-05
41.96822026907538,251.25,1.7453453e-05,7.0443307e-06
41.96822026907538,253.125,1.3145989e-05,6.3859306e-06
41.96822026907538,255.0,1.6279695e-05,8.160157e-06
41.96822026907538,256.875,1.809943e-05,9.957731e-06
41.96822026907538,258.75,1.6768485e-05,1.0642475e-05
41.96822026907538,260.625,1.6727668e-05,1.0889358e-05
41.96822026907538,262.5,1.8797073e-05,1.1551884e-05
41.96822026907538,264.375,2.1421225e-05,1.22647025e-05
41.96822026907538,266.25,2.4009785e-05,1.3136091e-05
41.96822026907538,268.125,2.6230327e-05,1.3771351e-05
41.96822026907538,270.0,2.9002025e-05,1.4623633e-05
41.96822026907538,271.875,3.0287656e-05,1.5216843e-05
41.96822026907538,273.75,3.0849667e-05,1.5656908e-05
41.96822026907538,275.625,3.2721946e-05,1.6308704e-05
41.96822026907538,277.5,3.5788813e-05,1.5865215e-05
41.96822026907538,279.375,3.653185e-05,1.4855099e-05
41.96822026907538,281.25,3.52434e-05,1.3747337e-05
41.96822026907538,283.125,3.505692e-05,1.409436e-05
41.96822026907538,285.0,3.620843e-05,1.5414158e-05
41.96822026907538,286.875,3.4100332e-05,1.5018322e-05
41.96822026907538,288.75,3.1228356e-05,1.4262872e-05
41.96822026907538,290.625,3.310581e-05,1.4754889e-05
41.96822026907538,292.5,3.7340127e-05,1.6164326e-05
41.96822026907538,294.375,4.2638043e-05,1.67921e-05
41.96822026907538,296.25,4.4149747e-05,1.5638798e-05
41.96822026907538,298.125,4.4895038e-05,1.5018193e-05
41.96822026907538,300.0,5.1023202e-05,1.6625194e-05
41.96822026907538,301.875,6.137532e-05,1.993921e-05
41.96822026907538,303.75,6.491618e-05,1.9175013e-05
41.96822026907538,305.625,6.03509e-05,1.9789639e-05
41.96822026907538,307.5,5.509192e-05,1.7221118e-05
41.96822026907538,309.375,5.426013e-05,1.6397415e-05
41.96822026907538,311.25,5.2166422e-05,1.662422e-05
41.96822026907538,313.125,5.1816067e-05,1.7186123e-05
41.96822026907538,315.0,5.612315e-05,1.7228085e-05
41.96822026907538,316.875,5.875307e-05,1.798549e-05
41.96822026907538,318.75,5.5782064e-05,1.6656795e-05
41.96822026907538,320.625,5.2887885e-05,1.5796832e-05
41.96822026907538,322.5,5.4432432e-05,1.7350949e-05
41.96822026907538,324.375,5.4925626e-05,1.8078857e-05
41.96822026907538,326.25,5.0715054e-05,1.634088e-05
41.96822026907538,328.125,4.5692097e-05,1.488117e-05
41.96822026907538,330.0,4.8153222e-05,1.7595914e-05
41.96822026907538,331.875,5.1575826e-05,1.8567216e-05
41.96822026907538,333.75,4.861613e-05,1.6782e-05
41.96822026907538,335.625,4.4402033e-05,1.6623537e-05
41.96822026907538,337.5,4.0667426e-05,1.7684724e-05
41.96822026907538,339.375,3.9813574e-05,1.7688993e-05
41.96822026907538,341.25,4.2337226e-05,1.8620727e-05
41.96822026907538,343.125,4.0911724e-05,1.7575478e-05
41.96822026907538,345.0,3.6319896e-05,1.6550039e-05
41.96822026907538,346.875,3.6480735e-05,1.7526378e-05
41.96822026907538,348.75,4.7200527e-05,2.4321336e-05
41.96822026907538,350.625,6.649076e-05,3.6369256e-05
41.96822026907538,352.5,4.769221e-05,2.5656884e-05
41.96822026907538,354.375,4.5370325e-05,2.1304648e-05
41.96822026907538,356.25,3.5156685e-05,1.4823059e-05
41.96822026907538,358.125,2.5210169e-05,1.1138259e-05
43.83345857895126,0.0,3.0303034e-05,1.4131721e-05
43.83345857895126,1.875,3.4353852e-05,1.5556067e-05
43.83345857895126,3.75,3.1502615e-05,1.5753385e-05
43.83345857895126,5.625,2.9806173e-05,1.790611e-05
43.83345857895126,7.5,3.0105608e-05,2.026962e-05
43.83345857895126,9.375,4.8796974e-05,2.9664825e-05
43.83345857895126,11.25,1.8876537e-05,1.3006936e-05
43.83345857895126,13.125,1.8692823e-05,1.2471227e-05
43.83345857895126,15.0,2.217093e-05,1.36804865e-05
43.83345857895126,16.875,2.3495466e-05,1.3961003e-05
43.83345857895126,18.75,3.0287905e-05,1.5549682e-05
43.83345857895126,20.625,3.3056243e-05,1.61643e-05
43.83345857895126,22.5,2.8498465e-05,1.3105221e-05
43.83345857895126,24.375,2.1783537e-05,1.1597192e-05
43.83345857895126,26.25,1.7140002e-05,1.1908951e-05
43.83345857895126,28.125,1.31090965e-05,9.752144e-06
43.83345857895126,30.0,2.537379e-05,1.3314656e-05
43.83345857895126,31.875,2.7168882e-05,1.42159915e-05
43.83345857895126,33.75,2.07646e-05,1.1076939e-05
43.83345857895126,35.625,1.5871103e-05,9.012051e-06
43.83345857895126,37.5,1.8824318e-05,1.1583994e-05
43.83345857895126,39.375,3.0820833e-05,1.7177646e-05
43.83345857895126,41.25,2.0190506e-05,1.233023e-05
43.83345857895126,43.125,1.7981694e-05,9.655713e-06
43.83345857895126,45.0,1.1789996e-05,7.0187098e-06
43.83345857895126,46.875,1.0516725e-05,7.601196e-06
43.83345857895126,48.75,1.1740868e-05,7.6535625e-06
43.83345857895126,50.625,8.806723e-06,5.72866e-06
43.83345857895126,52.5,6.0846046e-06,4.750343e-06
43.83345857895126,54.375,5.732691e-06,4.515567e-06
43.83345857895126,56.25,5.332893e-06,4.552027e-06
43.83345857895126,58.125,4.3158834e-06,4.1241174e-06
43.83345857895126,60.0,4.9876053e-06,4.365824e-06
43.83345857895126,61.875,3.815663e-06,3.6480835e-06
43.83345857895126,63.75,4.1689254e-06,3.7186358e-06
43.83345857895126,65.625,5.170065e-06,4.8991224e-06
43.83345857895126,67.5,7.5464627e-06,7.216586e-06
43.83345857895126,69.375,1.0839655e-05,9.10895e-06
43.83345857895126,71.25,1.2908518e-05,9.503888e-06
43.83345857895126,73.125,1.3885969e-05,9.1113625e-06
43.83345857895126,75.0,1.5521831e-05,9.503376e-06
43.83345857895126,76.875,1.916445e-05,1.09040875e-05
43.83345857895126,78.75,1.9353101e-05,1.0163074e-05
43.83345857895126,80.625,1.49215575e-05,6.461397e-06
43.83345857895126,82.5,9.2629e-06,4.3175182e-06
43.83345857895126,84.375,7.6114825e-06,4.2757215e-06
43.83345857895126,86.25,6.627901e-06,3.8463054e-06
43.83345857895126,88.125,4.650158e-06,2.764479e-06
43.83345857895126,90.0,2.216041e-06,1.4543319e-06
43.83345857895126,91.875,1.4437642e-06,1.1112191e-06
43.83345857895126,93.75,1.4469656e-06,1.1790087e-06
43.83345857895126,95.625,1.9249605e-06,1.6174915e-06
43.83345857895126,97.5,1.5262416e-06,1.4681019e-06
43.83345857895126,99.375,1.1652314e-06,1.3077237e-06
43.83345857895126,101.25,1.339185e-06,1.4860947e-06
43.83345857895126,103.125,1.9776107e-06,1.8875689e-06
43.83345857895126,105.0,2.2547267e-06,1.956264e-06
43.83345857895126,106.875,2.341543e-06,2.0787293e-06
43.83345857895126,108.75,1.9635447e-06,1.9983775e-06
43.83345857895126,110.625,2.5630695e-06,2.3110795e-06
43.83345857895126,112.5,4.484586e-06,3.0836297e-06
43.83345857895126,114.375,7.0374867e-06,3.802296e-06
43.83345857895126,116.25,6.050732e-06,3.4773311e-06
43.83345857895126,118.125,4.796786e-06,4.3216146e-06
43.83345857895126,120.0,4.982914e-06,5.7670854e-06
43.83345857895126,121.875,5.7897905e-06,6.123336e-06
43.83345857895126,123.75,7.6188917e-06,5.6546414e-06
43.83345857895126,125.625,1.1040251e-05,6.528533e-06
43.83345857895126,127.5,1.600396e-05,7.748078e-06
43.83345857895126,129.375,1.3235109e-05,7.845567e-06
43.83345857895126,131.25,1.3304347e-05,8.860975e-06
43.83345857895126,133.125,1.4647712e-05,9.34125e-06
43.83345857895126,135.0,2.8385373e-05,1.17418085e-05
43.83345857895126,136.875,3.0582723e-05,1.2287232e-05
43.83345857895126,138.75,3.45904e-05,1.2408829e-05
43.83345857895126,140.625,4.4730674e-05,1.2587674e-05
43.83345857895126,142.5,2.7302318e-05,1.0319307e-05
43.83345857895126,144.375,3.85944e-05,1.2742521e-05
43.83345857895126,146.25,3.58963e-05,1.2622466e-05
43.83345857895126,148.125,3.4832978e-05,1.2051949e-05
43.83345857895126,150.0,3.9015504e-05,1.2629845e-05
43.83345857895126,151.875,4.6135192e-05,1.313491e-05
43.83345857895126,153.75,4.9644892e-05,1.3512444e-05
43.83345857895126,155.625,5.176026e-05,1.43298375e-05
43.83345857895126,157.5,5.5324108e-05,1.5931746e-05
43.83345857895126,159.375,6.305234e-05,1.6490707e-05
43.83345857895126,161.25,6.5239554e-05,1.6398888e-05
43.83345857895126,163.125,6.176497e-05,1.6392627e-05
43.83345857895126,165.0,5.9523754e-05,1.5980484e-05
43.83345857895126,166.875,6.338782e-05,1.5730277e-05
43.83345857895126,168.75,6.934718e-05,1.5655643e-05
43.83345857895126,170.625,6.8790265e-05,1.5523152e-05
43.83345857895126,172.5,6.3664455e-05,1.469092e-05
43.83345857895126,174.375,6.304382e-05,1.5599697e-05
43.83345857895126,176.25,6.469295e-05,1.6402942e-05
43.83345857895126,178.125,6.6624976e-05,1.6880702e-05
43.83345857895126,180.0,6.573594e-05,1.6444932e-05
43.83345857895126,181.875,6.468221e-05,1.6557613e-05
43.83345857895126,183.75,6.471986e-05,1.719567e-05
43.83345857895126,185.625,6.3411106e-05,1.66648e-05
43.83345857895126,187.5,6.397498e-05,1.6498865e-05
43.83345857895126,189.375,6.2932726e-05,1.6996084e-05
43.83345857895126,191.25,6.133969e-05,1.80054e-05
43.83345857895126,193.125,5.905229e-05,1.8311523e-05
43.83345857895126,195.0,5.8401016e-05,1.8931347e-05
43.83345857895126,196.875,5.8405036e-05,1.8372233e-05
43.83345857895126,198.75,5.963865e-05,1.8648632e-05
43.83345857895126,200.625,6.088376e-05,1.8937682e-05
43.83345857895126,202.5,6.052662e-05,1.9919715e-05
43.83345857895126,204.375,6.0084287e-05,2.0400461e-05
43.83345857895126,206.25,6.0184593e-05,2.033987e-05
43.83345857895126,208.125,6.0356615e-05,2.085209e-05
43.83345857895126,210.0,6.069152e-05,1.9859364e-05
43.83345857895126,211.875,5.8121663e-05,1.8960674e-05
43.83345857895126,213.75,5.509083e-05,1.880886e-05
43.83345857895126,215.625,5.3191165e-05,1.8252014e-05
43.83345857895126,217.5,5.4939235e-05,2.0880412e-05
43.83345857895126,219.375,5.6009496e-05,2.1432885e-05
43.83345857895126,221.25,5.1825285e-05,2.0775897e-05
43.83345857895126,223.125,4.9180646e-05,1.9661678e-05
43.83345857895126,225.0,5.1183863e-05,2.1019081e-05
43.83345857895126,226.875,5.4560936e-05,2.1878766e-05
43.83345857895126,228.75,5.14015e-05,2.211296e-05
43.83345857895126,230.625,4.5149027e-05,1.98918e-05
43.83345857895126,232.5,5.1957257e-05,2.4570683e-05
43.83345857895126,234.375,7.793437e-05,3.575431e-05
43.83345857895126,236.25,8.1832164e-05,4.0205796e-05
43.83345857895126,238.125,6.841938e-05,3.3464978e-05
43.83345857895126,240.0,3.4892724e-05,1.6804963e-05
43.83345857895126,241.875,1.946693e-05,9.366152e-06
43.83345857895126,243.75,2.4373321e-05,1.2824061e-05
43.83345857895126,245.625,3.5473622e-05,1.9834279e-05
43.83345857895126,247.5,3.065663e-05,1.5483281e-05
43.83345857895126,249.375,1.799932e-05,7.1506365e-06
43.83345857895126,251.25,1.2148031e-05,5.3469867e-06
43.83345857895126,253.125,1.4473771e-05,6.5399718e-06
43.83345857895126,255.0,1.6321377e-05,7.477107e-06
43.83345857895126,256.875,1.59168e-05,8.758088e-06
43.83345857895126,258.75,1.52035545e-05,1.0003491e-05
43.83345857895126,260.625,1.5916825e-05,1.0659297e-05
43.83345857895126,262.5,1.7765196e-05,1.1162252e-05
43.83345857895126,264.375,1.982221e-05,1.1631912e-05
43.83345857895126,266.25,2.1629628e-05,1.2060299e-05
43.83345857895126,268.125,2.3193377e-05,1.2697921e-05
43.83345857895126,270.0,2.507878e-05,1.3324095e-05
43.83345857895126,271.875,2.6299653e-05,1.34218035e-05
43.83345857895126,273.75,2.7523121e-05,1.3455982e-05
43.83345857895126,275.625,2.924699e-05,1.4224308e-05
43.83345857895126,277.5,3.7951715e-05,1.5662408e-05
43.83345857895126,279.375,3.426475e-05,1.5216681e-05
43.83345857895126,281.25,3.4196455e-05,1.4137746e-05
43.83345857895126,283.125,3.6952264e-05,1.3590076e-05
43.83345857895126,285.0,3.7695867e-05,1.3816675e-05
43.83345857895126,286.875,3.6068097e-05,1.3831968e-05
43.83345857895126,288.75,3.52473e-05,1.3760272e-05
43.83345857895126,290.625,3.6468973e-05,1.4415129e-05
43.83345857895126,292.5,4.436019e-05,1.7257213e-05
43.83345857895126,294.375,4.545178e-05,1.839584e-05
43.83345857895126,296.25,4.3189786e-05,1.6661343e-05
43.83345857895126,298.125,4.1876225e-05,1.4037034e-05
43.83345857895126,300.0,4.351034e-05,1.3974589e-05
43.83345857895126,301.875,4.590645e-05,1.4060385e-05
43.83345857895126,303.75,4.827422e-05,1.3895712e-05
43.83345857895126,305.625,4.8363127e-05,1.3667333e-05
43.83345857895126,307.5,5.003283e-05,1.4682521e-05
43.83345857895126,309.375,5.214997e-05,1.4856931e-05
43.83345857895126,311.25,5.1671424e-05,1.4364683e-05
43.83345857895126,313.125,5.2798932e-05,1.5780874e-05
43.83345857895126,315.0,5.7667494e-05,1.6982733e-05
43.83345857895126,316.875,6.152298e-05,1.828245e-05
43.83345857895126,318.75,6.0436836e-05,1.8291435e-05
43.83345857895126,320.625,5.8140326e-05,1.7976448e-05
43.83345857895126,322.5,5.8388985e-05,1.6222768e-05
43.83345857895126,324.375,6.01169e-05,1.6803273e-05
43.83345857895126,326.25,5.954422e-05,1.6557065e-05
43.83345857895126,328.125,5.6010405e-05,1.6260059e-05
43.83345857895126,330.0,5.5854256e-05,1.7734192e-05
43.83345857895126,331.875,5.579721e-05,1.7093078e-05
43.83345857895126,333.75,5.317582e-05,1.679738e-05
43.83345857895126,335.625,4.8877304e-05,1.5868094e-05
43.83345857895126,337.5,4.5014807e-05,1.6590695e-05
43.83345857895126,339.375,4.5864304e-05,1.7813896e-05
43.83345857895126,341.25,4.885312e-05,2.092054e-05
43.83345857895126,343.125,4.4381883e-05,1.7640461e-05
43.83345857895126,345.0,3.892277e-05,1.6452219e-05
43.83345857895126,346.875,3.7453552e-05,1.7246559e-05
43.83345857895126,348.75,4.7687794e-05,2.0968286e-05
43.83345857895126,350.625,5.8304107e-05,2.6966734e-05
43.83345857895126,352.5,6.131035e-05,2.8012326e-05
43.83345857895126,354.375,5.3349017e-05,2.2784496e-05
43.83345857895126,356.25,4.8355196e-05,2.1771775e-05
43.83345857895126,358.125,5.1354502e-05,2.2850907e-05
45.698693877701785,0.0,4.0856627e-05,1.853546e-05
45.698693877701785,1.875,5.0258146e-05,2.122726e-05
45.698693877701785,3.75,5.348684e-05,2.1247904e-05
45.698693877701785,5.625,4.8936883e-05,2.0175625e-05
45.698693877701785,7.5,4.274617e-05,2.079087e-05
45.698693877701785,9.375,3.1715088e-05,1.8394712e-05
45.698693877701785,11.25,2.8318267e-05,1.7465407e-05
45.698693877701785,13.125,2.4279638e-05,1.4270771e-05
45.698693877701785,15.0,2.3329578e-05,1.379492e-05
45.698693877701785,16.875,2.3128207e-05,1.4186807e-05
45.698693877701785,18.75,2.316694e-05,1.3463873e-05
45.698693877701785,20.625,2.6300726e-05,1.4399833e-05
45.698693877701785,22.5,3.1783424e-05,1.5062546e-05
45.698693877701785,24.375,2.9144378e-05,1.3119629e-05
45.698693877701785,26.25,2.3405517e-05,1.2601862e-05
45.698693877701785,28.125,1.8743573e-05,1.1590255e-05
45.698693877701785,30.0,1.6007665e-05,9.768272e-06
45.698693877701785,31.875,2.6554773e-05,1.2932185e-05
45.698693877701785,33.75,1.3678681e-05,9.011858e-06
45.698693877701785,35.625,1.28575275e-05,8.698933e-06
45.698693877701785,37.5,2.381293e-05,1.2543856e-05
45.698693877701785,39.375,1.3183014e-05,9.161457e-06
45.698693877701785,41.25,1.4621199e-05,9.342614e-06
45.698693877701785,43.125,1.1566007e-05,7.919326e-06
45.698693877701785,45.0,9.018648e-06,7.423363e-06
45.698693877701785,46.875,6.9372923e-06,6.080926e-06
45.698693877701785,48.75,7.198565e-06,5.223943e-06
45.698693877701785,50.625,7.4534432e-06,5.2781356e-06
45.698693877701785,52.5,6.623836e-06,5.242848e-06
45.698693877701785,54.375,7.4683285e-06,5.5989885e-06
45.698693877701785,56.25,8.521091e-06,6.1438986e-06
45.698693877701785,58.125,7.872336e-06,5.5820133e-06
45.698693877701785,60.0,7.677092e-06,5.1308016e-06
45.698693877701785,61.875,4.846114e-06,3.9695037e-06
45.698693877701785,63.75,4.823656e-06,3.9467614e-06
45.698693877701785,65.625,7.863972e-06,5.9575436e-06
45.698693877701785,67.5,1.2526005e-05,9.007128e-06
45.698693877701785,69.375,1.2859277e-05,8.977768e-06
45.698693877701785,71.25,7.928261e-06,5.626899e-06
45.698693877701785,73.125,4.5972683e-06,3.6992324e-06
45.698693877701785,75.0,4.5406127e-06,3.8916114e-06
45.698693877701785,76.875,5.5814944e-06,4.7217254e-06
45.698693877701785,78.75,6.381874e-06,4.7420936e-06
45.698693877701785,80.625,5.285974e-06,3.4905115e-06
45.698693877701785,82.5,4.238165e-06,2.6578198e-06
45.698693877701785,84.375,4.534575e-06,2.7695542e-06
45.698693877701785,86.25,5.306764e-06,3.2883222e-06
45.698693877701785,88.125,5.727422e-06,3.5099358e-06
45.698693877701785,90.0,6.1739433e-06,3.5135945e-06
45.698693877701785,91.875,7.922944e-06,4.407064e-06
45.698693877701785,93.75,1.0385515e-05,5.590543e-06
45.698693877701785,95.625,9.553644e-06,4.906177e-06
45.698693877701785,97.5,5.8282985e-06,3.0228944e-06
45.698693877701785,99.375,2.7784956e-06,1.84119e-06
45.698693877701785,101.25,2.5661523e-06,1.9748124e-06
45.698693877701785,103.125,3.3936171e-06,2.523094e-06
45.698693877701785,105.0,3.9112597e-06,2.681518e-06
45.698693877701785,106.875,3.274395e-06,2.4388562e-06
45.698693877701785,108.75,2.850668e-06,2.50391e-06
45.698693877701785,110.625,3.5622638e-06,2.98407e-06
45.698693877701785,112.5,4.6872233e-06,3.4354161e-06
45.698693877701785,114.375,5.441658e-06,3.5408593e-06
45.698693877701785,116.25,5.812819e-06,3.6909312e-06
45.698693877701785,118.125,4.986712e-06,3.6493582e-06
45.698693877701785,120.0,4.594298e-06,4.1675025e-06
45.698693877701785,121.875,5.1866036e-06,5.07935e-06
45.698693877701785,123.75,5.599394e-06,4.685772e-06
45.698693877701785,125.625,7.4891764e-06,4.7372077e-06
45.698693877701785,127.5,1.1111228e-05,5.976286e-06
45.698693877701785,129.375,1.2617944e-05,6.919091e-06
45.698693877701785,131.25,1.3082313e-05,7.961049e-06
45.698693877701785,133.125,1.5579499e-05,8.15478e-06
45.698693877701785,135.0,1.8972016e-05,8.7482795e-06
45.698693877701785,136.875,2.0365012e-05,1.0596322e-05
45.698693877701785,138.75,3.1388943e-05,1.3730678e-05
45.698693877701785,140.625,3.887591e-05,1.3237596e-05
45.698693877701785,142.5,4.3904645e-05,1.1835352e-05
45.698693877701785,144.375,4.3332417e-05,1.0615961e-05
45.698693877701785,146.25,3.91977e-05,1.0615852e-05
45.698693877701785,148.125,3.739042e-05,1.1793384e-05
45.698693877701785,150.0,4.1685915e-05,1.2883631e-05
45.698693877701785,151.875,4.8511232e-05,1.2877601e-05
45.698693877701785,153.75,5.190344e-05,1.3328277e-05
45.698693877701785,155.625,5.0847615e-05,1.3790808e-05
45.698693877701785,157.5,5.1276646e-05,1.3934729e-05
45.698693877701785,159.375,5.5066455e-05,1.4123274e-05
45.698693877701785,161.25,5.763038e-05,1.4430252e-05
45.698693877701785,163.125,5.7084268e-05,1.3871412e-05
45.698693877701785,165.0,5.6663182e-05,1.36164535e-05
45.698693877701785,166.875,5.886218e-05,1.4150294e-05
45.698693877701785,168.75,6.30556e-05,1.5950822e-05
45.698693877701785,170.625,6.561406e-05,1.6502463e-05
45.698693877701785,172.5,6.612565e-05,1.571955e-05
45.698693877701785,174.375,6.560892e-05,1.6546584e-05
45.698693877701785,176.25,6.4635824e-05,1.6979679e-05
45.698693877701785,178.125,6.1470695e-05,1.6057073e-05
45.698693877701785,180.0,6.0394592e-05,1.6088015e-05
45.698693877701785,181.875,6.1426654e-05,1.5560065e-05
45.698693877701785,183.75,6.379071e-05,1.5559075e-05
45.698693877701785,185.625,6.3427964e-05,1.6653272e-05
45.698693877701785,187.5,6.132476e-05,1.601543e-05
45.698693877701785,189.375,5.9525926e-05,1.4696223e-05
45.698693877701785,191.25,5.9552975e-05,1.5281508e-05
45.698693877701785,193.125,6.125784e-05,1.596251e-05
45.698693877701785,195.0,6.112466e-05,1.8382523e-05
45.698693877701785,196.875,5.9652197e-05,1.765073e-05
45.698693877701785,198.75,5.8772403e-05,1.7977547e-05
45.698693877701785,200.625,5.923218e-05,1.8618954e-05
45.698693877701785,202.5,6.035301e-05,1.9496452e-05
45.698693877701785,204.375,5.8524547e-05,1.875994e-05
45.698693877701785,206.25,5.6508397e-05,1.8723065e-05
45.698693877701785,208.125,5.57865e-05,1.8854433e-05
45.698693877701785,210.0,5.479553e-05,1.7304514e-05
45.698693877701785,211.875,5.3907243e-05,1.6694814e-05
45.698693877701785,213.75,5.4988323e-05,1.707959e-05
45.698693877701785,215.625,5.5665794e-05,1.7567925e-05
45.698693877701785,217.5,5.823768e-05,1.8774062e-05
45.698693877701785,219.375,5.7353926e-05,1.9923027e-05
45.698693877701785,221.25,5.2807452e-05,2.0000503e-05
45.698693877701785,223.125,5.0756196e-05,2.0135592e-05
45.698693877701785,225.0,5.3334104e-05,1.8959852e-05
45.698693877701785,226.875,5.6883055e-05,2.0755022e-05
45.698693877701785,228.75,5.3570242e-05,1.9793764e-05
45.698693877701785,230.625,4.939926e-05,2.0890337e-05
45.698693877701785,232.5,5.5855766e-05,2.4615269e-05
45.698693877701785,234.375,7.677453e-05,3.494465e-05
45.698693877701785,236.25,7.604524e-05,3.639481e-05
45.698693877701785,238.125,6.665562e-05,3.183985e-05
45.698693877701785,240.0,4.327855e-05,2.082125e-05
45.698693877701785,241.875,3.6268757e-05,1.7693925e-05
45.698693877701785,243.75,4.3233093e-05,2.1405054e-05
45.698693877701785,245.625,4.219996e-05,2.0431718e-05
45.698693877701785,247.5,2.6675616e-05,1.1414752e-05
45.698693877701785,249.375,1.1917533e-05,5.4279435e-06
45.698693877701785,251.25,1.2042113e-05,5.2978935e-06
45.698693877701785,253.125,1.2931848e-05,5.2599426e-06
45.698693877701785,255.0,1.2837072e-05,5.8179107e-06
45.698693877701785,256.875,1.2924205e-05,7.069515e-06
45.698693877701785,258.75,1.3449709e-05,8.425866e-06
45.698693877701785,260.625,1.4278908e-05,9.937066e-06
45.698693877701785,262.5,1.5535565e-05,1.0695031e-05
45.698693877701785,264.375,1.7660404e-05,1.1564139e-05
45.698693877701785,266.25,2.0261215e-05,1.236961e-05
45.698693877701785,268.125,2.2249045e-05,1.2457619e-05
45.698693877701785,270.0,2.3533808e-05,1.2348409e-05
45.698693877701785,271.875,2.4880754e-05,1.2500061e-05
45.698693877701785,273.75,3.189035e-05,1.2512913e-05
45.698693877701785,275.625,2.9475535e-05,1.3223483e-05
45.698693877701785,277.5,3.7212703e-05,1.486266e-05
45.698693877701785,279.375,3.3374898e-05,1.5369289e-05
45.698693877701785,281.25,3.3705815e-05,1.533164e-05
45.698693877701785,283.125,3.5571313e-05,1.5126471e-05
45.698693877701785,285.0,3.7774324e-05,1.5087536e-05
45.698693877701785,286.875,3.8061415e-05,1.50206515e-05
45.698693877701785,288.75,3.7483787e-05,1.5240198e-05
45.698693877701785,290.625,3.892238e-05,1.5386595e-05
45.698693877701785,292.5,3.9702092e-05,1.6541224e-05
45.698693877701785,294.375,3.991931e-05,1.7666962e-05
45.698693877701785,296.25,3.9200753e-05,1.640478e-05
45.698693877701785,298.125,4.0968065e-05,1.5545615e-05
45.698693877701785,300.0,4.793634e-05,1.5105055e-05
45.698693877701785,301.875,5.0418756e-05,1.5117835e-05
45.698693877701785,303.75,5.0979288e-05,1.5398964e-05
45.698693877701785,305.625,4.9035476e-05,1.4685878e-05
45.698693877701785,307.5,5.0333416e-05,1.4842439e-05
45.698693877701785,309.375,5.3196924e-05,1.5008685e-05
45.698693877701785,311.25,5.2645348e-05,1.514889e-05
45.698693877701785,313.125,5.374264e-05,1.670006e-05
45.698693877701785,315.0,5.7273966e-05,1.8527504e-05
45.698693877701785,316.875,5.9498336e-05,1.8880093e-05
45.698693877701785,318.75,5.863701e-05,1.783263e-05
45.698693877701785,320.625,5.755371e-05,1.7469198e-05
45.698693877701785,322.5,5.8559846e-05,1.7265596e-05
45.698693877701785,324.375,6.070327e-05,1.549263e-05
45.698693877701785,326.25,6.1299455e-05,1.5899781e-05
45.698693877701785,328.125,5.9702732e-05,1.51902395e-05
45.698693877701785,330.0,5.741919e-05,1.7085164e-05
45.698693877701785,331.875,5.639281e-05,1.705083e-05
45.698693877701785,333.75,5.2748204e-05,1.6362948e-05
45.698693877701785,335.625,5.0110877e-05,1.4539019e-05
45.698693877701785,337.5,5.1327097e-05,1.444732e-05
45.698693877701785,339.375,5.4603126e-05,1.6170487e-05
45.698693877701785,341.25,5.6261197e-05,1.9243402e-05
45.698693877701785,343.125,5.2217878e-05,1.8375466e-05
45.698693877701785,345.0,4.6091587e-05,1.8190674e-05
45.698693877701785,346.875,4.5158115e-05,1.8485782e-05
45.698693877701785,348.75,4.9034377e-05,2.0228972e-05
45.698693877701785,350.625,5.0582577e-05,2.129515e-05
45.698693877701785,352.5,4.5568013e-05,1.9051138e-05
45.698693877701785,354.375,4.3293498e-05,1.7511282e-05
45.698693877701785,356.25,4.933374e-05,2.1570893e-05
45.698693877701785,358.125,6.7701956e-05,3.370878e-05
47.56392574797867,0.0,4.256508e-05,1.617748e-05
47.56392574797867,1.875,4.756687e-05,1.7865053e-05
47.56392574797867,3.75,5.444519e-05,2.0430909e-05
47.56392574797867,5.625,5.889293e-05,2.2164664e-05
47.56392574797867,7.5,5.3577114e-05,1.9384459e-05
47.56392574797867,9.375,4.2264564e-05,1.5029487e-05
47.56392574797867,11.25,3.1915082e-05,1.22039455e-05
47.56392574797867,13.125,2.7141543e-05,1.1306127e-05
47.56392574797867,15.0,2.5479565e-05,1.1811457e-05
47.56392574797867,16.875,2.5167228e-05,1.2668882e-05
47.56392574797867,18.75,2.3936043e-05,1.30149e-05
47.56392574797867,20.625,2.6602653e-05,1.4037641e-05
47.56392574797867,22.5,3.180269e-05,1.527947e-05
47.56392574797867,24.375,3.3634587e-05,1.4688678e-05
47.56392574797867,26.25,2.5840083e-05,1.2412634e-05
47.56392574797867,28.125,2.2322414e-05,1.234245e-05
47.56392574797867,30.0,2.0381603e-05,1.2080162e-05
47.56392574797867,31.875,1.8981882e-05,1.0965197e-05
47.56392574797867,33.75,1.8501356e-05,1.0776462e-05
47.56392574797867,35.625,1.6525899e-05,9.684982e-06
47.56392574797867,37.5,1.4104033e-05,8.471916e-06
47.56392574797867,39.375,1.45892545e-05,8.868948e-06
47.56392574797867,41.25,1.4983263e-05,8.9379255e-06
47.56392574797867,43.125,1.246933e-05,7.711006e-06
47.56392574797867,45.0,9.812091e-06,6.7657475e-06
47.56392574797867,46.875,8.71459e-06,6.0388447e-06
47.56392574797867,48.75,8.731718e-06,6.093736e-06
47.56392574797867,50.625,9.016168e-06,6.750691e-06
47.56392574797867,52.5,9.186716e-06,6.851919e-06
47.56392574797867,54.375,9.725545e-06,7.075189e-06
47.56392574797867,56.25,1.1396841e-05,8.110328e-06
47.56392574797867,58.125,1.1917284e-05,8.544928e-06
47.56392574797867,60.0,1.0453395e-05,7.4167497e-06
47.56392574797867,61.875,8.790237e-06,6.032514e-06
47.56392574797867,63.75,9.574866e-06,6.432637e-06
47.56392574797867,65.625,1.2646225e-05,8.150225e-06
47.56392574797867,67.5,1.5754704e-05,9.653676e-06
47.56392574797867,69.375,1.4679586e-05,8.573691e-06
47.56392574797867,71.25,1.0916465e-05,6.4217043e-06
47.56392574797867,73.125,1.04717365e-05,6.354595e-06
47.56392574797867,75.0,1.2437401e-05,7.395711e-06
47.56392574797867,76.875,1.3225367e-05,7.637511e-06
47.56392574797867,78.75,1.0090758e-05,6.052872e-06
47.56392574797867,80.625,6.3345897e-06,4.066173e-06
47.56392574797867,82.5,6.756178e-06,4.341711e-06
47.56392574797867,84.375,1.05745485e-05,6.7137616e-06
47.56392574797867,86.25,1.6391441e-05,9.523604e-06
47.56392574797867,88.125,1.599746e-05,8.4910625e-06
47.56392574797867,90.0,1.07288015e-05,5.5121204e-06
47.56392574797867,91.875,7.435868e-06,3.8271755e-06
47.56392574797867,93.75,8.781412e-06,4.197554e-06
47.56392574797867,95.625,1.1706568e-05,5.1123466e-06
47.56392574797867,97.5,1.0732575e-05,4.546378e-06
47.56392574797867,99.375,5.583668e-06,2.4952178e-06
47.56392574797867,101.25,3.6060594e-06,2.2497657e-06
47.56392574797867,103.125,5.0401945e-06,2.7851095e-06
47.56392574797867,105.0,5.6529448e-06,2.6321597e-06
47.56392574797867,106.875,5.8734067e-06,2.7005515e-06
47.56392574797867,108.75,6.056328e-06,2.9055188e-06
47.56392574797867,110.625,5.1280645e-06,2.9728835e-06
47.56392574797867,112.5,5.415757e-06,3.4541545e-06
47.56392574797867,114.375,4.8247243e-06,3.428705e-06
47.56392574797867,116.25,4.575212e-06,3.2780765e-06
47.56392574797867,118.125,5.6356903e-06,3.813172e-06
47.56392574797867,120.0,5.350795e-06,3.8440526e-06
47.56392574797867,121.875,5.402419e-06,4.427077e-06
47.56392574797867,123.75,5.8454903e-06,4.5320708e-06
47.56392574797867,125.625,6.9647876e-06,4.47676e-06
47.56392574797867,127.5,9.765928e-06,5.101892e-06
47.56392574797867,129.375,1.1811507e-05,5.934262e-06
47.56392574797867,131.25,1.310456e-05,6.946277e-06
47.56392574797867,133.125,1.5846534e-05,7.190849e-06
47.56392574797867,135.0,2.0154164e-05,7.4126037e-06
47.56392574797867,136.875,2.2270624e-05,9.253551e-06
47.56392574797867,138.75,2.1484326e-05,1.2271528e-05
47.56392574797867,140.625,3.3252105e-05,1.3759318e-05
47.56392574797867,142.5,3.4641274e-05,1.2632544e-05
47.56392574797867,144.375,3.387717e-05,1.2013402e-05
47.56392574797867,146.25,3.5953413e-05,1.1635974e-05
47.56392574797867,148.125,3.8499093e-05,1.2015162e-05
47.56392574797867,150.0,4.2335763e-05,1.2672083e-05
47.56392574797867,151.875,4.7128047e-05,1.28869915e-05
47.56392574797867,153.75,5.191829e-05,1.2702935e-05
47.56392574797867,155.625,5.1628853e-05,1.3789015e-05
47.56392574797867,157.5,4.9483293e-05,1.454649e-05
47.56392574797867,159.375,4.915313e-05,1.432976e-05
47.56392574797867,161.25,5.2402345e-05,1.40047105e-05
47.56392574797867,163.125,5.614401e-05,1.3615492e-05
47.56392574797867,165.0,5.8787125e-05,1.3013989e-05
47.56392574797867,166.875,5.8851074e-05,1.2417634e-05
47.56392574797867,168.75,5.772953e-05,1.3330842e-05
47.56392574797867,170.625,5.8324455e-05,1.4265158e-05
47.56392574797867,172.5,6.098764e-05,1.5322601e-05
47.56392574797867,174.375,6.430123e-05,1.6513995e-05
47.56392574797867,176.25,6.313252e-05,1.5665406e-05
47.56392574797867,178.125,6.0912265e-05,1.5050917e-05
47.56392574797867,180.0,5.932764e-05,1.442875e-05
47.56392574797867,181.875,6.0002516e-05,1.4416745e-05
47.56392574797867,183.75,6.142459e-05,1.4321658e-05
47.56392574797867,185.625,6.007772e-05,1.4745561e-05
47.56392574797867,187.5,5.687175e-05,1.4850651e-05
47.56392574797867,189.375,5.6372486e-05,1.3556364e-05
47.56392574797867,191.25,5.8716992e-05,1.4723873e-05
47.56392574797867,193.125,6.135993e-05,1.3379011e-05
47.56392574797867,195.0,6.192825e-05,1.4502159e-05
47.56392574797867,196.875,5.8576148e-05,1.6120548e-05
47.56392574797867,198.75,5.6513385e-05,1.586458e-05
47.56392574797867,200.625,5.5705194e-05,1.6138007e-05
47.56392574797867,202.5,5.6360437e-05,1.6832642e-05
47.56392574797867,204.375,5.6332603e-05,1.6125874e-05
47.56392574797867,206.25,5.6679557e-05,1.790587e-05
47.56392574797867,208.125,5.751017e-05,1.8653269e-05
47.56392574797867,210.0,6.0528655e-05,1.8164745e-05
47.56392574797867,211.875,6.15123e-05,1.7850876e-05
47.56392574797867,213.75,5.903058e-05,1.6831307e-05
47.56392574797867,215.625,5.609855e-05,1.671029e-05
47.56392574797867,217.5,5.5382498e-05,1.623815e-05
47.56392574797867,219.375,5.5500528e-05,1.7186707e-05
47.56392574797867,221.25,5.444532e-05,1.9305186e-05
47.56392574797867,223.125,5.327576e-05,1.954914e-05
47.56392574797867,225.0,5.4323897e-05,1.9927616e-05
47.56392574797867,226.875,5.549197e-05,1.9148163e-05
47.56392574797867,228.75,5.6849094e-05,1.952172e-05
47.56392574797867,230.625,6.222369e-05,2.3442171e-05
47.56392574797867,232.5,8.0793136e-05,3.324366e-05
47.56392574797867,234.375,0.00010468655,4.4635446e-05
47.56392574797867,236.25,9.8976365e-05,4.3265223e-05
47.56392574797867,238.125,8.53629e-05,3.71419e-05
47.56392574797867,240.0,6.1220126e-05,2.7286524e-05
47.56392574797867,241.875,4.7228903e-05,2.138606e-05
47.56392574797867,243.75,4.131081e-05,1.8724246e-05
47.56392574797867,245.625,2.923538e-05,1.3327825e-05
47.56392574797867,247.5,1.5359097e-05,7.779879e-06
47.56392574797867,249.375,1.1071769e-05,5.9992176e-06
47.56392574797867,251.25,1.05330255e-05,5.72181e-06
47.56392574797867,253.125,1.0864488e-05,5.961389e-06
47.56392574797867,255.0,1.2053203e-05,6.992998e-06
47.56392574797867,256.875,1.20592e-05,7.3838987e-06
47.56392574797867,258.75,1.160253e-05,8.0609e-06
47.56392574797867,260.625,1.1921507e-05,8.873248e-06
47.56392574797867,262.5,1.3054763e-05,9.532974e-06
47.56392574797867,264.375,1.6061105e-05,9.9279605e-06
47.56392574797867,266.25,1.9523919e-05,1.0569581e-05
47.56392574797867,268.125,2.1391279e-05,1.1302917e-05
47.56392574797867,270.0,2.7306372e-05,1.1850096e-05
47.56392574797867,271.875,2.857095e-05,1.1456512e-05
47.56392574797867,273.75,3.107055e-05,1.1888883e-05
47.56392574797867,275.625,2.8174709e-05,1.2459315e-05
47.56392574797867,277.5,3.105273e-05,1.3045801e-05
47.56392574797867,279.375,3.2746597e-05,1.3245072e-05
47.56392574797867,281.25,3.4671084e-05,1.4038683e-05
47.56392574797867,283.125,3.682717e-05,1.5186773e-05
47.56392574797867,285.0,3.8077807e-05,1.5833535e-05
47.56392574797867,286.875,3.814536e-05,1.5790129e-05
47.56392574797867,288.75,3.6961752e-05,1.550762e-05
47.56392574797867,290.625,3.7097416e-05,1.6040349e-05
47.56392574797867,292.5,3.8212358e-05,1.7470225e-05
47.56392574797867,294.375,3.927775e-05,1.8227816e-05
47.56392574797867,296.25,4.441439e-05,1.6695223e-05
47.56392574797867,298.125,4.6361274e-05,1.5150986e-05
47.56392574797867,300.0,4.9345264e-05,1.4874814e-05
47.56392574797867,301.875,5.1822102e-05,1.5276828e-05
47.56392574797867,303.75,4.6192206e-05,1.633594e-05
47.56392574797867,305.625,4.526429e-05,1.5560558e-05
47.56392574797867,307.5,4.797941e-05,1.4664277e-05
47.56392574797867,309.375,4.93455e-05,1.4429882e-05
47.56392574797867,311.25,5.154874e-05,1.4444206e-05
47.56392574797867,313.125,5.2959585e-05,1.535735e-05
47.56392574797867,315.0,5.558707e-05,1.6903565e-05
47.56392574797867,316.875,5.6387446e-05,1.8384328e-05
47.56392574797867,318.75,5.6909612e-05,1.7832519e-05
47.56392574797867,320.625,5.7878176e-05,1.7244556e-05
47.56392574797867,322.5,5.9459147e-05,1.6602044e-05
47.56392574797867,324.375,5.9871225e-05,1.658509e-05
47.56392574797867,326.25,5.901781e-05,1.4763768e-05
47.56392574797867,328.125,5.7220248e-05,1.4100478e-05
47.56392574797867,330.0,5.674352e-05,1.4538726e-05
47.56392574797867,331.875,5.621741e-05,1.5236217e-05
47.56392574797867,333.75,5.5833814e-05,1.5875097e-05
47.56392574797867,335.625,5.3307136e-05,1.511399e-05
47.56392574797867,337.5,5.266358e-05,1.4747266e-05
47.56392574797867,339.375,5.3017327e-05,1.5981848e-05
47.56392574797867,341.25,5.2562402e-05,1.7449525e-05
47.56392574797867,343.125,5.321092e-05,1.9297453e-05
47.56392574797867,345.0,5.249404e-05,2.0180212e-05
47.56392574797867,346.875,5.4204742e-05,2.1741811e-05
47.56392574797867,348.75,5.0478015e-05,1.95986e-05
47.56392574797867,350.625,4.693473e-05,1.7842329e-05
47.56392574797867,352.5,4.609597e-05,1.7721255e-05
47.56392574797867,354.375,4.6610745e-05,1.8275405e-05
47.56392574797867,356.25,5.4802083e-05,2.3720437e-05
47.56392574797867,358.125,4.009761e-05,1.6980995e-05
49.42915369712305,0.0,4.6308796e-05,1.4895894e-05
49.42915369712305,1.875,2.9002475e-05,9.795722e-06
49.42915369712305,3.75,3.7705744e-05,1.3993113e-05
49.42915369712305,5.625,4.6484558e-05,1.8433537e-05
49.42915369712305,7.5,4.735509e-05,1.8280514e-05
49.42915369712305,9.375,4.181362e-05,1.51250115e-05
49.42915369712305,11.25,3.5539644e-05,1.2521926e-05
49.42915369712305,13.125,3.149869e-05,1.10400115e-05
49.42915369712305,15.0,3.050026e-05,1.0260865e-05
49.42915369712305,16.875,2.9111114e-05,9.549069e-06
49.42915369712305,18.75,2.9646517e-05,1.0733629e-05
49.42915369712305,20.625,3.100833e-05,1.2403782e-05
49.42915369712305,22.5,3.1243144e-05,1.3098686e-05
49.42915369712305,24.375,2.883893e-05,1.2356337e-05
49.42915369712305,26.25,2.4766527e-05,1.2059763e-05
49.42915369712305,28.125,2.3148059e-05,1.2847233e-05
49.42915369712305,30.0,2.4556468e-05,1.3637697e-05
49.42915369712305,31.875,2.8309547e-05,1.48602585e-05
49.42915369712305,33.75,2.828495e-05,1.4255954e-05
49.42915369712305,35.625,2.431571e-05,1.2567557e-05
49.42915369712305,37.5,2.0077458e-05,1.0873109e-05
49.42915369712305,39.375,1.7893373e-05,9.7870525e-06
49.42915369712305,41.25,1.8264844e-05,9.783975e-06
49.42915369712305,43.125,1.8441373e-05,9.898087e-06
49.42915369712305,45.0,1.7430122e-05,9.248519e-06
49.42915369712305,46.875,1.6343261e-05,8.678476e-06
49.42915369712305,48.75,1.6212629e-05,9.125819e-06
49.42915369712305,50.625,1.5806838e-05,9.512636e-06
49.42915369712305,52.5,1.5184424e-05,9.489866e-06
49.42915369712305,54.375,1.4811029e-05,9.260717e-06
49.42915369712305,56.25,1.4873474e-05,9.491154e-06
49.42915369712305,58.125,1.4486814e-05,9.496595e-06
49.42915369712305,60.0,1.2748267e-05,8.693562e-06
49.42915369712305,61.875,1.0999468e-05,7.839158e-06
49.42915369712305,63.75,1.088724e-05,7.690065e-06
49.42915369712305,65.625,1.2591863e-05,8.286821e-06
49.42915369712305,67.5,1.4010682e-05,8.8378765e-06
49.42915369712305,69.375,1.3734648e-05,8.356136e-06
49.42915369712305,71.25,1.3516767e-05,7.7765335e-06
49.42915369712305,73.125,1.6089034e-05,8.517693e-06
49.42915369712305,75.0,1.867706e-05,8.983328e-06
49.42915369712305,76.875,1.7615384e-05,7.770261e-06
49.42915369712305,78.75,1.4360794e-05,6.225811e-06
49.42915369712305,80.625,1.5703423e-05,7.034027e-06
49.42915369712305,82.5,2.301033e-05,1.0593286e-05
49.42915369712305,84.375,3.5767454e-05,1.5668518e-05
49.42915369712305,86.25,3.7800084e-05,1.5057901e-05
49.42915369712305,88.125,2.2147819e-05,7.5302137e-06
49.42915369712305,90.0,7.1866803e-06,2.7013139e-06
49.42915369712305,91.875,3.2788876e-06,1.8353292e-06
49.42915369712305,93.75,4.4752737e-06,2.1831318e-06
49.42915369712305,95.625,8.817915e-06,3.7155687e-06
49.42915369712305,97.5,1.7279588e-05,6.915601e-06
49.42915369712305,99.375,1.3413696e-05,4.63642e-06
49.42915369712305,101.25,4.513166e-06,2.4176427e-06
49.42915369712305,103.125,5.7603575e-06,2.8613204e-06
49.42915369712305,105.0,6.2508475e-06,2.6799914e-06
49.42915369712305,106.875,8.087702e-06,3.1148056e-06
49.42915369712305,108.75,1.1056345e-05,4.078852e-06
49.42915369712305,110.625,9.06364e-06,3.6441388e-06
49.42915369712305,112.5,5.3208064e-06,3.1679278e-06
49.42915369712305,114.375,4.6068876e-06,3.1207012e-06
49.42915369712305,116.25,4.574889e-06,3.0386486e-06
49.42915369712305,118.125,6.457316e-06,3.7565155e-06
49.42915369712305,120.0,8.005126e-06,4.0149203e-06
49.42915369712305,121.875,6.8497634e-06,4.160984e-06
49.42915369712305,123.75,7.0410956e-06,4.411043e-06
49.42915369712305,125.625,8.527074e-06,4.651465e-06
49.42915369712305,127.5,1.1393924e-05,5.3189515e-06
49.42915369712305,129.375,1.4628939e-05,6.2454096e-06
49.42915369712305,131.25,1.6049904e-05,6.7412884e-06
49.42915369712305,133.125,1.7387938e-05,7.2576686e-06
49.42915369712305,135.0,1.905351e-05,7.297972e-06
49.42915369712305,136.875,2.0567253e-05,8.557179e-06
49.42915369712305,138.75,2.07364e-05,1.093791e-05
49.42915369712305,140.625,3.5019963e-05,1.3045457e-05
49.42915369712305,142.5,2.4177758e-05,1.2805634e-05
49.42915369712305,144.375,2.5540718e-05,1.3107914e-05
49.42915369712305,146.25,3.2528827e-05,1.3066974e-05
49.42915369712305,148.125,3.6592748e-05,1.2963683e-05
49.42915369712305,150.0,3.7688325e-05,1.22792635e-05
49.42915369712305,151.875,4.141639e-05,1.1468541e-05
49.42915369712305,153.75,4.7713816e-05,1.229673e-05
49.42915369712305,155.625,4.957395e-05,1.4001755e-05
49.42915369712305,157.5,4.8228336e-05,1.5394233e-05
49.42915369712305,159.375,4.6099834e-05,1.5247986e-05
49.42915369712305,161.25,4.6700017e-05,1.4597703e-05
49.42915369712305,163.125,5.3084445e-05,1.425537e-05
49.42915369712305,165.0,5.996347e-05,1.3987312e-05
49.42915369712305,166.875,5.957745e-05,1.3068453e-05
49.42915369712305,168.75,5.670469e-05,1.322386e-05
49.42915369712305,170.625,5.2193525e-05,1.3105941e-05
49.42915369712305,172.5,5.310657e-05,1.2886483e-05
49.42915369712305,174.375,5.5563873e-05,1.3289824e-05
49.42915369712305,176.25,5.8375605e-05,1.3819545e-05
49.42915369712305,178.125,5.8119473e-05,1.3675718e-05
49.42915369712305,180.0,5.7003483e-05,1.2651308e-05
49.42915369712305,181.875,5.684339e-05,1.3264066e-05
49.42915369712305,183.75,5.8571248e-05,1.3967416e-05
49.42915369712305,185.625,5.7954934e-05,1.33115855e-05
49.42915369712305,187.5,5.6693443e-05,1.4427978e-05
49.42915369712305,189.375,5.4801312e-05,1.3863902e-05
49.42915369712305,191.25,5.5482888e-05,1.3601251e-05
49.42915369712305,193.125,5.652143e-05,1.2846451e-05
49.42915369712305,195.0,5.4213637e-05,1.1869827e-05
49.42915369712305,196.875,5.274527e-05,1.1650649e-05
49.42915369712305,198.75,5.1370916e-05,1.2787779e-05
49.42915369712305,200.625,5.372708e-05,1.3244559e-05
49.42915369712305,202.5,5.5364882e-05,1.4057445e-05
49.42915369712305,204.375,5.452007e-05,1.3748936e-05
49.42915369712305,206.25,5.401268e-05,1.3552966e-05
49.42915369712305,208.125,5.6891982e-05,1.490047e-05
49.42915369712305,210.0,6.0644314e-05,1.5504162e-05
49.42915369712305,211.875,6.0011054e-05,1.612876e-05
49.42915369712305,213.75,5.590542e-05,1.5064376e-05
49.42915369712305,215.625,5.056316e-05,1.4292931e-05
49.42915369712305,217.5,5.001986e-05,1.42723975e-05
49.42915369712305,219.375,5.434091e-05,1.6636859e-05
49.42915369712305,221.25,5.9695903e-05,1.9166588e-05
49.42915369712305,223.125,6.0971528e-05,2.010537e-05
49.42915369712305,225.0,5.8653895e-05,1.9705698e-05
49.42915369712305,226.875,5.883256e-05,2.0355346e-05
49.42915369712305,228.75,6.752066e-05,2.2855846e-05
49.42915369712305,230.625,8.992375e-05,3.3409342e-05
49.42915369712305,232.5,0.00011643285,4.7527326e-05
49.42915369712305,234.375,0.00012455085,5.426503e-05
49.42915369712305,236.25,0.00013231488,5.552384e-05
49.42915369712305,238.125,0.0001136441,4.653389e-05
49.42915369712305,240.0,8.3334184e-05,3.3968674e-05
49.42915369712305,241.875,5.3407224e-05,2.2109816e-05
49.42915369712305,243.75,2.976452e-05,1.2980675e-05
49.42915369712305,245.625,1.4313743e-05,7.6219835e-06
49.42915369712305,247.5,9.9244035e-06,6.188217e-06
49.42915369712305,249.375,9.310181e-06,5.870632e-06
49.42915369712305,251.25,9.565974e-06,5.724921e-06
49.42915369712305,253.125,1.0851312e-05,6.0115167e-06
49.42915369712305,255.0,1.1692646e-05,6.482163e-06
49.42915369712305,256.875,1.084576e-05,6.492601e-06
49.42915369712305,258.75,1.0239356e-05,6.8352188e-06
49.42915369712305,260.625,1.1096795e-05,7.912881e-06
49.42915369712305,262.5,1.3490123e-05,8.917838e-06
49.42915369712305,264.375,1.6625236e-05,9.418712e-06
49.42915369712305,266.25,1.8881407e-05,9.2076925e-06
49.42915369712305,268.125,1.8635714e-05,9.366636e-06
49.42915369712305,270.0,1.8860595e-05,1.0096061e-05
49.42915369712305,271.875,2.016542e-05,1.06718135e-05
49.42915369712305,273.75,2.2391761e-05,1.0629564e-05
49.42915369712305,275.625,2.4952493e-05,1.0799242e-05
49.42915369712305,277.5,2.820075e-05,1.1133035e-05
49.42915369712305,279.375,3.278117e-05,1.12876805e-05
49.42915369712305,281.25,3.5685724e-05,1.2096634e-05
49.42915369712305,283.125,3.7664828e-05,1.2930228e-05
49.42915369712305,285.0,3.8205108e-05,1.4409651e-05
49.42915369712305,286.875,3.7310274e-05,1.4917667e-05
49.42915369712305,288.75,3.5904897e-05,1.4498607e-05
49.42915369712305,290.625,3.5316378e-05,1.5009884e-05
49.42915369712305,292.5,3.6332036e-05,1.7188384e-05
49.42915369712305,294.375,3.8747607e-05,1.9347093e-05
49.42915369712305,296.25,4.129143e-05,1.8398234e-05
49.42915369712305,298.125,4.170926e-05,1.612393e-05
49.42915369712305,300.0,4.517177e-05,1.5443204e-05
49.42915369712305,301.875,4.207085e-05,1.4782636e-05
49.42915369712305,303.75,4.206707e-05,1.4919942e-05
49.42915369712305,305.625,4.3318047e-05,1.4129241e-05
49.42915369712305,307.5,4.2122403e-05,1.3157194e-05
49.42915369712305,309.375,4.5315293e-05,1.3793795e-05
49.42915369712305,311.25,4.957179e-05,1.3947096e-05
49.42915369712305,313.125,5.2261486e-05,1.33376425e-05
49.42915369712305,315.0,5.441251e-05,1.4047632e-05
49.42915369712305,316.875,5.500679e-05,1.5841157e-05
49.42915369712305,318.75,5.5485085e-05,1.5917447e-05
49.42915369712305,320.625,5.692955e-05,1.5430649e-05
49.42915369712305,322.5,5.7294987e-05,1.528127e-05
49.42915369712305,324.375,5.6787405e-05,1.4759865e-05
49.42915369712305,326.25,5.482451e-05,1.4764592e-05
49.42915369712305,328.125,5.327952e-05,1.5011357e-05
49.42915369712305,330.0,5.4449087e-05,1.4724678e-05
49.42915369712305,331.875,5.6808927e-05,1.4471937e-05
49.42915369712305,333.75,5.9387377e-05,1.5228754e-05
49.42915369712305,335.625,5.7130757e-05,1.5106199e-05
49.42915369712305,337.5,5.462204e-05,1.5025934e-05
49.42915369712305,339.375,5.2424864e-05,1.561038e-05
49.42915369712305,341.25,4.982924e-05,1.5433012e-05
49.42915369712305,343.125,4.9009825e-05,1.6080889e-05
49.42915369712305,345.0,5.179359e-05,1.893821e-05
49.42915369712305,346.875,5.321009e-05,1.846513e-05
49.42915369712305,348.75,5.049956e-05,1.7776916e-05
49.42915369712305,350.625,5.005059e-05,1.7231596e-05
49.42915369712305,352.5,5.1349885e-05,1.8674911e-05
49.42915369712305,354.375,5.2883508e-05,1.9821593e-05
49.42915369712305,356.25,5.354905e-05,1.9834984e-05
49.42915369712305,358.125,5.1129548e-05,1.8406326e-05
51.29437713895115,0.0,2.7771848e-05,1.098436e-05
51.29437713895115,1.875,4.522097e-05,1.5849013e-05
51.29437713895115,3.75,5.2379582e-05,1.7721997e-05
51.29437713895115,5.625,3.662963e-05,1.3907827e-05
51.29437713895115,7.5,3.7710437e-05,1.4927883e-05
51.29437713895115,9.375,3.3192027e-05,1.3089268e-05
51.29437713895115,11.25,2.7340404e-05,1.0574443e-05
51.29437713895115,13.125,2.4485918e-05,9.376309e-06
51.29437713895115,15.0,2.5457395e-05,9.374972e-06
51.29437713895115,16.875,2.8322436e-05,1.00146835e-05
51.29437713895115,18.75,3.0319523e-05,1.1226683e-05
51.29437713895115,20.625,3.1416548e-05,1.1693704e-05
51.29437713895115,22.5,3.0038838e-05,1.1251763e-05
51.29437713895115,24.375,2.6580938e-05,1.0372667e-05
51.29437713895115,26.25,2.3110062e-05,1.0084848e-05
51.29437713895115,28.125,2.2819582e-05,1.0901229e-05
51.29437713895115,30.0,2.7360094e-05,1.2741423e-05
51.29437713895115,31.875,3.268653e-05,1.4638372e-05
51.29437713895115,33.75,3.4862427e-05,1.4827555e-05
51.29437713895115,35.625,3.2465734e-05,1.3843969e-05
51.29437713895115,37.5,3.042946e-05,1.3609133e-05
51.29437713895115,39.375,2.9230472e-05,1.379327e-05
51.29437713895115,41.25,2.8071676e-05,1.3733244e-05
51.29437713895115,43.125,2.5930889e-05,1.3261029e-05
51.29437713895115,45.0,2.2252947e-05,1.1965811e-05
51.29437713895115,46.875,1.9060843e-05,1.0541124e-05
51.29437713895115,48.75,1.743708e-05,9.457315e-06
51.29437713895115,50.625,1.7362998e-05,9.868388e-06
51.29437713895115,52.5,1.8951941e-05,1.13866945e-05
51.29437713895115,54.375,2.0663725e-05,1.2433983e-05
51.29437713895115,56.25,2.1512918e-05,1.2718882e-05
51.29437713895115,58.125,1.9975012e-05,1.1556104e-05
51.29437713895115,60.0,1.6592328e-05,9.97729e-06
51.29437713895115,61.875,1.4120366e-05,8.957397e-06
51.29437713895115,63.75,1.3335329e-05,8.520773e-06
51.29437713895115,65.625,1.4924893e-05,9.009875e-06
51.29437713895115,67.5,1.648489e-05,9.721668e-06
51.29437713895115,69.375,1.6429192e-05,9.272188e-06
51.29437713895115,71.25,1.4370217e-05,7.755567e-06
51.29437713895115,73.125,1.1982659e-05,6.5810136e-06
51.29437713895115,75.0,1.0170628e-05,5.604514e-06
51.29437713895115,76.875,8.4096355e-06,4.524492e-06
51.29437713895115,78.75,8.137822e-06,4.181234e-06
51.29437713895115,80.625,1.3956707e-05,6.828255e-06
51.29437713895115,82.5,2.7330403e-05,1.2523118e-05
51.29437713895115,84.375,4.4661734e-05,1.7626686e-05
51.29437713895115,86.25,4.231765e-05,1.5413056e-05
51.29437713895115,88.125,2.378165e-05,8.147885e-06
51.29437713895115,90.0,8.764104e-06,4.179951e-06
51.29437713895115,91.875,6.093458e-06,2.7158421e-06
51.29437713895115,93.75,1.0424608e-05,3.8605226e-06
51.29437713895115,95.625,2.2787786e-05,8.836152e-06
51.29437713895115,97.5,3.5790086e-05,1.2151579e-05
51.29437713895115,99.375,2.0695496e-05,5.9695963e-06
51.29437713895115,101.25,5.646937e-06,2.4474482e-06
51.29437713895115,103.125,6.1089936e-06,3.003218e-06
51.29437713895115,105.0,6.296626e-06,2.9305927e-06
51.29437713895115,106.875,7.949321e-06,3.193889e-06
51.29437713895115,108.75,1.3080634e-05,5.167338e-06
51.29437713895115,110.625,1.1972356e-05,4.230477e-06
51.29437713895115,112.5,5.065957e-06,2.9616078e-06
51.29437713895115,114.375,4.150978e-06,2.9894686e-06
51.29437713895115,116.25,4.5124484e-06,3.1032507e-06
51.29437713895115,118.125,6.6006123e-06,3.861228e-06
51.29437713895115,120.0,9.358966e-06,4.3774885e-06
51.29437713895115,121.875,8.667689e-06,4.5298034e-06
51.29437713895115,123.75,8.142798e-06,4.9097107e-06
51.29437713895115,125.625,9.149477e-06,5.115572e-06
51.29437713895115,127.5,1.2245727e-05,5.738299e-06
51.29437713895115,129.375,1.5856938e-05,6.6037555e-06
51.29437713895115,131.25,1.7732578e-05,7.371275e-06
51.29437713895115,133.125,1.7477487e-05,7.800041e-06
51.29437713895115,135.0,1.7497587e-05,8.014391e-06
51.29437713895115,136.875,1.8404246e-05,9.250439e-06
51.29437713895115,138.75,2.1061871e-05,1.2263388e-05
51.29437713895115,140.625,2.3259945e-05,1.39444055e-05
51.29437713895115,142.5,2.3448973e-05,1.2751981e-05
51.29437713895115,144.375,3.306742e-05,1.1560064e-05
51.29437713895115,146.25,3.8680257e-05,1.1089542e-05
51.29437713895115,148.125,3.743547e-05,1.193508e-05
51.29437713895115,150.0,3.6723133e-05,1.2513759e-05
51.29437713895115,151.875,3.870883e-05,1.1969383e-05
51.29437713895115,153.75,4.5491215e-05,1.2823415e-05
51.29437713895115,155.625,5.1338597e-05,1.499551e-05
51.29437713895115,157.5,5.090515e-05,1.6070695e-05
51.29437713895115,159.375,4.8453716e-05,1.5975129e-05
51.29437713895115,161.25,4.4413904e-05,1.5283036e-05
51.29437713895115,163.125,4.311927e-05,1.3730859e-05
51.29437713895115,165.0,4.7011934e-05,1.270479e-05
51.29437713895115,166.875,5.379405e-05,1.3794825e-05
51.29437713895115,168.75,5.4439046e-05,1.3169477e-05
51.29437713895115,170.625,5.3557902e-05,1.3506835e-05
51.29437713895115,172.5,5.1783234e-05,1.3434052e-05
51.29437713895115,174.375,5.2213298e-05,1.3466855e-05
51.29437713895115,176.25,5.2666328e-05,1.32910745e-05
51.29437713895115,178.125,5.1751387e-05,1.2097278e-05
51.29437713895115,180.0,5.2079704e-05,1.1838055e-05
51.29437713895115,181.875,5.273408e-05,1.1552809e-05
51.29437713895115,183.75,5.4136803e-05,1.3320998e-05
51.29437713895115,185.625,5.373863e-05,1.3112591e-05
51.29437713895115,187.5,5.31048e-05,1.2622569e-05
51.29437713895115,189.375,5.2941312e-05,1.3348796e-05
51.29437713895115,191.25,5.217906e-05,1.41308965e-05
51.29437713895115,193.125,4.9774386e-05,1.2917601e-05
51.29437713895115,195.0,4.85683e-05,1.2362991e-05
51.29437713895115,196.875,4.720846e-05,1.1638103e-05
51.29437713895115,198.75,5.056666e-05,1.1798048e-05
51.29437713895115,200.625,5.3373686e-05,1.30249055e-05
51.29437713895115,202.5,5.3945576e-05,1.40175225e-05
51.29437713895115,204.375,5.024123e-05,1.3320277e-05
51.29437713895115,206.25,4.545737e-05,1.0360437e-05
51.29437713895115,208.125,4.5183842e-05,1.1530662e-05
51.29437713895115,210.0,4.7842634e-05,1.1857672e-05
51.29437713895115,211.875,4.937703e-05,1.2768005e-05
51.29437713895115,213.75,4.8915143e-05,1.24667395e-05
51.29437713895115,215.625,4.8722493e-05,1.257427e-05
51.29437713895115,217.5,5.224543e-05,1.4897095e-05
51.29437713895115,219.375,5.85072e-05,1.5654457e-05
51.29437713895115,221.25,6.0454757e-05,1.6885484e-05
51.29437713895115,223.125,5.7084308e-05,1.674765e-05
51.29437713895115,225.0,5.4853186e-05,1.6726912e-05
51.29437713895115,226.875,6.0362163e-05,2.0035282e-05
51.29437713895115,228.75,8.4664614e-05,2.9066437e-05
51.29437713895115,230.625,0.000112025526,4.1014777e-05
51.29437713895115,232.5,0.00011655858,4.97781e-05
51.29437713895115,234.375,0.00012027999,4.9864608e-05
51.29437713895115,236.25,9.6400225e-05,3.9007136e-05
51.29437713895115,238.125,6.874564e-05,2.6718575e-05
51.29437713895115,240.0,4.640847e-05,1.7365895e-05
51.29437713895115,241.875,2.8068269e-05,1.0661362e-05
51.29437713895115,243.75,1.4629431e-05,6.9327125e-06
51.29437713895115,245.625,1.0030584e-05,6.1381256e-06
51.29437713895115,247.5,9.138636e-06,6.0749044e-06
51.29437713895115,249.375,9.25783e-06,5.663429e-06
51.29437713895115,251.25,9.960208e-06,5.6090234e-06
51.29437713895115,253.125,1.1356651e-05,6.08486e-06
51.29437713895115,255.0,1.1453609e-05,6.367495e-06
51.29437713895115,256.875,1.0620824e-05,6.4202245e-06
51.29437713895115,258.75,1.0556044e-05,6.5382646e-06
51.29437713895115,260.625,1.2110716e-05,7.3695423e-06
51.29437713895115,262.5,1.4853444e-05,8.270631e-06
51.29437713895115,264.375,1.708624e-05,8.602919e-06
51.29437713895115,266.25,1.8053752e-05,8.301716e-06
51.29437713895115,268.125,1.8062736e-05,8.413111e-06
51.29437713895115,270.0,1.9128343e-05,9.164076e-06
51.29437713895115,271.875,2.151514e-05,1.0002596e-05
51.29437713895115,273.75,2.2903676e-05,1.0461441e-05
51.29437713895115,275.625,2.3158002e-05,1.02455115e-05
51.29437713895115,277.5,2.3170858e-05,1.01552405e-05
51.29437713895115,279.375,2.6447648e-05,1.0318999e-05
51.29437713895115,281.25,3.1211046e-05,1.11070885e-05
51.29437713895115,283.125,3.668667e-05,1.1603673e-05
51.29437713895115,285.0,3.7629754e-05,1.185548e-05
51.29437713895115,286.875,3.587316e-05,1.252831e-05
51.29437713895115,288.75,3.4906378e-05,1.3167527e-05
51.29437713895115,290.625,3.4597902e-05,1.4125609e-05
51.29437713895115,292.5,3.4812227e-05,1.5922811e-05
51.29437713895115,294.375,3.6176338e-05,1.832895e-05
51.29437713895115,296.25,3.7538208e-05,1.9198807e-05
51.29437713895115,298.125,3.825575e-05,1.7160097e-05
51.29437713895115,300.0,3.9567025e-05,1.5088077e-05
51.29437713895115,301.875,4.0959272e-05,1.4603959e-05
51.29437713895115,303.75,4.5413984e-05,1.5026551e-05
51.29437713895115,305.625,4.180547e-05,1.4279879e-05
51.29437713895115,307.5,3.997528e-05,1.2863538e-05
51.29437713895115,309.375,4.1504492e-05,1.2141615e-05
51.29437713895115,311.25,4.537663e-05,1.2726942e-05
51.29437713895115,313.125,4.873112e-05,1.2770614e-05
51.29437713895115,315.0,4.9401995e-05,1.2188952e-05
51.29437713895115,316.875,5.007031e-05,1.2968235e-05
51.29437713895115,318.75,4.945324e-05,1.4286972e-05
51.29437713895115,320.625,5.097303e-05,1.40676975e-05
51.29437713895115,322.5,5.2214815e-05,1.3659163e-05
51.29437713895115,324.375,5.3935717e-05,1.4864314e-05
51.29437713895115,326.25,5.296064e-05,1.5341948e-05
51.29437713895115,328.125,5.157581e-05,1.4969624e-05
51.29437713895115,330.0,5.097619e-05,1.4949058e-05
51.29437713895115,331.875,5.1450843e-05,1.4796671e-05
51.29437713895115,333.75,5.2199477e-05,1.4853877e-05
51.29437713895115,335.625,5.349758e-05,1.5471402e-05
51.29437713895115,337.5,5.5299046e-05,1.5864201e-05
51.29437713895115,339.375,5.654444e-05,1.5545953e-05
51.29437713895115,341.25,5.667765e-05,1.5664325e-05
51.29437713895115,343.125,5.7112702e-05,1.668512e-05
51.29437713895115,345.0,5.5406672e-05,1.5704461e-05
51.29437713895115,346.875,5.3258816e-05,1.7609707e-05
51.29437713895115,348.75,5.1255094e-05,1.7112256e-05
51.29437713895115,350.625,5.199384e-05,1.6874543e-05
51.29437713895115,352.5,5.558083e-05,1.9301515e-05
51.29437713895115,354.375,5.658719e-05,2.1870284e-05
51.29437713895115,356.25,3.244116e-05,1.3518476e-05
51.29437713895115,358.125,2.9993244e-05,1.19630595e-05
53.15959537001968,0.0,3.1364198e-05,1.2344406e-05
53.15959537001968,1.875,4.853378e-05,1.6102764e-05
53.15959537001968,3.75,5.1786286e-05,1.5459269e-05
53.15959537001968,5.625,5.7776255e-05,1.9753765e-05
53.15959537001968,7.5,3.2957854e-05,1.3664626e-05
53.15959537001968,9.375,3.069056e-05,1.2736032e-05
53.15959537001968,11.25,2.6976748e-05,1.0732869e-05
53.15959537001968,13.125,2.383798e-05,9.132778e-06
53.15959537001968,15.0,2.2369195e-05,8.723469e-06
53.15959537001968,16.875,2.2437707e-05,9.045581e-06
53.15959537001968,18.75,2.3431076e-05,9.960439e-06
53.15959537001968,20.625,2.5242414e-05,1.0782713e-05
53.15959537001968,22.5,2.7707163e-05,1.12967e-05
53.15959537001968,24.375,2.9476376e-05,1.12092275e-05
53.15959537001968,26.25,2.9415609e-05,1.124029e-05
53.15959537001968,28.125,2.9320447e-05,1.1626225e-05
53.15959537001968,30.0,3.0125748e-05,1.2273522e-05
53.15959537001968,31.875,3.0673178e-05,1.2939733e-05
53.15959537001968,33.75,2.9732471e-05,1.2205224e-05
53.15959537001968,35.625,2.8009128e-05,1.1390655e-05
53.15959537001968,37.5,2.746273e-05,1.1389641e-05
53.15959537001968,39.375,2.8335964e-05,1.2225762e-05
53.15959537001968,41.25,2.8840526e-05,1.2655168e-05
53.15959537001968,43.125,2.6884505e-05,1.1846234e-05
53.15959537001968,45.0,2.365294e-05,1.0516493e-05
53.15959537001968,46.875,2.1085818e-05,9.72221e-06
53.15959537001968,48.75,2.0037824e-05,9.905946e-06
53.15959537001968,50.625,2.090679e-05,1.1228836e-05
53.15959537001968,52.5,2.451829e-05,1.3697489e-05
53.15959537001968,54.375,2.8486545e-05,1.5737269e-05
53.15959537001968,56.25,2.9079727e-05,1.5358046e-05
53.15959537001968,58.125,2.5700489e-05,1.3334053e-05
53.15959537001968,60.0,1.9911e-05,1.0642965e-05
53.15959537001968,61.875,1.663046e-05,9.468973e-06
53.15959537001968,63.75,1.5970674e-05,9.042651e-06
53.15959537001968,65.625,1.7909219e-05,9.221611e-06
53.15959537001968,67.5,2.0004798e-05,9.740648e-06
53.15959537001968,69.375,1.9274745e-05,9.2477885e-06
53.15959537001968,71.25,1.5684136e-05,7.594297e-06
53.15959537001968,73.125,1.2978408e-05,6.253971e-06
53.15959537001968,75.0,1.1152456e-05,5.2708533e-06
53.15959537001968,76.875,1.0944372e-05,5.0873805e-06
53.15959537001968,78.75,1.2682986e-05,5.8440064e-06
53.15959537001968,80.625,1.7832715e-05,8.280687e-06
53.15959537001968,82.5,2.7228809e-05,1.186163e-05
53.15959537001968,84.375,3.7705337e-05,1.51114255e-05
53.15959537001968,86.25,3.8281152e-05,1.4198527e-05
53.15959537001968,88.125,3.1100626e-05,1.1474727e-05
53.15959537001968,90.0,2.1871852e-05,8.551161e-06
53.15959537001968,91.875,1.9548685e-05,7.83022e-06
53.15959537001968,93.75,2.7117567e-05,9.840995e-06
53.15959537001968,95.625,4.113757e-05,1.3708902e-05
53.15959537001968,97.5,3.7094273e-05,1.137588e-05
53.15959537001968,99.375,2.1813647e-05,6.681437e-06
53.15959537001968,101.25,8.353212e-06,3.4469438e-06
53.15959537001968,103.125,6.770016e-06,3.095798e-06
53.15959537001968,105.0,6.5941877e-06,2.8253878e-06
53.15959537001968,106.875,1.1897138e-05,5.068407e-06
53.15959537001968,108.75,1.9220583e-05,6.9072184e-06
53.15959537001968,110.625,1.4166863e-05,4.657422e-06
53.15959537001968,112.5,5.3285935e-06,2.753303e-06
53.15959537001968,114.375,4.036203e-06,2.6994455e-06
53.15959537001968,116.25,4.4908284e-06,2.773e-06
53.15959537001968,118.125,6.5785857e-06,3.5232417e-06
53.15959537001968,120.0,8.520829e-06,4.0870686e-06
53.15959537001968,121.875,8.859281e-06,4.349764e-06
53.15959537001968,123.75,8.74867e-06,4.6463438e-06
53.15959537001968,125.625,8.931e-06,4.5746947e-06
53.15959537001968,127.5,1.13330925e-05,5.1368925e-06
53.15959537001968,129.375,1.36381095e-05,5.823608e-06
53.15959537001968,131.25,1.4643843e-05,6.167566e-06
53.15959537001968,133.125,1.4392663e-05,6.6771186e-06
53.15959537001968,135.0,1.5388568e-05,8.192489e-06
53.15959537001968,136.875,1.7457658e-05,1.0841809e-05
53.15959537001968,138.75,2.160586e-05,1.4374271e-05
53.15959537001968,140.625,2.240269e-05,1.3771898e-05
53.15959537001968,142.5,2.976461e-05,9.728797e-06
53.15959537001968,144.375,3.445081e-05,9.34655e-06
53.15959537001968,146.25,3.669035e-05,1.0326057e-05
53.15959537001968,148.125,3.7072812e-05,1.1568888e-05
53.15959537001968,150.0,3.7400896e-05,1.1521947e-05
53.15959537001968,151.875,4.1204337e-05,1.257001e-05
53.15959537001968,153.75,5.0325878e-05,1.5146476e-05
53.15959537001968,155.625,4.3084434e-05,1.5948093e-05
53.15959537001968,157.5,4.3022308e-05,1.6329346e-05
53.15959537001968,159.375,4.957683e-05,1.5665471e-05
53.15959537001968,161.25,4.666655e-05,1.5591677e-05
53.15959537001968,163.125,4.1983276e-05,1.4346705e-05
53.15959537001968,165.0,3.7480193e-05,1.137958e-05
53.15959537001968,166.875,3.9354614e-05,1.0987443e-05
53.15959537001968,168.75,4.6322737e-05,1.1974069e-05
53.15959537001968,170.625,5.1002346e-05,1.3186139e-05
53.15959537001968,172.5,5.2442836e-05,1.4129738e-05
53.15959537001968,174.375,5.085903e-05,1.4094817e-05
53.15959537001968,176.25,4.917487e-05,1.2844144e-05
53.15959537001968,178.125,4.7745314e-05,1.1556535e-05
53.15959537001968,180.0,4.718263e-05,1.2112931e-05
53.15959537001968,181.875,4.796073e-05,1.1988254e-05
53.15959537001968,183.75,4.8007198e-05,1.148472e-05
53.15959537001968,185.625,4.8053622e-05,1.19185e-05
53.15959537001968,187.5,4.8666167e-05,1.1783791e-05
53.15959537001968,189.375,4.913479e-05,1.2232362e-05
53.15959537001968,191.25,4.8671165e-05,1.38757305e-05
53.15959537001968,193.125,4.7686444e-05,1.3640114e-05
53.15959537001968,195.0,4.59406e-05,1.268075e-05
53.15959537001968,196.875,4.5185127e-05,1.1895544e-05
53.15959537001968,198.75,4.6273566e-05,1.1995438e-05
53.15959537001968,200.625,4.7765217e-05,1.2659934e-05
53.15959537001968,202.5,4.8385697e-05,1.3573324e-05
53.15959537001968,204.375,4.705657e-05,1.4228272e-05
53.15959537001968,206.25,4.599874e-05,1.3362992e-05
53.15959537001968,208.125,4.6938374e-05,1.372159e-05
53.15959537001968,210.0,4.876566e-05,1.4320867e-05
53.15959537001968,211.875,5.080622e-05,1.4374177e-05
53.15959537001968,213.75,5.159777e-05,1.3496578e-05
53.15959537001968,215.625,5.3333322e-05,1.4415547e-05
53.15959537001968,217.5,5.56135e-05,1.504979e-05
53.15959537001968,219.375,5.580902e-05,1.4546272e-05
53.15959537001968,221.25,5.2703108e-05,1.3490439e-05
53.15959537001968,223.125,5.048149e-05,1.3887512e-05
53.15959537001968,225.0,5.4760716e-05,1.6179469e-05
53.15959537001968,226.875,7.425394e-05,2.4113326e-05
53.15959537001968,228.75,0.000101337835,3.638738e-05
53.15959537001968,230.625,0.00012327319,4.7178233e-05
53.15959537001968,232.5,0.00010937326,4.5179764e-05
53.15959537001968,234.375,8.5769665e-05,3.4292356e-05
53.15959537001968,236.25,5.406614e-05,2.112253e-05
53.15959537001968,238.125,3.224172e-05,1.32461555e-05
53.15959537001968,240.0,2.2169725e-05,1.023385e-05
53.15959537001968,241.875,1.603532e-05,7.817587e-06
53.15959537001968,243.75,1.21622425e-05,6.1462947e-06
53.15959537001968,245.625,1.0482136e-05,5.612928e-06
53.15959537001968,247.5,9.98765e-06,5.845089e-06
53.15959537001968,249.375,9.8726305e-06,5.942918e-06
53.15959537001968,251.25,1.0653985e-05,6.2252557e-06
53.15959537001968,253.125,1.2207157e-05,6.6044545e-06
53.15959537001968,255.0,1.2288939e-05,6.8522363e-06
53.15959537001968,256.875,1.1957188e-05,6.9866664e-06
53.15959537001968,258.75,1.2487356e-05,7.296634e-06
53.15959537001968,260.625,1.3224672e-05,7.2690036e-06
53.15959537001968,262.5,2.0418493e-05,7.648962e-06
53.15959537001968,264.375,1.7073868e-05,6.9125176e-06
53.15959537001968,266.25,1.7332932e-05,6.5826457e-06
53.15959537001968,268.125,1.8053164e-05,7.226649e-06
53.15959537001968,270.0,2.0364514e-05,8.068342e-06
53.15959537001968,271.875,2.2944512e-05,8.838769e-06
53.15959537001968,273.75,2.2472697e-05,9.186484e-06
53.15959537001968,275.625,2.0568503e-05,9.558066e-06
53.15959537001968,277.5,1.9645633e-05,9.623084e-06
53.15959537001968,279.375,2.8688959e-05,9.596951e-06
53.15959537001968,281.25,2.8765618e-05,1.0225517e-05
53.15959537001968,283.125,3.6037727e-05,1.0990698e-05
53.15959537001968,285.0,3.6285728e-05,1.087856e-05
53.15959537001968,286.875,3.278004e-05,1.0517421e-05
53.15959537001968,288.75,3.0521587e-05,1.05082945e-05
53.15959537001968,290.625,2.9868896e-05,1.1078833e-05
53.15959537001968,292.5,2.974859e-05,1.2120602e-05
53.15959537001968,294.375,2.9858544e-05,1.3329889e-05
53.15959537001968,296.25,3.1781197e-05,1.4797506e-05
53.15959537001968,298.125,3.50933e-05,1.4890307e-05
53.15959537001968,300.0,3.81818e-05,1.4573714e-05
53.15959537001968,301.875,4.0483243e-05,1.5585772e-05
53.15959537001968,303.75,3.831855e-05,1.5353762e-05
53.15959537001968,305.625,3.7194615e-05,1.2877389e-05
53.15959537001968,307.5,3.7447113e-05,1.1837323e-05
53.15959537001968,309.375,4.0750736e-05,1.2370988e-05
53.15959537001968,311.25,4.4679047e-05,1.2057966e-05
53.15959537001968,313.125,4.6934896e-05,1.1970558e-05
53.15959537001968,315.0,4.7956466e-05,1.2358104e-05
53.15959537001968,316.875,4.7538728e-05,1.380061e-05
53.15959537001968,318.75,4.7873487e-05,1.3862333e-05
53.15959537001968,320.625,4.9342456e-05,1.4585288e-05
53.15959537001968,322.5,5.086676e-05,1.5470247e-05
53.15959537001968,324.375,5.3297645e-05,1.524013e-05
53.15959537001968,326.25,5.2731688e-05,1.4738948e-05
53.15959537001968,328.125,5.144623e-05,1.37140105e-05
53.15959537001968,330.0,4.992455e-05,1.4307591e-05
53.15959537001968,331.875,4.8718564e-05,1.4401732e-05
53.15959537001968,333.75,4.7647547e-05,1.51718805e-05
53.15959537001968,335.625,4.9247803e-05,1.5781727e-05
53.15959537001968,337.5,5.0628994e-05,1.5115872e-05
53.15959537001968,339.375,5.3922766e-05,1.4856192e-05
53.15959537001968,341.25,5.799745e-05,1.4912264e-05
53.15959537001968,343.125,6.0617596e-05,1.7760123e-05
53.15959537001968,345.0,6.182226e-05,1.7941327e-05
53.15959537001968,346.875,5.9224363e-05,1.9118352e-05
53.15959537001968,348.75,5.614494e-05,1.938806e-05
53.15959537001968,350.625,3.7428326e-05,1.3294845e-05
53.15959537001968,352.5,4.0291903e-05,1.493184e-05
53.15959537001968,354.375,5.7438043e-05,1.955478e-05
53.15959537001968,356.25,3.5163688e-05,1.375616e-05
53.15959537001968,358.125,3.3686418e-05,1.28963875e-05
55.02480753831166,0.0,4.186461e-05,1.2167726e-05
55.02480753831166,1.875,4.0473853e-05,1.1299045e-05
55.02480753831166,3.75,4.2050102e-05,1.2661352e-05
55.02480753831166,5.625,4.6933066e-05,1.6158569e-05
55.02480753831166,7.5,4.8524766e-05,1.8773651e-05
55.02480753831166,9.375,2.6998321e-05,1.2167074e-05
55.02480753831166,11.25,2.9890864e-05,1.1997881e-05
55.02480753831166,13.125,4.148271e-05,1.2678434e-05
55.02480753831166,15.0,3.8765604e-05,1.1999593e-05
55.02480753831166,16.875,3.775051e-05,1.1818259e-05
55.02480753831166,18.75,3.6929385e-05,1.3102083e-05
55.02480753831166,20.625,2.3620918e-05,1.0402005e-05
55.02480753831166,22.5,2.7373597e-05,1.144861e-05
55.02480753831166,24.375,3.202718e-05,1.227626e-05
55.02480753831166,26.25,3.5346e-05,1.2452161e-05
55.02480753831166,28.125,3.666962e-05,1.2512866e-05
55.02480753831166,30.0,3.6148034e-05,1.2199378e-05
55.02480753831166,31.875,3.395842e-05,1.230241e-05
55.02480753831166,33.75,3.0905427e-05,1.2608928e-05
55.02480753831166,35.625,2.7621974e-05,1.1431684e-05
55.02480753831166,37.5,2.561526e-05,1.0649301e-05
55.02480753831166,39.375,2.5413232e-05,1.0771778e-05
55.02480753831166,41.25,2.6251106e-05,1.1021802e-05
55.02480753831166,43.125,2.725627e-05,1.1123704e-05
55.02480753831166,45.0,2.751629e-05,1.0939976e-05
55.02480753831166,46.875,2.7821497e-05,1.1405963e-05
55.02480753831166,48.75,2.7911463e-05,1.2063671e-05
55.02480753831166,50.625,2.859971e-05,1.3133029e-05
55.02480753831166,52.5,3.0163075e-05,1.4524193e-05
55.02480753831166,54.375,3.0432446e-05,1.4424982e-05
55.02480753831166,56.25,2.9264847e-05,1.3322729e-05
55.02480753831166,58.125,2.536259e-05,1.13949045e-05
55.02480753831166,60.0,2.0030107e-05,9.513765e-06
55.02480753831166,61.875,1.6644735e-05,8.516557e-06
55.02480753831166,63.75,1.5739666e-05,8.191148e-06
55.02480753831166,65.625,1.6845403e-05,8.218905e-06
55.02480753831166,67.5,1.846765e-05,8.544619e-06
55.02480753831166,69.375,1.8157543e-05,8.468292e-06
55.02480753831166,71.25,1.6539392e-05,7.745859e-06
55.02480753831166,73.125,1.6129175e-05,7.4658738e-06
55.02480753831166,75.0,1.913014e-05,8.319416e-06
55.02480753831166,76.875,2.3670345e-05,1.0093786e-05
55.02480753831166,78.75,2.675657e-05,1.107757e-05
55.02480753831166,80.625,2.6088377e-05,1.0727967e-05
55.02480753831166,82.5,2.4723233e-05,9.906844e-06
55.02480753831166,84.375,2.4671575e-05,9.43076e-06
55.02480753831166,86.25,2.731633e-05,9.631499e-06
55.02480753831166,88.125,3.2603464e-05,1.1273966e-05
55.02480753831166,90.0,3.390876e-05,1.1760648e-05
55.02480753831166,91.875,3.2522512e-05,1.111556e-05
55.02480753831166,93.75,3.091926e-05,1.07920205e-05
55.02480753831166,95.625,2.849293e-05,9.805656e-06
55.02480753831166,97.5,2.352362e-05,8.435789e-06
55.02480753831166,99.375,1.7288916e-05,6.7588107e-06
55.02480753831166,101.25,1.3585785e-05,5.9690774e-06
55.02480753831166,103.125,1.5283587e-05,6.194492e-06
55.02480753831166,105.0,2.319052e-05,7.612897e-06
55.02480753831166,106.875,3.11695e-05,9.425224e-06
55.02480753831166,108.75,2.808069e-05,8.742191e-06
55.02480753831166,110.625,1.7040387e-05,5.0885815e-06
55.02480753831166,112.5,8.431903e-06,2.9050457e-06
55.02480753831166,114.375,5.8063188e-06,2.6512107e-06
55.02480753831166,116.25,5.8879045e-06,2.9146654e-06
55.02480753831166,118.125,6.880495e-06,3.1463644e-06
55.02480753831166,120.0,7.62886e-06,3.4426205e-06
55.02480753831166,121.875,7.825982e-06,3.947751e-06
55.02480753831166,123.75,8.04362e-06,4.283049e-06
55.02480753831166,125.625,8.21591e-06,4.2178535e-06
55.02480753831166,127.5,9.428602e-06,4.3599384e-06
55.02480753831166,129.375,1.0404543e-05,4.4845146e-06
55.02480753831166,131.25,1.0448941e-05,4.7168483e-06
55.02480753831166,133.125,1.0810705e-05,5.684168e-06
55.02480753831166,135.0,1.2593442e-05,7.773072e-06
55.02480753831166,136.875,1.5449727e-05,1.0908019e-05
55.02480753831166,138.75,2.6567546e-05,1.4494954e-05
55.02480753831166,140.625,3.544004e-05,1.2065318e-05
55.02480753831166,142.5,3.306345e-05,8.779836e-06
55.02480753831166,144.375,3.0972107e-05,8.592546e-06
55.02480753831166,146.25,3.081445e-05,9.062405e-06
55.02480753831166,148.125,3.0045498e-05,1.0087405e-05
55.02480753831166,150.0,3.0166335e-05,1.0253006e-05
55.02480753831166,151.875,3.426785e-05,1.1364117e-05
55.02480753831166,153.75,4.507906e-05,1.5148941e-05
55.02480753831166,155.625,3.5323726e-05,1.42365625e-05
55.02480753831166,157.5,3.4832e-05,1.3148007e-05
55.02480753831166,159.375,3.1704014e-05,1.146707e-05
55.02480753831166,161.25,3.5767644e-05,1.37423285e-05
55.02480753831166,163.125,4.7110156e-05,1.502254e-05
55.02480753831166,165.0,4.170953e-05,1.2206755e-05
55.02480753831166,166.875,3.7196285e-05,1.045308e-05
55.02480753831166,168.75,3.74033e-05,1.076317e-05
55.02480753831166,170.625,4.236092e-05,1.172628e-05
55.02480753831166,172.5,4.4108092e-05,1.1689924e-05
55.02480753831166,174.375,4.4421045e-05,1.1791846e-05
55.02480753831166,176.25,4.4126413e-05,1.1859561e-05
55.02480753831166,178.125,4.444153e-05,1.1323171e-05
55.02480753831166,180.0,4.6265384e-05,1.2790968e-05
55.02480753831166,181.875,4.6580084e-05,1.0970152e-05
55.02480753831166,183.75,4.6297613e-05,1.1421247e-05
55.02480753831166,185.625,4.3967004e-05,1.0886232e-05
55.02480753831166,187.5,4.2843083e-05,1.1496006e-05
55.02480753831166,189.375,4.211411e-05,1.0613332e-05
55.02480753831166,191.25,4.3786746e-05,1.2310256e-05
55.02480753831166,193.125,4.4688928e-05,1.2856813e-05
55.02480753831166,195.0,4.4614357e-05,1.3376548e-05
55.02480753831166,196.875,4.3158587e-05,1.2577549e-05
55.02480753831166,198.75,4.2695796e-05,1.2086366e-05
55.02480753831166,200.625,4.3433778e-05,1.2492044e-05
55.02480753831166,202.5,4.3108033e-05,1.3518407e-05
55.02480753831166,204.375,4.5870376e-05,1.413418e-05
55.02480753831166,206.25,4.8129616e-05,1.4487953e-05
55.02480753831166,208.125,4.992947e-05,1.4015785e-05
55.02480753831166,210.0,5.031449e-05,1.37661e-05
55.02480753831166,211.875,4.8801532e-05,1.2828207e-05
55.02480753831166,213.75,4.7687736e-05,1.1918908e-05
55.02480753831166,215.625,4.7324924e-05,1.26760815e-05
55.02480753831166,217.5,4.965345e-05,1.39377225e-05
55.02480753831166,219.375,5.2200263e-05,1.4357167e-05
55.02480753831166,221.25,5.623715e-05,1.587659e-05
55.02480753831166,223.125,6.4907865e-05,1.8796429e-05
55.02480753831166,225.0,8.2450955e-05,2.5547879e-05
55.02480753831166,226.875,0.00010268111,3.62161e-05
55.02480753831166,228.75,0.00010696666,4.2550648e-05
55.02480753831166,230.625,0.00010815152,4.308132e-05
55.02480753831166,232.5,8.165974e-05,3.2355852e-05
55.02480753831166,234.375,4.9230897e-05,1.9409941e-05
55.02480753831166,236.25,2.4274772e-05,9.417387e-06
55.02480753831166,238.125,1.4244121e-05,6.372892e-06
55.02480753831166,240.0,1.3219907e-05,6.7076103e-06
55.02480753831166,241.875,1.41501705e-05,7.2324883e-06
55.02480753831166,243.75,1.3514348e-05,6.7163037e-06
55.02480753831166,245.625,1.1518493e-05,5.8228134e-06
55.02480753831166,247.5,1.0240711e-05,5.468522e-06
55.02480753831166,249.375,1.0600853e-05,5.6674935e-06
55.02480753831166,251.25,1.2316671e-05,6.2452414e-06
55.02480753831166,253.125,1.39700505e-05,6.606755e-06
55.02480753831166,255.0,1.4391895e-05,6.576563e-06
55.02480753831166,256.875,1.3438654e-05,6.511577e-06
55.02480753831166,258.75,1.2999794e-05,6.2818867e-06
55.02480753831166,260.625,1.3268894e-05,5.8573673e-06
55.02480753831166,262.5,1.4900132e-05,5.904328e-06
55.02480753831166,264.375,1.6349812e-05,6.126077e-06
55.02480753831166,266.25,1.691117e-05,6.379399e-06
55.02480753831166,268.125,1.714911e-05,6.6010366e-06
55.02480753831166,270.0,1.9330093e-05,7.3612237e-06
55.02480753831166,271.875,2.1774198e-05,7.422477e-06
55.02480753831166,273.75,2.1772757e-05,7.369184e-06
55.02480753831166,275.625,1.8655184e-05,8.004041e-06
55.02480753831166,277.5,2.5860993e-05,8.79261e-06
55.02480753831166,279.375,3.244768e-05,1.0216316e-05
55.02480753831166,281.25,3.831115e-05,1.1386273e-05
55.02480753831166,283.125,3.3358e-05,1.1352595e-05
55.02480753831166,285.0,3.2650678e-05,1.0874864e-05
55.02480753831166,286.875,2.879906e-05,9.580548e-06
55.02480753831166,288.75,2.6344338e-05,8.928123e-06
55.02480753831166,290.625,2.6121148e-05,9.368078e-06
55.02480753831166,292.5,2.6764828e-05,9.829846e-06
55.02480753831166,294.375,2.6955018e-05,1.10046985e-05
55.02480753831166,296.25,2.8776332e-05,1.3484062e-05
55.02480753831166,298.125,3.186963e-05,1.5189823e-05
55.02480753831166,300.0,3.2494456e-05,1.451818e-05
55.02480753831166,301.875,3.2591048e-05,1.2937354e-05
55.02480753831166,303.75,3.2043994e-05,1.10334395e-05
55.02480753831166,305.625,3.3708475e-05,1.0441916e-05
55.02480753831166,307.5,3.8352144e-05,1.1377869e-05
55.02480753831166,309.375,4.313173e-05,1.260942e-05
55.02480753831166,311.25,4.462229e-05,1.3030749e-05
55.02480753831166,313.125,4.516323e-05,1.2486475e-05
55.02480753831166,315.0,4.7031568e-05,1.3034186e-05
55.02480753831166,316.875,4.951292e-05,1.4615654e-05
55.02480753831166,318.75,5.1012423e-05,1.4958933e-05
55.02480753831166,320.625,5.3046493e-05,1.5692916e-05
55.02480753831166,322.5,5.3244374e-05,1.5788557e-05
55.02480753831166,324.375,5.2931682e-05,1.5419077e-05
55.02480753831166,326.25,5.1323994e-05,1.3845038e-05
55.02480753831166,328.125,5.218109e-05,1.4132461e-05
55.02480753831166,330.0,5.2102958e-05,1.4425846e-05
55.02480753831166,331.875,5.4244665e-05,1.5481557e-05
55.02480753831166,333.75,5.5096083e-05,1.5559232e-05
55.02480753831166,335.625,5.534468e-05,1.6661046e-05
55.02480753831166,337.5,5.292914e-05,1.5747424e-05
55.02480753831166,339.375,5.2139385e-05,1.5152346e-05
55.02480753831166,341.25,5.179941e-05,1.4144378e-05
55.02480753831166,343.125,5.243329e-05,1.5308455e-05
55.02480753831166,345.0,5.359157e-05,1.5153503e-05
55.02480753831166,346.875,5.71346e-05,1.7389642e-05
55.02480753831166,348.75,6.187973e-05,2.0501466e-05
55.02480753831166,350.625,6.498329e-05,2.1969034e-05
55.02480753831166,352.5,6.369391e-05,2.1676826e-05
55.02480753831166,354.375,5.5905566e-05,1.992938e-05
55.02480753831166,356.25,3.4306617e-05,1.4534745e-05
55.02480753831166,358.125,3.1415548e-05,1.2696242e-05
56.89001260135711,0.0,4.3574484e-05,1.3348924e-05
56.89001260135711,1.875,4.2718304e-05,1.2858683e-05
56.89001260135711,3.75,4.6809913e-05,1.5155815e-05
56.89001260135711,5.625,5.243228e-05,2.0887508e-05
56.89001260135711,7.5,5.3168973e-05,2.221581e-05
56.89001260135711,9.375,3.0614403e-05,1.3675292e-05
56.89001260135711,11.25,3.801368e-05,1.3437271e-05
56.89001260135711,13.125,2.5295285e-05,1.0388629e-05
56.89001260135711,15.0,2.5695614e-05,1.0525944e-05
56.89001260135711,16.875,3.569291e-05,1.2229825e-05
56.89001260135711,18.75,3.6920494e-05,1.2483128e-05
56.89001260135711,20.625,3.765688e-05,1.3652303e-05
56.89001260135711,22.5,2.655857e-05,1.1223817e-05
56.89001260135711,24.375,2.8984374e-05,1.1206429e-05
56.89001260135711,26.25,3.093189e-05,1.1430534e-05
56.89001260135711,28.125,3.311179e-05,1.1743901e-05
56.89001260135711,30.0,3.6364352e-05,1.2296149e-05
56.89001260135711,31.875,3.845304e-05,1.2819147e-05
56.89001260135711,33.75,3.9129514e-05,1.3386462e-05
56.89001260135711,35.625,3.7868704e-05,1.3766959e-05
56.89001260135711,37.5,3.5446246e-05,1.3184729e-05
56.89001260135711,39.375,3.2800697e-05,1.2312443e-05
56.89001260135711,41.25,3.1384334e-05,1.1893813e-05
56.89001260135711,43.125,3.0787698e-05,1.1466325e-05
56.89001260135711,45.0,3.089975e-05,1.1299602e-05
56.89001260135711,46.875,3.0972024e-05,1.0943227e-05
56.89001260135711,48.75,2.9977946e-05,1.0614089e-05
56.89001260135711,50.625,2.9812465e-05,1.092029e-05
56.89001260135711,52.5,3.0191448e-05,1.1375519e-05
56.89001260135711,54.375,2.984858e-05,1.15247685e-05
56.89001260135711,56.25,2.8856406e-05,1.1010807e-05
56.89001260135711,58.125,2.6043499e-05,1.0099528e-05
56.89001260135711,60.0,2.2121529e-05,9.220845e-06
56.89001260135711,61.875,1.9761517e-05,8.9300465e-06
56.89001260135711,63.75,1.9496469e-05,9.151653e-06
56.89001260135711,65.625,2.0369114e-05,9.230574e-06
56.89001260135711,67.5,2.1708947e-05,9.233503e-06
56.89001260135711,69.375,2.1363976e-05,9.007656e-06
56.89001260135711,71.25,1.9930476e-05,8.759381e-06
56.89001260135711,73.125,1.9119521e-05,8.935641e-06
56.89001260135711,75.0,2.0764317e-05,9.724808e-06
56.89001260135711,76.875,2.2517923e-05,9.673824e-06
56.89001260135711,78.75,2.2886781e-05,8.763793e-06
56.89001260135711,80.625,2.018565e-05,6.9819966e-06
56.89001260135711,82.5,1.7639932e-05,6.1019996e-06
56.89001260135711,84.375,1.7888267e-05,6.136951e-06
56.89001260135711,86.25,2.3962197e-05,8.08035e-06
56.89001260135711,88.125,3.2677493e-05,1.0869427e-05
56.89001260135711,90.0,3.567417e-05,1.17758045e-05
56.89001260135711,91.875,3.0457322e-05,1.0272404e-05
56.89001260135711,93.75,2.213494e-05,7.723624e-06
56.89001260135711,95.625,1.6523827e-05,6.4331816e-06
56.89001260135711,97.5,1.6276585e-05,6.3697394e-06
56.89001260135711,99.375,2.0486636e-05,6.904666e-06
56.89001260135711,101.25,2.6415182e-05,8.219664e-06
56.89001260135711,103.125,3.201812e-05,9.637007e-06
56.89001260135711,105.0,3.476731e-05,1.0648007e-05
56.89001260135711,106.875,3.3006996e-05,1.0478872e-05
56.89001260135711,108.75,2.6473383e-05,8.412166e-06
56.89001260135711,110.625,1.9661833e-05,6.0369553e-06
56.89001260135711,112.5,1.5134095e-05,4.5902357e-06
56.89001260135711,114.375,1.2650063e-05,3.8879216e-06
56.89001260135711,116.25,1.0837102e-05,3.4280024e-06
56.89001260135711,118.125,9.716947e-06,3.2133369e-06
56.89001260135711,120.0,8.995802e-06,3.2056532e-06
56.89001260135711,121.875,8.695249e-06,3.3369547e-06
56.89001260135711,123.75,8.590837e-06,3.287185e-06
56.89001260135711,125.625,9.120585e-06,3.3179538e-06
56.89001260135711,127.5,9.764385e-06,3.638705e-06
56.89001260135711,129.375,9.858359e-06,3.8113155e-06
56.89001260135711,131.25,9.677973e-06,4.2507254e-06
56.89001260135711,133.125,1.0070287e-05,5.2870446e-06
56.89001260135711,135.0,1.0942154e-05,6.9854777e-06
56.89001260135711,136.875,1.273044e-05,9.740269e-06
56.89001260135711,138.75,1.616507e-05,1.3045067e-05
56.89001260135711,140.625,2.879327e-05,1.477145e-05
56.89001260135711,142.5,3.0511235e-05,1.26707055e-05
56.89001260135711,144.375,2.9876712e-05,1.0077357e-05
56.89001260135711,146.25,2.6511247e-05,9.521091e-06
56.89001260135711,148.125,2.5412732e-05,1.0153568e-05
56.89001260135711,150.0,2.4933219e-05,1.052888e-05
56.89001260135711,151.875,2.6601543e-05,1.0464621e-05
56.89001260135711,153.75,3.3096443e-05,1.2869673e-05
56.89001260135711,155.625,4.1608502e-05,1.5706073e-05
56.89001260135711,157.5,2.5612702e-05,1.0791264e-05
56.89001260135711,159.375,2.6122076e-05,9.319157e-06
56.89001260135711,161.25,2.9645924e-05,1.0650982e-05
56.89001260135711,163.125,4.6472316e-05,1.3895812e-05
56.89001260135711,165.0,4.7416346e-05,1.3443064e-05
56.89001260135711,166.875,4.1984138e-05,1.1558921e-05
56.89001260135711,168.75,3.8332968e-05,1.0723446e-05
56.89001260135711,170.625,3.7627775e-05,1.1289372e-05
56.89001260135711,172.5,3.7384812e-05,1.1401892e-05
56.89001260135711,174.375,3.6875772e-05,1.1080718e-05
56.89001260135711,176.25,3.683204e-05,1.192167e-05
56.89001260135711,178.125,3.858556e-05,1.1529765e-05
56.89001260135711,180.0,4.019794e-05,1.0819519e-05
56.89001260135711,181.875,4.2745858e-05,1.1055089e-05
56.89001260135711,183.75,4.292286e-05,1.1771385e-05
56.89001260135711,185.625,4.020635e-05,1.1462752e-05
56.89001260135711,187.5,3.6190897e-05,1.0628077e-05
56.89001260135711,189.375,3.4965924e-05,1.0330692e-05
56.89001260135711,191.25,3.625143e-05,1.0255879e-05
56.89001260135711,193.125,3.9620845e-05,1.1453919e-05
56.89001260135711,195.0,4.1805026e-05,1.22841975e-05
56.89001260135711,196.875,4.4025277e-05,1.2850942e-05
56.89001260135711,198.75,4.416788e-05,1.413699e-05
56.89001260135711,200.625,4.4429395e-05,1.3307123e-05
56.89001260135711,202.5,3.816087e-05,1.4972778e-05
56.89001260135711,204.375,4.5652632e-05,1.4783518e-05
56.89001260135711,206.25,4.583273e-05,1.3928522e-05
56.89001260135711,208.125,4.6314522e-05,1.2805807e-05
56.89001260135711,210.0,4.4069064e-05,1.2161611e-05
56.89001260135711,211.875,4.1519543e-05,1.2960987e-05
56.89001260135711,213.75,4.1084913e-05,1.3361604e-05
56.89001260135711,215.625,4.496761e-05,1.4750794e-05
56.89001260135711,217.5,5.300802e-05,1.79496e-05
56.89001260135711,219.375,6.582003e-05,2.307749e-05
56.89001260135711,221.25,8.0811296e-05,2.99047e-05
56.89001260135711,223.125,9.412225e-05,3.4691726e-05
56.89001260135711,225.0,9.140529e-05,3.577414e-05
56.89001260135711,226.875,9.8089055e-05,3.8301176e-05
56.89001260135711,228.75,9.159157e-05,3.5660873e-05
56.89001260135711,230.625,6.8868074e-05,2.6281405e-05
56.89001260135711,232.5,4.3136977e-05,1.6026142e-05
56.89001260135711,234.375,2.1844215e-05,8.207781e-06
56.89001260135711,236.25,1.4129572e-05,6.0623734e-06
56.89001260135711,238.125,1.2163496e-05,5.679412e-06
56.89001260135711,240.0,1.2177172e-05,5.7311277e-06
56.89001260135711,241.875,1.3099048e-05,6.044889e-06
56.89001260135711,243.75,1.3589353e-05,5.8940113e-06
56.89001260135711,245.625,1.2715514e-05,5.3991516e-06
56.89001260135711,247.5,1.2135312e-05,5.2675364e-06
56.89001260135711,249.375,1.2858388e-05,5.7225175e-06
56.89001260135711,251.25,1.4861201e-05,6.3061825e-06
56.89001260135711,253.125,1.6495384e-05,6.5852605e-06
56.89001260135711,255.0,1.6449363e-05,6.551318e-06
56.89001260135711,256.875,1.5204281e-05,5.97616e-06
56.89001260135711,258.75,1.43251455e-05,5.8335977e-06
56.89001260135711,260.625,1.4575249e-05,5.799955e-06
56.89001260135711,262.5,1.57782e-05,5.923597e-06
56.89001260135711,264.375,1.6917318e-05,6.3328566e-06
56.89001260135711,266.25,1.7642404e-05,6.9795215e-06
56.89001260135711,268.125,1.6922799e-05,7.277009e-06
56.89001260135711,270.0,2.41609e-05,7.352561e-06
56.89001260135711,271.875,2.5784624e-05,7.4068907e-06
56.89001260135711,273.75,2.500526e-05,7.20706e-06
56.89001260135711,275.625,2.372332e-05,6.977435e-06
56.89001260135711,277.5,2.4830964e-05,7.5583866e-06
56.89001260135711,279.375,2.84346e-05,8.411873e-06
56.89001260135711,281.25,3.3117944e-05,9.665315e-06
56.89001260135711,283.125,3.5275705e-05,1.07425385e-05
56.89001260135711,285.0,2.5597237e-05,9.82152e-06
56.89001260135711,286.875,2.4551815e-05,9.357184e-06
56.89001260135711,288.75,2.4053697e-05,8.524321e-06
56.89001260135711,290.625,2.487631e-05,8.658389e-06
56.89001260135711,292.5,2.6615167e-05,9.720452e-06
56.89001260135711,294.375,2.7262404e-05,1.1205525e-05
56.89001260135711,296.25,2.7831084e-05,1.2456414e-05
56.89001260135711,298.125,2.758635e-05,1.286289e-05
56.89001260135711,300.0,2.9336941e-05,1.1538283e-05
56.89001260135711,301.875,3.0782223e-05,1.079676e-05
56.89001260135711,303.75,3.460054e-05,1.1009232e-05
56.89001260135711,305.625,3.8390666e-05,1.1932506e-05
56.89001260135711,307.5,4.0306033e-05,1.23836535e-05
56.89001260135711,309.375,4.115027e-05,1.3167794e-05
56.89001260135711,311.25,4.1483818e-05,1.393659e-05
56.89001260135711,313.125,4.0713538e-05,1.3984843e-05
56.89001260135711,315.0,4.146574e-05,1.4129862e-05
56.89001260135711,316.875,4.4227974e-05,1.4767673e-05
56.89001260135711,318.75,4.804188e-05,1.5936825e-05
56.89001260135711,320.625,5.0475726e-05,1.6184094e-05
56.89001260135711,322.5,5.0632232e-05,1.5565094e-05
56.89001260135711,324.375,4.8869217e-05,1.4360828e-05
56.89001260135711,326.25,4.7526006e-05,1.4253573e-05
56.89001260135711,328.125,4.9374925e-05,1.5352005e-05
56.89001260135711,330.0,4.8391485e-05,1.4179395e-05
56.89001260135711,331.875,4.9185943e-05,1.3359218e-05
56.89001260135711,333.75,5.188251e-05,1.39381755e-05
56.89001260135711,335.625,5.6142053e-05,1.6357835e-05
56.89001260135711,337.5,5.969337e-05,1.6756958e-05
56.89001260135711,339.375,5.7391804e-05,1.6047068e-05
56.89001260135711,341.25,5.4579355e-05,1.5387244e-05
56.89001260135711,343.125,5.228883e-05,1.5018284e-05
56.89001260135711,345.0,4.9495422e-05,1.4094862e-05
56.89001260135711,346.875,5.190785e-05,1.571543e-05
56.89001260135711,348.75,5.695586e-05,1.8853845e-05
56.89001260135711,350.625,6.292079e-05,2.251013e-05
56.89001260135711,352.5,6.394419e-05,2.3378649e-05
56.89001260135711,354.375,3.8367027e-05,1.6043896e-05
56.89001260135711,356.25,3.5207515e-05,1.4331909e-05
56.89001260135711,358.125,4.9381953e-05,1.4423984e-05
58.75520926937993,0.0,4.7749843e-05,1.5205079e-05
58.75520926937993,1.875,5.6603876e-05,1.8467123e-05
58.75520926937993,3.75,6.958586e-05,2.5443516e-05
58.75520926937993,5.625,8.186328e-05,3.295854e-05
58.75520926937993,7.5,5.8655383e-05,2.5707694e-05
58.75520926937993,9.375,5.5742385e-05,2.2818953e-05
58.75520926937993,11.25,4.3422348e-05,1.6827225e-05
58.75520926937993,13.125,3.2535816e-05,1.3257309e-05
58.75520926937993,15.0,2.5047502e-05,1.1258102e-05
58.75520926937993,16.875,2.239002e-05,1.0055158e-05
58.75520926937993,18.75,3.115711e-05,1.0460166e-05
58.75520926937993,20.625,3.454069e-05,1.1280993e-05
58.75520926937993,22.5,3.7404574e-05,1.1856536e-05
58.75520926937993,24.375,3.607636e-05,1.0430391e-05
58.75520926937993,26.25,2.5653295e-05,9.532054e-06
58.75520926937993,28.125,2.6522484e-05,9.907367e-06
58.75520926937993,30.0,2.8831699e-05,1.0487681e-05
58.75520926937993,31.875,3.2930384e-05,1.1682482e-05
58.75520926937993,33.75,3.6009867e-05,1.2515542e-05
58.75520926937993,35.625,3.7169317e-05,1.2293807e-05
58.75520926937993,37.5,3.541425e-05,1.1544044e-05
58.75520926937993,39.375,3.3732977e-05,1.1144609e-05
58.75520926937993,41.25,3.290656e-05,1.121036e-05
58.75520926937993,43.125,3.2789896e-05,1.1219573e-05
58.75520926937993,45.0,3.1904412e-05,1.067821e-05
58.75520926937993,46.875,3.0237356e-05,9.947332e-06
58.75520926937993,48.75,2.9076564e-05,9.553904e-06
58.75520926937993,50.625,2.9127812e-05,9.367727e-06
58.75520926937993,52.5,3.073035e-05,9.872551e-06
58.75520926937993,54.375,3.2289732e-05,1.0562331e-05
58.75520926937993,56.25,3.2543416e-05,1.0912254e-05
58.75520926937993,58.125,2.9939803e-05,1.0317574e-05
58.75520926937993,60.0,2.5880796e-05,9.223699e-06
58.75520926937993,61.875,2.2678754e-05,8.504839e-06
58.75520926937993,63.75,2.1919683e-05,8.597952e-06
58.75520926937993,65.625,2.2734775e-05,8.844957e-06
58.75520926937993,67.5,2.5318672e-05,9.184559e-06
58.75520926937993,69.375,2.7709282e-05,9.216513e-06
58.75520926937993,71.25,2.7204636e-05,9.264006e-06
58.75520926937993,73.125,2.4967161e-05,9.110085e-06
58.75520926937993,75.0,2.3413968e-05,8.900382e-06
58.75520926937993,76.875,2.2384587e-05,8.1427115e-06
58.75520926937993,78.75,2.1902115e-05,7.424874e-06
58.75520926937993,80.625,2.1950422e-05,6.779633e-06
58.75520926937993,82.5,2.249178e-05,6.926396e-06
58.75520926937993,84.375,2.5573925e-05,7.998337e-06
58.75520926937993,86.25,3.0155936e-05,9.673732e-06
58.75520926937993,88.125,3.3164244e-05,1.0844016e-05
58.75520926937993,90.0,3.1516276e-05,1.0157241e-05
58.75520926937993,91.875,2.6519616e-05,8.471779e-06
58.75520926937993,93.75,2.213131e-05,6.952964e-06
58.75520926937993,95.625,2.0635804e-05,6.5240506e-06
58.75520926937993,97.5,2.2225497e-05,7.1019226e-06
58.75520926937993,99.375,2.449566e-05,7.781264e-06
58.75520926937993,101.25,2.4959454e-05,7.75642e-06
58.75520926937993,103.125,2.3298753e-05,7.0131996e-06
58.75520926937993,105.0,2.0356025e-05,6.3216735e-06
58.75520926937993,106.875,1.8336375e-05,5.943962e-06
58.75520926937993,108.75,1.9229557e-05,6.4882265e-06
58.75520926937993,110.625,2.219e-05,7.711429e-06
58.75520926937993,112.5,2.2854647e-05,8.047916e-06
58.75520926937993,114.375,1.9944251e-05,6.656875e-06
58.75520926937993,116.25,1.5656044e-05,4.8956535e-06
58.75520926937993,118.125,1.2426542e-05,3.820089e-06
58.75520926937993,120.0,1.1360055e-05,3.3783285e-06
58.75520926937993,121.875,1.127795e-05,3.4020588e-06
58.75520926937993,123.75,1.1835789e-05,3.5700134e-06
58.75520926937993,125.625,1.2339784e-05,3.7268726e-06
58.75520926937993,127.5,1.2528585e-05,4.2156444e-06
58.75520926937993,129.375,1.29185255e-05,4.929541e-06
58.75520926937993,131.25,1.3439568e-05,5.5469286e-06
58.75520926937993,133.125,1.3210147e-05,6.2516524e-06
58.75520926937993,135.0,1.2067856e-05,6.9277985e-06
58.75520926937993,136.875,1.152576e-05,8.618345e-06
58.75520926937993,138.75,1.3208485e-05,1.1416805e-05
58.75520926937993,140.625,1.5873256e-05,1.4098671e-05
58.75520926937993,142.5,1.8086173e-05,1.5600472e-05
58.75520926937993,144.375,3.135655e-05,1.5291991e-05
58.75520926937993,146.25,2.883146e-05,1.5292702e-05
58.75520926937993,148.125,2.9752679e-05,1.5991132e-05
58.75520926937993,150.0,3.2049837e-05,1.5981359e-05
58.75520926937993,151.875,3.421895e-05,1.6364453e-05
58.75520926937993,153.75,3.4898938e-05,1.5912328e-05
58.75520926937993,155.625,3.3945784e-05,1.3787802e-05
58.75520926937993,157.5,3.4025157e-05,1.177136e-05
58.75520926937993,159.375,2.3024251e-05,9.96509e-06
58.75520926937993,161.25,2.5438854e-05,1.0872271e-05
58.75520926937993,163.125,2.8621744e-05,1.226652e-05
58.75520926937993,165.0,3.9879862e-05,1.2144847e-05
58.75520926937993,166.875,3.8408987e-05,1.09934745e-05
58.75520926937993,168.75,3.734746e-05,1.1439367e-05
58.75520926937993,170.625,3.7870548e-05,1.3141594e-05
58.75520926937993,172.5,4.0710092e-05,1.30148765e-05
58.75520926937993,174.375,3.804233e-05,1.2341193e-05
58.75520926937993,176.25,3.497903e-05,1.1863029e-05
58.75520926937993,178.125,3.2494772e-05,1.1186624e-05
58.75520926937993,180.0,3.2116935e-05,1.09007215e-05
58.75520926937993,181.875,3.2588687e-05,1.033638e-05
58.75520926937993,183.75,3.354764e-05,1.0531798e-05
58.75520926937993,185.625,3.346228e-05,1.0186607e-05
58.75520926937993,187.5,3.288954e-05,1.0409446e-05
58.75520926937993,189.375,3.2915887e-05,1.0608457e-05
58.75520926937993,191.25,3.4660556e-05,1.1123255e-05
58.75520926937993,193.125,3.604436e-05,1.2186923e-05
58.75520926937993,195.0,3.94795e-05,1.27027415e-05
58.75520926937993,196.875,4.3695065e-05,1.3379787e-05
58.75520926937993,198.75,3.9047187e-05,1.6018545e-05
58.75520926937993,200.625,4.2531705e-05,1.7213712e-05
58.75520926937993,202.5,4.489555e-05,1.7815848e-05
58.75520926937993,204.375,4.48737e-05,1.7887236e-05
58.75520926937993,206.25,4.6580666e-05,1.9506937e-05
58.75520926937993,208.125,5.6541925e-05,2.2573942e-05
58.75520926937993,210.0,6.182592e-05,2.5271736e-05
58.75520926937993,211.875,6.5678054e-05,2.7927286e-05
58.75520926937993,213.75,7.223856e-05,3.0373669e-05
58.75520926937993,215.625,8.094606e-05,3.349808e-05
58.75520926937993,217.5,9.1896414e-05,3.731242e-05
58.75520926937993,219.375,9.94293e-05,4.0757397e-05
58.75520926937993,221.25,8.647286e-05,3.8587063e-05
58.75520926937993,223.125,8.308348e-05,3.5669447e-05
58.75520926937993,225.0,7.9119534e-05,3.1943444e-05
58.75520926937993,226.875,6.835955e-05,2.6405953e-05
58.75520926937993,228.75,5.2026706e-05,1.9744453e-05
58.75520926937993,230.625,3.3928176e-05,1.2909019e-05
58.75520926937993,232.5,1.898537e-05,7.873863e-06
58.75520926937993,234.375,1.2958708e-05,6.432162e-06
58.75520926937993,236.25,1.2250705e-05,6.08092e-06
58.75520926937993,238.125,1.214616e-05,5.857667e-06
58.75520926937993,240.0,1.2093836e-05,5.6880754e-06
58.75520926937993,241.875,1.2356637e-05,5.6221174e-06
58.75520926937993,243.75,1.2651152e-05,5.452096e-06
58.75520926937993,245.625,1.2800667e-05,5.4483553e-06
58.75520926937993,247.5,1.34135935e-05,5.8511696e-06
58.75520926937993,249.375,1.4635143e-05,6.016787e-06
58.75520926937993,251.25,1.6136586e-05,6.128154e-06
58.75520926937993,253.125,1.7258635e-05,6.424551e-06
58.75520926937993,255.0,1.7378776e-05,6.6247876e-06
58.75520926937993,256.875,1.6677574e-05,6.5286868e-06
58.75520926937993,258.75,1.5876234e-05,5.9653903e-06
58.75520926937993,260.625,1.5650217e-05,5.9140652e-06
58.75520926937993,262.5,1.6124397e-05,6.037159e-06
58.75520926937993,264.375,1.620883e-05,6.849903e-06
58.75520926937993,266.25,2.4593408e-05,7.4385543e-06
58.75520926937993,268.125,2.4941612e-05,7.0627966e-06
58.75520926937993,270.0,2.2354812e-05,6.7581373e-06
58.75520926937993,271.875,2.1166736e-05,6.617377e-06
58.75520926937993,273.75,2.0731522e-05,6.4821943e-06
58.75520926937993,275.625,2.0057349e-05,6.1392107e-06
58.75520926937993,277.5,2.047555e-05,6.2282234e-06
58.75520926937993,279.375,2.1887454e-05,6.55621e-06
58.75520926937993,281.25,2.4492065e-05,7.302563e-06
58.75520926937993,283.125,1.9472764e-05,7.738886e-06
58.75520926937993,285.0,2.0392163e-05,8.469205e-06
58.75520926937993,286.875,2.1136068e-05,8.748052e-06
58.75520926937993,288.75,2.1224136e-05,8.79918e-06
58.75520926937993,290.625,2.2102557e-05,9.264982e-06
58.75520926937993,292.5,3.065052e-05,9.696636e-06
58.75520926937993,294.375,2.511733e-05,1.0308931e-05
58.75520926937993,296.25,2.4521889e-05,1.0693016e-05
58.75520926937993,298.125,3.0151648e-05,1.0260501e-05
58.75520926937993,300.0,3.3946355e-05,1.0403601e-05
58.75520926937993,301.875,3.773237e-05,1.1817119e-05
58.75520926937993,303.75,3.8445927e-05,1.28032e-05
58.75520926937993,305.625,3.8868322e-05,1.3429285e-05
58.75520926937993,307.5,3.871182e-05,1.3924878e-05
58.75520926937993,309.375,3.9589137e-05,1.5868496e-05
58.75520926937993,311.25,4.1820676e-05,1.7433165e-05
58.75520926937993,313.125,4.3390886e-05,1.893752e-05
58.75520926937993,315.0,4.3950855e-05,1.9610256e-05
58.75520926937993,316.875,4.4272198e-05,2.008017e-05
58.75520926937993,318.75,4.8619873e-05,1.8964025e-05
58.75520926937993,320.625,4.7919988e-05,1.6944996e-05
58.75520926937993,322.5,4.569094e-05,1.5568683e-05
58.75520926937993,324.375,4.6718098e-05,1.5436577e-05
58.75520926937993,326.25,4.9503087e-05,1.577993e-05
58.75520926937993,328.125,4.8717662e-05,1.4452316e-05
58.75520926937993,330.0,4.6894453e-05,1.3246927e-05
58.75520926937993,331.875,4.3711363e-05,1.2685002e-05
58.75520926937993,333.75,4.2059346e-05,1.2228195e-05
58.75520926937993,335.625,4.1653126e-05,1.2587456e-05
58.75520926937993,337.5,4.6085323e-05,1.3905844e-05
58.75520926937993,339.375,5.394097e-05,1.6322923e-05
58.75520926937993,341.25,6.0242266e-05,1.7576496e-05
58.75520926937993,343.125,5.7260822e-05,1.5469479e-05
58.75520926937993,345.0,5.4821394e-05,1.4625989e-05
58.75520926937993,346.875,5.0692543e-05,1.5912441e-05
58.75520926937993,348.75,5.3877e-05,1.6836653e-05
58.75520926937993,350.625,5.600222e-05,1.8055063e-05
58.75520926937993,352.5,6.0529368e-05,2.0104892e-05
58.75520926937993,354.375,5.7539073e-05,1.8682345e-05
58.75520926937993,356.25,5.3457086e-05,1.576182e-05
58.75520926937993,358.125,4.822149e-05,1.37983125e-05
60.62039592682648,0.0,4.6090627e-05,1.49936e-05
60.62039592682648,1.875,5.7310554e-05,2.06446e-05
60.62039592682648,3.75,7.507863e-05,2.876605e-05
60.62039592682648,5.625,5.6962388e-05,2.6839716e-05
60.62039592682648,7.5,6.1278566e-05,2.5992684e-05
60.62039592682648,9.375,4.9841507e-05,1.8603909e-05
60.62039592682648,11.25,4.0004492e-05,1.4931201e-05
60.62039592682648,13.125,3.4784844e-05,1.5545103e-05
60.62039592682648,15.0,3.065354e-05,1.5310767e-05
60.62039592682648,16.875,2.647994e-05,1.3356878e-05
60.62039592682648,18.75,3.112066e-05,1.0647493e-05
60.62039592682648,20.625,3.277288e-05,1.0840355e-05
60.62039592682648,22.5,2.704782e-05,1.1807882e-05
60.62039592682648,24.375,3.0845425e-05,1.2975039e-05
60.62039592682648,26.25,3.2645687e-05,1.2751362e-05
60.62039592682648,28.125,3.3401786e-05,1.2137166e-05
60.62039592682648,30.0,3.376494e-05,1.1942353e-05
60.62039592682648,31.875,3.5643032e-05,1.0907151e-05
60.62039592682648,33.75,3.2510987e-05,1.1613309e-05
60.62039592682648,35.625,3.1337488e-05,1.0842115e-05
60.62039592682648,37.5,3.1259024e-05,1.0181175e-05
60.62039592682648,39.375,3.0341425e-05,9.736805e-06
60.62039592682648,41.25,3.1389398e-05,9.6941585e-06
60.62039592682648,43.125,3.2238797e-05,1.0174637e-05
60.62039592682648,45.0,3.255191e-05,1.047242e-05
60.62039592682648,46.875,3.1676514e-05,1.0346264e-05
60.62039592682648,48.75,3.089441e-05,1.00228435e-05
60.62039592682648,50.625,3.0789804e-05,1.0086078e-05
60.62039592682648,52.5,3.1936564e-05,1.0811996e-05
60.62039592682648,54.375,3.3092972e-05,1.1403601e-05
60.62039592682648,56.25,3.266427e-05,1.136626e-05
60.62039592682648,58.125,2.9342915e-05,1.013872e-05
60.62039592682648,60.0,2.4841065e-05,8.725413e-06
60.62039592682648,61.875,2.1009875e-05,7.758255e-06
60.62039592682648,63.75,1.9033836e-05,7.3462224e-06
60.62039592682648,65.625,1.9168981e-05,7.2567173e-06
60.62039592682648,67.5,2.1617721e-05,7.619232e-06
60.62039592682648,69.375,2.5021114e-05,8.387581e-06
60.62039592682648,71.25,2.6645263e-05,8.570799e-06
60.62039592682648,73.125,2.6136404e-05,8.253634e-06
60.62039592682648,75.0,2.5088564e-05,8.187013e-06
60.62039592682648,76.875,2.519883e-05,8.160785e-06
60.62039592682648,78.75,2.5822566e-05,8.271075e-06
60.62039592682648,80.625,2.7113794e-05,8.850514e-06
60.62039592682648,82.5,2.7928258e-05,9.257994e-06
60.62039592682648,84.375,2.861192e-05,9.491993e-06
60.62039592682648,86.25,2.8280307e-05,9.384693e-06
60.62039592682648,88.125,2.6867878e-05,8.926844e-06
60.62039592682648,90.0,2.5013318e-05,8.318111e-06
60.62039592682648,91.875,2.3466773e-05,7.759742e-06
60.62039592682648,93.75,2.3105922e-05,7.790094e-06
60.62039592682648,95.625,2.3224076e-05,7.96104e-06
60.62039592682648,97.5,2.2229417e-05,7.638845e-06
60.62039592682648,99.375,1.967685e-05,6.681137e-06
60.62039592682648,101.25,1.5843474e-05,5.1823927e-06
60.62039592682648,103.125,1.2709942e-05,4.0393875e-06
60.62039592682648,105.0,1.1693382e-05,3.8863304e-06
60.62039592682648,106.875,1.3496293e-05,4.312698e-06
60.62039592682648,108.75,1.8292667e-05,5.8544047e-06
60.62039592682648,110.625,2.2055838e-05,7.488029e-06
60.62039592682648,112.5,2.144711e-05,7.2968683e-06
60.62039592682648,114.375,1.7182303e-05,5.7980683e-06
60.62039592682648,116.25,1.2593905e-05,4.332855e-06
60.62039592682648,118.125,1.0640834e-05,3.755709e-06
60.62039592682648,120.0,1.1006754e-05,3.866093e-06
60.62039592682648,121.875,1.2372911e-05,4.2534257e-06
60.62039592682648,123.75,1.2750595e-05,4.319186e-06
60.62039592682648,125.625,1.1419344e-05,4.09057e-06
60.62039592682648,127.5,9.759369e-06,4.157308e-06
60.62039592682648,129.375,8.524891e-06,4.142237e-06
60.62039592682648,131.25,8.580832e-06,4.301254e-06
60.62039592682648,133.125,9.461955e-06,4.9675523e-06
60.62039592682648,135.0,9.5617925e-06,5.364587e-06
60.62039592682648,136.875,8.917702e-06,5.7249304e-06
60.62039592682648,138.75,8.875439e-06,7.0027113e-06
60.62039592682648,140.625,1.0470711e-05,9.454234e-06
60.62039592682648,142.5,1.2209743e-05,1.1992983e-05
60.62039592682648,144.375,1.2781614e-05,1.3297519e-05
60.62039592682648,146.25,1.3435336e-05,1.4009819e-05
60.62039592682648,148.125,1.5086739e-05,1.4885296e-05
60.62039592682648,150.0,1.7803888e-05,1.5506725e-05
60.62039592682648,151.875,2.1010463e-05,1.6232492e-05
60.62039592682648,153.75,2.3416957e-05,1.6106498e-05
60.62039592682648,155.625,2.5175763e-05,1.5615204e-05
60.62039592682648,157.5,3.6414043e-05,1.4245095e-05
60.62039592682648,159.375,3.2295542e-05,1.3056169e-05
60.62039592682648,161.25,2.2329106e-05,1.3063627e-05
60.62039592682648,163.125,2.2792665e-05,1.2979026e-05
60.62039592682648,165.0,2.2708951e-05,1.28454285e-05
60.62039592682648,166.875,2.2886794e-05,1.270646e-05
60.62039592682648,168.75,2.3730681e-05,1.2640369e-05
60.62039592682648,170.625,2.6014532e-05,1.297281e-05
60.62039592682648,172.5,4.1580344e-05,1.3098734e-05
60.62039592682648,174.375,4.100339e-05,1.34359025e-05
60.62039592682648,176.25,3.8558755e-05,1.3880959e-05
60.62039592682648,178.125,3.3765013e-05,1.2811952e-05
60.62039592682648,180.0,3.1635118e-05,1.0645196e-05
60.62039592682648,181.875,2.8861723e-05,9.530148e-06
60.62039592682648,183.75,2.838251e-05,9.607497e-06
60.62039592682648,185.625,2.9423712e-05,1.0184869e-05
60.62039592682648,187.5,3.1317362e-05,1.0899585e-05
60.62039592682648,189.375,3.3811586e-05,1.1855124e-05
60.62039592682648,191.25,3.4581237e-05,1.2320382e-05
60.62039592682648,193.125,2.6665768e-05,1.27752955e-05
60.62039592682648,195.0,2.7041797e-05,1.29191385e-05
60.62039592682648,196.875,2.9533045e-05,1.3229588e-05
60.62039592682648,198.75,3.4070144e-05,1.51132635e-05
60.62039592682648,200.625,3.8420632e-05,1.6905899e-05
60.62039592682648,202.5,4.122734e-05,1.7787472e-05
60.62039592682648,204.375,4.3934262e-05,1.8859266e-05
60.62039592682648,206.25,4.8366594e-05,2.2530134e-05
60.62039592682648,208.125,5.271678e-05,2.6763517e-05
60.62039592682648,210.0,5.8745976e-05,3.1519263e-05
60.62039592682648,211.875,6.354664e-05,3.4288023e-05
60.62039592682648,213.75,6.649203e-05,3.4448374e-05
60.62039592682648,215.625,6.605359e-05,3.2015287e-05
60.62039592682648,217.5,6.298439e-05,2.8424345e-05
60.62039592682648,219.375,5.6592355e-05,2.4193929e-05
60.62039592682648,221.25,5.0813956e-05,2.0866271e-05
60.62039592682648,223.125,4.5095116e-05,1.7947323e-05
60.62039592682648,225.0,3.9838233e-05,1.5394317e-05
60.62039592682648,226.875,3.4486617e-05,1.3101558e-05
60.62039592682648,228.75,2.7347141e-05,1.0346807e-05
60.62039592682648,230.625,1.9096628e-05,7.617455e-06
60.62039592682648,232.5,1.39006e-05,6.6476646e-06
60.62039592682648,234.375,1.2583265e-05,6.285401e-06
60.62039592682648,236.25,1.2321251e-05,5.798386e-06
60.62039592682648,238.125,1.1877023e-05,5.431107e-06
60.62039592682648,240.0,1.15023795e-05,5.3248027e-06
60.62039592682648,241.875,1.1498674e-05,5.279085e-06
60.62039592682648,243.75,1.22278325e-05,5.3954655e-06
60.62039592682648,245.625,1.3099809e-05,5.3714302e-06
60.62039592682648,247.5,1.370924e-05,5.4560223e-06
60.62039592682648,249.375,1.4337031e-05,5.5272544e-06
60.62039592682648,251.25,1.5170397e-05,5.790448e-06
60.62039592682648,253.125,1.6031368e-05,5.9688023e-06
60.62039592682648,255.0,1.682762e-05,5.8613487e-06
60.62039592682648,256.875,1.6822818e-05,5.5384303e-06
60.62039592682648,258.75,1.6007776e-05,5.486762e-06
60.62039592682648,260.625,1.5290461e-05,5.7424627e-06
60.62039592682648,262.5,1.5193968e-05,6.478879e-06
60.62039592682648,264.375,1.447688e-05,7.0946953e-06
60.62039592682648,266.25,2.125023e-05,6.8574177e-06
60.62039592682648,268.125,2.0352085e-05,6.521153e-06
60.62039592682648,270.0,2.0987462e-05,6.6159946e-06
60.62039592682648,271.875,2.1095928e-05,6.5297872e-06
60.62039592682648,273.75,2.1091688e-05,6.1118644e-06
60.62039592682648,275.625,2.0719934e-05,6.0837674e-06
60.62039592682648,277.5,2.0328576e-05,5.9098784e-06
60.62039592682648,279.375,2.0698651e-05,6.1817277e-06
60.62039592682648,281.25,2.3204682e-05,7.148241e-06
60.62039592682648,283.125,1.8109959e-05,7.5021717e-06
60.62039592682648,285.0,1.9187735e-05,7.675256e-06
60.62039592682648,286.875,1.9733146e-05,8.1836915e-06
60.62039592682648,288.75,2.0264084e-05,9.6180565e-06
60.62039592682648,290.625,2.4648281e-05,9.806886e-06
60.62039592682648,292.5,2.2523634e-05,9.177458e-06
60.62039592682648,294.375,2.242925e-05,8.703578e-06
60.62039592682648,296.25,2.3780443e-05,8.460526e-06
60.62039592682648,298.125,2.7658678e-05,9.326641e-06
60.62039592682648,300.0,3.247743e-05,1.112015e-05
60.62039592682648,301.875,3.410026e-05,1.3646464e-05
60.62039592682648,303.75,3.3058575e-05,1.4443962e-05
60.62039592682648,305.625,3.149717e-05,1.3808375e-05
60.62039592682648,307.5,3.412634e-05,1.6497148e-05
60.62039592682648,309.375,3.9058403e-05,2.0620686e-05
60.62039592682648,311.25,4.617653e-05,2.4953833e-05
60.62039592682648,313.125,5.321266e-05,2.72963e-05
60.62039592682648,315.0,5.1225285e-05,2.7285914e-05
60.62039592682648,316.875,6.178458e-05,2.971091e-05
60.62039592682648,318.75,7.122255e-05,2.968096e-05
60.62039592682648,320.625,6.576179e-05,2.4985931e-05
60.62039592682648,322.5,4.6960515e-05,1.8927585e-05
60.62039592682648,324.375,4.125839e-05,1.544531e-05
60.62039592682648,326.25,4.4486867e-05,1.4979764e-05
60.62039592682648,328.125,5.63392e-05,1.655843e-05
60.62039592682648,330.0,5.8776626e-05,1.6380058e-05
60.62039592682648,331.875,5.335729e-05,1.4997716e-05
60.62039592682648,333.75,4.674849e-05,1.4719324e-05
60.62039592682648,335.625,4.032528e-05,1.3537033e-05
60.62039592682648,337.5,4.048869e-05,1.4025657e-05
60.62039592682648,339.375,4.5079738e-05,1.661441e-05
60.62039592682648,341.25,5.1922678e-05,1.7360153e-05
60.62039592682648,343.125,5.5265762e-05,1.6195496e-05
60.62039592682648,345.0,5.344897e-05,1.5973976e-05
60.62039592682648,346.875,4.8027523e-05,1.5239556e-05
60.62039592682648,348.75,4.7337784e-05,1.5616059e-05
60.62039592682648,350.625,4.8287733e-05,1.561603e-05
60.62039592682648,352.5,5.102377e-05,1.555132e-05
60.62039592682648,354.375,5.0218645e-05,1.5737205e-05
60.62039592682648,356.25,4.6878922e-05,1.4205545e-05
60.62039592682648,358.125,4.3486958e-05,1.3065739e-05
62.48557052203639,0.0,3.969363e-05,1.3473977e-05
62.48557052203639,1.875,4.617759e-05,1.8474013e-05
62.48557052203639,3.75,5.4580625e-05,2.2072076e-05
62.48557052203639,5.625,6.490881e-05,2.8161852e-05
62.48557052203639,7.5,4.0808227e-05,2.2477292e-05
62.48557052203639,9.375,3.8541253e-05,1.8288893e-05
62.48557052203639,11.25,3.1690266e-05,1.1410328e-05
62.48557052203639,13.125,2.799822e-05,1.0415092e-05
62.48557052203639,15.0,2.8177712e-05,1.3385098e-05
62.48557052203639,16.875,2.9436922e-05,1.4721294e-05
62.48557052203639,18.75,3.562749e-05,1.286415e-05
62.48557052203639,20.625,3.269685e-05,1.0843618e-05
62.48557052203639,22.5,2.5660484e-05,1.125021e-05
62.48557052203639,24.375,2.786128e-05,1.17092095e-05
62.48557052203639,26.25,3.060312e-05,1.2117664e-05
62.48557052203639,28.125,3.2959768e-05,1.2167681e-05
62.48557052203639,30.0,3.4281842e-05,1.1924804e-05
62.48557052203639,31.875,3.4668334e-05,1.1532857e-05
62.48557052203639,33.75,3.3387278e-05,1.1142623e-05
62.48557052203639,35.625,3.1459902e-05,1.0604505e-05
62.48557052203639,37.5,2.9925135e-05,1.0086188e-05
62.48557052203639,39.375,2.9426275e-05,9.599817e-06
62.48557052203639,41.25,3.0480289e-05,9.737269e-06
62.48557052203639,43.125,3.153545e-05,1.0354774e-05
62.48557052203639,45.0,3.175296e-05,1.0687485e-05
62.48557052203639,46.875,3.0751486e-05,1.0669306e-05
62.48557052203639,48.75,2.9368992e-05,1.0181533e-05
62.48557052203639,50.625,2.8336477e-05,9.744565e-06
62.48557052203639,52.5,2.8211247e-05,9.606759e-06
62.48557052203639,54.375,2.866612e-05,9.691572e-06
62.48557052203639,56.25,2.853479e-05,9.580379e-06
62.48557052203639,58.125,2.7109045e-05,8.834659e-06
62.48557052203639,60.0,2.4759485e-05,8.2495e-06
62.48557052203639,61.875,2.2475426e-05,7.936082e-06
62.48557052203639,63.75,2.1398973e-05,7.9190295e-06
62.48557052203639,65.625,2.1082968e-05,8.034409e-06
62.48557052203639,67.5,2.1944485e-05,8.058554e-06
62.48557052203639,69.375,2.3107104e-05,7.696194e-06
62.48557052203639,71.25,2.3434002e-05,7.673989e-06
62.48557052203639,73.125,2.3202198e-05,7.496294e-06
62.48557052203639,75.0,2.2441907e-05,7.331459e-06
62.48557052203639,76.875,2.1874406e-05,7.1376726e-06
62.48557052203639,78.75,2.1684771e-05,7.16613e-06
62.48557052203639,80.625,2.1841899e-05,7.1710033e-06
62.48557052203639,82.5,2.1769474e-05,7.2962002e-06
62.48557052203639,84.375,2.1531381e-05,6.9921307e-06
62.48557052203639,86.25,2.112763e-05,6.9186303e-06
62.48557052203639,88.125,2.1376707e-05,6.8821223e-06
62.48557052203639,90.0,2.200726e-05,7.2453945e-06
62.48557052203639,91.875,2.2722996e-05,7.842096e-06
62.48557052203639,93.75,2.2779299e-05,8.164785e-06
62.48557052203639,95.625,2.1100694e-05,7.4255e-06
62.48557052203639,97.5,1.8232387e-05,6.2706454e-06
62.48557052203639,99.375,1.4791725e-05,4.9067426e-06
62.48557052203639,101.25,1.2312952e-05,3.919462e-06
62.48557052203639,103.125,1.1509925e-05,3.5909468e-06
62.48557052203639,105.0,1.2526712e-05,3.904949e-06
62.48557052203639,106.875,1.5107213e-05,4.8864144e-06
62.48557052203639,108.75,1.6947799e-05,5.6360404e-06
62.48557052203639,110.625,1.652658e-05,5.360081e-06
62.48557052203639,112.5,1.3184305e-05,4.4467524e-06
62.48557052203639,114.375,9.77752e-06,3.2362777e-06
62.48557052203639,116.25,7.907437e-06,2.8078186e-06
62.48557052203639,118.125,7.815571e-06,2.939066e-06
62.48557052203639,120.0,9.301471e-06,3.4097336e-06
62.48557052203639,121.875,1.1425648e-05,4.4833714e-06
62.48557052203639,123.75,1.1341259e-05,4.586715e-06
62.48557052203639,125.625,9.275227e-06,4.0800774e-06
62.48557052203639,127.5,7.079053e-06,3.5753012e-06
62.48557052203639,129.375,5.9609365e-06,3.3617805e-06
62.48557052203639,131.25,6.114633e-06,3.6589802e-06
62.48557052203639,133.125,6.9325242e-06,4.2222805e-06
62.48557052203639,135.0,7.3570764e-06,4.702313e-06
62.48557052203639,136.875,6.6604907e-06,4.523411e-06
62.48557052203639,138.75,5.904294e-06,4.344749e-06
62.48557052203639,140.625,5.9790636e-06,4.8876686e-06
62.48557052203639,142.5,6.8144054e-06,5.801013e-06
62.48557052203639,144.375,8.290225e-06,6.6202792e-06
62.48557052203639,146.25,9.958265e-06,6.8551117e-06
62.48557052203639,148.125,1.226631e-05,7.221809e-06
62.48557052203639,150.0,1.4848218e-05,7.4450845e-06
62.48557052203639,151.875,1.7069719e-05,8.10217e-06
62.48557052203639,153.75,1.856198e-05,9.303738e-06
62.48557052203639,155.625,1.8905714e-05,1.0351933e-05
62.48557052203639,157.5,1.8477911e-05,1.1448402e-05
62.48557052203639,159.375,1.8401679e-05,1.2086562e-05
62.48557052203639,161.25,1.9059102e-05,1.2397453e-05
62.48557052203639,163.125,2.0007692e-05,1.26374425e-05
62.48557052203639,165.0,2.0401401e-05,1.2294901e-05
62.48557052203639,166.875,2.0388403e-05,1.1739796e-05
62.48557052203639,168.75,2.0505397e-05,1.1037605e-05
62.48557052203639,170.625,2.1065067e-05,1.0306352e-05
62.48557052203639,172.5,2.2652654e-05,1.0327555e-05
62.48557052203639,174.375,2.497755e-05,1.1545879e-05
62.48557052203639,176.25,2.690868e-05,1.2777404e-05
62.48557052203639,178.125,2.7581715e-05,1.30696835e-05
62.48557052203639,180.0,3.4688954e-05,1.1523129e-05
62.48557052203639,181.875,3.0801028e-05,9.3478875e-06
62.48557052203639,183.75,2.807492e-05,8.732383e-06
62.48557052203639,185.625,2.5633426e-05,9.126274e-06
62.48557052203639,187.5,2.9078117e-05,9.624635e-06
62.48557052203639,189.375,2.9969777e-05,1.088158e-05
62.48557052203639,191.25,3.225975e-05,1.1021101e-05
62.48557052203639,193.125,3.074895e-05,1.1136172e-05
62.48557052203639,195.0,2.2773698e-05,1.1774622e-05
62.48557052203639,196.875,2.3080129e-05,1.1644335e-05
62.48557052203639,198.75,2.4705874e-05,1.2109959e-05
62.48557052203639,200.625,2.7316139e-05,1.3461425e-05
62.48557052203639,202.5,2.9318104e-05,1.4739704e-05
62.48557052203639,204.375,3.062999e-05,1.5196233e-05
62.48557052203639,206.25,3.0949657e-05,1.5010153e-05
62.48557052203639,208.125,3.0486211e-05,1.4451632e-05
62.48557052203639,210.0,2.8402119e-05,1.3090349e-05
62.48557052203639,211.875,2.5638103e-05,1.1397364e-05
62.48557052203639,213.75,2.3247074e-05,9.75236e-06
62.48557052203639,215.625,2.0948275e-05,7.980407e-06
62.48557052203639,217.5,1.8622835e-05,6.5431814e-06
62.48557052203639,219.375,1.6239599e-05,5.526312e-06
62.48557052203639,221.25,1.4998293e-05,5.495875e-06
62.48557052203639,223.125,1.5360496e-05,6.1016876e-06
62.48557052203639,225.0,1.6851875e-05,7.0577616e-06
62.48557052203639,226.875,1.7768409e-05,7.4386867e-06
62.48557052203639,228.75,1.6352447e-05,6.528165e-06
62.48557052203639,230.625,1.3621184e-05,5.6222325e-06
62.48557052203639,232.5,1.2193215e-05,5.3826698e-06
62.48557052203639,234.375,1.2235819e-05,5.3657004e-06
62.48557052203639,236.25,1.2515885e-05,5.559208e-06
62.48557052203639,238.125,1.2390225e-05,5.5592864e-06
62.48557052203639,240.0,1.2514407e-05,5.6870276e-06
62.48557052203639,241.875,1.3079834e-05,5.7819925e-06
62.48557052203639,243.75,1.4300886e-05,5.7819575e-06
62.48557052203639,245.625,1.5663994e-05,5.920648e-06
62.48557052203639,247.5,1.6074679e-05,6.0491398e-06
62.48557052203639,249.375,1.5754316e-05,6.018035e-06
62.48557052203639,251.25,1.5374962e-05,5.785857e-06
62.48557052203639,253.125,1.5216465e-05,5.7182997e-06
62.48557052203639,255.0,1.5159475e-05,5.6902104e-06
62.48557052203639,256.875,1.5250689e-05,5.3561885e-06
62.48557052203639,258.75,1.5198415e-05,5.180715e-06
62.48557052203639,260.625,1.48659665e-05,5.4947336e-06
62.48557052203639,262.5,1.4615319e-05,6.3459884e-06
62.48557052203639,264.375,1.4155507e-05,7.0488745e-06
62.48557052203639,266.25,1.3626564e-05,7.1752024e-06
62.48557052203639,268.125,1.3516974e-05,6.7569863e-06
62.48557052203639,270.0,2.0681611e-05,5.926207e-06
62.48557052203639,271.875,2.3117307e-05,6.5697486e-06
62.48557052203639,273.75,2.2571785e-05,6.436244e-06
62.48557052203639,275.625,2.0674743e-05,6.1160326e-06
62.48557052203639,277.5,1.8787054e-05,5.9553117e-06
62.48557052203639,279.375,2.0616968e-05,6.4574388e-06
62.48557052203639,281.25,2.354362e-05,7.5752473e-06
62.48557052203639,283.125,2.5621099e-05,8.045471e-06
62.48557052203639,285.0,2.8761933e-05,7.907712e-06
62.48557052203639,286.875,2.7997117e-05,8.432271e-06
62.48557052203639,288.75,2.8229491e-05,9.507498e-06
62.48557052203639,290.625,2.0059597e-05,1.0424029e-05
62.48557052203639,292.5,1.814242e-05,9.8401915e-06
62.48557052203639,294.375,2.1530048e-05,9.12529e-06
62.48557052203639,296.25,2.2642209e-05,9.0548265e-06
62.48557052203639,298.125,2.5537009e-05,1.0471332e-05
62.48557052203639,300.0,2.8633378e-05,1.2786516e-05
62.48557052203639,301.875,2.7257967e-05,1.4081679e-05
62.48557052203639,303.75,2.3510524e-05,1.33025105e-05
62.48557052203639,305.625,2.52189e-05,1.47851e-05
62.48557052203639,307.5,3.2732984e-05,1.8734912e-05
62.48557052203639,309.375,3.9513827e-05,2.3700919e-05
62.48557052203639,311.25,2.9009672e-05,2.0542198e-05
62.48557052203639,313.125,3.5147415e-05,2.0459762e-05
62.48557052203639,315.0,4.2540367e-05,2.2117476e-05
62.48557052203639,316.875,6.692711e-05,3.5038698e-05
62.48557052203639,318.75,9.690654e-05,4.601946e-05
62.48557052203639,320.625,9.8898585e-05,4.3593183e-05
62.48557052203639,322.5,6.0983257e-05,2.759073e-05
62.48557052203639,324.375,3.6438458e-05,1.5414807e-05
62.48557052203639,326.25,3.20635e-05,1.2157276e-05
62.48557052203639,328.125,3.926191e-05,1.2884491e-05
62.48557052203639,330.0,5.309864e-05,1.6984395e-05
62.48557052203639,331.875,5.99413e-05,1.8483894e-05
62.48557052203639,333.75,5.72346e-05,1.8125049e-05
62.48557052203639,335.625,5.2154915e-05,1.7893704e-05
62.48557052203639,337.5,4.889049e-05,1.8442344e-05
62.48557052203639,339.375,5.1362636e-05,1.9498411e-05
62.48557052203639,341.25,5.5715795e-05,1.9229527e-05
62.48557052203639,343.125,5.8363854e-05,1.9068171e-05
62.48557052203639,345.0,5.8529396e-05,1.8732304e-05
62.48557052203639,346.875,5.362405e-05,1.7037333e-05
62.48557052203639,348.75,4.6919864e-05,1.4775074e-05
62.48557052203639,350.625,4.4345128e-05,1.4312959e-05
62.48557052203639,352.5,4.3232478e-05,1.4316645e-05
62.48557052203639,354.375,4.3751905e-05,1.4437382e-05
62.48557052203639,356.25,4.215681e-05,1.4439199e-05
62.48557052203639,358.125,3.8885817e-05,1.3169278e-05
64.35073040887207,0.0,3.71751e-05,1.266229e-05
64.35073040887207,1.875,3.572625e-05,1.19842325e-05
64.35073040887207,3.75,3.719016e-05,1.46259035e-05
64.35073040887207,5.625,4.171374e-05,1.8165907e-05
64.35073040887207,7.5,4.8213926e-05,2.1675998e-05
64.35073040887207,9.375,5.0902378e-05,2.4544652e-05
64.35073040887207,11.25,3.0528667e-05,1.7123606e-05
64.35073040887207,13.125,3.055618e-05,1.3932855e-05
64.35073040887207,15.0,2.8782373e-05,1.1022316e-05
64.35073040887207,16.875,2.9256842e-05,1.1733879e-05
64.35073040887207,18.75,2.9557053e-05,1.2682606e-05
64.35073040887207,20.625,2.9303963e-05,1.2088436e-05
64.35073040887207,22.5,3.5211226e-05,1.0512389e-05
64.35073040887207,24.375,2.3649392e-05,9.723603e-06
64.35073040887207,26.25,2.3751278e-05,9.480864e-06
64.35073040887207,28.125,2.490128e-05,9.641133e-06
64.35073040887207,30.0,2.6280894e-05,9.643824e-06
64.35073040887207,31.875,2.7972183e-05,9.552494e-06
64.35073040887207,33.75,2.7580052e-05,9.110755e-06
64.35073040887207,35.625,2.7512227e-05,8.813577e-06
64.35073040887207,37.5,2.6641736e-05,8.670454e-06
64.35073040887207,39.375,2.5964635e-05,8.740938e-06
64.35073040887207,41.25,2.64362e-05,8.963619e-06
64.35073040887207,43.125,2.7153916e-05,9.424483e-06
64.35073040887207,45.0,2.7380609e-05,9.627295e-06
64.35073040887207,46.875,2.708974e-05,9.317789e-06
64.35073040887207,48.75,2.6526395e-05,8.874583e-06
64.35073040887207,50.625,2.5998977e-05,8.530711e-06
64.35073040887207,52.5,2.5963962e-05,8.375638e-06
64.35073040887207,54.375,2.665252e-05,8.734017e-06
64.35073040887207,56.25,2.7253298e-05,9.04403e-06
64.35073040887207,58.125,2.6716409e-05,9.087005e-06
64.35073040887207,60.0,2.5469022e-05,8.666086e-06
64.35073040887207,61.875,2.389868e-05,7.961886e-06
64.35073040887207,63.75,2.274374e-05,7.5826115e-06
64.35073040887207,65.625,2.2465918e-05,7.417797e-06
64.35073040887207,67.5,2.2741884e-05,7.650421e-06
64.35073040887207,69.375,2.2750699e-05,7.680359e-06
64.35073040887207,71.25,2.2428258e-05,7.5065655e-06
64.35073040887207,73.125,2.2056081e-05,7.389147e-06
64.35073040887207,75.0,2.1389675e-05,7.199877e-06
64.35073040887207,76.875,2.0523037e-05,7.0944425e-06
64.35073040887207,78.75,1.9928413e-05,6.8080653e-06
64.35073040887207,80.625,1.970994e-05,6.5979257e-06
64.35073040887207,82.5,2.007055e-05,6.660175e-06
64.35073040887207,84.375,2.0990732e-05,7.2330813e-06
64.35073040887207,86.25,2.2545319e-05,8.17248e-06
64.35073040887207,88.125,2.396797e-05,9.156205e-06
64.35073040887207,90.0,2.467013e-05,9.6159165e-06
64.35073040887207,91.875,2.3767412e-05,9.481037e-06
64.35073040887207,93.75,2.1136942e-05,8.416929e-06
64.35073040887207,95.625,1.7619768e-05,6.8451327e-06
64.35073040887207,97.5,1.4084885e-05,5.281608e-06
64.35073040887207,99.375,1.1709535e-05,4.334899e-06
64.35073040887207,101.25,1.0666134e-05,3.816006e-06
64.35073040887207,103.125,1.0634642e-05,3.7357245e-06
64.35073040887207,105.0,1.16768115e-05,4.1140775e-06
64.35073040887207,106.875,1.25790075e-05,4.5654347e-06
64.35073040887207,108.75,1.202788e-05,4.439677e-06
64.35073040887207,110.625,1.023202e-05,3.569218e-06
64.35073040887207,112.5,8.323883e-06,2.8797883e-06
64.35073040887207,114.375,6.9868092e-06,2.525283e-06
64.35073040887207,116.25,6.407782e-06,2.3591676e-06
64.35073040887207,118.125,6.8206136e-06,2.6281102e-06
64.35073040887207,120.0,8.318873e-06,3.3832584e-06
64.35073040887207,121.875,1.0149561e-05,4.6096707e-06
64.35073040887207,123.75,1.0196497e-05,4.7337685e-06
64.35073040887207,125.625,8.627152e-06,4.102384e-06
64.35073040887207,127.5,6.850667e-06,3.4368043e-06
64.35073040887207,129.375,6.0288316e-06,3.2253604e-06
64.35073040887207,131.25,5.8883215e-06,3.3926192e-06
64.35073040887207,133.125,6.0955435e-06,3.594697e-06
64.35073040887207,135.0,6.108115e-06,3.6903105e-06
64.35073040887207,136.875,5.4300513e-06,3.4026205e-06
64.35073040887207,138.75,4.529863e-06,2.79189e-06
64.35073040887207,140.625,4.081482e-06,2.4109963e-06
64.35073040887207,142.5,4.6766804e-06,2.6620862e-06
64.35073040887207,144.375,6.4422375e-06,3.26886e-06
64.35073040887207,146.25,8.636949e-06,3.989016e-06
64.35073040887207,148.125,1.0901568e-05,4.743075e-06
64.35073040887207,150.0,1.2771317e-05,5.562541e-06
64.35073040887207,151.875,1.3906013e-05,6.2030254e-06
64.35073040887207,153.75,1.4027476e-05,6.4971796e-06
64.35073040887207,155.625,1.3424537e-05,6.268798e-06
64.35073040887207,157.5,1.2577361e-05,6.0711272e-06
64.35073040887207,159.375,1.2766891e-05,6.55608e-06
64.35073040887207,161.25,1.3392057e-05,6.8913246e-06
64.35073040887207,163.125,1.4564134e-05,7.3867113e-06
64.35073040887207,165.0,1.5931904e-05,8.08051e-06
64.35073040887207,166.875,1.7081677e-05,8.656988e-06
64.35073040887207,168.75,1.7523611e-05,8.920745e-06
64.35073040887207,170.625,1.7659886e-05,8.815467e-06
64.35073040887207,172.5,1.8361707e-05,8.815018e-06
64.35073040887207,174.375,1.9762381e-05,9.384058e-06
64.35073040887207,176.25,2.1659209e-05,1.0372825e-05
64.35073040887207,178.125,2.3584123e-05,1.1157201e-05
64.35073040887207,180.0,3.237528e-05,1.0788476e-05
64.35073040887207,181.875,2.9075423e-05,9.752209e-06
64.35073040887207,183.75,2.5203759e-05,9.389215e-06
64.35073040887207,185.625,1.7455915e-05,8.578682e-06
64.35073040887207,187.5,2.2944687e-05,8.433143e-06
64.35073040887207,189.375,1.8556753e-05,9.0620115e-06
64.35073040887207,191.25,2.9361385e-05,8.85257e-06
64.35073040887207,193.125,2.8606772e-05,9.789012e-06
64.35073040887207,195.0,2.1050262e-05,1.1162426e-05
64.35073040887207,196.875,2.2772425e-05,1.1930406e-05
64.35073040887207,198.75,2.4430514e-05,1.2773829e-05
64.35073040887207,200.625,2.5641939e-05,1.3720937e-05
64.35073040887207,202.5,2.5720643e-05,1.411526e-05
64.35073040887207,204.375,2.4236308e-05,1.3471487e-05
64.35073040887207,206.25,2.0811021e-05,1.148064e-05
64.35073040887207,208.125,1.6435111e-05,8.774754e-06
64.35073040887207,210.0,1.2354546e-05,6.373517e-06
64.35073040887207,211.875,9.6426775e-06,4.6597897e-06
64.35073040887207,213.75,8.595033e-06,4.0154487e-06
64.35073040887207,215.625,8.337735e-06,3.908527e-06
64.35073040887207,217.5,8.511352e-06,4.001582e-06
64.35073040887207,219.375,9.012156e-06,4.2652896e-06
64.35073040887207,221.25,9.808368e-06,4.6693344e-06
64.35073040887207,223.125,1.1122615e-05,5.357044e-06
64.35073040887207,225.0,1.2576895e-05,5.980929e-06
64.35073040887207,226.875,1.3209111e-05,5.928907e-06
64.35073040887207,228.75,1.2607412e-05,4.9985333e-06
64.35073040887207,230.625,1.122391e-05,4.182448e-06
64.35073040887207,232.5,1.049696e-05,4.07929e-06
64.35073040887207,234.375,1.0896716e-05,4.278359e-06
64.35073040887207,236.25,1.1582698e-05,4.520255e-06
64.35073040887207,238.125,1.2558622e-05,4.7183084e-06
64.35073040887207,240.0,1.3302855e-05,4.6887835e-06
64.35073040887207,241.875,1.4633972e-05,4.971475e-06
64.35073040887207,243.75,1.6270265e-05,5.5276405e-06
64.35073040887207,245.625,1.698362e-05,6.02823e-06
64.35073040887207,247.5,1.6508597e-05,6.083599e-06
64.35073040887207,249.375,1.5024012e-05,5.62087e-06
64.35073040887207,251.25,1.3888402e-05,5.18379e-06
64.35073040887207,253.125,1.323653e-05,5.1565785e-06
64.35073040887207,255.0,1.3362292e-05,5.2062246e-06
64.35073040887207,256.875,1.3576421e-05,5.3981694e-06
64.35073040887207,258.75,1.4225877e-05,5.341702e-06
64.35073040887207,260.625,1.4685472e-05,5.6639847e-06
64.35073040887207,262.5,1.48364625e-05,6.101497e-06
64.35073040887207,264.375,1.4644042e-05,6.637906e-06
64.35073040887207,266.25,1.4884738e-05,7.167705e-06
64.35073040887207,268.125,1.4978437e-05,7.257836e-06
64.35073040887207,270.0,1.481088e-05,6.8193112e-06
64.35073040887207,271.875,1.467125e-05,6.5711524e-06
64.35073040887207,273.75,1.4321376e-05,6.786451e-06
64.35073040887207,275.625,1.2945146e-05,6.798212e-06
64.35073040887207,277.5,1.147803e-05,6.217997e-06
64.35073040887207,279.375,1.6102576e-05,5.7599154e-06
64.35073040887207,281.25,1.784388e-05,6.158667e-06
64.35073040887207,283.125,1.2574152e-05,5.520816e-06
64.35073040887207,285.0,2.1080148e-05,5.7906877e-06
64.35073040887207,286.875,1.538726e-05,6.5875206e-06
64.35073040887207,288.75,1.621977e-05,7.6100587e-06
64.35073040887207,290.625,1.6179536e-05,8.066556e-06
64.35073040887207,292.5,1.6142969e-05,8.271792e-06
64.35073040887207,294.375,1.7099006e-05,8.816301e-06
64.35073040887207,296.25,2.65419e-05,1.0140684e-05
64.35073040887207,298.125,2.8235103e-05,1.2684099e-05
64.35073040887207,300.0,2.796046e-05,1.3999577e-05
64.35073040887207,301.875,2.499402e-05,1.3620915e-05
64.35073040887207,303.75,2.0614856e-05,1.2215235e-05
64.35073040887207,305.625,2.3551853e-05,1.3307205e-05
64.35073040887207,307.5,2.9590721e-05,1.7869115e-05
64.35073040887207,309.375,2.0268588e-05,1.5332347e-05
64.35073040887207,311.25,1.7171878e-05,1.224231e-05
64.35073040887207,313.125,1.6383998e-05,9.542398e-06
64.35073040887207,315.0,2.3706038e-05,1.13555625e-05
64.35073040887207,316.875,4.3470634e-05,2.377033e-05
64.35073040887207,318.75,6.917813e-05,3.937251e-05
64.35073040887207,320.625,9.168505e-05,4.822546e-05
64.35073040887207,322.5,7.631751e-05,4.012327e-05
64.35073040887207,324.375,5.1996256e-05,2.7041608e-05
64.35073040887207,326.25,3.64622e-05,1.7444338e-05
64.35073040887207,328.125,3.1663953e-05,1.3643435e-05
64.35073040887207,330.0,3.521899e-05,1.4019468e-05
64.35073040887207,331.875,3.920432e-05,1.50500455e-05
64.35073040887207,333.75,4.160419e-05,1.5456508e-05
64.35073040887207,335.625,4.038644e-05,1.52240245e-05
64.35073040887207,337.5,2.6847178e-05,1.13805245e-05
64.35073040887207,339.375,3.0970714e-05,1.2603743e-05
64.35073040887207,341.25,3.3960478e-05,1.3335549e-05
64.35073040887207,343.125,3.5151977e-05,1.2857309e-05
64.35073040887207,345.0,3.8106744e-05,1.5044905e-05
64.35073040887207,346.875,5.199462e-05,1.6299398e-05
64.35073040887207,348.75,4.1303214e-05,1.3191189e-05
64.35073040887207,350.625,3.207418e-05,1.0373462e-05
64.35073040887207,352.5,2.8848406e-05,8.868401e-06
64.35073040887207,354.375,3.178464e-05,9.908774e-06
64.35073040887207,356.25,3.442253e-05,1.0894663e-05
64.35073040887207,358.125,3.6280442e-05,1.2385952e-05
66.2158721139987,0.0,3.586307e-05,1.1780274e-05
66.2158721139987,1.875,3.677548e-05,1.1791309e-05
66.2158721139987,3.75,3.4470213e-05,1.0671409e-05
66.2158721139987,5.625,3.457715e-05,1.3291812e-05
66.2158721139987,7.5,3.8486378e-05,1.6768121e-05
66.2158721139987,9.375,4.316595e-05,1.8820725e-05
66.2158721139987,11.25,4.6334928e-05,2.1576723e-05
66.2158721139987,13.125,3.1159394e-05,1.7635497e-05
66.2158721139987,15.0,3.2130873e-05,1.5267686e-05
66.2158721139987,16.875,3.016702e-05,1.1611368e-05
66.2158721139987,18.75,2.8398794e-05,1.0380598e-05
66.2158721139987,20.625,2.8237753e-05,1.094324e-05
66.2158721139987,22.5,2.7729957e-05,1.094358e-05
66.2158721139987,24.375,2.6433961e-05,1.05974095e-05
66.2158721139987,26.25,2.5134897e-05,1.01456935e-05
66.2158721139987,28.125,2.4120789e-05,9.670639e-06
66.2158721139987,30.0,2.4058647e-05,9.429404e-06
66.2158721139987,31.875,2.406319e-05,8.856212e-06
66.2158721139987,33.75,2.4101573e-05,8.392937e-06
66.2158721139987,35.625,2.9824609e-05,7.536126e-06
66.2158721139987,37.5,2.187659e-05,7.398132e-06
66.2158721139987,39.375,2.1723168e-05,7.660584e-06
66.2158721139987,41.25,2.8960032e-05,7.401052e-06
66.2158721139987,43.125,2.8713064e-05,7.8881185e-06
66.2158721139987,45.0,2.240702e-05,8.397299e-06
66.2158721139987,46.875,2.3783681e-05,8.945205e-06
66.2158721139987,48.75,2.5090565e-05,9.165691e-06
66.2158721139987,50.625,2.6130452e-05,9.306207e-06
66.2158721139987,52.5,2.708228e-05,9.47797e-06
66.2158721139987,54.375,2.7324666e-05,9.752898e-06
66.2158721139987,56.25,2.6893766e-05,9.843296e-06
66.2158721139987,58.125,2.5304902e-05,9.6181375e-06
66.2158721139987,60.0,2.320074e-05,8.628879e-06
66.2158721139987,61.875,2.0982174e-05,7.641831e-06
66.2158721139987,63.75,1.940968e-05,6.9036278e-06
66.2158721139987,65.625,1.8381146e-05,6.4665405e-06
66.2158721139987,67.5,1.811534e-05,6.4708424e-06
66.2158721139987,69.375,1.8399784e-05,6.834744e-06
66.2158721139987,71.25,1.9007206e-05,7.1457684e-06
66.2158721139987,73.125,1.968726e-05,7.2080234e-06
66.2158721139987,75.0,2.0072759e-05,7.086806e-06
66.2158721139987,76.875,2.0155427e-05,7.08043e-06
66.2158721139987,78.75,2.004297e-05,7.1391314e-06
66.2158721139987,80.625,2.0548858e-05,7.150241e-06
66.2158721139987,82.5,2.1525972e-05,7.730223e-06
66.2158721139987,84.375,2.2823318e-05,8.6750315e-06
66.2158721139987,86.25,2.3873656e-05,9.5721325e-06
66.2158721139987,88.125,2.4413448e-05,1.0070081e-05
66.2158721139987,90.0,2.321172e-05,9.748927e-06
66.2158721139987,91.875,2.043024e-05,8.528597e-06
66.2158721139987,93.75,1.6555785e-05,6.6540474e-06
66.2158721139987,95.625,1.292433e-05,5.0850726e-06
66.2158721139987,97.5,1.019453e-05,3.9941624e-06
66.2158721139987,99.375,8.783976e-06,3.4466923e-06
66.2158721139987,101.25,8.18415e-06,3.1672464e-06
66.2158721139987,103.125,8.157231e-06,3.1308e-06
66.2158721139987,105.0,8.588132e-06,3.2628293e-06
66.2158721139987,106.875,9.043153e-06,3.453032e-06
66.2158721139987,108.75,8.991051e-06,3.2413316e-06
66.2158721139987,110.625,8.130009e-06,2.863523e-06
66.2158721139987,112.5,7.508915e-06,2.6379655e-06
66.2158721139987,114.375,6.9368252e-06,2.5763868e-06
66.2158721139987,116.25,6.7873e-06,2.7536587e-06
66.2158721139987,118.125,6.9437997e-06,3.114065e-06
66.2158721139987,120.0,7.967177e-06,3.6202794e-06
66.2158721139987,121.875,8.837744e-06,4.42406e-06
66.2158721139987,123.75,8.772076e-06,4.3868195e-06
66.2158721139987,125.625,7.674525e-06,3.7771488e-06
66.2158721139987,127.5,6.4408605e-06,2.9736773e-06
66.2158721139987,129.375,5.59306e-06,2.5445186e-06
66.2158721139987,131.25,5.221763e-06,2.3840032e-06
66.2158721139987,133.125,5.264018e-06,2.416737e-06
66.2158721139987,135.0,5.496793e-06,2.700557e-06
66.2158721139987,136.875,5.7048833e-06,3.0174383e-06
66.2158721139987,138.75,5.8435858e-06,3.2502653e-06
66.2158721139987,140.625,6.2049344e-06,3.5659389e-06
66.2158721139987,142.5,6.993647e-06,3.935987e-06
66.2158721139987,144.375,8.103791e-06,4.441785e-06
66.2158721139987,146.25,9.431158e-06,5.084331e-06
66.2158721139987,148.125,1.0639852e-05,5.4312386e-06
66.2158721139987,150.0,1.1404967e-05,5.5768364e-06
66.2158721139987,151.875,1.2065592e-05,5.9705935e-06
66.2158721139987,153.75,1.2126752e-05,6.0033494e-06
66.2158721139987,155.625,1.1954054e-05,5.9205695e-06
66.2158721139987,157.5,1.1665842e-05,5.6833974e-06
66.2158721139987,159.375,1.1152646e-05,5.5119294e-06
66.2158721139987,161.25,1.0707053e-05,5.258745e-06
66.2158721139987,163.125,1.1009527e-05,5.243698e-06
66.2158721139987,165.0,1.19442675e-05,5.809276e-06
66.2158721139987,166.875,1.3138775e-05,6.3753187e-06
66.2158721139987,168.75,1.3996684e-05,6.9715743e-06
66.2158721139987,170.625,1.4216441e-05,7.2939056e-06
66.2158721139987,172.5,1.4294209e-05,7.24204e-06
66.2158721139987,174.375,1.4982502e-05,7.499082e-06
66.2158721139987,176.25,1.6297909e-05,7.951083e-06
66.2158721139987,178.125,1.7941287e-05,8.725241e-06
66.2158721139987,180.0,1.935261e-05,9.509007e-06
66.2158721139987,181.875,1.9953472e-05,1.0179986e-05
66.2158721139987,183.75,1.9780742e-05,9.9464e-06
66.2158721139987,185.625,1.8420165e-05,8.827055e-06
66.2158721139987,187.5,1.6917082e-05,7.903948e-06
66.2158721139987,189.375,1.6809992e-05,7.4869395e-06
66.2158721139987,191.25,2.6277048e-05,7.1042346e-06
66.2158721139987,193.125,2.4665636e-05,8.33224e-06
66.2158721139987,195.0,1.7444236e-05,9.625812e-06
66.2158721139987,196.875,2.0284853e-05,1.109677e-05
66.2158721139987,198.75,2.353432e-05,1.2774541e-05
66.2158721139987,200.625,2.6492333e-05,1.4338428e-05
66.2158721139987,202.5,2.7858741e-05,1.5495922e-05
66.2158721139987,204.375,2.7187027e-05,1.5627347e-05
66.2158721139987,206.25,2.4608045e-05,1.4287616e-05
66.2158721139987,208.125,2.065001e-05,1.1835374e-05
66.2158721139987,210.0,1.6499303e-05,9.179606e-06
66.2158721139987,211.875,1.3220111e-05,6.88932e-06
66.2158721139987,213.75,1.129454e-05,5.39868e-06
66.2158721139987,215.625,1.0394939e-05,4.7766184e-06
66.2158721139987,217.5,1.027692e-05,4.5704396e-06
66.2158721139987,219.375,1.0716162e-05,4.5367265e-06
66.2158721139987,221.25,1.137357e-05,4.5744036e-06
66.2158721139987,223.125,1.1859182e-05,4.598219e-06
66.2158721139987,225.0,1.2144164e-05,4.696849e-06
66.2158721139987,226.875,1.2067e-05,4.522564e-06
66.2158721139987,228.75,1.1697848e-05,4.346581e-06
66.2158721139987,230.625,1.1201145e-05,4.2796974e-06
66.2158721139987,232.5,1.0943249e-05,4.1146604e-06
66.2158721139987,234.375,1.0893835e-05,4.0233845e-06
66.2158721139987,236.25,1.1563939e-05,4.21092e-06
66.2158721139987,238.125,1.5186836e-05,4.2642555e-06
66.2158721139987,240.0,1.5772897e-05,4.65171e-06
66.2158721139987,241.875,1.460249e-05,5.431255e-06
66.2158721139987,243.75,1.5032692e-05,5.549055e-06
66.2158721139987,245.625,1.4644095e-05,5.511775e-06
66.2158721139987,247.5,1.3618566e-05,5.181809e-06
66.2158721139987,249.375,1.2506971e-05,4.619817e-06
66.2158721139987,251.25,1.16593765e-05,4.3264313e-06
66.2158721139987,253.125,1.1448187e-05,4.443108e-06
66.2158721139987,255.0,1.1588072e-05,4.8536826e-06
66.2158721139987,256.875,1.1808759e-05,5.077013e-06
66.2158721139987,258.75,1.2464791e-05,5.2542496e-06
66.2158721139987,260.625,1.2923862e-05,5.3555127e-06
66.2158721139987,262.5,1.3003454e-05,5.3985027e-06
66.2158721139987,264.375,1.34315505e-05,5.5488467e-06
66.2158721139987,266.25,1.369886e-05,5.7201974e-06
66.2158721139987,268.125,1.3821414e-05,5.7090565e-06
66.2158721139987,270.0,1.3887337e-05,5.656681e-06
66.2158721139987,271.875,1.4103613e-05,6.0354687e-06
66.2158721139987,273.75,1.4222011e-05,6.598521e-06
66.2158721139987,275.625,1.40260345e-05,6.976102e-06
66.2158721139987,277.5,2.009835e-05,6.571909e-06
66.2158721139987,279.375,2.1183467e-05,5.6851504e-06
66.2158721139987,281.25,2.0584355e-05,5.1634343e-06
66.2158721139987,283.125,1.9811843e-05,5.3051776e-06
66.2158721139987,285.0,2.0367117e-05,5.3522435e-06
66.2158721139987,286.875,1.2072265e-05,5.519838e-06
66.2158721139987,288.75,1.2040591e-05,5.7660186e-06
66.2158721139987,290.625,1.1903005e-05,6.1116266e-06
66.2158721139987,292.5,1.1717979e-05,6.0601446e-06
66.2158721139987,294.375,1.2637768e-05,6.2085387e-06
66.2158721139987,296.25,1.3586283e-05,7.527975e-06
66.2158721139987,298.125,2.1844626e-05,9.220435e-06
66.2158721139987,300.0,1.9449377e-05,9.5239e-06
66.2158721139987,301.875,1.7392209e-05,8.763938e-06
66.2158721139987,303.75,1.7530401e-05,8.560108e-06
66.2158721139987,305.625,2.0064805e-05,1.0523641e-05
66.2158721139987,307.5,1.4215804e-05,1.21505755e-05
66.2158721139987,309.375,1.3982706e-05,1.194065e-05
66.2158721139987,311.25,1.1853579e-05,9.831093e-06
66.2158721139987,313.125,1.0482209e-05,7.816855e-06
66.2158721139987,315.0,1.1502304e-05,6.3305333e-06
66.2158721139987,316.875,2.0097592e-05,1.0918855e-05
66.2158721139987,318.75,3.4998797e-05,2.132592e-05
66.2158721139987,320.625,4.5919944e-05,2.9626875e-05
66.2158721139987,322.5,4.9613405e-05,3.2628228e-05
66.2158721139987,324.375,4.83162e-05,3.169141e-05
66.2158721139987,326.25,5.1224375e-05,3.0967705e-05
66.2158721139987,328.125,5.097127e-05,2.8720255e-05
66.2158721139987,330.0,4.949856e-05,2.5959156e-05
66.2158721139987,331.875,4.1102525e-05,2.0255578e-05
66.2158721139987,333.75,3.4034274e-05,1.5358426e-05
66.2158721139987,335.625,2.9362134e-05,1.2627966e-05
66.2158721139987,337.5,2.2071996e-05,9.444411e-06
66.2158721139987,339.375,3.8678714e-05,1.0980031e-05
66.2158721139987,341.25,4.2025466e-05,1.0770681e-05
66.2158721139987,343.125,4.5506597e-05,1.2829587e-05
66.2158721139987,345.0,4.5968125e-05,1.258787e-05
66.2158721139987,346.875,3.8548795e-05,1.18993e-05
66.2158721139987,348.75,2.8530001e-05,8.821752e-06
66.2158721139987,350.625,2.2887758e-05,7.3117794e-06
66.2158721139987,352.5,2.2193628e-05,7.1841923e-06
66.2158721139987,354.375,2.3823939e-05,7.4766017e-06
66.2158721139987,356.25,2.8150645e-05,8.849311e-06
66.2158721139987,358.125,3.358838e-05,9.997394e-06
68.08099098565125,0.0,3.2767814e-05,9.6534595e-06
68.08099098565125,1.875,3.5406738e-05,1.0226134e-05
68.08099098565125,3.75,3.442268e-05,1.0967354e-05
68.08099098565125,5.625,3.3581568e-05,1.11286345e-05
68.08099098565125,7.5,3.4713466e-05,1.2397236e-05
68.08099098565125,9.375,3.8336446e-05,1.4605482e-05
68.08099098565125,11.25,4.3563938e-05,1.8643605e-05
68.08099098565125,13.125,4.559468e-05,1.9527248e-05
68.08099098565125,15.0,4.4957735e-05,1.8774108e-05
68.08099098565125,16.875,2.54276e-05,1.3906671e-05
68.08099098565125,18.75,2.5442161e-05,1.1224949e-05
68.08099098565125,20.625,2.4730745e-05,9.239912e-06
68.08099098565125,22.5,2.4791401e-05,8.628379e-06
68.08099098565125,24.375,2.4821931e-05,8.6403015e-06
68.08099098565125,26.25,2.4535077e-05,8.935461e-06
68.08099098565125,28.125,2.404374e-05,9.118722e-06
68.08099098565125,30.0,2.3554967e-05,8.967889e-06
68.08099098565125,31.875,2.2323089e-05,8.373707e-06
68.08099098565125,33.75,2.1086746e-05,7.7428085e-06
68.08099098565125,35.625,1.986661e-05,7.2800644e-06
68.08099098565125,37.5,1.8556371e-05,7.1396407e-06
68.08099098565125,39.375,1.7572587e-05,7.052862e-06
68.08099098565125,41.25,2.5041885e-05,7.2728517e-06
68.08099098565125,43.125,2.5682328e-05,7.3390124e-06
68.08099098565125,45.0,2.5956402e-05,7.2439375e-06
68.08099098565125,46.875,2.6545738e-05,7.4817685e-06
68.08099098565125,48.75,2.6892994e-05,7.724856e-06
68.08099098565125,50.625,2.1193478e-05,8.483566e-06
68.08099098565125,52.5,2.2154965e-05,9.095478e-06
68.08099098565125,54.375,2.2771366e-05,9.585485e-06
68.08099098565125,56.25,2.2556469e-05,9.670262e-06
68.08099098565125,58.125,2.1359885e-05,9.202868e-06
68.08099098565125,60.0,1.987308e-05,8.50501e-06
68.08099098565125,61.875,1.8221552e-05,7.656402e-06
68.08099098565125,63.75,1.6923786e-05,7.00579e-06
68.08099098565125,65.625,1.6327731e-05,6.6124035e-06
68.08099098565125,67.5,1.6384844e-05,6.4524497e-06
68.08099098565125,69.375,1.6760216e-05,6.5096774e-06
68.08099098565125,71.25,1.7297993e-05,6.6073476e-06
68.08099098565125,73.125,1.75493e-05,6.666831e-06
68.08099098565125,75.0,1.7546101e-05,6.5387776e-06
68.08099098565125,76.875,1.7478515e-05,6.411668e-06
68.08099098565125,78.75,1.7585537e-05,6.4319897e-06
68.08099098565125,80.625,1.7920649e-05,6.6435764e-06
68.08099098565125,82.5,1.8891596e-05,7.37188e-06
68.08099098565125,84.375,2.0103504e-05,8.417878e-06
68.08099098565125,86.25,2.0660646e-05,8.989525e-06
68.08099098565125,88.125,2.0387084e-05,9.207853e-06
68.08099098565125,90.0,1.891636e-05,8.552455e-06
68.08099098565125,91.875,1.6505932e-05,7.3409465e-06
68.08099098565125,93.75,1.3358892e-05,5.6995596e-06
68.08099098565125,95.625,1.0496527e-05,4.273385e-06
68.08099098565125,97.5,8.450746e-06,3.2052226e-06
68.08099098565125,99.375,7.4636623e-06,2.699029e-06
68.08099098565125,101.25,7.271052e-06,2.4721874e-06
68.08099098565125,103.125,7.2092744e-06,2.6068635e-06
68.08099098565125,105.0,7.4553363e-06,2.7152926e-06
68.08099098565125,106.875,7.833937e-06,2.7687443e-06
68.08099098565125,108.75,7.931225e-06,2.7688613e-06
68.08099098565125,110.625,7.790598e-06,2.6260345e-06
68.08099098565125,112.5,7.4929e-06,2.58465e-06
68.08099098565125,114.375,7.229847e-06,2.5356771e-06
68.08099098565125,116.25,7.1977206e-06,2.6006987e-06
68.08099098565125,118.125,7.391882e-06,2.8685015e-06
68.08099098565125,120.0,7.838377e-06,3.338957e-06
68.08099098565125,121.875,8.265356e-06,3.953655e-06
68.08099098565125,123.75,8.0692325e-06,3.951682e-06
68.08099098565125,125.625,7.4056525e-06,3.5121611e-06
68.08099098565125,127.5,6.491054e-06,2.8978498e-06
68.08099098565125,129.375,5.9888735e-06,2.5357701e-06
68.08099098565125,131.25,5.7871116e-06,2.6229022e-06
68.08099098565125,133.125,6.082401e-06,3.0910574e-06
68.08099098565125,135.0,6.6204025e-06,3.7620812e-06
68.08099098565125,136.875,7.2296666e-06,4.3153827e-06
68.08099098565125,138.75,7.798841e-06,4.78135e-06
68.08099098565125,140.625,8.228052e-06,5.1492257e-06
68.08099098565125,142.5,8.524937e-06,5.3053654e-06
68.08099098565125,144.375,9.069034e-06,5.4333227e-06
68.08099098565125,146.25,9.58578e-06,5.4839666e-06
68.08099098565125,148.125,1.0194127e-05,5.6222557e-06
68.08099098565125,150.0,1.0566428e-05,5.6890476e-06
68.08099098565125,151.875,1.07841215e-05,5.6947288e-06
68.08099098565125,153.75,1.0882313e-05,5.758395e-06
68.08099098565125,155.625,1.1188768e-05,5.986335e-06
68.08099098565125,157.5,1.1224427e-05,6.0948096e-06
68.08099098565125,159.375,1.1103295e-05,6.1594164e-06
68.08099098565125,161.25,1.0978839e-05,6.118915e-06
68.08099098565125,163.125,1.07788865e-05,6.0076204e-06
68.08099098565125,165.0,1.084228e-05,5.7478937e-06
68.08099098565125,166.875,1.11433465e-05,5.7142292e-06
68.08099098565125,168.75,1.1598921e-05,5.5617925e-06
68.08099098565125,170.625,1.1901534e-05,5.511527e-06
68.08099098565125,172.5,1.2574677e-05,5.602743e-06
68.08099098565125,174.375,1.3161022e-05,5.5005057e-06
68.08099098565125,176.25,1.3980423e-05,5.6385875e-06
68.08099098565125,178.125,1.5807705e-05,6.5833847e-06
68.08099098565125,180.0,1.7525497e-05,7.601445e-06
68.08099098565125,181.875,1.9559548e-05,8.703242e-06
68.08099098565125,183.75,3.0067691e-05,1.0544602e-05
68.08099098565125,185.625,3.1546922e-05,9.050203e-06
68.08099098565125,187.5,3.0101652e-05,7.4658487e-06
68.08099098565125,189.375,2.7234026e-05,6.3939206e-06
68.08099098565125,191.25,2.3821583e-05,6.4923897e-06
68.08099098565125,193.125,1.95922e-05,7.177035e-06
68.08099098565125,195.0,1.1136543e-05,6.2249055e-06
68.08099098565125,196.875,1.2028215e-05,6.734463e-06
68.08099098565125,198.75,1.345391e-05,7.5101884e-06
68.08099098565125,200.625,1.52418015e-05,8.123573e-06
68.08099098565125,202.5,1.6511309e-05,8.6154905e-06
68.08099098565125,204.375,1.721926e-05,8.824051e-06
68.08099098565125,206.25,1.7183718e-05,8.897151e-06
68.08099098565125,208.125,1.6560984e-05,8.481589e-06
68.08099098565125,210.0,1.5483338e-05,7.531383e-06
68.08099098565125,211.875,1.4151634e-05,6.513556e-06
68.08099098565125,213.75,1.2870532e-05,5.398384e-06
68.08099098565125,215.625,1.2294036e-05,4.786736e-06
68.08099098565125,217.5,1.2054348e-05,4.796427e-06
68.08099098565125,219.375,1.2129479e-05,4.900574e-06
68.08099098565125,221.25,1.1921768e-05,4.9771606e-06
68.08099098565125,223.125,1.1301684e-05,4.9479413e-06
68.08099098565125,225.0,1.049437e-05,4.8058096e-06
68.08099098565125,226.875,9.968448e-06,4.5922334e-06
68.08099098565125,228.75,9.749629e-06,4.480365e-06
68.08099098565125,230.625,9.6910235e-06,4.319007e-06
68.08099098565125,232.5,1.0174606e-05,4.4602775e-06
68.08099098565125,234.375,1.1193908e-05,4.911287e-06
68.08099098565125,236.25,1.2219114e-05,5.3844424e-06
68.08099098565125,238.125,1.3142848e-05,5.578999e-06
68.08099098565125,240.0,1.3301685e-05,5.4482057e-06
68.08099098565125,241.875,1.281136e-05,5.140185e-06
68.08099098565125,243.75,1.224937e-05,4.9191362e-06
68.08099098565125,245.625,1.1580114e-05,4.704285e-06
68.08099098565125,247.5,1.1173695e-05,4.7091626e-06
68.08099098565125,249.375,1.1064483e-05,4.6879454e-06
68.08099098565125,251.25,1.1097523e-05,4.7908584e-06
68.08099098565125,253.125,1.1144328e-05,4.8637808e-06
68.08099098565125,255.0,1.1110068e-05,5.1982206e-06
68.08099098565125,256.875,1.134555e-05,5.5105065e-06
68.08099098565125,258.75,1.804138e-05,5.5050828e-06
68.08099098565125,260.625,2.0132098e-05,5.515508e-06
68.08099098565125,262.5,1.1144226e-05,4.8524676e-06
68.08099098565125,264.375,1.0338016e-05,4.4858584e-06
68.08099098565125,266.25,1.0587635e-05,4.3844193e-06
68.08099098565125,268.125,1.1071883e-05,4.2413085e-06
68.08099098565125,270.0,1.1998257e-05,4.302784e-06
68.08099098565125,271.875,1.28109195e-05,4.728542e-06
68.08099098565125,273.75,1.2882922e-05,5.3142335e-06
68.08099098565125,275.625,1.2649108e-05,5.515308e-06
68.08099098565125,277.5,1.2742334e-05,5.9838007e-06
68.08099098565125,279.375,2.0126423e-05,5.9782647e-06
68.08099098565125,281.25,2.1057076e-05,5.9728936e-06
68.08099098565125,283.125,1.1381236e-05,5.7269926e-06
68.08099098565125,285.0,1.1108045e-05,5.6006206e-06
68.08099098565125,286.875,1.0628708e-05,5.335498e-06
68.08099098565125,288.75,1.02204785e-05,5.276442e-06
68.08099098565125,290.625,9.571151e-06,5.173011e-06
68.08099098565125,292.5,9.9515655e-06,4.70782e-06
68.08099098565125,294.375,1.7674924e-05,4.6380605e-06
68.08099098565125,296.25,1.7610364e-05,5.123371e-06
68.08099098565125,298.125,1.6208367e-05,5.5707987e-06
68.08099098565125,300.0,1.4410873e-05,6.0706284e-06
68.08099098565125,301.875,1.5128317e-05,6.9004113e-06
68.08099098565125,303.75,2.0185937e-05,8.058294e-06
68.08099098565125,305.625,2.0275183e-05,1.0716293e-05
68.08099098565125,307.5,1.3064468e-05,1.1651679e-05
68.08099098565125,309.375,1.2649596e-05,1.1588925e-05
68.08099098565125,311.25,1.0829293e-05,9.9087765e-06
68.08099098565125,313.125,9.682197e-06,8.3020805e-06
68.08099098565125,315.0,9.164597e-06,6.9605944e-06
68.08099098565125,316.875,1.0294623e-05,6.4096057e-06
68.08099098565125,318.75,1.4710097e-05,8.714478e-06
68.08099098565125,320.625,1.8804323e-05,1.2280419e-05
68.08099098565125,322.5,2.2512633e-05,1.5471758e-05
68.08099098565125,324.375,2.5826566e-05,1.8160314e-05
68.08099098565125,326.25,3.128585e-05,2.199161e-05
68.08099098565125,328.125,4.802067e-05,2.7103306e-05
68.08099098565125,330.0,5.037288e-05,3.072512e-05
68.08099098565125,331.875,5.063415e-05,3.054958e-05
68.08099098565125,333.75,4.522921e-05,2.5030702e-05
68.08099098565125,335.625,3.781633e-05,1.8756575e-05
68.08099098565125,337.5,3.415773e-05,1.4035769e-05
68.08099098565125,339.375,3.1788404e-05,1.1428215e-05
68.08099098565125,341.25,3.269725e-05,1.0905349e-05
68.08099098565125,343.125,3.3695153e-05,1.0148994e-05
68.08099098565125,345.0,3.2515625e-05,9.841023e-06
68.08099098565125,346.875,3.013187e-05,8.655576e-06
68.08099098565125,348.75,2.6947617e-05,7.950658e-06
68.08099098565125,350.625,2.4367588e-05,7.30336e-06
68.08099098565125,352.5,2.2384005e-05,6.9996845e-06
68.08099098565125,354.375,2.3223578e-05,7.631322e-06
68.08099098565125,356.25,2.6321653e-05,8.28741e-06
68.08099098565125,358.125,3.0068459e-05,9.006194e-06
69.94608064698343,0.0,3.025428e-05,9.526681e-06
69.94608064698343,1.875,3.0552397e-05,9.7882685e-06
69.94608064698343,3.75,3.0901105e-05,1.0348487e-05
69.94608064698343,5.625,3.0016978e-05,1.0606481e-05
69.94608064698343,7.5,3.1174153e-05,1.1018096e-05
69.94608064698343,9.375,3.3104912e-05,1.1867042e-05
69.94608064698343,11.25,3.6177007e-05,1.324236e-05
69.94608064698343,13.125,3.896486e-05,1.5081107e-05
69.94608064698343,15.0,4.0396528e-05,1.6399437e-05
69.94608064698343,16.875,3.6517744e-05,1.5402393e-05
69.94608064698343,18.75,1.8492818e-05,1.0528893e-05
69.94608064698343,20.625,1.89143e-05,9.541998e-06
69.94608064698343,22.5,1.92032e-05,8.607637e-06
69.94608064698343,24.375,1.9336532e-05,7.9950405e-06
69.94608064698343,26.25,1.9098681e-05,7.778239e-06
69.94608064698343,28.125,1.9089774e-05,7.712322e-06
69.94608064698343,30.0,1.9243353e-05,7.741009e-06
69.94608064698343,31.875,3.4932567e-05,9.5902715e-06
69.94608064698343,33.75,3.456684e-05,8.414496e-06
69.94608064698343,35.625,3.1685035e-05,8.06743e-06
69.94608064698343,37.5,2.819948e-05,7.1470135e-06
69.94608064698343,39.375,2.6271324e-05,7.1721493e-06
69.94608064698343,41.25,2.4730778e-05,6.325082e-06
69.94608064698343,43.125,2.4108485e-05,6.681085e-06
69.94608064698343,45.0,2.4275914e-05,5.9911313e-06
69.94608064698343,46.875,2.427631e-05,6.7850056e-06
69.94608064698343,48.75,2.3871857e-05,6.330955e-06
69.94608064698343,50.625,2.3637624e-05,7.0294627e-06
69.94608064698343,52.5,2.3214623e-05,6.707142e-06
69.94608064698343,54.375,2.385649e-05,7.023172e-06
69.94608064698343,56.25,2.488276e-05,6.7456735e-06
69.94608064698343,58.125,2.6065936e-05,6.60846e-06
69.94608064698343,60.0,2.7527893e-05,6.517532e-06
69.94608064698343,61.875,2.8638453e-05,6.5560866e-06
69.94608064698343,63.75,2.677482e-05,6.54982e-06
69.94608064698343,65.625,2.4323192e-05,6.5221884e-06
69.94608064698343,67.5,1.7972236e-05,6.93726e-06
69.94608064698343,69.375,1.780837e-05,7.059769e-06
69.94608064698343,71.25,1.7736222e-05,7.110012e-06
69.94608064698343,73.125,1.734014e-05,6.9130333e-06
69.94608064698343,75.0,1.6962324e-05,6.5125682e-06
69.94608064698343,76.875,1.6310645e-05,6.135217e-06
69.94608064698343,78.75,1.6075152e-05,6.093926e-06
69.94608064698343,80.625,1.6145481e-05,6.3707753e-06
69.94608064698343,82.5,1.690715e-05,7.0504484e-06
69.94608064698343,84.375,1.7817947e-05,7.969283e-06
69.94608064698343,86.25,1.8397173e-05,8.819587e-06
69.94608064698343,88.125,1.8191844e-05,9.108734e-06
69.94608064698343,90.0,1.7002481e-05,8.511092e-06
69.94608064698343,91.875,1.5091462e-05,7.438936e-06
69.94608064698343,93.75,1.3005849e-05,6.2102836e-06
69.94608064698343,95.625,1.1089535e-05,5.1247757e-06
69.94608064698343,97.5,9.793543e-06,4.2305505e-06
69.94608064698343,99.375,8.88797e-06,3.7687416e-06
69.94608064698343,101.25,8.56489e-06,3.6888437e-06
69.94608064698343,103.125,8.430903e-06,3.6043702e-06
69.94608064698343,105.0,8.334039e-06,3.6230747e-06
69.94608064698343,106.875,8.075893e-06,3.3772642e-06
69.94608064698343,108.75,7.908058e-06,3.1806496e-06
69.94608064698343,110.625,7.669374e-06,3.0187964e-06
69.94608064698343,112.5,7.3868164e-06,2.6860569e-06
69.94608064698343,114.375,7.3452875e-06,2.496294e-06
69.94608064698343,116.25,7.2600633e-06,2.4761212e-06
69.94608064698343,118.125,7.558844e-06,2.8358188e-06
69.94608064698343,120.0,7.8821495e-06,3.2350256e-06
69.94608064698343,121.875,8.2592915e-06,3.5841963e-06
69.94608064698343,123.75,8.255149e-06,3.7143673e-06
69.94608064698343,125.625,7.949865e-06,3.5868989e-06
69.94608064698343,127.5,7.432357e-06,3.2840023e-06
69.94608064698343,129.375,7.1696136e-06,3.1045026e-06
69.94608064698343,131.25,7.1802306e-06,3.2314206e-06
69.94608064698343,133.125,7.311092e-06,3.555958e-06
69.94608064698343,135.0,7.4919253e-06,4.000135e-06
69.94608064698343,136.875,7.737839e-06,4.3148466e-06
69.94608064698343,138.75,8.07962e-06,4.693177e-06
69.94608064698343,140.625,8.267955e-06,5.06957e-06
69.94608064698343,142.5,8.76851e-06,5.303379e-06
69.94608064698343,144.375,9.224673e-06,5.543276e-06
69.94608064698343,146.25,9.678886e-06,5.7585717e-06
69.94608064698343,148.125,1.0035122e-05,5.9357494e-06
69.94608064698343,150.0,1.0153263e-05,5.9037698e-06
69.94608064698343,151.875,1.0015963e-05,5.966026e-06
69.94608064698343,153.75,9.675243e-06,5.8500987e-06
69.94608064698343,155.625,9.095088e-06,5.4149073e-06
69.94608064698343,157.5,8.711482e-06,5.082644e-06
69.94608064698343,159.375,8.4815165e-06,4.887892e-06
69.94608064698343,161.25,1.1848632e-05,5.554215e-06
69.94608064698343,163.125,1.3227156e-05,6.2754984e-06
69.94608064698343,165.0,1.4322389e-05,6.7267943e-06
69.94608064698343,166.875,1.5112398e-05,6.877552e-06
69.94608064698343,168.75,1.53023e-05,6.99261e-06
69.94608064698343,170.625,1.1590813e-05,6.0653633e-06
69.94608064698343,172.5,1.1551615e-05,6.1811797e-06
69.94608064698343,174.375,1.1890833e-05,5.9963054e-06
69.94608064698343,176.25,1.2838185e-05,6.0216194e-06
69.94608064698343,178.125,2.0220983e-05,7.684809e-06
69.94608064698343,180.0,2.219108e-05,7.790658e-06
69.94608064698343,181.875,2.3452505e-05,8.020932e-06
69.94608064698343,183.75,2.3502502e-05,7.6653105e-06
69.94608064698343,185.625,2.3970762e-05,7.339847e-06
69.94608064698343,187.5,2.2754706e-05,6.362213e-06
69.94608064698343,189.375,2.1362264e-05,5.9746594e-06
69.94608064698343,191.25,2.0688443e-05,5.712638e-06
69.94608064698343,193.125,1.9444893e-05,5.6270683e-06
69.94608064698343,195.0,1.7428873e-05,6.1393625e-06
69.94608064698343,196.875,1.3849156e-05,5.6911013e-06
69.94608064698343,198.75,7.889339e-06,4.2812417e-06
69.94608064698343,200.625,8.161386e-06,4.135409e-06
69.94608064698343,202.5,8.7232875e-06,4.096936e-06
69.94608064698343,204.375,9.252416e-06,4.112104e-06
69.94608064698343,206.25,9.609007e-06,4.1036988e-06
69.94608064698343,208.125,9.723161e-06,4.0425825e-06
69.94608064698343,210.0,9.7574775e-06,4.1272265e-06
69.94608064698343,211.875,9.868245e-06,4.191685e-06
69.94608064698343,213.75,9.905327e-06,4.226237e-06
69.94608064698343,215.625,1.0096205e-05,4.3330774e-06
69.94608064698343,217.5,1.0798138e-05,4.4893013e-06
69.94608064698343,219.375,1.6300095e-05,5.387418e-06
69.94608064698343,221.25,1.6336702e-05,4.89313e-06
69.94608064698343,223.125,1.5777081e-05,4.296943e-06
69.94608064698343,225.0,1.5312562e-05,3.9791958e-06
69.94608064698343,226.875,1.4949676e-05,4.0124123e-06
69.94608064698343,228.75,1.4583246e-05,4.6244722e-06
69.94608064698343,230.625,9.945252e-06,4.353121e-06
69.94608064698343,232.5,1.0701583e-05,4.3732016e-06
69.94608064698343,234.375,1.8042818e-05,4.9608293e-06
69.94608064698343,236.25,1.9301566e-05,4.996827e-06
69.94608064698343,238.125,1.9789733e-05,4.846467e-06
69.94608064698343,240.0,1.9493087e-05,4.4229464e-06
69.94608064698343,241.875,1.8749706e-05,4.3793543e-06
69.94608064698343,243.75,1.7196791e-05,4.4966314e-06
69.94608064698343,245.625,9.925235e-06,4.1822436e-06
69.94608064698343,247.5,9.684818e-06,4.3811633e-06
69.94608064698343,249.375,9.938364e-06,4.612463e-06
69.94608064698343,251.25,1.0197493e-05,4.760332e-06
69.94608064698343,253.125,1.0309407e-05,4.823173e-06
69.94608064698343,255.0,1.0161424e-05,4.7111157e-06
69.94608064698343,256.875,9.970849e-06,4.6074597e-06
69.94608064698343,258.75,1.5643118e-05,5.0589324e-06
69.94608064698343,260.625,1.5209083e-05,5.0516232e-06
69.94608064698343,262.5,1.3698745e-05,4.8570528e-06
69.94608064698343,264.375,9.215675e-06,4.2958536e-06
69.94608064698343,266.25,8.777467e-06,4.173526e-06
69.94608064698343,268.125,9.765866e-06,4.3473906e-06
69.94608064698343,270.0,1.7717828e-05,4.484258e-06
69.94608064698343,271.875,1.8640965e-05,4.231067e-06
69.94608064698343,273.75,1.0670046e-05,4.185499e-06
69.94608064698343,275.625,9.712673e-06,4.35551e-06
69.94608064698343,277.5,9.4487e-06,4.669648e-06
69.94608064698343,279.375,9.970749e-06,5.021066e-06
69.94608064698343,281.25,1.8281175e-05,5.2571627e-06
69.94608064698343,283.125,9.659014e-06,5.1270413e-06
69.94608064698343,285.0,9.542458e-06,5.0071503e-06
69.94608064698343,286.875,9.724056e-06,4.8751917e-06
69.94608064698343,288.75,9.277152e-06,4.66738e-06
69.94608064698343,290.625,9.41744e-06,4.734458e-06
69.94608064698343,292.5,1.4499907e-05,5.1045645e-06
69.94608064698343,294.375,1.4827766e-05,5.1875313e-06
69.94608064698343,296.25,1.4234397e-05,5.2836813e-06
69.94608064698343,298.125,1.3946107e-05,5.6751846e-06
69.94608064698343,300.0,1.4631285e-05,6.596083e-06
69.94608064698343,301.875,1.789973e-05,8.138199e-06
69.94608064698343,303.75,2.137122e-05,1.1151403e-05
69.94608064698343,305.625,1.686897e-05,1.4367246e-05
69.94608064698343,307.5,1.8032142e-05,1.575095e-05
69.94608064698343,309.375,1.6928901e-05,1.4402931e-05
69.94608064698343,311.25,1.4331038e-05,1.1794967e-05
69.94608064698343,313.125,1.2320937e-05,9.536088e-06
69.94608064698343,315.0,1.0931624e-05,7.78223e-06
69.94608064698343,316.875,9.388059e-06,6.2478657e-06
69.94608064698343,318.75,7.87876e-06,4.9155883e-06
69.94608064698343,320.625,6.945534e-06,4.1496046e-06
69.94608064698343,322.5,6.6796656e-06,4.2087163e-06
69.94608064698343,324.375,7.962222e-06,5.1868947e-06
69.94608064698343,326.25,1.0467185e-05,7.001728e-06
69.94608064698343,328.125,1.3939468e-05,9.459888e-06
69.94608064698343,330.0,1.8433026e-05,1.2536403e-05
69.94608064698343,331.875,2.3639603e-05,1.5915466e-05
69.94608064698343,333.75,2.833584e-05,1.8673554e-05
69.94608064698343,335.625,3.0626776e-05,1.9464762e-05
69.94608064698343,337.5,3.3613687e-05,1.8776047e-05
69.94608064698343,339.375,3.5992063e-05,1.6880636e-05
69.94608064698343,341.25,3.651566e-05,1.42117415e-05
69.94608064698343,343.125,3.3029286e-05,1.1319564e-05
69.94608064698343,345.0,2.9137205e-05,9.711225e-06
69.94608064698343,346.875,2.7698654e-05,9.335834e-06
69.94608064698343,348.75,2.686426e-05,9.1334405e-06
69.94608064698343,350.625,2.6826989e-05,9.067119e-06
69.94608064698343,352.5,2.641424e-05,9.024761e-06
69.94608064698343,354.375,2.6854328e-05,8.851168e-06
69.94608064698343,356.25,2.8149494e-05,9.296141e-06
69.94608064698343,358.125,2.9079416e-05,9.073811e-06
71.81113211427447,0.0,2.8694652e-05,8.696444e-06
71.81113211427447,1.875,2.8874128e-05,8.860696e-06
71.81113211427447,3.75,2.9183906e-05,9.006892e-06
71.81113211427447,5.625,2.8944347e-05,9.044002e-06
71.81113211427447,7.5,3.0256258e-05,8.9247915e-06
71.81113211427447,9.375,3.1365733e-05,9.126251e-06
71.81113211427447,11.25,3.38449e-05,1.0362251e-05
71.81113211427447,13.125,3.4799872e-05,1.0761339e-05
71.81113211427447,15.0,3.5301116e-05,1.1705782e-05
71.81113211427447,16.875,3.4166533e-05,1.1814843e-05
71.81113211427447,18.75,3.1878386e-05,1.181621e-05
71.81113211427447,20.625,3.087594e-05,1.06006355e-05
71.81113211427447,22.5,3.1348165e-05,1.0361023e-05
71.81113211427447,24.375,3.18566e-05,1.0121095e-05
71.81113211427447,26.25,3.2055294e-05,9.748995e-06
71.81113211427447,28.125,3.1877793e-05,9.866633e-06
71.81113211427447,30.0,3.093261e-05,1.0670424e-05
71.81113211427447,31.875,3.0668616e-05,9.933145e-06
71.81113211427447,33.75,2.967586e-05,9.7208285e-06
71.81113211427447,35.625,2.832234e-05,8.93422e-06
71.81113211427447,37.5,2.879416e-05,8.808878e-06
71.81113211427447,39.375,2.8351595e-05,7.944273e-06
71.81113211427447,41.25,2.699181e-05,7.639217e-06
71.81113211427447,43.125,2.6632904e-05,7.480668e-06
71.81113211427447,45.0,2.6037138e-05,7.292018e-06
71.81113211427447,46.875,2.611551e-05,7.2644893e-06
71.81113211427447,48.75,2.4226732e-05,6.915764e-06
71.81113211427447,50.625,2.1506583e-05,7.3371443e-06
71.81113211427447,52.5,1.3852643e-05,6.577401e-06
71.81113211427447,54.375,1.4255974e-05,6.192485e-06
71.81113211427447,56.25,1.985657e-05,6.24507e-06
71.81113211427447,58.125,2.0257603e-05,5.6486892e-06
71.81113211427447,60.0,2.0789272e-05,5.55466e-06
71.81113211427447,61.875,2.1451478e-05,5.701608e-06
71.81113211427447,63.75,2.1251828e-05,5.903468e-06
71.81113211427447,65.625,2.076984e-05,6.3534203e-06
71.81113211427447,67.5,1.9441308e-05,6.6819525e-06
71.81113211427447,69.375,1.38936975e-05,6.2549934e-06
71.81113211427447,71.25,1.3696451e-05,6.143723e-06
71.81113211427447,73.125,1.3748588e-05,6.085431e-06
71.81113211427447,75.0,1.388272e-05,6.1067117e-06
71.81113211427447,76.875,1.3849092e-05,5.944978e-06
71.81113211427447,78.75,1.41431765e-05,5.93613e-06
71.81113211427447,80.625,1.4721966e-05,6.2188155e-06
71.81113211427447,82.5,1.5405827e-05,6.6485127e-06
71.81113211427447,84.375,1.581914e-05,7.1207005e-06
71.81113211427447,86.25,1.5995918e-05,7.3909505e-06
71.81113211427447,88.125,1.554886e-05,7.473716e-06
71.81113211427447,90.0,1.465542e-05,7.169304e-06
71.81113211427447,91.875,1.3561836e-05,6.6324073e-06
71.81113211427447,93.75,1.2536343e-05,6.063851e-06
71.81113211427447,95.625,1.1550556e-05,5.7173065e-06
71.81113211427447,97.5,1.0869816e-05,5.3577455e-06
71.81113211427447,99.375,1.0123203e-05,5.0385684e-06
71.81113211427447,101.25,9.572391e-06,4.7661792e-06
71.81113211427447,103.125,9.272035e-06,4.450044e-06
71.81113211427447,105.0,8.915856e-06,4.2455385e-06
71.81113211427447,106.875,8.601566e-06,3.7612904e-06
71.81113211427447,108.75,8.134774e-06,3.2013975e-06
71.81113211427447,110.625,7.5170765e-06,2.7711164e-06
71.81113211427447,112.5,7.100276e-06,2.5052518e-06
71.81113211427447,114.375,6.9250423e-06,2.4557653e-06
71.81113211427447,116.25,7.110193e-06,2.5143593e-06
71.81113211427447,118.125,7.3001083e-06,2.842891e-06
71.81113211427447,120.0,7.536534e-06,3.1544976e-06
71.81113211427447,121.875,7.654862e-06,3.4060301e-06
71.81113211427447,123.75,7.794822e-06,3.509451e-06
71.81113211427447,125.625,7.5161893e-06,3.3991623e-06
71.81113211427447,127.5,7.698328e-06,3.4517975e-06
71.81113211427447,129.375,7.6420165e-06,3.3166084e-06
71.81113211427447,131.25,1.1996361e-05,4.0482523e-06
71.81113211427447,133.125,1.2719271e-05,4.2749098e-06
71.81113211427447,135.0,1.2389943e-05,4.6753025e-06
71.81113211427447,136.875,1.2112365e-05,4.871624e-06
71.81113211427447,138.75,1.13698525e-05,5.080572e-06
71.81113211427447,140.625,7.901336e-06,4.3724854e-06
71.81113211427447,142.5,7.71624e-06,4.410253e-06
71.81113211427447,144.375,7.882293e-06,4.627838e-06
71.81113211427447,146.25,8.142898e-06,4.7460935e-06
71.81113211427447,148.125,8.360274e-06,4.844496e-06
71.81113211427447,150.0,1.0654142e-05,5.491575e-06
71.81113211427447,151.875,1.0861084e-05,5.612771e-06
71.81113211427447,153.75,1.0466191e-05,5.3109543e-06
71.81113211427447,155.625,9.690353e-06,4.8474553e-06
71.81113211427447,157.5,9.285707e-06,4.653263e-06
71.81113211427447,159.375,9.0559615e-06,4.429541e-06
71.81113211427447,161.25,9.0215835e-06,4.1647663e-06
71.81113211427447,163.125,9.412343e-06,3.9798315e-06
71.81113211427447,165.0,1.0117032e-05,4.243205e-06
71.81113211427447,166.875,1.0805641e-05,4.6445903e-06
71.81113211427447,168.75,1.1516811e-05,5.033278e-06
71.81113211427447,170.625,1.1670003e-05,5.0811245e-06
71.81113211427447,172.5,1.2145478e-05,5.0341187e-06
71.81113211427447,174.375,1.2448522e-05,5.0506155e-06
71.81113211427447,176.25,1.2826707e-05,5.0384942e-06
71.81113211427447,178.125,1.2863745e-05,4.933744e-06
71.81113211427447,180.0,1.2577785e-05,5.0480344e-06
71.81113211427447,181.875,1.2754296e-05,5.0315307e-06
71.81113211427447,183.75,1.3388427e-05,5.002758e-06
71.81113211427447,185.625,1.3599836e-05,4.9922455e-06
71.81113211427447,187.5,1.3995352e-05,5.062987e-06
71.81113211427447,189.375,1.4642756e-05,5.2309174e-06
71.81113211427447,191.25,1.583669e-05,5.2723126e-06
71.81113211427447,193.125,1.7351635e-05,5.6016997e-06
71.81113211427447,195.0,1.7853516e-05,5.7698157e-06
71.81113211427447,196.875,1.7824636e-05,5.8971764e-06
71.81113211427447,198.75,1.676853e-05,5.6405925e-06
71.81113211427447,200.625,1.5824115e-05,5.2833557e-06
71.81113211427447,202.5,1.4623506e-05,4.957477e-06
71.81113211427447,204.375,1.326977e-05,4.617295e-06
71.81113211427447,206.25,1.2773968e-05,4.3331056e-06
71.81113211427447,208.125,1.2113559e-05,4.122516e-06
71.81113211427447,210.0,1.1653941e-05,3.998466e-06
71.81113211427447,211.875,1.12474045e-05,3.9213223e-06
71.81113211427447,213.75,1.0997742e-05,3.969443e-06
71.81113211427447,215.625,1.0814732e-05,3.879423e-06
71.81113211427447,217.5,1.0883803e-05,3.6483839e-06
71.81113211427447,219.375,1.12147545e-05,3.5547503e-06
71.81113211427447,221.25,1.1306331e-05,3.6622116e-06
71.81113211427447,223.125,1.1352211e-05,3.6935214e-06
71.81113211427447,225.0,1.1739088e-05,3.6378772e-06
71.81113211427447,226.875,1.2291548e-05,3.6705085e-06
71.81113211427447,228.75,1.3083989e-05,3.8837084e-06
71.81113211427447,230.625,1.3514522e-05,3.9956863e-06
71.81113211427447,232.5,1.38029445e-05,3.900824e-06
71.81113211427447,234.375,1.3535327e-05,3.6519639e-06
71.81113211427447,236.25,8.027151e-06,2.8435338e-06
71.81113211427447,238.125,7.477614e-06,2.730068e-06
71.81113211427447,240.0,7.376445e-06,2.8752597e-06
71.81113211427447,241.875,7.645436e-06,3.151347e-06
71.81113211427447,243.75,8.047323e-06,3.441021e-06
71.81113211427447,245.625,8.333609e-06,3.721296e-06
71.81113211427447,247.5,8.690146e-06,3.931077e-06
71.81113211427447,249.375,8.888862e-06,4.127181e-06
71.81113211427447,251.25,9.0146705e-06,4.31301e-06
71.81113211427447,253.125,8.908026e-06,4.2635143e-06
71.81113211427447,255.0,8.921394e-06,4.2678485e-06
71.81113211427447,256.875,1.13244705e-05,4.5609127e-06
71.81113211427447,258.75,1.1598178e-05,4.504715e-06
71.81113211427447,260.625,8.051358e-06,3.7918242e-06
71.81113211427447,262.5,8.065135e-06,3.9221773e-06
71.81113211427447,264.375,1.2208257e-05,4.3323735e-06
71.81113211427447,266.25,9.252424e-06,4.34505e-06
71.81113211427447,268.125,1.6189599e-05,4.8643883e-06
71.81113211427447,270.0,1.7333687e-05,4.9330542e-06
71.81113211427447,271.875,1.0078158e-05,4.4601934e-06
71.81113211427447,273.75,8.67631e-06,4.3489167e-06
71.81113211427447,275.625,8.137773e-06,4.128191e-06
71.81113211427447,277.5,7.729422e-06,4.056473e-06
71.81113211427447,279.375,7.6264973e-06,4.1519324e-06
71.81113211427447,281.25,7.513545e-06,4.01396e-06
71.81113211427447,283.125,7.388932e-06,3.713676e-06
71.81113211427447,285.0,8.087455e-06,3.7673667e-06
71.81113211427447,286.875,1.2499646e-05,4.6988594e-06
71.81113211427447,288.75,1.4098142e-05,4.967188e-06
71.81113211427447,290.625,1.33042895e-05,5.0364697e-06
71.81113211427447,292.5,1.1826537e-05,4.826427e-06
71.81113211427447,294.375,1.10255505e-05,4.7333756e-06
71.81113211427447,296.25,1.1159526e-05,4.9419587e-06
71.81113211427447,298.125,1.2552516e-05,5.8347837e-06
71.81113211427447,300.0,1.5652107e-05,7.2315706e-06
71.81113211427447,301.875,2.0086876e-05,9.996211e-06
71.81113211427447,303.75,2.1377764e-05,1.3288697e-05
71.81113211427447,305.625,1.5556578e-05,1.3289804e-05
71.81113211427447,307.5,1.6186335e-05,1.2994604e-05
71.81113211427447,309.375,1.586979e-05,1.1956124e-05
71.81113211427447,311.25,1.4791172e-05,1.0369506e-05
71.81113211427447,313.125,1.3219316e-05,8.736898e-06
71.81113211427447,315.0,1.1058419e-05,7.1073327e-06
71.81113211427447,316.875,8.426013e-06,5.4294283e-06
71.81113211427447,318.75,5.5219775e-06,3.5819276e-06
71.81113211427447,320.625,3.2548355e-06,1.956333e-06
71.81113211427447,322.5,2.0207708e-06,1.1058804e-06
71.81113211427447,324.375,2.315671e-06,1.3939846e-06
71.81113211427447,326.25,3.399266e-06,2.3356804e-06
71.81113211427447,328.125,5.275453e-06,3.7476163e-06
71.81113211427447,330.0,7.974918e-06,5.6904896e-06
71.81113211427447,331.875,1.1304659e-05,8.116495e-06
71.81113211427447,333.75,1.5326472e-05,1.0937036e-05
71.81113211427447,335.625,1.9462408e-05,1.367585e-05
71.81113211427447,337.5,2.3113265e-05,1.5701527e-05
71.81113211427447,339.375,3.0273572e-05,1.7737219e-05
71.81113211427447,341.25,3.471808e-05,1.6628708e-05
71.81113211427447,343.125,3.3682998e-05,1.3038599e-05
71.81113211427447,345.0,2.939962e-05,9.897945e-06
71.81113211427447,346.875,2.5403297e-05,7.92615e-06
71.81113211427447,348.75,2.3680688e-05,7.8162575e-06
71.81113211427447,350.625,2.2677423e-05,7.6030897e-06
71.81113211427447,352.5,2.4002693e-05,8.345871e-06
71.81113211427447,354.375,2.486253e-05,8.930014e-06
71.81113211427447,356.25,2.5627478e-05,8.7095295e-06
71.81113211427447,358.125,2.8229342e-05,8.87186e-06
73.67613231320912,0.0,2.704559e-05,9.242417e-06
73.67613231320912,1.875,2.7488386e-05,9.696863e-06
73.67613231320912,3.75,2.8681043e-05,9.885305e-06
73.67613231320912,5.625,2.869959e-05,1.0234054e-05
73.67613231320912,7.5,2.9931633e-05,9.397017e-06
73.67613231320912,9.375,3.1140873e-05,1.0558005e-05
73.67613231320912,11.25,3.0965857e-05,9.357032e-06
73.67613231320912,13.125,3.2628664e-05,9.629296e-06
73.67613231320912,15.0,3.1516756e-05,9.618001e-06
73.67613231320912,16.875,2.9394436e-05,9.138388e-06
73.67613231320912,18.75,2.7141847e-05,8.681047e-06
73.67613231320912,20.625,2.6818214e-05,7.86235e-06
73.67613231320912,22.5,2.7514337e-05,7.3728465e-06
73.67613231320912,24.375,2.8888584e-05,7.809075e-06
73.67613231320912,26.25,2.8194276e-05,6.883019e-06
73.67613231320912,28.125,2.9905177e-05,8.518976e-06
73.67613231320912,30.0,2.9187526e-05,7.974033e-06
73.67613231320912,31.875,2.9168325e-05,8.678105e-06
73.67613231320912,33.75,2.8398461e-05,9.1192205e-06
73.67613231320912,35.625,2.6826745e-05,7.922915e-06
73.67613231320912,37.5,2.6957254e-05,8.472714e-06
73.67613231320912,39.375,2.6300366e-05,7.366117e-06
73.67613231320912,41.25,2.779137e-05,8.005235e-06
73.67613231320912,43.125,2.7346541e-05,7.262188e-06
73.67613231320912,45.0,2.8313169e-05,7.818645e-06
73.67613231320912,46.875,2.7462871e-05,7.587694e-06
73.67613231320912,48.75,2.6829646e-05,7.6054607e-06
73.67613231320912,50.625,2.5270268e-05,7.5815997e-06
73.67613231320912,52.5,2.2311415e-05,7.682981e-06
73.67613231320912,54.375,1.3688217e-05,6.712956e-06
73.67613231320912,56.25,1.4229869e-05,6.850904e-06
73.67613231320912,58.125,1.8403949e-05,6.675421e-06
73.67613231320912,60.0,1.8054126e-05,6.1127935e-06
73.67613231320912,61.875,1.7882956e-05,5.7194006e-06
73.67613231320912,63.75,1.7900335e-05,5.1397196e-06
73.67613231320912,65.625,1.7466084e-05,4.979823e-06
73.67613231320912,67.5,1.696666e-05,4.829058e-06
73.67613231320912,69.375,1.6131384e-05,4.866961e-06
73.67613231320912,71.25,1.5931324e-05,4.8635884e-06
73.67613231320912,73.125,1.6401678e-05,4.7688586e-06
73.67613231320912,75.0,1.6978785e-05,5.1017573e-06
73.67613231320912,76.875,1.7543493e-05,5.639352e-06
73.67613231320912,78.75,1.8205426e-05,5.9775457e-06
73.67613231320912,80.625,1.7426033e-05,6.1816613e-06
73.67613231320912,82.5,1.2625773e-05,5.6114777e-06
73.67613231320912,84.375,1.2360525e-05,5.690174e-06
73.67613231320912,86.25,1.2289372e-05,5.7014486e-06
73.67613231320912,88.125,1.2179471e-05,5.5559117e-06
73.67613231320912,90.0,1.1971126e-05,5.6078316e-06
73.67613231320912,91.875,1.1585187e-05,5.4921243e-06
73.67613231320912,93.75,1.116331e-05,5.363341e-06
73.67613231320912,95.625,1.0850807e-05,5.2725463e-06
73.67613231320912,97.5,1.0681299e-05,5.2530745e-06
73.67613231320912,99.375,1.049314e-05,5.1491807e-06
73.67613231320912,101.25,1.0323288e-05,5.0126996e-06
73.67613231320912,103.125,9.893273e-06,4.799699e-06
73.67613231320912,105.0,9.446512e-06,4.3386603e-06
73.67613231320912,106.875,8.6817045e-06,3.842267e-06
73.67613231320912,108.75,8.061095e-06,3.4550128e-06
73.67613231320912,110.625,7.3198566e-06,3.1183479e-06
73.67613231320912,112.5,6.850663e-06,2.893178e-06
73.67613231320912,114.375,6.812013e-06,2.6923476e-06
73.67613231320912,116.25,9.907555e-06,3.1034208e-06
73.67613231320912,118.125,9.845893e-06,3.1576412e-06
73.67613231320912,120.0,9.54651e-06,3.1401585e-06
73.67613231320912,121.875,9.971488e-06,3.2973849e-06
73.67613231320912,123.75,1.02071235e-05,3.336344e-06
73.67613231320912,125.625,6.6248385e-06,2.5591423e-06
73.67613231320912,127.5,9.438489e-06,3.007942e-06
73.67613231320912,129.375,1.0147437e-05,3.3741167e-06
73.67613231320912,131.25,1.0712863e-05,3.5368498e-06
73.67613231320912,133.125,1.0850568e-05,3.827458e-06
73.67613231320912,135.0,1.0774443e-05,3.9776132e-06
73.67613231320912,136.875,1.0528357e-05,4.1227463e-06
73.67613231320912,138.75,9.755278e-06,4.0693967e-06
73.67613231320912,140.625,6.9211014e-06,3.1398247e-06
73.67613231320912,142.5,6.768104e-06,3.1756763e-06
73.67613231320912,144.375,8.9878295e-06,4.1603166e-06
73.67613231320912,146.25,9.443111e-06,4.612586e-06
73.67613231320912,148.125,9.351947e-06,4.713924e-06
73.67613231320912,150.0,9.389046e-06,4.5486686e-06
73.67613231320912,151.875,9.128401e-06,4.2440165e-06
73.67613231320912,153.75,8.907689e-06,4.2070383e-06
73.67613231320912,155.625,8.62723e-06,4.0377763e-06
73.67613231320912,157.5,8.336552e-06,3.880035e-06
73.67613231320912,159.375,8.288311e-06,3.8047294e-06
73.67613231320912,161.25,8.39234e-06,3.9251977e-06
73.67613231320912,163.125,8.482959e-06,4.0544096e-06
73.67613231320912,165.0,8.577237e-06,4.1184408e-06
73.67613231320912,166.875,8.73362e-06,4.304384e-06
73.67613231320912,168.75,8.979498e-06,4.441412e-06
73.67613231320912,170.625,9.317235e-06,4.630886e-06
73.67613231320912,172.5,9.67332e-06,4.6865384e-06
73.67613231320912,174.375,9.908291e-06,4.6557598e-06
73.67613231320912,176.25,1.00120205e-05,4.755866e-06
73.67613231320912,178.125,1.0299119e-05,4.875124e-06
73.67613231320912,180.0,1.04540095e-05,4.978267e-06
73.67613231320912,181.875,1.0832602e-05,5.0566755e-06
73.67613231320912,183.75,1.1122479e-05,5.0219837e-06
73.67613231320912,185.625,1.1375225e-05,5.0177155e-06
73.67613231320912,187.5,1.198451e-05,5.006269e-06
73.67613231320912,189.375,1.2631291e-05,5.2119176e-06
73.67613231320912,191.25,1.29197515e-05,5.390271e-06
73.67613231320912,193.125,1.315149e-05,5.4090237e-06
73.67613231320912,195.0,1.30735525e-05,5.405817e-06
73.67613231320912,196.875,1.2616535e-05,5.494064e-06
73.67613231320912,198.75,1.2026152e-05,5.252842e-06
73.67613231320912,200.625,1.1256889e-05,4.9346304e-06
73.67613231320912,202.5,1.0529895e-05,4.3973873e-06
73.67613231320912,204.375,1.0144946e-05,4.128593e-06
73.67613231320912,206.25,9.657815e-06,3.913351e-06
73.67613231320912,208.125,9.351346e-06,3.958395e-06
73.67613231320912,210.0,9.042446e-06,3.849419e-06
73.67613231320912,211.875,8.833457e-06,3.8371027e-06
73.67613231320912,213.75,8.593518e-06,3.7691752e-06
73.67613231320912,215.625,8.517901e-06,3.6601048e-06
73.67613231320912,217.5,8.412681e-06,3.4094835e-06
73.67613231320912,219.375,8.318972e-06,3.405337e-06
73.67613231320912,221.25,8.36503e-06,3.1873901e-06
73.67613231320912,223.125,8.652507e-06,3.1166812e-06
73.67613231320912,225.0,8.9691275e-06,3.12253e-06
73.67613231320912,226.875,9.449111e-06,3.1744607e-06
73.67613231320912,228.75,9.987349e-06,3.2366522e-06
73.67613231320912,230.625,1.0343123e-05,3.4363918e-06
73.67613231320912,232.5,1.0359459e-05,3.4410575e-06
73.67613231320912,234.375,9.909404e-06,3.4336663e-06
73.67613231320912,236.25,6.1758183e-06,2.3996795e-06
73.67613231320912,238.125,6.301705e-06,2.4891772e-06
73.67613231320912,240.0,6.7437754e-06,2.7256178e-06
73.67613231320912,241.875,7.663243e-06,2.9092973e-06
73.67613231320912,243.75,1.0457321e-05,3.5810108e-06
73.67613231320912,245.625,1.1004901e-05,3.9005486e-06
73.67613231320912,247.5,1.1433104e-05,4.10951e-06
73.67613231320912,249.375,1.1638402e-05,4.396652e-06
73.67613231320912,251.25,1.1584415e-05,4.4090484e-06
73.67613231320912,253.125,1.0953369e-05,4.4922845e-06
73.67613231320912,255.0,1.0483396e-05,4.3559808e-06
73.67613231320912,256.875,1.01024425e-05,4.1211624e-06
73.67613231320912,258.75,9.867281e-06,3.843586e-06
73.67613231320912,260.625,8.039526e-06,3.7717252e-06
73.67613231320912,262.5,1.0516965e-05,4.064744e-06
73.67613231320912,264.375,1.1499264e-05,4.405827e-06
73.67613231320912,266.25,9.413782e-06,3.926677e-06
73.67613231320912,268.125,1.2912879e-05,4.5890038e-06
73.67613231320912,270.0,1.3762175e-05,4.814461e-06
73.67613231320912,271.875,1.2239871e-05,4.002302e-06
73.67613231320912,273.75,8.350719e-06,3.2651858e-06
73.67613231320912,275.625,1.01985315e-05,3.2923208e-06
73.67613231320912,277.5,7.123873e-06,3.1538773e-06
73.67613231320912,279.375,9.394366e-06,3.5326382e-06
73.67613231320912,281.25,1.1363017e-05,4.381381e-06
73.67613231320912,283.125,1.2756862e-05,4.657494e-06
73.67613231320912,285.0,1.3481779e-05,4.988857e-06
73.67613231320912,286.875,1.34972715e-05,5.0055396e-06
73.67613231320912,288.75,1.27332805e-05,5.1130546e-06
73.67613231320912,290.625,1.1795885e-05,5.4687403e-06
73.67613231320912,292.5,1.0837227e-05,5.7251605e-06
73.67613231320912,294.375,1.0892255e-05,6.1131427e-06
73.67613231320912,296.25,1.2221701e-05,7.0356887e-06
73.67613231320912,298.125,1.4443147e-05,7.897591e-06
73.67613231320912,300.0,1.7294104e-05,9.778162e-06
73.67613231320912,301.875,1.7311491e-05,1.2394519e-05
73.67613231320912,303.75,1.359545e-05,1.1373539e-05
73.67613231320912,305.625,1.4073404e-05,1.1182503e-05
73.67613231320912,307.5,1.4231486e-05,1.0625662e-05
73.67613231320912,309.375,1.4138986e-05,9.790244e-06
73.67613231320912,311.25,1.3604911e-05,8.687627e-06
73.67613231320912,313.125,1.2269211e-05,7.337569e-06
73.67613231320912,315.0,1.0047173e-05,5.864178e-06
73.67613231320912,316.875,7.2692465e-06,4.2314773e-06
73.67613231320912,318.75,4.3973605e-06,2.6508565e-06
73.67613231320912,320.625,2.4397546e-06,1.4072953e-06
73.67613231320912,322.5,1.7081159e-06,1.0468272e-06
73.67613231320912,324.375,1.743543e-06,1.354497e-06
73.67613231320912,326.25,2.239806e-06,1.9456013e-06
73.67613231320912,328.125,3.1778407e-06,2.888493e-06
73.67613231320912,330.0,4.657084e-06,4.1451112e-06
73.67613231320912,331.875,6.7117044e-06,5.8158635e-06
73.67613231320912,333.75,9.14769e-06,7.682146e-06
73.67613231320912,335.625,1.19791375e-05,9.71592e-06
73.67613231320912,337.5,1.51958075e-05,1.1635454e-05
73.67613231320912,339.375,2.1385871e-05,1.39888025e-05
73.67613231320912,341.25,2.3537474e-05,1.4521378e-05
73.67613231320912,343.125,2.6555805e-05,1.3835144e-05
73.67613231320912,345.0,2.9632574e-05,1.2378311e-05
73.67613231320912,346.875,2.9564426e-05,1.0592863e-05
73.67613231320912,348.75,2.7106287e-05,8.763312e-06
73.67613231320912,350.625,2.418349e-05,8.075406e-06
73.67613231320912,352.5,2.3271936e-05,7.3944752e-06
73.67613231320912,354.375,2.43273e-05,8.533797e-06
73.67613231320912,356.25,2.5259264e-05,9.215632e-06
73.67613231320912,358.125,2.5755377e-05,9.479761e-06
75.54106145287895,0.0,2.8313249e-05,9.511484e-06
75.54106145287895,1.875,2.9600691e-05,9.9900835e-06
75.54106145287895,3.75,3.0461613e-05,9.48551e-06
75.54106145287895,5.625,3.0595955e-05,9.0841195e-06
75.54106145287895,7.5,3.1003474e-05,9.026555e-06
75.54106145287895,9.375,3.0809755e-05,8.554573e-06
75.54106145287895,11.25,3.0140476e-05,8.1742655e-06
75.54106145287895,13.125,2.9480578e-05,7.985944e-06
75.54106145287895,15.0,2.5697851e-05,7.879054e-06
75.54106145287895,16.875,2.3373303e-05,7.176972e-06
75.54106145287895,18.75,2.0348665e-05,7.101277e-06
75.54106145287895,20.625,1.9063153e-05,6.244361e-06
75.54106145287895,22.5,1.9599096e-05,6.497957e-06
75.54106145287895,24.375,2.0997562e-05,6.376307e-06
75.54106145287895,26.25,2.4130592e-05,6.7887067e-06
75.54106145287895,28.125,2.7244927e-05,7.401054e-06
75.54106145287895,30.0,2.8762082e-05,7.4040267e-06
75.54106145287895,31.875,2.7214559e-05,7.210132e-06
75.54106145287895,33.75,2.4815407e-05,7.17291e-06
75.54106145287895,35.625,2.2295042e-05,6.3820994e-06
75.54106145287895,37.5,2.0561554e-05,6.1081814e-06
75.54106145287895,39.375,2.0256472e-05,6.214991e-06
75.54106145287895,41.25,2.1465714e-05,6.9898806e-06
75.54106145287895,43.125,2.1441709e-05,6.631239e-06
75.54106145287895,45.0,2.171095e-05,6.562378e-06
75.54106145287895,46.875,2.2267548e-05,7.0432147e-06
75.54106145287895,48.75,2.3194289e-05,6.784498e-06
75.54106145287895,50.625,2.3472154e-05,7.072287e-06
75.54106145287895,52.5,2.2887765e-05,6.9375646e-06
75.54106145287895,54.375,2.1569367e-05,6.9920175e-06
75.54106145287895,56.25,2.0107445e-05,7.0713345e-06
75.54106145287895,58.125,1.2356338e-05,6.1536293e-06
75.54106145287895,60.0,1.1565762e-05,5.855271e-06
75.54106145287895,61.875,1.2053492e-05,5.6133445e-06
75.54106145287895,63.75,1.9012848e-05,5.507938e-06
75.54106145287895,65.625,1.7797742e-05,5.4548855e-06
75.54106145287895,67.5,1.7314514e-05,5.13726e-06
75.54106145287895,69.375,1.7124736e-05,5.023868e-06
75.54106145287895,71.25,1.6651078e-05,4.5855504e-06
75.54106145287895,73.125,1.6232058e-05,4.7198623e-06
75.54106145287895,75.0,1.6010956e-05,4.7955405e-06
75.54106145287895,76.875,1.61655e-05,4.8521274e-06
75.54106145287895,78.75,1.624122e-05,5.450873e-06
75.54106145287895,80.625,1.6138654e-05,5.5279747e-06
75.54106145287895,82.5,1.5796119e-05,5.5189475e-06
75.54106145287895,84.375,1.5446885e-05,5.3099902e-06
75.54106145287895,86.25,1.468361e-05,5.4106836e-06
75.54106145287895,88.125,1.0699607e-05,4.875405e-06
75.54106145287895,90.0,1.0256835e-05,4.6731807e-06
75.54106145287895,91.875,1.0233867e-05,4.6544706e-06
75.54106145287895,93.75,1.0262089e-05,4.6192617e-06
75.54106145287895,95.625,1.023035e-05,4.57308e-06
75.54106145287895,97.5,1.0152455e-05,4.5721463e-06
75.54106145287895,99.375,1.0013613e-05,4.4978374e-06
75.54106145287895,101.25,9.624779e-06,4.335088e-06
75.54106145287895,103.125,9.081041e-06,4.1872054e-06
75.54106145287895,105.0,8.6127675e-06,3.893209e-06
75.54106145287895,106.875,8.011488e-06,3.5712392e-06
75.54106145287895,108.75,7.413886e-06,3.2069422e-06
75.54106145287895,110.625,6.838146e-06,3.006282e-06
75.54106145287895,112.5,6.6899543e-06,2.8473326e-06
75.54106145287895,114.375,9.67795e-06,3.3227502e-06
75.54106145287895,116.25,9.622087e-06,3.1331035e-06
75.54106145287895,118.125,8.56544e-06,2.8151458e-06
75.54106145287895,120.0,8.19211e-06,2.6473233e-06
75.54106145287895,121.875,7.992128e-06,2.6137184e-06
75.54106145287895,123.75,7.969052e-06,2.5727563e-06
75.54106145287895,125.625,7.821003e-06,2.555095e-06
75.54106145287895,127.5,8.066485e-06,2.6160637e-06
75.54106145287895,129.375,8.483902e-06,2.9015234e-06
75.54106145287895,131.25,8.561548e-06,2.7670565e-06
75.54106145287895,133.125,8.4736785e-06,2.8201357e-06
75.54106145287895,135.0,7.962647e-06,2.6804335e-06
75.54106145287895,136.875,5.7605926e-06,2.2202312e-06
75.54106145287895,138.75,5.4228894e-06,2.2263166e-06
75.54106145287895,140.625,5.4884777e-06,2.204876e-06
75.54106145287895,142.5,5.518859e-06,2.2775364e-06
75.54106145287895,144.375,5.5501405e-06,2.427385e-06
75.54106145287895,146.25,7.2039875e-06,2.8122593e-06
75.54106145287895,148.125,7.5259713e-06,2.9002094e-06
75.54106145287895,150.0,7.669127e-06,3.0515375e-06
75.54106145287895,151.875,7.869859e-06,3.2032497e-06
75.54106145287895,153.75,7.964256e-06,3.345307e-06
75.54106145287895,155.625,8.046731e-06,3.4852521e-06
75.54106145287895,157.5,8.012438e-06,3.5012831e-06
75.54106145287895,159.375,7.952143e-06,3.4478498e-06
75.54106145287895,161.25,7.9117735e-06,3.4219925e-06
75.54106145287895,163.125,7.921131e-06,3.48294e-06
75.54106145287895,165.0,7.9452875e-06,3.5623316e-06
75.54106145287895,166.875,8.133785e-06,3.7474929e-06
75.54106145287895,168.75,8.349277e-06,3.9290053e-06
75.54106145287895,170.625,8.489357e-06,3.969693e-06
75.54106145287895,172.5,8.479439e-06,3.913536e-06
75.54106145287895,174.375,8.730152e-06,3.9283186e-06
75.54106145287895,176.25,8.9247715e-06,4.063747e-06
75.54106145287895,178.125,9.211275e-06,4.2421593e-06
75.54106145287895,180.0,9.508942e-06,4.425167e-06
75.54106145287895,181.875,9.846583e-06,4.7989e-06
75.54106145287895,183.75,1.0060066e-05,4.790603e-06
75.54106145287895,185.625,9.970907e-06,4.8584843e-06
75.54106145287895,187.5,9.857109e-06,4.8226593e-06
75.54106145287895,189.375,9.758033e-06,4.6405103e-06
75.54106145287895,191.25,9.267933e-06,4.3127707e-06
75.54106145287895,193.125,8.75534e-06,4.1122203e-06
75.54106145287895,195.0,8.139505e-06,3.851067e-06
75.54106145287895,196.875,7.730255e-06,3.7170225e-06
75.54106145287895,198.75,7.5018247e-06,3.655492e-06
75.54106145287895,200.625,7.4214e-06,3.6010204e-06
75.54106145287895,202.5,7.5705116e-06,3.6015256e-06
75.54106145287895,204.375,7.81805e-06,3.7367195e-06
75.54106145287895,206.25,8.244869e-06,3.814403e-06
75.54106145287895,208.125,8.40979e-06,3.8576854e-06
75.54106145287895,210.0,8.561806e-06,3.8505277e-06
75.54106145287895,211.875,8.673329e-06,3.7715583e-06
75.54106145287895,213.75,8.587723e-06,3.5843764e-06
75.54106145287895,215.625,8.49656e-06,3.311557e-06
75.54106145287895,217.5,8.322426e-06,3.0671847e-06
75.54106145287895,219.375,8.1667085e-06,2.9261469e-06
75.54106145287895,221.25,7.860156e-06,2.9213663e-06
75.54106145287895,223.125,7.770091e-06,2.9395287e-06
75.54106145287895,225.0,7.585545e-06,2.8444736e-06
75.54106145287895,226.875,7.4399854e-06,2.8318923e-06
75.54106145287895,228.75,7.3429487e-06,2.8485154e-06
75.54106145287895,230.625,7.3743977e-06,2.9239718e-06
75.54106145287895,232.5,7.6236356e-06,3.0539818e-06
75.54106145287895,234.375,7.949984e-06,3.2297323e-06
75.54106145287895,236.25,8.158188e-06,3.2376115e-06
75.54106145287895,238.125,8.56773e-06,3.4028053e-06
75.54106145287895,240.0,9.083292e-06,3.5203755e-06
75.54106145287895,241.875,9.460667e-06,3.49282e-06
75.54106145287895,243.75,9.505223e-06,3.4035957e-06
75.54106145287895,245.625,7.681633e-06,2.99588e-06
75.54106145287895,247.5,7.825702e-06,3.2136181e-06
75.54106145287895,249.375,9.443636e-06,3.6582064e-06
75.54106145287895,251.25,9.384432e-06,3.5819407e-06
75.54106145287895,253.125,8.878064e-06,3.5084925e-06
75.54106145287895,255.0,8.4239755e-06,3.2888383e-06
75.54106145287895,256.875,8.3738705e-06,3.1448656e-06
75.54106145287895,258.75,8.726865e-06,3.0065362e-06
75.54106145287895,260.625,7.3214846e-06,3.162599e-06
75.54106145287895,262.5,9.304951e-06,3.3560668e-06
75.54106145287895,264.375,8.200917e-06,3.458713e-06
75.54106145287895,266.25,9.811873e-06,3.5298992e-06
75.54106145287895,268.125,8.4397725e-06,3.4675763e-06
75.54106145287895,270.0,8.204052e-06,3.2498813e-06
75.54106145287895,271.875,7.862458e-06,3.1146851e-06
75.54106145287895,273.75,7.32515e-06,3.0408253e-06
75.54106145287895,275.625,7.344852e-06,3.1319466e-06
75.54106145287895,277.5,6.930008e-06,3.3839792e-06
75.54106145287895,279.375,7.4445456e-06,3.8935364e-06
75.54106145287895,281.25,1.0504031e-05,4.9133055e-06
75.54106145287895,283.125,1.29523605e-05,5.709086e-06
75.54106145287895,285.0,1.5197834e-05,5.5902824e-06
75.54106145287895,286.875,1.580836e-05,5.580303e-06
75.54106145287895,288.75,1.4615527e-05,6.2151726e-06
75.54106145287895,290.625,1.5227574e-05,7.408451e-06
75.54106145287895,292.5,1.6164791e-05,8.541726e-06
75.54106145287895,294.375,1.7991433e-05,9.8909995e-06
75.54106145287895,296.25,2.072551e-05,1.1733765e-05
75.54106145287895,298.125,2.3316888e-05,1.3119789e-05
75.54106145287895,300.0,2.1737127e-05,1.4341461e-05
75.54106145287895,301.875,1.5810896e-05,1.2515893e-05
75.54106145287895,303.75,1.5423777e-05,1.1871137e-05
75.54106145287895,305.625,1.5311873e-05,1.1305444e-05
75.54106145287895,307.5,1.4763279e-05,1.0574581e-05
75.54106145287895,309.375,1.3971189e-05,9.632802e-06
75.54106145287895,311.25,1.2977212e-05,8.427837e-06
75.54106145287895,313.125,1.1550013e-05,7.0043407e-06
75.54106145287895,315.0,9.51901e-06,5.578333e-06
75.54106145287895,316.875,7.054407e-06,4.0954724e-06
75.54106145287895,318.75,4.460206e-06,2.5745462e-06
75.54106145287895,320.625,2.5484287e-06,1.2909707e-06
75.54106145287895,322.5,1.9105041e-06,1.2633095e-06
75.54106145287895,324.375,2.0120863e-06,1.7208097e-06
75.54106145287895,326.25,2.4990534e-06,2.3668392e-06
75.54106145287895,328.125,3.3095455e-06,3.1688778e-06
75.54106145287895,330.0,4.4570097e-06,4.2026763e-06
75.54106145287895,331.875,5.9629906e-06,5.4731604e-06
75.54106145287895,333.75,7.899033e-06,6.996577e-06
75.54106145287895,335.625,1.0131851e-05,8.532281e-06
75.54106145287895,337.5,1.2445485e-05,9.908578e-06
75.54106145287895,339.375,1.4505017e-05,1.0835655e-05
75.54106145287895,341.25,1.8284787e-05,1.1754737e-05
75.54106145287895,343.125,1.9161536e-05,1.1373175e-05
75.54106145287895,345.0,1.9562642e-05,1.0645108e-05
75.54106145287895,346.875,2.0609046e-05,1.0347139e-05
75.54106145287895,348.75,2.324008e-05,1.059972e-05
75.54106145287895,350.625,2.4915431e-05,1.07865035e-05
75.54106145287895,352.5,2.4557812e-05,9.328722e-06
75.54106145287895,354.375,2.5410453e-05,8.59606e-06
75.54106145287895,356.25,2.5914465e-05,8.562673e-06
75.54106145287895,358.125,2.6812222e-05,8.877592e-06
77.4058880820788,0.0,2.3916265e-05,8.372275e-06
77.4058880820788,1.875,2.6994e-05,7.6724e-06
77.4058880820788,3.75,2.9263878e-05,7.5261146e-06
77.4058880820788,5.625,3.0996584e-05,7.572133e-06
77.4058880820788,7.5,3.2153457e-05,7.869586e-06
77.4058880820788,9.375,3.0908697e-05,8.086205e-06
77.4058880820788,11.25,2.660368e-05,8.493156e-06
77.4058880820788,13.125,2.2156528e-05,8.301239e-06
77.4058880820788,15.0,1.16905985e-05,7.1674112e-06
77.4058880820788,16.875,1.2219979e-05,7.1588797e-06
77.4058880820788,18.75,1.2650739e-05,7.0382766e-06
77.4058880820788,20.625,1.25717015e-05,6.7426513e-06
77.4058880820788,22.5,1.4732812e-05,6.804433e-06
77.4058880820788,24.375,1.8935845e-05,6.4617784e-06
77.4058880820788,26.25,2.0813395e-05,6.2738536e-06
77.4058880820788,28.125,2.3051425e-05,6.549731e-06
77.4058880820788,30.0,2.551335e-05,6.6255566e-06
77.4058880820788,31.875,2.5388155e-05,6.84065e-06
77.4058880820788,33.75,2.243971e-05,6.862421e-06
77.4058880820788,35.625,1.9437199e-05,6.5531653e-06
77.4058880820788,37.5,1.8415913e-05,6.649643e-06
77.4058880820788,39.375,1.8735343e-05,6.3628627e-06
77.4058880820788,41.25,1.9719968e-05,6.2810404e-06
77.4058880820788,43.125,2.0222591e-05,5.978085e-06
77.4058880820788,45.0,2.0661862e-05,5.6692697e-06
77.4058880820788,46.875,2.1170175e-05,5.7194234e-06
77.4058880820788,48.75,2.1720827e-05,5.79851e-06
77.4058880820788,50.625,2.2879816e-05,6.142681e-06
77.4058880820788,52.5,2.3042323e-05,5.897946e-06
77.4058880820788,54.375,2.2749868e-05,6.1920896e-06
77.4058880820788,56.25,2.1443875e-05,6.586441e-06
77.4058880820788,58.125,2.0430092e-05,6.3593416e-06
77.4058880820788,60.0,2.0361947e-05,6.1581577e-06
77.4058880820788,61.875,2.115155e-05,5.710292e-06
77.4058880820788,63.75,2.197544e-05,5.188384e-06
77.4058880820788,65.625,2.1603875e-05,5.244362e-06
77.4058880820788,67.5,2.043351e-05,5.103088e-06
77.4058880820788,69.375,1.9577412e-05,4.746392e-06
77.4058880820788,71.25,1.8240764e-05,4.6868518e-06
77.4058880820788,73.125,1.6927268e-05,4.5991196e-06
77.4058880820788,75.0,1.5939591e-05,4.5834777e-06
77.4058880820788,76.875,1.5472771e-05,4.7790118e-06
77.4058880820788,78.75,1.5491065e-05,5.086018e-06
77.4058880820788,80.625,1.5710395e-05,5.147784e-06
77.4058880820788,82.5,1.6108539e-05,5.244285e-06
77.4058880820788,84.375,1.621275e-05,5.2717132e-06
77.4058880820788,86.25,1.6450977e-05,5.3219396e-06
77.4058880820788,88.125,1.5964573e-05,5.4546504e-06
77.4058880820788,90.0,1.5746096e-05,5.484431e-06
77.4058880820788,91.875,1.5459324e-05,5.267818e-06
77.4058880820788,93.75,1.5054203e-05,5.1394723e-06
77.4058880820788,95.625,1.4498118e-05,5.023729e-06
77.4058880820788,97.5,1.3813792e-05,4.77681e-06
77.4058880820788,99.375,1.2505418e-05,4.5638108e-06
77.4058880820788,101.25,8.45588e-06,3.81738e-06
77.4058880820788,103.125,8.132529e-06,3.386245e-06
77.4058880820788,105.0,1.2124133e-05,4.2337742e-06
77.4058880820788,106.875,1.2445685e-05,4.4470157e-06
77.4058880820788,108.75,1.1670652e-05,4.3032874e-06
77.4058880820788,110.625,1.0826027e-05,4.038621e-06
77.4058880820788,112.5,9.969412e-06,3.6738925e-06
77.4058880820788,114.375,9.649067e-06,3.4037512e-06
77.4058880820788,116.25,8.907356e-06,3.0830984e-06
77.4058880820788,118.125,8.493657e-06,2.8519717e-06
77.4058880820788,120.0,8.355141e-06,2.819821e-06
77.4058880820788,121.875,8.270124e-06,2.8474724e-06
77.4058880820788,123.75,8.383051e-06,2.983312e-06
77.4058880820788,125.625,8.4003905e-06,3.0625774e-06
77.4058880820788,127.5,8.5858355e-06,2.994597e-06
77.4058880820788,129.375,8.655264e-06,3.03225e-06
77.4058880820788,131.25,8.563548e-06,2.9925839e-06
77.4058880820788,133.125,8.261454e-06,2.871449e-06
77.4058880820788,135.0,8.054531e-06,2.9051926e-06
77.4058880820788,136.875,7.5678754e-06,2.7616948e-06
77.4058880820788,138.75,7.1387117e-06,2.548191e-06
77.4058880820788,140.625,6.704997e-06,2.5401755e-06
77.4058880820788,142.5,6.559072e-06,2.55851e-06
77.4058880820788,144.375,6.3768002e-06,2.456391e-06
77.4058880820788,146.25,6.4008163e-06,2.4173403e-06
77.4058880820788,148.125,6.472549e-06,2.5326617e-06
77.4058880820788,150.0,6.5381982e-06,2.5775662e-06
77.4058880820788,151.875,6.6774874e-06,2.5642235e-06
77.4058880820788,153.75,6.794123e-06,2.7751576e-06
77.4058880820788,155.625,6.819946e-06,2.8675847e-06
77.4058880820788,157.5,6.9001812e-06,2.957897e-06
77.4058880820788,159.375,6.852562e-06,2.9433072e-06
77.4058880820788,161.25,6.8112845e-06,2.8933034e-06
77.4058880820788,163.125,6.6781936e-06,2.7149392e-06
77.4058880820788,165.0,6.6446873e-06,2.7468461e-06
77.4058880820788,166.875,6.62726e-06,2.8237148e-06
77.4058880820788,168.75,6.637019e-06,2.9129365e-06
77.4058880820788,170.625,6.5741347e-06,2.9300152e-06
77.4058880820788,172.5,6.676779e-06,3.0228828e-06
77.4058880820788,174.375,6.741378e-06,3.0057724e-06
77.4058880820788,176.25,6.8642007e-06,3.0607373e-06
77.4058880820788,178.125,6.995287e-06,3.1737925e-06
77.4058880820788,180.0,7.1529985e-06,3.2733365e-06
77.4058880820788,181.875,7.2106386e-06,3.3248816e-06
77.4058880820788,183.75,7.3403316e-06,3.4242462e-06
77.4058880820788,185.625,7.383233e-06,3.449305e-06
77.4058880820788,187.5,7.604908e-06,3.4261564e-06
77.4058880820788,189.375,7.465838e-06,3.4549857e-06
77.4058880820788,191.25,7.5056805e-06,3.4136751e-06
77.4058880820788,193.125,7.3771344e-06,3.3602212e-06
77.4058880820788,195.0,7.2008465e-06,3.2796684e-06
77.4058880820788,196.875,7.0418732e-06,3.3506885e-06
77.4058880820788,198.75,6.8935833e-06,3.3006718e-06
77.4058880820788,200.625,6.7459628e-06,3.2402838e-06
77.4058880820788,202.5,6.8166137e-06,3.1832064e-06
77.4058880820788,204.375,6.922784e-06,3.130527e-06
77.4058880820788,206.25,6.913047e-06,3.0583374e-06
77.4058880820788,208.125,6.9643656e-06,3.032693e-06
77.4058880820788,210.0,7.0865153e-06,2.9825171e-06
77.4058880820788,211.875,7.175579e-06,2.966553e-06
77.4058880820788,213.75,7.052008e-06,2.9064513e-06
77.4058880820788,215.625,7.0331416e-06,2.8843917e-06
77.4058880820788,217.5,6.9343764e-06,2.8537652e-06
77.4058880820788,219.375,6.8050967e-06,2.828231e-06
77.4058880820788,221.25,6.613927e-06,2.8664447e-06
77.4058880820788,223.125,6.5245467e-06,2.908511e-06
77.4058880820788,225.0,6.5877853e-06,2.9056953e-06
77.4058880820788,226.875,6.663678e-06,2.9483483e-06
77.4058880820788,228.75,6.8977893e-06,2.8978284e-06
77.4058880820788,230.625,7.0518918e-06,3.0278643e-06
77.4058880820788,232.5,7.297967e-06,3.0968242e-06
77.4058880820788,234.375,7.651806e-06,3.2206801e-06
77.4058880820788,236.25,7.886414e-06,3.2196726e-06
77.4058880820788,238.125,7.9400415e-06,3.108145e-06
77.4058880820788,240.0,7.976378e-06,3.0191507e-06
77.4058880820788,241.875,7.840395e-06,2.9411365e-06
77.4058880820788,243.75,7.6035567e-06,2.8967172e-06
77.4058880820788,245.625,7.3744473e-06,2.91848e-06
77.4058880820788,247.5,7.175971e-06,2.9283367e-06
77.4058880820788,249.375,7.0548867e-06,2.9865103e-06
77.4058880820788,251.25,6.868184e-06,2.8740587e-06
77.4058880820788,253.125,6.812668e-06,2.864021e-06
77.4058880820788,255.0,6.922652e-06,2.7890949e-06
77.4058880820788,256.875,7.2935245e-06,2.8940963e-06
77.4058880820788,258.75,7.969427e-06,3.0399904e-06
77.4058880820788,260.625,8.607559e-06,3.2687533e-06
77.4058880820788,262.5,9.5640125e-06,3.6275378e-06
77.4058880820788,264.375,8.544652e-06,3.6863341e-06
77.4058880820788,266.25,1.0271626e-05,4.0481455e-06
77.4058880820788,268.125,1.0391618e-05,4.041306e-06
77.4058880820788,270.0,1.019378e-05,3.851769e-06
77.4058880820788,271.875,8.51572e-06,3.6636798e-06
77.4058880820788,273.75,8.261783e-06,3.8237854e-06
77.4058880820788,275.625,8.1446315e-06,4.0428404e-06
77.4058880820788,277.5,8.088465e-06,4.3340997e-06
77.4058880820788,279.375,8.506499e-06,4.73099e-06
77.4058880820788,281.25,9.506819e-06,5.428961e-06
77.4058880820788,283.125,1.2774894e-05,7.0623664e-06
77.4058880820788,285.0,1.5579935e-05,7.876676e-06
77.4058880820788,286.875,1.825834e-05,7.831157e-06
77.4058880820788,288.75,1.1772949e-05,7.661237e-06
77.4058880820788,290.625,1.249262e-05,8.253594e-06
77.4058880820788,292.5,1.3289492e-05,8.873587e-06
77.4058880820788,294.375,1.3724046e-05,9.322922e-06
77.4058880820788,296.25,1.3803862e-05,9.51679e-06
77.4058880820788,298.125,1.3516346e-05,9.535097e-06
77.4058880820788,300.0,1.2946764e-05,9.24238e-06
77.4058880820788,301.875,1.2074481e-05,8.657871e-06
77.4058880820788,303.75,1.1774354e-05,8.223432e-06
77.4058880820788,305.625,1.1416555e-05,7.835311e-06
77.4058880820788,307.5,1.0847988e-05,7.2048365e-06
77.4058880820788,309.375,1.001607e-05,6.521442e-06
77.4058880820788,311.25,8.910421e-06,5.7421394e-06
77.4058880820788,313.125,7.380459e-06,4.7311432e-06
77.4058880820788,315.0,5.6885665e-06,3.6015072e-06
77.4058880820788,316.875,3.8909907e-06,2.4488131e-06
77.4058880820788,318.75,2.6099794e-06,1.5672465e-06
77.4058880820788,320.625,1.9623017e-06,1.32269e-06
77.4058880820788,322.5,1.8260434e-06,1.5376769e-06
77.4058880820788,324.375,2.0371235e-06,1.8896224e-06
77.4058880820788,326.25,2.4802368e-06,2.436781e-06
77.4058880820788,328.125,3.1278726e-06,3.1718596e-06
77.4058880820788,330.0,4.0424293e-06,4.037863e-06
77.4058880820788,331.875,5.199956e-06,5.077152e-06
77.4058880820788,333.75,6.6001494e-06,6.2490417e-06
77.4058880820788,335.625,8.120207e-06,7.486731e-06
77.4058880820788,337.5,9.797081e-06,8.739414e-06
77.4058880820788,339.375,1.1572253e-05,9.967209e-06
77.4058880820788,341.25,1.4543612e-05,1.1054367e-05
77.4058880820788,343.125,1.5412326e-05,1.0914096e-05
77.4058880820788,345.0,1.5545787e-05,1.0283866e-05
77.4058880820788,346.875,1.5412405e-05,9.478449e-06
77.4058880820788,348.75,1.595617e-05,9.0043895e-06
77.4058880820788,350.625,1.6590711e-05,8.586453e-06
77.4058880820788,352.5,1.643691e-05,8.12908e-06
77.4058880820788,354.375,1.6396763e-05,7.977932e-06
77.4058880820788,356.25,1.7329261e-05,7.953607e-06
77.4058880820788,358.125,1.9999956e-05,8.344176e-06
79.27055903485967,0.0,1.4626209e-05,6.618383e-06
79.27055903485967,1.875,1.7483319e-05,7.575639e-06
79.27055903485967,3.75,2.130305e-05,8.176732e-06
79.27055903485967,5.625,2.4850046e-05,8.663883e-06
79.27055903485967,7.5,2.620354e-05,7.940823e-06
79.27055903485967,9.375,2.407449e-05,7.65901e-06
79.27055903485967,11.25,1.1257515e-05,5.8863343e-06
79.27055903485967,13.125,1.0595469e-05,5.971347e-06
79.27055903485967,15.0,1.1053056e-05,6.1471133e-06
79.27055903485967,16.875,1.1696216e-05,6.1500537e-06
79.27055903485967,18.75,1.2451701e-05,6.1730975e-06
79.27055903485967,20.625,1.3343487e-05,6.3378475e-06
79.27055903485967,22.5,1.4144753e-05,6.4218557e-06
79.27055903485967,24.375,1.5649639e-05,6.4944693e-06
79.27055903485967,26.25,2.0092028e-05,6.808369e-06
79.27055903485967,28.125,2.041012e-05,6.932109e-06
79.27055903485967,30.0,2.0314006e-05,6.780082e-06
79.27055903485967,31.875,1.9819723e-05,6.518451e-06
79.27055903485967,33.75,1.919721e-05,6.330199e-06
79.27055903485967,35.625,1.854633e-05,5.9402882e-06
79.27055903485967,37.5,1.8136132e-05,5.822188e-06
79.27055903485967,39.375,1.8443307e-05,5.760242e-06
79.27055903485967,41.25,1.9520785e-05,5.7046063e-06
79.27055903485967,43.125,2.0578243e-05,6.1067717e-06
79.27055903485967,45.0,2.0527366e-05,5.9123354e-06
79.27055903485967,46.875,1.9903911e-05,5.879304e-06
79.27055903485967,48.75,1.8720139e-05,5.8090013e-06
79.27055903485967,50.625,1.7804998e-05,5.9921163e-06
79.27055903485967,52.5,1.6745269e-05,5.9204544e-06
79.27055903485967,54.375,1.51383865e-05,5.815706e-06
79.27055903485967,56.25,1.3339121e-05,5.439963e-06
79.27055903485967,58.125,1.2408413e-05,5.2703913e-06
79.27055903485967,60.0,1.2370952e-05,5.207311e-06
79.27055903485967,61.875,1.2784225e-05,5.1396137e-06
79.27055903485967,63.75,1.3336769e-05,5.160376e-06
79.27055903485967,65.625,1.4048839e-05,4.959036e-06
79.27055903485967,67.5,1.4743114e-05,4.874143e-06
79.27055903485967,69.375,1.5390187e-05,4.845365e-06
79.27055903485967,71.25,1.621116e-05,4.6534024e-06
79.27055903485967,73.125,1.61585e-05,4.636899e-06
79.27055903485967,75.0,1.5891132e-05,4.606593e-06
79.27055903485967,76.875,1.51332815e-05,4.4579133e-06
79.27055903485967,78.75,1.4195777e-05,4.417594e-06
79.27055903485967,80.625,1.3827379e-05,4.441162e-06
79.27055903485967,82.5,1.3709444e-05,4.537476e-06
79.27055903485967,84.375,1.3775439e-05,4.7935973e-06
79.27055903485967,86.25,1.3907064e-05,4.584941e-06
79.27055903485967,88.125,1.37906145e-05,4.8266015e-06
79.27055903485967,90.0,1.33856165e-05,4.909917e-06
79.27055903485967,91.875,1.2008464e-05,4.606861e-06
79.27055903485967,93.75,8.440272e-06,3.9291394e-06
79.27055903485967,95.625,7.660657e-06,3.7151772e-06
79.27055903485967,97.5,7.358e-06,3.606337e-06
79.27055903485967,99.375,7.1592362e-06,3.465968e-06
79.27055903485967,101.25,6.959007e-06,3.2681253e-06
79.27055903485967,103.125,7.1045342e-06,3.2327223e-06
79.27055903485967,105.0,8.564655e-06,3.5319902e-06
79.27055903485967,106.875,8.817217e-06,3.4481764e-06
79.27055903485967,108.75,8.578667e-06,3.2638386e-06
79.27055903485967,110.625,8.108079e-06,3.1526322e-06
79.27055903485967,112.5,8.034758e-06,3.1252246e-06
79.27055903485967,114.375,7.95115e-06,3.123111e-06
79.27055903485967,116.25,7.858996e-06,3.0052383e-06
79.27055903485967,118.125,7.941414e-06,2.9734194e-06
79.27055903485967,120.0,8.194012e-06,3.051949e-06
79.27055903485967,121.875,8.396403e-06,3.1584998e-06
79.27055903485967,123.75,8.54321e-06,3.297003e-06
79.27055903485967,125.625,8.636427e-06,3.316129e-06
79.27055903485967,127.5,8.559337e-06,3.2645255e-06
79.27055903485967,129.375,8.364739e-06,3.0901317e-06
79.27055903485967,131.25,8.1815515e-06,3.0655697e-06
79.27055903485967,133.125,8.053104e-06,2.9306607e-06
79.27055903485967,135.0,7.682314e-06,2.7573547e-06
79.27055903485967,136.875,7.35802e-06,2.5934091e-06
79.27055903485967,138.75,7.0023852e-06,2.4903134e-06
79.27055903485967,140.625,6.788373e-06,2.478559e-06
79.27055903485967,142.5,6.520803e-06,2.3158805e-06
79.27055903485967,144.375,6.43378e-06,2.413037e-06
79.27055903485967,146.25,6.3068856e-06,2.345831e-06
79.27055903485967,148.125,6.2755016e-06,2.4288229e-06
79.27055903485967,150.0,6.379995e-06,2.4702592e-06
79.27055903485967,151.875,6.5597064e-06,2.5505528e-06
79.27055903485967,153.75,6.739504e-06,2.5527318e-06
79.27055903485967,155.625,6.8196305e-06,2.5627628e-06
79.27055903485967,157.5,6.9402276e-06,2.534722e-06
79.27055903485967,159.375,6.9636567e-06,2.571181e-06
79.27055903485967,161.25,7.04667e-06,2.5791185e-06
79.27055903485967,163.125,6.9488656e-06,2.5669185e-06
79.27055903485967,165.0,6.861219e-06,2.5298307e-06
79.27055903485967,166.875,6.861661e-06,2.5571817e-06
79.27055903485967,168.75,6.7700416e-06,2.593781e-06
79.27055903485967,170.625,6.6675666e-06,2.538536e-06
79.27055903485967,172.5,6.7036217e-06,2.5110155e-06
79.27055903485967,174.375,6.703469e-06,2.7451993e-06
79.27055903485967,176.25,6.56824e-06,2.6893172e-06
79.27055903485967,178.125,6.562976e-06,2.6524517e-06
79.27055903485967,180.0,6.7250353e-06,2.6791213e-06
79.27055903485967,181.875,6.8540203e-06,2.824106e-06
79.27055903485967,183.75,7.0554893e-06,2.9154082e-06
79.27055903485967,185.625,7.1480345e-06,3.07489e-06
79.27055903485967,187.5,7.396769e-06,3.1880688e-06
79.27055903485967,189.375,7.5633066e-06,3.3019567e-06
79.27055903485967,191.25,7.6927245e-06,3.333158e-06
79.27055903485967,193.125,7.728995e-06,3.4085576e-06
79.27055903485967,195.0,7.780017e-06,3.4235668e-06
79.27055903485967,196.875,7.868351e-06,3.450439e-06
79.27055903485967,198.75,7.824705e-06,3.5574406e-06
79.27055903485967,200.625,7.653381e-06,3.3694369e-06
79.27055903485967,202.5,7.459476e-06,3.2723374e-06
79.27055903485967,204.375,7.1474074e-06,3.1041534e-06
79.27055903485967,206.25,6.9563857e-06,3.0148203e-06
79.27055903485967,208.125,6.7655933e-06,2.9273967e-06
79.27055903485967,210.0,6.559632e-06,2.8663364e-06
79.27055903485967,211.875,6.4745614e-06,2.8247362e-06
79.27055903485967,213.75,6.389894e-06,2.8112922e-06
79.27055903485967,215.625,6.2228237e-06,2.6720013e-06
79.27055903485967,217.5,6.0690513e-06,2.583502e-06
79.27055903485967,219.375,6.1296532e-06,2.579947e-06
79.27055903485967,221.25,6.280075e-06,2.6396924e-06
79.27055903485967,223.125,6.310694e-06,2.6155926e-06
79.27055903485967,225.0,6.540129e-06,2.7533156e-06
79.27055903485967,226.875,6.772983e-06,2.8178263e-06
79.27055903485967,228.75,7.1525783e-06,2.933055e-06
79.27055903485967,230.625,7.4046825e-06,2.9293274e-06
79.27055903485967,232.5,7.592189e-06,2.8816833e-06
79.27055903485967,234.375,7.622916e-06,2.7797237e-06
79.27055903485967,236.25,7.698467e-06,2.8540592e-06
79.27055903485967,238.125,7.643745e-06,2.836016e-06
79.27055903485967,240.0,7.556047e-06,2.8912955e-06
79.27055903485967,241.875,7.326264e-06,2.9015985e-06
79.27055903485967,243.75,7.1535737e-06,2.7956714e-06
79.27055903485967,245.625,6.989073e-06,2.7780145e-06
79.27055903485967,247.5,6.7734004e-06,2.7902756e-06
79.27055903485967,249.375,6.695442e-06,2.7169276e-06
79.27055903485967,251.25,6.804318e-06,2.7173162e-06
79.27055903485967,253.125,7.1406976e-06,2.897248e-06
79.27055903485967,255.0,7.669155e-06,3.0442902e-06
79.27055903485967,256.875,8.439312e-06,3.4098966e-06
79.27055903485967,258.75,9.20799e-06,3.7333582e-06
79.27055903485967,260.625,9.8031005e-06,3.97856e-06
79.27055903485967,262.5,1.0156916e-05,4.1441685e-06
79.27055903485967,264.375,9.96889e-06,4.2619813e-06
79.27055903485967,266.25,8.946547e-06,4.0645796e-06
79.27055903485967,268.125,8.867278e-06,4.0054856e-06
79.27055903485967,270.0,8.784567e-06,3.8926896e-06
79.27055903485967,271.875,8.224003e-06,3.96672e-06
79.27055903485967,273.75,7.970713e-06,3.9902216e-06
79.27055903485967,275.625,7.874679e-06,4.0959258e-06
79.27055903485967,277.5,7.836338e-06,4.2457e-06
79.27055903485967,279.375,7.988565e-06,4.327808e-06
79.27055903485967,281.25,8.034927e-06,4.535702e-06
79.27055903485967,283.125,8.417957e-06,4.8429147e-06
79.27055903485967,285.0,9.186097e-06,4.9533205e-06
79.27055903485967,286.875,1.0775912e-05,5.40358e-06
79.27055903485967,288.75,1.0479279e-05,5.346822e-06
79.27055903485967,290.625,9.711213e-06,5.35598e-06
79.27055903485967,292.5,8.532657e-06,5.1918237e-06
79.27055903485967,294.375,8.397777e-06,5.0574463e-06
79.27055903485967,296.25,8.1495355e-06,5.002096e-06
79.27055903485967,298.125,7.932254e-06,4.9990417e-06
79.27055903485967,300.0,7.5931207e-06,4.840863e-06
79.27055903485967,301.875,7.1920444e-06,4.681215e-06
79.27055903485967,303.75,6.7432993e-06,4.471104e-06
79.27055903485967,305.625,6.1218757e-06,4.1585763e-06
79.27055903485967,307.5,5.3344993e-06,3.6085942e-06
79.27055903485967,309.375,4.7205285e-06,3.1433453e-06
79.27055903485967,311.25,4.11016e-06,2.714838e-06
79.27055903485967,313.125,3.522286e-06,2.3049593e-06
79.27055903485967,315.0,3.012808e-06,2.0215152e-06
79.27055903485967,316.875,2.6620962e-06,1.8078819e-06
79.27055903485967,318.75,2.4533492e-06,1.7582702e-06
79.27055903485967,320.625,2.3948974e-06,1.8771481e-06
79.27055903485967,322.5,2.5033823e-06,2.1461742e-06
79.27055903485967,324.375,2.7411227e-06,2.5515535e-06
79.27055903485967,326.25,3.1220902e-06,3.050913e-06
79.27055903485967,328.125,3.7102259e-06,3.6681236e-06
79.27055903485967,330.0,4.431734e-06,4.3722457e-06
79.27055903485967,331.875,5.251202e-06,5.136239e-06
79.27055903485967,333.75,6.2070612e-06,5.892154e-06
79.27055903485967,335.625,7.2437197e-06,6.656982e-06
79.27055903485967,337.5,8.421133e-06,7.4265495e-06
79.27055903485967,339.375,9.6437025e-06,8.229146e-06
79.27055903485967,341.25,1.2349546e-05,9.063324e-06
79.27055903485967,343.125,1.299005e-05,9.137228e-06
79.27055903485967,345.0,1.3006035e-05,8.912579e-06
79.27055903485967,346.875,1.2751781e-05,8.441825e-06
79.27055903485967,348.75,1.2423991e-05,7.9337515e-06
79.27055903485967,350.625,1.2240222e-05,7.5766707e-06
79.27055903485967,352.5,1.18663775e-05,7.0526044e-06
79.27055903485967,354.375,1.1443467e-05,6.5363574e-06
79.27055903485967,356.25,1.1442575e-05,6.1022397e-06
79.27055903485967,358.125,1.24832195e-05,5.9207027e-06
81.13497683767741,0.0,1.2387751e-05,5.8134624e-06
81.13497683767741,1.875,1.3046986e-05,5.923186e-06
81.13497683767741,3.75,1.4307476e-05,6.372897e-06
81.13497683767741,5.625,1.5615964e-05,6.612106e-06
81.13497683767741,7.5,1.7086177e-05,6.7665947e-06
81.13497683767741,9.375,1.7960474e-05,6.7451524e-06
81.13497683767741,11.25,1.8706523e-05,6.8713175e-06
81.13497683767741,13.125,1.9408095e-05,7.1199556e-06
81.13497683767741,15.0,1.9980404e-05,7.2847306e-06
81.13497683767741,16.875,2.0387824e-05,7.380873e-06
81.13497683767741,18.75,2.0517984e-05,7.3780598e-06
81.13497683767741,20.625,1.9999003e-05,7.22892e-06
81.13497683767741,22.5,1.8447545e-05,6.673181e-06
81.13497683767741,24.375,1.806992e-05,6.586164e-06
81.13497683767741,26.25,1.7546245e-05,6.528745e-06
81.13497683767741,28.125,1.7121263e-05,6.3925645e-06
81.13497683767741,30.0,1.6593669e-05,6.137742e-06
81.13497683767741,31.875,1.6117621e-05,5.9177655e-06
81.13497683767741,33.75,1.5549373e-05,5.507543e-06
81.13497683767741,35.625,1.5191222e-05,5.352298e-06
81.13497683767741,37.5,1.4989197e-05,5.1862144e-06
81.13497683767741,39.375,1.4850114e-05,5.2484525e-06
81.13497683767741,41.25,1.4891673e-05,5.2347527e-06
81.13497683767741,43.125,1.4867395e-05,5.230346e-06
81.13497683767741,45.0,1.4910595e-05,5.228582e-06
81.13497683767741,46.875,1.49829175e-05,5.3150297e-06
81.13497683767741,48.75,1.4823363e-05,5.2518308e-06
81.13497683767741,50.625,1.4558342e-05,5.1806105e-06
81.13497683767741,52.5,1.4049579e-05,5.2646533e-06
81.13497683767741,54.375,1.28904985e-05,5.1984416e-06
81.13497683767741,56.25,1.105543e-05,4.986088e-06
81.13497683767741,58.125,1.1074825e-05,5.0644626e-06
81.13497683767741,60.0,1.23102145e-05,5.5266096e-06
81.13497683767741,61.875,1.2260717e-05,5.5479627e-06
81.13497683767741,63.75,1.2275351e-05,5.421731e-06
81.13497683767741,65.625,1.2186591e-05,5.2259575e-06
81.13497683767741,67.5,1.2063818e-05,4.955256e-06
81.13497683767741,69.375,1.21055755e-05,4.748794e-06
81.13497683767741,71.25,1.20530885e-05,4.709667e-06
81.13497683767741,73.125,1.2226972e-05,4.8568095e-06
81.13497683767741,75.0,1.2067666e-05,4.785298e-06
81.13497683767741,76.875,1.2050735e-05,4.9146797e-06
81.13497683767741,78.75,1.180456e-05,4.890794e-06
81.13497683767741,80.625,1.1863252e-05,4.9197306e-06
81.13497683767741,82.5,1.1900557e-05,4.8075995e-06
81.13497683767741,84.375,1.2233162e-05,4.847628e-06
81.13497683767741,86.25,1.25278975e-05,4.8683423e-06
81.13497683767741,88.125,1.2901993e-05,5.028207e-06
81.13497683767741,90.0,1.2812435e-05,5.1140946e-06
81.13497683767741,91.875,1.2477864e-05,4.8907223e-06
81.13497683767741,93.75,1.1646556e-05,4.5825577e-06
81.13497683767741,95.625,1.1075181e-05,4.3038076e-06
81.13497683767741,97.5,1.06532025e-05,4.316043e-06
81.13497683767741,99.375,1.0169349e-05,3.994946e-06
81.13497683767741,101.25,9.771082e-06,3.717127e-06
81.13497683767741,103.125,9.3999315e-06,3.6071688e-06
81.13497683767741,105.0,9.215207e-06,3.3138913e-06
81.13497683767741,106.875,8.843297e-06,3.0602666e-06
81.13497683767741,108.75,8.547599e-06,3.0172134e-06
81.13497683767741,110.625,8.301719e-06,3.0272402e-06
81.13497683767741,112.5,8.123444e-06,2.9499793e-06
81.13497683767741,114.375,8.090236e-06,2.9020143e-06
81.13497683767741,116.25,8.167987e-06,3.0729827e-06
81.13497683767741,118.125,8.044257e-06,3.2096739e-06
81.13497683767741,120.0,7.938612e-06,3.2628166e-06
81.13497683767741,121.875,7.860449e-06,3.1394911e-06
81.13497683767741,123.75,7.841296e-06,3.022761e-06
81.13497683767741,125.625,7.7489985e-06,2.8473496e-06
81.13497683767741,127.5,7.549147e-06,2.706168e-06
81.13497683767741,129.375,7.476481e-06,2.6130342e-06
81.13497683767741,131.25,7.320962e-06,2.5401157e-06
81.13497683767741,133.125,7.082648e-06,2.4561543e-06
81.13497683767741,135.0,6.7481924e-06,2.3882685e-06
81.13497683767741,136.875,6.673208e-06,2.2839793e-06
81.13497683767741,138.75,6.587799e-06,2.3456105e-06
81.13497683767741,140.625,6.484358e-06,2.3371392e-06
81.13497683767741,142.5,6.454487e-06,2.3872187e-06
81.13497683767741,144.375,6.565992e-06,2.478447e-06
81.13497683767741,146.25,6.6718353e-06,2.5147658e-06
81.13497683767741,148.125,6.8033974e-06,2.5696365e-06
81.13497683767741,150.0,6.9198813e-06,2.5799195e-06
81.13497683767741,151.875,7.043595e-06,2.6637706e-06
81.13497683767741,153.75,7.0804417e-06,2.6900047e-06
81.13497683767741,155.625,7.315188e-06,2.702331e-06
81.13497683767741,157.5,7.4284135e-06,2.6341536e-06
81.13497683767741,159.375,7.607319e-06,2.6051214e-06
81.13497683767741,161.25,7.5621733e-06,2.3716684e-06
81.13497683767741,163.125,7.57948e-06,2.3863547e-06
81.13497683767741,165.0,7.547214e-06,2.4501915e-06
81.13497683767741,166.875,7.3332294e-06,2.5010413e-06
81.13497683767741,168.75,7.255506e-06,2.6947405e-06
81.13497683767741,170.625,7.193237e-06,2.7304702e-06
81.13497683767741,172.5,7.084215e-06,2.8535528e-06
81.13497683767741,174.375,6.9273183e-06,2.9381758e-06
81.13497683767741,176.25,6.8813265e-06,2.9741868e-06
81.13497683767741,178.125,6.839534e-06,2.9534724e-06
81.13497683767741,180.0,6.8369573e-06,2.9066298e-06
81.13497683767741,181.875,6.7464916e-06,2.8664917e-06
81.13497683767741,183.75,6.852968e-06,2.9543025e-06
81.13497683767741,185.625,6.9293073e-06,3.0143656e-06
81.13497683767741,187.5,7.0768374e-06,3.0869169e-06
81.13497683767741,189.375,7.1095683e-06,2.9106634e-06
81.13497683767741,191.25,7.1591885e-06,2.8764657e-06
81.13497683767741,193.125,7.1439044e-06,2.8812676e-06
81.13497683767741,195.0,7.0302576e-06,2.8320653e-06
81.13497683767741,196.875,7.068483e-06,2.7746717e-06
81.13497683767741,198.75,7.0236874e-06,2.7880985e-06
81.13497683767741,200.625,7.042703e-06,2.6956868e-06
81.13497683767741,202.5,6.845292e-06,2.6538544e-06
81.13497683767741,204.375,6.690169e-06,2.5941533e-06
81.13497683767741,206.25,6.6216803e-06,2.443504e-06
81.13497683767741,208.125,6.615625e-06,2.4229562e-06
81.13497683767741,210.0,6.4835212e-06,2.3599398e-06
81.13497683767741,211.875,6.415478e-06,2.2984148e-06
81.13497683767741,213.75,6.482953e-06,2.3321986e-06
81.13497683767741,215.625,6.528045e-06,2.4105766e-06
81.13497683767741,217.5,6.5021777e-06,2.4273188e-06
81.13497683767741,219.375,6.504794e-06,2.525666e-06
81.13497683767741,221.25,6.5617955e-06,2.4607098e-06
81.13497683767741,223.125,6.681745e-06,2.5519719e-06
81.13497683767741,225.0,6.653329e-06,2.5156887e-06
81.13497683767741,226.875,6.7811065e-06,2.6486844e-06
81.13497683767741,228.75,6.8872773e-06,2.7035067e-06
81.13497683767741,230.625,6.9939556e-06,2.7653603e-06
81.13497683767741,232.5,6.9871535e-06,2.674565e-06
81.13497683767741,234.375,7.0603737e-06,2.645636e-06
81.13497683767741,236.25,7.017337e-06,2.6864477e-06
81.13497683767741,238.125,6.8745867e-06,2.669022e-06
81.13497683767741,240.0,6.7182928e-06,2.6276186e-06
81.13497683767741,241.875,6.645444e-06,2.598132e-06
81.13497683767741,243.75,6.5383815e-06,2.5002114e-06
81.13497683767741,245.625,6.4108917e-06,2.534799e-06
81.13497683767741,247.5,6.506392e-06,2.6686803e-06
81.13497683767741,249.375,6.5909235e-06,2.7214594e-06
81.13497683767741,251.25,6.7893707e-06,2.848193e-06
81.13497683767741,253.125,7.2722178e-06,3.0897243e-06
81.13497683767741,255.0,7.65642e-06,3.2100713e-06
81.13497683767741,256.875,8.175938e-06,3.305799e-06
81.13497683767741,258.75,8.574916e-06,3.460653e-06
81.13497683767741,260.625,8.998675e-06,3.5514108e-06
81.13497683767741,262.5,9.243351e-06,3.5500905e-06
81.13497683767741,264.375,8.975106e-06,3.5242115e-06
81.13497683767741,266.25,7.925265e-06,3.0910135e-06
81.13497683767741,268.125,8.677701e-06,3.383867e-06
81.13497683767741,270.0,6.9091748e-06,2.8964341e-06
81.13497683767741,271.875,6.6639714e-06,2.6752896e-06
81.13497683767741,273.75,6.337579e-06,2.5608388e-06
81.13497683767741,275.625,6.0741936e-06,2.5366132e-06
81.13497683767741,277.5,5.832129e-06,2.3853245e-06
81.13497683767741,279.375,5.5640553e-06,2.3175558e-06
81.13497683767741,281.25,5.419344e-06,2.3757582e-06
81.13497683767741,283.125,5.3257427e-06,2.4633166e-06
81.13497683767741,285.0,5.257267e-06,2.5171983e-06
81.13497683767741,286.875,5.2783626e-06,2.5882673e-06
81.13497683767741,288.75,5.202839e-06,2.4831875e-06
81.13497683767741,290.625,5.020158e-06,2.3743864e-06
81.13497683767741,292.5,4.8036804e-06,2.3059763e-06
81.13497683767741,294.375,4.571141e-06,2.1713445e-06
81.13497683767741,296.25,4.352872e-06,2.0262207e-06
81.13497683767741,298.125,3.9399733e-06,2.005846e-06
81.13497683767741,300.0,3.985073e-06,1.9375327e-06
81.13497683767741,301.875,3.7724217e-06,1.8575379e-06
81.13497683767741,303.75,3.626932e-06,1.8567795e-06
81.13497683767741,305.625,3.5877986e-06,1.8621545e-06
81.13497683767741,307.5,3.5576436e-06,1.91421e-06
81.13497683767741,309.375,3.5930634e-06,1.9381441e-06
81.13497683767741,311.25,3.6074407e-06,1.9718427e-06
81.13497683767741,313.125,3.66557e-06,2.062527e-06
81.13497683767741,315.0,3.6915644e-06,2.154311e-06
81.13497683767741,316.875,3.7867255e-06,2.2813576e-06
81.13497683767741,318.75,3.9707284e-06,2.509062e-06
81.13497683767741,320.625,4.182854e-06,2.7821868e-06
81.13497683767741,322.5,4.3915143e-06,3.1991829e-06
81.13497683767741,324.375,4.757644e-06,3.5311461e-06
81.13497683767741,326.25,5.162824e-06,3.970039e-06
81.13497683767741,328.125,5.6008084e-06,4.3436926e-06
81.13497683767741,330.0,6.1523133e-06,4.867405e-06
81.13497683767741,331.875,6.7259284e-06,5.3516096e-06
81.13497683767741,333.75,7.4391787e-06,5.861831e-06
81.13497683767741,335.625,8.183598e-06,6.408413e-06
81.13497683767741,337.5,9.05027e-06,6.947371e-06
81.13497683767741,339.375,9.972819e-06,7.401462e-06
81.13497683767741,341.25,1.0661219e-05,7.772936e-06
81.13497683767741,343.125,1.12739435e-05,7.990128e-06
81.13497683767741,345.0,1.2015979e-05,8.123218e-06
81.13497683767741,346.875,1.3053444e-05,8.322353e-06
81.13497683767741,348.75,1.3218007e-05,8.299895e-06
81.13497683767741,350.625,1.32073565e-05,8.181206e-06
81.13497683767741,352.5,1.2880276e-05,7.76339e-06
81.13497683767741,354.375,1.26050545e-05,7.2830476e-06
81.13497683767741,356.25,1.2329937e-05,6.7105607e-06
81.13497683767741,358.125,1.21709645e-05,6.168195e-06
82.99894164283755,0.0,1.237368e-05,5.6605395e-06
82.99894164283755,1.875,1.2121969e-05,5.3524927e-06
82.99894164283755,3.75,1.1806405e-05,5.1290535e-06
82.99894164283755,5.625,1.15496805e-05,4.8835336e-06
82.99894164283755,7.5,1.1330386e-05,4.8702755e-06
82.99894164283755,9.375,1.1083551e-05,4.6071773e-06
82.99894164283755,11.25,1.0927316e-05,4.7607473e-06
82.99894164283755,13.125,1.0800052e-05,4.974197e-06
82.99894164283755,15.0,1.0495652e-05,4.5556494e-06
82.99894164283755,16.875,1.0331426e-05,4.6224804e-06
82.99894164283755,18.75,9.98163e-06,4.600388e-06
82.99894164283755,20.625,9.657524e-06,4.3381315e-06
82.99894164283755,22.5,9.497363e-06,4.257268e-06
82.99894164283755,24.375,9.319437e-06,4.14224e-06
82.99894164283755,26.25,9.318191e-06,4.222351e-06
82.99894164283755,28.125,9.446471e-06,4.275487e-06
82.99894164283755,30.0,9.475429e-06,4.2937877e-06
82.99894164283755,31.875,9.710727e-06,4.4041008e-06
82.99894164283755,33.75,9.935857e-06,4.4935405e-06
82.99894164283755,35.625,1.021359e-05,4.577767e-06
82.99894164283755,37.5,1.0408333e-05,4.723438e-06
82.99894164283755,39.375,1.0709716e-05,4.780393e-06
82.99894164283755,41.25,1.0919979e-05,4.8215816e-06
82.99894164283755,43.125,1.12748085e-05,4.8703546e-06
82.99894164283755,45.0,1.1498653e-05,4.813014e-06
82.99894164283755,46.875,1.1615362e-05,4.806729e-06
82.99894164283755,48.75,1.1807228e-05,4.9916425e-06
82.99894164283755,50.625,1.1820129e-05,5.0665144e-06
82.99894164283755,52.5,1.1721209e-05,4.9746627e-06
82.99894164283755,54.375,1.16315905e-05,4.9567843e-06
82.99894164283755,56.25,1.1652932e-05,4.9741957e-06
82.99894164283755,58.125,1.156515e-05,4.936957e-06
82.99894164283755,60.0,1.1400822e-05,4.935193e-06
82.99894164283755,61.875,1.1180335e-05,4.8435613e-06
82.99894164283755,63.75,1.0993886e-05,4.7367325e-06
82.99894164283755,65.625,1.088937e-05,4.6876144e-06
82.99894164283755,67.5,1.0710471e-05,4.497464e-06
82.99894164283755,69.375,1.0542045e-05,4.237459e-06
82.99894164283755,71.25,1.0282555e-05,4.147676e-06
82.99894164283755,73.125,1.0098936e-05,4.020875e-06
82.99894164283755,75.0,1.0134744e-05,3.9391452e-06
82.99894164283755,76.875,9.880604e-06,3.9615425e-06
82.99894164283755,78.75,9.829529e-06,3.9862566e-06
82.99894164283755,80.625,9.782529e-06,4.042366e-06
82.99894164283755,82.5,9.756792e-06,4.09496e-06
82.99894164283755,84.375,9.8076325e-06,4.07603e-06
82.99894164283755,86.25,9.767413e-06,3.9721267e-06
82.99894164283755,88.125,9.736713e-06,3.9978045e-06
82.99894164283755,90.0,9.657174e-06,3.953177e-06
82.99894164283755,91.875,9.672109e-06,3.8032854e-06
82.99894164283755,93.75,9.684467e-06,3.7200623e-06
82.99894164283755,95.625,9.501078e-06,3.6348044e-06
82.99894164283755,97.5,9.3902045e-06,3.6165557e-06
82.99894164283755,99.375,9.265122e-06,3.4768625e-06
82.99894164283755,101.25,9.239653e-06,3.2518715e-06
82.99894164283755,103.125,9.206499e-06,3.2373798e-06
82.99894164283755,105.0,9.2026075e-06,3.291024e-06
82.99894164283755,106.875,9.047063e-06,3.1264465e-06
82.99894164283755,108.75,8.79767e-06,3.1235522e-06
82.99894164283755,110.625,8.68578e-06,3.1880081e-06
82.99894164283755,112.5,8.632287e-06,3.2578212e-06
82.99894164283755,114.375,8.468958e-06,3.2575401e-06
82.99894164283755,116.25,8.261122e-06,3.1240013e-06
82.99894164283755,118.125,8.198653e-06,3.2130572e-06
82.99894164283755,120.0,8.042476e-06,3.1373827e-06
82.99894164283755,121.875,7.863075e-06,3.095226e-06
82.99894164283755,123.75,7.773841e-06,2.9850366e-06
82.99894164283755,125.625,7.751626e-06,3.0072777e-06
82.99894164283755,127.5,7.602162e-06,2.9354458e-06
82.99894164283755,129.375,7.3929527e-06,2.7849464e-06
82.99894164283755,131.25,7.4023073e-06,2.7115445e-06
82.99894164283755,133.125,7.3189467e-06,2.573343e-06
82.99894164283755,135.0,7.1970794e-06,2.4799972e-06
82.99894164283755,136.875,7.0922415e-06,2.5302215e-06
82.99894164283755,138.75,7.142377e-06,2.560004e-06
82.99894164283755,140.625,6.9870857e-06,2.419231e-06
82.99894164283755,142.5,6.921914e-06,2.476275e-06
82.99894164283755,144.375,7.0036713e-06,2.4664512e-06
82.99894164283755,146.25,6.9585262e-06,2.5015727e-06
82.99894164283755,148.125,6.8966074e-06,2.5344352e-06
82.99894164283755,150.0,6.9196167e-06,2.5493218e-06
82.99894164283755,151.875,6.9552852e-06,2.4748329e-06
82.99894164283755,153.75,6.994922e-06,2.4346193e-06
82.99894164283755,155.625,6.877938e-06,2.4910855e-06
82.99894164283755,157.5,6.8437193e-06,2.4144342e-06
82.99894164283755,159.375,6.836926e-06,2.3603454e-06
82.99894164283755,161.25,6.860769e-06,2.3737289e-06
82.99894164283755,163.125,6.79e-06,2.3699702e-06
82.99894164283755,165.0,6.7498804e-06,2.537922e-06
82.99894164283755,166.875,6.6837224e-06,2.4888377e-06
82.99894164283755,168.75,6.5758595e-06,2.5848367e-06
82.99894164283755,170.625,6.4072756e-06,2.5966124e-06
82.99894164283755,172.5,6.3498383e-06,2.5430893e-06
82.99894164283755,174.375,6.4210144e-06,2.4870549e-06
82.99894164283755,176.25,6.2595504e-06,2.412302e-06
82.99894164283755,178.125,6.05436e-06,2.3911534e-06
82.99894164283755,180.0,6.0805723e-06,2.4445371e-06
82.99894164283755,181.875,6.1969604e-06,2.4771455e-06
82.99894164283755,183.75,6.1680726e-06,2.4944313e-06
82.99894164283755,185.625,6.0813677e-06,2.4292708e-06
82.99894164283755,187.5,6.060781e-06,2.3630005e-06
82.99894164283755,189.375,6.0773664e-06,2.3668822e-06
82.99894164283755,191.25,6.1569526e-06,2.3588611e-06
82.99894164283755,193.125,6.184015e-06,2.3792657e-06
82.99894164283755,195.0,6.267916e-06,2.3399355e-06
82.99894164283755,196.875,6.3566013e-06,2.2781712e-06
82.99894164283755,198.75,6.2972913e-06,2.1533658e-06
82.99894164283755,200.625,6.231686e-06,2.1988662e-06
82.99894164283755,202.5,6.392141e-06,2.2648182e-06
82.99894164283755,204.375,6.354113e-06,2.2397494e-06
82.99894164283755,206.25,6.338159e-06,2.1589422e-06
82.99894164283755,208.125,6.443343e-06,2.186127e-06
82.99894164283755,210.0,6.4902324e-06,2.177536e-06
82.99894164283755,211.875,6.4653623e-06,2.1397552e-06
82.99894164283755,213.75,6.546092e-06,2.1971846e-06
82.99894164283755,215.625,6.614298e-06,2.2195638e-06
82.99894164283755,217.5,6.722603e-06,2.3439738e-06
82.99894164283755,219.375,6.7589294e-06,2.547608e-06
82.99894164283755,221.25,6.611254e-06,2.4876404e-06
82.99894164283755,223.125,6.66424e-06,2.5870381e-06
82.99894164283755,225.0,6.648283e-06,2.655143e-06
82.99894164283755,226.875,6.6856505e-06,2.696479e-06
82.99894164283755,228.75,6.5579407e-06,2.7354195e-06
82.99894164283755,230.625,6.475721e-06,2.8073873e-06
82.99894164283755,232.5,6.4442297e-06,2.9548723e-06
82.99894164283755,234.375,6.3523107e-06,3.0296733e-06
82.99894164283755,236.25,6.1420355e-06,2.831473e-06
82.99894164283755,238.125,5.905804e-06,2.7794e-06
82.99894164283755,240.0,5.7760217e-06,2.6398523e-06
82.99894164283755,241.875,5.635123e-06,2.5421045e-06
82.99894164283755,243.75,5.4364077e-06,2.3707464e-06
82.99894164283755,245.625,5.392584e-06,2.3511666e-06
82.99894164283755,247.5,5.3508425e-06,2.4356423e-06
82.99894164283755,249.375,5.492986e-06,2.4321594e-06
82.99894164283755,251.25,5.7798748e-06,2.4775475e-06
82.99894164283755,253.125,6.055898e-06,2.545091e-06
82.99894164283755,255.0,6.239927e-06,2.627095e-06
82.99894164283755,256.875,6.593699e-06,2.7729166e-06
82.99894164283755,258.75,6.795094e-06,2.7525732e-06
82.99894164283755,260.625,7.045566e-06,2.7252888e-06
82.99894164283755,262.5,7.1221903e-06,2.6613461e-06
82.99894164283755,264.375,7.203218e-06,2.607199e-06
82.99894164283755,266.25,7.1906506e-06,2.6973719e-06
82.99894164283755,268.125,7.305037e-06,2.6357009e-06
82.99894164283755,270.0,7.282732e-06,2.6058208e-06
82.99894164283755,271.875,7.329327e-06,2.6531814e-06
82.99894164283755,273.75,7.266046e-06,2.6302348e-06
82.99894164283755,275.625,7.2055113e-06,2.7224864e-06
82.99894164283755,277.5,7.161554e-06,2.8472246e-06
82.99894164283755,279.375,7.0218275e-06,2.917517e-06
82.99894164283755,281.25,6.881432e-06,2.771241e-06
82.99894164283755,283.125,6.6709313e-06,2.8174397e-06
82.99894164283755,285.0,6.4641445e-06,2.7390781e-06
82.99894164283755,286.875,5.997988e-06,2.712351e-06
82.99894164283755,288.75,5.71226e-06,2.7772812e-06
82.99894164283755,290.625,5.7978764e-06,2.7660747e-06
82.99894164283755,292.5,6.214091e-06,2.72019e-06
82.99894164283755,294.375,6.25028e-06,2.5783706e-06
82.99894164283755,296.25,6.1139635e-06,2.5645036e-06
82.99894164283755,298.125,6.0278653e-06,2.4766e-06
82.99894164283755,300.0,5.939491e-06,2.5935867e-06
82.99894164283755,301.875,5.7675957e-06,2.5714246e-06
82.99894164283755,303.75,5.75811e-06,2.4771718e-06
82.99894164283755,305.625,5.7522407e-06,2.5136778e-06
82.99894164283755,307.5,5.8135383e-06,2.6352136e-06
82.99894164283755,309.375,5.7700363e-06,2.713815e-06
82.99894164283755,311.25,5.686105e-06,2.736853e-06
82.99894164283755,313.125,5.7048055e-06,2.8104246e-06
82.99894164283755,315.0,5.6573963e-06,2.8948452e-06
82.99894164283755,316.875,5.6318295e-06,3.1239142e-06
82.99894164283755,318.75,5.8027717e-06,3.2433466e-06
82.99894164283755,320.625,6.0918533e-06,3.3968029e-06
82.99894164283755,322.5,6.309553e-06,3.5514818e-06
82.99894164283755,324.375,6.5326412e-06,3.7241323e-06
82.99894164283755,326.25,6.782479e-06,3.956601e-06
82.99894164283755,328.125,7.1024024e-06,4.223187e-06
82.99894164283755,330.0,7.4526756e-06,4.5065412e-06
82.99894164283755,331.875,7.990683e-06,4.7890503e-06
82.99894164283755,333.75,8.561315e-06,5.1654165e-06
82.99894164283755,335.625,9.292571e-06,5.560837e-06
82.99894164283755,337.5,1.0256129e-05,5.9772456e-06
82.99894164283755,339.375,1.0992799e-05,6.1544106e-06
82.99894164283755,341.25,1.1596029e-05,6.323833e-06
82.99894164283755,343.125,1.2055002e-05,6.4933997e-06
82.99894164283755,345.0,1.251399e-05,6.6242374e-06
82.99894164283755,346.875,1.2837237e-05,6.6870443e-06
82.99894164283755,348.75,1.2934988e-05,6.746515e-06
82.99894164283755,350.625,1.291769e-05,6.60605e-06
82.99894164283755,352.5,1.2930315e-05,6.5503004e-06
82.99894164283755,354.375,1.2811348e-05,6.42559e-06
82.99894164283755,356.25,1.271242e-05,6.175854e-06
82.99894164283755,358.125,1.2588769e-05,5.9525973e-06
84.86197029204237,0.0,1.0401899e-05,4.936538e-06
84.86197029204237,1.875,1.0429716e-05,4.9381524e-06
84.86197029204237,3.75,1.0489618e-05,4.9592836e-06
84.86197029204237,5.625,1.0550342e-05,4.950296e-06
84.86197029204237,7.5,1.0462913e-05,4.8962343e-06
84.86197029204237,9.375,1.0374895e-05,4.8411425e-06
84.86197029204237,11.25,1.0256016e-05,4.790121e-06
84.86197029204237,13.125,1.0187095e-05,4.7385365e-06
84.86197029204237,15.0,1.0080868e-05,4.6905548e-06
84.86197029204237,16.875,1.0008625e-05,4.6692176e-06
84.86197029204237,18.75,9.868141e-06,4.631633e-06
84.86197029204237,20.625,9.75399e-06,4.5893476e-06
84.86197029204237,22.5,9.595042e-06,4.6558885e-06
84.86197029204237,24.375,9.511602e-06,4.637449e-06
84.86197029204237,26.25,9.442466e-06,4.5996103e-06
84.86197029204237,28.125,9.41418e-06,4.623698e-06
84.86197029204237,30.0,9.3906365e-06,4.545144e-06
84.86197029204237,31.875,9.414075e-06,4.537302e-06
84.86197029204237,33.75,9.3834415e-06,4.5042057e-06
84.86197029204237,35.625,9.356407e-06,4.4899584e-06
84.86197029204237,37.5,9.329757e-06,4.4469875e-06
84.86197029204237,39.375,9.284513e-06,4.3530617e-06
84.86197029204237,41.25,9.300914e-06,4.282977e-06
84.86197029204237,43.125,9.343402e-06,4.267753e-06
84.86197029204237,45.0,9.365738e-06,4.216329e-06
84.86197029204237,46.875,9.504007e-06,4.1094167e-06
84.86197029204237,48.75,9.5123505e-06,4.0592085e-06
84.86197029204237,50.625,9.418903e-06,3.9977913e-06
84.86197029204237,52.5,9.330971e-06,3.874665e-06
84.86197029204237,54.375,9.360905e-06,3.8277417e-06
84.86197029204237,56.25,9.243186e-06,3.6849833e-06
84.86197029204237,58.125,9.248403e-06,3.6060628e-06
84.86197029204237,60.0,9.138998e-06,3.5889145e-06
84.86197029204237,61.875,8.995665e-06,3.4648897e-06
84.86197029204237,63.75,8.927735e-06,3.303962e-06
84.86197029204237,65.625,8.761457e-06,3.2270004e-06
84.86197029204237,67.5,8.744413e-06,3.1829816e-06
84.86197029204237,69.375,8.660314e-06,3.0949027e-06
84.86197029204237,71.25,8.49229e-06,3.0216702e-06
84.86197029204237,73.125,8.403113e-06,2.9776581e-06
84.86197029204237,75.0,8.365092e-06,3.043625e-06
84.86197029204237,76.875,8.248842e-06,3.137762e-06
84.86197029204237,78.75,8.129099e-06,3.1992001e-06
84.86197029204237,80.625,8.0782365e-06,3.1861123e-06
84.86197029204237,82.5,8.020349e-06,3.10483e-06
84.86197029204237,84.375,8.072539e-06,3.1468503e-06
84.86197029204237,86.25,8.057904e-06,3.190922e-06
84.86197029204237,88.125,8.0721165e-06,3.3356228e-06
84.86197029204237,90.0,8.022606e-06,3.2469027e-06
84.86197029204237,91.875,8.074728e-06,3.2964297e-06
84.86197029204237,93.75,8.117991e-06,3.31938e-06
84.86197029204237,95.625,8.180496e-06,3.3128829e-06
84.86197029204237,97.5,8.1286125e-06,3.3830834e-06
84.86197029204237,99.375,7.999389e-06,3.3911203e-06
84.86197029204237,101.25,8.047869e-06,3.4225686e-06
84.86197029204237,103.125,8.015928e-06,3.4323175e-06
84.86197029204237,105.0,8.146454e-06,3.5001524e-06
84.86197029204237,106.875,8.130952e-06,3.48514e-06
84.86197029204237,108.75,8.189948e-06,3.5351484e-06
84.86197029204237,110.625,8.244351e-06,3.5519631e-06
84.86197029204237,112.5,8.375699e-06,3.5259968e-06
84.86197029204237,114.375,8.34848e-06,3.4848326e-06
84.86197029204237,116.25,8.352802e-06,3.4458005e-06
84.86197029204237,118.125,8.367721e-06,3.4102686e-06
84.86197029204237,120.0,8.387284e-06,3.2492655e-06
84.86197029204237,121.875,8.23414e-06,3.2610271e-06
84.86197029204237,123.75,8.144693e-06,3.2398566e-06
84.86197029204237,125.625,8.1976295e-06,3.1681436e-06
84.86197029204237,127.5,8.170186e-06,3.1473526e-06
84.86197029204237,129.375,8.181643e-06,3.1452053e-06
84.86197029204237,131.25,8.065452e-06,3.0202261e-06
84.86197029204237,133.125,8.112766e-06,2.949051e-06
84.86197029204237,135.0,8.026636e-06,2.9518376e-06
84.86197029204237,136.875,8.011088e-06,3.0260076e-06
84.86197029204237,138.75,8.029247e-06,2.8236475e-06
84.86197029204237,140.625,7.826851e-06,2.7440365e-06
84.86197029204237,142.5,7.8188195e-06,2.8078257e-06
84.86197029204237,144.375,7.703083e-06,2.7282606e-06
84.86197029204237,146.25,7.727374e-06,2.6743014e-06
84.86197029204237,148.125,7.694524e-06,2.799767e-06
84.86197029204237,150.0,7.66076e-06,2.7410808e-06
84.86197029204237,151.875,7.690487e-06,2.7901508e-06
84.86197029204237,153.75,7.6483575e-06,2.8155034e-06
84.86197029204237,155.625,7.530509e-06,2.7930275e-06
84.86197029204237,157.5,7.3669003e-06,2.7747878e-06
84.86197029204237,159.375,7.3054853e-06,2.8179722e-06
84.86197029204237,161.25,7.3272345e-06,2.875445e-06
84.86197029204237,163.125,7.2256476e-06,2.937999e-06
84.86197029204237,165.0,7.092699e-06,2.8423483e-06
84.86197029204237,166.875,7.047126e-06,2.7661513e-06
84.86197029204237,168.75,7.054278e-06,2.8114866e-06
84.86197029204237,170.625,7.1042555e-06,2.9101368e-06
84.86197029204237,172.5,7.1269124e-06,3.0227532e-06
84.86197029204237,174.375,7.0388387e-06,2.9919179e-06
84.86197029204237,176.25,6.889058e-06,2.9222383e-06
84.86197029204237,178.125,6.9294965e-06,2.8845598e-06
84.86197029204237,180.0,6.8464083e-06,2.8380516e-06
84.86197029204237,181.875,6.826089e-06,2.818737e-06
84.86197029204237,183.75,6.941831e-06,2.7203023e-06
84.86197029204237,185.625,6.927616e-06,2.6017344e-06
84.86197029204237,187.5,6.9325038e-06,2.5665195e-06
84.86197029204237,189.375,7.133347e-06,2.6098185e-06
84.86197029204237,191.25,7.1171416e-06,2.5220074e-06
84.86197029204237,193.125,7.1253085e-06,2.4669478e-06
84.86197029204237,195.0,7.175966e-06,2.6378427e-06
84.86197029204237,196.875,7.1815425e-06,2.6608393e-06
84.86197029204237,198.75,7.260563e-06,2.5242248e-06
84.86197029204237,200.625,7.1533645e-06,2.5614368e-06
84.86197029204237,202.5,7.106032e-06,2.498111e-06
84.86197029204237,204.375,7.125e-06,2.495695e-06
84.86197029204237,206.25,7.243815e-06,2.4193832e-06
84.86197029204237,208.125,7.2321977e-06,2.3920747e-06
84.86197029204237,210.0,7.179551e-06,2.385511e-06
84.86197029204237,211.875,7.0748665e-06,2.3390937e-06
84.86197029204237,213.75,7.0009146e-06,2.3652865e-06
84.86197029204237,215.625,7.0057326e-06,2.4366966e-06
84.86197029204237,217.5,7.0077435e-06,2.506233e-06
84.86197029204237,219.375,6.9580788e-06,2.568035e-06
84.86197029204237,221.25,6.89573e-06,2.7680542e-06
84.86197029204237,223.125,6.771969e-06,2.9646185e-06
84.86197029204237,225.0,6.6769267e-06,2.7817357e-06
84.86197029204237,226.875,6.696534e-06,2.8360296e-06
84.86197029204237,228.75,6.511023e-06,2.8130692e-06
84.86197029204237,230.625,6.36589e-06,2.8476277e-06
84.86197029204237,232.5,6.1584974e-06,2.8475554e-06
84.86197029204237,234.375,6.077474e-06,2.8448012e-06
84.86197029204237,236.25,6.0135058e-06,2.8417978e-06
84.86197029204237,238.125,5.967917e-06,2.8935306e-06
84.86197029204237,240.0,5.690501e-06,2.8478519e-06
84.86197029204237,241.875,5.7166903e-06,2.7739525e-06
84.86197029204237,243.75,5.6436998e-06,2.6727669e-06
84.86197029204237,245.625,5.5436058e-06,2.6150772e-06
84.86197029204237,247.5,5.5365485e-06,2.5796273e-06
84.86197029204237,249.375,5.590896e-06,2.4946387e-06
84.86197029204237,251.25,5.6116755e-06,2.448677e-06
84.86197029204237,253.125,5.7085144e-06,2.4046983e-06
84.86197029204237,255.0,5.9182994e-06,2.355178e-06
84.86197029204237,256.875,6.1184282e-06,2.3954474e-06
84.86197029204237,258.75,6.2115723e-06,2.3959587e-06
84.86197029204237,260.625,6.3721427e-06,2.4279946e-06
84.86197029204237,262.5,6.607169e-06,2.5909249e-06
84.86197029204237,264.375,6.7217775e-06,2.6433624e-06
84.86197029204237,266.25,6.879582e-06,2.6112791e-06
84.86197029204237,268.125,7.1006507e-06,2.7206108e-06
84.86197029204237,270.0,7.1888567e-06,2.8167128e-06
84.86197029204237,271.875,7.149325e-06,2.7388348e-06
84.86197029204237,273.75,7.274706e-06,2.7993167e-06
84.86197029204237,275.625,7.3554284e-06,2.8685076e-06
84.86197029204237,277.5,7.3825463e-06,2.8368004e-06
84.86197029204237,279.375,7.389943e-06,2.8237205e-06
84.86197029204237,281.25,7.479015e-06,2.8753007e-06
84.86197029204237,283.125,7.50129e-06,2.8825025e-06
84.86197029204237,285.0,7.5535186e-06,2.8953452e-06
84.86197029204237,286.875,7.51591e-06,2.9689202e-06
84.86197029204237,288.75,7.554841e-06,2.996205e-06
84.86197029204237,290.625,7.445111e-06,3.0646427e-06
84.86197029204237,292.5,7.3914316e-06,3.1484772e-06
84.86197029204237,294.375,7.2290236e-06,2.9778453e-06
84.86197029204237,296.25,7.1775994e-06,2.9902167e-06
84.86197029204237,298.125,7.131281e-06,2.945593e-06
84.86197029204237,300.0,7.1267623e-06,2.8250165e-06
84.86197029204237,301.875,7.07768e-06,2.8825177e-06
84.86197029204237,303.75,7.062072e-06,2.9219884e-06
84.86197029204237,305.625,6.879975e-06,2.938162e-06
84.86197029204237,307.5,6.8678123e-06,3.0566491e-06
84.86197029204237,309.375,6.803455e-06,3.0700244e-06
84.86197029204237,311.25,6.811209e-06,3.0804906e-06
84.86197029204237,313.125,6.790165e-06,3.1258048e-06
84.86197029204237,315.0,6.8508884e-06,3.2161151e-06
84.86197029204237,316.875,6.8136023e-06,3.2538017e-06
84.86197029204237,318.75,6.824884e-06,3.3292072e-06
84.86197029204237,320.625,6.928427e-06,3.4499394e-06
84.86197029204237,322.5,7.126082e-06,3.5715427e-06
84.86197029204237,324.375,7.383659e-06,3.7642803e-06
84.86197029204237,326.25,7.636974e-06,3.9426154e-06
84.86197029204237,328.125,7.881008e-06,4.178432e-06
84.86197029204237,330.0,8.1158905e-06,4.322698e-06
84.86197029204237,331.875,8.322823e-06,4.4439275e-06
84.86197029204237,333.75,8.608122e-06,4.5843417e-06
84.86197029204237,335.625,8.835396e-06,4.5991924e-06
84.86197029204237,337.5,9.14543e-06,4.682217e-06
84.86197029204237,339.375,9.366971e-06,4.6759687e-06
84.86197029204237,341.25,9.59466e-06,4.7838585e-06
84.86197029204237,343.125,9.747546e-06,4.922205e-06
84.86197029204237,345.0,9.933465e-06,4.9286764e-06
84.86197029204237,346.875,1.0036526e-05,4.9296495e-06
84.86197029204237,348.75,1.0099556e-05,4.948373e-06
84.86197029204237,350.625,1.0211783e-05,4.997173e-06
84.86197029204237,352.5,1.032112e-05,5.0147873e-06
84.86197029204237,354.375,1.0369136e-05,4.956196e-06
84.86197029204237,356.25,1.0404564e-05,4.9354526e-06
84.86197029204237,358.125,1.0367829e-05,4.951881e-06
86.72253095466814,0.0,9.882064e-06,4.83139e-06
86.72253095466814,1.875,1.0163666e-05,4.9031946e-06
86.72253095466814,3.75,1.0317105e-05,5.022799e-06
86.72253095466814,5.625,1.032782e-05,5.0296953e-06
86.72253095466814,7.5,1.0443539e-05,5.0896206e-06
86.72253095466814,9.375,1.0678998e-05,5.1468155e-06
86.72253095466814,11.25,1.0756322e-05,5.1454044e-06
86.72253095466814,13.125,1.0915241e-05,5.1786783e-06
86.72253095466814,15.0,1.0973448e-05,5.128397e-06
86.72253095466814,16.875,1.0960819e-05,5.2729515e-06
86.72253095466814,18.75,1.0979383e-05,5.41494e-06
86.72253095466814,20.625,1.0957205e-05,5.3659683e-06
86.72253095466814,22.5,1.0992973e-05,5.4477246e-06
86.72253095466814,24.375,1.1011501e-05,5.4158695e-06
86.72253095466814,26.25,1.1017896e-05,5.4401203e-06
86.72253095466814,28.125,1.0994616e-05,5.3987687e-06
86.72253095466814,30.0,1.1054824e-05,5.5649616e-06
86.72253095466814,31.875,1.10747515e-05,5.640908e-06
86.72253095466814,33.75,1.1108077e-05,5.601054e-06
86.72253095466814,35.625,1.1134344e-05,5.5363516e-06
86.72253095466814,37.5,1.1079971e-05,5.5567584e-06
86.72253095466814,39.375,1.1028714e-05,5.448757e-06
86.72253095466814,41.25,1.0886653e-05,5.4402317e-06
86.72253095466814,43.125,1.079861e-05,5.5023775e-06
86.72253095466814,45.0,1.0672509e-05,5.5132027e-06
86.72253095466814,46.875,1.0563247e-05,5.331998e-06
86.72253095466814,48.75,1.0463679e-05,5.278366e-06
86.72253095466814,50.625,1.047606e-05,5.264984e-06
86.72253095466814,52.5,1.0415138e-05,5.2265e-06
86.72253095466814,54.375,1.024172e-05,5.198064e-06
86.72253095466814,56.25,1.0148444e-05,5.06474e-06
86.72253095466814,58.125,9.978701e-06,4.9204073e-06
86.72253095466814,60.0,9.843593e-06,4.7479443e-06
86.72253095466814,61.875,9.589773e-06,4.529622e-06
86.72253095466814,63.75,9.345215e-06,4.446001e-06
86.72253095466814,65.625,9.046456e-06,4.297994e-06
86.72253095466814,67.5,8.827288e-06,4.263226e-06
86.72253095466814,69.375,8.788212e-06,4.1104618e-06
86.72253095466814,71.25,8.7423805e-06,4.053955e-06
86.72253095466814,73.125,8.524405e-06,4.0007753e-06
86.72253095466814,75.0,8.482018e-06,3.9473903e-06
86.72253095466814,76.875,8.325482e-06,3.8056628e-06
86.72253095466814,78.75,8.367192e-06,3.8119642e-06
86.72253095466814,80.625,8.252249e-06,3.635519e-06
86.72253095466814,82.5,8.206283e-06,3.5926369e-06
86.72253095466814,84.375,8.131279e-06,3.6160218e-06
86.72253095466814,86.25,7.993385e-06,3.6475992e-06
86.72253095466814,88.125,7.969831e-06,3.6911506e-06
86.72253095466814,90.0,7.918087e-06,3.677716e-06
86.72253095466814,91.875,7.866876e-06,3.8086287e-06
86.72253095466814,93.75,7.787947e-06,3.7506175e-06
86.72253095466814,95.625,7.8317335e-06,3.6594315e-06
86.72253095466814,97.5,7.833202e-06,3.7223936e-06
86.72253095466814,99.375,7.806212e-06,3.680522e-06
86.72253095466814,101.25,7.794591e-06,3.6589724e-06
86.72253095466814,103.125,7.804017e-06,3.5855196e-06
86.72253095466814,105.0,7.718615e-06,3.5599176e-06
86.72253095466814,106.875,7.868763e-06,3.6693173e-06
86.72253095466814,108.75,7.854319e-06,3.5935761e-06
86.72253095466814,110.625,7.809238e-06,3.5735238e-06
86.72253095466814,112.5,7.853759e-06,3.6447368e-06
86.72253095466814,114.375,7.893189e-06,3.5597748e-06
86.72253095466814,116.25,7.849487e-06,3.4979366e-06
86.72253095466814,118.125,7.8751345e-06,3.4147488e-06
86.72253095466814,120.0,7.864711e-06,3.5240746e-06
86.72253095466814,121.875,7.8194835e-06,3.5486742e-06
86.72253095466814,123.75,7.870137e-06,3.5608293e-06
86.72253095466814,125.625,7.944475e-06,3.63067e-06
86.72253095466814,127.5,7.85482e-06,3.5302821e-06
86.72253095466814,129.375,7.815156e-06,3.3974447e-06
86.72253095466814,131.25,7.770896e-06,3.294414e-06
86.72253095466814,133.125,7.692101e-06,3.2009186e-06
86.72253095466814,135.0,7.715712e-06,3.2471198e-06
86.72253095466814,136.875,7.682377e-06,3.265743e-06
86.72253095466814,138.75,7.708815e-06,3.337276e-06
86.72253095466814,140.625,7.757232e-06,3.298716e-06
86.72253095466814,142.5,7.763136e-06,3.0451276e-06
86.72253095466814,144.375,7.704664e-06,3.0879196e-06
86.72253095466814,146.25,7.691075e-06,3.1477443e-06
86.72253095466814,148.125,7.719519e-06,3.16519e-06
86.72253095466814,150.0,7.527862e-06,3.0694823e-06
86.72253095466814,151.875,7.5495736e-06,3.1794693e-06
86.72253095466814,153.75,7.557196e-06,3.1699633e-06
86.72253095466814,155.625,7.638537e-06,3.1952195e-06
86.72253095466814,157.5,7.6098263e-06,3.194172e-06
86.72253095466814,159.375,7.6077863e-06,3.1083168e-06
86.72253095466814,161.25,7.6013152e-06,3.060283e-06
86.72253095466814,163.125,7.558135e-06,3.0534036e-06
86.72253095466814,165.0,7.611817e-06,3.0704518e-06
86.72253095466814,166.875,7.5915477e-06,3.054945e-06
86.72253095466814,168.75,7.5012435e-06,3.0598544e-06
86.72253095466814,170.625,7.451607e-06,3.1104748e-06
86.72253095466814,172.5,7.435297e-06,3.1323846e-06
86.72253095466814,174.375,7.3982055e-06,3.2068417e-06
86.72253095466814,176.25,7.4326795e-06,3.2140854e-06
86.72253095466814,178.125,7.462761e-06,3.2927533e-06
86.72253095466814,180.0,7.578485e-06,3.4308678e-06
86.72253095466814,181.875,7.5042653e-06,3.3015017e-06
86.72253095466814,183.75,7.480743e-06,3.318766e-06
86.72253095466814,185.625,7.5095577e-06,3.3211597e-06
86.72253095466814,187.5,7.454584e-06,3.2678486e-06
86.72253095466814,189.375,7.441783e-06,3.1310021e-06
86.72253095466814,191.25,7.3578162e-06,3.1576353e-06
86.72253095466814,193.125,7.2700077e-06,3.2093092e-06
86.72253095466814,195.0,7.304716e-06,3.1242641e-06
86.72253095466814,196.875,7.3813717e-06,3.1741147e-06
86.72253095466814,198.75,7.3677757e-06,3.1390064e-06
86.72253095466814,200.625,7.2929647e-06,3.085641e-06
86.72253095466814,202.5,7.2843127e-06,3.0382716e-06
86.72253095466814,204.375,7.288506e-06,2.9799521e-06
86.72253095466814,206.25,7.17282e-06,2.959967e-06
86.72253095466814,208.125,7.077452e-06,2.93412e-06
86.72253095466814,210.0,7.111997e-06,2.800796e-06
86.72253095466814,211.875,7.055127e-06,2.8455822e-06
86.72253095466814,213.75,7.0630645e-06,2.8828567e-06
86.72253095466814,215.625,6.9288712e-06,2.8280856e-06
86.72253095466814,217.5,6.7845713e-06,2.8367633e-06
86.72253095466814,219.375,6.881546e-06,2.916534e-06
86.72253095466814,221.25,6.739872e-06,2.776677e-06
86.72253095466814,223.125,6.576665e-06,2.7533779e-06
86.72253095466814,225.0,6.486245e-06,2.6927696e-06
86.72253095466814,226.875,6.407531e-06,2.680038e-06
86.72253095466814,228.75,6.254001e-06,2.6974053e-06
86.72253095466814,230.625,6.1448686e-06,2.583618e-06
86.72253095466814,232.5,6.0775424e-06,2.5995848e-06
86.72253095466814,234.375,6.045094e-06,2.6000382e-06
86.72253095466814,236.25,6.0617854e-06,2.600842e-06
86.72253095466814,238.125,6.091793e-06,2.5775632e-06
86.72253095466814,240.0,6.0080547e-06,2.5969616e-06
86.72253095466814,241.875,6.060407e-06,2.5628071e-06
86.72253095466814,243.75,6.0594048e-06,2.5031406e-06
86.72253095466814,245.625,6.0526963e-06,2.5072238e-06
86.72253095466814,247.5,6.1601645e-06,2.502333e-06
86.72253095466814,249.375,6.1400387e-06,2.5015213e-06
86.72253095466814,251.25,5.9883646e-06,2.396716e-06
86.72253095466814,253.125,6.0229872e-06,2.373744e-06
86.72253095466814,255.0,6.089016e-06,2.3347127e-06
86.72253095466814,256.875,6.0666353e-06,2.2526915e-06
86.72253095466814,258.75,6.1153223e-06,2.2533022e-06
86.72253095466814,260.625,6.11901e-06,2.2009203e-06
86.72253095466814,262.5,6.242299e-06,2.2552044e-06
86.72253095466814,264.375,6.3103744e-06,2.3566683e-06
86.72253095466814,266.25,6.2800045e-06,2.3407345e-06
86.72253095466814,268.125,6.2872014e-06,2.316448e-06
86.72253095466814,270.0,6.309578e-06,2.3453856e-06
86.72253095466814,271.875,6.3717284e-06,2.4094056e-06
86.72253095466814,273.75,6.4677756e-06,2.4689477e-06
86.72253095466814,275.625,6.5796403e-06,2.5498296e-06
86.72253095466814,277.5,6.62803e-06,2.5053537e-06
86.72253095466814,279.375,6.602564e-06,2.4882736e-06
86.72253095466814,281.25,6.6503335e-06,2.5643606e-06
86.72253095466814,283.125,6.812094e-06,2.5706906e-06
86.72253095466814,285.0,6.8457284e-06,2.5779536e-06
86.72253095466814,286.875,6.8665317e-06,2.5528886e-06
86.72253095466814,288.75,6.8561176e-06,2.5799695e-06
86.72253095466814,290.625,6.904774e-06,2.629593e-06
86.72253095466814,292.5,6.965289e-06,2.6430077e-06
86.72253095466814,294.375,7.029616e-06,2.7148096e-06
86.72253095466814,296.25,7.0631727e-06,2.7484587e-06
86.72253095466814,298.125,7.080386e-06,2.7726117e-06
86.72253095466814,300.0,7.1277564e-06,2.9001858e-06
86.72253095466814,301.875,7.1604895e-06,2.9467308e-06
86.72253095466814,303.75,7.272897e-06,3.0020296e-06
86.72253095466814,305.625,7.383974e-06,3.0966353e-06
86.72253095466814,307.5,7.4052987e-06,3.1705097e-06
86.72253095466814,309.375,7.409154e-06,3.2034998e-06
86.72253095466814,311.25,7.4142677e-06,3.246149e-06
86.72253095466814,313.125,7.421649e-06,3.3208385e-06
86.72253095466814,315.0,7.5397e-06,3.4164948e-06
86.72253095466814,316.875,7.581016e-06,3.5068285e-06
86.72253095466814,318.75,7.576868e-06,3.5759101e-06
86.72253095466814,320.625,7.566882e-06,3.6580102e-06
86.72253095466814,322.5,7.611917e-06,3.7188963e-06
86.72253095466814,324.375,7.621674e-06,3.8144112e-06
86.72253095466814,326.25,7.6945735e-06,3.9720317e-06
86.72253095466814,328.125,7.868151e-06,4.1067633e-06
86.72253095466814,330.0,7.972467e-06,4.2192314e-06
86.72253095466814,331.875,8.034024e-06,4.3181026e-06
86.72253095466814,333.75,8.075177e-06,4.348889e-06
86.72253095466814,335.625,8.168556e-06,4.3972605e-06
86.72253095466814,337.5,8.173038e-06,4.45257e-06
86.72253095466814,339.375,8.316841e-06,4.5733777e-06
86.72253095466814,341.25,8.436316e-06,4.602089e-06
86.72253095466814,343.125,8.581925e-06,4.7157164e-06
86.72253095466814,345.0,8.774465e-06,4.7076437e-06
86.72253095466814,346.875,8.835211e-06,4.6083246e-06
86.72253095466814,348.75,8.982855e-06,4.664486e-06
86.72253095466814,350.625,9.143501e-06,4.723935e-06
86.72253095466814,352.5,9.384181e-06,4.811325e-06
86.72253095466814,354.375,9.574262e-06,4.8913694e-06
86.72253095466814,356.25,9.71149e-06,4.8551124e-06
86.72253095466814,358.125,9.796843e-06,4.8991706e-06
88.57216851400727,0.0,4.4123576e-06,1.9243462e-06
88.57216851400727,1.875,4.376334e-06,1.9157821e-06
88.57216851400727,3.75,4.3536184e-06,1.915793e-06
88.57216851400727,5.625,4.3268597e-06,1.9388121e-06
88.57216851400727,7.5,4.3267146e-06,1.9533618e-06
88.57216851400727,9.375,4.3192354e-06,1.9485128e-06
88.57216851400727,11.25,4.313814e-06,1.9555048e-06
88.57216851400727,13.125,4.3303344e-06,1.966825e-06
88.57216851400727,15.0,4.361827e-06,1.9760985e-06
88.57216851400727,16.875,4.3730147e-06,1.9828547e-06
88.57216851400727,18.75,4.3781606e-06,2.0010243e-06
88.57216851400727,20.625,4.3710984e-06,2.004671e-06
88.57216851400727,22.5,4.3791415e-06,2.010481e-06
88.57216851400727,24.375,4.3811133e-06,2.0167379e-06
88.57216851400727,26.25,4.3678433e-06,2.0435943e-06
88.57216851400727,28.125,4.3862387e-06,2.0735465e-06
88.57216851400727,30.0,4.382277e-06,2.0649672e-06
88.57216851400727,31.875,4.4080207e-06,2.083599e-06
88.57216851400727,33.75,4.4020962e-06,2.0866223e-06
88.57216851400727,35.625,4.41657e-06,2.09044e-06
88.57216851400727,37.5,4.4337103e-06,2.1006827e-06
88.57216851400727,39.375,4.450158e-06,2.11501e-06
88.57216851400727,41.25,4.46589e-06,2.1421558e-06
88.57216851400727,43.125,4.4657672e-06,2.1661804e-06
88.57216851400727,45.0,4.4757467e-06,2.171318e-06
88.57216851400727,46.875,4.472003e-06,2.1645646e-06
88.57216851400727,48.75,4.4729068e-06,2.1726655e-06
88.57216851400727,50.625,4.4814506e-06,2.1596873e-06
88.57216851400727,52.5,4.509333e-06,2.1463286e-06
88.57216851400727,54.375,4.529571e-06,2.126139e-06
88.57216851400727,56.25,4.5535057e-06,2.1106262e-06
88.57216851400727,58.125,4.572282e-06,2.1073988e-06
88.57216851400727,60.0,4.5854777e-06,2.110003e-06
88.57216851400727,61.875,4.615143e-06,2.0996988e-06
88.57216851400727,63.75,4.6247233e-06,2.0896741e-06
88.57216851400727,65.625,4.6571135e-06,2.0800223e-06
88.57216851400727,67.5,4.6860823e-06,2.064503e-06
88.57216851400727,69.375,4.701609e-06,2.094279e-06
88.57216851400727,71.25,4.732207e-06,2.0825814e-06
88.57216851400727,73.125,4.7718177e-06,2.0921038e-06
88.57216851400727,75.0,4.80422e-06,2.1037176e-06
88.57216851400727,76.875,4.832697e-06,2.1172468e-06
88.57216851400727,78.75,4.8679503e-06,2.12422e-06
88.57216851400727,80.625,4.9179885e-06,2.1418632e-06
88.57216851400727,82.5,4.9517407e-06,2.1665642e-06
88.57216851400727,84.375,4.9941527e-06,2.1836543e-06
88.57216851400727,86.25,5.0288327e-06,2.1998508e-06
88.57216851400727,88.125,5.0576973e-06,2.2158504e-06
88.57216851400727,90.0,5.0983867e-06,2.2296406e-06
88.57216851400727,91.875,5.146043e-06,2.2578458e-06
88.57216851400727,93.75,5.2106484e-06,2.3064447e-06
88.57216851400727,95.625,5.2657388e-06,2.345357e-06
88.57216851400727,97.5,5.3319172e-06,2.3960554e-06
88.57216851400727,99.375,5.3907856e-06,2.4399856e-06
88.57216851400727,101.25,5.462572e-06,2.5070567e-06
88.57216851400727,103.125,5.534341e-06,2.5611068e-06
88.57216851400727,105.0,5.6136064e-06,2.6222267e-06
88.57216851400727,106.875,5.687024e-06,2.6783969e-06
88.57216851400727,108.75,5.7820203e-06,2.7247725e-06
88.57216851400727,110.625,5.8582286e-06,2.7676e-06
88.57216851400727,112.5,5.9401254e-06,2.82504e-06
88.57216851400727,114.375,6.0281577e-06,2.8781328e-06
88.57216851400727,116.25,6.127984e-06,2.9680068e-06
88.57216851400727,118.125,6.211846e-06,3.049185e-06
88.57216851400727,120.0,6.2951085e-06,3.1074485e-06
88.57216851400727,121.875,6.3728007e-06,3.1691243e-06
88.57216851400727,123.75,6.4867654e-06,3.239298e-06
88.57216851400727,125.625,6.5755016e-06,3.3355261e-06
88.57216851400727,127.5,6.669041e-06,3.4531715e-06
88.57216851400727,129.375,6.771181e-06,3.5402877e-06
88.57216851400727,131.25,6.855697e-06,3.6509566e-06
88.57216851400727,133.125,6.9667362e-06,3.7606087e-06
88.57216851400727,135.0,7.0476403e-06,3.8643047e-06
88.57216851400727,136.875,7.149167e-06,3.9815627e-06
88.57216851400727,138.75,7.2303797e-06,4.087876e-06
88.57216851400727,140.625,7.3086435e-06,4.2060537e-06
88.57216851400727,142.5,7.395573e-06,4.3155105e-06
88.57216851400727,144.375,7.497248e-06,4.418249e-06
88.57216851400727,146.25,7.5498033e-06,4.5084385e-06
88.57216851400727,148.125,7.625977e-06,4.605296e-06
88.57216851400727,150.0,7.682335e-06,4.6826267e-06
88.57216851400727,151.875,7.741008e-06,4.7574126e-06
88.57216851400727,153.75,7.809158e-06,4.833679e-06
88.57216851400727,155.625,7.863767e-06,4.9307973e-06
88.57216851400727,157.5,7.915869e-06,5.009907e-06
88.57216851400727,159.375,7.95756e-06,5.0898348e-06
88.57216851400727,161.25,8.003232e-06,5.149755e-06
88.57216851400727,163.125,8.040624e-06,5.2238206e-06
88.57216851400727,165.0,8.064129e-06,5.2804367e-06
88.57216851400727,166.875,8.084809e-06,5.334986e-06
88.57216851400727,168.75,8.1188155e-06,5.392321e-06
88.57216851400727,170.625,8.155169e-06,5.4515262e-06
88.57216851400727,172.5,8.170802e-06,5.4837496e-06
88.57216851400727,174.375,8.189725e-06,5.50575e-06
88.57216851400727,176.25,8.193814e-06,5.517399e-06
88.57216851400727,178.125,8.21495e-06,5.5362043e-06
88.57216851400727,180.0,8.2073375e-06,5.55684e-06
88.57216851400727,181.875,8.191024e-06,5.5593937e-06
88.57216851400727,183.75,8.186348e-06,5.5694745e-06
88.57216851400727,185.625,8.1613e-06,5.5981295e-06
88.57216851400727,187.5,8.129636e-06,5.5788705e-06
88.57216851400727,189.375,8.111654e-06,5.5541486e-06
88.57216851400727,191.25,8.1029075e-06,5.536329e-06
88.57216851400727,193.125,8.07502e-06,5.520991e-06
88.57216851400727,195.0,8.072857e-06,5.504975e-06
88.57216851400727,196.875,8.05025e-06,5.4816483e-06
88.57216851400727,198.75,8.031884e-06,5.4698226e-06
88.57216851400727,200.625,8.00037e-06,5.4397915e-06
88.57216851400727,202.5,7.960537e-06,5.446644e-06
88.57216851400727,204.375,7.948525e-06,5.430507e-06
88.57216851400727,206.25,7.920007e-06,5.4305974e-06
88.57216851400727,208.125,7.893537e-06,5.4260886e-06
88.57216851400727,210.0,7.852397e-06,5.3964873e-06
88.57216851400727,211.875,7.848508e-06,5.379262e-06
88.57216851400727,213.75,7.83031e-06,5.3681056e-06
88.57216851400727,215.625,7.804748e-06,5.385638e-06
88.57216851400727,217.5,7.791675e-06,5.369888e-06
88.57216851400727,219.375,7.781473e-06,5.3732115e-06
88.57216851400727,221.25,7.7583445e-06,5.356955e-06
88.57216851400727,223.125,7.728783e-06,5.3501685e-06
88.57216851400727,225.0,7.707406e-06,5.328838e-06
88.57216851400727,226.875,7.684793e-06,5.304716e-06
88.57216851400727,228.75,7.677949e-06,5.320263e-06
88.57216851400727,230.625,7.671949e-06,5.3210715e-06
88.57216851400727,232.5,7.651841e-06,5.320691e-06
88.57216851400727,234.375,7.6216566e-06,5.333022e-06
88.57216851400727,236.25,7.612392e-06,5.3722943e-06
88.57216851400727,238.125,7.6028355e-06,5.356362e-06
88.57216851400727,240.0,7.6003817e-06,5.3746553e-06
88.57216851400727,241.875,7.5801668e-06,5.3855047e-06
88.57216851400727,243.75,7.557766e-06,5.400007e-06
88.57216851400727,245.625,7.534446e-06,5.4213965e-06
88.57216851400727,247.5,7.494929e-06,5.421857e-06
88.57216851400727,249.375,7.4744503e-06,5.4306784e-06
88.57216851400727,251.25,7.439367e-06,5.4364905e-06
88.57216851400727,253.125,7.412235e-06,5.4477673e-06
88.57216851400727,255.0,7.380033e-06,5.434642e-06
88.57216851400727,256.875,7.361187e-06,5.4329603e-06
88.57216851400727,258.75,7.32534e-06,5.431855e-06
88.57216851400727,260.625,7.2906114e-06,5.4206635e-06
88.57216851400727,262.5,7.2686234e-06,5.390972e-06
88.57216851400727,264.375,7.244985e-06,5.3732106e-06
88.57216851400727,266.25,7.226525e-06,5.346842e-06
88.57216851400727,268.125,7.195149e-06,5.317097e-06
88.57216851400727,270.0,7.1539753e-06,5.2600185e-06
88.57216851400727,271.875,7.1385434e-06,5.2606456e-06
88.57216851400727,273.75,7.093791e-06,5.218217e-06
88.57216851400727,275.625,7.0706615e-06,5.155361e-06
88.57216851400727,277.5,7.020491e-06,5.1052634e-06
88.57216851400727,279.375,6.977889e-06,5.0216604e-06
88.57216851400727,281.25,6.9467687e-06,4.9711675e-06
88.57216851400727,283.125,6.872029e-06,4.8953775e-06
88.57216851400727,285.0,6.829116e-06,4.8421034e-06
88.57216851400727,286.875,6.7674623e-06,4.769605e-06
88.57216851400727,288.75,6.717385e-06,4.685841e-06
88.57216851400727,290.625,6.6586417e-06,4.6016953e-06
88.57216851400727,292.5,6.6005477e-06,4.544639e-06
88.57216851400727,294.375,6.528541e-06,4.47887e-06
88.57216851400727,296.25,6.4427645e-06,4.374857e-06
88.57216851400727,298.125,6.358867e-06,4.3070922e-06
88.57216851400727,300.0,6.2716413e-06,4.214966e-06
88.57216851400727,301.875,6.180849e-06,4.1401854e-06
88.57216851400727,303.75,6.0992384e-06,4.0687682e-06
88.57216851400727,305.625,6.0210064e-06,4.0042646e-06
88.57216851400727,307.5,5.946096e-06,3.9454753e-06
88.57216851400727,309.375,5.873371e-06,3.868594e-06
88.57216851400727,311.25,5.797028e-06,3.7646266e-06
88.57216851400727,313.125,5.729648e-06,3.7004695e-06
88.57216851400727,315.0,5.6501776e-06,3.60085e-06
88.57216851400727,316.875,5.583608e-06,3.5398025e-06
88.57216851400727,318.75,5.5115047e-06,3.4546958e-06
88.57216851400727,320.625,5.438095e-06,3.3562967e-06
88.57216851400727,322.5,5.3598487e-06,3.256529e-06
88.57216851400727,324.375,5.263825e-06,3.1123134e-06
88.57216851400727,326.25,5.191527e-06,2.9872494e-06
88.57216851400727,328.125,5.131332e-06,2.886058e-06
88.57216851400727,330.0,5.066577e-06,2.7884357e-06
88.57216851400727,331.875,5.0020735e-06,2.7022425e-06
88.57216851400727,333.75,4.9622827e-06,2.6284142e-06
88.57216851400727,335.625,4.920543e-06,2.5137554e-06
88.57216851400727,337.5,4.857112e-06,2.4193084e-06
88.57216851400727,339.375,4.7916346e-06,2.3256382e-06
88.57216851400727,341.25,4.754818e-06,2.2606787e-06
88.57216851400727,343.125,4.691532e-06,2.2108943e-06
88.57216851400727,345.0,4.658127e-06,2.1497951e-06
88.57216851400727,346.875,4.6182413e-06,2.1121443e-06
88.57216851400727,348.75,4.5853467e-06,2.0571829e-06
88.57216851400727,350.625,4.5643988e-06,2.024916e-06
88.57216851400727,352.5,4.5231045e-06,1.9993356e-06
88.57216851400727,354.375,4.500574e-06,1.9644556e-06
88.57216851400727,356.25,4.469316e-06,1.9190575e-06
88.57216851400727,358.125,4.4326525e-06,1.9106803e-06
