latitude,longitude,mean_temperature,uncertainty_std
-88.57216851400727,0.0,-37.883686,1.202153
-88.57216851400727,1.875,-37.874332,1.2213849
-88.57216851400727,3.75,-37.864155,1.2287208
-88.57216851400727,5.625,-37.814743,1.2578564
-88.57216851400727,7.5,-37.77326,1.278599
-88.57216851400727,9.375,-37.72726,1.2857547
-88.57216851400727,11.25,-37.701363,1.3006063
-88.57216851400727,13.125,-37.65343,1.3238056
-88.57216851400727,15.0,-37.596363,1.326164
-88.57216851400727,16.875,-37.530914,1.3443114
-88.57216851400727,18.75,-37.462337,1.3513998
-88.57216851400727,20.625,-37.375248,1.3997674
-88.57216851400727,22.5,-37.299076,1.4175254
-88.57216851400727,24.375,-37.251637,1.4187684
-88.57216851400727,26.25,-37.15318,1.458396
-88.57216851400727,28.125,-37.081264,1.4867872
-88.57216851400727,30.0,-37.006325,1.5141159
-88.57216851400727,31.875,-36.915913,1.5427831
-88.57216851400727,33.75,-36.844604,1.5573584
-88.57216851400727,35.625,-36.767906,1.5473485
-88.57216851400727,37.5,-36.709118,1.5834209
-88.57216851400727,39.375,-36.59888,1.6110942
-88.57216851400727,41.25,-36.53345,1.6165923
-88.57216851400727,43.125,-36.46056,1.6238272
-88.57216851400727,45.0,-36.372593,1.6105543
-88.57216851400727,46.875,-36.30648,1.6591202
-88.57216851400727,48.75,-36.24099,1.6335328
-88.57216851400727,50.625,-36.140778,1.6724846
-88.57216851400727,52.5,-36.08187,1.6603129
-88.57216851400727,54.375,-36.022377,1.6480784
-88.57216851400727,56.25,-35.972515,1.6803102
-88.57216851400727,58.125,-35.8766,1.6756493
-88.57216851400727,60.0,-35.820503,1.7311896
-88.57216851400727,61.875,-35.77992,1.7450254
-88.57216851400727,63.75,-35.711185,1.7632589
-88.57216851400727,65.625,-35.6981,1.7833798
-88.57216851400727,67.5,-35.621128,1.7568702
-88.57216851400727,69.375,-35.56798,1.758624
-88.57216851400727,71.25,-35.502495,1.7581906
-88.57216851400727,73.125,-35.47552,1.7822471
-88.57216851400727,75.0,-35.44185,1.772758
-88.57216851400727,76.875,-35.422085,1.7781597
-88.57216851400727,78.75,-35.394154,1.7784997
-88.57216851400727,80.625,-35.359997,1.7776197
-88.57216851400727,82.5,-35.365288,1.7741174
-88.57216851400727,84.375,-35.32144,1.8010727
-88.57216851400727,86.25,-35.337536,1.8006923
-88.57216851400727,88.125,-35.313843,1.817578
-88.57216851400727,90.0,-35.310463,1.8104845
-88.57216851400727,91.875,-35.291187,1.8240037
-88.57216851400727,93.75,-35.29656,1.8579082
-88.57216851400727,95.625,-35.26683,1.8707489
-88.57216851400727,97.5,-35.255993,1.872437
-88.57216851400727,99.375,-35.24681,1.893398
-88.57216851400727,101.25,-35.244625,1.8830119
-88.57216851400727,103.125,-35.235794,1.9018086
-88.57216851400727,105.0,-35.23394,1.9245267
-88.57216851400727,106.875,-35.230247,1.9301735
-88.57216851400727,108.75,-35.205463,1.9463596
-88.57216851400727,110.625,-35.21652,1.9458529
-88.57216851400727,112.5,-35.21861,1.9745493
-88.57216851400727,114.375,-35.219215,1.9739355
-88.57216851400727,116.25,-35.240425,1.9757831
-88.57216851400727,118.125,-35.264294,2.0146952
-88.57216851400727,120.0,-35.260696,2.009341
-88.57216851400727,121.875,-35.266735,2.0159616
-88.57216851400727,123.75,-35.280228,2.016684
-88.57216851400727,125.625,-35.28718,2.0208588
-88.57216851400727,127.5,-35.298607,2.0333548
-88.57216851400727,129.375,-35.3064,2.035584
-88.57216851400727,131.25,-35.328354,2.0353813
-88.57216851400727,133.125,-35.34685,2.040685
-88.57216851400727,135.0,-35.37191,2.0506487
-88.57216851400727,136.875,-35.386852,2.0725136
-88.57216851400727,138.75,-35.408726,2.0675702
-88.57216851400727,140.625,-35.41607,2.0682948
-88.57216851400727,142.5,-35.459213,2.0815167
-88.57216851400727,144.375,-35.49306,2.0919816
-88.57216851400727,146.25,-35.52558,2.10195
-88.57216851400727,148.125,-35.55355,2.1066034
-88.57216851400727,150.0,-35.596127,2.0883398
-88.57216851400727,151.875,-35.64896,2.0996363
-88.57216851400727,153.75,-35.69898,2.100499
-88.57216851400727,155.625,-35.763294,2.0789707
-88.57216851400727,157.5,-35.833588,2.08842
-88.57216851400727,159.375,-35.89568,2.0999813
-88.57216851400727,161.25,-35.959896,2.095681
-88.57216851400727,163.125,-36.03937,2.095964
-88.57216851400727,165.0,-36.09806,2.0936697
-88.57216851400727,166.875,-36.16357,2.0830889
-88.57216851400727,168.75,-36.254505,2.0822382
-88.57216851400727,170.625,-36.347397,2.0690427
-88.57216851400727,172.5,-36.430912,2.058358
-88.57216851400727,174.375,-36.50855,2.0401933
-88.57216851400727,176.25,-36.592632,2.0276725
-88.57216851400727,178.125,-36.669937,2.0384014
-88.57216851400727,180.0,-36.77324,2.0145216
-88.57216851400727,181.875,-36.855736,1.9731529
-88.57216851400727,183.75,-36.957924,1.9707074
-88.57216851400727,185.625,-37.033745,1.9466963
-88.57216851400727,187.5,-37.12976,1.9020494
-88.57216851400727,189.375,-37.202553,1.8767366
-88.57216851400727,191.25,-37.27347,1.8632692
-88.57216851400727,193.125,-37.350033,1.8089474
-88.57216851400727,195.0,-37.41943,1.7675012
-88.57216851400727,196.875,-37.48398,1.745498
-88.57216851400727,198.75,-37.55263,1.7350249
-88.57216851400727,200.625,-37.59187,1.7027967
-88.57216851400727,202.5,-37.649662,1.6746459
-88.57216851400727,204.375,-37.684643,1.6402935
-88.57216851400727,206.25,-37.726967,1.635094
-88.57216851400727,208.125,-37.76849,1.5888507
-88.57216851400727,210.0,-37.811127,1.587378
-88.57216851400727,211.875,-37.85814,1.5576938
-88.57216851400727,213.75,-37.872925,1.5342602
-88.57216851400727,215.625,-37.90609,1.5074061
-88.57216851400727,217.5,-37.93408,1.4995838
-88.57216851400727,219.375,-37.964252,1.4798133
-88.57216851400727,221.25,-37.97634,1.4566214
-88.57216851400727,223.125,-37.988277,1.4719936
-88.57216851400727,225.0,-38.01494,1.4534489
-88.57216851400727,226.875,-38.024193,1.4217496
-88.57216851400727,228.75,-38.051693,1.4066406
-88.57216851400727,230.625,-38.047867,1.40148
-88.57216851400727,232.5,-38.056087,1.3762515
-88.57216851400727,234.375,-38.059837,1.3479462
-88.57216851400727,236.25,-38.06691,1.324964
-88.57216851400727,238.125,-38.06232,1.3109332
-88.57216851400727,240.0,-38.062534,1.3029408
-88.57216851400727,241.875,-38.06146,1.2695607
-88.57216851400727,243.75,-38.04945,1.2670668
-88.57216851400727,245.625,-38.04728,1.2521145
-88.57216851400727,247.5,-38.0381,1.2386119
-88.57216851400727,249.375,-38.021595,1.2214621
-88.57216851400727,251.25,-38.01062,1.1996776
-88.57216851400727,253.125,-37.987747,1.185346
-88.57216851400727,255.0,-37.959175,1.1743195
-88.57216851400727,256.875,-37.9247,1.1799524
-88.57216851400727,258.75,-37.90601,1.1585304
-88.57216851400727,260.625,-37.871304,1.154981
-88.57216851400727,262.5,-37.8539,1.141389
-88.57216851400727,264.375,-37.807865,1.1400373
-88.57216851400727,266.25,-37.771168,1.1344348
-88.57216851400727,268.125,-37.755367,1.1218284
-88.57216851400727,270.0,-37.72199,1.116329
-88.57216851400727,271.875,-37.683746,1.1189842
-88.57216851400727,273.75,-37.64187,1.1189146
-88.57216851400727,275.625,-37.61689,1.1157653
-88.57216851400727,277.5,-37.582886,1.1077039
-88.57216851400727,279.375,-37.550014,1.105243
-88.57216851400727,281.25,-37.510307,1.1102843
-88.57216851400727,283.125,-37.47771,1.1053166
-88.57216851400727,285.0,-37.44519,1.1050572
-88.57216851400727,286.875,-37.431324,1.1017419
-88.57216851400727,288.75,-37.399292,1.1050642
-88.57216851400727,290.625,-37.381638,1.1028688
-88.57216851400727,292.5,-37.371635,1.1043587
-88.57216851400727,294.375,-37.349857,1.1019588
-88.57216851400727,296.25,-37.33695,1.0978228
-88.57216851400727,298.125,-37.32322,1.0984622
-88.57216851400727,300.0,-37.317047,1.0988084
-88.57216851400727,301.875,-37.310326,1.1073828
-88.57216851400727,303.75,-37.31269,1.1056324
-88.57216851400727,305.625,-37.31259,1.1065606
-88.57216851400727,307.5,-37.31396,1.1095583
-88.57216851400727,309.375,-37.33425,1.107227
-88.57216851400727,311.25,-37.34511,1.1135578
-88.57216851400727,313.125,-37.36396,1.117949
-88.57216851400727,315.0,-37.37556,1.114576
-88.57216851400727,316.875,-37.39478,1.119589
-88.57216851400727,318.75,-37.43103,1.1212174
-88.57216851400727,320.625,-37.452885,1.1295233
-88.57216851400727,322.5,-37.48695,1.131201
-88.57216851400727,324.375,-37.50685,1.1348011
-88.57216851400727,326.25,-37.537262,1.1365641
-88.57216851400727,328.125,-37.584057,1.1441381
-88.57216851400727,330.0,-37.60556,1.1459181
-88.57216851400727,331.875,-37.6424,1.150753
-88.57216851400727,333.75,-37.679684,1.1537368
-88.57216851400727,335.625,-37.712807,1.1603521
-88.57216851400727,337.5,-37.749878,1.1591123
-88.57216851400727,339.375,-37.7757,1.1746267
-88.57216851400727,341.25,-37.811634,1.1816645
-88.57216851400727,343.125,-37.833473,1.1572212
-88.57216851400727,345.0,-37.848278,1.1595231
-88.57216851400727,346.875,-37.8773,1.167188
-88.57216851400727,348.75,-37.890446,1.1660726
-88.57216851400727,350.625,-37.904762,1.169467
-88.57216851400727,352.5,-37.92074,1.1816485
-88.57216851400727,354.375,-37.914448,1.172592
-88.57216851400727,356.25,-37.90777,1.1895947
-88.57216851400727,358.125,-37.90226,1.1973306
-86.72253095466814,0.0,-34.80439,2.3138673
-86.72253095466814,1.875,-34.83732,2.355064
-86.72253095466814,3.75,-34.92152,2.3440318
-86.72253095466814,5.625,-35.0332,2.3336844
-86.72253095466814,7.5,-35.106617,2.3287756
-86.72253095466814,9.375,-35.20525,2.3372946
-86.72253095466814,11.25,-35.23806,2.364964
-86.72253095466814,13.125,-35.3339,2.356077
-86.72253095466814,15.0,-35.35605,2.3838525
-86.72253095466814,16.875,-35.452866,2.367449
-86.72253095466814,18.75,-35.56144,2.3746483
-86.72253095466814,20.625,-35.669292,2.4059277
-86.72253095466814,22.5,-35.830326,2.3452816
-86.72253095466814,24.375,-35.938686,2.3304849
-86.72253095466814,26.25,-36.02568,2.3019218
-86.72253095466814,28.125,-36.167572,2.3000834
-86.72253095466814,30.0,-36.34152,2.2497175
-86.72253095466814,31.875,-36.517555,2.2234333
-86.72253095466814,33.75,-36.656498,2.2302318
-86.72253095466814,35.625,-36.816986,2.2034688
-86.72253095466814,37.5,-36.943626,2.1914515
-86.72253095466814,39.375,-37.134605,2.2005837
-86.72253095466814,41.25,-37.27939,2.1637404
-86.72253095466814,43.125,-37.43734,2.160116
-86.72253095466814,45.0,-37.617535,2.1046298
-86.72253095466814,46.875,-37.788746,2.0950456
-86.72253095466814,48.75,-37.949974,2.0804417
-86.72253095466814,50.625,-38.081852,2.0561075
-86.72253095466814,52.5,-38.199234,2.0390584
-86.72253095466814,54.375,-38.263004,2.0077055
-86.72253095466814,56.25,-38.43984,1.9544872
-86.72253095466814,58.125,-38.543102,1.9409689
-86.72253095466814,60.0,-38.636364,1.9674208
-86.72253095466814,61.875,-38.66466,1.9948648
-86.72253095466814,63.75,-38.764526,1.9108258
-86.72253095466814,65.625,-38.857513,1.857481
-86.72253095466814,67.5,-38.900875,1.8536043
-86.72253095466814,69.375,-38.97439,1.834636
-86.72253095466814,71.25,-38.98945,1.86871
-86.72253095466814,73.125,-38.97398,1.8626549
-86.72253095466814,75.0,-38.98814,1.869221
-86.72253095466814,76.875,-38.996872,1.866008
-86.72253095466814,78.75,-38.98064,1.8640027
-86.72253095466814,80.625,-38.94822,1.9048748
-86.72253095466814,82.5,-38.95947,1.9124241
-86.72253095466814,84.375,-38.933784,1.9124489
-86.72253095466814,86.25,-38.94904,1.9000835
-86.72253095466814,88.125,-38.987064,1.9439182
-86.72253095466814,90.0,-38.96314,1.9455923
-86.72253095466814,91.875,-39.004818,1.9503633
-86.72253095466814,93.75,-39.0489,1.9119453
-86.72253095466814,95.625,-39.072945,1.9020382
-86.72253095466814,97.5,-39.084545,1.9251751
-86.72253095466814,99.375,-39.170895,1.9194068
-86.72253095466814,101.25,-39.192142,1.8909091
-86.72253095466814,103.125,-39.272945,1.9117123
-86.72253095466814,105.0,-39.331303,1.8841159
-86.72253095466814,106.875,-39.427807,1.8502989
-86.72253095466814,108.75,-39.478355,1.829115
-86.72253095466814,110.625,-39.532436,1.8100882
-86.72253095466814,112.5,-39.541615,1.7902381
-86.72253095466814,114.375,-39.59982,1.7523265
-86.72253095466814,116.25,-39.6073,1.7111787
-86.72253095466814,118.125,-39.58437,1.7137508
-86.72253095466814,120.0,-39.62074,1.6950793
-86.72253095466814,121.875,-39.531616,1.6586745
-86.72253095466814,123.75,-39.39484,1.6549999
-86.72253095466814,125.625,-39.277454,1.6833804
-86.72253095466814,127.5,-39.15767,1.645574
-86.72253095466814,129.375,-38.968647,1.6057019
-86.72253095466814,131.25,-38.73744,1.5925062
-86.72253095466814,133.125,-38.525738,1.5642841
-86.72253095466814,135.0,-38.261715,1.5458211
-86.72253095466814,136.875,-38.025425,1.5924056
-86.72253095466814,138.75,-37.65685,1.6940107
-86.72253095466814,140.625,-37.3099,1.6758407
-86.72253095466814,142.5,-36.909916,1.70383
-86.72253095466814,144.375,-36.57935,1.6515021
-86.72253095466814,146.25,-36.16675,1.6520821
-86.72253095466814,148.125,-35.79525,1.6216615
-86.72253095466814,150.0,-35.31812,1.7374887
-86.72253095466814,151.875,-34.826927,1.7501721
-86.72253095466814,153.75,-34.43525,1.7152551
-86.72253095466814,155.625,-33.941772,1.7495996
-86.72253095466814,157.5,-33.451733,1.7450407
-86.72253095466814,159.375,-32.95562,1.7478712
-86.72253095466814,161.25,-32.48054,1.798164
-86.72253095466814,163.125,-31.976694,1.7711434
-86.72253095466814,165.0,-31.479939,1.8154385
-86.72253095466814,166.875,-30.982655,1.8536316
-86.72253095466814,168.75,-30.480896,1.8191047
-86.72253095466814,170.625,-30.045818,1.8413064
-86.72253095466814,172.5,-29.620115,1.8079735
-86.72253095466814,174.375,-29.150467,1.821656
-86.72253095466814,176.25,-28.722908,1.8290658
-86.72253095466814,178.125,-28.262127,1.8525114
-86.72253095466814,180.0,-27.880056,1.8248057
-86.72253095466814,181.875,-27.508572,1.8186436
-86.72253095466814,183.75,-27.13617,1.807095
-86.72253095466814,185.625,-26.807947,1.8047615
-86.72253095466814,187.5,-26.498436,1.8215638
-86.72253095466814,189.375,-26.201502,1.8158607
-86.72253095466814,191.25,-25.960798,1.809785
-86.72253095466814,193.125,-25.751541,1.8189087
-86.72253095466814,195.0,-25.51656,1.8072578
-86.72253095466814,196.875,-25.349276,1.795281
-86.72253095466814,198.75,-25.220427,1.8180274
-86.72253095466814,200.625,-25.112225,1.819521
-86.72253095466814,202.5,-25.03529,1.8190341
-86.72253095466814,204.375,-25.001501,1.8223195
-86.72253095466814,206.25,-25.005564,1.8143971
-86.72253095466814,208.125,-25.01033,1.8169113
-86.72253095466814,210.0,-25.064568,1.8206927
-86.72253095466814,211.875,-25.140701,1.8285784
-86.72253095466814,213.75,-25.27527,1.8155922
-86.72253095466814,215.625,-25.399647,1.8118466
-86.72253095466814,217.5,-25.566912,1.8080027
-86.72253095466814,219.375,-25.750856,1.8170651
-86.72253095466814,221.25,-25.94533,1.8144
-86.72253095466814,223.125,-26.194548,1.8081483
-86.72253095466814,225.0,-26.449236,1.8054514
-86.72253095466814,226.875,-26.71242,1.8112557
-86.72253095466814,228.75,-26.9949,1.8292226
-86.72253095466814,230.625,-27.283455,1.8398788
-86.72253095466814,232.5,-27.575485,1.8435476
-86.72253095466814,234.375,-27.891912,1.8443285
-86.72253095466814,236.25,-28.203102,1.8624364
-86.72253095466814,238.125,-28.491034,1.8626643
-86.72253095466814,240.0,-28.799139,1.877436
-86.72253095466814,241.875,-29.105427,1.8566293
-86.72253095466814,243.75,-29.388182,1.8700027
-86.72253095466814,245.625,-29.66443,1.8565631
-86.72253095466814,247.5,-29.914118,1.8752768
-86.72253095466814,249.375,-30.126892,1.8596654
-86.72253095466814,251.25,-30.338161,1.8707966
-86.72253095466814,253.125,-30.495955,1.8729632
-86.72253095466814,255.0,-30.625233,1.856691
-86.72253095466814,256.875,-30.739666,1.840105
-86.72253095466814,258.75,-30.816383,1.8120666
-86.72253095466814,260.625,-30.86322,1.8073764
-86.72253095466814,262.5,-30.85492,1.7868465
-86.72253095466814,264.375,-30.815231,1.7838796
-86.72253095466814,266.25,-30.78318,1.7722812
-86.72253095466814,268.125,-30.716501,1.7733489
-86.72253095466814,270.0,-30.612438,1.7752821
-86.72253095466814,271.875,-30.500544,1.7713048
-86.72253095466814,273.75,-30.380291,1.7487576
-86.72253095466814,275.625,-30.266033,1.732076
-86.72253095466814,277.5,-30.135077,1.7293292
-86.72253095466814,279.375,-30.007986,1.7294215
-86.72253095466814,281.25,-29.874958,1.7308146
-86.72253095466814,283.125,-29.738747,1.721177
-86.72253095466814,285.0,-29.61031,1.7288156
-86.72253095466814,286.875,-29.488728,1.7348799
-86.72253095466814,288.75,-29.37662,1.7372161
-86.72253095466814,290.625,-29.269608,1.7624979
-86.72253095466814,292.5,-29.18613,1.77956
-86.72253095466814,294.375,-29.14779,1.7880279
-86.72253095466814,296.25,-29.11242,1.7873964
-86.72253095466814,298.125,-29.09486,1.8178035
-86.72253095466814,300.0,-29.07746,1.8430848
-86.72253095466814,301.875,-29.115076,1.8584231
-86.72253095466814,303.75,-29.158064,1.8764837
-86.72253095466814,305.625,-29.228708,1.8953804
-86.72253095466814,307.5,-29.326815,1.915993
-86.72253095466814,309.375,-29.441383,1.9249437
-86.72253095466814,311.25,-29.57367,1.9396386
-86.72253095466814,313.125,-29.741344,1.9455179
-86.72253095466814,315.0,-29.922596,1.9719592
-86.72253095466814,316.875,-30.105564,1.9900142
-86.72253095466814,318.75,-30.295935,2.0131526
-86.72253095466814,320.625,-30.533747,2.0178921
-86.72253095466814,322.5,-30.745428,2.023493
-86.72253095466814,324.375,-31.001698,2.046214
-86.72253095466814,326.25,-31.262518,2.0571537
-86.72253095466814,328.125,-31.499489,2.087488
-86.72253095466814,330.0,-31.746267,2.0945108
-86.72253095466814,331.875,-32.01097,2.0921435
-86.72253095466814,333.75,-32.289135,2.0959032
-86.72253095466814,335.625,-32.51894,2.1463628
-86.72253095466814,337.5,-32.778122,2.1409476
-86.72253095466814,339.375,-33.02275,2.1677167
-86.72253095466814,341.25,-33.24193,2.1915154
-86.72253095466814,343.125,-33.425602,2.210914
-86.72253095466814,345.0,-33.644722,2.2102253
-86.72253095466814,346.875,-33.826107,2.2411582
-86.72253095466814,348.75,-34.01474,2.2368166
-86.72253095466814,350.625,-34.17949,2.2594166
-86.72253095466814,352.5,-34.340775,2.261038
-86.72253095466814,354.375,-34.463844,2.2662148
-86.72253095466814,356.25,-34.586773,2.2941675
-86.72253095466814,358.125,-34.711517,2.2925832
-84.86197029204237,0.0,-32.706753,2.5452461
-84.86197029204237,1.875,-32.836517,2.5646095
-84.86197029204237,3.75,-32.967884,2.5152974
-84.86197029204237,5.625,-32.993687,2.58854
-84.86197029204237,7.5,-33.182808,2.5681524
-84.86197029204237,9.375,-33.290443,2.5695555
-84.86197029204237,11.25,-33.37396,2.5704792
-84.86197029204237,13.125,-33.47505,2.5180314
-84.86197029204237,15.0,-33.614994,2.5444705
-84.86197029204237,16.875,-33.74785,2.531187
-84.86197029204237,18.75,-33.939487,2.547203
-84.86197029204237,20.625,-34.093002,2.5262785
-84.86197029204237,22.5,-34.24472,2.476483
-84.86197029204237,24.375,-34.39847,2.4687219
-84.86197029204237,26.25,-34.63478,2.4287498
-84.86197029204237,28.125,-34.866146,2.4649208
-84.86197029204237,30.0,-35.131596,2.441721
-84.86197029204237,31.875,-35.39312,2.405861
-84.86197029204237,33.75,-35.73191,2.364849
-84.86197029204237,35.625,-36.02902,2.3472323
-84.86197029204237,37.5,-36.35146,2.3513272
-84.86197029204237,39.375,-36.70177,2.3156881
-84.86197029204237,41.25,-36.992416,2.3104074
-84.86197029204237,43.125,-37.387104,2.277224
-84.86197029204237,45.0,-37.743587,2.2799058
-84.86197029204237,46.875,-38.076733,2.2878966
-84.86197029204237,48.75,-38.482357,2.2667563
-84.86197029204237,50.625,-38.81437,2.230864
-84.86197029204237,52.5,-39.1515,2.2380714
-84.86197029204237,54.375,-39.524487,2.205603
-84.86197029204237,56.25,-39.8114,2.1504033
-84.86197029204237,58.125,-40.097984,2.1335857
-84.86197029204237,60.0,-40.376793,2.105246
-84.86197029204237,61.875,-40.53517,2.103682
-84.86197029204237,63.75,-40.694584,2.084277
-84.86197029204237,65.625,-40.83156,2.0452256
-84.86197029204237,67.5,-40.9198,2.0431395
-84.86197029204237,69.375,-40.945423,2.02096
-84.86197029204237,71.25,-40.919487,2.01357
-84.86197029204237,73.125,-40.862026,2.0167139
-84.86197029204237,75.0,-40.817337,1.9892585
-84.86197029204237,76.875,-40.69486,2.008537
-84.86197029204237,78.75,-40.578705,2.0036163
-84.86197029204237,80.625,-40.456383,2.013696
-84.86197029204237,82.5,-40.340286,2.0419207
-84.86197029204237,84.375,-40.18572,2.0485845
-84.86197029204237,86.25,-40.062553,2.048781
-84.86197029204237,88.125,-39.985405,2.0649114
-84.86197029204237,90.0,-39.87189,2.094244
-84.86197029204237,91.875,-39.79431,2.0797646
-84.86197029204237,93.75,-39.711967,2.1098151
-84.86197029204237,95.625,-39.66398,2.1139526
-84.86197029204237,97.5,-39.625385,2.1106572
-84.86197029204237,99.375,-39.61107,2.0975304
-84.86197029204237,101.25,-39.607887,2.130935
-84.86197029204237,103.125,-39.5965,2.0883048
-84.86197029204237,105.0,-39.661186,2.0817738
-84.86197029204237,106.875,-39.74978,1.991732
-84.86197029204237,108.75,-39.716324,1.9984484
-84.86197029204237,110.625,-39.80359,1.9389238
-84.86197029204237,112.5,-39.81314,1.866876
-84.86197029204237,114.375,-39.82605,1.8207178
-84.86197029204237,116.25,-39.806343,1.7975154
-84.86197029204237,118.125,-39.695934,1.7382084
-84.86197029204237,120.0,-39.56519,1.752883
-84.86197029204237,121.875,-39.41601,1.7126403
-84.86197029204237,123.75,-39.223648,1.6597273
-84.86197029204237,125.625,-38.923805,1.634343
-84.86197029204237,127.5,-38.645386,1.5685301
-84.86197029204237,129.375,-38.258198,1.5862565
-84.86197029204237,131.25,-37.82361,1.5717863
-84.86197029204237,133.125,-37.26855,1.6440643
-84.86197029204237,135.0,-36.733295,1.5724579
-84.86197029204237,136.875,-36.100464,1.5835981
-84.86197029204237,138.75,-35.42064,1.6116695
-84.86197029204237,140.625,-34.67681,1.6124139
-84.86197029204237,142.5,-33.91771,1.6337708
-84.86197029204237,144.375,-33.11632,1.6347502
-84.86197029204237,146.25,-32.25476,1.63181
-84.86197029204237,148.125,-31.348982,1.6269013
-84.86197029204237,150.0,-30.455524,1.5893965
-84.86197029204237,151.875,-29.5649,1.592087
-84.86197029204237,153.75,-28.649782,1.5346005
-84.86197029204237,155.625,-27.702848,1.5532665
-84.86197029204237,157.5,-26.753279,1.563166
-84.86197029204237,159.375,-25.838806,1.5560192
-84.86197029204237,161.25,-24.957537,1.5115187
-84.86197029204237,163.125,-24.090681,1.4824524
-84.86197029204237,165.0,-23.241344,1.5131621
-84.86197029204237,166.875,-22.438513,1.5077564
-84.86197029204237,168.75,-21.630817,1.5065628
-84.86197029204237,170.625,-20.89693,1.4903305
-84.86197029204237,172.5,-20.192028,1.5247477
-84.86197029204237,174.375,-19.509705,1.5266542
-84.86197029204237,176.25,-18.899334,1.5512023
-84.86197029204237,178.125,-18.34701,1.6084254
-84.86197029204237,180.0,-17.8449,1.6210762
-84.86197029204237,181.875,-17.393572,1.6634103
-84.86197029204237,183.75,-17.003141,1.7189435
-84.86197029204237,185.625,-16.66111,1.7495528
-84.86197029204237,187.5,-16.383493,1.7809078
-84.86197029204237,189.375,-16.139215,1.8031602
-84.86197029204237,191.25,-15.938005,1.8279071
-84.86197029204237,193.125,-15.777458,1.8551738
-84.86197029204237,195.0,-15.627517,1.8636562
-84.86197029204237,196.875,-15.540837,1.8986032
-84.86197029204237,198.75,-15.467263,1.9139355
-84.86197029204237,200.625,-15.439079,1.9298041
-84.86197029204237,202.5,-15.438572,1.9293534
-84.86197029204237,204.375,-15.467478,1.9188619
-84.86197029204237,206.25,-15.524822,1.9230603
-84.86197029204237,208.125,-15.620857,1.9155068
-84.86197029204237,210.0,-15.750759,1.9184617
-84.86197029204237,211.875,-15.902087,1.9062773
-84.86197029204237,213.75,-16.08781,1.8928955
-84.86197029204237,215.625,-16.317263,1.8795185
-84.86197029204237,217.5,-16.56986,1.8533025
-84.86197029204237,219.375,-16.8499,1.8539251
-84.86197029204237,221.25,-17.179138,1.826727
-84.86197029204237,223.125,-17.531208,1.7897106
-84.86197029204237,225.0,-17.918083,1.7798657
-84.86197029204237,226.875,-18.35867,1.7630626
-84.86197029204237,228.75,-18.832556,1.7481749
-84.86197029204237,230.625,-19.323942,1.743088
-84.86197029204237,232.5,-19.857752,1.7383777
-84.86197029204237,234.375,-20.432322,1.7294137
-84.86197029204237,236.25,-21.016502,1.729427
-84.86197029204237,238.125,-21.6182,1.7396816
-84.86197029204237,240.0,-22.225056,1.7724314
-84.86197029204237,241.875,-22.803844,1.816625
-84.86197029204237,243.75,-23.414236,1.8231206
-84.86197029204237,245.625,-23.991795,1.851262
-84.86197029204237,247.5,-24.57777,1.8880585
-84.86197029204237,249.375,-25.14236,1.9316071
-84.86197029204237,251.25,-25.709862,1.9662794
-84.86197029204237,253.125,-26.250174,1.9769298
-84.86197029204237,255.0,-26.73033,1.9599882
-84.86197029204237,256.875,-27.187733,1.9467882
-84.86197029204237,258.75,-27.555798,1.9367311
-84.86197029204237,260.625,-27.790173,1.8952148
-84.86197029204237,262.5,-27.890955,1.8517945
-84.86197029204237,264.375,-27.82453,1.7611098
-84.86197029204237,266.25,-27.607908,1.6743002
-84.86197029204237,268.125,-27.301306,1.6452119
-84.86197029204237,270.0,-26.940935,1.6337937
-84.86197029204237,271.875,-26.49283,1.583087
-84.86197029204237,273.75,-26.004665,1.5814152
-84.86197029204237,275.625,-25.52445,1.560533
-84.86197029204237,277.5,-25.045368,1.5542171
-84.86197029204237,279.375,-24.572731,1.5693668
-84.86197029204237,281.25,-24.16027,1.5993817
-84.86197029204237,283.125,-23.761795,1.5923932
-84.86197029204237,285.0,-23.395075,1.609272
-84.86197029204237,286.875,-23.088747,1.6223825
-84.86197029204237,288.75,-22.829529,1.638822
-84.86197029204237,290.625,-22.622087,1.6622732
-84.86197029204237,292.5,-22.460857,1.6870408
-84.86197029204237,294.375,-22.332361,1.7093085
-84.86197029204237,296.25,-22.273865,1.7185341
-84.86197029204237,298.125,-22.270819,1.7340815
-84.86197029204237,300.0,-22.312752,1.7557263
-84.86197029204237,301.875,-22.414158,1.7586077
-84.86197029204237,303.75,-22.540682,1.7762352
-84.86197029204237,305.625,-22.723923,1.7706373
-84.86197029204237,307.5,-22.945408,1.7758552
-84.86197029204237,309.375,-23.205643,1.7849066
-84.86197029204237,311.25,-23.47654,1.8059835
-84.86197029204237,313.125,-23.793024,1.8194518
-84.86197029204237,315.0,-24.115545,1.8580346
-84.86197029204237,316.875,-24.483181,1.8901175
-84.86197029204237,318.75,-24.882244,1.9033142
-84.86197029204237,320.625,-25.306091,1.9317935
-84.86197029204237,322.5,-25.739021,1.9751599
-84.86197029204237,324.375,-26.193924,1.99934
-84.86197029204237,326.25,-26.644508,2.0158567
-84.86197029204237,328.125,-27.117693,2.0675974
-84.86197029204237,330.0,-27.560936,2.1052105
-84.86197029204237,331.875,-28.037127,2.1272528
-84.86197029204237,333.75,-28.538025,2.1458213
-84.86197029204237,335.625,-29.016521,2.1946988
-84.86197029204237,337.5,-29.434353,2.2517276
-84.86197029204237,339.375,-29.85072,2.283962
-84.86197029204237,341.25,-30.237322,2.333331
-84.86197029204237,343.125,-30.595467,2.3455238
-84.86197029204237,345.0,-30.97488,2.388772
-84.86197029204237,346.875,-31.25699,2.398162
-84.86197029204237,348.75,-31.577692,2.4586174
-84.86197029204237,350.625,-31.827242,2.4673185
-84.86197029204237,352.5,-32.04851,2.4714997
-84.86197029204237,354.375,-32.24556,2.4588568
-84.86197029204237,356.25,-32.424664,2.479589
-84.86197029204237,358.125,-32.551342,2.531746
-82.99894164283755,0.0,-30.335526,2.2949014
-82.99894164283755,1.875,-30.62615,2.3281715
-82.99894164283755,3.75,-30.910173,2.348009
-82.99894164283755,5.625,-31.219627,2.3507462
-82.99894164283755,7.5,-31.49283,2.3983815
-82.99894164283755,9.375,-31.791636,2.3928137
-82.99894164283755,11.25,-32.071793,2.3915348
-82.99894164283755,13.125,-32.36898,2.3922598
-82.99894164283755,15.0,-32.69097,2.336413
-82.99894164283755,16.875,-32.94951,2.321516
-82.99894164283755,18.75,-33.27568,2.300086
-82.99894164283755,20.625,-33.538258,2.3097794
-82.99894164283755,22.5,-33.82646,2.3605435
-82.99894164283755,24.375,-34.171597,2.3280532
-82.99894164283755,26.25,-34.522614,2.3201063
-82.99894164283755,28.125,-34.923862,2.3261847
-82.99894164283755,30.0,-35.36023,2.323996
-82.99894164283755,31.875,-35.779,2.3410103
-82.99894164283755,33.75,-36.198647,2.348112
-82.99894164283755,35.625,-36.680954,2.349924
-82.99894164283755,37.5,-37.16894,2.3690438
-82.99894164283755,39.375,-37.713,2.3229449
-82.99894164283755,41.25,-38.258923,2.3554392
-82.99894164283755,43.125,-38.834682,2.344603
-82.99894164283755,45.0,-39.36353,2.3372595
-82.99894164283755,46.875,-39.982338,2.319222
-82.99894164283755,48.75,-40.492767,2.3187792
-82.99894164283755,50.625,-41.063297,2.2873409
-82.99894164283755,52.5,-41.62822,2.2953997
-82.99894164283755,54.375,-42.176224,2.222416
-82.99894164283755,56.25,-42.73652,2.18625
-82.99894164283755,58.125,-43.250153,2.2098284
-82.99894164283755,60.0,-43.791794,2.1298106
-82.99894164283755,61.875,-44.267456,2.0538163
-82.99894164283755,63.75,-44.630306,2.0718336
-82.99894164283755,65.625,-44.93517,2.0279055
-82.99894164283755,67.5,-45.154564,1.9603227
-82.99894164283755,69.375,-45.25279,1.9332652
-82.99894164283755,71.25,-45.284313,1.8842121
-82.99894164283755,73.125,-45.19265,1.8753539
-82.99894164283755,75.0,-45.07474,1.8485489
-82.99894164283755,76.875,-44.85519,1.8765249
-82.99894164283755,78.75,-44.615833,1.905249
-82.99894164283755,80.625,-44.36302,1.9038162
-82.99894164283755,82.5,-44.051792,1.9485488
-82.99894164283755,84.375,-43.70652,1.9494658
-82.99894164283755,86.25,-43.38652,1.9721215
-82.99894164283755,88.125,-43.053177,2.0017183
-82.99894164283755,90.0,-42.700268,2.0370536
-82.99894164283755,91.875,-42.3382,2.0494335
-82.99894164283755,93.75,-41.98437,2.0718946
-82.99894164283755,95.625,-41.660717,2.0945706
-82.99894164283755,97.5,-41.300972,2.1239371
-82.99894164283755,99.375,-41.012848,2.14846
-82.99894164283755,101.25,-40.692398,2.1372433
-82.99894164283755,103.125,-40.41941,2.1830747
-82.99894164283755,105.0,-40.170933,2.17581
-82.99894164283755,106.875,-39.944115,2.1463861
-82.99894164283755,108.75,-39.754585,2.1033483
-82.99894164283755,110.625,-39.5688,2.0867434
-82.99894164283755,112.5,-39.43394,2.021892
-82.99894164283755,114.375,-39.24775,1.9622712
-82.99894164283755,116.25,-39.136967,1.8840302
-82.99894164283755,118.125,-38.922554,1.8447571
-82.99894164283755,120.0,-38.789116,1.7876276
-82.99894164283755,121.875,-38.567516,1.7012713
-82.99894164283755,123.75,-38.27783,1.7013847
-82.99894164283755,125.625,-37.94478,1.636508
-82.99894164283755,127.5,-37.563744,1.6062425
-82.99894164283755,129.375,-37.116013,1.6004851
-82.99894164283755,131.25,-36.593197,1.6071223
-82.99894164283755,133.125,-36.030014,1.5438098
-82.99894164283755,135.0,-35.327847,1.5772963
-82.99894164283755,136.875,-34.559956,1.5698739
-82.99894164283755,138.75,-33.733902,1.5899208
-82.99894164283755,140.625,-32.780697,1.5917361
-82.99894164283755,142.5,-31.747496,1.553914
-82.99894164283755,144.375,-30.616833,1.5607005
-82.99894164283755,146.25,-29.399647,1.5830843
-82.99894164283755,148.125,-28.165936,1.5684253
-82.99894164283755,150.0,-26.826052,1.5474242
-82.99894164283755,151.875,-25.476501,1.5982724
-82.99894164283755,153.75,-24.1216,1.5791603
-82.99894164283755,155.625,-22.787146,1.6071974
-82.99894164283755,157.5,-21.490057,1.6402519
-82.99894164283755,159.375,-20.253416,1.6720339
-82.99894164283755,161.25,-19.093317,1.6954069
-82.99894164283755,163.125,-17.978767,1.7590561
-82.99894164283755,165.0,-16.991228,1.8083011
-82.99894164283755,166.875,-16.103905,1.8693691
-82.99894164283755,168.75,-15.322967,1.945736
-82.99894164283755,170.625,-14.663691,2.048768
-82.99894164283755,172.5,-14.121913,2.1416664
-82.99894164283755,174.375,-13.692362,2.2553096
-82.99894164283755,176.25,-13.357753,2.3520155
-82.99894164283755,178.125,-13.077226,2.4648135
-82.99894164283755,180.0,-12.887694,2.5606275
-82.99894164283755,181.875,-12.732069,2.619973
-82.99894164283755,183.75,-12.651151,2.6331975
-82.99894164283755,185.625,-12.619296,2.678287
-82.99894164283755,187.5,-12.594256,2.7031035
-82.99894164283755,189.375,-12.615878,2.7378733
-82.99894164283755,191.25,-12.652733,2.7561336
-82.99894164283755,193.125,-12.752713,2.775557
-82.99894164283755,195.0,-12.853319,2.7952764
-82.99894164283755,196.875,-12.980291,2.7960737
-82.99894164283755,198.75,-13.099491,2.7889726
-82.99894164283755,200.625,-13.198749,2.7857633
-82.99894164283755,202.5,-13.270194,2.7757897
-82.99894164283755,204.375,-13.367362,2.78176
-82.99894164283755,206.25,-13.468183,2.7728028
-82.99894164283755,208.125,-13.5708,2.7658267
-82.99894164283755,210.0,-13.645878,2.7445397
-82.99894164283755,211.875,-13.737714,2.7030277
-82.99894164283755,213.75,-13.805624,2.6620727
-82.99894164283755,215.625,-13.887987,2.6136155
-82.99894164283755,217.5,-13.98703,2.5598927
-82.99894164283755,219.375,-14.090018,2.5116525
-82.99894164283755,221.25,-14.222557,2.4147747
-82.99894164283755,223.125,-14.362147,2.3528616
-82.99894164283755,225.0,-14.534665,2.268661
-82.99894164283755,226.875,-14.747322,2.1893115
-82.99894164283755,228.75,-15.002732,2.1135957
-82.99894164283755,230.625,-15.306326,2.0385983
-82.99894164283755,232.5,-15.664314,2.0016038
-82.99894164283755,234.375,-16.097536,1.9598937
-82.99894164283755,236.25,-16.611345,1.904798
-82.99894164283755,238.125,-17.204842,1.8561342
-82.99894164283755,240.0,-17.833063,1.8309027
-82.99894164283755,241.875,-18.48187,1.8146266
-82.99894164283755,243.75,-19.12324,1.8100616
-82.99894164283755,245.625,-19.760231,1.8296021
-82.99894164283755,247.5,-20.348045,1.826406
-82.99894164283755,249.375,-20.915682,1.8592309
-82.99894164283755,251.25,-21.456755,1.9017876
-82.99894164283755,253.125,-22.041306,1.926601
-82.99894164283755,255.0,-22.585564,1.9259607
-82.99894164283755,256.875,-23.183884,1.9480195
-82.99894164283755,258.75,-23.78609,1.9504449
-82.99894164283755,260.625,-24.332947,1.9121038
-82.99894164283755,262.5,-24.761131,1.8592186
-82.99894164283755,264.375,-25.047146,1.7195235
-82.99894164283755,266.25,-25.09871,1.5695777
-82.99894164283755,268.125,-24.806267,1.436803
-82.99894164283755,270.0,-24.310114,1.3819723
-82.99894164283755,271.875,-23.699862,1.3296353
-82.99894164283755,273.75,-22.97744,1.3360145
-82.99894164283755,275.625,-22.264275,1.367583
-82.99894164283755,277.5,-21.58244,1.3826507
-82.99894164283755,279.375,-20.929333,1.4040271
-82.99894164283755,281.25,-20.341541,1.4499639
-82.99894164283755,283.125,-19.832048,1.4944072
-82.99894164283755,285.0,-19.404821,1.5550917
-82.99894164283755,286.875,-19.089958,1.6114819
-82.99894164283755,288.75,-18.884666,1.6772641
-82.99894164283755,290.625,-18.789568,1.7380543
-82.99894164283755,292.5,-18.78492,1.7961715
-82.99894164283755,294.375,-18.84863,1.812566
-82.99894164283755,296.25,-18.971502,1.8390735
-82.99894164283755,298.125,-19.117693,1.8783064
-82.99894164283755,300.0,-19.239822,1.9023664
-82.99894164283755,301.875,-19.350994,1.9375646
-82.99894164283755,303.75,-19.44275,1.9574295
-82.99894164283755,305.625,-19.536736,1.9773949
-82.99894164283755,307.5,-19.626795,1.9840403
-82.99894164283755,309.375,-19.67859,2.015931
-82.99894164283755,311.25,-19.739841,2.0259054
-82.99894164283755,313.125,-19.815779,1.9966203
-82.99894164283755,315.0,-19.910934,1.9963849
-82.99894164283755,316.875,-20.060251,1.9942575
-82.99894164283755,318.75,-20.249,2.000934
-82.99894164283755,320.625,-20.488182,1.9935741
-82.99894164283755,322.5,-20.782438,1.9807979
-82.99894164283755,324.375,-21.123552,1.9833524
-82.99894164283755,326.25,-21.531033,1.9847658
-82.99894164283755,328.125,-21.972557,1.9870442
-82.99894164283755,330.0,-22.44654,2.0040054
-82.99894164283755,331.875,-22.99285,2.0119934
-82.99894164283755,333.75,-23.551325,2.0330992
-82.99894164283755,335.625,-24.1357,2.0438128
-82.99894164283755,337.5,-24.739391,2.062482
-82.99894164283755,339.375,-25.31449,2.0800273
-82.99894164283755,341.25,-25.895485,2.0872862
-82.99894164283755,343.125,-26.498728,2.1377745
-82.99894164283755,345.0,-27.075876,2.1500669
-82.99894164283755,346.875,-27.583122,2.1867266
-82.99894164283755,348.75,-28.086071,2.1983404
-82.99894164283755,350.625,-28.51906,2.2139533
-82.99894164283755,352.5,-28.958494,2.2597866
-82.99894164283755,354.375,-29.337946,2.257421
-82.99894164283755,356.25,-29.669392,2.2665086
-82.99894164283755,358.125,-30.010056,2.283678
-81.13497683767741,0.0,-28.72857,2.0722666
-81.13497683767741,1.875,-29.118376,2.1096475
-81.13497683767741,3.75,-29.493845,2.1077807
-81.13497683767741,5.625,-29.878942,2.107541
-81.13497683767741,7.5,-30.379099,2.1115875
-81.13497683767741,9.375,-30.842653,2.1246212
-81.13497683767741,11.25,-31.32859,2.0816092
-81.13497683767741,13.125,-31.819624,2.1164787
-81.13497683767741,15.0,-32.350346,2.1124659
-81.13497683767741,16.875,-32.94726,2.1073084
-81.13497683767741,18.75,-33.535446,2.0508814
-81.13497683767741,20.625,-34.10427,2.0979776
-81.13497683767741,22.5,-34.649742,2.0841262
-81.13497683767741,24.375,-35.21859,2.0996888
-81.13497683767741,26.25,-35.815014,2.0764165
-81.13497683767741,28.125,-36.3748,2.0913782
-81.13497683767741,30.0,-36.93724,2.14414
-81.13497683767741,31.875,-37.49574,2.1633291
-81.13497683767741,33.75,-38.089058,2.1742156
-81.13497683767741,35.625,-38.565872,2.2162366
-81.13497683767741,37.5,-39.189213,2.1916544
-81.13497683767741,39.375,-39.753277,2.179092
-81.13497683767741,41.25,-40.38484,2.1208236
-81.13497683767741,43.125,-40.92392,2.164056
-81.13497683767741,45.0,-41.49025,2.1808546
-81.13497683767741,46.875,-42.04689,2.1271913
-81.13497683767741,48.75,-42.5631,2.1096468
-81.13497683767741,50.625,-43.079838,2.0942056
-81.13497683767741,52.5,-43.5482,2.0673635
-81.13497683767741,54.375,-44.067867,2.0156898
-81.13497683767741,56.25,-44.48734,1.995351
-81.13497683767741,58.125,-44.913452,1.9831669
-81.13497683767741,60.0,-45.256264,1.9230744
-81.13497683767741,61.875,-45.52224,1.8939983
-81.13497683767741,63.75,-45.73429,1.8338625
-81.13497683767741,65.625,-45.91511,1.8095148
-81.13497683767741,67.5,-46.064743,1.7439005
-81.13497683767741,69.375,-46.159096,1.7125956
-81.13497683767741,71.25,-46.267868,1.6819581
-81.13497683767741,73.125,-46.306656,1.629098
-81.13497683767741,75.0,-46.318844,1.5958755
-81.13497683767741,76.875,-46.329193,1.5664718
-81.13497683767741,78.75,-46.341732,1.5906402
-81.13497683767741,80.625,-46.312634,1.5835723
-81.13497683767741,82.5,-46.279312,1.6110669
-81.13497683767741,84.375,-46.1831,1.6560448
-81.13497683767741,86.25,-46.076126,1.6504426
-81.13497683767741,88.125,-45.908295,1.705967
-81.13497683767741,90.0,-45.697826,1.7489471
-81.13497683767741,91.875,-45.47314,1.7505193
-81.13497683767741,93.75,-45.13513,1.8048079
-81.13497683767741,95.625,-44.76236,1.8048764
-81.13497683767741,97.5,-44.36138,1.8158557
-81.13497683767741,99.375,-43.894585,1.84351
-81.13497683767741,101.25,-43.443726,1.870186
-81.13497683767741,103.125,-42.92494,1.903509
-81.13497683767741,105.0,-42.41304,1.9142954
-81.13497683767741,106.875,-41.895504,1.8873917
-81.13497683767741,108.75,-41.415794,1.8911095
-81.13497683767741,110.625,-40.947025,1.8876951
-81.13497683767741,112.5,-40.477474,1.85863
-81.13497683767741,114.375,-40.034428,1.8193599
-81.13497683767741,116.25,-39.63388,1.8080095
-81.13497683767741,118.125,-39.265152,1.760304
-81.13497683767741,120.0,-38.91699,1.7254035
-81.13497683767741,121.875,-38.59816,1.6872894
-81.13497683767741,123.75,-38.252964,1.6381729
-81.13497683767741,125.625,-37.95845,1.6304163
-81.13497683767741,127.5,-37.64476,1.6181548
-81.13497683767741,129.375,-37.327007,1.5766274
-81.13497683767741,131.25,-36.999332,1.586637
-81.13497683767741,133.125,-36.66195,1.5448982
-81.13497683767741,135.0,-36.27814,1.558644
-81.13497683767741,136.875,-35.76599,1.5957835
-81.13497683767741,138.75,-35.222183,1.6006514
-81.13497683767741,140.625,-34.559917,1.6721286
-81.13497683767741,142.5,-33.685463,1.7036549
-81.13497683767741,144.375,-32.722397,1.7342142
-81.13497683767741,146.25,-31.561247,1.7508506
-81.13497683767741,148.125,-30.25699,1.7933854
-81.13497683767741,150.0,-28.784822,1.79892
-81.13497683767741,151.875,-27.213963,1.8161161
-81.13497683767741,153.75,-25.522146,1.8520465
-81.13497683767741,155.625,-23.828415,1.8879782
-81.13497683767741,157.5,-22.082771,1.9316117
-81.13497683767741,159.375,-20.382126,1.9715725
-81.13497683767741,161.25,-18.790194,2.049623
-81.13497683767741,163.125,-17.313807,2.14065
-81.13497683767741,165.0,-16.000349,2.2375133
-81.13497683767741,166.875,-14.904197,2.3559005
-81.13497683767741,168.75,-14.014314,2.4915879
-81.13497683767741,170.625,-13.340136,2.6187375
-81.13497683767741,172.5,-12.856698,2.7492306
-81.13497683767741,174.375,-12.555526,2.8600626
-81.13497683767741,176.25,-12.423026,2.963237
-81.13497683767741,178.125,-12.357382,3.0355525
-81.13497683767741,180.0,-12.300956,3.0894964
-81.13497683767741,181.875,-12.222812,3.0882065
-81.13497683767741,183.75,-12.153437,3.0786746
-81.13497683767741,185.625,-12.06705,3.0703866
-81.13497683767741,187.5,-11.989589,3.072915
-81.13497683767741,189.375,-11.909803,3.0833275
-81.13497683767741,191.25,-11.835819,3.0868464
-81.13497683767741,193.125,-11.791366,3.1176202
-81.13497683767741,195.0,-11.763964,3.1366684
-81.13497683767741,196.875,-11.752499,3.1562793
-81.13497683767741,198.75,-11.741776,3.1758208
-81.13497683767741,200.625,-11.747265,3.187347
-81.13497683767741,202.5,-11.761444,3.1935277
-81.13497683767741,204.375,-11.785761,3.1766465
-81.13497683767741,206.25,-11.846424,3.134854
-81.13497683767741,208.125,-11.921698,3.0865958
-81.13497683767741,210.0,-12.041425,3.021841
-81.13497683767741,211.875,-12.189609,2.9461544
-81.13497683767741,213.75,-12.384452,2.864023
-81.13497683767741,215.625,-12.594042,2.778833
-81.13497683767741,217.5,-12.826932,2.6926072
-81.13497683767741,219.375,-13.013436,2.6067324
-81.13497683767741,221.25,-13.19121,2.5258296
-81.13497683767741,223.125,-13.330135,2.4299436
-81.13497683767741,225.0,-13.498612,2.3488286
-81.13497683767741,226.875,-13.73033,2.2601607
-81.13497683767741,228.75,-13.983631,2.1792188
-81.13497683767741,230.625,-14.323124,2.1106167
-81.13497683767741,232.5,-14.720545,2.0534492
-81.13497683767741,234.375,-15.180661,2.0305758
-81.13497683767741,236.25,-15.721482,1.9799551
-81.13497683767741,238.125,-16.31072,1.9438381
-81.13497683767741,240.0,-16.948006,1.9127083
-81.13497683767741,241.875,-17.62703,1.8780974
-81.13497683767741,243.75,-18.27035,1.8521104
-81.13497683767741,245.625,-18.883533,1.8057902
-81.13497683767741,247.5,-19.428787,1.7536521
-81.13497683767741,249.375,-19.919704,1.7232769
-81.13497683767741,251.25,-20.386208,1.7551774
-81.13497683767741,253.125,-20.834606,1.7922465
-81.13497683767741,255.0,-21.326775,1.8294586
-81.13497683767741,256.875,-21.816092,1.8961573
-81.13497683767741,258.75,-22.396189,1.9251547
-81.13497683767741,260.625,-23.04656,1.8807012
-81.13497683767741,262.5,-23.564177,1.857253
-81.13497683767741,264.375,-23.929646,1.7862592
-81.13497683767741,266.25,-23.966326,1.6862082
-81.13497683767741,268.125,-23.54281,1.5346899
-81.13497683767741,270.0,-22.770819,1.3953903
-81.13497683767741,271.875,-21.855017,1.3163897
-81.13497683767741,273.75,-20.923864,1.2859684
-81.13497683767741,275.625,-20.072264,1.3082578
-81.13497683767741,277.5,-19.31535,1.31309
-81.13497683767741,279.375,-18.699821,1.3715168
-81.13497683767741,281.25,-18.21363,1.4230977
-81.13497683767741,283.125,-17.877478,1.51831
-81.13497683767741,285.0,-17.699411,1.6382165
-81.13497683767741,286.875,-17.677301,1.7720639
-81.13497683767741,288.75,-17.786951,1.9215581
-81.13497683767741,290.625,-18.004606,2.062906
-81.13497683767741,292.5,-18.300623,2.1936815
-81.13497683767741,294.375,-18.602068,2.300178
-81.13497683767741,296.25,-18.806091,2.4086678
-81.13497683767741,298.125,-18.912947,2.4952023
-81.13497683767741,300.0,-18.929705,2.5714414
-81.13497683767741,301.875,-18.883982,2.6372979
-81.13497683767741,303.75,-18.785778,2.6758783
-81.13497683767741,305.625,-18.64775,2.677038
-81.13497683767741,307.5,-18.47574,2.696301
-81.13497683767741,309.375,-18.292536,2.696568
-81.13497683767741,311.25,-18.086853,2.6660004
-81.13497683767741,313.125,-17.894411,2.6278303
-81.13497683767741,315.0,-17.703669,2.5713797
-81.13497683767741,316.875,-17.547108,2.5009444
-81.13497683767741,318.75,-17.423513,2.416524
-81.13497683767741,320.625,-17.37531,2.331879
-81.13497683767741,322.5,-17.38242,2.2445962
-81.13497683767741,324.375,-17.459784,2.1794062
-81.13497683767741,326.25,-17.628338,2.1376705
-81.13497683767741,328.125,-17.903044,2.1107671
-81.13497683767741,330.0,-18.305017,2.0582004
-81.13497683767741,331.875,-18.793358,2.0346947
-81.13497683767741,333.75,-19.382244,1.9974859
-81.13497683767741,335.625,-20.091482,1.9869702
-81.13497683767741,337.5,-20.84326,1.9789807
-81.13497683767741,339.375,-21.66988,1.9433596
-81.13497683767741,341.25,-22.527245,1.9153061
-81.13497683767741,343.125,-23.355389,1.8869516
-81.13497683767741,345.0,-24.16824,1.8780825
-81.13497683767741,346.875,-24.9332,1.8767846
-81.13497683767741,348.75,-25.671814,1.8872583
-81.13497683767741,350.625,-26.314842,1.896853
-81.13497683767741,352.5,-26.90617,1.9448128
-81.13497683767741,354.375,-27.433786,1.9863213
-81.13497683767741,356.25,-27.915329,2.0238273
-81.13497683767741,358.125,-28.33828,2.0339785
-79.27055903485967,0.0,-27.719568,1.8151202
-79.27055903485967,1.875,-28.17822,1.8394252
-79.27055903485967,3.75,-28.638767,1.8588368
-79.27055903485967,5.625,-29.136795,1.8295435
-79.27055903485967,7.5,-29.726229,1.8376583
-79.27055903485967,9.375,-30.392048,1.8150278
-79.27055903485967,11.25,-31.065447,1.7904093
-79.27055903485967,13.125,-31.848648,1.8364178
-79.27055903485967,15.0,-32.58611,1.8623806
-79.27055903485967,16.875,-33.36445,1.8471217
-79.27055903485967,18.75,-34.13492,1.8448524
-79.27055903485967,20.625,-34.97064,1.8614413
-79.27055903485967,22.5,-35.702827,1.8630786
-79.27055903485967,24.375,-36.43933,1.8866045
-79.27055903485967,26.25,-37.219917,1.8977624
-79.27055903485967,28.125,-37.90597,1.9556973
-79.27055903485967,30.0,-38.573334,1.9712588
-79.27055903485967,31.875,-39.213276,1.9470906
-79.27055903485967,33.75,-39.790543,2.0530615
-79.27055903485967,35.625,-40.40222,2.0689917
-79.27055903485967,37.5,-41.037243,2.1029518
-79.27055903485967,39.375,-41.643864,2.1341424
-79.27055903485967,41.25,-42.086735,2.1775587
-79.27055903485967,43.125,-42.697105,2.1149971
-79.27055903485967,45.0,-43.19054,2.0875015
-79.27055903485967,46.875,-43.592045,2.0352669
-79.27055903485967,48.75,-43.883823,1.952691
-79.27055903485967,50.625,-43.982418,1.9637942
-79.27055903485967,52.5,-43.912945,1.9022801
-79.27055903485967,54.375,-43.592632,1.9483876
-79.27055903485967,56.25,-43.124,1.9660723
-79.27055903485967,58.125,-42.527767,1.9917694
-79.27055903485967,60.0,-41.980385,1.9964736
-79.27055903485967,61.875,-41.388336,2.029869
-79.27055903485967,63.75,-40.91638,2.006354
-79.27055903485967,65.625,-40.537243,2.012638
-79.27055903485967,67.5,-40.286617,1.9981005
-79.27055903485967,69.375,-40.166676,1.9405187
-79.27055903485967,71.25,-40.162632,1.9338931
-79.27055903485967,73.125,-40.28218,1.9150726
-79.27055903485967,75.0,-40.526127,1.9065849
-79.27055903485967,76.875,-40.841618,1.8952785
-79.27055903485967,78.75,-41.24556,1.8993492
-79.27055903485967,80.625,-41.74154,1.8783035
-79.27055903485967,82.5,-42.285892,1.853631
-79.27055903485967,84.375,-42.898647,1.8271668
-79.27055903485967,86.25,-43.44275,1.8019171
-79.27055903485967,88.125,-44.084137,1.7419872
-79.27055903485967,90.0,-44.59972,1.7021878
-79.27055903485967,91.875,-45.00105,1.7517772
-79.27055903485967,93.75,-45.21591,1.735471
-79.27055903485967,95.625,-45.302555,1.7186608
-79.27055903485967,97.5,-45.231224,1.699625
-79.27055903485967,99.375,-44.974,1.6830444
-79.27055903485967,101.25,-44.585114,1.6788045
-79.27055903485967,103.125,-44.112514,1.6954725
-79.27055903485967,105.0,-43.582848,1.6658094
-79.27055903485967,106.875,-43.11068,1.653858
-79.27055903485967,108.75,-42.59685,1.6862689
-79.27055903485967,110.625,-42.113003,1.6886922
-79.27055903485967,112.5,-41.702885,1.6709899
-79.27055903485967,114.375,-41.28273,1.6667844
-79.27055903485967,116.25,-40.872593,1.6710906
-79.27055903485967,118.125,-40.467846,1.6827759
-79.27055903485967,120.0,-40.06685,1.7187891
-79.27055903485967,121.875,-39.675404,1.69073
-79.27055903485967,123.75,-39.287064,1.6823261
-79.27055903485967,125.625,-38.908394,1.7090207
-79.27055903485967,127.5,-38.54601,1.7102116
-79.27055903485967,129.375,-38.25398,1.6846693
-79.27055903485967,131.25,-37.97765,1.6463544
-79.27055903485967,133.125,-37.73431,1.6200515
-79.27055903485967,135.0,-37.539505,1.6019353
-79.27055903485967,136.875,-37.311615,1.5858477
-79.27055903485967,138.75,-37.020798,1.5690551
-79.27055903485967,140.625,-36.589096,1.5556456
-79.27055903485967,142.5,-36.010876,1.5832387
-79.27055903485967,144.375,-35.280758,1.6075418
-79.27055903485967,146.25,-34.359547,1.680484
-79.27055903485967,148.125,-33.195114,1.734103
-79.27055903485967,150.0,-31.786287,1.7901798
-79.27055903485967,151.875,-30.152283,1.8500798
-79.27055903485967,153.75,-28.328358,1.9041034
-79.27055903485967,155.625,-26.308317,1.9433821
-79.27055903485967,157.5,-24.193533,1.9832516
-79.27055903485967,159.375,-22.07326,2.0271308
-79.27055903485967,161.25,-20.025232,2.064761
-79.27055903485967,163.125,-18.147497,2.1372895
-79.27055903485967,165.0,-16.517166,2.221016
-79.27055903485967,166.875,-15.157107,2.3235922
-79.27055903485967,168.75,-14.123025,2.4528008
-79.27055903485967,170.625,-13.378104,2.5908651
-79.27055903485967,172.5,-12.882733,2.7228713
-79.27055903485967,174.375,-12.5965805,2.8217127
-79.27055903485967,176.25,-12.387831,2.9035378
-79.27055903485967,178.125,-12.182557,2.9269972
-79.27055903485967,180.0,-11.901894,2.9126756
-79.27055903485967,181.875,-11.583729,2.8631854
-79.27055903485967,183.75,-11.273006,2.8415177
-79.27055903485967,185.625,-10.954081,2.8681555
-79.27055903485967,187.5,-10.640253,2.9226556
-79.27055903485967,189.375,-10.31826,2.9774647
-79.27055903485967,191.25,-10.014588,3.0286708
-79.27055903485967,193.125,-9.727069,3.0913417
-79.27055903485967,195.0,-9.431308,3.1442807
-79.27055903485967,196.875,-9.180721,3.1856992
-79.27055903485967,198.75,-8.949041,3.2080407
-79.27055903485967,200.625,-8.793827,3.1993792
-79.27055903485967,202.5,-8.698378,3.1594625
-79.27055903485967,204.375,-8.718065,3.124347
-79.27055903485967,206.25,-8.83619,3.0519702
-79.27055903485967,208.125,-9.05746,2.9807258
-79.27055903485967,210.0,-9.413944,2.894474
-79.27055903485967,211.875,-9.848788,2.7930636
-79.27055903485967,213.75,-10.413182,2.6693575
-79.27055903485967,215.625,-11.0708,2.5467088
-79.27055903485967,217.5,-11.770214,2.394726
-79.27055903485967,219.375,-12.498358,2.2601862
-79.27055903485967,221.25,-13.248397,2.1633556
-79.27055903485967,223.125,-14.0519905,2.085036
-79.27055903485967,225.0,-14.800739,2.0301294
-79.27055903485967,226.875,-15.546892,1.9935832
-79.27055903485967,228.75,-16.227829,1.9553989
-79.27055903485967,230.625,-16.878494,1.921158
-79.27055903485967,232.5,-17.460154,1.9134026
-79.27055903485967,234.375,-17.97906,1.8840523
-79.27055903485967,236.25,-18.457634,1.8744446
-79.27055903485967,238.125,-18.92445,1.8935905
-79.27055903485967,240.0,-19.39947,1.8682575
-79.27055903485967,241.875,-19.838865,1.8560013
-79.27055903485967,243.75,-20.325857,1.8107529
-79.27055903485967,245.625,-20.698982,1.8286967
-79.27055903485967,247.5,-20.984783,1.8232234
-79.27055903485967,249.375,-21.163904,1.8389863
-79.27055903485967,251.25,-21.219803,1.8567841
-79.27055903485967,253.125,-21.25152,1.8806483
-79.27055903485967,255.0,-21.33947,1.8724223
-79.27055903485967,256.875,-21.489138,1.850777
-79.27055903485967,258.75,-21.7474,1.853627
-79.27055903485967,260.625,-22.069178,1.8512233
-79.27055903485967,262.5,-22.421131,1.7686131
-79.27055903485967,264.375,-22.62824,1.7371143
-79.27055903485967,266.25,-22.57484,1.6577603
-79.27055903485967,268.125,-22.227303,1.5848104
-79.27055903485967,270.0,-21.51781,1.4752139
-79.27055903485967,271.875,-20.642185,1.3685237
-79.27055903485967,273.75,-19.680544,1.30627
-79.27055903485967,275.625,-18.825623,1.2819672
-79.27055903485967,277.5,-18.110525,1.2771188
-79.27055903485967,279.375,-17.559118,1.3079925
-79.27055903485967,281.25,-17.2007,1.3828864
-79.27055903485967,283.125,-16.996775,1.4781051
-79.27055903485967,285.0,-16.94695,1.5919229
-79.27055903485967,286.875,-17.032263,1.7362763
-79.27055903485967,288.75,-17.22611,1.9019095
-79.27055903485967,290.625,-17.405779,2.049201
-79.27055903485967,292.5,-17.517946,2.1564045
-79.27055903485967,294.375,-17.534256,2.2453802
-79.27055903485967,296.25,-17.479002,2.310973
-79.27055903485967,298.125,-17.318436,2.3858144
-79.27055903485967,300.0,-17.155563,2.4425006
-79.27055903485967,301.875,-16.95779,2.5310607
-79.27055903485967,303.75,-16.730524,2.6164677
-79.27055903485967,305.625,-16.473124,2.6852815
-79.27055903485967,307.5,-16.218943,2.722239
-79.27055903485967,309.375,-15.951951,2.744887
-79.27055903485967,311.25,-15.702029,2.728131
-79.27055903485967,313.125,-15.453924,2.7144892
-79.27055903485967,315.0,-15.237147,2.6628551
-79.27055903485967,316.875,-15.032537,2.6104922
-79.27055903485967,318.75,-14.913963,2.5674336
-79.27055903485967,320.625,-14.85453,2.505378
-79.27055903485967,322.5,-14.873573,2.4207406
-79.27055903485967,324.375,-14.951405,2.3616145
-79.27055903485967,326.25,-15.100526,2.308856
-79.27055903485967,328.125,-15.339627,2.20765
-79.27055903485967,330.0,-15.655583,2.1598341
-79.27055903485967,331.875,-16.075329,2.1075134
-79.27055903485967,333.75,-16.661776,2.031146
-79.27055903485967,335.625,-17.362848,1.955397
-79.27055903485967,337.5,-18.165075,1.9024113
-79.27055903485967,339.375,-19.088768,1.8405197
-79.27055903485967,341.25,-20.071365,1.8194486
-79.27055903485967,343.125,-21.092772,1.7597961
-79.27055903485967,345.0,-22.127947,1.7492617
-79.27055903485967,346.875,-23.076365,1.7859013
-79.27055903485967,348.75,-23.975428,1.7352569
-79.27055903485967,350.625,-24.818336,1.760443
-79.27055903485967,352.5,-25.513006,1.8011577
-79.27055903485967,354.375,-26.203358,1.8333774
-79.27055903485967,356.25,-26.75408,1.8529928
-79.27055903485967,358.125,-27.234665,1.8389239
-77.4058880820788,0.0,-28.91238,1.6312724
-77.4058880820788,1.875,-29.421072,1.5925856
-77.4058880820788,3.75,-29.875408,1.5869976
-77.4058880820788,5.625,-30.41162,1.608247
-77.4058880820788,7.5,-31.041227,1.6077511
-77.4058880820788,9.375,-31.788454,1.5754299
-77.4058880820788,11.25,-32.565075,1.609954
-77.4058880820788,13.125,-33.40574,1.5956448
-77.4058880820788,15.0,-34.268726,1.6463319
-77.4058880820788,16.875,-35.128685,1.6721667
-77.4058880820788,18.75,-35.840153,1.6985481
-77.4058880820788,20.625,-36.522533,1.7175859
-77.4058880820788,22.5,-37.17439,1.7977682
-77.4058880820788,24.375,-37.82601,1.8164806
-77.4058880820788,26.25,-38.415913,1.8069832
-77.4058880820788,28.125,-39.055893,1.8804367
-77.4058880820788,30.0,-39.66351,1.9252744
-77.4058880820788,31.875,-40.33484,1.9704455
-77.4058880820788,33.75,-40.95763,1.978608
-77.4058880820788,35.625,-41.517025,2.0325038
-77.4058880820788,37.5,-42.079235,2.035454
-77.4058880820788,39.375,-42.469017,1.9850321
-77.4058880820788,41.25,-42.67517,1.9644935
-77.4058880820788,43.125,-42.69261,1.8874425
-77.4058880820788,45.0,-42.539234,1.8369772
-77.4058880820788,46.875,-42.20281,1.7446239
-77.4058880820788,48.75,-41.698452,1.6771165
-77.4058880820788,50.625,-40.972458,1.655746
-77.4058880820788,52.5,-40.110306,1.6231958
-77.4058880820788,54.375,-39.06179,1.682244
-77.4058880820788,56.25,-38.01097,1.6914135
-77.4058880820788,58.125,-36.849506,1.7853136
-77.4058880820788,60.0,-35.781673,1.8219426
-77.4058880820788,61.875,-34.812866,1.9158121
-77.4058880820788,63.75,-33.97865,1.9629213
-77.4058880820788,65.625,-33.28851,1.9770095
-77.4058880820788,67.5,-32.798607,1.9879551
-77.4058880820788,69.375,-32.46683,2.0179484
-77.4058880820788,71.25,-32.292553,2.0438442
-77.4058880820788,73.125,-32.353706,2.1401923
-77.4058880820788,75.0,-32.561188,2.1463485
-77.4058880820788,76.875,-33.042984,2.189903
-77.4058880820788,78.75,-33.675484,2.2601557
-77.4058880820788,80.625,-34.544605,2.3088818
-77.4058880820788,82.5,-35.527924,2.315351
-77.4058880820788,84.375,-36.574898,2.354961
-77.4058880820788,86.25,-37.685524,2.366045
-77.4058880820788,88.125,-38.787144,2.3375223
-77.4058880820788,90.0,-39.9515,2.1921065
-77.4058880820788,91.875,-40.932926,2.1086948
-77.4058880820788,93.75,-41.8565,2.0044672
-77.4058880820788,95.625,-42.51275,1.911583
-77.4058880820788,97.5,-42.969215,1.8056058
-77.4058880820788,99.375,-43.144527,1.7106686
-77.4058880820788,101.25,-43.11146,1.6334149
-77.4058880820788,103.125,-42.902786,1.5738358
-77.4058880820788,105.0,-42.638023,1.5583601
-77.4058880820788,106.875,-42.3781,1.5695213
-77.4058880820788,108.75,-42.188667,1.5052116
-77.4058880820788,110.625,-42.109467,1.5297434
-77.4058880820788,112.5,-42.08529,1.5709667
-77.4058880820788,114.375,-42.1248,1.5938717
-77.4058880820788,116.25,-42.09933,1.6239073
-77.4058880820788,118.125,-41.90189,1.616944
-77.4058880820788,120.0,-41.576694,1.6331313
-77.4058880820788,121.875,-41.097866,1.6474367
-77.4058880820788,123.75,-40.50687,1.6341974
-77.4058880820788,125.625,-39.884743,1.629739
-77.4058880820788,127.5,-39.25105,1.6275369
-77.4058880820788,129.375,-38.629993,1.6137207
-77.4058880820788,131.25,-38.12312,1.5941908
-77.4058880820788,133.125,-37.690052,1.587724
-77.4058880820788,135.0,-37.383743,1.6054026
-77.4058880820788,136.875,-37.18478,1.5853765
-77.4058880820788,138.75,-37.036205,1.6171147
-77.4058880820788,140.625,-36.875134,1.639616
-77.4058880820788,142.5,-36.57781,1.6550176
-77.4058880820788,144.375,-36.127163,1.6848291
-77.4058880820788,146.25,-35.413666,1.7342296
-77.4058880820788,148.125,-34.36357,1.7687134
-77.4058880820788,150.0,-32.96943,1.806573
-77.4058880820788,151.875,-31.238474,1.797684
-77.4058880820788,153.75,-29.161034,1.8195964
-77.4058880820788,155.625,-26.788551,1.8213727
-77.4058880820788,157.5,-24.247576,1.8469524
-77.4058880820788,159.375,-21.622967,1.8493687
-77.4058880820788,161.25,-19.064665,1.8783696
-77.4058880820788,163.125,-16.740856,1.8960322
-77.4058880820788,165.0,0.57232577,0.5018654
-77.4058880820788,166.875,0.83115387,0.5069994
-77.4058880820788,168.75,0.97201324,0.5414773
-77.4058880820788,170.625,1.0478336,0.5905861
-77.4058880820788,172.5,1.0968765,0.63573945
-77.4058880820788,174.375,1.0360172,0.6742363
-77.4058880820788,176.25,0.8983023,0.73315114
-77.4058880820788,178.125,0.79326326,0.8072236
-77.4058880820788,180.0,0.8445328,0.8902122
-77.4058880820788,181.875,0.7693375,0.93745273
-77.4058880820788,183.75,0.66406405,0.9360431
-77.4058880820788,185.625,0.70435697,0.95414233
-77.4058880820788,187.5,0.9194742,1.0156264
-77.4058880820788,189.375,1.2617399,1.0817181
-77.4058880820788,191.25,1.5738688,1.0899628
-77.4058880820788,193.125,1.9232438,1.079097
-77.4058880820788,195.0,2.2420719,1.0403472
-77.4058880820788,196.875,2.5170524,1.0016894
-77.4058880820788,198.75,2.75215,0.94788873
-77.4058880820788,200.625,2.945236,0.93899626
-77.4058880820788,202.5,2.975529,0.8533406
-77.4058880820788,204.375,2.8674428,0.78979015
-77.4058880820788,206.25,2.7043765,0.7478399
-77.4058880820788,208.125,2.6025405,0.7421148
-77.4058880820788,210.0,-6.178827,2.4475396
-77.4058880820788,211.875,-7.008085,2.531839
-77.4058880820788,213.75,-7.969862,2.4889889
-77.4058880820788,215.625,-9.135037,2.407619
-77.4058880820788,217.5,-10.386561,2.3010063
-77.4058880820788,219.375,-11.728377,2.2186224
-77.4058880820788,221.25,-13.084589,2.1644168
-77.4058880820788,223.125,-14.384138,2.1248085
-77.4058880820788,225.0,-15.63115,2.0616
-77.4058880820788,226.875,-16.699274,2.047008
-77.4058880820788,228.75,-17.552418,2.0339084
-77.4058880820788,230.625,-18.182028,1.9905638
-77.4058880820788,232.5,-18.631481,1.93305
-77.4058880820788,234.375,-18.97566,1.8775585
-77.4058880820788,236.25,-19.173864,1.8163636
-77.4058880820788,238.125,-19.243044,1.794186
-77.4058880820788,240.0,-19.242165,1.762594
-77.4058880820788,241.875,-19.178942,1.7736238
-77.4058880820788,243.75,-19.166872,1.8491284
-77.4058880820788,245.625,-19.063591,1.9006886
-77.4058880820788,247.5,-18.811012,1.945548
-77.4058880820788,249.375,-18.46951,1.979047
-77.4058880820788,251.25,-18.175348,1.9853228
-77.4058880820788,253.125,-17.94236,1.9752655
-77.4058880820788,255.0,-17.83408,1.9768512
-77.4058880820788,256.875,-17.873083,1.9801745
-77.4058880820788,258.75,-18.078299,1.9613924
-77.4058880820788,260.625,-18.437126,1.9289169
-77.4058880820788,262.5,-18.934118,1.8964605
-77.4058880820788,264.375,-19.487673,1.8735864
-77.4058880820788,266.25,-19.959118,1.8095416
-77.4058880820788,268.125,-20.204529,1.7407781
-77.4058880820788,270.0,-20.147127,1.6289179
-77.4058880820788,271.875,-19.865389,1.5379593
-77.4058880820788,273.75,-19.43994,1.4601716
-77.4058880820788,275.625,-19.027088,1.4084672
-77.4058880820788,277.5,-18.635662,1.3741642
-77.4058880820788,279.375,-18.267654,1.3738016
-77.4058880820788,281.25,-17.933592,1.4366317
-77.4058880820788,283.125,-17.654762,1.5113432
-77.4058880820788,285.0,-17.353338,1.5823553
-77.4058880820788,286.875,-17.01783,1.663802
-77.4058880820788,288.75,-16.591951,1.7551625
-77.4058880820788,290.625,-16.057245,1.8167735
-77.4058880820788,292.5,-15.477245,1.8720355
-77.4058880820788,294.375,-14.895526,1.9213724
-77.4058880820788,296.25,-14.274667,1.9758877
-77.4058880820788,298.125,-0.3370102,1.3260943
-77.4058880820788,300.0,-0.5873422,1.3623981
-77.4058880820788,301.875,-0.9063852,1.4024616
-77.4058880820788,303.75,-0.88359225,1.440574
-77.4058880820788,305.625,-0.5119516,1.3511791
-77.4058880820788,307.5,-0.14224456,1.3020086
-77.4058880820788,309.375,0.12125152,1.3242095
-77.4058880820788,311.25,0.4067398,1.3675781
-77.4058880820788,313.125,0.59158355,1.3943512
-77.4058880820788,315.0,0.94101715,1.3735013
-77.4058880820788,316.875,1.1714078,1.2943871
-77.4058880820788,318.75,1.4364274,1.2749633
-77.4058880820788,320.625,1.6617007,1.2535537
-77.4058880820788,322.5,1.8745718,1.2619485
-77.4058880820788,324.375,2.1126773,1.2025561
-77.4058880820788,326.25,2.3004117,1.0546521
-77.4058880820788,328.125,-11.607792,2.4679196
-77.4058880820788,330.0,-12.131073,2.4399595
-77.4058880820788,331.875,-12.6529875,2.4327853
-77.4058880820788,333.75,-13.295175,2.3764224
-77.4058880820788,335.625,-14.091835,2.2824519
-77.4058880820788,337.5,-15.0798025,2.2006664
-77.4058880820788,339.375,-16.327263,2.0926247
-77.4058880820788,341.25,-17.806795,2.0060725
-77.4058880820788,343.125,-19.234041,1.9187355
-77.4058880820788,345.0,-20.659157,1.8339491
-77.4058880820788,346.875,-22.052069,1.7772772
-77.4058880820788,348.75,-23.405603,1.7438825
-77.4058880820788,350.625,-24.664255,1.7358054
-77.4058880820788,352.5,-25.779783,1.7041858
-77.4058880820788,354.375,-26.77445,1.6427009
-77.4058880820788,356.25,-27.633844,1.6336554
-77.4058880820788,358.125,-28.349743,1.621098
-75.54106145287895,0.0,-30.011951,1.7133279
-75.54106145287895,1.875,-30.919197,1.7480826
-75.54106145287895,3.75,-31.785973,1.7794667
-75.54106145287895,5.625,-32.583862,1.8095748
-75.54106145287895,7.5,-33.47693,1.8039
-75.54106145287895,9.375,-34.32101,1.8447137
-75.54106145287895,11.25,-35.15283,1.8923764
-75.54106145287895,13.125,-35.92566,1.9603038
-75.54106145287895,15.0,-36.585365,1.9819773
-75.54106145287895,16.875,-37.077866,2.024481
-75.54106145287895,18.75,-37.368687,2.0210354
-75.54106145287895,20.625,-37.48898,2.0374942
-75.54106145287895,22.5,-37.47888,1.9957014
-75.54106145287895,24.375,-37.441227,1.9686933
-75.54106145287895,26.25,-37.406128,1.9577906
-75.54106145287895,28.125,-37.48968,1.9581684
-75.54106145287895,30.0,-37.68433,2.0132196
-75.54106145287895,31.875,-38.034058,2.0337167
-75.54106145287895,33.75,-38.542126,2.0480335
-75.54106145287895,35.625,-39.10773,2.018651
-75.54106145287895,37.5,-39.683727,2.041182
-75.54106145287895,39.375,-40.123356,2.058017
-75.54106145287895,41.25,-40.42656,2.0036182
-75.54106145287895,43.125,-40.537613,1.9264939
-75.54106145287895,45.0,-40.379684,1.8726315
-75.54106145287895,46.875,-39.927612,1.8272643
-75.54106145287895,48.75,-39.189877,1.7506787
-75.54106145287895,50.625,-38.18769,1.6752375
-75.54106145287895,52.5,-36.975758,1.6334926
-75.54106145287895,54.375,-35.658493,1.6436393
-75.54106145287895,56.25,-34.25734,1.658149
-75.54106145287895,58.125,-32.874,1.7050031
-75.54106145287895,60.0,-31.58408,1.7381152
-75.54106145287895,61.875,-30.440115,1.7751983
-75.54106145287895,63.75,-29.520641,1.822598
-75.54106145287895,65.625,-28.854275,1.8681048
-75.54106145287895,67.5,-28.405329,1.9755763
-75.54106145287895,69.375,-28.032732,2.0660636
-75.54106145287895,71.25,-27.760954,2.1625996
-75.54106145287895,73.125,-27.618982,2.209029
-75.54106145287895,75.0,-27.725563,2.2067485
-75.54106145287895,76.875,-28.213903,2.222934
-75.54106145287895,78.75,-29.028475,2.257585
-75.54106145287895,80.625,-30.153631,2.3090534
-75.54106145287895,82.5,-31.40484,2.3433378
-75.54106145287895,84.375,-32.657806,2.373018
-75.54106145287895,86.25,-33.8056,2.368307
-75.54106145287895,88.125,-34.970387,2.371535
-75.54106145287895,90.0,-35.967144,2.324192
-75.54106145287895,91.875,-36.989174,2.2494426
-75.54106145287895,93.75,-37.8724,2.2102036
-75.54106145287895,95.625,-38.71689,2.1296046
-75.54106145287895,97.5,-39.406986,1.9921713
-75.54106145287895,99.375,-39.91105,1.8504395
-75.54106145287895,101.25,-40.23314,1.7610798
-75.54106145287895,103.125,-40.39605,1.6804507
-75.54106145287895,105.0,-40.453102,1.6318067
-75.54106145287895,106.875,-40.507534,1.6167625
-75.54106145287895,108.75,-40.584938,1.6420969
-75.54106145287895,110.625,-40.757164,1.658041
-75.54106145287895,112.5,-41.03773,1.7116282
-75.54106145287895,114.375,-41.410717,1.7841392
-75.54106145287895,116.25,-41.709213,1.853911
-75.54106145287895,118.125,-41.907005,1.8843982
-75.54106145287895,120.0,-41.821167,1.9221175
-75.54106145287895,121.875,-41.612396,1.8751302
-75.54106145287895,123.75,-41.169857,1.8481476
-75.54106145287895,125.625,-40.482025,1.7906702
-75.54106145287895,127.5,-39.697437,1.7310821
-75.54106145287895,129.375,-38.7516,1.6727352
-75.54106145287895,131.25,-37.75976,1.6531311
-75.54106145287895,133.125,-36.787163,1.6723299
-75.54106145287895,135.0,-35.99685,1.6892495
-75.54106145287895,136.875,-35.37976,1.7364293
-75.54106145287895,138.75,-34.997513,1.7455913
-75.54106145287895,140.625,-34.805367,1.8148483
-75.54106145287895,142.5,-34.71974,1.8548048
-75.54106145287895,144.375,-34.598198,1.9195148
-75.54106145287895,146.25,-34.348217,1.9766309
-75.54106145287895,148.125,-33.816246,1.9945793
-75.54106145287895,150.0,-32.932438,1.9677621
-75.54106145287895,151.875,-31.67775,1.909524
-75.54106145287895,153.75,-29.973747,1.8526512
-75.54106145287895,155.625,-27.76486,1.8365798
-75.54106145287895,157.5,-25.168123,1.8241504
-75.54106145287895,159.375,-22.297205,1.8207499
-75.54106145287895,161.25,-19.37031,1.8249246
-75.54106145287895,163.125,0.13693511,0.6497276
-75.54106145287895,165.0,0.14146636,0.52573615
-75.54106145287895,166.875,0.5057828,0.4719883
-75.54106145287895,168.75,0.8837515,0.45954496
-75.54106145287895,170.625,1.3250601,0.5315171
-75.54106145287895,172.5,1.5051383,0.59138685
-75.54106145287895,174.375,1.5635171,0.61816233
-75.54106145287895,176.25,1.522189,0.6301067
-75.54106145287895,178.125,1.4548649,0.6777907
-75.54106145287895,180.0,1.4563297,0.7535808
-75.54106145287895,181.875,1.3500797,0.78701377
-75.54106145287895,183.75,1.3665249,0.8105541
-75.54106145287895,185.625,1.5996305,0.84632474
-75.54106145287895,187.5,1.8263687,0.88582605
-75.54106145287895,189.375,2.0776381,0.9207961
-75.54106145287895,191.25,2.3072867,0.9000991
-75.54106145287895,193.125,2.5040445,0.8434451
-75.54106145287895,195.0,2.678107,0.80728716
-75.54106145287895,196.875,2.8005483,0.7836433
-75.54106145287895,198.75,2.8644743,0.7504298
-75.54106145287895,200.625,2.8868961,0.7140234
-75.54106145287895,202.5,2.8754313,0.6843508
-75.54106145287895,204.375,2.8467398,0.6643038
-75.54106145287895,206.25,2.7845523,0.64130473
-75.54106145287895,208.125,2.692853,0.6163396
-75.54106145287895,210.0,2.6011734,0.6063668
-75.54106145287895,211.875,2.525568,0.6109568
-75.54106145287895,213.75,2.5058608,0.6085307
-75.54106145287895,215.625,2.4544547,0.57227015
-75.54106145287895,217.5,2.45465,0.5670148
-75.54106145287895,219.375,2.4171305,0.56076247
-75.54106145287895,221.25,-8.261014,1.9561626
-75.54106145287895,223.125,-9.544042,1.9391713
-75.54106145287895,225.0,-10.782772,1.921117
-75.54106145287895,226.875,-11.907537,1.889417
-75.54106145287895,228.75,-12.936268,1.8948557
-75.54106145287895,230.625,-13.861327,1.9069042
-75.54106145287895,232.5,-14.644978,1.9170234
-75.54106145287895,234.375,-15.181872,1.9304013
-75.54106145287895,236.25,-15.418044,1.9183669
-75.54106145287895,238.125,-15.365701,1.8828149
-75.54106145287895,240.0,-15.074743,1.8820381
-75.54106145287895,241.875,-14.6175375,1.8838172
-75.54106145287895,243.75,-14.036756,1.9106733
-75.54106145287895,245.625,-13.44662,1.9489361
-75.54106145287895,247.5,-12.887284,1.9991537
-75.54106145287895,249.375,-12.423222,2.026841
-75.54106145287895,251.25,-12.10412,2.0605237
-75.54106145287895,253.125,-11.998885,2.095242
-75.54106145287895,255.0,-12.10369,2.1128798
-75.54106145287895,256.875,-12.429706,2.1102536
-75.54106145287895,258.75,-12.960995,2.0949733
-75.54106145287895,260.625,-13.7133,2.077949
-75.54106145287895,262.5,-14.6179085,2.0695748
-75.54106145287895,264.375,-15.564763,2.064928
-75.54106145287895,266.25,-16.439373,2.0383706
-75.54106145287895,268.125,-17.121658,1.9989666
-75.54106145287895,270.0,-17.543337,1.9409606
-75.54106145287895,271.875,-17.736052,1.8890287
-75.54106145287895,273.75,-17.767889,1.8461447
-75.54106145287895,275.625,-17.66818,1.8158268
-75.54106145287895,277.5,-17.485174,1.8144863
-75.54106145287895,279.375,-17.262672,1.8405303
-75.54106145287895,281.25,-17.030642,1.9006919
-75.54106145287895,283.125,-16.670954,2.0010867
-75.54106145287895,285.0,-16.142673,2.08596
-75.54106145287895,286.875,-15.400232,2.1422808
-75.54106145287895,288.75,-14.65119,2.1447093
-75.54106145287895,290.625,-13.99078,2.1535068
-75.54106145287895,292.5,-13.421366,2.1183064
-75.54106145287895,294.375,-12.868182,2.057795
-75.54106145287895,296.25,-12.155858,1.9926456
-75.54106145287895,298.125,-1.7379282,2.4782202
-75.54106145287895,300.0,-2.193514,2.5646374
-75.54106145287895,301.875,-2.1404867,2.5298665
-75.54106145287895,303.75,-1.5145688,2.41159
-75.54106145287895,305.625,-0.7915219,2.1272755
-75.54106145287895,307.5,-0.096775815,1.76026
-75.54106145287895,309.375,0.51978666,1.4692333
-75.54106145287895,311.25,0.88197416,1.2548236
-75.54106145287895,313.125,1.0817398,1.1361281
-75.54106145287895,315.0,1.1949039,1.0616148
-75.54106145287895,316.875,1.2835758,0.9876916
-75.54106145287895,318.75,1.406857,0.92898303
-75.54106145287895,320.625,1.5706851,0.9165558
-75.54106145287895,322.5,1.7763883,0.9181596
-75.54106145287895,324.375,1.9526578,0.9146268
-75.54106145287895,326.25,2.160275,0.91134596
-75.54106145287895,328.125,2.442853,0.8800246
-75.54106145287895,330.0,2.696857,0.8323112
-75.54106145287895,331.875,2.9560366,0.84722686
-75.54106145287895,333.75,3.2359977,0.8559856
-75.54106145287895,335.625,3.475939,0.83813375
-75.54106145287895,337.5,3.6156266,0.782974
-75.54106145287895,339.375,3.7601774,0.7185633
-75.54106145287895,341.25,-13.287187,1.8543894
-75.54106145287895,343.125,-15.091892,1.7316965
-75.54106145287895,345.0,-17.065079,1.6909548
-75.54106145287895,346.875,-19.049978,1.6581454
-75.54106145287895,348.75,-21.081404,1.6734262
-75.54106145287895,350.625,-23.01574,1.663406
-75.54106145287895,352.5,-24.835466,1.648158
-75.54106145287895,354.375,-26.43537,1.6626145
-75.54106145287895,356.25,-27.802282,1.6551633
-75.54106145287895,358.125,-28.979137,1.6970513
-73.67613231320912,0.0,-24.248318,1.7669271
-73.67613231320912,1.875,-25.302263,1.7920523
-73.67613231320912,3.75,-26.34695,1.7850604
-73.67613231320912,5.625,-27.442575,1.829809
-73.67613231320912,7.5,-28.451677,1.8911233
-73.67613231320912,9.375,-29.346365,1.9181883
-73.67613231320912,11.25,-29.984098,1.9529995
-73.67613231320912,13.125,-30.28158,1.9796115
-73.67613231320912,15.0,-30.372322,1.9864507
-73.67613231320912,16.875,-30.151112,1.9876622
-73.67613231320912,18.75,-29.74279,1.9732351
-73.67613231320912,20.625,-29.202713,1.9293346
-73.67613231320912,22.5,-28.605545,1.8678511
-73.67613231320912,24.375,-28.132204,1.815759
-73.67613231320912,26.25,-27.894627,1.7719327
-73.67613231320912,28.125,-27.929588,1.7191944
-73.67613231320912,30.0,-28.33402,1.7136755
-73.67613231320912,31.875,-29.036598,1.7443134
-73.67613231320912,33.75,-30.00074,1.7557732
-73.67613231320912,35.625,-31.139194,1.8063138
-73.67613231320912,37.5,-32.324253,1.8489763
-73.67613231320912,39.375,-33.443825,1.9217001
-73.67613231320912,41.25,-34.42314,1.9835998
-73.67613231320912,43.125,-35.255463,2.0074549
-73.67613231320912,45.0,-35.953297,2.001335
-73.67613231320912,46.875,-36.634586,2.0126765
-73.67613231320912,48.75,-37.18183,1.9299914
-73.67613231320912,50.625,-37.341244,1.7917322
-73.67613231320912,52.5,-36.65283,1.633195
-73.67613231320912,54.375,-35.16607,1.5621308
-73.67613231320912,56.25,-33.440697,1.5784388
-73.67613231320912,58.125,-31.807222,1.6152723
-73.67613231320912,60.0,-30.28574,1.6665944
-73.67613231320912,61.875,-28.847654,1.7316878
-73.67613231320912,63.75,-27.5274,1.8213928
-73.67613231320912,65.625,-26.502068,1.9333198
-73.67613231320912,67.5,-25.974998,2.0506432
-73.67613231320912,69.375,-25.544764,2.2274413
-73.67613231320912,71.25,-25.018766,2.340656
-73.67613231320912,73.125,-24.410173,2.3250628
-73.67613231320912,75.0,-24.22281,2.1838386
-73.67613231320912,76.875,-24.825798,2.0930717
-73.67613231320912,78.75,-26.093376,2.0729585
-73.67613231320912,80.625,-27.684547,2.0724928
-73.67613231320912,82.5,-29.41859,2.0825324
-73.67613231320912,84.375,-31.098143,2.130914
-73.67613231320912,86.25,-32.530697,2.0513532
-73.67613231320912,88.125,-33.65939,2.024775
-73.67613231320912,90.0,-34.466988,2.0218728
-73.67613231320912,91.875,-34.962593,2.0434768
-73.67613231320912,93.75,-35.449623,2.0611484
-73.67613231320912,95.625,-35.812145,2.0565188
-73.67613231320912,97.5,-36.286575,2.0795178
-73.67613231320912,99.375,-36.782963,2.0303168
-73.67613231320912,101.25,-37.199642,1.9515985
-73.67613231320912,103.125,-37.46929,1.9061261
-73.67613231320912,105.0,-37.609917,1.906142
-73.67613231320912,106.875,-37.663002,1.9541395
-73.67613231320912,108.75,-37.658627,2.0108361
-73.67613231320912,110.625,-37.680798,2.0706003
-73.67613231320912,112.5,-37.764313,2.1559913
-73.67613231320912,114.375,-37.972866,2.18246
-73.67613231320912,116.25,-38.143665,2.2226124
-73.67613231320912,118.125,-38.284214,2.2548923
-73.67613231320912,120.0,-38.44109,2.2377198
-73.67613231320912,121.875,-38.59779,2.1962755
-73.67613231320912,123.75,-38.697086,2.1802373
-73.67613231320912,125.625,-38.6515,2.1210973
-73.67613231320912,127.5,-38.238197,2.0481524
-73.67613231320912,129.375,-37.628296,1.9610361
-73.67613231320912,131.25,-36.688686,1.8574343
-73.67613231320912,133.125,-35.72273,1.7800962
-73.67613231320912,135.0,-34.821304,1.780819
-73.67613231320912,136.875,-34.149975,1.7324708
-73.67613231320912,138.75,-33.660133,1.7496039
-73.67613231320912,140.625,-33.386246,1.8248136
-73.67613231320912,142.5,-33.315132,1.8668149
-73.67613231320912,144.375,-33.3648,1.9033473
-73.67613231320912,146.25,-33.40492,1.9109111
-73.67613231320912,148.125,-33.346012,1.938157
-73.67613231320912,150.0,-32.96511,1.9284304
-73.67613231320912,151.875,-32.307144,1.9352618
-73.67613231320912,153.75,-31.19943,1.9073228
-73.67613231320912,155.625,-29.696697,1.8925755
-73.67613231320912,157.5,-27.767029,1.839336
-73.67613231320912,159.375,-25.298573,1.7965422
-73.67613231320912,161.25,-22.51656,1.7534244
-73.67613231320912,163.125,-19.281794,1.7087336
-73.67613231320912,165.0,-15.963044,1.6454529
-73.67613231320912,166.875,-13.089921,1.6025605
-73.67613231320912,168.75,-0.39025238,0.6815694
-73.67613231320912,170.625,0.47400543,0.568571
-73.67613231320912,172.5,1.1034585,0.59296876
-73.67613231320912,174.375,1.4281851,0.59336555
-73.67613231320912,176.25,1.6071109,0.559864
-73.67613231320912,178.125,1.7161148,0.55309784
-73.67613231320912,180.0,1.7587124,0.59039605
-73.67613231320912,181.875,1.7134194,0.6401499
-73.67613231320912,183.75,1.7093375,0.689664
-73.67613231320912,185.625,1.8498062,0.7625123
-73.67613231320912,187.5,2.0914469,0.8326284
-73.67613231320912,189.375,2.3446891,0.8401581
-73.67613231320912,191.25,2.562775,0.8046692
-73.67613231320912,193.125,2.7239273,0.7803983
-73.67613231320912,195.0,2.8351579,0.7763472
-73.67613231320912,196.875,2.9212906,0.7648237
-73.67613231320912,198.75,2.9874625,0.7401952
-73.67613231320912,200.625,3.0353727,0.7122651
-73.67613231320912,202.5,3.054474,0.6905399
-73.67613231320912,204.375,3.0624626,0.68148637
-73.67613231320912,206.25,3.0667202,0.66981936
-73.67613231320912,208.125,3.0692203,0.66754204
-73.67613231320912,210.0,3.0708804,0.6808567
-73.67613231320912,211.875,3.0761733,0.69364387
-73.67613231320912,213.75,3.0854506,0.7016939
-73.67613231320912,215.625,3.0962124,0.69951963
-73.67613231320912,217.5,3.098068,0.68568933
-73.67613231320912,219.375,3.0819352,0.66219485
-73.67613231320912,221.25,3.0474234,0.6284897
-73.67613231320912,223.125,3.0179312,0.5975157
-73.67613231320912,225.0,3.005607,0.57807565
-73.67613231320912,226.875,2.972111,0.5571781
-73.67613231320912,228.75,2.860275,0.54043543
-73.67613231320912,230.625,2.763478,0.55109423
-73.67613231320912,232.5,2.9411345,0.5666894
-73.67613231320912,234.375,3.0594938,0.56754714
-73.67613231320912,236.25,2.3833218,0.5545359
-73.67613231320912,238.125,2.3787124,0.52737176
-73.67613231320912,240.0,2.4019742,0.5239714
-73.67613231320912,241.875,2.4512515,0.52451384
-73.67613231320912,243.75,2.4118376,0.5239805
-73.67613231320912,245.625,2.356935,0.5336428
-73.67613231320912,247.5,2.3620133,0.54673266
-73.67613231320912,249.375,2.4126186,0.5446033
-73.67613231320912,251.25,2.637482,0.52471536
-73.67613231320912,253.125,2.5454116,0.5493941
-73.67613231320912,255.0,2.6074429,0.58790606
-73.67613231320912,256.875,2.4160953,0.5959541
-73.67613231320912,258.75,-7.1505847,2.165194
-73.67613231320912,260.625,-7.769647,2.1616545
-73.67613231320912,262.5,-8.653964,2.1730309
-73.67613231320912,264.375,-9.52287,2.1671958
-73.67613231320912,266.25,-10.375566,2.15163
-73.67613231320912,268.125,-11.03414,2.1378777
-73.67613231320912,270.0,-11.397811,2.1221986
-73.67613231320912,271.875,-11.473964,2.1010392
-73.67613231320912,273.75,-11.233221,2.0761998
-73.67613231320912,275.625,-10.600136,2.007302
-73.67613231320912,277.5,1.6700602,0.4357381
-73.67613231320912,279.375,-10.361855,2.1918569
-73.67613231320912,281.25,-10.072753,2.243976
-73.67613231320912,283.125,-9.996542,2.2888885
-73.67613231320912,285.0,-9.9733,2.2915676
-73.67613231320912,286.875,-10.133612,2.2031884
-73.67613231320912,288.75,-10.457362,2.1410542
-73.67613231320912,290.625,-10.824823,2.0676916
-73.67613231320912,292.5,-11.105956,2.0249445
-73.67613231320912,294.375,-11.377089,1.988509
-73.67613231320912,296.25,-11.282479,1.9629285
-73.67613231320912,298.125,-10.59537,1.9167528
-73.67613231320912,300.0,-4.8097444,2.942561
-73.67613231320912,301.875,-3.6739633,2.775481
-73.67613231320912,303.75,-2.1588266,2.5335689
-73.67613231320912,305.625,-0.6060532,2.07488
-73.67613231320912,307.5,0.54236484,1.6050116
-73.67613231320912,309.375,1.2514468,1.2974987
-73.67613231320912,311.25,1.7638687,1.0971168
-73.67613231320912,313.125,2.128068,0.97961986
-73.67613231320912,315.0,2.2984,0.9152761
-73.67613231320912,316.875,2.3986928,0.8781682
-73.67613231320912,318.75,2.5635366,0.853527
-73.67613231320912,320.625,2.8414078,0.8260683
-73.67613231320912,322.5,3.1241226,0.8157178
-73.67613231320912,324.375,3.36465,0.80217856
-73.67613231320912,326.25,3.5859585,0.77480596
-73.67613231320912,328.125,3.7518961,0.74461055
-73.67613231320912,330.0,3.890646,0.7060831
-73.67613231320912,331.875,3.9989274,0.6886577
-73.67613231320912,333.75,4.052228,0.7005121
-73.67613231320912,335.625,4.0047865,0.7040889
-73.67613231320912,337.5,3.8671694,0.7085851
-73.67613231320912,339.375,3.7283218,0.72898823
-73.67613231320912,341.25,3.618986,0.76187724
-73.67613231320912,343.125,3.7026186,0.8253323
-73.67613231320912,345.0,-11.111464,1.5437595
-73.67613231320912,346.875,-13.054471,1.47486
-73.67613231320912,348.75,-15.210057,1.5124766
-73.67613231320912,350.625,-17.193064,1.5915339
-73.67613231320912,352.5,-19.057478,1.6315209
-73.67613231320912,354.375,-20.622849,1.674073
-73.67613231320912,356.25,-21.99615,1.7386645
-73.67613231320912,358.125,-23.165682,1.7528645
-71.81113211427447,0.0,-13.316737,1.499263
-71.81113211427447,1.875,-13.874725,1.4980241
-71.81113211427447,3.75,-14.532987,1.4896206
-71.81113211427447,5.625,-15.227792,1.483344
-71.81113211427447,7.5,-15.927224,1.50824
-71.81113211427447,9.375,-16.51459,1.5293621
-71.81113211427447,11.25,-16.866425,1.5304439
-71.81113211427447,13.125,-17.012127,1.5420277
-71.81113211427447,15.0,-16.838123,1.5434865
-71.81113211427447,16.875,-16.405584,1.5311544
-71.81113211427447,18.75,-15.81287,1.5067908
-71.81113211427447,20.625,-15.181581,1.4848487
-71.81113211427447,22.5,-14.657459,1.467381
-71.81113211427447,24.375,-14.390429,1.4259404
-71.81113211427447,26.25,-14.413163,1.4150084
-71.81113211427447,28.125,-14.85998,1.4177703
-71.81113211427447,30.0,-15.67207,1.4451308
-71.81113211427447,31.875,-16.848494,1.4792446
-71.81113211427447,33.75,-18.279783,1.5190508
-71.81113211427447,35.625,-19.893162,1.5791823
-71.81113211427447,37.5,-21.560896,1.6140599
-71.81113211427447,39.375,-23.196053,1.6449739
-71.81113211427447,41.25,-24.75285,1.6681082
-71.81113211427447,43.125,-26.22865,1.6992337
-71.81113211427447,45.0,-27.695759,1.7392372
-71.81113211427447,46.875,-29.217068,1.8154622
-71.81113211427447,48.75,-30.902615,1.8726887
-71.81113211427447,50.625,-32.688217,1.9607829
-71.81113211427447,52.5,-34.20736,2.0043836
-71.81113211427447,54.375,-34.810463,1.8779465
-71.81113211427447,56.25,-33.826126,1.6366781
-71.81113211427447,58.125,-31.862574,1.5344983
-71.81113211427447,60.0,-29.834255,1.5736924
-71.81113211427447,61.875,-27.652283,1.671822
-71.81113211427447,63.75,-25.264431,1.7710184
-71.81113211427447,65.625,-22.883024,1.8942186
-71.81113211427447,67.5,-20.845858,2.0252638
-71.81113211427447,69.375,-19.838806,2.1706688
-71.81113211427447,71.25,-19.402946,2.4223716
-71.81113211427447,73.125,-18.823885,2.451521
-71.81113211427447,75.0,-18.611599,2.2203195
-71.81113211427447,76.875,-19.561384,1.9431077
-71.81113211427447,78.75,-21.537731,1.862104
-71.81113211427447,80.625,-23.900623,1.8677762
-71.81113211427447,82.5,-26.271658,1.9196615
-71.81113211427447,84.375,-28.271599,1.966059
-71.81113211427447,86.25,-29.6299,1.9579071
-71.81113211427447,88.125,-30.660896,1.9013928
-71.81113211427447,90.0,-31.094978,1.8894348
-71.81113211427447,91.875,-31.416227,1.8962688
-71.81113211427447,93.75,-31.657146,1.911069
-71.81113211427447,95.625,-32.08644,1.9605379
-71.81113211427447,97.5,-32.66197,2.019126
-71.81113211427447,99.375,-33.296032,2.0357122
-71.81113211427447,101.25,-33.86236,2.0733275
-71.81113211427447,103.125,-34.228626,2.1112914
-71.81113211427447,105.0,-34.36386,2.1613903
-71.81113211427447,106.875,-34.272495,2.2180157
-71.81113211427447,108.75,-34.01152,2.289143
-71.81113211427447,110.625,-33.696205,2.3393826
-71.81113211427447,112.5,-33.391693,2.3620021
-71.81113211427447,114.375,-33.11523,2.3532133
-71.81113211427447,116.25,-32.875854,2.289506
-71.81113211427447,118.125,-32.742653,2.211239
-71.81113211427447,120.0,-32.683296,2.1452973
-71.81113211427447,121.875,-32.781204,2.0804703
-71.81113211427447,123.75,-33.02947,2.0038557
-71.81113211427447,125.625,-33.33847,2.0128691
-71.81113211427447,127.5,-33.745327,2.0065048
-71.81113211427447,129.375,-34.07146,2.0093834
-71.81113211427447,131.25,-34.20527,1.9562824
-71.81113211427447,133.125,-34.091324,1.9132723
-71.81113211427447,135.0,-33.78605,1.858773
-71.81113211427447,136.875,-33.331615,1.7863545
-71.81113211427447,138.75,-32.805973,1.7607425
-71.81113211427447,140.625,-32.258724,1.7652086
-71.81113211427447,142.5,-31.651617,1.7737511
-71.81113211427447,144.375,-31.02449,1.8317428
-71.81113211427447,146.25,-30.408806,1.9249136
-71.81113211427447,148.125,-29.758455,1.9901006
-71.81113211427447,150.0,-29.085272,2.0497396
-71.81113211427447,151.875,-28.293318,2.0889688
-71.81113211427447,153.75,-27.288103,2.1283085
-71.81113211427447,155.625,-26.015759,2.1250672
-71.81113211427447,157.5,-24.417927,2.0544765
-71.81113211427447,159.375,-22.440857,1.966564
-71.81113211427447,161.25,-20.155018,1.8712782
-71.81113211427447,163.125,-17.645037,1.7899281
-71.81113211427447,165.0,-14.981815,1.7282764
-71.81113211427447,166.875,-12.41455,1.6961898
-71.81113211427447,168.75,-9.748553,1.6756142
-71.81113211427447,170.625,0.21619293,0.6418814
-71.81113211427447,172.5,0.8621304,0.563951
-71.81113211427447,174.375,1.4025406,0.5325956
-71.81113211427447,176.25,1.5881851,0.51413995
-71.81113211427447,178.125,1.7425991,0.50492126
-71.81113211427447,180.0,1.7469156,0.52432877
-71.81113211427447,181.875,1.7100797,0.57251537
-71.81113211427447,183.75,1.7238101,0.61469364
-71.81113211427447,185.625,1.8612515,0.67791426
-71.81113211427447,187.5,2.1757438,0.76266474
-71.81113211427447,189.375,2.5122867,0.76548207
-71.81113211427447,191.25,2.7176187,0.7318596
-71.81113211427447,193.125,2.8489468,0.7213107
-71.81113211427447,195.0,2.9179506,0.7082698
-71.81113211427447,196.875,3.0214078,0.7127753
-71.81113211427447,198.75,3.1272476,0.70558035
-71.81113211427447,200.625,3.2123258,0.69066685
-71.81113211427447,202.5,3.2810953,0.68244934
-71.81113211427447,204.375,3.3291616,0.6716432
-71.81113211427447,206.25,3.365978,0.6648736
-71.81113211427447,208.125,3.3938882,0.6811551
-71.81113211427447,210.0,3.4176774,0.6957252
-71.81113211427447,211.875,3.4369743,0.7077364
-71.81113211427447,213.75,3.4316616,0.71822476
-71.81113211427447,215.625,3.389435,0.724828
-71.81113211427447,217.5,3.3457828,0.73258644
-71.81113211427447,219.375,3.2596304,0.72254723
-71.81113211427447,221.25,3.158107,0.6968277
-71.81113211427447,223.125,3.108693,0.6945449
-71.81113211427447,225.0,3.1524234,0.6898402
-71.81113211427447,226.875,3.26756,0.67235965
-71.81113211427447,228.75,3.3240054,0.6370612
-71.81113211427447,230.625,3.4279313,0.6313583
-71.81113211427447,232.5,3.5694742,0.657229
-71.81113211427447,234.375,3.6999428,0.6613324
-71.81113211427447,236.25,3.687189,0.6544785
-71.81113211427447,238.125,3.6295915,0.6349299
-71.81113211427447,240.0,3.5687125,0.61902964
-71.81113211427447,241.875,3.5591617,0.60491574
-71.81113211427447,243.75,3.5176187,0.59310526
-71.81113211427447,245.625,3.3900602,0.57623506
-71.81113211427447,247.5,3.2548258,0.5596139
-71.81113211427447,249.375,3.1812515,0.5622185
-71.81113211427447,251.25,3.1514664,0.5812229
-71.81113211427447,253.125,3.1329703,0.5925393
-71.81113211427447,255.0,3.0867398,0.5733141
-71.81113211427447,256.875,2.9948647,0.5573035
-71.81113211427447,258.75,2.9799235,0.54905945
-71.81113211427447,260.625,2.982228,0.53508186
-71.81113211427447,262.5,2.9394157,0.5175192
-71.81113211427447,264.375,2.563654,0.4760118
-71.81113211427447,266.25,2.1063492,0.47037575
-71.81113211427447,268.125,2.4682436,0.47934154
-71.81113211427447,270.0,2.7469156,0.47469482
-71.81113211427447,271.875,3.0335758,0.48136616
-71.81113211427447,273.75,3.2653725,0.4906998
-71.81113211427447,275.625,3.5792007,0.51746607
-71.81113211427447,277.5,4.0257826,0.56319827
-71.81113211427447,279.375,4.3987904,0.5779731
-71.81113211427447,281.25,4.5564275,0.5488471
-71.81113211427447,283.125,4.7190056,0.5201753
-71.81113211427447,285.0,-4.155233,1.9690508
-71.81113211427447,286.875,-5.0131626,2.1177154
-71.81113211427447,288.75,-6.528358,2.2680175
-71.81113211427447,290.625,-7.869725,2.192141
-71.81113211427447,292.5,-8.920838,2.0895576
-71.81113211427447,294.375,-9.520956,1.9923927
-71.81113211427447,296.25,-9.610604,1.8983186
-71.81113211427447,298.125,-9.205799,1.8496203
-71.81113211427447,300.0,-4.8794127,2.4196126
-71.81113211427447,301.875,-3.5637484,2.1924107
-71.81113211427447,303.75,-1.6369126,1.8888794
-71.81113211427447,305.625,0.48953277,1.4783263
-71.81113211427447,307.5,1.7755874,1.0830389
-71.81113211427447,309.375,2.115607,0.93239206
-71.81113211427447,311.25,2.3339078,0.8659513
-71.81113211427447,313.125,2.567072,0.8360821
-71.81113211427447,315.0,2.7937124,0.8266057
-71.81113211427447,316.875,3.0419548,0.8067685
-71.81113211427447,318.75,3.2238493,0.7759052
-71.81113211427447,320.625,3.4120328,0.77172506
-71.81113211427447,322.5,3.5992203,0.7733636
-71.81113211427447,324.375,3.7230875,0.75280315
-71.81113211427447,326.25,3.8030875,0.7453727
-71.81113211427447,328.125,3.865353,0.7648467
-71.81113211427447,330.0,3.9093375,0.7611851
-71.81113211427447,331.875,3.9841225,0.7320162
-71.81113211427447,333.75,4.0425406,0.6825146
-71.81113211427447,335.625,4.0409193,0.6379497
-71.81113211427447,337.5,3.9866812,0.6393069
-71.81113211427447,339.375,3.8982437,0.6568473
-71.81113211427447,341.25,3.7182436,0.6777149
-71.81113211427447,343.125,3.4176383,0.71409154
-71.81113211427447,345.0,3.020314,0.7537257
-71.81113211427447,346.875,2.525021,0.7867671
-71.81113211427447,348.75,-8.179471,1.820755
-71.81113211427447,350.625,-9.529667,1.7638028
-71.81113211427447,352.5,-10.717323,1.700668
-71.81113211427447,354.375,-11.590898,1.612986
-71.81113211427447,356.25,-12.261698,1.5499192
-71.81113211427447,358.125,-12.797362,1.5116414
-69.94608064698343,0.0,2.6839077,0.5927508
-69.94608064698343,1.875,2.5616813,0.6036627
-69.94608064698343,3.75,2.6671305,0.5869546
-69.94608064698343,5.625,2.7004507,0.58699685
-69.94608064698343,7.5,2.5742593,0.6010826
-69.94608064698343,9.375,2.2631266,0.6219395
-69.94608064698343,11.25,1.9294547,0.6348893
-69.94608064698343,13.125,1.7871109,0.6027282
-69.94608064698343,15.0,1.7835758,0.6383934
-69.94608064698343,16.875,2.1042008,0.6424309
-69.94608064698343,18.75,2.4074624,0.617342
-69.94608064698343,20.625,2.5219157,0.5984606
-69.94608064698343,22.5,2.5516617,0.61909074
-69.94608064698343,24.375,2.4848063,0.6598422
-69.94608064698343,26.25,2.3406265,0.70474374
-69.94608064698343,28.125,2.0698256,0.71517116
-69.94608064698343,30.0,-4.9726353,1.4882607
-69.94608064698343,31.875,-5.88328,1.5573775
-69.94608064698343,33.75,-7.1828895,1.6034523
-69.94608064698343,35.625,-8.633885,1.5786642
-69.94608064698343,37.5,-10.278378,1.5216765
-69.94608064698343,39.375,-11.9925375,1.4714104
-69.94608064698343,41.25,-13.809862,1.423421
-69.94608064698343,43.125,-15.74078,1.424776
-69.94608064698343,45.0,-17.7374,1.4732742
-69.94608064698343,46.875,-19.809725,1.5323732
-69.94608064698343,48.75,-21.941092,1.617171
-69.94608064698343,50.625,-24.098845,1.728482
-69.94608064698343,52.5,-26.17449,1.8227158
-69.94608064698343,54.375,-27.83824,1.9000447
-69.94608064698343,56.25,-28.895037,1.8858281
-69.94608064698343,58.125,-28.442303,1.7719315
-69.94608064698343,60.0,-27.022146,1.7266347
-69.94608064698343,61.875,-24.734821,1.7217712
-69.94608064698343,63.75,-21.778435,1.7821798
-69.94608064698343,65.625,-18.360212,1.8452897
-69.94608064698343,67.5,-15.070954,1.9153978
-69.94608064698343,69.375,1.8002163,0.75681835
-69.94608064698343,71.25,2.5529897,0.7825923
-69.94608064698343,73.125,2.8690445,0.703235
-69.94608064698343,75.0,-11.159061,2.2061882
-69.94608064698343,76.875,-12.076796,1.8900317
-69.94608064698343,78.75,-14.187089,1.6429805
-69.94608064698343,80.625,-16.77943,1.6193361
-69.94608064698343,82.5,-19.484686,1.69524
-69.94608064698343,84.375,-21.73574,1.7706658
-69.94608064698343,86.25,-23.283298,1.8156891
-69.94608064698343,88.125,-24.168903,1.8135408
-69.94608064698343,90.0,-24.639353,1.7739635
-69.94608064698343,91.875,-24.97074,1.7748151
-69.94608064698343,93.75,-25.43533,1.7750608
-69.94608064698343,95.625,-26.170681,1.8054335
-69.94608064698343,97.5,-27.11953,1.849596
-69.94608064698343,99.375,-28.052341,1.9153023
-69.94608064698343,101.25,-28.884743,2.026213
-69.94608064698343,103.125,-29.320759,2.1369905
-69.94608064698343,105.0,-29.421598,2.2041528
-69.94608064698343,106.875,-29.10695,2.2727609
-69.94608064698343,108.75,-28.463356,2.325045
-69.94608064698343,110.625,-27.67572,2.3537288
-69.94608064698343,112.5,-26.86111,2.3210878
-69.94608064698343,114.375,-26.090446,2.2434046
-69.94608064698343,116.25,-25.426443,2.1701798
-69.94608064698343,118.125,-24.881813,2.0486748
-69.94608064698343,120.0,-24.518475,1.9635932
-69.94608064698343,121.875,-24.400446,1.9138429
-69.94608064698343,123.75,-24.616013,1.8836787
-69.94608064698343,125.625,-25.218904,1.8733499
-69.94608064698343,127.5,-26.198864,1.9026883
-69.94608064698343,129.375,-27.41822,1.923112
-69.94608064698343,131.25,-28.69449,1.9829494
-69.94608064698343,133.125,-29.74443,1.9704571
-69.94608064698343,135.0,-30.367458,1.9727135
-69.94608064698343,136.875,-30.330524,1.9644896
-69.94608064698343,138.75,-29.660759,1.9292405
-69.94608064698343,140.625,-28.362926,1.895543
-69.94608064698343,142.5,-26.572577,1.8507823
-69.94608064698343,144.375,-24.536892,1.8353418
-69.94608064698343,146.25,-22.53572,1.8405707
-69.94608064698343,148.125,-20.634178,1.8791354
-69.94608064698343,150.0,-18.986834,1.9446101
-69.94608064698343,151.875,-17.53072,2.0017982
-69.94608064698343,153.75,-16.263474,2.036167
-69.94608064698343,155.625,-15.068066,1.9932325
-69.94608064698343,157.5,-13.773124,1.9218562
-69.94608064698343,159.375,-12.103534,1.8306028
-69.94608064698343,161.25,-0.29411957,0.606158
-69.94608064698343,163.125,-0.08452973,0.5945519
-69.94608064698343,165.0,0.16629058,0.5620738
-69.94608064698343,166.875,0.47224763,0.55380464
-69.94608064698343,168.75,0.6954117,0.54496235
-69.94608064698343,170.625,1.2661148,0.50992095
-69.94608064698343,172.5,1.689064,0.48791105
-69.94608064698343,174.375,2.006896,0.461989
-69.94608064698343,176.25,2.1143765,0.44041118
-69.94608064698343,178.125,2.144689,0.42061016
-69.94608064698343,180.0,2.099025,0.4380563
-69.94608064698343,181.875,2.0483804,0.49194565
-69.94608064698343,183.75,2.0443766,0.5551066
-69.94608064698343,185.625,2.1367593,0.615278
-69.94608064698343,187.5,2.3253727,0.6573302
-69.94608064698343,189.375,2.5272086,0.6700034
-69.94608064698343,191.25,2.6536539,0.6573117
-69.94608064698343,193.125,2.7013688,0.6286428
-69.94608064698343,195.0,2.7227554,0.6172886
-69.94608064698343,196.875,2.7399235,0.62931263
-69.94608064698343,198.75,2.764064,0.63836616
-69.94608064698343,200.625,2.821564,0.6395147
-69.94608064698343,202.5,2.9029312,0.6382552
-69.94608064698343,204.375,2.9655485,0.63251615
-69.94608064698343,206.25,3.0158803,0.6133416
-69.94608064698343,208.125,3.056271,0.60288244
-69.94608064698343,210.0,3.0763102,0.61296666
-69.94608064698343,211.875,3.0755093,0.62810874
-69.94608064698343,213.75,3.063224,0.64323735
-69.94608064698343,215.625,3.028439,0.660378
-69.94608064698343,217.5,2.9631655,0.6741184
-69.94608064698343,219.375,2.8979897,0.67975235
-69.94608064698343,221.25,2.8648257,0.6895561
-69.94608064698343,223.125,2.8048453,0.69540477
-69.94608064698343,225.0,2.9189079,0.6670766
-69.94608064698343,226.875,3.1701577,0.63817906
-69.94608064698343,228.75,3.2160952,0.6132387
-69.94608064698343,230.625,3.1710367,0.6277629
-69.94608064698343,232.5,3.129318,0.6552776
-69.94608064698343,234.375,3.2243764,0.6709877
-69.94608064698343,236.25,3.286896,0.6480862
-69.94608064698343,238.125,3.268986,0.6266093
-69.94608064698343,240.0,3.3115249,0.6461331
-69.94608064698343,241.875,3.383439,0.6652235
-69.94608064698343,243.75,3.4188101,0.66071963
-69.94608064698343,245.625,3.4281852,0.6535771
-69.94608064698343,247.5,3.3976967,0.64828724
-69.94608064698343,249.375,3.3420913,0.64268655
-69.94608064698343,251.25,3.305568,0.6448059
-69.94608064698343,253.125,3.3166032,0.6370589
-69.94608064698343,255.0,3.3815835,0.62377363
-69.94608064698343,256.875,3.4981265,0.62652475
-69.94608064698343,258.75,3.6371305,0.6365785
-69.94608064698343,260.625,3.7528336,0.6166135
-69.94608064698343,262.5,3.8267202,0.6021403
-69.94608064698343,264.375,3.8495133,0.5974692
-69.94608064698343,266.25,3.8281069,0.5888793
-69.94608064698343,268.125,3.7947671,0.58994365
-69.94608064698343,270.0,3.7646303,0.5969618
-69.94608064698343,271.875,3.7912514,0.60944384
-69.94608064698343,273.75,3.9470913,0.6152148
-69.94608064698343,275.625,4.191193,0.61774874
-69.94608064698343,277.5,4.461076,0.633405
-69.94608064698343,279.375,4.6944156,0.6437961
-69.94608064698343,281.25,4.7722673,0.6347926
-69.94608064698343,283.125,4.610275,0.604857
-69.94608064698343,285.0,4.2662907,0.56009954
-69.94608064698343,286.875,4.0866227,0.53707176
-69.94608064698343,288.75,-3.4706821,1.8069623
-69.94608064698343,290.625,-4.7460923,2.0072393
-69.94608064698343,292.5,-6.005526,2.0878718
-69.94608064698343,294.375,-6.6856823,1.966287
-69.94608064698343,296.25,-6.867655,1.8432957
-69.94608064698343,298.125,-6.4826746,1.7437468
-69.94608064698343,300.0,-3.9221275,1.8239768
-69.94608064698343,301.875,-2.2648423,1.6481918
-69.94608064698343,303.75,-0.5351547,1.5014282
-69.94608064698343,305.625,1.0403726,1.2450356
-69.94608064698343,307.5,2.0530875,0.95592856
-69.94608064698343,309.375,2.422736,0.8502551
-69.94608064698343,311.25,2.5823257,0.84450275
-69.94608064698343,313.125,2.7346694,0.8405173
-69.94608064698343,315.0,2.9389858,0.8424425
-69.94608064698343,316.875,3.1943178,0.80254304
-69.94608064698343,318.75,3.4821305,0.7541691
-69.94608064698343,320.625,3.696564,0.719533
-69.94608064698343,322.5,3.804865,0.6885231
-69.94608064698343,324.375,3.8205874,0.6674809
-69.94608064698343,326.25,3.787482,0.65316737
-69.94608064698343,328.125,3.7266226,0.64074975
-69.94608064698343,330.0,3.6910367,0.62373334
-69.94608064698343,331.875,3.6936734,0.5957316
-69.94608064698343,333.75,3.7066617,0.5727515
-69.94608064698343,335.625,3.729357,0.5672766
-69.94608064698343,337.5,3.7831657,0.56390506
-69.94608064698343,339.375,3.8220913,0.5652481
-69.94608064698343,341.25,3.841486,0.56991833
-69.94608064698343,343.125,3.8344936,0.5637621
-69.94608064698343,345.0,3.8200016,0.5624631
-69.94608064698343,346.875,3.7599626,0.5728576
-69.94608064698343,348.75,3.6475992,0.5921392
-69.94608064698343,350.625,3.407482,0.60337645
-69.94608064698343,352.5,3.1342788,0.59788305
-69.94608064698343,354.375,2.7414467,0.5971282
-69.94608064698343,356.25,2.692443,0.60909134
-69.94608064698343,358.125,2.7635758,0.6064876
-68.08099098565125,0.0,4.064748,0.57674676
-68.08099098565125,1.875,4.0389466,0.56780106
-68.08099098565125,3.75,3.9228725,0.545655
-68.08099098565125,5.625,3.9313688,0.54060113
-68.08099098565125,7.5,3.8909194,0.5647108
-68.08099098565125,9.375,3.734279,0.58432734
-68.08099098565125,11.25,3.6140053,0.61684775
-68.08099098565125,13.125,3.467189,0.61623245
-68.08099098565125,15.0,3.6966617,0.6098874
-68.08099098565125,16.875,3.993322,0.58464116
-68.08099098565125,18.75,4.1086736,0.5643865
-68.08099098565125,20.625,4.1546693,0.54583335
-68.08099098565125,22.5,4.1604314,0.5268954
-68.08099098565125,24.375,4.1335564,0.5250333
-68.08099098565125,26.25,4.0209975,0.51424
-68.08099098565125,28.125,3.8451383,0.5214042
-68.08099098565125,30.0,3.5513296,0.55595416
-68.08099098565125,31.875,3.0342593,0.6196404
-68.08099098565125,33.75,2.7167594,0.6450302
-68.08099098565125,35.625,2.010353,0.7162678
-68.08099098565125,37.5,2.2923062,0.67404014
-68.08099098565125,39.375,2.2313883,0.6231323
-68.08099098565125,41.25,1.961857,0.6244723
-68.08099098565125,43.125,1.6482632,0.5965305
-68.08099098565125,45.0,-7.880565,1.5076631
-68.08099098565125,46.875,-9.972264,1.4541014
-68.08099098565125,48.75,-12.112675,1.4360452
-68.08099098565125,50.625,-13.991835,1.4345759
-68.08099098565125,52.5,-15.717654,1.4721547
-68.08099098565125,54.375,-17.173807,1.4740111
-68.08099098565125,56.25,-18.327888,1.4498259
-68.08099098565125,58.125,-18.794802,1.4654353
-68.08099098565125,60.0,-18.478474,1.5173957
-68.08099098565125,61.875,-17.32283,1.602696
-68.08099098565125,63.75,-15.44363,1.7066932
-68.08099098565125,65.625,-12.943358,1.8144505
-68.08099098565125,67.5,-10.129315,1.9559115
-68.08099098565125,69.375,1.7524625,0.8134894
-68.08099098565125,71.25,2.3677945,0.7157672
-68.08099098565125,73.125,3.1507242,0.61766106
-68.08099098565125,75.0,3.0766032,0.5894158
-68.08099098565125,76.875,2.5880485,0.56881493
-68.08099098565125,78.75,2.2026186,0.53532076
-68.08099098565125,80.625,-8.352655,1.5480856
-68.08099098565125,82.5,-10.277166,1.4794097
-68.08099098565125,84.375,-11.970898,1.5066545
-68.08099098565125,86.25,-13.108495,1.5289838
-68.08099098565125,88.125,-13.818221,1.5211434
-68.08099098565125,90.0,-14.309178,1.5106653
-68.08099098565125,91.875,-14.8441,1.4853344
-68.08099098565125,93.75,-15.574491,1.4816908
-68.08099098565125,95.625,-16.563084,1.5290259
-68.08099098565125,97.5,-17.6782,1.5857338
-68.08099098565125,99.375,-18.736326,1.658587
-68.08099098565125,101.25,-19.503786,1.7529314
-68.08099098565125,103.125,-19.865934,1.8624913
-68.08099098565125,105.0,-19.714178,1.928983
-68.08099098565125,106.875,-19.111305,1.9638805
-68.08099098565125,108.75,-18.22238,1.9637592
-68.08099098565125,110.625,-17.214745,1.9486862
-68.08099098565125,112.5,-16.21328,1.919363
-68.08099098565125,114.375,-15.333963,1.8738992
-68.08099098565125,116.25,-14.50748,1.8031229
-68.08099098565125,118.125,-13.870486,1.7447684
-68.08099098565125,120.0,-13.455036,1.6731904
-68.08099098565125,121.875,-13.330153,1.6352067
-68.08099098565125,123.75,-13.610037,1.6007642
-68.08099098565125,125.625,-14.317713,1.6101116
-68.08099098565125,127.5,-15.461736,1.6499655
-68.08099098565125,129.375,-16.927282,1.6882644
-68.08099098565125,131.25,-18.513025,1.7439457
-68.08099098565125,133.125,-19.89533,1.7914882
-68.08099098565125,135.0,-20.805975,1.8056384
-68.08099098565125,136.875,-20.934666,1.8098482
-68.08099098565125,138.75,-20.206482,1.7874044
-68.08099098565125,140.625,-18.699099,1.7309602
-68.08099098565125,142.5,-16.642576,1.6825553
-68.08099098565125,144.375,-14.253007,1.6567833
-68.08099098565125,146.25,-1.5112094,1.6780034
-68.08099098565125,148.125,-0.6251352,1.3697904
-68.08099098565125,150.0,-0.22294769,1.3265522
-68.08099098565125,151.875,0.17506012,1.1776904
-68.08099098565125,153.75,0.6347086,1.0970769
-68.08099098565125,155.625,0.4173648,1.0301374
-68.08099098565125,157.5,1.1280875,0.76757383
-68.08099098565125,159.375,1.5513101,0.5972506
-68.08099098565125,161.25,2.0433023,0.54500276
-68.08099098565125,163.125,2.489611,0.5730805
-68.08099098565125,165.0,2.633693,0.55553126
-68.08099098565125,166.875,2.6719155,0.52896494
-68.08099098565125,168.75,2.6955678,0.51404
-68.08099098565125,170.625,2.7208219,0.50917476
-68.08099098565125,172.5,2.7580483,0.4848933
-68.08099098565125,174.375,2.774728,0.46035737
-68.08099098565125,176.25,2.7633805,0.4526732
-68.08099098565125,178.125,2.7156265,0.44403854
-68.08099098565125,180.0,2.6342983,0.42850453
-68.08099098565125,181.875,2.555685,0.41486847
-68.08099098565125,183.75,2.5094352,0.40519527
-68.08099098565125,185.625,2.4863296,0.42092845
-68.08099098565125,187.5,2.4935758,0.45575932
-68.08099098565125,189.375,2.5483024,0.49465352
-68.08099098565125,191.25,2.6341813,0.5259524
-68.08099098565125,193.125,2.696564,0.54418087
-68.08099098565125,195.0,2.7255485,0.55227625
-68.08099098565125,196.875,2.7203531,0.5684488
-68.08099098565125,198.75,2.6947086,0.577264
-68.08099098565125,200.625,2.6979704,0.58798265
-68.08099098565125,202.5,2.7613297,0.60612553
-68.08099098565125,204.375,2.869318,0.6128842
-68.08099098565125,206.25,3.0107632,0.60411555
-68.08099098565125,208.125,3.1069937,0.60925907
-68.08099098565125,210.0,3.1401186,0.6102851
-68.08099098565125,211.875,3.1229508,0.62111723
-68.08099098565125,213.75,3.0807633,0.632585
-68.08099098565125,215.625,3.057189,0.6311985
-68.08099098565125,217.5,3.0656655,0.62688893
-68.08099098565125,219.375,3.1021109,0.6246412
-68.08099098565125,221.25,3.1542788,0.62707126
-68.08099098565125,223.125,3.2442007,0.618579
-68.08099098565125,225.0,3.4016812,0.60102624
-68.08099098565125,226.875,3.435275,0.5962345
-68.08099098565125,228.75,3.3567202,0.58419937
-68.08099098565125,230.625,3.2891617,0.5975394
-68.08099098565125,232.5,3.2172866,0.6042259
-68.08099098565125,234.375,3.1660562,0.5817307
-68.08099098565125,236.25,3.1708803,0.5699272
-68.08099098565125,238.125,3.2401383,0.57770926
-68.08099098565125,240.0,3.341603,0.58307225
-68.08099098565125,241.875,3.4472086,0.58312976
-68.08099098565125,243.75,3.5461538,0.58987296
-68.08099098565125,245.625,3.6297085,0.6005188
-68.08099098565125,247.5,3.6596694,0.59935594
-68.08099098565125,249.375,3.6486344,0.60369575
-68.08099098565125,251.25,3.615861,0.60060865
-68.08099098565125,253.125,3.609279,0.5920323
-68.08099098565125,255.0,3.6547086,0.594878
-68.08099098565125,256.875,3.7368765,0.6008767
-68.08099098565125,258.75,3.8304703,0.6046594
-68.08099098565125,260.625,3.9279509,0.60771656
-68.08099098565125,262.5,4.0265837,0.61146104
-68.08099098565125,264.375,4.108654,0.6170945
-68.08099098565125,266.25,4.1404896,0.6169693
-68.08099098565125,268.125,4.1114664,0.60978097
-68.08099098565125,270.0,4.007072,0.6041672
-68.08099098565125,271.875,3.8548257,0.60875237
-68.08099098565125,273.75,3.7604897,0.60592484
-68.08099098565125,275.625,3.8029313,0.61704016
-68.08099098565125,277.5,3.9757438,0.6465545
-68.08099098565125,279.375,4.221447,0.66981876
-68.08099098565125,281.25,4.4317594,0.65148777
-68.08099098565125,283.125,4.4947867,0.6199823
-68.08099098565125,285.0,4.3450603,0.5894669
-68.08099098565125,286.875,3.9905484,0.5487059
-68.08099098565125,288.75,3.4346695,0.4869558
-68.08099098565125,290.625,2.8565445,0.4731436
-68.08099098565125,292.5,2.1681657,0.5510951
-68.08099098565125,294.375,-3.5845492,1.6259143
-68.08099098565125,296.25,-3.1732993,2.01644
-68.08099098565125,298.125,-3.178807,1.6162336
-68.08099098565125,300.0,-2.5401742,1.3950716
-68.08099098565125,301.875,-1.3519711,1.4232622
-68.08099098565125,303.75,0.18756013,1.4409066
-68.08099098565125,305.625,1.4476773,1.1631734
-68.08099098565125,307.5,2.0820522,0.8605029
-68.08099098565125,309.375,2.4440446,0.81254625
-68.08099098565125,311.25,2.7192788,0.8408588
-68.08099098565125,313.125,3.0327554,0.80536
-68.08099098565125,315.0,3.403029,0.7587625
-68.08099098565125,316.875,3.6824038,0.70695126
-68.08099098565125,318.75,3.8554702,0.65272486
-68.08099098565125,320.625,3.9538102,0.64052194
-68.08099098565125,322.5,3.978654,0.6267635
-68.08099098565125,324.375,3.9636343,0.6007114
-68.08099098565125,326.25,3.929728,0.571723
-68.08099098565125,328.125,3.9115055,0.5475297
-68.08099098565125,330.0,3.9150796,0.532981
-68.08099098565125,331.875,3.9266226,0.5244782
-68.08099098565125,333.75,3.9585757,0.5209316
-68.08099098565125,335.625,3.9970329,0.52006924
-68.08099098565125,337.5,4.0115447,0.5178959
-68.08099098565125,339.375,4.015099,0.50930387
-68.08099098565125,341.25,3.9564664,0.49819216
-68.08099098565125,343.125,3.8611343,0.5137407
-68.08099098565125,345.0,3.767189,0.5223068
-68.08099098565125,346.875,3.708146,0.51383173
-68.08099098565125,348.75,3.741232,0.5132845
-68.08099098565125,350.625,3.8310757,0.51535594
-68.08099098565125,352.5,3.8897867,0.5262881
-68.08099098565125,354.375,3.9489663,0.53698826
-68.08099098565125,356.25,4.0165834,0.5596493
-68.08099098565125,358.125,4.0629506,0.57699245
-66.2158721139987,0.0,4.001486,0.49148753
-66.2158721139987,1.875,3.9052749,0.5088589
-66.2158721139987,3.75,3.8700016,0.5217534
-66.2158721139987,5.625,3.9314077,0.525193
-66.2158721139987,7.5,3.9490445,0.5330695
-66.2158721139987,9.375,3.9072084,0.5486773
-66.2158721139987,11.25,3.900822,0.5647123
-66.2158721139987,13.125,3.9011538,0.59557205
-66.2158721139987,15.0,4.0071697,0.6009182
-66.2158721139987,16.875,4.0598454,0.56087726
-66.2158721139987,18.75,4.0730877,0.52587605
-66.2158721139987,20.625,4.1553335,0.5109306
-66.2158721139987,22.5,4.1999235,0.5032764
-66.2158721139987,24.375,4.227189,0.5088253
-66.2158721139987,26.25,4.3089466,0.50452673
-66.2158721139987,28.125,4.3939857,0.4684708
-66.2158721139987,30.0,4.2752748,0.48016253
-66.2158721139987,31.875,3.9298453,0.5156379
-66.2158721139987,33.75,3.7564077,0.5433858
-66.2158721139987,35.625,3.9205875,0.52273834
-66.2158721139987,37.5,4.131564,0.48896512
-66.2158721139987,39.375,4.040431,0.5228971
-66.2158721139987,41.25,3.6678727,0.5745974
-66.2158721139987,43.125,3.2721696,0.58970004
-66.2158721139987,45.0,2.803478,0.58804214
-66.2158721139987,46.875,2.308849,0.5820956
-66.2158721139987,48.75,1.8985758,0.5578963
-66.2158721139987,50.625,1.8250406,0.58738095
-66.2158721139987,52.5,-4.507147,1.3478081
-66.2158721139987,54.375,-5.096327,1.2777578
-66.2158721139987,56.25,1.7773453,0.5451198
-66.2158721139987,58.125,1.8738296,0.50431573
-66.2158721139987,60.0,2.177404,0.60110384
-66.2158721139987,61.875,2.1726577,0.6265125
-66.2158721139987,63.75,2.1991618,0.5795428
-66.2158721139987,65.625,2.446896,0.56672955
-66.2158721139987,67.5,2.8734782,0.5443052
-66.2158721139987,69.375,3.2113883,0.5411317
-66.2158721139987,71.25,3.4918962,0.5490528
-66.2158721139987,73.125,3.7842984,0.54557896
-66.2158721139987,75.0,3.981154,0.53103906
-66.2158721139987,76.875,4.0012517,0.51046956
-66.2158721139987,78.75,3.82256,0.49358937
-66.2158721139987,80.625,3.5513492,0.5058326
-66.2158721139987,82.5,3.1330874,0.53252816
-66.2158721139987,84.375,2.916154,0.58890456
-66.2158721139987,86.25,2.897111,0.5669223
-66.2158721139987,88.125,2.970607,0.5111152
-66.2158721139987,90.0,2.767814,0.51986
-66.2158721139987,91.875,2.5602944,0.53613687
-66.2158721139987,93.75,2.1443765,0.5316421
-66.2158721139987,95.625,1.8820719,0.4655406
-66.2158721139987,97.5,1.6350601,0.47680396
-66.2158721139987,99.375,1.4122866,0.49964008
-66.2158721139987,101.25,-8.015956,1.5293661
-66.2158721139987,103.125,-7.9819126,1.5496507
-66.2158721139987,105.0,-7.442108,1.5254031
-66.2158721139987,106.875,1.4927359,0.5575489
-66.2158721139987,108.75,1.7607046,0.5572819
-66.2158721139987,110.625,1.9195523,0.55964017
-66.2158721139987,112.5,-4.779725,1.4488068
-66.2158721139987,114.375,2.1260953,0.5651569
-66.2158721139987,116.25,2.1416225,0.5476643
-66.2158721139987,118.125,2.2421305,0.60402465
-66.2158721139987,120.0,2.4774234,0.6531294
-66.2158721139987,121.875,2.4900992,0.6385936
-66.2158721139987,123.75,2.2130094,0.6020639
-66.2158721139987,125.625,2.0322475,0.62727183
-66.2158721139987,127.5,1.1323062,0.7505769
-66.2158721139987,129.375,1.2802554,0.6939057
-66.2158721139987,131.25,1.1105679,0.7144175
-66.2158721139987,133.125,0.63408357,0.71273035
-66.2158721139987,135.0,-7.3459754,1.4413434
-66.2158721139987,136.875,0.5459195,0.72029555
-66.2158721139987,138.75,0.80203277,0.7759109
-66.2158721139987,140.625,1.2279313,0.8169013
-66.2158721139987,142.5,1.5199429,0.8433033
-66.2158721139987,144.375,1.720314,0.85116756
-66.2158721139987,146.25,1.8974625,0.7845342
-66.2158721139987,148.125,2.308107,0.6882397
-66.2158721139987,150.0,2.48715,0.68158
-66.2158721139987,151.875,2.6066031,0.6639446
-66.2158721139987,153.75,2.621525,0.66693264
-66.2158721139987,155.625,2.4736733,0.64999634
-66.2158721139987,157.5,2.274435,0.6218212
-66.2158721139987,159.375,2.3372672,0.6351563
-66.2158721139987,161.25,2.6377945,0.64746743
-66.2158721139987,163.125,2.8584976,0.61347944
-66.2158721139987,165.0,2.9425993,0.55354995
-66.2158721139987,166.875,2.9322085,0.50710595
-66.2158721139987,168.75,2.8797672,0.47473487
-66.2158721139987,170.625,2.897228,0.47577274
-66.2158721139987,172.5,2.9998257,0.49802846
-66.2158721139987,174.375,3.0916812,0.5364599
-66.2158721139987,176.25,3.1001968,0.53917605
-66.2158721139987,178.125,3.026896,0.50425005
-66.2158721139987,180.0,2.9607437,0.44597554
-66.2158721139987,181.875,2.9608023,0.4092255
-66.2158721139987,183.75,2.9775016,0.41278213
-66.2158721139987,185.625,2.9625797,0.42846987
-66.2158721139987,187.5,2.9104702,0.43464896
-66.2158721139987,189.375,2.8677554,0.4377419
-66.2158721139987,191.25,2.8432631,0.4366036
-66.2158721139987,193.125,2.8290446,0.44322035
-66.2158721139987,195.0,2.8404312,0.4588168
-66.2158721139987,196.875,2.8584976,0.46493527
-66.2158721139987,198.75,2.8856852,0.4720245
-66.2158721139987,200.625,2.9442594,0.49803662
-66.2158721139987,202.5,3.0487516,0.53135526
-66.2158721139987,204.375,3.1794937,0.55945086
-66.2158721139987,206.25,3.299533,0.5708238
-66.2158721139987,208.125,3.3476381,0.5742982
-66.2158721139987,210.0,3.3390446,0.5719057
-66.2158721139987,211.875,3.3160758,0.5912047
-66.2158721139987,213.75,3.317482,0.5911157
-66.2158721139987,215.625,3.363361,0.5777748
-66.2158721139987,217.5,3.4129312,0.57462394
-66.2158721139987,219.375,3.496779,0.57637876
-66.2158721139987,221.25,3.5968962,0.5893846
-66.2158721139987,223.125,3.6538687,0.596045
-66.2158721139987,225.0,3.6608024,0.5861935
-66.2158721139987,226.875,3.6462126,0.5588418
-66.2158721139987,228.75,3.6376188,0.56416976
-66.2158721139987,230.625,3.6336343,0.5649835
-66.2158721139987,232.5,3.6640835,0.56194985
-66.2158721139987,234.375,3.70465,0.56247056
-66.2158721139987,236.25,3.7184196,0.5664259
-66.2158721139987,238.125,3.7067983,0.5753755
-66.2158721139987,240.0,3.6954312,0.58123577
-66.2158721139987,241.875,3.705099,0.5803653
-66.2158721139987,243.75,3.7319546,0.58433384
-66.2158721139987,245.625,3.7618961,0.5867811
-66.2158721139987,247.5,3.7979507,0.57518804
-66.2158721139987,249.375,3.8231852,0.5537064
-66.2158721139987,251.25,3.8374233,0.54212517
-66.2158721139987,253.125,3.855724,0.5416044
-66.2158721139987,255.0,3.8936343,0.5496676
-66.2158721139987,256.875,3.9443765,0.55993366
-66.2158721139987,258.75,4.031935,0.5684575
-66.2158721139987,260.625,4.156271,0.56985664
-66.2158721139987,262.5,4.29297,0.57052326
-66.2158721139987,264.375,4.417287,0.5781073
-66.2158721139987,266.25,4.513908,0.61040324
-66.2158721139987,268.125,4.560822,0.63924944
-66.2158721139987,270.0,4.5197086,0.6518461
-66.2158721139987,271.875,4.3722477,0.6325198
-66.2158721139987,273.75,4.19174,0.6081305
-66.2158721139987,275.625,4.043849,0.5832142
-66.2158721139987,277.5,3.9785953,0.5686682
-66.2158721139987,279.375,4.053439,0.5687244
-66.2158721139987,281.25,4.2978334,0.56638867
-66.2158721139987,283.125,4.6193767,0.54666483
-66.2158721139987,285.0,4.789572,0.5274155
-66.2158721139987,286.875,4.7547865,0.52202046
-66.2158721139987,288.75,4.458185,0.5077826
-66.2158721139987,290.625,4.045353,0.48203304
-66.2158721139987,292.5,3.849943,0.46478823
-66.2158721139987,294.375,-1.657186,1.1192563
-66.2158721139987,296.25,-1.8446078,1.1311625
-66.2158721139987,298.125,-1.6218735,1.629116
-66.2158721139987,300.0,-1.1564828,1.7465944
-66.2158721139987,301.875,-1.0065609,1.5083328
-66.2158721139987,303.75,-0.5180844,1.3581843
-66.2158721139987,305.625,0.9649039,1.2509416
-66.2158721139987,307.5,1.9710953,0.8958179
-66.2158721139987,309.375,2.439904,0.8024171
-66.2158721139987,311.25,2.807189,0.79636776
-66.2158721139987,313.125,3.1147087,0.75915045
-66.2158721139987,315.0,3.4515054,0.702156
-66.2158721139987,316.875,3.6417007,0.64777416
-66.2158721139987,318.75,3.7318375,0.62056154
-66.2158721139987,320.625,3.7787516,0.60515815
-66.2158721139987,322.5,3.7992983,0.6022736
-66.2158721139987,324.375,3.821603,0.60687256
-66.2158721139987,326.25,3.8479898,0.58827394
-66.2158721139987,328.125,3.8814077,0.5734136
-66.2158721139987,330.0,3.9125602,0.58934283
-66.2158721139987,331.875,3.9460173,0.59244066
-66.2158721139987,333.75,4.0001774,0.5889423
-66.2158721139987,335.625,4.0433803,0.57331586
-66.2158721139987,337.5,4.0962906,0.5738898
-66.2158721139987,339.375,4.135314,0.5915328
-66.2158721139987,341.25,4.0876384,0.59273577
-66.2158721139987,343.125,3.9752555,0.59445715
-66.2158721139987,345.0,3.8404312,0.5621262
-66.2158721139987,346.875,3.7656264,0.540353
-66.2158721139987,348.75,3.808478,0.5320553
-66.2158721139987,350.625,3.905021,0.51337284
-66.2158721139987,352.5,4.0034,0.504513
-66.2158721139987,354.375,4.075412,0.5022316
-66.2158721139987,356.25,4.098908,0.48866826
-66.2158721139987,358.125,4.0817204,0.48298126
-64.35073040887207,0.0,4.233107,0.48357084
-64.35073040887207,1.875,4.2009,0.475964
-64.35073040887207,3.75,4.2214665,0.47397372
-64.35073040887207,5.625,4.2091813,0.4815287
-64.35073040887207,7.5,4.2034197,0.4978912
-64.35073040887207,9.375,4.2613688,0.4834054
-64.35073040887207,11.25,4.2654896,0.46928915
-64.35073040887207,13.125,4.2533607,0.46925008
-64.35073040887207,15.0,4.268009,0.47058085
-64.35073040887207,16.875,4.3520913,0.4556924
-64.35073040887207,18.75,4.4317203,0.4521875
-64.35073040887207,20.625,4.5049233,0.45762864
-64.35073040887207,22.5,4.5830874,0.4664809
-64.35073040887207,24.375,4.6147866,0.4639657
-64.35073040887207,26.25,4.636271,0.46727395
-64.35073040887207,28.125,4.616994,0.46913907
-64.35073040887207,30.0,4.5148063,0.45648184
-64.35073040887207,31.875,4.396525,0.46953622
-64.35073040887207,33.75,4.4021893,0.46098375
-64.35073040887207,35.625,4.458556,0.44789183
-64.35073040887207,37.5,4.4685955,0.4817081
-64.35073040887207,39.375,4.437853,0.52691966
-64.35073040887207,41.25,4.312736,0.557776
-64.35073040887207,43.125,4.135646,0.5756525
-64.35073040887207,45.0,3.9547477,0.5821823
-64.35073040887207,46.875,3.8086734,0.54208684
-64.35073040887207,48.75,3.7994351,0.51588255
-64.35073040887207,50.625,3.8314078,0.52169293
-64.35073040887207,52.5,3.8736734,0.555388
-64.35073040887207,54.375,4.007951,0.55052197
-64.35073040887207,56.25,4.1845913,0.48860872
-64.35073040887207,58.125,4.309181,0.48436117
-64.35073040887207,60.0,4.3344936,0.5086556
-64.35073040887207,61.875,4.288927,0.54998946
-64.35073040887207,63.75,4.1757827,0.5890444
-64.35073040887207,65.625,4.055548,0.62595165
-64.35073040887207,67.5,4.034357,0.6503885
-64.35073040887207,69.375,4.1141033,0.64259166
-64.35073040887207,71.25,4.2190447,0.6193692
-64.35073040887207,73.125,4.225568,0.598124
-64.35073040887207,75.0,4.1698256,0.5913228
-64.35073040887207,76.875,4.179533,0.602921
-64.35073040887207,78.75,4.2769156,0.5898778
-64.35073040887207,80.625,4.410138,0.5539108
-64.35073040887207,82.5,4.5000014,0.526129
-64.35073040887207,84.375,4.569474,0.4984822
-64.35073040887207,86.25,4.6859584,0.5317757
-64.35073040887207,88.125,4.6999235,0.57281244
-64.35073040887207,90.0,4.5824428,0.56275046
-64.35073040887207,91.875,4.426232,0.52678907
-64.35073040887207,93.75,4.2351384,0.53043073
-64.35073040887207,95.625,4.003576,0.55171317
-64.35073040887207,97.5,3.7346303,0.5514
-64.35073040887207,99.375,3.5002165,0.5133379
-64.35073040887207,101.25,3.3348453,0.5086283
-64.35073040887207,103.125,3.4651577,0.52467006
-64.35073040887207,105.0,3.7867007,0.5284332
-64.35073040887207,106.875,3.9577944,0.521136
-64.35073040887207,108.75,4.107853,0.5204007
-64.35073040887207,110.625,4.2465053,0.52444994
-64.35073040887207,112.5,4.3957243,0.51192033
-64.35073040887207,114.375,4.6144547,0.5044124
-64.35073040887207,116.25,4.8625016,0.5182545
-64.35073040887207,118.125,5.0025992,0.52536255
-64.35073040887207,120.0,5.1012907,0.5088658
-64.35073040887207,121.875,5.1842003,0.49848163
-64.35073040887207,123.75,5.1064076,0.49738005
-64.35073040887207,125.625,4.890861,0.4950725
-64.35073040887207,127.5,4.7084584,0.52209574
-64.35073040887207,129.375,4.561701,0.5625809
-64.35073040887207,131.25,4.3863883,0.58919394
-64.35073040887207,133.125,4.1790056,0.6109621
-64.35073040887207,135.0,3.6976774,0.60056466
-64.35073040887207,136.875,3.4711344,0.6116145
-64.35073040887207,138.75,3.6332438,0.5932322
-64.35073040887207,140.625,3.8412516,0.56843525
-64.35073040887207,142.5,3.9651773,0.55436426
-64.35073040887207,144.375,4.0753336,0.56125176
-64.35073040887207,146.25,4.1565056,0.58318454
-64.35073040887207,148.125,4.148615,0.61922175
-64.35073040887207,150.0,4.043791,0.64099336
-64.35073040887207,151.875,3.853693,0.63456756
-64.35073040887207,153.75,3.6910758,0.622615
-64.35073040887207,155.625,3.6858022,0.673384
-64.35073040887207,157.5,3.6495328,0.7362428
-64.35073040887207,159.375,3.3480875,0.6997375
-64.35073040887207,161.25,3.0498843,0.5999417
-64.35073040887207,163.125,3.0039272,0.5254427
-64.35073040887207,165.0,3.0507243,0.49102736
-64.35073040887207,166.875,3.091525,0.46308914
-64.35073040887207,168.75,3.2510953,0.48540905
-64.35073040887207,170.625,3.569103,0.57561207
-64.35073040887207,172.5,3.9226382,0.66438055
-64.35073040887207,174.375,4.1412516,0.6927053
-64.35073040887207,176.25,4.1975603,0.71541846
-64.35073040887207,178.125,4.093849,0.69399136
-64.35073040887207,180.0,3.9508414,0.6611925
-64.35073040887207,181.875,3.8825796,0.64792717
-64.35073040887207,183.75,3.8239858,0.64692616
-64.35073040887207,185.625,3.588107,0.60516983
-64.35073040887207,187.5,3.3079312,0.51321995
-64.35073040887207,189.375,3.1594546,0.4642314
-64.35073040887207,191.25,3.097814,0.4493923
-64.35073040887207,193.125,3.118732,0.44595176
-64.35073040887207,195.0,3.1705875,0.44100273
-64.35073040887207,196.875,3.1825798,0.4244744
-64.35073040887207,198.75,3.1626968,0.41058567
-64.35073040887207,200.625,3.1754704,0.42238265
-64.35073040887207,202.5,3.2357242,0.45056444
-64.35073040887207,204.375,3.3151188,0.48275438
-64.35073040887207,206.25,3.3811538,0.509434
-64.35073040887207,208.125,3.416564,0.5225122
-64.35073040887207,210.0,3.4284585,0.5220811
-64.35073040887207,211.875,3.4310563,0.53997207
-64.35073040887207,213.75,3.4008415,0.543689
-64.35073040887207,215.625,3.3748257,0.54727757
-64.35073040887207,217.5,3.3682046,0.555825
-64.35073040887207,219.375,3.3924625,0.5732569
-64.35073040887207,221.25,3.4098063,0.5932788
-64.35073040887207,223.125,3.387482,0.5899586
-64.35073040887207,225.0,3.3755875,0.5659697
-64.35073040887207,226.875,3.4181461,0.5631424
-64.35073040887207,228.75,3.5040836,0.5616636
-64.35073040887207,230.625,3.636857,0.5598471
-64.35073040887207,232.5,3.8072672,0.57200307
-64.35073040887207,234.375,3.943986,0.5906907
-64.35073040887207,236.25,4.004689,0.5982368
-64.35073040887207,238.125,3.9840837,0.59858674
-64.35073040887207,240.0,3.8958023,0.59649247
-64.35073040887207,241.875,3.8221304,0.59239626
-64.35073040887207,243.75,3.813654,0.5923482
-64.35073040887207,245.625,3.865568,0.60374594
-64.35073040887207,247.5,3.9517007,0.60180646
-64.35073040887207,249.375,4.0604115,0.58489794
-64.35073040887207,251.25,4.153361,0.5650611
-64.35073040887207,253.125,4.2277164,0.5474728
-64.35073040887207,255.0,4.285236,0.5383819
-64.35073040887207,256.875,4.3367596,0.54868567
-64.35073040887207,258.75,4.382931,0.5589812
-64.35073040887207,260.625,4.4509196,0.5427701
-64.35073040887207,262.5,4.5441813,0.5099229
-64.35073040887207,264.375,4.6477165,0.48462227
-64.35073040887207,266.25,4.7834587,0.4951267
-64.35073040887207,268.125,4.933322,0.5121099
-64.35073040887207,270.0,5.0493765,0.52387786
-64.35073040887207,271.875,5.0927944,0.53506404
-64.35073040887207,273.75,5.0573845,0.5463704
-64.35073040887207,275.625,4.9837904,0.547921
-64.35073040887207,277.5,4.875197,0.5538671
-64.35073040887207,279.375,4.7385564,0.55943936
-64.35073040887207,281.25,4.6477556,0.56156874
-64.35073040887207,283.125,4.736759,0.5304134
-64.35073040887207,285.0,4.892599,0.50554436
-64.35073040887207,286.875,4.9989076,0.48394257
-64.35073040887207,288.75,5.018322,0.48227036
-64.35073040887207,290.625,4.8665447,0.49727482
-64.35073040887207,292.5,4.4154115,0.52177167
-64.35073040887207,294.375,3.8479311,0.52866864
-64.35073040887207,296.25,3.4995327,0.56021845
-64.35073040887207,298.125,3.1492593,0.81865704
-64.35073040887207,300.0,-0.9775375,0.641379
-64.35073040887207,301.875,-0.96992034,0.59684765
-64.35073040887207,303.75,0.20138824,1.6877896
-64.35073040887207,305.625,0.6450797,1.3963296
-64.35073040887207,307.5,1.2390054,1.1398436
-64.35073040887207,309.375,1.8250797,0.9168969
-64.35073040887207,311.25,2.3224235,0.8094504
-64.35073040887207,313.125,2.6762514,0.76698345
-64.35073040887207,315.0,2.9462125,0.741543
-64.35073040887207,316.875,3.175939,0.70803225
-64.35073040887207,318.75,3.3579507,0.67690414
-64.35073040887207,320.625,3.4348648,0.6535283
-64.35073040887207,322.5,3.4612124,0.64096725
-64.35073040887207,324.375,3.4725797,0.63119507
-64.35073040887207,326.25,3.4771109,0.63834167
-64.35073040887207,328.125,3.5123649,0.64125377
-64.35073040887207,330.0,3.5712125,0.64207727
-64.35073040887207,331.875,3.603361,0.64506197
-64.35073040887207,333.75,3.600099,0.62625563
-64.35073040887207,335.625,3.618615,0.59591365
-64.35073040887207,337.5,3.6175015,0.57654154
-64.35073040887207,339.375,3.6504703,0.5874539
-64.35073040887207,341.25,3.6991227,0.58860487
-64.35073040887207,343.125,3.698361,0.56696784
-64.35073040887207,345.0,3.7209,0.55066705
-64.35073040887207,346.875,3.797775,0.5411376
-64.35073040887207,348.75,3.888478,0.5219744
-64.35073040887207,350.625,3.985353,0.5156292
-64.35073040887207,352.5,4.080138,0.52123237
-64.35073040887207,354.375,4.142912,0.5138282
-64.35073040887207,356.25,4.1853533,0.49630368
-64.35073040887207,358.125,4.232697,0.48532498
-62.48557052203639,0.0,4.2009783,0.478588
-62.48557052203639,1.875,4.276017,0.47097528
-62.48557052203639,3.75,4.3168764,0.46566957
-62.48557052203639,5.625,4.3234587,0.4657944
-62.48557052203639,7.5,4.36422,0.46618792
-62.48557052203639,9.375,4.363224,0.45899403
-62.48557052203639,11.25,4.324689,0.45152837
-62.48557052203639,13.125,4.2999234,0.43477917
-62.48557052203639,15.0,4.3007827,0.43240088
-62.48557052203639,16.875,4.317755,0.4366279
-62.48557052203639,18.75,4.3644156,0.4402672
-62.48557052203639,20.625,4.461525,0.47339636
-62.48557052203639,22.5,4.5714273,0.4810556
-62.48557052203639,24.375,4.628478,0.46618128
-62.48557052203639,26.25,4.6510563,0.46245673
-62.48557052203639,28.125,4.637091,0.46092832
-62.48557052203639,30.0,4.5792007,0.4552331
-62.48557052203639,31.875,4.5232244,0.45518258
-62.48557052203639,33.75,4.452951,0.45895666
-62.48557052203639,35.625,4.387677,0.47761196
-62.48557052203639,37.5,4.35799,0.49565965
-62.48557052203639,39.375,4.355158,0.50568426
-62.48557052203639,41.25,4.366447,0.5399062
-62.48557052203639,43.125,4.371525,0.55354553
-62.48557052203639,45.0,4.359025,0.5427553
-62.48557052203639,46.875,4.369455,0.53134745
-62.48557052203639,48.75,4.396818,0.52605397
-62.48557052203639,50.625,4.430822,0.5311801
-62.48557052203639,52.5,4.4810367,0.52165717
-62.48557052203639,54.375,4.5539274,0.5063894
-62.48557052203639,56.25,4.641447,0.4989197
-62.48557052203639,58.125,4.698361,0.4761448
-62.48557052203639,60.0,4.730783,0.47795027
-62.48557052203639,61.875,4.8078337,0.49915546
-62.48557052203639,63.75,4.9115834,0.50757104
-62.48557052203639,65.625,4.9966617,0.5099379
-62.48557052203639,67.5,5.0337124,0.51562613
-62.48557052203639,69.375,4.9987907,0.52943265
-62.48557052203639,71.25,4.86422,0.5609489
-62.48557052203639,73.125,4.675822,0.5707949
-62.48557052203639,75.0,4.532814,0.5700647
-62.48557052203639,76.875,4.483361,0.5657916
-62.48557052203639,78.75,4.5430093,0.6066826
-62.48557052203639,80.625,4.5671306,0.6296449
-62.48557052203639,82.5,4.5317006,0.63404715
-62.48557052203639,84.375,4.391564,0.56937915
-62.48557052203639,86.25,4.404982,0.5467892
-62.48557052203639,88.125,4.333244,0.5417632
-62.48557052203639,90.0,4.1794744,0.4995014
-62.48557052203639,91.875,4.2247477,0.5004051
-62.48557052203639,93.75,4.331525,0.49553514
-62.48557052203639,95.625,4.426115,0.4890903
-62.48557052203639,97.5,4.4989076,0.5076795
-62.48557052203639,99.375,4.524357,0.5167729
-62.48557052203639,101.25,4.544279,0.50272197
-62.48557052203639,103.125,4.5871305,0.49154893
-62.48557052203639,105.0,4.653888,0.4830671
-62.48557052203639,106.875,4.705822,0.4899628
-62.48557052203639,108.75,4.6936345,0.4884786
-62.48557052203639,110.625,4.648107,0.49038225
-62.48557052203639,112.5,4.6716814,0.48908564
-62.48557052203639,114.375,4.744767,0.49832693
-62.48557052203639,116.25,4.837853,0.50690776
-62.48557052203639,118.125,4.9459977,0.51720786
-62.48557052203639,120.0,5.044689,0.5199079
-62.48557052203639,121.875,5.1283803,0.5276222
-62.48557052203639,123.75,5.214259,0.53172874
-62.48557052203639,125.625,5.237599,0.5322233
-62.48557052203639,127.5,5.228575,0.52626836
-62.48557052203639,129.375,5.246564,0.51672995
-62.48557052203639,131.25,5.3426185,0.49719328
-62.48557052203639,133.125,5.420841,0.4843115
-62.48557052203639,135.0,5.3800597,0.47101712
-62.48557052203639,136.875,5.189181,0.51022404
-62.48557052203639,138.75,4.9964466,0.54779136
-62.48557052203639,140.625,4.8971696,0.57991153
-62.48557052203639,142.5,4.8124623,0.6087811
-62.48557052203639,144.375,4.8442593,0.59700674
-62.48557052203639,146.25,4.9320326,0.58539873
-62.48557052203639,148.125,4.9862123,0.5983914
-62.48557052203639,150.0,4.960099,0.6248275
-62.48557052203639,151.875,4.8087516,0.6300533
-62.48557052203639,153.75,4.6056657,0.6092366
-62.48557052203639,155.625,4.671798,0.5775424
-62.48557052203639,157.5,4.972365,0.59092015
-62.48557052203639,159.375,5.1107044,0.5987759
-62.48557052203639,161.25,4.947716,0.66449213
-62.48557052203639,163.125,4.6108413,0.7312449
-62.48557052203639,165.0,4.43633,0.7134138
-62.48557052203639,166.875,4.497189,0.66539747
-62.48557052203639,168.75,4.653537,0.6104826
-62.48557052203639,170.625,4.8850408,0.6020093
-62.48557052203639,172.5,5.156915,0.62123084
-62.48557052203639,174.375,5.3670716,0.6132974
-62.48557052203639,176.25,5.3926964,0.61395925
-62.48557052203639,178.125,5.240294,0.64936197
-62.48557052203639,180.0,5.0344157,0.71116203
-62.48557052203639,181.875,4.8812904,0.71428716
-62.48557052203639,183.75,4.773927,0.697286
-62.48557052203639,185.625,4.574435,0.706625
-62.48557052203639,187.5,4.1684585,0.7202905
-62.48557052203639,189.375,3.7664468,0.63315356
-62.48557052203639,191.25,3.6067789,0.5733431
-62.48557052203639,193.125,3.7161734,0.56408983
-62.48557052203639,195.0,3.9598453,0.6072278
-62.48557052203639,196.875,4.0877748,0.6471923
-62.48557052203639,198.75,3.9497085,0.6307784
-62.48557052203639,200.625,3.7202554,0.56902564
-62.48557052203639,202.5,3.5695913,0.5288149
-62.48557052203639,204.375,3.493068,0.48894942
-62.48557052203639,206.25,3.4778726,0.462315
-62.48557052203639,208.125,3.5226188,0.47264785
-62.48557052203639,210.0,3.6404507,0.5064747
-62.48557052203639,211.875,3.8888102,0.608649
-62.48557052203639,213.75,4.0282826,0.6608524
-62.48557052203639,215.625,3.9608219,0.65243155
-62.48557052203639,217.5,3.7840054,0.6105028
-62.48557052203639,219.375,3.6136343,0.58053976
-62.48557052203639,221.25,3.5214858,0.57284594
-62.48557052203639,223.125,3.50881,0.5652568
-62.48557052203639,225.0,3.5671694,0.5807702
-62.48557052203639,226.875,3.6534195,0.59243304
-62.48557052203639,228.75,3.706486,0.5818224
-62.48557052203639,230.625,3.7880874,0.56537044
-62.48557052203639,232.5,3.9427164,0.56189096
-62.48557052203639,234.375,4.080646,0.5768835
-62.48557052203639,236.25,4.1817203,0.61226493
-62.48557052203639,238.125,4.23799,0.636853
-62.48557052203639,240.0,4.2372084,0.6390495
-62.48557052203639,241.875,4.188205,0.62120545
-62.48557052203639,243.75,4.153185,0.5910709
-62.48557052203639,245.625,4.1932435,0.5762121
-62.48557052203639,247.5,4.2848063,0.5820101
-62.48557052203639,249.375,4.3777165,0.5698375
-62.48557052203639,251.25,4.435822,0.54840285
-62.48557052203639,253.125,4.4884195,0.53069377
-62.48557052203639,255.0,4.558478,0.51193404
-62.48557052203639,256.875,4.646115,0.50124705
-62.48557052203639,258.75,4.7142982,0.5022672
-62.48557052203639,260.625,4.7570133,0.50247574
-62.48557052203639,262.5,4.776525,0.4936724
-62.48557052203639,264.375,4.771427,0.48416778
-62.48557052203639,266.25,4.7960563,0.47653964
-62.48557052203639,268.125,4.864025,0.47144547
-62.48557052203639,270.0,4.9753923,0.45148864
-62.48557052203639,271.875,5.1148257,0.43806615
-62.48557052203639,273.75,5.240724,0.44510153
-62.48557052203639,275.625,5.3049817,0.46206635
-62.48557052203639,277.5,5.3049817,0.49144492
-62.48557052203639,279.375,5.2463293,0.514023
-62.48557052203639,281.25,5.1415834,0.5323162
-62.48557052203639,283.125,5.031564,0.55217636
-62.48557052203639,285.0,4.9658804,0.5403669
-62.48557052203639,286.875,4.9501576,0.50223875
-62.48557052203639,288.75,5.0651774,0.5039423
-62.48557052203639,290.625,5.24006,0.5007718
-62.48557052203639,292.5,5.3377748,0.5200467
-62.48557052203639,294.375,5.2310557,0.5859762
-62.48557052203639,296.25,4.8534975,0.6651949
-62.48557052203639,298.125,4.3861732,0.71250224
-62.48557052203639,300.0,3.7738883,1.0276865
-62.48557052203639,301.875,2.8156266,1.2660834
-62.48557052203639,303.75,2.3919156,1.1936775
-62.48557052203639,305.625,2.4451382,0.9725496
-62.48557052203639,307.5,2.1095915,0.90612024
-62.48557052203639,309.375,2.1363492,0.82557195
-62.48557052203639,311.25,2.391486,0.7488595
-62.48557052203639,313.125,2.6692984,0.6869335
-62.48557052203639,315.0,2.7749038,0.65582436
-62.48557052203639,316.875,2.7507827,0.65629774
-62.48557052203639,318.75,2.7902164,0.6473073
-62.48557052203639,320.625,2.915236,0.62604666
-62.48557052203639,322.5,3.017599,0.6082292
-62.48557052203639,324.375,3.0913491,0.6027504
-62.48557052203639,326.25,3.1798844,0.6059297
-62.48557052203639,328.125,3.2745328,0.6106382
-62.48557052203639,330.0,3.3484976,0.61766946
-62.48557052203639,331.875,3.4195523,0.6201265
-62.48557052203639,333.75,3.4825406,0.62776357
-62.48557052203639,335.625,3.5298061,0.6220633
-62.48557052203639,337.5,3.532775,0.59402704
-62.48557052203639,339.375,3.559396,0.5701874
-62.48557052203639,341.25,3.608439,0.5548495
-62.48557052203639,343.125,3.6507046,0.5553495
-62.48557052203639,345.0,3.7005093,0.5561173
-62.48557052203639,346.875,3.7566812,0.5484818
-62.48557052203639,348.75,3.807853,0.5385343
-62.48557052203639,350.625,3.8363492,0.5244218
-62.48557052203639,352.5,3.8551383,0.50560594
-62.48557052203639,354.375,3.9027946,0.49534765
-62.48557052203639,356.25,3.9831266,0.48123196
-62.48557052203639,358.125,4.0970716,0.47436383
-60.62039592682648,0.0,3.947482,0.44436562
-60.62039592682648,1.875,3.9991226,0.45359942
-60.62039592682648,3.75,3.9716227,0.44190633
-60.62039592682648,5.625,3.9501188,0.4433734
-60.62039592682648,7.5,3.9280288,0.4530772
-60.62039592682648,9.375,3.915021,0.45070112
-60.62039592682648,11.25,3.9482632,0.43508577
-60.62039592682648,13.125,3.9954312,0.42536324
-60.62039592682648,15.0,4.059611,0.4260698
-60.62039592682648,16.875,4.140959,0.43284005
-60.62039592682648,18.75,4.231486,0.4512815
-60.62039592682648,20.625,4.2461734,0.45324382
-60.62039592682648,22.5,4.235158,0.4414518
-60.62039592682648,24.375,4.2406263,0.42315292
-60.62039592682648,26.25,4.2330093,0.4062769
-60.62039592682648,28.125,4.2697086,0.40432003
-60.62039592682648,30.0,4.3715835,0.4287705
-60.62039592682648,31.875,4.504845,0.46666092
-60.62039592682648,33.75,4.573322,0.4885989
-60.62039592682648,35.625,4.576779,0.49400496
-60.62039592682648,37.5,4.553068,0.4880406
-60.62039592682648,39.375,4.553849,0.48737645
-60.62039592682648,41.25,4.5932827,0.48913723
-60.62039592682648,43.125,4.664435,0.47446674
-60.62039592682648,45.0,4.733439,0.4611874
-60.62039592682648,46.875,4.7950993,0.4707028
-60.62039592682648,48.75,4.8293962,0.47971633
-60.62039592682648,50.625,4.8556657,0.48385605
-60.62039592682648,52.5,4.879845,0.49529546
-60.62039592682648,54.375,4.9254117,0.51161957
-60.62039592682648,56.25,4.9469156,0.5328353
-60.62039592682648,58.125,4.911642,0.54079723
-60.62039592682648,60.0,4.86131,0.5294485
-60.62039592682648,61.875,4.8877554,0.5145983
-60.62039592682648,63.75,4.9746695,0.5159353
-60.62039592682648,65.625,5.0394936,0.5273147
-60.62039592682648,67.5,5.1104116,0.55490214
-60.62039592682648,69.375,5.2327356,0.557725
-60.62039592682648,71.25,5.238341,0.5447786
-60.62039592682648,73.125,4.9430094,0.576301
-60.62039592682648,75.0,4.798849,0.58039606
-60.62039592682648,76.875,4.8189664,0.5984374
-60.62039592682648,78.75,4.7447085,0.6115199
-60.62039592682648,80.625,4.6242986,0.6161204
-60.62039592682648,82.5,4.432951,0.6172996
-60.62039592682648,84.375,4.221095,0.5606778
-60.62039592682648,86.25,4.207423,0.51862854
-60.62039592682648,88.125,4.303595,0.5265038
-60.62039592682648,90.0,4.343732,0.5773619
-60.62039592682648,91.875,4.361271,0.5768521
-60.62039592682648,93.75,4.3953724,0.5618126
-60.62039592682648,95.625,4.4815054,0.5606833
-60.62039592682648,97.5,4.569689,0.5629194
-60.62039592682648,99.375,4.662462,0.5635476
-60.62039592682648,101.25,4.736349,0.55067885
-60.62039592682648,103.125,4.7906656,0.526036
-60.62039592682648,105.0,4.8817787,0.5107885
-60.62039592682648,106.875,4.9819546,0.50889134
-60.62039592682648,108.75,5.067814,0.5007128
-60.62039592682648,110.625,5.092072,0.50568926
-60.62039592682648,112.5,5.1026773,0.5224218
-60.62039592682648,114.375,5.165353,0.5154443
-60.62039592682648,116.25,5.227169,0.51446277
-60.62039592682648,118.125,5.2676964,0.54655194
-60.62039592682648,120.0,5.3108606,0.56571966
-60.62039592682648,121.875,5.377853,0.54918116
-60.62039592682648,123.75,5.485411,0.5501511
-60.62039592682648,125.625,5.610275,0.56037134
-60.62039592682648,127.5,5.689298,0.57145417
-60.62039592682648,129.375,5.7109,0.5873811
-60.62039592682648,131.25,5.7558217,0.5836989
-60.62039592682648,133.125,5.8012905,0.5561799
-60.62039592682648,135.0,5.8017592,0.5178728
-60.62039592682648,136.875,5.734454,0.47810754
-60.62039592682648,138.75,5.6519933,0.48727995
-60.62039592682648,140.625,5.6276574,0.5328713
-60.62039592682648,142.5,5.645763,0.5780219
-60.62039592682648,144.375,5.670841,0.5959113
-60.62039592682648,146.25,5.6861143,0.59752494
-60.62039592682648,148.125,5.7101183,0.59429216
-60.62039592682648,150.0,5.689669,0.6040657
-60.62039592682648,151.875,5.4962316,0.6339062
-60.62039592682648,153.75,5.2168956,0.62591463
-60.62039592682648,155.625,5.173263,0.5521678
-60.62039592682648,157.5,5.3560166,0.50987214
-60.62039592682648,159.375,5.5319543,0.5083043
-60.62039592682648,161.25,5.6469154,0.4985841
-60.62039592682648,163.125,5.686583,0.49499333
-60.62039592682648,165.0,5.663849,0.5034148
-60.62039592682648,166.875,5.71172,0.5126122
-60.62039592682648,168.75,5.8856263,0.49869195
-60.62039592682648,170.625,6.10006,0.43985102
-60.62039592682648,172.5,6.1954308,0.4330705
-60.62039592682648,174.375,6.159923,0.44054052
-60.62039592682648,176.25,6.0371304,0.44391754
-60.62039592682648,178.125,5.821974,0.46770656
-60.62039592682648,180.0,5.5536537,0.5667929
-60.62039592682648,181.875,5.3562512,0.6331357
-60.62039592682648,183.75,5.2983994,0.65342015
-60.62039592682648,185.625,5.3495717,0.6775332
-60.62039592682648,187.5,5.3796105,0.6802311
-60.62039592682648,189.375,5.232345,0.70426786
-60.62039592682648,191.25,5.034357,0.70739967
-60.62039592682648,193.125,5.0290055,0.7108879
-60.62039592682648,195.0,5.220958,0.74562395
-60.62039592682648,196.875,5.388595,0.7780937
-60.62039592682648,198.75,5.2781262,0.8003738
-60.62039592682648,200.625,4.9365444,0.8001345
-60.62039592682648,202.5,4.616681,0.76186305
-60.62039592682648,204.375,4.294357,0.703188
-60.62039592682648,206.25,4.0399623,0.6252783
-60.62039592682648,208.125,3.9714859,0.5903495
-60.62039592682648,210.0,4.091232,0.61427605
-60.62039592682648,211.875,4.469767,0.69852096
-60.62039592682648,213.75,5.026603,0.6655911
-60.62039592682648,215.625,5.221837,0.6652069
-60.62039592682648,217.5,5.129962,0.6741633
-60.62039592682648,219.375,4.918244,0.6745376
-60.62039592682648,221.25,4.7483807,0.67539257
-60.62039592682648,223.125,4.678732,0.68555546
-60.62039592682648,225.0,4.6894546,0.6925321
-60.62039592682648,226.875,4.7273846,0.68731
-60.62039592682648,228.75,4.701603,0.688053
-60.62039592682648,230.625,4.5914273,0.6975694
-60.62039592682648,232.5,4.5269547,0.671155
-60.62039592682648,234.375,4.5772867,0.653925
-60.62039592682648,236.25,4.664826,0.6562961
-60.62039592682648,238.125,4.7325993,0.67064387
-60.62039592682648,240.0,4.7572083,0.68240464
-60.62039592682648,241.875,4.735666,0.6779179
-60.62039592682648,243.75,4.699533,0.6483416
-60.62039592682648,245.625,4.681955,0.6231998
-60.62039592682648,247.5,4.6979704,0.6077012
-60.62039592682648,249.375,4.734474,0.60012776
-60.62039592682648,251.25,4.7384586,0.58400106
-60.62039592682648,253.125,4.728615,0.56445694
-60.62039592682648,255.0,4.7529507,0.54412794
-60.62039592682648,256.875,4.8101187,0.5351481
-60.62039592682648,258.75,4.864084,0.5266673
-60.62039592682648,260.625,4.91215,0.4995918
-60.62039592682648,262.5,4.9749236,0.4761145
-60.62039592682648,264.375,5.031564,0.47362056
-60.62039592682648,266.25,5.052306,0.46215865
-60.62039592682648,268.125,5.064513,0.45351902
-60.62039592682648,270.0,5.1005287,0.45269355
-60.62039592682648,271.875,5.1697474,0.46004897
-60.62039592682648,273.75,5.2731457,0.47367314
-60.62039592682648,275.625,5.3847084,0.4915956
-60.62039592682648,277.5,5.466818,0.49640405
-60.62039592682648,279.375,5.511505,0.49777192
-60.62039592682648,281.25,5.4910755,0.5147448
-60.62039592682648,283.125,5.444767,0.5391083
-60.62039592682648,285.0,5.4200206,0.5430149
-60.62039592682648,286.875,5.4107823,0.49655938
-60.62039592682648,288.75,5.421954,0.4749979
-60.62039592682648,290.625,5.4750404,0.45721573
-60.62039592682648,292.5,5.5908604,0.42208254
-60.62039592682648,294.375,5.801173,0.45855227
-60.62039592682648,296.25,5.9217787,0.5155424
-60.62039592682648,298.125,5.824298,0.60777
-60.62039592682648,300.0,5.6251965,0.69838816
-60.62039592682648,301.875,5.3591223,0.7302485
-60.62039592682648,303.75,5.037267,0.6898732
-60.62039592682648,305.625,4.5182242,0.7233128
-60.62039592682648,307.5,3.7599626,0.81445706
-60.62039592682648,309.375,3.2829702,0.77621067
-60.62039592682648,311.25,3.1213102,0.64653283
-60.62039592682648,313.125,3.156271,0.5972601
-60.62039592682648,315.0,3.1554313,0.53871804
-60.62039592682648,316.875,3.1370132,0.4916733
-60.62039592682648,318.75,3.1060562,0.49364918
-60.62039592682648,320.625,3.1419547,0.49694428
-60.62039592682648,322.5,3.2286148,0.49830297
-60.62039592682648,324.375,3.2899234,0.5090647
-60.62039592682648,326.25,3.3173647,0.52004004
-60.62039592682648,328.125,3.3397477,0.52992576
-60.62039592682648,330.0,3.3383415,0.53297174
-60.62039592682648,331.875,3.3233023,0.5404115
-60.62039592682648,333.75,3.3242984,0.5563522
-60.62039592682648,335.625,3.3913882,0.572482
-60.62039592682648,337.5,3.508947,0.56682014
-60.62039592682648,339.375,3.5799234,0.54771894
-60.62039592682648,341.25,3.6148062,0.5398516
-60.62039592682648,343.125,3.651232,0.535144
-60.62039592682648,345.0,3.6519156,0.5352815
-60.62039592682648,346.875,3.659025,0.5544365
-60.62039592682648,348.75,3.6763687,0.5641605
-60.62039592682648,350.625,3.6770523,0.54384416
-60.62039592682648,352.5,3.64256,0.5067346
-60.62039592682648,354.375,3.6287515,0.47181004
-60.62039592682648,356.25,3.6906266,0.44950336
-60.62039592682648,358.125,3.810236,0.4398774
-58.75520926937993,0.0,3.8858805,0.4352028
-58.75520926937993,1.875,3.9210758,0.43489453
-58.75520926937993,3.75,3.9338882,0.437344
-58.75520926937993,5.625,3.9163883,0.42472896
-58.75520926937993,7.5,3.9295523,0.41950193
-58.75520926937993,9.375,4.0015445,0.41548014
-58.75520926937993,11.25,4.0841618,0.4189669
-58.75520926937993,13.125,4.1534195,0.42766458
-58.75520926937993,15.0,4.1817594,0.43201944
-58.75520926937993,16.875,4.2131853,0.4189081
-58.75520926937993,18.75,4.273849,0.41633645
-58.75520926937993,20.625,4.294201,0.42220435
-58.75520926937993,22.5,4.2846107,0.42922118
-58.75520926937993,24.375,4.2854705,0.43848178
-58.75520926937993,26.25,4.3022866,0.44170377
-58.75520926937993,28.125,4.3473454,0.45493212
-58.75520926937993,30.0,4.469455,0.46416518
-58.75520926937993,31.875,4.632521,0.47528902
-58.75520926937993,33.75,4.7733216,0.47600964
-58.75520926937993,35.625,4.842775,0.4777419
-58.75520926937993,37.5,4.873732,0.46502176
-58.75520926937993,39.375,4.877287,0.458489
-58.75520926937993,41.25,4.871408,0.4686356
-58.75520926937993,43.125,4.86965,0.4850319
-58.75520926937993,45.0,4.8964663,0.48004326
-58.75520926937993,46.875,4.9307437,0.46718058
-58.75520926937993,48.75,4.967677,0.44283986
-58.75520926937993,50.625,5.039357,0.42733073
-58.75520926937993,52.5,5.1710362,0.41454
-58.75520926937993,54.375,5.3063097,0.4232728
-58.75520926937993,56.25,5.3930874,0.4416776
-58.75520926937993,58.125,5.391759,0.46164837
-58.75520926937993,60.0,5.3592396,0.4714222
-58.75520926937993,61.875,5.331349,0.48558244
-58.75520926937993,63.75,5.348751,0.5114216
-58.75520926937993,65.625,5.430704,0.5176595
-58.75520926937993,67.5,5.4940443,0.50554866
-58.75520926937993,69.375,5.548673,0.5066236
-58.75520926937993,71.25,5.5756264,0.5142223
-58.75520926937993,73.125,5.2956457,0.5317616
-58.75520926937993,75.0,4.978615,0.5396167
-58.75520926937993,76.875,4.815607,0.5217325
-58.75520926937993,78.75,4.669162,0.5168057
-58.75520926937993,80.625,4.4934587,0.53638405
-58.75520926937993,82.5,4.341857,0.54587233
-58.75520926937993,84.375,4.259982,0.53691614
-58.75520926937993,86.25,4.388595,0.5345182
-58.75520926937993,88.125,4.6710563,0.5799616
-58.75520926937993,90.0,4.8503337,0.59122384
-58.75520926937993,91.875,4.900021,0.57197493
-58.75520926937993,93.75,4.9237514,0.5741592
-58.75520926937993,95.625,4.973947,0.57393205
-58.75520926937993,97.5,4.98963,0.5785934
-58.75520926937993,99.375,5.016681,0.5883998
-58.75520926937993,101.25,5.0623455,0.5884236
-58.75520926937993,103.125,5.138302,0.552251
-58.75520926937993,105.0,5.2265835,0.5322625
-58.75520926937993,106.875,5.3177357,0.5334632
-58.75520926937993,108.75,5.389337,0.5391039
-58.75520926937993,110.625,5.471095,0.5613503
-58.75520926937993,112.5,5.568673,0.5750769
-58.75520926937993,114.375,5.7127943,0.5738674
-58.75520926937993,116.25,5.866466,0.56018233
-58.75520926937993,118.125,5.968673,0.56623834
-58.75520926937993,120.0,5.9943957,0.6063518
-58.75520926937993,121.875,6.018478,0.6124607
-58.75520926937993,123.75,6.1202745,0.5795132
-58.75520926937993,125.625,6.253771,0.55030775
-58.75520926937993,127.5,6.314083,0.54164433
-58.75520926937993,129.375,6.285294,0.5614806
-58.75520926937993,131.25,6.250216,0.5531969
-58.75520926937993,133.125,6.234513,0.5236198
-58.75520926937993,135.0,6.218263,0.5146991
-58.75520926937993,136.875,6.222892,0.50440365
-58.75520926937993,138.75,6.2806654,0.49721777
-58.75520926937993,140.625,6.3622084,0.4913261
-58.75520926937993,142.5,6.435724,0.5019559
-58.75520926937993,144.375,6.400216,0.52235824
-58.75520926937993,146.25,6.2768764,0.532027
-58.75520926937993,148.125,6.284298,0.53122824
-58.75520926937993,150.0,6.409845,0.5311597
-58.75520926937993,151.875,6.461212,0.51281446
-58.75520926937993,153.75,6.3235364,0.53165317
-58.75520926937993,155.625,6.0326967,0.5795155
-58.75520926937993,157.5,5.804103,0.5736411
-58.75520926937993,159.375,5.7826185,0.5440066
-58.75520926937993,161.25,5.9529896,0.5199412
-58.75520926937993,163.125,6.1035366,0.50960696
-58.75520926937993,165.0,6.117833,0.53933024
-58.75520926937993,166.875,6.113927,0.53023463
-58.75520926937993,168.75,6.2170324,0.4901184
-58.75520926937993,170.625,6.4173255,0.43711674
-58.75520926937993,172.5,6.5905676,0.41784793
-58.75520926937993,174.375,6.630626,0.4353422
-58.75520926937993,176.25,6.5625014,0.444782
-58.75520926937993,178.125,6.4199038,0.43938926
-58.75520926937993,180.0,6.1944346,0.4748269
-58.75520926937993,181.875,5.963497,0.5466775
-58.75520926937993,183.75,5.886095,0.6175713
-58.75520926937993,185.625,6.0135756,0.64013493
-58.75520926937993,187.5,6.1646886,0.62456447
-58.75520926937993,189.375,6.233361,0.62563497
-58.75520926937993,191.25,6.219474,0.6374339
-58.75520926937993,193.125,6.2185755,0.6472027
-58.75520926937993,195.0,6.299962,0.681893
-58.75520926937993,196.875,6.384591,0.7273242
-58.75520926937993,198.75,6.333673,0.746759
-58.75520926937993,200.625,6.048224,0.7697426
-58.75520926937993,202.5,5.6893177,0.80014
-58.75520926937993,204.375,5.3544154,0.76429236
-58.75520926937993,206.25,5.0181265,0.7321555
-58.75520926937993,208.125,4.796857,0.7009799
-58.75520926937993,210.0,4.7282243,0.6892701
-58.75520926937993,211.875,5.034943,0.66003454
-58.75520926937993,213.75,5.637013,0.5643303
-58.75520926937993,215.625,5.913751,0.551431
-58.75520926937993,217.5,5.9867005,0.5732648
-58.75520926937993,219.375,5.9496303,0.6130677
-58.75520926937993,221.25,5.855216,0.65223914
-58.75520926937993,223.125,5.8341026,0.6639286
-58.75520926937993,225.0,5.9392395,0.6515164
-58.75520926937993,226.875,6.0997863,0.64346343
-58.75520926937993,228.75,6.184884,0.6508146
-58.75520926937993,230.625,6.11047,0.66457796
-58.75520926937993,232.5,5.9340835,0.6606962
-58.75520926937993,234.375,5.7808995,0.6410686
-58.75520926937993,236.25,5.7299232,0.6276248
-58.75520926937993,238.125,5.744142,0.6305793
-58.75520926937993,240.0,5.749806,0.6327637
-58.75520926937993,241.875,5.7219543,0.6218676
-58.75520926937993,243.75,5.675216,0.610862
-58.75520926937993,245.625,5.6177354,0.6042756
-58.75520926937993,247.5,5.553517,0.5948999
-58.75520926937993,249.375,5.5108604,0.5919147
-58.75520926937993,251.25,5.481349,0.5882043
-58.75520926937993,253.125,5.4612904,0.57964957
-58.75520926937993,255.0,5.478712,0.5662176
-58.75520926937993,256.875,5.5239854,0.5473526
-58.75520926937993,258.75,5.545685,0.52397156
-58.75520926937993,260.625,5.5290246,0.5087718
-58.75520926937993,262.5,5.5286145,0.5001614
-58.75520926937993,264.375,5.580724,0.5079338
-58.75520926937993,266.25,5.6467395,0.5083283
-58.75520926937993,268.125,5.70797,0.49119583
-58.75520926937993,270.0,5.78256,0.47452125
-58.75520926937993,271.875,5.834708,0.49091646
-58.75520926937993,273.75,5.854337,0.53548944
-58.75520926937993,275.625,5.902052,0.56744355
-58.75520926937993,277.5,5.970607,0.55489093
-58.75520926937993,279.375,6.0437512,0.53703386
-58.75520926937993,281.25,6.0821495,0.5325211
-58.75520926937993,283.125,6.0823255,0.5382654
-58.75520926937993,285.0,6.1790247,0.54837716
-58.75520926937993,286.875,6.24672,0.5243093
-58.75520926937993,288.75,6.337462,0.5018081
-58.75520926937993,290.625,6.3453135,0.49319002
-58.75520926937993,292.5,6.1270714,0.497079
-58.75520926937993,294.375,5.913165,0.46975163
-58.75520926937993,296.25,6.039806,0.44300926
-58.75520926937993,298.125,6.1994543,0.4525504
-58.75520926937993,300.0,6.3027744,0.4481809
-58.75520926937993,301.875,6.369884,0.44375837
-58.75520926937993,303.75,6.387599,0.4310274
-58.75520926937993,305.625,6.2814074,0.48921046
-58.75520926937993,307.5,5.894161,0.6836768
-58.75520926937993,309.375,5.252208,0.8493193
-58.75520926937993,311.25,4.549611,0.8449018
-58.75520926937993,313.125,3.9043765,0.6952927
-58.75520926937993,315.0,3.6209195,0.58348656
-58.75520926937993,316.875,3.7026577,0.539163
-58.75520926937993,318.75,3.6401186,0.5034243
-58.75520926937993,320.625,3.4129899,0.46577728
-58.75520926937993,322.5,3.4204311,0.4617738
-58.75520926937993,324.375,3.4389274,0.4677373
-58.75520926937993,326.25,3.4495718,0.48411232
-58.75520926937993,328.125,3.4509,0.50218636
-58.75520926937993,330.0,3.4111147,0.51154065
-58.75520926937993,331.875,3.4015446,0.51661307
-58.75520926937993,333.75,3.4010563,0.51517344
-58.75520926937993,335.625,3.4551187,0.51122636
-58.75520926937993,337.5,3.5667202,0.5089413
-58.75520926937993,339.375,3.6153336,0.51587784
-58.75520926937993,341.25,3.620568,0.51834697
-58.75520926937993,343.125,3.6342788,0.53036535
-58.75520926937993,345.0,3.668224,0.5359456
-58.75520926937993,346.875,3.683693,0.5352896
-58.75520926937993,348.75,3.7110171,0.5524095
-58.75520926937993,350.625,3.7431266,0.5690886
-58.75520926937993,352.5,3.7458608,0.5769957
-58.75520926937993,354.375,3.708478,0.56866795
-58.75520926937993,356.25,3.7289078,0.53089666
-58.75520926937993,358.125,3.8185952,0.47126916
-56.89001260135711,0.0,3.851525,0.49416187
-56.89001260135711,1.875,3.897267,0.4733089
-56.89001260135711,3.75,3.90465,0.45654798
-56.89001260135711,5.625,3.9220133,0.43570614
-56.89001260135711,7.5,3.9873843,0.40369877
-56.89001260135711,9.375,4.1000404,0.38149866
-56.89001260135711,11.25,4.2211146,0.38235074
-56.89001260135711,13.125,4.270685,0.38162196
-56.89001260135711,15.0,4.242189,0.37603685
-56.89001260135711,16.875,4.2040052,0.37222555
-56.89001260135711,18.75,4.2242007,0.3608296
-56.89001260135711,20.625,4.2953725,0.3611602
-56.89001260135711,22.5,4.4046307,0.38526803
-56.89001260135711,24.375,4.492853,0.3954822
-56.89001260135711,26.25,4.54922,0.39540702
-56.89001260135711,28.125,4.5965443,0.39505243
-56.89001260135711,30.0,4.645158,0.39385027
-56.89001260135711,31.875,4.732248,0.4076242
-56.89001260135711,33.75,4.8233414,0.39969695
-56.89001260135711,35.625,4.8837123,0.40448076
-56.89001260135711,37.5,4.919298,0.4011488
-56.89001260135711,39.375,4.9470525,0.39503774
-56.89001260135711,41.25,4.9875603,0.39869294
-56.89001260135711,43.125,5.0254703,0.40302366
-56.89001260135711,45.0,5.049865,0.42343888
-56.89001260135711,46.875,5.0547476,0.44970626
-56.89001260135711,48.75,5.0359974,0.44490746
-56.89001260135711,50.625,5.037228,0.4390509
-56.89001260135711,52.5,5.121251,0.42775893
-56.89001260135711,54.375,5.268966,0.42555296
-56.89001260135711,56.25,5.399669,0.42214787
-56.89001260135711,58.125,5.509337,0.42560452
-56.89001260135711,60.0,5.5927944,0.43203437
-56.89001260135711,61.875,5.6988683,0.43018305
-56.89001260135711,63.75,5.8290834,0.42461213
-56.89001260135711,65.625,5.951017,0.4249133
-56.89001260135711,67.5,6.0099425,0.4254692
-56.89001260135711,69.375,5.974376,0.41985145
-56.89001260135711,71.25,5.9145327,0.41281092
-56.89001260135711,73.125,5.841681,0.4249005
-56.89001260135711,75.0,5.6282434,0.45365894
-56.89001260135711,76.875,5.165255,0.49330297
-56.89001260135711,78.75,4.8525014,0.47672993
-56.89001260135711,80.625,4.736447,0.46298805
-56.89001260135711,82.5,4.72424,0.51042795
-56.89001260135711,84.375,4.642521,0.52810746
-56.89001260135711,86.25,4.611681,0.50669396
-56.89001260135711,88.125,4.6620326,0.5156649
-56.89001260135711,90.0,4.7318373,0.5222626
-56.89001260135711,91.875,4.766916,0.5329679
-56.89001260135711,93.75,4.7971697,0.5378857
-56.89001260135711,95.625,4.8794546,0.52380574
-56.89001260135711,97.5,4.984064,0.50921774
-56.89001260135711,99.375,5.0830874,0.504617
-56.89001260135711,101.25,5.1632433,0.5120844
-56.89001260135711,103.125,5.228009,0.5114405
-56.89001260135711,105.0,5.3203526,0.5082315
-56.89001260135711,106.875,5.4431458,0.49281842
-56.89001260135711,108.75,5.544845,0.48748878
-56.89001260135711,110.625,5.631427,0.4895611
-56.89001260135711,112.5,5.7045913,0.48251802
-56.89001260135711,114.375,5.7807827,0.4734194
-56.89001260135711,116.25,5.912677,0.47435096
-56.89001260135711,118.125,6.073634,0.49131995
-56.89001260135711,120.0,6.1894546,0.50378007
-56.89001260135711,121.875,6.274435,0.5046309
-56.89001260135711,123.75,6.3528137,0.5224273
-56.89001260135711,125.625,6.4311733,0.53408283
-56.89001260135711,127.5,6.5302553,0.5165339
-56.89001260135711,129.375,6.6025405,0.50915194
-56.89001260135711,131.25,6.6524425,0.5073803
-56.89001260135711,133.125,6.697677,0.4879012
-56.89001260135711,135.0,6.757599,0.47269782
-56.89001260135711,136.875,6.8065248,0.48317504
-56.89001260135711,138.75,6.864513,0.48998415
-56.89001260135711,140.625,6.94172,0.48781106
-56.89001260135711,142.5,6.9782043,0.492203
-56.89001260135711,144.375,6.883595,0.507911
-56.89001260135711,146.25,6.6894546,0.5084991
-56.89001260135711,148.125,6.624982,0.50372046
-56.89001260135711,150.0,6.733712,0.5050214
-56.89001260135711,151.875,6.8791223,0.5000135
-56.89001260135711,153.75,7.0010753,0.49197444
-56.89001260135711,155.625,7.0949035,0.49867657
-56.89001260135711,157.5,7.1193175,0.53004014
-56.89001260135711,159.375,7.109142,0.54431444
-56.89001260135711,161.25,7.1367006,0.5033467
-56.89001260135711,163.125,7.2398643,0.4495655
-56.89001260135711,165.0,7.277677,0.44894215
-56.89001260135711,166.875,7.220646,0.50970006
-56.89001260135711,168.75,7.0683413,0.52883637
-56.89001260135711,170.625,6.914396,0.5070782
-56.89001260135711,172.5,6.885001,0.4748662
-56.89001260135711,174.375,7.0215054,0.4785578
-56.89001260135711,176.25,7.221056,0.4721662
-56.89001260135711,178.125,7.359513,0.45916742
-56.89001260135711,180.0,7.36297,0.44426557
-56.89001260135711,181.875,7.1934776,0.45829746
-56.89001260135711,183.75,6.9409776,0.53403646
-56.89001260135711,185.625,6.829474,0.60492224
-56.89001260135711,187.5,6.8784,0.62899107
-56.89001260135711,189.375,6.9670715,0.6283819
-56.89001260135711,191.25,7.031134,0.62186897
-56.89001260135711,193.125,7.0744348,0.5909406
-56.89001260135711,195.0,7.1597667,0.60753435
-56.89001260135711,196.875,7.236505,0.65122455
-56.89001260135711,198.75,7.2164073,0.6761925
-56.89001260135711,200.625,6.996603,0.71042097
-56.89001260135711,202.5,6.624513,0.76031506
-56.89001260135711,204.375,6.252306,0.7425236
-56.89001260135711,206.25,5.908458,0.74137896
-56.89001260135711,208.125,5.654689,0.72157484
-56.89001260135711,210.0,5.4314857,0.688032
-56.89001260135711,211.875,5.4590054,0.65346825
-56.89001260135711,213.75,5.7407627,0.60160136
-56.89001260135711,215.625,6.0047083,0.5986847
-56.89001260135711,217.5,6.243712,0.61033756
-56.89001260135711,219.375,6.436251,0.6186631
-56.89001260135711,221.25,6.4862123,0.6324135
-56.89001260135711,223.125,6.5130677,0.6455375
-56.89001260135711,225.0,6.664572,0.64632493
-56.89001260135711,226.875,6.9498644,0.6453609
-56.89001260135711,228.75,7.215138,0.6367754
-56.89001260135711,230.625,7.274396,0.63035387
-56.89001260135711,232.5,7.1593957,0.61280245
-56.89001260135711,234.375,6.981212,0.5849469
-56.89001260135711,236.25,6.862091,0.5750736
-56.89001260135711,238.125,6.806603,0.5906994
-56.89001260135711,240.0,6.7834973,0.60386837
-56.89001260135711,241.875,6.7696495,0.6031323
-56.89001260135711,243.75,6.767111,0.59206766
-56.89001260135711,245.625,6.7384777,0.5746887
-56.89001260135711,247.5,6.6488295,0.5501687
-56.89001260135711,249.375,6.5256653,0.54072475
-56.89001260135711,251.25,6.434884,0.53186655
-56.89001260135711,253.125,6.410704,0.51384896
-56.89001260135711,255.0,6.443263,0.49448654
-56.89001260135711,256.875,6.499083,0.4821369
-56.89001260135711,258.75,6.5318956,0.47804576
-56.89001260135711,260.625,6.5226183,0.47333404
-56.89001260135711,262.5,6.505861,0.47056744
-56.89001260135711,264.375,6.5024233,0.46690854
-56.89001260135711,266.25,6.505177,0.46219084
-56.89001260135711,268.125,6.5246105,0.44911402
-56.89001260135711,270.0,6.5936146,0.43102494
-56.89001260135711,271.875,6.6826963,0.42404863
-56.89001260135711,273.75,6.7455873,0.44857875
-56.89001260135711,275.625,6.772892,0.47904944
-56.89001260135711,277.5,6.8177943,0.4858505
-56.89001260135711,279.375,6.8802357,0.47106564
-56.89001260135711,281.25,6.9842396,0.45948988
-56.89001260135711,283.125,7.074103,0.44358525
-56.89001260135711,285.0,7.1660557,0.4282926
-56.89001260135711,286.875,7.384884,0.4103602
-56.89001260135711,288.75,7.760548,0.36973462
-56.89001260135711,290.625,7.872482,0.3721491
-56.89001260135711,292.5,7.6661534,0.38947845
-56.89001260135711,294.375,7.0358996,0.4797255
-56.89001260135711,296.25,6.594415,0.5027306
-56.89001260135711,298.125,6.453888,0.4675102
-56.89001260135711,300.0,6.487462,0.4676803
-56.89001260135711,301.875,6.591427,0.4684664
-56.89001260135711,303.75,6.6755285,0.47169748
-56.89001260135711,305.625,6.7281456,0.45912036
-56.89001260135711,307.5,6.7147083,0.47527394
-56.89001260135711,309.375,6.427736,0.6147408
-56.89001260135711,311.25,5.7585754,0.728056
-56.89001260135711,313.125,4.976095,0.66639423
-56.89001260135711,315.0,4.7684975,0.5823344
-56.89001260135711,316.875,4.9359975,0.49640653
-56.89001260135711,318.75,4.7101774,0.47399157
-56.89001260135711,320.625,4.028673,0.47384816
-56.89001260135711,322.5,3.7532632,0.45789737
-56.89001260135711,324.375,3.6376383,0.44301775
-56.89001260135711,326.25,3.5312905,0.43109533
-56.89001260135711,328.125,3.5206656,0.43747267
-56.89001260135711,330.0,3.5741813,0.4697293
-56.89001260135711,331.875,3.6153922,0.49006948
-56.89001260135711,333.75,3.7047868,0.5021
-56.89001260135711,335.625,3.7390053,0.49853554
-56.89001260135711,337.5,3.7067983,0.5128225
-56.89001260135711,339.375,3.6824038,0.5183558
-56.89001260135711,341.25,3.6788688,0.5231626
-56.89001260135711,343.125,3.7317202,0.52569926
-56.89001260135711,345.0,3.8435953,0.54422575
-56.89001260135711,346.875,3.9729702,0.5581632
-56.89001260135711,348.75,4.0882244,0.5539298
-56.89001260135711,350.625,4.2244353,0.53657585
-56.89001260135711,352.5,4.2085366,0.52306837
-56.89001260135711,354.375,3.9917397,0.5443853
-56.89001260135711,356.25,3.8189273,0.5560484
-56.89001260135711,358.125,3.7877164,0.5302151
-55.02480753831166,0.0,3.9474626,0.49075454
-55.02480753831166,1.875,3.9417202,0.47714654
-55.02480753831166,3.75,3.8666227,0.46601018
-55.02480753831166,5.625,3.80006,0.44534096
-55.02480753831166,7.5,3.8758805,0.42340592
-55.02480753831166,9.375,4.026271,0.4054128
-55.02480753831166,11.25,4.137912,0.39585438
-55.02480753831166,13.125,4.196896,0.38169253
-55.02480753831166,15.0,4.2280874,0.36427358
-55.02480753831166,16.875,4.2642593,0.35047612
-55.02480753831166,18.75,4.4125404,0.36721537
-55.02480753831166,20.625,4.5309196,0.36561096
-55.02480753831166,22.5,4.5516033,0.36505342
-55.02480753831166,24.375,4.6000404,0.38221508
-55.02480753831166,26.25,4.6491227,0.38717425
-55.02480753831166,28.125,4.6900797,0.3727563
-55.02480753831166,30.0,4.7358217,0.3593088
-55.02480753831166,31.875,4.821349,0.37095818
-55.02480753831166,33.75,4.9377165,0.37925807
-55.02480753831166,35.625,5.072033,0.38490784
-55.02480753831166,37.5,5.251505,0.39066067
-55.02480753831166,39.375,5.2989464,0.39083198
-55.02480753831166,41.25,5.334767,0.40075865
-55.02480753831166,43.125,5.374396,0.3940103
-55.02480753831166,45.0,5.4216223,0.39533815
-55.02480753831166,46.875,5.4750013,0.39859748
-55.02480753831166,48.75,5.5041614,0.40619978
-55.02480753831166,50.625,5.510216,0.3900408
-55.02480753831166,52.5,5.5625987,0.3839259
-55.02480753831166,54.375,5.671818,0.40518424
-55.02480753831166,56.25,5.718888,0.40950644
-55.02480753831166,58.125,5.748556,0.40853888
-55.02480753831166,60.0,5.812677,0.42013112
-55.02480753831166,61.875,5.924474,0.4221145
-55.02480753831166,63.75,6.093009,0.41642737
-55.02480753831166,65.625,6.2447276,0.40999088
-55.02480753831166,67.5,6.3682237,0.3878753
-55.02480753831166,69.375,6.396759,0.36685014
-55.02480753831166,71.25,6.420353,0.35739192
-55.02480753831166,73.125,6.472892,0.35565436
-55.02480753831166,75.0,6.4419155,0.3671871
-55.02480753831166,76.875,5.9301186,0.425066
-55.02480753831166,78.75,5.3709974,0.46559173
-55.02480753831166,80.625,5.230138,0.43992326
-55.02480753831166,82.5,5.3237123,0.46472862
-55.02480753831166,84.375,5.389962,0.49345723
-55.02480753831166,86.25,5.448185,0.4776955
-55.02480753831166,88.125,5.443673,0.48120272
-55.02480753831166,90.0,5.355294,0.52812934
-55.02480753831166,91.875,5.19004,0.5672638
-55.02480753831166,93.75,5.08631,0.5804599
-55.02480753831166,95.625,5.1261144,0.598772
-55.02480753831166,97.5,5.244474,0.63241893
-55.02480753831166,99.375,5.368888,0.6091425
-55.02480753831166,101.25,5.4427943,0.5597306
-55.02480753831166,103.125,5.4796886,0.5180831
-55.02480753831166,105.0,5.5340443,0.5101813
-55.02480753831166,106.875,5.6244936,0.5183095
-55.02480753831166,108.75,5.7127357,0.50095063
-55.02480753831166,110.625,5.7490444,0.48250547
-55.02480753831166,112.5,5.801505,0.45993626
-55.02480753831166,114.375,5.85963,0.45969847
-55.02480753831166,116.25,5.929415,0.45240602
-55.02480753831166,118.125,6.073107,0.43216392
-55.02480753831166,120.0,6.224884,0.44139853
-55.02480753831166,121.875,6.3506846,0.45726305
-55.02480753831166,123.75,6.476056,0.461783
-55.02480753831166,125.625,6.56713,0.44615877
-55.02480753831166,127.5,6.661427,0.44898075
-55.02480753831166,129.375,6.787208,0.4747673
-55.02480753831166,131.25,6.926876,0.48989722
-55.02480753831166,133.125,7.0732822,0.48287606
-55.02480753831166,135.0,7.203341,0.45915836
-55.02480753831166,136.875,7.3119545,0.45315883
-55.02480753831166,138.75,7.40131,0.46259236
-55.02480753831166,140.625,7.4878526,0.4717689
-55.02480753831166,142.5,7.4839463,0.47701418
-55.02480753831166,144.375,7.3700404,0.5057603
-55.02480753831166,146.25,7.243751,0.53585756
-55.02480753831166,148.125,7.239181,0.53478134
-55.02480753831166,150.0,7.3643565,0.5069908
-55.02480753831166,151.875,7.4885364,0.49115658
-55.02480753831166,153.75,7.614689,0.49026147
-55.02480753831166,155.625,7.781681,0.49426535
-55.02480753831166,157.5,7.97379,0.5011607
-55.02480753831166,159.375,8.118029,0.48649147
-55.02480753831166,161.25,8.198517,0.45657575
-55.02480753831166,163.125,8.331818,0.42275754
-55.02480753831166,165.0,8.524005,0.41882706
-55.02480753831166,166.875,8.549356,0.43611252
-55.02480753831166,168.75,8.37338,0.4609338
-55.02480753831166,170.625,8.125001,0.48482794
-55.02480753831166,172.5,7.778732,0.48742488
-55.02480753831166,174.375,7.468673,0.4892143
-55.02480753831166,176.25,7.422501,0.4931464
-55.02480753831166,178.125,7.5704894,0.4925683
-55.02480753831166,180.0,7.779552,0.49313217
-55.02480753831166,181.875,7.8895326,0.48310825
-55.02480753831166,183.75,7.8353724,0.49298233
-55.02480753831166,185.625,7.720743,0.550904
-55.02480753831166,187.5,7.703595,0.6052202
-55.02480753831166,189.375,7.765646,0.6224112
-55.02480753831166,191.25,7.831896,0.62307346
-55.02480753831166,193.125,7.8781066,0.612251
-55.02480753831166,195.0,7.9228725,0.5962215
-55.02480753831166,196.875,7.9907436,0.62941366
-55.02480753831166,198.75,8.019748,0.6637027
-55.02480753831166,200.625,7.9003334,0.6869271
-55.02480753831166,202.5,7.564552,0.7203305
-55.02480753831166,204.375,7.151583,0.7095309
-55.02480753831166,206.25,6.8422084,0.7044121
-55.02480753831166,208.125,6.741388,0.7288932
-55.02480753831166,210.0,6.715958,0.7615535
-55.02480753831166,211.875,6.6861534,0.7658406
-55.02480753831166,213.75,6.7141223,0.7358114
-55.02480753831166,215.625,6.858087,0.7074445
-55.02480753831166,217.5,7.108849,0.68753344
-55.02480753831166,219.375,7.2807436,0.68163335
-55.02480753831166,221.25,7.314181,0.68491465
-55.02480753831166,223.125,7.342228,0.68680334
-55.02480753831166,225.0,7.5021105,0.6851849
-55.02480753831166,226.875,7.821876,0.65914893
-55.02480753831166,228.75,8.0669155,0.6295651
-55.02480753831166,230.625,8.122228,0.6160561
-55.02480753831166,232.5,8.017443,0.61818
-55.02480753831166,234.375,7.8049426,0.62066865
-55.02480753831166,236.25,7.590177,0.6266898
-55.02480753831166,238.125,7.45379,0.63743067
-55.02480753831166,240.0,7.4064465,0.6289539
-55.02480753831166,241.875,7.453165,0.6036332
-55.02480753831166,243.75,7.5623646,0.57009244
-55.02480753831166,245.625,7.6085753,0.53221995
-55.02480753831166,247.5,7.5206847,0.49845204
-55.02480753831166,249.375,7.354943,0.48775885
-55.02480753831166,251.25,7.2391615,0.47675014
-55.02480753831166,253.125,7.2210755,0.46118334
-55.02480753831166,255.0,7.262872,0.45389202
-55.02480753831166,256.875,7.322716,0.4530177
-55.02480753831166,258.75,7.3689466,0.4499777
-55.02480753831166,260.625,7.3916225,0.4380919
-55.02480753831166,262.5,7.392013,0.419489
-55.02480753831166,264.375,7.3629503,0.4068588
-55.02480753831166,266.25,7.3243957,0.40110922
-55.02480753831166,268.125,7.3135557,0.39544544
-55.02480753831166,270.0,7.36338,0.38950863
-55.02480753831166,271.875,7.4485755,0.3863114
-55.02480753831166,273.75,7.501622,0.38857278
-55.02480753831166,275.625,7.497482,0.39180705
-55.02480753831166,277.5,7.49713,0.39412987
-55.02480753831166,279.375,7.5353723,0.40139958
-55.02480753831166,281.25,7.670138,0.41588247
-55.02480753831166,283.125,7.8076572,0.4197407
-55.02480753831166,285.0,8.35131,0.39705127
-55.02480753831166,286.875,8.60295,0.37742564
-55.02480753831166,288.75,8.615548,0.38934317
-55.02480753831166,290.625,7.3113685,0.72644377
-55.02480753831166,292.5,7.596017,0.7733664
-55.02480753831166,294.375,8.102795,0.43777192
-55.02480753831166,296.25,7.8832045,0.4672141
-55.02480753831166,298.125,7.7700405,0.45435286
-55.02480753831166,300.0,7.673966,0.45286313
-55.02480753831166,301.875,7.606544,0.43468386
-55.02480753831166,303.75,7.4203725,0.43021882
-55.02480753831166,305.625,7.236271,0.4528819
-55.02480753831166,307.5,7.1725597,0.47061753
-55.02480753831166,309.375,7.078165,0.49285275
-55.02480753831166,311.25,6.826798,0.5199772
-55.02480753831166,313.125,6.1086144,0.5882645
-55.02480753831166,315.0,5.5334973,0.52427506
-55.02480753831166,316.875,5.439493,0.46175313
-55.02480753831166,318.75,5.096056,0.4773374
-55.02480753831166,320.625,4.6512513,0.4658061
-55.02480753831166,322.5,4.400431,0.45171553
-55.02480753831166,324.375,4.2714663,0.44976422
-55.02480753831166,326.25,3.9689665,0.43252513
-55.02480753831166,328.125,3.7747085,0.41862145
-55.02480753831166,330.0,3.822853,0.41302517
-55.02480753831166,331.875,3.8733413,0.43344724
-55.02480753831166,333.75,4.006896,0.43466294
-55.02480753831166,335.625,4.142873,0.4282608
-55.02480753831166,337.5,4.182912,0.46613342
-55.02480753831166,339.375,4.0951967,0.5169243
-55.02480753831166,341.25,4.0580482,0.5351221
-55.02480753831166,343.125,4.228888,0.5208787
-55.02480753831166,345.0,4.4185367,0.515819
-55.02480753831166,346.875,4.4922476,0.4992575
-55.02480753831166,348.75,4.564396,0.48058102
-55.02480753831166,350.625,4.6144156,0.4822132
-55.02480753831166,352.5,4.5415835,0.462721
-55.02480753831166,354.375,4.3557634,0.47218245
-55.02480753831166,356.25,4.1704116,0.49800864
-55.02480753831166,358.125,4.012736,0.5021362
-53.15959537001968,0.0,4.4169545,0.43437558
-53.15959537001968,1.875,4.4609585,0.43300954
-53.15959537001968,3.75,4.4860563,0.4374285
-53.15959537001968,5.625,4.410959,0.4307653
-53.15959537001968,7.5,4.4897866,0.44299486
-53.15959537001968,9.375,4.6133804,0.45334393
-53.15959537001968,11.25,4.621408,0.4359344
-53.15959537001968,13.125,4.567072,0.40958503
-53.15959537001968,15.0,4.609103,0.38645965
-53.15959537001968,16.875,4.840431,0.36705175
-53.15959537001968,18.75,5.1970716,0.3856014
-53.15959537001968,20.625,5.3359194,0.38908923
-53.15959537001968,22.5,5.363888,0.41746622
-53.15959537001968,24.375,5.441212,0.45555001
-53.15959537001968,26.25,5.565763,0.43369567
-53.15959537001968,28.125,5.4519935,0.4187717
-53.15959537001968,30.0,5.258263,0.38632038
-53.15959537001968,31.875,5.2983413,0.39592752
-53.15959537001968,33.75,5.632638,0.45085725
-53.15959537001968,35.625,6.0985756,0.48952395
-53.15959537001968,37.5,6.415529,0.46736985
-53.15959537001968,39.375,6.350704,0.44060296
-53.15959537001968,41.25,6.232638,0.43158752
-53.15959537001968,43.125,6.1989074,0.42046964
-53.15959537001968,45.0,6.2626185,0.4197591
-53.15959537001968,46.875,6.3401575,0.4210268
-53.15959537001968,48.75,6.312521,0.39932337
-53.15959537001968,50.625,6.300724,0.36906302
-53.15959537001968,52.5,6.40131,0.35931343
-53.15959537001968,54.375,6.546505,0.37567064
-53.15959537001968,56.25,6.602618,0.36680228
-53.15959537001968,58.125,6.5946302,0.35783452
-53.15959537001968,60.0,6.617052,0.36461493
-53.15959537001968,61.875,6.692345,0.35720742
-53.15959537001968,63.75,6.7896104,0.34183782
-53.15959537001968,65.625,6.8501964,0.3261295
-53.15959537001968,67.5,6.9273643,0.31597853
-53.15959537001968,69.375,6.994103,0.3193144
-53.15959537001968,71.25,7.006818,0.31863418
-53.15959537001968,73.125,7.0469737,0.30851045
-53.15959537001968,75.0,6.970743,0.32480365
-53.15959537001968,76.875,6.6126966,0.36899057
-53.15959537001968,78.75,6.16797,0.43754458
-53.15959537001968,80.625,5.9383216,0.42956644
-53.15959537001968,82.5,5.800646,0.41894302
-53.15959537001968,84.375,5.872482,0.44297847
-53.15959537001968,86.25,6.0642004,0.41991407
-53.15959537001968,88.125,6.221798,0.3891253
-53.15959537001968,90.0,6.3081264,0.40275866
-53.15959537001968,91.875,6.3118176,0.45403367
-53.15959537001968,93.75,6.301388,0.4995561
-53.15959537001968,95.625,6.32715,0.52900016
-53.15959537001968,97.5,6.4169545,0.5482013
-53.15959537001968,99.375,6.5125403,0.5527407
-53.15959537001968,101.25,6.535802,0.5581818
-53.15959537001968,103.125,6.5237904,0.5416867
-53.15959537001968,105.0,6.54047,0.54854256
-53.15959537001968,106.875,6.608595,0.5742102
-53.15959537001968,108.75,6.7119155,0.5950294
-53.15959537001968,110.625,6.781603,0.5849359
-53.15959537001968,112.5,6.757814,0.54825914
-53.15959537001968,114.375,6.6724424,0.5135148
-53.15959537001968,116.25,6.608849,0.5244904
-53.15959537001968,118.125,6.623224,0.54333633
-53.15959537001968,120.0,6.7429895,0.5459623
-53.15959537001968,121.875,6.924142,0.5389904
-53.15959537001968,123.75,7.104025,0.51018035
-53.15959537001968,125.625,7.2973256,0.47259226
-53.15959537001968,127.5,7.51756,0.42812145
-53.15959537001968,129.375,7.7381654,0.44088918
-53.15959537001968,131.25,7.909103,0.47587436
-53.15959537001968,133.125,8.009923,0.4714466
-53.15959537001968,135.0,8.112814,0.4468651
-53.15959537001968,136.875,8.2121105,0.43689257
-53.15959537001968,138.75,8.328752,0.43528476
-53.15959537001968,140.625,8.450196,0.4295421
-53.15959537001968,142.5,8.493029,0.4354272
-53.15959537001968,144.375,8.464923,0.45623678
-53.15959537001968,146.25,8.409552,0.4847197
-53.15959537001968,148.125,8.443576,0.47561502
-53.15959537001968,150.0,8.506993,0.4482172
-53.15959537001968,151.875,8.546798,0.44407976
-53.15959537001968,153.75,8.588712,0.450139
-53.15959537001968,155.625,8.675255,0.4560781
-53.15959537001968,157.5,8.7817,0.45049655
-53.15959537001968,159.375,8.851954,0.44273812
-53.15959537001968,161.25,8.867052,0.4397908
-53.15959537001968,163.125,9.1084585,0.44219348
-53.15959537001968,165.0,9.437111,0.45667544
-53.15959537001968,166.875,9.3842,0.4544655
-53.15959537001968,168.75,9.218771,0.45906308
-53.15959537001968,170.625,9.111798,0.4839816
-53.15959537001968,172.5,8.743771,0.49596775
-53.15959537001968,174.375,8.174572,0.49711868
-53.15959537001968,176.25,7.9318566,0.5056044
-53.15959537001968,178.125,8.003322,0.51745105
-53.15959537001968,180.0,8.227325,0.52641493
-53.15959537001968,181.875,8.456466,0.5253807
-53.15959537001968,183.75,8.55631,0.52930063
-53.15959537001968,185.625,8.534181,0.5477997
-53.15959537001968,187.5,8.560822,0.59314245
-53.15959537001968,189.375,8.643146,0.621443
-53.15959537001968,191.25,8.706954,0.63285434
-53.15959537001968,193.125,8.726252,0.64769316
-53.15959537001968,195.0,8.715099,0.64947337
-53.15959537001968,196.875,8.745509,0.6670494
-53.15959537001968,198.75,8.820763,0.69541633
-53.15959537001968,200.625,8.8035555,0.70405674
-53.15959537001968,202.5,8.609279,0.6998082
-53.15959537001968,204.375,8.319357,0.6840377
-53.15959537001968,206.25,8.099083,0.69562644
-53.15959537001968,208.125,8.065919,0.72839546
-53.15959537001968,210.0,8.225939,0.76530653
-53.15959537001968,211.875,8.426153,0.7737498
-53.15959537001968,213.75,8.54297,0.7372993
-53.15959537001968,215.625,8.587755,0.69323087
-53.15959537001968,217.5,8.6263485,0.6726628
-53.15959537001968,219.375,8.612736,0.67352474
-53.15959537001968,221.25,8.5093565,0.6730977
-53.15959537001968,223.125,8.443692,0.6620472
-53.15959537001968,225.0,8.478127,0.64985514
-53.15959537001968,226.875,8.576368,0.6475249
-53.15959537001968,228.75,8.59297,0.6467838
-53.15959537001968,230.625,8.534318,0.63377714
-53.15959537001968,232.5,8.453673,0.613614
-53.15959537001968,234.375,8.337951,0.60720277
-53.15959537001968,236.25,8.181192,0.61562544
-53.15959537001968,238.125,8.045919,0.62065315
-53.15959537001968,240.0,7.98963,0.6086257
-53.15959537001968,241.875,8.045978,0.5889882
-53.15959537001968,243.75,8.204591,0.5634802
-53.15959537001968,245.625,8.308322,0.53505117
-53.15959537001968,247.5,8.257111,0.5150619
-53.15959537001968,249.375,8.095724,0.50407296
-53.15959537001968,251.25,7.975177,0.48716316
-53.15959537001968,253.125,7.9332824,0.4728512
-53.15959537001968,255.0,7.9509974,0.47493467
-53.15959537001968,256.875,7.9906263,0.47863528
-53.15959537001968,258.75,8.04299,0.47807688
-53.15959537001968,260.625,8.101837,0.46837652
-53.15959537001968,262.5,8.135059,0.4566293
-53.15959537001968,264.375,8.1065445,0.4446463
-53.15959537001968,266.25,8.0592985,0.4353277
-53.15959537001968,268.125,8.045216,0.428591
-53.15959537001968,270.0,8.079142,0.42480093
-53.15959537001968,271.875,8.15795,0.4139524
-53.15959537001968,273.75,8.203048,0.39663357
-53.15959537001968,275.625,8.196877,0.3890074
-53.15959537001968,277.5,8.214161,0.39652586
-53.15959537001968,279.375,8.415353,0.45284817
-53.15959537001968,281.25,8.735684,0.50765955
-53.15959537001968,283.125,9.034864,0.44015533
-53.15959537001968,285.0,9.116486,0.3926037
-53.15959537001968,286.875,7.7008214,0.7790446
-53.15959537001968,288.75,7.9188294,0.841976
-53.15959537001968,290.625,8.657658,0.89642173
-53.15959537001968,292.5,9.681759,0.49194345
-53.15959537001968,294.375,9.258009,0.51010936
-53.15959537001968,296.25,9.222072,0.49873403
-53.15959537001968,298.125,8.979845,0.4975221
-53.15959537001968,300.0,8.87299,0.49877548
-53.15959537001968,301.875,8.782716,0.5052735
-53.15959537001968,303.75,8.274942,0.48450106
-53.15959537001968,305.625,7.9384584,0.45997876
-53.15959537001968,307.5,7.641661,0.45331514
-53.15959537001968,309.375,7.381603,0.47918436
-53.15959537001968,311.25,7.0821886,0.49258393
-53.15959537001968,313.125,6.4908605,0.5560386
-53.15959537001968,315.0,6.028595,0.49149168
-53.15959537001968,316.875,6.049005,0.44759488
-53.15959537001968,318.75,6.0981655,0.47772375
-53.15959537001968,320.625,5.9817395,0.51966375
-53.15959537001968,322.5,5.609181,0.5360031
-53.15959537001968,324.375,5.302462,0.53296715
-53.15959537001968,326.25,4.876603,0.5558572
-53.15959537001968,328.125,4.653107,0.5511952
-53.15959537001968,330.0,4.5787516,0.5179077
-53.15959537001968,331.875,4.4719744,0.47235754
-53.15959537001968,333.75,4.4044547,0.4716847
-53.15959537001968,335.625,4.517228,0.50314724
-53.15959537001968,337.5,4.642365,0.46564177
-53.15959537001968,339.375,4.6228924,0.44664884
-53.15959537001968,341.25,4.676525,0.4800049
-53.15959537001968,343.125,4.908869,0.5166287
-53.15959537001968,345.0,5.245607,0.54295874
-53.15959537001968,346.875,5.461544,0.53166455
-53.15959537001968,348.75,5.3733997,0.4998604
-53.15959537001968,350.625,5.143009,0.46500883
-53.15959537001968,352.5,5.060373,0.4482713
-53.15959537001968,354.375,5.176232,0.43477285
-53.15959537001968,356.25,5.1313877,0.43160915
-53.15959537001968,358.125,4.7521305,0.4382736
-51.29437713895115,0.0,6.066056,0.47098356
-51.29437713895115,1.875,5.750353,0.43250114
-51.29437713895115,3.75,5.637462,0.457704
-51.29437713895115,5.625,5.6188293,0.47314444
-51.29437713895115,7.5,5.6696496,0.46546575
-51.29437713895115,9.375,5.787013,0.46452177
-51.29437713895115,11.25,5.756505,0.43287444
-51.29437713895115,13.125,5.4926186,0.39767525
-51.29437713895115,15.0,5.2110167,0.40221608
-51.29437713895115,16.875,5.2823057,0.38943723
-51.29437713895115,18.75,5.551388,0.3678528
-51.29437713895115,20.625,5.7412705,0.3783073
-51.29437713895115,22.5,5.846056,0.39596963
-51.29437713895115,24.375,6.180607,0.45317006
-51.29437713895115,26.25,6.6729307,0.543432
-51.29437713895115,28.125,6.796466,0.53037775
-51.29437713895115,30.0,6.515333,0.47265777
-51.29437713895115,31.875,6.209259,0.43835732
-51.29437713895115,33.75,6.2595325,0.4481981
-51.29437713895115,35.625,6.635724,0.46454287
-51.29437713895115,37.5,7.0064073,0.44408548
-51.29437713895115,39.375,7.1222863,0.41074768
-51.29437713895115,41.25,7.0527554,0.3911967
-51.29437713895115,43.125,7.027169,0.40029386
-51.29437713895115,45.0,7.0961537,0.39945072
-51.29437713895115,46.875,7.14797,0.3958827
-51.29437713895115,48.75,7.096798,0.38999897
-51.29437713895115,50.625,7.0783215,0.3825838
-51.29437713895115,52.5,7.226622,0.36255237
-51.29437713895115,54.375,7.41256,0.35346213
-51.29437713895115,56.25,7.482814,0.32063606
-51.29437713895115,58.125,7.4540443,0.30434656
-51.29437713895115,60.0,7.465509,0.30780718
-51.29437713895115,61.875,7.485919,0.31441554
-51.29437713895115,63.75,7.4598255,0.30610007
-51.29437713895115,65.625,7.404591,0.29724845
-51.29437713895115,67.5,7.4056654,0.29401153
-51.29437713895115,69.375,7.46295,0.29481447
-51.29437713895115,71.25,7.388927,0.299138
-51.29437713895115,73.125,7.3920326,0.30205852
-51.29437713895115,75.0,7.5594544,0.3167528
-51.29437713895115,76.875,8.02547,0.35686848
-51.29437713895115,78.75,8.182091,0.42317638
-51.29437713895115,80.625,7.8730483,0.44873407
-51.29437713895115,82.5,7.1346498,0.48366603
-51.29437713895115,84.375,6.5206065,0.40233436
-51.29437713895115,86.25,6.4278526,0.3962932
-51.29437713895115,88.125,6.6376576,0.396064
-51.29437713895115,90.0,6.9489465,0.39977258
-51.29437713895115,91.875,7.1789856,0.40496576
-51.29437713895115,93.75,7.288302,0.4026213
-51.29437713895115,95.625,7.3179307,0.40242624
-51.29437713895115,97.5,7.3688097,0.4104688
-51.29437713895115,99.375,7.4497085,0.42166358
-51.29437713895115,101.25,7.5280676,0.4223808
-51.29437713895115,103.125,7.560568,0.41545922
-51.29437713895115,105.0,7.5742397,0.41208473
-51.29437713895115,106.875,7.626212,0.42762616
-51.29437713895115,108.75,7.7275405,0.4598431
-51.29437713895115,110.625,7.8451967,0.47861195
-51.29437713895115,112.5,7.904689,0.45953217
-51.29437713895115,114.375,7.8896303,0.44579002
-51.29437713895115,116.25,7.834337,0.471052
-51.29437713895115,118.125,7.823556,0.5018055
-51.29437713895115,120.0,7.921818,0.5113217
-51.29437713895115,121.875,8.077736,0.48677292
-51.29437713895115,123.75,8.25004,0.43164057
-51.29437713895115,125.625,8.421173,0.3972114
-51.29437713895115,127.5,8.595509,0.3983257
-51.29437713895115,129.375,8.711056,0.41869372
-51.29437713895115,131.25,8.77924,0.42601827
-51.29437713895115,133.125,8.860373,0.4205623
-51.29437713895115,135.0,8.978712,0.40021038
-51.29437713895115,136.875,9.097795,0.40290403
-51.29437713895115,138.75,9.235373,0.40668863
-51.29437713895115,140.625,9.395958,0.4028935
-51.29437713895115,142.5,9.492559,0.39571726
-51.29437713895115,144.375,9.505919,0.3876468
-51.29437713895115,146.25,9.463204,0.38286668
-51.29437713895115,148.125,9.416154,0.40334183
-51.29437713895115,150.0,9.411583,0.43132415
-51.29437713895115,151.875,9.440958,0.4497273
-51.29437713895115,153.75,9.53297,0.4626596
-51.29437713895115,155.625,9.67547,0.4725324
-51.29437713895115,157.5,9.743517,0.48813558
-51.29437713895115,159.375,9.673419,0.49302122
-51.29437713895115,161.25,9.610919,0.4768818
-51.29437713895115,163.125,9.978438,0.4998814
-51.29437713895115,165.0,10.301231,0.5465075
-51.29437713895115,166.875,10.048868,0.5196857
-51.29437713895115,168.75,9.744591,0.52130383
-51.29437713895115,170.625,9.59004,0.5567438
-51.29437713895115,172.5,9.289454,0.5522903
-51.29437713895115,174.375,8.887306,0.5440282
-51.29437713895115,176.25,8.652326,0.55303556
-51.29437713895115,178.125,8.756564,0.5626485
-51.29437713895115,180.0,9.030684,0.5847672
-51.29437713895115,181.875,9.326564,0.62629265
-51.29437713895115,183.75,9.4922085,0.6456052
-51.29437713895115,185.625,9.504005,0.63491124
-51.29437713895115,187.5,9.478848,0.6381038
-51.29437713895115,189.375,9.560197,0.6608697
-51.29437713895115,191.25,9.648263,0.6660045
-51.29437713895115,193.125,9.704552,0.6803589
-51.29437713895115,195.0,9.752228,0.716467
-51.29437713895115,196.875,9.798419,0.7412402
-51.29437713895115,198.75,9.88045,0.735271
-51.29437713895115,200.625,9.932423,0.71516013
-51.29437713895115,202.5,9.841212,0.71376395
-51.29437713895115,204.375,9.649415,0.714335
-51.29437713895115,206.25,9.557404,0.73724824
-51.29437713895115,208.125,9.594767,0.76499295
-51.29437713895115,210.0,9.697287,0.7768644
-51.29437713895115,211.875,9.885704,0.76520133
-51.29437713895115,213.75,9.985373,0.74419993
-51.29437713895115,215.625,9.952384,0.73203695
-51.29437713895115,217.5,9.828009,0.732277
-51.29437713895115,219.375,9.6709585,0.7268355
-51.29437713895115,221.25,9.518283,0.7105586
-51.29437713895115,223.125,9.39338,0.68177503
-51.29437713895115,225.0,9.340704,0.66798085
-51.29437713895115,226.875,9.320744,0.67473626
-51.29437713895115,228.75,9.196407,0.6772174
-51.29437713895115,230.625,9.052286,0.66252047
-51.29437713895115,232.5,9.035958,0.6370697
-51.29437713895115,234.375,9.083888,0.62577325
-51.29437713895115,236.25,9.083732,0.63503236
-51.29437713895115,238.125,8.9994545,0.6432543
-51.29437713895115,240.0,8.889649,0.628852
-51.29437713895115,241.875,8.841056,0.59852034
-51.29437713895115,243.75,8.875294,0.57733715
-51.29437713895115,245.625,8.929377,0.5722146
-51.29437713895115,247.5,8.923868,0.5697221
-51.29437713895115,249.375,8.848067,0.5669455
-51.29437713895115,251.25,8.774142,0.5566236
-51.29437713895115,253.125,8.765372,0.55226946
-51.29437713895115,255.0,8.771856,0.55798215
-51.29437713895115,256.875,8.747149,0.5557834
-51.29437713895115,258.75,8.707462,0.5494261
-51.29437713895115,260.625,8.706876,0.5375124
-51.29437713895115,262.5,8.7418375,0.5146747
-51.29437713895115,264.375,8.742619,0.4951565
-51.29437713895115,266.25,8.71006,0.47625485
-51.29437713895115,268.125,8.699845,0.4613313
-51.29437713895115,270.0,8.763966,0.45209202
-51.29437713895115,271.875,8.873907,0.4397756
-51.29437713895115,273.75,8.880568,0.43830264
-51.29437713895115,275.625,8.881857,0.43648756
-51.29437713895115,277.5,9.073575,0.47588253
-51.29437713895115,279.375,9.599338,0.511795
-51.29437713895115,281.25,9.875275,0.4852878
-51.29437713895115,283.125,9.619376,0.4344975
-51.29437713895115,285.0,9.28254,0.42070216
-51.29437713895115,286.875,7.503888,0.85554266
-51.29437713895115,288.75,8.462325,0.93640876
-51.29437713895115,290.625,10.848693,1.0454057
-51.29437713895115,292.5,12.102267,0.5911095
-51.29437713895115,294.375,11.319435,0.6429551
-51.29437713895115,296.25,10.550177,0.61931026
-51.29437713895115,298.125,9.877852,0.6259396
-51.29437713895115,300.0,9.94965,0.57948184
-51.29437713895115,301.875,9.986329,0.55972767
-51.29437713895115,303.75,9.322071,0.5592987
-51.29437713895115,305.625,8.515392,0.48113877
-51.29437713895115,307.5,7.9668956,0.48407286
-51.29437713895115,309.375,7.5643764,0.522616
-51.29437713895115,311.25,7.2966223,0.556207
-51.29437713895115,313.125,6.977521,0.5750664
-51.29437713895115,315.0,6.779806,0.5485615
-51.29437713895115,316.875,6.799376,0.5444588
-51.29437713895115,318.75,7.066271,0.63001025
-51.29437713895115,320.625,7.348966,0.716697
-51.29437713895115,322.5,7.3813295,0.6688007
-51.29437713895115,324.375,7.155333,0.6029876
-51.29437713895115,326.25,6.7499623,0.6431348
-51.29437713895115,328.125,6.497794,0.7032747
-51.29437713895115,330.0,6.32879,0.7481084
-51.29437713895115,331.875,5.986427,0.72314095
-51.29437713895115,333.75,5.739279,0.65227133
-51.29437713895115,335.625,5.8679895,0.68446743
-51.29437713895115,337.5,6.0503526,0.68287784
-51.29437713895115,339.375,5.996935,0.6623719
-51.29437713895115,341.25,5.839357,0.6162726
-51.29437713895115,343.125,5.8595324,0.57310313
-51.29437713895115,345.0,6.0893373,0.58501494
-51.29437713895115,346.875,6.2470326,0.590873
-51.29437713895115,348.75,6.0301967,0.5491219
-51.29437713895115,350.625,5.714923,0.4811123
-51.29437713895115,352.5,5.8126183,0.48436925
-51.29437713895115,354.375,6.2567787,0.508325
-51.29437713895115,356.25,6.5408607,0.49175894
-51.29437713895115,358.125,6.511232,0.51057756
-49.42915369712305,0.0,7.3595324,0.5957719
-49.42915369712305,1.875,7.2974424,0.47509494
-49.42915369712305,3.75,7.1150794,0.49034327
-49.42915369712305,5.625,6.9486732,0.48955846
-49.42915369712305,7.5,7.0400987,0.47955766
-49.42915369712305,9.375,7.3955674,0.4761513
-49.42915369712305,11.25,7.5702944,0.461645
-49.42915369712305,13.125,7.299005,0.5027958
-49.42915369712305,15.0,6.7919545,0.5179064
-49.42915369712305,16.875,6.5961537,0.5358391
-49.42915369712305,18.75,6.6695323,0.5338458
-49.42915369712305,20.625,6.711036,0.54253566
-49.42915369712305,22.5,6.654767,0.5683436
-49.42915369712305,24.375,6.8649035,0.5799843
-49.42915369712305,26.25,7.3210754,0.6293075
-49.42915369712305,28.125,7.731622,0.6072037
-49.42915369712305,30.0,7.809259,0.5329397
-49.42915369712305,31.875,7.575255,0.4514189
-49.42915369712305,33.75,7.383634,0.40330032
-49.42915369712305,35.625,7.386798,0.42977384
-49.42915369712305,37.5,7.5374427,0.46592522
-49.42915369712305,39.375,7.685724,0.4431855
-49.42915369712305,41.25,7.780333,0.4147275
-49.42915369712305,43.125,7.883966,0.4139482
-49.42915369712305,45.0,8.019728,0.42441893
-49.42915369712305,46.875,8.01754,0.41131413
-49.42915369712305,48.75,7.9014072,0.39968163
-49.42915369712305,50.625,7.811134,0.40452152
-49.42915369712305,52.5,7.8480678,0.41573465
-49.42915369712305,54.375,8.028849,0.42042503
-49.42915369712305,56.25,8.124786,0.3698027
-49.42915369712305,58.125,8.084766,0.35266086
-49.42915369712305,60.0,8.138888,0.36538142
-49.42915369712305,61.875,8.189025,0.3694355
-49.42915369712305,63.75,8.118087,0.3629105
-49.42915369712305,65.625,7.988771,0.3613541
-49.42915369712305,67.5,7.986349,0.3702877
-49.42915369712305,69.375,8.890138,0.6357038
-49.42915369712305,71.25,8.043458,0.3513942
-49.42915369712305,73.125,8.287638,0.37968868
-49.42915369712305,75.0,8.984376,0.4081432
-49.42915369712305,76.875,9.369767,0.40333658
-49.42915369712305,78.75,9.260959,0.38762718
-49.42915369712305,80.625,9.126896,0.3739305
-49.42915369712305,82.5,8.761505,0.43306738
-49.42915369712305,84.375,8.262482,0.47198635
-49.42915369712305,86.25,8.060919,0.44645977
-49.42915369712305,88.125,8.147247,0.4235417
-49.42915369712305,90.0,8.348595,0.39208546
-49.42915369712305,91.875,8.452911,0.35423553
-49.42915369712305,93.75,8.37547,0.32470274
-49.42915369712305,95.625,8.241173,0.33749384
-49.42915369712305,97.5,8.187169,0.35291952
-49.42915369712305,99.375,8.257521,0.35697168
-49.42915369712305,101.25,8.398712,0.366546
-49.42915369712305,103.125,8.507951,0.37167957
-49.42915369712305,105.0,8.551349,0.37684768
-49.42915369712305,106.875,8.554005,0.39038715
-49.42915369712305,108.75,8.5977745,0.4094907
-49.42915369712305,110.625,8.720372,0.40633744
-49.42915369712305,112.5,8.923595,0.38996774
-49.42915369712305,114.375,9.075216,0.38322467
-49.42915369712305,116.25,9.125275,0.39886692
-49.42915369712305,118.125,9.074357,0.41977644
-49.42915369712305,120.0,9.075939,0.4136104
-49.42915369712305,121.875,9.136486,0.39306277
-49.42915369712305,123.75,9.249024,0.37302238
-49.42915369712305,125.625,9.36631,0.37501052
-49.42915369712305,127.5,9.451622,0.39530918
-49.42915369712305,129.375,9.462306,0.41234046
-49.42915369712305,131.25,9.502306,0.4129949
-49.42915369712305,133.125,9.610235,0.4097655
-49.42915369712305,135.0,9.7726965,0.4286082
-49.42915369712305,136.875,9.923868,0.4687057
-49.42915369712305,138.75,10.051622,0.48238412
-49.42915369712305,140.625,10.152208,0.46461388
-49.42915369712305,142.5,10.195216,0.46312487
-49.42915369712305,144.375,10.168829,0.4410768
-49.42915369712305,146.25,10.141036,0.4445072
-49.42915369712305,148.125,10.141876,0.47650284
-49.42915369712305,150.0,10.17922,0.5076483
-49.42915369712305,151.875,10.328614,0.526825
-49.42915369712305,153.75,10.52756,0.5513604
-49.42915369712305,155.625,10.67129,0.5757336
-49.42915369712305,157.5,10.690743,0.58828515
-49.42915369712305,159.375,10.564318,0.5667332
-49.42915369712305,161.25,10.463927,0.54162806
-49.42915369712305,163.125,10.8159,0.59350765
-49.42915369712305,165.0,11.343126,0.6642017
-49.42915369712305,166.875,11.162658,0.6430789
-49.42915369712305,168.75,10.481915,0.6015804
-49.42915369712305,170.625,10.402697,0.6382396
-49.42915369712305,172.5,10.526056,0.68449867
-49.42915369712305,174.375,10.502872,0.7060116
-49.42915369712305,176.25,10.465704,0.7425472
-49.42915369712305,178.125,10.383439,0.7760843
-49.42915369712305,180.0,10.564942,0.8525076
-49.42915369712305,181.875,11.02877,0.8923892
-49.42915369712305,183.75,11.277091,0.88821703
-49.42915369712305,185.625,11.226642,0.86960495
-49.42915369712305,187.5,11.0322275,0.86629236
-49.42915369712305,189.375,10.910196,0.8505033
-49.42915369712305,191.25,10.960743,0.8371405
-49.42915369712305,193.125,11.046056,0.8214637
-49.42915369712305,195.0,11.090802,0.81435704
-49.42915369712305,196.875,11.158243,0.8023053
-49.42915369712305,198.75,11.206818,0.7748942
-49.42915369712305,200.625,11.179083,0.76149446
-49.42915369712305,202.5,11.103556,0.75580776
-49.42915369712305,204.375,10.989141,0.7480427
-49.42915369712305,206.25,10.98754,0.76190543
-49.42915369712305,208.125,11.106584,0.76875067
-49.42915369712305,210.0,11.183341,0.7605109
-49.42915369712305,211.875,11.111036,0.7495565
-49.42915369712305,213.75,10.962442,0.74247926
-49.42915369712305,215.625,10.835099,0.73481804
-49.42915369712305,217.5,10.720821,0.72527176
-49.42915369712305,219.375,10.59422,0.7128151
-49.42915369712305,221.25,10.505998,0.7049914
-49.42915369712305,223.125,10.505021,0.6988984
-49.42915369712305,225.0,10.510411,0.7023208
-49.42915369712305,226.875,10.396662,0.71189964
-49.42915369712305,228.75,10.163556,0.71550006
-49.42915369712305,230.625,9.9899235,0.70201355
-49.42915369712305,232.5,10.011563,0.68500626
-49.42915369712305,234.375,10.1320915,0.67577094
-49.42915369712305,236.25,10.185099,0.6718229
-49.42915369712305,238.125,10.110607,0.66500884
-49.42915369712305,240.0,9.94713,0.6503078
-49.42915369712305,241.875,9.819357,0.63699055
-49.42915369712305,243.75,9.770939,0.6298254
-49.42915369712305,245.625,9.713829,0.62943333
-49.42915369712305,247.5,9.622697,0.6204077
-49.42915369712305,249.375,9.548634,0.606676
-49.42915369712305,251.25,9.560411,0.59704626
-49.42915369712305,253.125,9.671369,0.5984908
-49.42915369712305,255.0,9.698439,0.6104645
-49.42915369712305,256.875,9.556153,0.61304903
-49.42915369712305,258.75,9.372209,0.59847087
-49.42915369712305,260.625,9.3115835,0.5782636
-49.42915369712305,262.5,9.362677,0.5589296
-49.42915369712305,264.375,9.379943,0.54247284
-49.42915369712305,266.25,9.3298645,0.5171791
-49.42915369712305,268.125,9.316994,0.5047872
-49.42915369712305,270.0,9.428009,0.50293773
-49.42915369712305,271.875,9.532794,0.50158495
-49.42915369712305,273.75,9.462032,0.498187
-49.42915369712305,275.625,9.404102,0.50142604
-49.42915369712305,277.5,9.754727,0.5401144
-49.42915369712305,279.375,10.556563,0.5142259
-49.42915369712305,281.25,10.787501,0.511603
-49.42915369712305,283.125,10.30088,0.5468557
-49.42915369712305,285.0,7.5363684,0.8691298
-49.42915369712305,286.875,6.801974,1.010715
-49.42915369712305,288.75,8.427091,1.1106467
-49.42915369712305,290.625,12.1941805,1.1627156
-49.42915369712305,292.5,13.759045,0.63117373
-49.42915369712305,294.375,13.710548,0.698865
-49.42915369712305,296.25,12.272111,0.74673396
-49.42915369712305,298.125,11.278731,0.6822769
-49.42915369712305,300.0,10.924142,0.62318397
-49.42915369712305,301.875,10.469494,0.6133839
-49.42915369712305,303.75,9.59838,0.55700326
-49.42915369712305,305.625,8.80297,0.50871176
-49.42915369712305,307.5,8.19508,0.5420128
-49.42915369712305,309.375,8.162716,0.6013502
-49.42915369712305,311.25,8.821994,0.71105766
-49.42915369712305,313.125,9.2917,0.74572235
-49.42915369712305,315.0,9.128165,0.7504111
-49.42915369712305,316.875,8.699982,0.8081576
-49.42915369712305,318.75,8.577481,0.86369574
-49.42915369712305,320.625,8.75799,0.9796631
-49.42915369712305,322.5,8.810646,1.0193447
-49.42915369712305,324.375,8.60008,0.8064391
-49.42915369712305,326.25,8.301779,0.6662015
-49.42915369712305,328.125,8.063908,0.70696473
-49.42915369712305,330.0,7.825099,0.77865255
-49.42915369712305,331.875,7.4307237,0.7771728
-49.42915369712305,333.75,7.233888,0.6886543
-49.42915369712305,335.625,7.5519543,0.8003124
-49.42915369712305,337.5,7.945919,0.8554226
-49.42915369712305,339.375,8.097853,0.92310745
-49.42915369712305,341.25,7.93006,0.90944636
-49.42915369712305,343.125,7.7621107,0.78737336
-49.42915369712305,345.0,7.5682044,0.7249734
-49.42915369712305,346.875,7.2518373,0.65849155
-49.42915369712305,348.75,6.852677,0.58542925
-49.42915369712305,350.625,6.5408607,0.52456313
-49.42915369712305,352.5,6.529728,0.4844811
-49.42915369712305,354.375,6.6881065,0.49789742
-49.42915369712305,356.25,7.0516224,0.5791299
-49.42915369712305,358.125,7.2671885,0.6338646
-47.56392574797867,0.0,8.248732,0.62911695
-47.56392574797867,1.875,8.195978,0.5652728
-47.56392574797867,3.75,8.095197,0.6250334
-47.56392574797867,5.625,7.8996496,0.5725629
-47.56392574797867,7.5,7.863868,0.4881324
-47.56392574797867,9.375,8.1518955,0.46332508
-47.56392574797867,11.25,8.552169,0.46339637
-47.56392574797867,13.125,8.676641,0.5090964
-47.56392574797867,15.0,8.511369,0.5548141
-47.56392574797867,16.875,8.397814,0.6020831
-47.56392574797867,18.75,8.448712,0.6414884
-47.56392574797867,20.625,8.439571,0.6269019
-47.56392574797867,22.5,8.381056,0.6104767
-47.56392574797867,24.375,8.289747,0.6260467
-47.56392574797867,26.25,8.42754,0.68816936
-47.56392574797867,28.125,8.686701,0.64669186
-47.56392574797867,30.0,8.84422,0.5602988
-47.56392574797867,31.875,8.776661,0.4869579
-47.56392574797867,33.75,8.681446,0.46170217
-47.56392574797867,35.625,8.696877,0.48313522
-47.56392574797867,37.5,8.809493,0.5178507
-47.56392574797867,39.375,8.830705,0.509416
-47.56392574797867,41.25,8.836134,0.49264577
-47.56392574797867,43.125,8.900704,0.4923441
-47.56392574797867,45.0,9.002286,0.4849714
-47.56392574797867,46.875,8.951368,0.46296957
-47.56392574797867,48.75,8.865216,0.4546358
-47.56392574797867,50.625,8.83217,0.47071633
-47.56392574797867,52.5,8.762247,0.49395487
-47.56392574797867,54.375,8.780412,0.51783276
-47.56392574797867,56.25,8.853263,0.4635332
-47.56392574797867,58.125,8.867775,0.45639396
-47.56392574797867,60.0,9.015255,0.503083
-47.56392574797867,61.875,9.07963,0.5108195
-47.56392574797867,63.75,8.953224,0.50386757
-47.56392574797867,65.625,8.824024,0.49265224
-47.56392574797867,67.5,8.763477,0.47064054
-47.56392574797867,69.375,8.676701,0.45509243
-47.56392574797867,71.25,9.047833,0.44459093
-47.56392574797867,73.125,9.633009,0.47499996
-47.56392574797867,75.0,9.843712,0.463526
-47.56392574797867,76.875,9.836837,0.42085287
-47.56392574797867,78.75,9.833927,0.42503658
-47.56392574797867,80.625,9.990294,0.43658772
-47.56392574797867,82.5,10.151584,0.47150669
-47.56392574797867,84.375,10.194161,0.4890431
-47.56392574797867,86.25,10.0722275,0.45191285
-47.56392574797867,88.125,9.893654,0.40198064
-47.56392574797867,90.0,9.726192,0.36927378
-47.56392574797867,91.875,9.552638,0.37208036
-47.56392574797867,93.75,9.2502165,0.3880118
-47.56392574797867,95.625,9.003243,0.3700504
-47.56392574797867,97.5,8.985216,0.35642457
-47.56392574797867,99.375,9.172032,0.35110554
-47.56392574797867,101.25,9.367462,0.34960216
-47.56392574797867,103.125,9.463712,0.34733003
-47.56392574797867,105.0,9.494083,0.35145074
-47.56392574797867,106.875,9.503419,0.36247152
-47.56392574797867,108.75,9.51879,0.36664662
-47.56392574797867,110.625,9.599513,0.3616685
-47.56392574797867,112.5,9.772482,0.36458367
-47.56392574797867,114.375,9.994083,0.37204564
-47.56392574797867,116.25,10.10297,0.376579
-47.56392574797867,118.125,10.073692,0.3936068
-47.56392574797867,120.0,10.060352,0.40374774
-47.56392574797867,121.875,10.146662,0.40560225
-47.56392574797867,123.75,10.272931,0.4071824
-47.56392574797867,125.625,10.343751,0.41591436
-47.56392574797867,127.5,10.338849,0.42511937
-47.56392574797867,129.375,10.307795,0.4371538
-47.56392574797867,131.25,10.347091,0.4389388
-47.56392574797867,133.125,10.499415,0.454208
-47.56392574797867,135.0,10.691134,0.5063222
-47.56392574797867,136.875,10.856485,0.5462964
-47.56392574797867,138.75,11.023224,0.56857663
-47.56392574797867,140.625,11.18049,0.60029083
-47.56392574797867,142.5,11.279083,0.6649018
-47.56392574797867,144.375,11.333693,0.64908427
-47.56392574797867,146.25,11.350138,0.62653255
-47.56392574797867,148.125,11.354122,0.6393633
-47.56392574797867,150.0,11.324884,0.6519737
-47.56392574797867,151.875,11.344025,0.65805763
-47.56392574797867,153.75,11.465333,0.6543662
-47.56392574797867,155.625,11.560646,0.6738211
-47.56392574797867,157.5,11.5333605,0.68881375
-47.56392574797867,159.375,11.45672,0.6760582
-47.56392574797867,161.25,11.467618,0.67183006
-47.56392574797867,163.125,11.882189,0.71342355
-47.56392574797867,165.0,12.333322,0.75478673
-47.56392574797867,166.875,12.077638,0.72085506
-47.56392574797867,168.75,11.348244,0.6623233
-47.56392574797867,170.625,11.21422,0.70269245
-47.56392574797867,172.5,11.526955,0.7667595
-47.56392574797867,174.375,11.933615,0.84849226
-47.56392574797867,176.25,12.273282,0.952625
-47.56392574797867,178.125,12.400587,1.034352
-47.56392574797867,180.0,12.694083,1.0139993
-47.56392574797867,181.875,13.176954,0.9819687
-47.56392574797867,183.75,13.446154,0.98839843
-47.56392574797867,185.625,13.268829,0.9774615
-47.56392574797867,187.5,12.913673,0.951552
-47.56392574797867,189.375,12.749513,0.954439
-47.56392574797867,191.25,12.62922,0.92837375
-47.56392574797867,193.125,12.544727,0.87266004
-47.56392574797867,195.0,12.507755,0.831802
-47.56392574797867,196.875,12.508009,0.8066837
-47.56392574797867,198.75,12.552072,0.78620744
-47.56392574797867,200.625,12.550568,0.76254743
-47.56392574797867,202.5,12.43715,0.75377434
-47.56392574797867,204.375,12.325274,0.7722094
-47.56392574797867,206.25,12.364376,0.7721647
-47.56392574797867,208.125,12.441329,0.75687593
-47.56392574797867,210.0,12.293713,0.7487161
-47.56392574797867,211.875,11.992091,0.7448288
-47.56392574797867,213.75,11.810568,0.726702
-47.56392574797867,215.625,11.74881,0.71338624
-47.56392574797867,217.5,11.739747,0.7171871
-47.56392574797867,219.375,11.732892,0.7186849
-47.56392574797867,221.25,11.6522665,0.724447
-47.56392574797867,223.125,11.613673,0.7200974
-47.56392574797867,225.0,11.614903,0.7270121
-47.56392574797867,226.875,11.575431,0.7453346
-47.56392574797867,228.75,11.474338,0.76502836
-47.56392574797867,230.625,11.334865,0.76010656
-47.56392574797867,232.5,11.251935,0.74277174
-47.56392574797867,234.375,11.187833,0.73485535
-47.56392574797867,236.25,11.098576,0.730532
-47.56392574797867,238.125,10.985529,0.722283
-47.56392574797867,240.0,10.907559,0.716415
-47.56392574797867,241.875,10.908849,0.7233606
-47.56392574797867,243.75,10.923029,0.7275271
-47.56392574797867,245.625,10.811915,0.71721584
-47.56392574797867,247.5,10.612247,0.6904973
-47.56392574797867,249.375,10.475978,0.6559587
-47.56392574797867,251.25,10.486075,0.6488066
-47.56392574797867,253.125,10.60379,0.6499861
-47.56392574797867,255.0,10.601368,0.658191
-47.56392574797867,256.875,10.423361,0.66200566
-47.56392574797867,258.75,10.238595,0.64636815
-47.56392574797867,260.625,10.21674,0.6287723
-47.56392574797867,262.5,10.3393955,0.62267953
-47.56392574797867,264.375,10.384787,0.6241701
-47.56392574797867,266.25,10.264338,0.618973
-47.56392574797867,268.125,10.130998,0.6057349
-47.56392574797867,270.0,10.189689,0.6106811
-47.56392574797867,271.875,10.4262905,0.6141406
-47.56392574797867,273.75,10.428341,0.60632265
-47.56392574797867,275.625,10.28631,0.58697057
-47.56392574797867,277.5,10.493771,0.60880756
-47.56392574797867,279.375,11.414044,0.61085963
-47.56392574797867,281.25,11.953575,0.5570753
-47.56392574797867,283.125,11.675841,0.57716125
-47.56392574797867,285.0,8.441017,0.8978509
-47.56392574797867,286.875,7.2543764,1.1548388
-47.56392574797867,288.75,8.4750595,1.297941
-47.56392574797867,290.625,13.152618,1.356725
-47.56392574797867,292.5,16.875372,1.216727
-47.56392574797867,294.375,14.821759,0.7168692
-47.56392574797867,296.25,13.759649,0.76223165
-47.56392574797867,298.125,12.503107,0.74946123
-47.56392574797867,300.0,11.964982,0.67934626
-47.56392574797867,301.875,11.248478,0.6820917
-47.56392574797867,303.75,10.222521,0.5990765
-47.56392574797867,305.625,9.398615,0.57596105
-47.56392574797867,307.5,8.99006,0.611528
-47.56392574797867,309.375,9.303361,0.6747421
-47.56392574797867,311.25,10.145177,0.7372567
-47.56392574797867,313.125,10.713868,0.81540316
-47.56392574797867,315.0,11.02756,0.90477806
-47.56392574797867,316.875,10.810743,0.79756874
-47.56392574797867,318.75,10.4007435,0.8480396
-47.56392574797867,320.625,10.255216,0.91633445
-47.56392574797867,322.5,10.268166,0.99427474
-47.56392574797867,324.375,10.148556,0.92362237
-47.56392574797867,326.25,9.894083,0.8090586
-47.56392574797867,328.125,9.615744,0.8232239
-47.56392574797867,330.0,9.394787,0.9140426
-47.56392574797867,331.875,9.083595,0.8857161
-47.56392574797867,333.75,8.864044,0.7884442
-47.56392574797867,335.625,9.041348,1.0227883
-47.56392574797867,337.5,9.5134,1.1712639
-47.56392574797867,339.375,9.883556,1.2267245
-47.56392574797867,341.25,9.983869,1.162364
-47.56392574797867,343.125,9.809845,0.94942385
-47.56392574797867,345.0,9.361994,0.74671656
-47.56392574797867,346.875,8.67797,0.69661635
-47.56392574797867,348.75,8.194415,0.68797493
-47.56392574797867,350.625,8.147404,0.6916583
-47.56392574797867,352.5,8.494279,0.7466303
-47.56392574797867,354.375,8.928751,0.78508526
-47.56392574797867,356.25,8.896974,0.78162843
-47.56392574797867,358.125,8.534337,0.7093442
-45.698693877701785,0.0,9.829728,0.67752224
-45.698693877701785,1.875,9.581505,0.650661
-45.698693877701785,3.75,9.56172,0.6854967
-45.698693877701785,5.625,9.596915,0.6741394
-45.698693877701785,7.5,9.543243,0.63522637
-45.698693877701785,9.375,9.553595,0.6202803
-45.698693877701785,11.25,9.707481,0.6237052
-45.698693877701785,13.125,9.8534975,0.59582514
-45.698693877701785,15.0,9.810509,0.567227
-45.698693877701785,16.875,9.754591,0.5397876
-45.698693877701785,18.75,9.844006,0.60646224
-45.698693877701785,20.625,10.007325,0.6248628
-45.698693877701785,22.5,10.089494,0.58086145
-45.698693877701785,24.375,10.08545,0.5971981
-45.698693877701785,26.25,10.106368,0.5997974
-45.698693877701785,28.125,10.240783,0.5720671
-45.698693877701785,30.0,10.315392,0.5647213
-45.698693877701785,31.875,10.180782,0.5381156
-45.698693877701785,33.75,10.041798,0.5245818
-45.698693877701785,35.625,10.034162,0.5421269
-45.698693877701785,37.5,10.1057625,0.5536018
-45.698693877701785,39.375,10.129356,0.53164136
-45.698693877701785,41.25,10.09172,0.51488864
-45.698693877701785,43.125,10.157443,0.52454275
-45.698693877701785,45.0,10.229161,0.5484059
-45.698693877701785,46.875,10.0745325,0.5672539
-45.698693877701785,48.75,9.914044,0.5654675
-45.698693877701785,50.625,9.978986,0.58133346
-45.698693877701785,52.5,10.023595,0.6058326
-45.698693877701785,54.375,9.874747,0.60634196
-45.698693877701785,56.25,9.75588,0.5765793
-45.698693877701785,58.125,9.878009,0.5833281
-45.698693877701785,60.0,10.150841,0.6411545
-45.698693877701785,61.875,10.3713875,0.6758025
-45.698693877701785,63.75,10.315041,0.66271067
-45.698693877701785,65.625,10.139669,0.64817715
-45.698693877701785,67.5,10.091701,0.6416754
-45.698693877701785,69.375,10.090841,0.6403299
-45.698693877701785,71.25,10.212735,0.6445523
-45.698693877701785,73.125,10.543204,0.6568984
-45.698693877701785,75.0,10.598283,0.6408804
-45.698693877701785,76.875,10.367287,0.55178285
-45.698693877701785,78.75,10.310216,0.47074023
-45.698693877701785,80.625,10.47133,0.47229198
-45.698693877701785,82.5,10.696154,0.50852245
-45.698693877701785,84.375,10.932755,0.535061
-45.698693877701785,86.25,10.877286,0.5046886
-45.698693877701785,88.125,10.655783,0.44608623
-45.698693877701785,90.0,10.492345,0.41670343
-45.698693877701785,91.875,10.335294,0.41024706
-45.698693877701785,93.75,10.129572,0.40825313
-45.698693877701785,95.625,10.0562315,0.40564236
-45.698693877701785,97.5,10.19008,0.40075645
-45.698693877701785,99.375,10.381564,0.38562047
-45.698693877701785,101.25,10.450606,0.37476304
-45.698693877701785,103.125,10.416505,0.37030217
-45.698693877701785,105.0,10.41672,0.36535934
-45.698693877701785,106.875,10.459103,0.366249
-45.698693877701785,108.75,10.488087,0.37601203
-45.698693877701785,110.625,10.503751,0.38390288
-45.698693877701785,112.5,10.5569935,0.38651568
-45.698693877701785,114.375,10.682325,0.39199293
-45.698693877701785,116.25,10.824806,0.3991905
-45.698693877701785,118.125,10.913732,0.4183983
-45.698693877701785,120.0,10.997697,0.43462786
-45.698693877701785,121.875,11.163673,0.43946218
-45.698693877701785,123.75,11.31713,0.4495511
-45.698693877701785,125.625,11.378595,0.47247714
-45.698693877701785,127.5,11.342463,0.49857125
-45.698693877701785,129.375,11.315158,0.5215382
-45.698693877701785,131.25,11.371818,0.5366127
-45.698693877701785,133.125,11.557677,0.57688034
-45.698693877701785,135.0,11.787755,0.64036113
-45.698693877701785,136.875,11.981681,0.65089905
-45.698693877701785,138.75,12.226798,0.6619968
-45.698693877701785,140.625,12.542774,0.76528007
-45.698693877701785,142.5,12.676759,0.8052126
-45.698693877701785,144.375,12.705977,0.78738195
-45.698693877701785,146.25,12.781603,0.79845685
-45.698693877701785,148.125,12.769513,0.8237656
-45.698693877701785,150.0,12.666251,0.8196552
-45.698693877701785,151.875,12.616916,0.8047388
-45.698693877701785,153.75,12.727091,0.79003847
-45.698693877701785,155.625,12.889748,0.8126972
-45.698693877701785,157.5,12.867365,0.8398219
-45.698693877701785,159.375,12.786056,0.8247953
-45.698693877701785,161.25,12.958361,0.82589376
-45.698693877701785,163.125,13.310782,0.826162
-45.698693877701785,165.0,13.35795,0.8488735
-45.698693877701785,166.875,13.1892395,0.9130401
-45.698693877701785,168.75,12.079591,1.1702685
-45.698693877701785,170.625,12.71256,0.90919477
-45.698693877701785,172.5,13.077638,0.96684045
-45.698693877701785,174.375,13.736778,1.0527114
-45.698693877701785,176.25,14.358166,1.1362885
-45.698693877701785,178.125,14.567872,1.1112064
-45.698693877701785,180.0,14.635177,1.0539398
-45.698693877701785,181.875,14.804064,0.9944659
-45.698693877701785,183.75,15.069298,0.94967186
-45.698693877701785,185.625,15.120079,0.93772966
-45.698693877701785,187.5,14.736173,0.9272733
-45.698693877701785,189.375,14.338009,0.8608497
-45.698693877701785,191.25,14.193888,0.81516653
-45.698693877701785,193.125,14.118752,0.80336416
-45.698693877701785,195.0,13.9853525,0.8188171
-45.698693877701785,196.875,13.878771,0.8106239
-45.698693877701785,198.75,13.901642,0.78107184
-45.698693877701785,200.625,13.929826,0.7818777
-45.698693877701785,202.5,13.835567,0.80367064
-45.698693877701785,204.375,13.69838,0.8018457
-45.698693877701785,206.25,13.641291,0.7912785
-45.698693877701785,208.125,13.614669,0.77736264
-45.698693877701785,210.0,13.458224,0.7722886
-45.698693877701785,211.875,13.184239,0.75697774
-45.698693877701785,213.75,13.11549,0.74712634
-45.698693877701785,215.625,13.211759,0.75684273
-45.698693877701785,217.5,13.291642,0.77742064
-45.698693877701785,219.375,13.234747,0.7889551
-45.698693877701785,221.25,13.055529,0.7859048
-45.698693877701785,223.125,12.890392,0.7691571
-45.698693877701785,225.0,12.813067,0.7584982
-45.698693877701785,226.875,12.718771,0.7649167
-45.698693877701785,228.75,12.65129,0.7826242
-45.698693877701785,230.625,12.646232,0.7831019
-45.698693877701785,232.5,12.658029,0.7837469
-45.698693877701785,234.375,12.546857,0.80105627
-45.698693877701785,236.25,12.291954,0.82641023
-45.698693877701785,238.125,12.118946,0.81654656
-45.698693877701785,240.0,12.077071,0.8164513
-45.698693877701785,241.875,12.128283,0.82497436
-45.698693877701785,243.75,12.139787,0.81378394
-45.698693877701785,245.625,11.99465,0.79602337
-45.698693877701785,247.5,11.813067,0.7786156
-45.698693877701785,249.375,11.667345,0.75329995
-45.698693877701785,251.25,11.608088,0.74447423
-45.698693877701785,253.125,11.587638,0.7413116
-45.698693877701785,255.0,11.525626,0.7310573
-45.698693877701785,256.875,11.451447,0.718136
-45.698693877701785,258.75,11.399083,0.70618266
-45.698693877701785,260.625,11.415528,0.7076702
-45.698693877701785,262.5,11.493224,0.7186533
-45.698693877701785,264.375,11.512755,0.72277445
-45.698693877701785,266.25,11.378966,0.7188839
-45.698693877701785,268.125,11.126544,0.69258255
-45.698693877701785,270.0,11.047071,0.6802401
-45.698693877701785,271.875,11.375548,0.69268656
-45.698693877701785,273.75,11.6846695,0.7007718
-45.698693877701785,275.625,11.631935,0.6745755
-45.698693877701785,277.5,11.559981,0.69562477
-45.698693877701785,279.375,12.004708,0.68873894
-45.698693877701785,281.25,12.792541,0.6581105
-45.698693877701785,283.125,13.039259,0.6394434
-45.698693877701785,285.0,12.727795,0.62359196
-45.698693877701785,286.875,8.585802,1.1519828
-45.698693877701785,288.75,8.92799,1.4345845
-45.698693877701785,290.625,14.091095,1.6526482
-45.698693877701785,292.5,18.311447,1.3969253
-45.698693877701785,294.375,15.57629,0.86461425
-45.698693877701785,296.25,15.206896,0.8427619
-45.698693877701785,298.125,15.220411,0.86148626
-45.698693877701785,300.0,13.808126,0.8723638
-45.698693877701785,301.875,13.609611,1.1574687
-45.698693877701785,303.75,13.216759,1.2185305
-45.698693877701785,305.625,12.137501,0.9864582
-45.698693877701785,307.5,11.167501,0.818658
-45.698693877701785,309.375,10.798068,0.7391382
-45.698693877701785,311.25,11.0954895,0.78016794
-45.698693877701785,313.125,11.945763,1.0733414
-45.698693877701785,315.0,13.204767,1.261136
-45.698693877701785,316.875,13.40338,1.2492671
-45.698693877701785,318.75,12.8794155,1.211029
-45.698693877701785,320.625,12.463322,1.181938
-45.698693877701785,322.5,12.316036,1.0996544
-45.698693877701785,324.375,12.2208805,1.0143551
-45.698693877701785,326.25,12.041857,0.993122
-45.698693877701785,328.125,11.791056,0.9512304
-45.698693877701785,330.0,11.619825,1.0112616
-45.698693877701785,331.875,11.44924,1.0689812
-45.698693877701785,333.75,11.265099,1.0577072
-45.698693877701785,335.625,11.359083,1.0525908
-45.698693877701785,337.5,11.755685,1.1340094
-45.698693877701785,339.375,12.171231,1.1577795
-45.698693877701785,341.25,12.140548,1.0823141
-45.698693877701785,343.125,11.658927,0.9251936
-45.698693877701785,345.0,10.917325,0.77448654
-45.698693877701785,346.875,10.335157,0.7541869
-45.698693877701785,348.75,10.0032625,0.7872118
-45.698693877701785,350.625,10.02883,0.82210696
-45.698693877701785,352.5,10.444942,0.8436542
-45.698693877701785,354.375,10.934103,0.78179115
-45.698693877701785,356.25,10.868048,0.7417493
-45.698693877701785,358.125,10.354728,0.7154548
-43.83345857895126,0.0,11.655763,0.61524177
-43.83345857895126,1.875,11.549494,0.63270116
-43.83345857895126,3.75,11.714161,0.65258205
-43.83345857895126,5.625,11.934454,0.72343636
-43.83345857895126,7.5,11.984103,0.7448439
-43.83345857895126,9.375,11.934259,0.7048818
-43.83345857895126,11.25,11.926974,0.6641824
-43.83345857895126,13.125,11.904572,0.6851958
-43.83345857895126,15.0,11.718439,0.6410767
-43.83345857895126,16.875,11.580314,0.63321596
-43.83345857895126,18.75,11.604942,0.68787086
-43.83345857895126,20.625,11.709103,0.7066887
-43.83345857895126,22.5,11.621525,0.66383356
-43.83345857895126,24.375,11.5055485,0.64124376
-43.83345857895126,26.25,11.507384,0.5908851
-43.83345857895126,28.125,11.731623,0.60454535
-43.83345857895126,30.0,11.957794,0.65715504
-43.83345857895126,31.875,11.973849,0.6351078
-43.83345857895126,33.75,11.821154,0.64219487
-43.83345857895126,35.625,11.674161,0.6583876
-43.83345857895126,37.5,11.547032,0.65026164
-43.83345857895126,39.375,11.544455,0.6137368
-43.83345857895126,41.25,11.630489,0.6028323
-43.83345857895126,43.125,11.797482,0.6214089
-43.83345857895126,45.0,11.969904,0.66296685
-43.83345857895126,46.875,12.06336,0.71440154
-43.83345857895126,48.75,11.966447,0.7381201
-43.83345857895126,50.625,11.942423,0.7575405
-43.83345857895126,52.5,11.997736,0.7764146
-43.83345857895126,54.375,11.905196,0.7670379
-43.83345857895126,56.25,11.590568,0.7245824
-43.83345857895126,58.125,11.377541,0.7046494
-43.83345857895126,60.0,11.50799,0.7557841
-43.83345857895126,61.875,11.809826,0.845685
-43.83345857895126,63.75,11.846095,0.8397902
-43.83345857895126,65.625,11.699122,0.8194348
-43.83345857895126,67.5,11.628439,0.8065022
-43.83345857895126,69.375,11.668868,0.80349505
-43.83345857895126,71.25,11.753614,0.8028627
-43.83345857895126,73.125,11.926622,0.79428506
-43.83345857895126,75.0,11.887228,0.7608159
-43.83345857895126,76.875,11.544298,0.7172833
-43.83345857895126,78.75,11.231915,0.6584422
-43.83345857895126,80.625,11.263536,0.6379626
-43.83345857895126,82.5,11.524161,0.65459186
-43.83345857895126,84.375,11.740587,0.64290243
-43.83345857895126,86.25,11.633771,0.5983937
-43.83345857895126,88.125,11.369376,0.5269031
-43.83345857895126,90.0,11.299064,0.4932778
-43.83345857895126,91.875,11.310255,0.47997177
-43.83345857895126,93.75,11.302834,0.47237176
-43.83345857895126,95.625,11.338654,0.46469125
-43.83345857895126,97.5,11.436701,0.46008453
-43.83345857895126,99.375,11.523908,0.45288232
-43.83345857895126,101.25,11.515275,0.45002928
-43.83345857895126,103.125,11.451447,0.44041657
-43.83345857895126,105.0,11.441212,0.4305838
-43.83345857895126,106.875,11.51631,0.42631197
-43.83345857895126,108.75,11.587306,0.4284904
-43.83345857895126,110.625,11.611095,0.43902528
-43.83345857895126,112.5,11.643087,0.44050124
-43.83345857895126,114.375,11.718555,0.43777153
-43.83345857895126,116.25,11.835294,0.4613963
-43.83345857895126,118.125,11.96586,0.5011184
-43.83345857895126,120.0,12.106895,0.5156602
-43.83345857895126,121.875,12.232033,0.52566123
-43.83345857895126,123.75,12.3492985,0.5403501
-43.83345857895126,125.625,12.4243765,0.5633202
-43.83345857895126,127.5,12.445235,0.59249115
-43.83345857895126,129.375,12.516114,0.6186579
-43.83345857895126,131.25,12.712403,0.6554015
-43.83345857895126,133.125,12.985392,0.75148827
-43.83345857895126,135.0,13.196896,0.81273943
-43.83345857895126,136.875,13.412442,0.8190277
-43.83345857895126,138.75,13.633087,0.82427955
-43.83345857895126,140.625,13.823731,0.87264776
-43.83345857895126,142.5,13.927228,0.88305473
-43.83345857895126,144.375,14.135568,0.90877193
-43.83345857895126,146.25,14.166232,0.8962011
-43.83345857895126,148.125,14.447404,1.0849628
-43.83345857895126,150.0,14.402462,1.0434014
-43.83345857895126,151.875,14.117248,0.9123087
-43.83345857895126,153.75,14.330997,0.8931882
-43.83345857895126,155.625,14.648478,0.88211375
-43.83345857895126,157.5,14.659611,0.8942098
-43.83345857895126,159.375,14.4308605,0.8959518
-43.83345857895126,161.25,14.412267,0.8954641
-43.83345857895126,163.125,14.647579,0.8943902
-43.83345857895126,165.0,14.71217,0.9135383
-43.83345857895126,166.875,14.177364,1.0240453
-43.83345857895126,168.75,13.994591,1.1667078
-43.83345857895126,170.625,13.235002,1.2323297
-43.83345857895126,172.5,15.425763,1.1539246
-43.83345857895126,174.375,16.339436,1.1394888
-43.83345857895126,176.25,17.000744,1.1024657
-43.83345857895126,178.125,17.085802,1.0870603
-43.83345857895126,180.0,16.434338,1.1158264
-43.83345857895126,181.875,16.004297,1.0129172
-43.83345857895126,183.75,16.245686,0.9428687
-43.83345857895126,185.625,16.534904,0.9007304
-43.83345857895126,187.5,16.41004,0.85687435
-43.83345857895126,189.375,15.934591,0.8333877
-43.83345857895126,191.25,15.637989,0.82847416
-43.83345857895126,193.125,15.566329,0.8323537
-43.83345857895126,195.0,15.512345,0.8454933
-43.83345857895126,196.875,15.469064,0.848299
-43.83345857895126,198.75,15.455528,0.8357284
-43.83345857895126,200.625,15.4415245,0.8373345
-43.83345857895126,202.5,15.252442,0.863712
-43.83345857895126,204.375,14.995177,0.8626891
-43.83345857895126,206.25,14.909024,0.828121
-43.83345857895126,208.125,14.945587,0.7993959
-43.83345857895126,210.0,14.920821,0.79642045
-43.83345857895126,211.875,14.785334,0.7997214
-43.83345857895126,213.75,14.731388,0.80529845
-43.83345857895126,215.625,14.805587,0.8066524
-43.83345857895126,217.5,14.843029,0.81941146
-43.83345857895126,219.375,14.7837515,0.8340924
-43.83345857895126,221.25,14.6968565,0.83761096
-43.83345857895126,223.125,14.668302,0.826956
-43.83345857895126,225.0,14.547306,0.82930064
-43.83345857895126,226.875,14.262384,0.8484566
-43.83345857895126,228.75,14.058634,0.85155386
-43.83345857895126,230.625,14.043634,0.8428416
-43.83345857895126,232.5,14.078791,0.8576819
-43.83345857895126,234.375,13.973771,0.88031554
-43.83345857895126,236.25,13.748752,0.8993193
-43.83345857895126,238.125,13.66381,0.9000105
-43.83345857895126,240.0,13.6499815,0.90902555
-43.83345857895126,241.875,13.53463,0.90479326
-43.83345857895126,243.75,13.289552,0.8747119
-43.83345857895126,245.625,13.128712,0.8579595
-43.83345857895126,247.5,13.12131,0.8579219
-43.83345857895126,249.375,13.101017,0.85573536
-43.83345857895126,251.25,13.013419,0.8555708
-43.83345857895126,253.125,12.84381,0.84654486
-43.83345857895126,255.0,12.736778,0.8287007
-43.83345857895126,256.875,12.777579,0.8236403
-43.83345857895126,258.75,12.794474,0.8244878
-43.83345857895126,260.625,12.690313,0.8138109
-43.83345857895126,262.5,12.518771,0.7975899
-43.83345857895126,264.375,12.518966,0.7954661
-43.83345857895126,266.25,12.594357,0.78936493
-43.83345857895126,268.125,12.473244,0.7662099
-43.83345857895126,270.0,12.207697,0.74184114
-43.83345857895126,271.875,12.211309,0.7417307
-43.83345857895126,273.75,12.599728,0.7440891
-43.83345857895126,275.625,12.884688,0.7722186
-43.83345857895126,277.5,13.065177,0.83931947
-43.83345857895126,279.375,13.154669,0.78210664
-43.83345857895126,281.25,13.505353,0.708845
-43.83345857895126,283.125,14.014454,0.6610665
-43.83345857895126,285.0,13.80422,0.56819564
-43.83345857895126,286.875,10.567384,1.1112798
-43.83345857895126,288.75,9.711915,1.4640129
-43.83345857895126,290.625,14.464123,1.8766534
-43.83345857895126,292.5,18.785822,1.5858443
-43.83345857895126,294.375,21.744473,1.3692538
-43.83345857895126,296.25,16.861565,0.85046345
-43.83345857895126,298.125,16.753595,0.79487616
-43.83345857895126,300.0,16.71711,0.9180198
-43.83345857895126,301.875,18.56219,1.2333215
-43.83345857895126,303.75,19.812677,0.9556975
-43.83345857895126,305.625,19.483126,0.7847147
-43.83345857895126,307.5,18.438692,0.79483503
-43.83345857895126,309.375,17.148361,0.91280365
-43.83345857895126,311.25,16.24676,1.0234709
-43.83345857895126,313.125,16.527735,1.0384313
-43.83345857895126,315.0,17.343204,0.9829459
-43.83345857895126,316.875,17.299397,0.93508047
-43.83345857895126,318.75,16.722775,0.97215897
-43.83345857895126,320.625,16.011837,1.1165944
-43.83345857895126,322.5,15.64836,1.0715423
-43.83345857895126,324.375,15.538907,0.9334852
-43.83345857895126,326.25,15.472501,0.9542748
-43.83345857895126,328.125,15.342755,0.9420101
-43.83345857895126,330.0,15.087541,0.9359121
-43.83345857895126,331.875,14.795899,0.9803622
-43.83345857895126,333.75,14.567794,0.98274577
-43.83345857895126,335.625,14.571739,0.9666916
-43.83345857895126,337.5,14.734806,0.9363165
-43.83345857895126,339.375,14.706447,0.8993587
-43.83345857895126,341.25,14.248791,0.885386
-43.83345857895126,343.125,13.477365,0.8687856
-43.83345857895126,345.0,12.788497,0.8779284
-43.83345857895126,346.875,12.388556,0.88432485
-43.83345857895126,348.75,12.247091,0.86376
-43.83345857895126,350.625,12.209474,0.8332202
-43.83345857895126,352.5,12.356271,0.83660144
-43.83345857895126,354.375,12.482286,0.78002614
-43.83345857895126,356.25,12.366603,0.6971864
-43.83345857895126,358.125,12.013497,0.6347586
-41.96822026907538,0.0,14.112482,0.7020178
-41.96822026907538,1.875,14.490138,0.79660076
-41.96822026907538,3.75,14.967403,0.81495726
-41.96822026907538,5.625,14.998614,0.72173476
-41.96822026907538,7.5,14.835099,0.6757509
-41.96822026907538,9.375,14.758204,0.6907015
-41.96822026907538,11.25,14.878322,0.69512653
-41.96822026907538,13.125,14.8584385,0.7260978
-41.96822026907538,15.0,14.74465,0.7199866
-41.96822026907538,16.875,14.622326,0.74064714
-41.96822026907538,18.75,14.671622,0.72487414
-41.96822026907538,20.625,14.552052,0.74098206
-41.96822026907538,22.5,14.10461,0.78406036
-41.96822026907538,24.375,13.524044,0.73565006
-41.96822026907538,26.25,13.026075,0.66893554
-41.96822026907538,28.125,13.001857,0.66697913
-41.96822026907538,30.0,13.379494,0.6923304
-41.96822026907538,31.875,13.758204,0.70674694
-41.96822026907538,33.75,14.035977,0.7264097
-41.96822026907538,35.625,14.169708,0.7832252
-41.96822026907538,37.5,14.130079,0.8199796
-41.96822026907538,39.375,14.065822,0.823809
-41.96822026907538,41.25,14.161407,0.81573796
-41.96822026907538,43.125,14.328224,0.80783373
-41.96822026907538,45.0,14.460001,0.822896
-41.96822026907538,46.875,14.56338,0.862469
-41.96822026907538,48.75,14.572208,0.89085037
-41.96822026907538,50.625,14.542325,0.8976912
-41.96822026907538,52.5,14.514278,0.89663005
-41.96822026907538,54.375,14.408849,0.8928864
-41.96822026907538,56.25,14.174747,0.8706251
-41.96822026907538,58.125,14.0142,0.86686105
-41.96822026907538,60.0,14.08211,0.910439
-41.96822026907538,61.875,14.220841,0.95424384
-41.96822026907538,63.75,14.13297,0.92702746
-41.96822026907538,65.625,13.908692,0.91038215
-41.96822026907538,67.5,13.779669,0.90685713
-41.96822026907538,69.375,13.6968565,0.89810985
-41.96822026907538,71.25,13.563947,0.8786134
-41.96822026907538,73.125,13.434552,0.849047
-41.96822026907538,75.0,13.273634,0.815523
-41.96822026907538,76.875,13.00422,0.7816028
-41.96822026907538,78.75,12.823439,0.76663065
-41.96822026907538,80.625,12.846563,0.7598978
-41.96822026907538,82.5,12.94254,0.7404252
-41.96822026907538,84.375,12.901427,0.69507957
-41.96822026907538,86.25,12.645939,0.6519577
-41.96822026907538,88.125,12.456681,0.62251145
-41.96822026907538,90.0,12.524786,0.621164
-41.96822026907538,91.875,12.665177,0.61341244
-41.96822026907538,93.75,12.722989,0.59345436
-41.96822026907538,95.625,12.696545,0.5742081
-41.96822026907538,97.5,12.667267,0.55650187
-41.96822026907538,99.375,12.640411,0.5335617
-41.96822026907538,101.25,12.616877,0.5298752
-41.96822026907538,103.125,12.637716,0.53255767
-41.96822026907538,105.0,12.741525,0.5293234
-41.96822026907538,106.875,12.832755,0.5295681
-41.96822026907538,108.75,12.861388,0.5268144
-41.96822026907538,110.625,12.940646,0.5315085
-41.96822026907538,112.5,13.0871105,0.5437671
-41.96822026907538,114.375,13.2464075,0.5441534
-41.96822026907538,116.25,13.376427,0.547249
-41.96822026907538,118.125,13.493321,0.58162004
-41.96822026907538,120.0,13.632423,0.6316786
-41.96822026907538,121.875,13.795157,0.6770937
-41.96822026907538,123.75,13.889826,0.68685305
-41.96822026907538,125.625,13.920255,0.69415534
-41.96822026907538,127.5,13.984044,0.7166001
-41.96822026907538,129.375,14.117658,0.74797946
-41.96822026907538,131.25,14.307267,0.7971142
-41.96822026907538,133.125,14.604181,0.8741376
-41.96822026907538,135.0,14.932755,0.85590345
-41.96822026907538,136.875,15.083732,0.8630562
-41.96822026907538,138.75,15.132892,0.8923403
-41.96822026907538,140.625,15.254962,0.9188856
-41.96822026907538,142.5,15.547951,0.94409734
-41.96822026907538,144.375,15.90379,1.0953234
-41.96822026907538,146.25,16.7892,1.3447093
-41.96822026907538,148.125,17.156994,1.5378811
-41.96822026907538,150.0,17.150763,1.4428277
-41.96822026907538,151.875,16.121778,1.0789777
-41.96822026907538,153.75,15.828068,0.9362791
-41.96822026907538,155.625,16.146778,0.88707435
-41.96822026907538,157.5,16.391426,0.8784588
-41.96822026907538,159.375,16.178595,0.9010455
-41.96822026907538,161.25,15.876525,0.92050266
-41.96822026907538,163.125,15.945822,0.93871284
-41.96822026907538,165.0,16.148634,0.9825978
-41.96822026907538,166.875,15.974767,1.0925174
-41.96822026907538,168.75,15.584064,1.2356247
-41.96822026907538,170.625,15.642775,1.2674984
-41.96822026907538,172.5,15.852033,1.2472087
-41.96822026907538,174.375,18.099434,1.123005
-41.96822026907538,176.25,18.556349,1.0558196
-41.96822026907538,178.125,18.826778,0.9894299
-41.96822026907538,180.0,18.555,0.9860128
-41.96822026907538,181.875,17.924162,1.007381
-41.96822026907538,183.75,17.691408,0.9743912
-41.96822026907538,185.625,17.731153,0.9276772
-41.96822026907538,187.5,17.696955,0.873297
-41.96822026907538,189.375,17.425959,0.82569253
-41.96822026907538,191.25,17.188322,0.8161368
-41.96822026907538,193.125,17.074532,0.8188063
-41.96822026907538,195.0,16.95217,0.84514916
-41.96822026907538,196.875,16.827091,0.8539495
-41.96822026907538,198.75,16.785704,0.8415936
-41.96822026907538,200.625,16.805235,0.8346843
-41.96822026907538,202.5,16.734787,0.84732413
-41.96822026907538,204.375,16.501837,0.8494039
-41.96822026907538,206.25,16.38422,0.8274735
-41.96822026907538,208.125,16.407207,0.79551685
-41.96822026907538,210.0,16.432676,0.77769166
-41.96822026907538,211.875,16.342443,0.76802725
-41.96822026907538,213.75,16.285841,0.7622125
-41.96822026907538,215.625,16.286583,0.76189864
-41.96822026907538,217.5,16.148497,0.77522933
-41.96822026907538,219.375,15.940138,0.7892835
-41.96822026907538,221.25,15.88754,0.8042346
-41.96822026907538,223.125,15.991505,0.82605374
-41.96822026907538,225.0,15.9956455,0.86815697
-41.96822026907538,226.875,15.716857,0.9147072
-41.96822026907538,228.75,15.551974,0.9115999
-41.96822026907538,230.625,15.563399,0.91011524
-41.96822026907538,232.5,15.522657,0.9231463
-41.96822026907538,234.375,15.292071,0.92876446
-41.96822026907538,236.25,15.060919,0.93946034
-41.96822026907538,238.125,15.11924,0.95860296
-41.96822026907538,240.0,15.199259,0.9693381
-41.96822026907538,241.875,15.039806,0.96977323
-41.96822026907538,243.75,14.702872,0.9500816
-41.96822026907538,245.625,14.581329,0.93684393
-41.96822026907538,247.5,14.692072,0.9301542
-41.96822026907538,249.375,14.7262125,0.9264094
-41.96822026907538,251.25,14.593673,0.9322571
-41.96822026907538,253.125,14.381056,0.93116647
-41.96822026907538,255.0,14.308947,0.9202032
-41.96822026907538,256.875,14.426075,0.9205304
-41.96822026907538,258.75,14.4552555,0.9209311
-41.96822026907538,260.625,14.217032,0.9004325
-41.96822026907538,262.5,13.820744,0.87766176
-41.96822026907538,264.375,13.829884,0.876953
-41.96822026907538,266.25,14.202814,0.8815375
-41.96822026907538,268.125,14.390236,0.87172025
-41.96822026907538,270.0,14.046505,0.87165
-41.96822026907538,271.875,13.523947,0.8391107
-41.96822026907538,273.75,13.638888,0.8024226
-41.96822026907538,275.625,14.229884,0.84907234
-41.96822026907538,277.5,14.937267,0.87167966
-41.96822026907538,279.375,14.969259,0.76774925
-41.96822026907538,281.25,14.9030285,0.71963066
-41.96822026907538,283.125,15.224923,0.644378
-41.96822026907538,285.0,15.120373,0.558288
-41.96822026907538,286.875,12.444376,1.1058477
-41.96822026907538,288.75,10.964552,1.4371973
-41.96822026907538,290.625,15.401778,1.8007565
-41.96822026907538,292.5,20.241407,1.5262418
-41.96822026907538,294.375,23.352207,1.3413048
-41.96822026907538,296.25,19.468987,0.7444549
-41.96822026907538,298.125,19.50754,0.7235794
-41.96822026907538,300.0,19.052677,0.82602954
-41.96822026907538,301.875,20.287422,0.7439817
-41.96822026907538,303.75,21.37623,0.5709936
-41.96822026907538,305.625,21.205585,0.6235995
-41.96822026907538,307.5,20.042871,0.714681
-41.96822026907538,309.375,19.339746,0.70390576
-41.96822026907538,311.25,19.009552,0.7280833
-41.96822026907538,313.125,18.7492,0.7110781
-41.96822026907538,315.0,18.464943,0.6805793
-41.96822026907538,316.875,18.147795,0.6940443
-41.96822026907538,318.75,17.819141,0.6923388
-41.96822026907538,320.625,17.50799,0.6886184
-41.96822026907538,322.5,17.310724,0.71071744
-41.96822026907538,324.375,17.115314,0.74687415
-41.96822026907538,326.25,16.95297,0.7518624
-41.96822026907538,328.125,16.79961,0.7467304
-41.96822026907538,330.0,16.622208,0.7400548
-41.96822026907538,331.875,16.422522,0.7329009
-41.96822026907538,333.75,16.200176,0.7367484
-41.96822026907538,335.625,16.056036,0.74996734
-41.96822026907538,337.5,15.943966,0.75063866
-41.96822026907538,339.375,15.7235365,0.7484186
-41.96822026907538,341.25,15.328517,0.74748874
-41.96822026907538,343.125,14.906739,0.810716
-41.96822026907538,345.0,14.707658,0.84523165
-41.96822026907538,346.875,14.742248,0.81839585
-41.96822026907538,348.75,14.699591,0.76219606
-41.96822026907538,350.625,14.5120325,0.74413276
-41.96822026907538,352.5,14.333068,0.74502915
-41.96822026907538,354.375,14.234806,0.7103724
-41.96822026907538,356.25,14.155373,0.6940003
-41.96822026907538,358.125,14.015724,0.6870231
-40.1029793042494,0.0,16.863087,0.79056793
-40.1029793042494,1.875,16.915764,0.5811843
-40.1029793042494,3.75,16.8134,0.51710665
-40.1029793042494,5.625,16.689318,0.5646595
-40.1029793042494,7.5,16.949102,0.75529116
-40.1029793042494,9.375,17.653088,0.94118464
-40.1029793042494,11.25,18.228596,1.0250459
-40.1029793042494,13.125,18.48635,1.0328671
-40.1029793042494,15.0,18.440626,0.9548309
-40.1029793042494,16.875,18.619143,0.7933484
-40.1029793042494,18.75,19.130587,0.70706606
-40.1029793042494,20.625,19.440529,0.7092071
-40.1029793042494,22.5,19.37926,0.7084946
-40.1029793042494,24.375,18.43838,0.7133443
-40.1029793042494,26.25,16.881466,0.7734133
-40.1029793042494,28.125,15.619318,0.85914624
-40.1029793042494,30.0,15.132657,0.860112
-40.1029793042494,31.875,15.383927,0.8303241
-40.1029793042494,33.75,16.113966,0.9074088
-40.1029793042494,35.625,16.893986,0.95529443
-40.1029793042494,37.5,17.25373,0.89322335
-40.1029793042494,39.375,17.229122,0.8706509
-40.1029793042494,41.25,17.261427,0.83119017
-40.1029793042494,43.125,17.269709,0.80082273
-40.1029793042494,45.0,17.174923,0.81025994
-40.1029793042494,46.875,17.03797,0.8384295
-40.1029793042494,48.75,16.892931,0.86870587
-40.1029793042494,50.625,16.771349,0.87279135
-40.1029793042494,52.5,16.667833,0.87938833
-40.1029793042494,54.375,16.49004,0.89087564
-40.1029793042494,56.25,16.251915,0.88776284
-40.1029793042494,58.125,16.156368,0.89386696
-40.1029793042494,60.0,16.158556,0.875519
-40.1029793042494,61.875,16.048946,0.851667
-40.1029793042494,63.75,15.813107,0.8403549
-40.1029793042494,65.625,15.62879,0.84225446
-40.1029793042494,67.5,15.523751,0.85879344
-40.1029793042494,69.375,15.255099,0.8622364
-40.1029793042494,71.25,14.944513,0.8354779
-40.1029793042494,73.125,14.825373,0.82387567
-40.1029793042494,75.0,14.8241415,0.8261804
-40.1029793042494,76.875,14.69797,0.8332671
-40.1029793042494,78.75,14.476915,0.81099886
-40.1029793042494,80.625,14.298068,0.76907957
-40.1029793042494,82.5,14.181427,0.7325033
-40.1029793042494,84.375,14.042619,0.70464814
-40.1029793042494,86.25,13.992443,0.7236711
-40.1029793042494,88.125,14.16672,0.75165564
-40.1029793042494,90.0,14.371544,0.7420879
-40.1029793042494,91.875,14.391524,0.70522183
-40.1029793042494,93.75,14.256837,0.6665892
-40.1029793042494,95.625,14.103595,0.65444946
-40.1029793042494,97.5,14.014377,0.6524326
-40.1029793042494,99.375,13.975548,0.64552164
-40.1029793042494,101.25,14.010255,0.63527745
-40.1029793042494,103.125,14.143263,0.6271091
-40.1029793042494,105.0,14.284864,0.6151259
-40.1029793042494,106.875,14.333185,0.62137985
-40.1029793042494,108.75,14.364864,0.6365661
-40.1029793042494,110.625,14.478908,0.64628583
-40.1029793042494,112.5,14.71129,0.664253
-40.1029793042494,114.375,14.90549,0.65467805
-40.1029793042494,116.25,14.9742985,0.63704914
-40.1029793042494,118.125,15.051095,0.63121676
-40.1029793042494,120.0,15.16338,0.6634309
-40.1029793042494,121.875,15.323653,0.7284921
-40.1029793042494,123.75,15.497248,0.7431016
-40.1029793042494,125.625,15.644825,0.74017197
-40.1029793042494,127.5,15.80963,0.7835695
-40.1029793042494,129.375,15.92799,0.8410085
-40.1029793042494,131.25,16.003555,0.8638716
-40.1029793042494,133.125,16.253576,0.84823966
-40.1029793042494,135.0,16.55465,0.8375071
-40.1029793042494,136.875,16.65166,0.848853
-40.1029793042494,138.75,16.765314,0.8910649
-40.1029793042494,140.625,17.194727,0.8851783
-40.1029793042494,142.5,17.58133,0.91907305
-40.1029793042494,144.375,17.775587,1.0938354
-40.1029793042494,146.25,18.281641,0.96115893
-40.1029793042494,148.125,19.098166,1.0767733
-40.1029793042494,150.0,20.111876,1.2138108
-40.1029793042494,151.875,19.689747,1.153068
-40.1029793042494,153.75,17.854708,1.0523267
-40.1029793042494,155.625,17.380762,0.89774996
-40.1029793042494,157.5,17.712502,0.85147285
-40.1029793042494,159.375,17.92793,0.8738372
-40.1029793042494,161.25,17.808477,0.92690533
-40.1029793042494,163.125,17.62842,0.97564656
-40.1029793042494,165.0,17.687092,0.99876887
-40.1029793042494,166.875,17.785315,1.0529779
-40.1029793042494,168.75,17.550274,1.1898116
-40.1029793042494,170.625,17.178478,1.3381327
-40.1029793042494,172.5,17.429865,1.3375945
-40.1029793042494,174.375,17.76959,1.287269
-40.1029793042494,176.25,18.555645,1.2145957
-40.1029793042494,178.125,19.808361,0.9080465
-40.1029793042494,180.0,19.95877,0.89260894
-40.1029793042494,181.875,19.79586,0.90764195
-40.1029793042494,183.75,19.310568,0.9025109
-40.1029793042494,185.625,18.957853,0.8614986
-40.1029793042494,187.5,18.796545,0.8312595
-40.1029793042494,189.375,18.611916,0.8119187
-40.1029793042494,191.25,18.47797,0.80141467
-40.1029793042494,193.125,18.45254,0.79737115
-40.1029793042494,195.0,18.431564,0.81416816
-40.1029793042494,196.875,18.319983,0.8249349
-40.1029793042494,198.75,18.206057,0.8073624
-40.1029793042494,200.625,18.139318,0.79161066
-40.1029793042494,202.5,18.085176,0.7931769
-40.1029793042494,204.375,17.996115,0.77638113
-40.1029793042494,206.25,17.989239,0.74679047
-40.1029793042494,208.125,18.036057,0.7112469
-40.1029793042494,210.0,17.93502,0.6947612
-40.1029793042494,211.875,17.707638,0.6953348
-40.1029793042494,213.75,17.620764,0.70426464
-40.1029793042494,215.625,17.698673,0.70981413
-40.1029793042494,217.5,17.607716,0.73004365
-40.1029793042494,219.375,17.31674,0.76016575
-40.1029793042494,221.25,17.28508,0.7897908
-40.1029793042494,223.125,17.34588,0.8366372
-40.1029793042494,225.0,17.289143,0.8902372
-40.1029793042494,226.875,17.036993,0.93141973
-40.1029793042494,228.75,16.977053,0.94025964
-40.1029793042494,230.625,17.117638,0.9567202
-40.1029793042494,232.5,17.084435,0.97770756
-40.1029793042494,234.375,16.806896,1.0007191
-40.1029793042494,236.25,16.657072,1.0017984
-40.1029793042494,238.125,16.788614,1.0110862
-40.1029793042494,240.0,16.84717,1.0068272
-40.1029793042494,241.875,16.693907,1.0057834
-40.1029793042494,243.75,16.47963,1.0168601
-40.1029793042494,245.625,16.456701,1.0286694
-40.1029793042494,247.5,16.499514,1.0216626
-40.1029793042494,249.375,16.315842,1.0148011
-40.1029793042494,251.25,16.210217,1.0162168
-40.1029793042494,253.125,16.190353,1.0104469
-40.1029793042494,255.0,16.18256,0.99192417
-40.1029793042494,256.875,16.067091,0.9754578
-40.1029793042494,258.75,16.081192,0.9578031
-40.1029793042494,260.625,16.120373,0.95399
-40.1029793042494,262.5,15.961583,0.96679604
-40.1029793042494,264.375,15.713751,0.96108055
-40.1029793042494,266.25,15.763283,0.9276291
-40.1029793042494,268.125,16.011583,0.90825975
-40.1029793042494,270.0,15.980216,0.94068617
-40.1029793042494,271.875,15.545079,0.9324069
-40.1029793042494,273.75,15.495235,0.883162
-40.1029793042494,275.625,16.022326,0.87223506
-40.1029793042494,277.5,16.742052,0.79672164
-40.1029793042494,279.375,16.593634,0.73491055
-40.1029793042494,281.25,16.25133,0.6857427
-40.1029793042494,283.125,16.523693,0.5723231
-40.1029793042494,285.0,16.208223,0.54074585
-40.1029793042494,286.875,15.101798,0.5899128
-40.1029793042494,288.75,13.3191805,1.3498245
-40.1029793042494,290.625,17.38088,1.525546
-40.1029793042494,292.5,23.796894,1.4411416
-40.1029793042494,294.375,27.343985,1.4502186
-40.1029793042494,296.25,26.51123,1.4926242
-40.1029793042494,298.125,21.553886,0.62125814
-40.1029793042494,300.0,21.19125,0.6519813
-40.1029793042494,301.875,21.263847,0.6441095
-40.1029793042494,303.75,22.013906,0.5859213
-40.1029793042494,305.625,22.531563,0.5340525
-40.1029793042494,307.5,21.561758,0.64730936
-40.1029793042494,309.375,19.787111,0.69381595
-40.1029793042494,311.25,19.31172,0.6412995
-40.1029793042494,313.125,19.163712,0.6533957
-40.1029793042494,315.0,18.93004,0.68568707
-40.1029793042494,316.875,18.586407,0.7121514
-40.1029793042494,318.75,18.26881,0.7215714
-40.1029793042494,320.625,18.04631,0.74806815
-40.1029793042494,322.5,17.881407,0.7739606
-40.1029793042494,324.375,17.740606,0.76638883
-40.1029793042494,326.25,17.586622,0.7373645
-40.1029793042494,328.125,17.464943,0.7253718
-40.1029793042494,330.0,17.309319,0.713174
-40.1029793042494,331.875,17.06967,0.69813514
-40.1029793042494,333.75,16.891954,0.7038237
-40.1029793042494,335.625,16.8326,0.7122932
-40.1029793042494,337.5,16.731604,0.7212403
-40.1029793042494,339.375,16.54469,0.74270505
-40.1029793042494,341.25,16.428692,0.75937355
-40.1029793042494,343.125,16.48629,0.7864169
-40.1029793042494,345.0,16.65586,0.79560554
-40.1029793042494,346.875,16.668165,0.7694313
-40.1029793042494,348.75,16.40756,0.7384405
-40.1029793042494,350.625,16.118633,0.72875655
-40.1029793042494,352.5,16.004728,0.75151247
-40.1029793042494,354.375,16.151896,0.84609526
-40.1029793042494,356.25,16.31379,0.92225444
-40.1029793042494,358.125,16.59588,0.8446947
-38.23773599056483,0.0,18.20334,0.66496545
-38.23773599056483,1.875,18.063654,0.62857515
-38.23773599056483,3.75,18.00377,0.7040011
-38.23773599056483,5.625,18.308537,0.75454104
-38.23773599056483,7.5,19.041174,0.90214175
-38.23773599056483,9.375,20.03422,0.80661696
-38.23773599056483,11.25,20.747656,0.69831944
-38.23773599056483,13.125,21.212618,0.6323813
-38.23773599056483,15.0,21.46793,0.55595595
-38.23773599056483,16.875,22.013556,0.49961975
-38.23773599056483,18.75,22.613808,0.48188606
-38.23773599056483,20.625,23.15877,0.4798808
-38.23773599056483,22.5,23.351347,0.5035702
-38.23773599056483,24.375,22.62207,0.5972746
-38.23773599056483,26.25,21.032696,0.7327204
-38.23773599056483,28.125,19.57465,0.77415854
-38.23773599056483,30.0,18.685509,0.7635537
-38.23773599056483,31.875,18.2309,0.7082
-38.23773599056483,33.75,18.556114,0.73336583
-38.23773599056483,35.625,19.101896,0.6806653
-38.23773599056483,37.5,19.004044,0.6608118
-38.23773599056483,39.375,18.749474,0.6834131
-38.23773599056483,41.25,18.685822,0.71273017
-38.23773599056483,43.125,18.726486,0.7603089
-38.23773599056483,45.0,18.65379,0.8303071
-38.23773599056483,46.875,18.468517,0.8607725
-38.23773599056483,48.75,18.311094,0.8637028
-38.23773599056483,50.625,18.247501,0.85235095
-38.23773599056483,52.5,18.18256,0.8530021
-38.23773599056483,54.375,18.01756,0.86034447
-38.23773599056483,56.25,17.903301,0.8744286
-38.23773599056483,58.125,17.87627,0.87130064
-38.23773599056483,60.0,17.764141,0.8571459
-38.23773599056483,61.875,17.478243,0.8502315
-38.23773599056483,63.75,17.237053,0.8507945
-38.23773599056483,65.625,17.112833,0.84956473
-38.23773599056483,67.5,16.91795,0.8265271
-38.23773599056483,69.375,16.695099,0.83450264
-38.23773599056483,71.25,16.765177,0.8939929
-38.23773599056483,73.125,17.058693,0.9062011
-38.23773599056483,75.0,17.077501,0.89418656
-38.23773599056483,76.875,16.688946,0.8572417
-38.23773599056483,78.75,16.241076,0.82180953
-38.23773599056483,80.625,15.973888,0.8022007
-38.23773599056483,82.5,15.923009,0.7876408
-38.23773599056483,84.375,16.029787,0.79211724
-38.23773599056483,86.25,16.146252,0.79704213
-38.23773599056483,88.125,16.153908,0.77833307
-38.23773599056483,90.0,15.9967985,0.760037
-38.23773599056483,91.875,15.729474,0.74634975
-38.23773599056483,93.75,15.505841,0.74493295
-38.23773599056483,95.625,15.451759,0.7494299
-38.23773599056483,97.5,15.488849,0.744317
-38.23773599056483,99.375,15.544024,0.7323959
-38.23773599056483,101.25,15.615919,0.7036648
-38.23773599056483,103.125,15.751408,0.6995328
-38.23773599056483,105.0,15.895431,0.7086685
-38.23773599056483,106.875,15.977286,0.704406
-38.23773599056483,108.75,16.052618,0.6963467
-38.23773599056483,110.625,16.248438,0.7108365
-38.23773599056483,112.5,16.568127,0.8369573
-38.23773599056483,114.375,16.72551,0.87155473
-38.23773599056483,116.25,16.807306,0.7916335
-38.23773599056483,118.125,17.012775,0.7483968
-38.23773599056483,120.0,17.112755,0.76299685
-38.23773599056483,121.875,17.120586,0.7643483
-38.23773599056483,123.75,17.10221,0.7417384
-38.23773599056483,125.625,17.141895,0.72298265
-38.23773599056483,127.5,17.32465,0.7481734
-38.23773599056483,129.375,17.543497,0.77417666
-38.23773599056483,131.25,17.668516,0.8026168
-38.23773599056483,133.125,17.88334,0.8134562
-38.23773599056483,135.0,17.996506,0.8019548
-38.23773599056483,136.875,17.885782,0.7688868
-38.23773599056483,138.75,17.876036,0.73689634
-38.23773599056483,140.625,17.975704,0.7094632
-38.23773599056483,142.5,23.360195,1.9871631
-38.23773599056483,144.375,23.61787,2.0150232
-38.23773599056483,146.25,22.97207,1.8965837
-38.23773599056483,148.125,20.305567,0.8150758
-38.23773599056483,150.0,21.963964,0.71591276
-38.23773599056483,151.875,22.525957,0.66097504
-38.23773599056483,153.75,21.59541,0.92211926
-38.23773599056483,155.625,19.719707,1.0141852
-38.23773599056483,157.5,18.98295,0.861215
-38.23773599056483,159.375,19.128633,0.8210924
-38.23773599056483,161.25,19.281797,0.86896557
-38.23773599056483,163.125,19.145685,0.92684084
-38.23773599056483,165.0,18.945255,0.92607665
-38.23773599056483,166.875,19.034748,0.93187827
-38.23773599056483,168.75,19.103008,0.99529904
-38.23773599056483,170.625,18.925451,1.1803801
-38.23773599056483,172.5,19.024923,1.3528523
-38.23773599056483,174.375,19.96131,1.270037
-38.23773599056483,176.25,19.160158,1.1097801
-38.23773599056483,178.125,20.480118,0.8737339
-38.23773599056483,180.0,20.672579,0.83300996
-38.23773599056483,181.875,20.631992,0.8396825
-38.23773599056483,183.75,20.120802,0.83195317
-38.23773599056483,185.625,19.809416,0.80237263
-38.23773599056483,187.5,19.828478,0.7833194
-38.23773599056483,189.375,19.834415,0.78210914
-38.23773599056483,191.25,19.715431,0.77820504
-38.23773599056483,193.125,19.65379,0.7698297
-38.23773599056483,195.0,19.688732,0.78066695
-38.23773599056483,196.875,19.674513,0.78044546
-38.23773599056483,198.75,19.578184,0.7374174
-38.23773599056483,200.625,19.561935,0.7094387
-38.23773599056483,202.5,19.48961,0.7150856
-38.23773599056483,204.375,19.31045,0.72436607
-38.23773599056483,206.25,19.196915,0.71029603
-38.23773599056483,208.125,19.215626,0.6903932
-38.23773599056483,210.0,19.183458,0.70198536
-38.23773599056483,211.875,19.021875,0.7093555
-38.23773599056483,213.75,19.039513,0.705239
-38.23773599056483,215.625,19.146759,0.72285205
-38.23773599056483,217.5,19.12926,0.7515757
-38.23773599056483,219.375,18.916662,0.7930388
-38.23773599056483,221.25,18.870354,0.8170846
-38.23773599056483,223.125,18.980001,0.86801237
-38.23773599056483,225.0,18.949005,0.92656565
-38.23773599056483,226.875,18.76211,0.95968026
-38.23773599056483,228.75,18.71873,0.977829
-38.23773599056483,230.625,18.825354,1.0156883
-38.23773599056483,232.5,18.780294,1.0342298
-38.23773599056483,234.375,18.596973,1.0515146
-38.23773599056483,236.25,18.552599,1.0554619
-38.23773599056483,238.125,18.680119,1.0600177
-38.23773599056483,240.0,18.525393,1.0678631
-38.23773599056483,241.875,18.24967,1.0531939
-38.23773599056483,243.75,18.28965,1.0380168
-38.23773599056483,245.625,18.48379,1.0509683
-38.23773599056483,247.5,18.430801,1.0594883
-38.23773599056483,249.375,18.097305,1.0597483
-38.23773599056483,251.25,18.146446,1.0537568
-38.23773599056483,253.125,18.395489,1.0443015
-38.23773599056483,255.0,18.39207,1.0362881
-38.23773599056483,256.875,17.819084,1.0396253
-38.23773599056483,258.75,17.620626,1.0010036
-38.23773599056483,260.625,17.917248,0.9866514
-38.23773599056483,262.5,18.176018,1.00024
-38.23773599056483,264.375,17.887932,1.0362982
-38.23773599056483,266.25,17.34385,0.9970896
-38.23773599056483,268.125,17.322794,0.92153674
-38.23773599056483,270.0,17.661095,0.88082296
-38.23773599056483,271.875,17.792871,0.861954
-38.23773599056483,273.75,17.66049,0.85037905
-38.23773599056483,275.625,17.755608,0.81202567
-38.23773599056483,277.5,18.103302,0.7145864
-38.23773599056483,279.375,17.78719,0.69512063
-38.23773599056483,281.25,17.281662,0.6165724
-38.23773599056483,283.125,17.205841,0.5211165
-38.23773599056483,285.0,16.36631,0.6346089
-38.23773599056483,286.875,15.4509,0.6567738
-38.23773599056483,288.75,16.92088,1.2848488
-38.23773599056483,290.625,20.27963,1.2997928
-38.23773599056483,292.5,27.000683,1.4322989
-38.23773599056483,294.375,31.06543,1.5223789
-38.23773599056483,296.25,31.33287,1.6441139
-38.23773599056483,298.125,28.229708,1.7001404
-38.23773599056483,300.0,26.172754,1.7059017
-38.23773599056483,301.875,22.24752,0.5529302
-38.23773599056483,303.75,23.05496,0.5374755
-38.23773599056483,305.625,23.343164,0.5070875
-38.23773599056483,307.5,23.144394,0.56021565
-38.23773599056483,309.375,21.532753,0.6343479
-38.23773599056483,311.25,20.32381,0.6442678
-38.23773599056483,313.125,19.943947,0.6548796
-38.23773599056483,315.0,19.794474,0.6849762
-38.23773599056483,316.875,19.560978,0.7067145
-38.23773599056483,318.75,19.297657,0.71519566
-38.23773599056483,320.625,19.194904,0.74181324
-38.23773599056483,322.5,19.14838,0.74113077
-38.23773599056483,324.375,18.889122,0.7195895
-38.23773599056483,326.25,18.669044,0.7035624
-38.23773599056483,328.125,18.637579,0.7116563
-38.23773599056483,330.0,18.570236,0.73663545
-38.23773599056483,331.875,18.379786,0.7408713
-38.23773599056483,333.75,18.285528,0.7509229
-38.23773599056483,335.625,18.328888,0.7771238
-38.23773599056483,337.5,18.301641,0.80081546
-38.23773599056483,339.375,18.218283,0.8129515
-38.23773599056483,341.25,18.2759,0.8223796
-38.23773599056483,343.125,18.385138,0.84505796
-38.23773599056483,345.0,18.297403,0.8366509
-38.23773599056483,346.875,17.955587,0.82150424
-38.23773599056483,348.75,17.67379,0.7835436
-38.23773599056483,350.625,17.587032,0.8216648
-38.23773599056483,352.5,17.657482,0.83591187
-38.23773599056483,354.375,17.755138,0.84644824
-38.23773599056483,356.25,17.92918,0.81159204
-38.23773599056483,358.125,18.213049,0.7944576
-36.37249059281224,0.0,19.874474,0.67242336
-36.37249059281224,1.875,19.725021,0.72853994
-36.37249059281224,3.75,19.631329,0.8012361
-36.37249059281224,5.625,19.85385,0.7493467
-36.37249059281224,7.5,20.322208,0.67836833
-36.37249059281224,9.375,20.875391,0.5795693
-36.37249059281224,11.25,21.475351,0.49894732
-36.37249059281224,13.125,22.0042,0.4389142
-36.37249059281224,15.0,22.384218,0.42959505
-36.37249059281224,16.875,22.718555,0.4673819
-36.37249059281224,18.75,22.872032,0.51237184
-36.37249059281224,20.625,23.069336,0.55190164
-36.37249059281224,22.5,23.95289,0.4602301
-36.37249059281224,24.375,24.75871,0.4273594
-36.37249059281224,26.25,24.57496,0.47932497
-36.37249059281224,28.125,23.859278,0.6380046
-36.37249059281224,30.0,22.295,0.8156734
-36.37249059281224,31.875,20.162834,0.82933706
-36.37249059281224,33.75,19.85707,0.6667239
-36.37249059281224,35.625,20.26168,0.7007575
-36.37249059281224,37.5,20.137209,0.7704879
-36.37249059281224,39.375,19.984982,0.7868416
-36.37249059281224,41.25,19.914806,0.7952138
-36.37249059281224,43.125,20.058615,0.84540457
-36.37249059281224,45.0,20.231817,0.91920286
-36.37249059281224,46.875,20.268791,0.9491684
-36.37249059281224,48.75,20.17373,0.94538033
-36.37249059281224,50.625,20.08918,0.9333505
-36.37249059281224,52.5,20.059729,0.9219535
-36.37249059281224,54.375,19.92797,0.9085806
-36.37249059281224,56.25,19.818537,0.8964783
-36.37249059281224,58.125,19.787033,0.8941053
-36.37249059281224,60.0,19.623926,0.8934469
-36.37249059281224,61.875,19.315783,0.8724002
-36.37249059281224,63.75,19.079142,0.8525877
-36.37249059281224,65.625,18.985939,0.87116206
-36.37249059281224,67.5,18.99793,0.8772675
-36.37249059281224,69.375,19.1609,0.8571354
-36.37249059281224,71.25,19.407795,0.82469004
-36.37249059281224,73.125,19.428595,0.8035656
-36.37249059281224,75.0,19.082775,0.8176042
-36.37249059281224,76.875,18.514397,0.8077522
-36.37249059281224,78.75,18.239063,0.7828327
-36.37249059281224,80.625,18.25131,0.7844116
-36.37249059281224,82.5,18.286934,0.78620934
-36.37249059281224,84.375,18.218264,0.7880619
-36.37249059281224,86.25,18.003946,0.800847
-36.37249059281224,88.125,17.733595,0.8132804
-36.37249059281224,90.0,17.451017,0.80745107
-36.37249059281224,91.875,17.218145,0.79710245
-36.37249059281224,93.75,17.136778,0.7709169
-36.37249059281224,95.625,17.159454,0.7433795
-36.37249059281224,97.5,17.209356,0.73423845
-36.37249059281224,99.375,17.218752,0.7348085
-36.37249059281224,101.25,17.18748,0.7134132
-36.37249059281224,103.125,17.234064,0.7153949
-36.37249059281224,105.0,17.345821,0.7090857
-36.37249059281224,106.875,17.391504,0.6454438
-36.37249059281224,108.75,17.460762,0.62391126
-36.37249059281224,110.625,17.758713,0.8209159
-36.37249059281224,112.5,18.278673,0.9178484
-36.37249059281224,114.375,18.578068,0.8330841
-36.37249059281224,116.25,18.931154,0.6995844
-36.37249059281224,118.125,19.354006,0.5862271
-36.37249059281224,120.0,19.27883,0.5879016
-36.37249059281224,121.875,19.046057,0.62711245
-36.37249059281224,123.75,18.812521,0.6593338
-36.37249059281224,125.625,18.865314,0.7256207
-36.37249059281224,127.5,18.895138,0.7124104
-36.37249059281224,129.375,18.925177,0.68483406
-36.37249059281224,131.25,19.09969,0.72930205
-36.37249059281224,133.125,19.256857,0.7711327
-36.37249059281224,135.0,19.083595,0.79131794
-36.37249059281224,136.875,18.842188,0.8368879
-36.37249059281224,138.75,18.069532,0.81850636
-36.37249059281224,140.625,25.642675,2.0954795
-36.37249059281224,142.5,27.861094,2.2854059
-36.37249059281224,144.375,27.595078,2.3787496
-36.37249059281224,146.25,25.77662,2.282946
-36.37249059281224,148.125,24.095703,2.0278902
-36.37249059281224,150.0,23.394434,1.6473454
-36.37249059281224,151.875,23.699102,0.55971646
-36.37249059281224,153.75,23.671581,0.63228786
-36.37249059281224,155.625,22.350351,0.79362726
-36.37249059281224,157.5,20.659668,0.86970097
-36.37249059281224,159.375,20.212189,0.81946117
-36.37249059281224,161.25,20.455957,0.8252905
-36.37249059281224,163.125,20.593145,0.84949005
-36.37249059281224,165.0,20.379572,0.86116356
-36.37249059281224,166.875,20.173927,0.8817007
-36.37249059281224,168.75,20.089298,0.88903254
-36.37249059281224,170.625,20.002813,0.9494095
-36.37249059281224,172.5,20.098557,1.0404657
-36.37249059281224,174.375,20.515625,1.0438522
-36.37249059281224,176.25,21.186583,0.9395952
-36.37249059281224,178.125,21.411055,0.8486287
-36.37249059281224,180.0,21.730097,0.7684596
-36.37249059281224,181.875,21.39297,0.7823517
-36.37249059281224,183.75,20.823399,0.7825083
-36.37249059281224,185.625,20.77916,0.75213814
-36.37249059281224,187.5,20.952578,0.7517837
-36.37249059281224,189.375,20.940392,0.7500259
-36.37249059281224,191.25,20.74631,0.72603935
-36.37249059281224,193.125,20.70625,0.7020235
-36.37249059281224,195.0,20.797676,0.7158419
-36.37249059281224,196.875,20.747774,0.72598547
-36.37249059281224,198.75,20.567286,0.6913053
-36.37249059281224,200.625,20.545448,0.6821049
-36.37249059281224,202.5,20.575176,0.72324646
-36.37249059281224,204.375,20.467619,0.762233
-36.37249059281224,206.25,20.367033,0.76856005
-36.37249059281224,208.125,20.4517,0.78059405
-36.37249059281224,210.0,20.49795,0.7997383
-36.37249059281224,211.875,20.336994,0.8102759
-36.37249059281224,213.75,20.21832,0.7993672
-36.37249059281224,215.625,20.23301,0.81672555
-36.37249059281224,217.5,20.229729,0.8451705
-36.37249059281224,219.375,20.16172,0.86274725
-36.37249059281224,221.25,20.22504,0.87067175
-36.37249059281224,223.125,20.397598,0.9079227
-36.37249059281224,225.0,20.388985,0.9523574
-36.37249059281224,226.875,20.229923,0.99055374
-36.37249059281224,228.75,20.198614,1.0228724
-36.37249059281224,230.625,20.323927,1.0516679
-36.37249059281224,232.5,20.278107,1.0501428
-36.37249059281224,234.375,20.23881,1.0274898
-36.37249059281224,236.25,20.377697,1.0234348
-36.37249059281224,238.125,20.459845,1.0425707
-36.37249059281224,240.0,20.205997,1.0618985
-36.37249059281224,241.875,19.896759,1.0554377
-36.37249059281224,243.75,20.032228,1.0515164
-36.37249059281224,245.625,20.30252,1.0412713
-36.37249059281224,247.5,20.30094,1.0314325
-36.37249059281224,249.375,20.059883,1.0214077
-36.37249059281224,251.25,20.11713,0.97147995
-36.37249059281224,253.125,20.354025,0.9377335
-36.37249059281224,255.0,20.400724,0.940304
-36.37249059281224,256.875,20.000158,0.96735513
-36.37249059281224,258.75,19.687637,0.96166766
-36.37249059281224,260.625,19.812931,0.933426
-36.37249059281224,262.5,20.055216,0.9042455
-36.37249059281224,264.375,19.96674,0.92043495
-36.37249059281224,266.25,19.533459,0.9496748
-36.37249059281224,268.125,19.449024,0.8886927
-36.37249059281224,270.0,19.754454,0.81786907
-36.37249059281224,271.875,19.811016,0.7806319
-36.37249059281224,273.75,19.34336,0.75825423
-36.37249059281224,275.625,19.18801,0.718862
-36.37249059281224,277.5,19.398108,0.6615419
-36.37249059281224,279.375,18.870176,0.658405
-36.37249059281224,281.25,18.00049,0.54252166
-36.37249059281224,283.125,17.301485,0.568367
-36.37249059281224,285.0,16.533478,0.6764447
-36.37249059281224,286.875,16.162931,0.6413055
-36.37249059281224,288.75,20.162422,1.2572936
-36.37249059281224,290.625,21.818497,1.1706486
-36.37249059281224,292.5,27.863144,1.5200145
-36.37249059281224,294.375,32.263905,1.6956046
-36.37249059281224,296.25,33.149296,1.7704302
-36.37249059281224,298.125,31.10289,1.9767085
-36.37249059281224,300.0,29.168573,1.9665014
-36.37249059281224,301.875,27.796953,1.6381005
-36.37249059281224,303.75,23.97461,0.5200456
-36.37249059281224,305.625,23.976368,0.5263312
-36.37249059281224,307.5,24.318262,0.5457637
-36.37249059281224,309.375,23.605722,0.58209664
-36.37249059281224,311.25,21.976816,0.6154185
-36.37249059281224,313.125,21.279512,0.6564469
-36.37249059281224,315.0,21.099785,0.7131045
-36.37249059281224,316.875,20.802559,0.7218514
-36.37249059281224,318.75,20.514805,0.67304045
-36.37249059281224,320.625,20.524864,0.65713453
-36.37249059281224,322.5,20.54998,0.6719308
-36.37249059281224,324.375,20.232443,0.68115115
-36.37249059281224,326.25,19.921057,0.68619746
-36.37249059281224,328.125,19.931446,0.71176076
-36.37249059281224,330.0,19.979864,0.74777293
-36.37249059281224,331.875,19.860392,0.7465647
-36.37249059281224,333.75,19.77797,0.74020463
-36.37249059281224,335.625,19.870686,0.75464773
-36.37249059281224,337.5,19.836056,0.76799476
-36.37249059281224,339.375,19.776857,0.7792374
-36.37249059281224,341.25,19.930412,0.8200441
-36.37249059281224,343.125,20.009377,0.8634578
-36.37249059281224,345.0,19.757715,0.883136
-36.37249059281224,346.875,19.467813,0.8465983
-36.37249059281224,348.75,19.382462,0.79936934
-36.37249059281224,350.625,19.340801,0.81200355
-36.37249059281224,352.5,19.290548,0.7973805
-36.37249059281224,354.375,19.26297,0.8244557
-36.37249059281224,356.25,19.593634,0.8220758
-36.37249059281224,358.125,19.903282,0.8021352
-34.50724334150103,0.0,21.15332,0.63032055
-34.50724334150103,1.875,20.996172,0.6247241
-34.50724334150103,3.75,20.9767,0.65100867
-34.50724334150103,5.625,21.076817,0.6081555
-34.50724334150103,7.5,21.181074,0.52509606
-34.50724334150103,9.375,21.234512,0.4858824
-34.50724334150103,11.25,21.463457,0.45876005
-34.50724334150103,13.125,21.842169,0.39362264
-34.50724334150103,15.0,21.738886,0.50777525
-34.50724334150103,16.875,20.849628,0.80035305
-34.50724334150103,18.75,27.62869,1.0125226
-34.50724334150103,20.625,27.499023,1.1116185
-34.50724334150103,22.5,26.800077,1.1638887
-34.50724334150103,24.375,26.267754,0.98737127
-34.50724334150103,26.25,25.270273,0.42590722
-34.50724334150103,28.125,25.656816,0.43128508
-34.50724334150103,30.0,25.584824,0.5357774
-34.50724334150103,31.875,24.094316,0.7476477
-34.50724334150103,33.75,21.910645,0.85467243
-34.50724334150103,35.625,21.49088,0.7697652
-34.50724334150103,37.5,22.239843,0.86818546
-34.50724334150103,39.375,22.351055,0.95396924
-34.50724334150103,41.25,21.850702,0.9370816
-34.50724334150103,43.125,21.400312,0.87655884
-34.50724334150103,45.0,21.601503,0.85812736
-34.50724334150103,46.875,22.028536,0.87027895
-34.50724334150103,48.75,22.200079,0.8811098
-34.50724334150103,50.625,22.287441,0.88240963
-34.50724334150103,52.5,22.42463,0.89690316
-34.50724334150103,54.375,22.207012,0.93233544
-34.50724334150103,56.25,21.768574,0.9173508
-34.50724334150103,58.125,21.525879,0.8746962
-34.50724334150103,60.0,21.477755,0.8699153
-34.50724334150103,61.875,21.253984,0.8755509
-34.50724334150103,63.75,20.993906,0.84589976
-34.50724334150103,65.625,20.948515,0.81907415
-34.50724334150103,67.5,21.069843,0.79777044
-34.50724334150103,69.375,21.161737,0.7608433
-34.50724334150103,71.25,21.134296,0.7361046
-34.50724334150103,73.125,20.905235,0.7443714
-34.50724334150103,75.0,20.509453,0.7627343
-34.50724334150103,76.875,20.054064,0.7401087
-34.50724334150103,78.75,19.851994,0.72226703
-34.50724334150103,80.625,19.828672,0.70817477
-34.50724334150103,82.5,19.699669,0.75417554
-34.50724334150103,84.375,19.441643,0.7850886
-34.50724334150103,86.25,19.270607,0.76672554
-34.50724334150103,88.125,19.177189,0.77333176
-34.50724334150103,90.0,19.06258,0.8121672
-34.50724334150103,91.875,18.900743,0.8163397
-34.50724334150103,93.75,18.785315,0.78358465
-34.50724334150103,95.625,18.688244,0.7698091
-34.50724334150103,97.5,18.564123,0.7675105
-34.50724334150103,99.375,18.42381,0.74656594
-34.50724334150103,101.25,18.30043,0.6898814
-34.50724334150103,103.125,18.281174,0.63442665
-34.50724334150103,105.0,18.272072,0.6133665
-34.50724334150103,106.875,18.199415,0.6474859
-34.50724334150103,108.75,18.464727,0.685816
-34.50724334150103,110.625,19.287268,0.69121337
-34.50724334150103,112.5,20.137463,0.6993246
-34.50724334150103,114.375,20.329493,0.6380525
-34.50724334150103,116.25,24.314629,1.6343043
-34.50724334150103,118.125,24.219063,1.7315241
-34.50724334150103,120.0,23.96039,1.7280853
-34.50724334150103,121.875,20.088615,0.56432873
-34.50724334150103,123.75,19.80428,0.56507146
-34.50724334150103,125.625,20.390352,0.6097847
-34.50724334150103,127.5,20.13254,0.60778445
-34.50724334150103,129.375,20.125782,0.6463004
-34.50724334150103,131.25,20.19922,0.7223274
-34.50724334150103,133.125,20.075314,0.81446064
-34.50724334150103,135.0,20.146622,0.8200262
-34.50724334150103,136.875,27.436367,2.1106143
-34.50724334150103,138.75,28.688417,2.2225473
-34.50724334150103,140.625,29.746407,2.3080878
-34.50724334150103,142.5,30.815117,2.3970428
-34.50724334150103,144.375,30.45084,2.6033454
-34.50724334150103,146.25,28.742598,2.6967385
-34.50724334150103,148.125,26.402168,2.5315583
-34.50724334150103,150.0,24.58207,2.018111
-34.50724334150103,151.875,24.177462,0.5549487
-34.50724334150103,153.75,24.67381,0.5888341
-34.50724334150103,155.625,24.114374,0.6567952
-34.50724334150103,157.5,22.690079,0.715261
-34.50724334150103,159.375,21.624374,0.77531296
-34.50724334150103,161.25,21.589766,0.8179052
-34.50724334150103,163.125,21.761309,0.7899371
-34.50724334150103,165.0,21.777832,0.771428
-34.50724334150103,166.875,21.65334,0.77843535
-34.50724334150103,168.75,21.546543,0.7888199
-34.50724334150103,170.625,21.378944,0.80165416
-34.50724334150103,172.5,21.429531,0.80727226
-34.50724334150103,174.375,21.84826,0.78648347
-34.50724334150103,176.25,22.368574,0.7236176
-34.50724334150103,178.125,22.497793,0.67457616
-34.50724334150103,180.0,22.34164,0.677696
-34.50724334150103,181.875,21.955957,0.72018015
-34.50724334150103,183.75,21.649668,0.7121512
-34.50724334150103,185.625,21.763828,0.6970654
-34.50724334150103,187.5,21.966719,0.6906048
-34.50724334150103,189.375,21.977636,0.691832
-34.50724334150103,191.25,21.76084,0.6843417
-34.50724334150103,193.125,21.706192,0.65188175
-34.50724334150103,195.0,21.75205,0.670222
-34.50724334150103,196.875,21.624727,0.7114969
-34.50724334150103,198.75,21.436289,0.71894056
-34.50724334150103,200.625,21.50668,0.74139863
-34.50724334150103,202.5,21.688007,0.79937196
-34.50724334150103,204.375,21.611113,0.8550407
-34.50724334150103,206.25,21.48754,0.8687443
-34.50724334150103,208.125,21.515137,0.8734056
-34.50724334150103,210.0,21.546328,0.8923183
-34.50724334150103,211.875,21.462578,0.9172253
-34.50724334150103,213.75,21.418007,0.90686214
-34.50724334150103,215.625,21.521309,0.91677797
-34.50724334150103,217.5,21.539394,0.94567907
-34.50724334150103,219.375,21.446583,0.95682
-34.50724334150103,221.25,21.42744,0.9514965
-34.50724334150103,223.125,21.55578,0.98552877
-34.50724334150103,225.0,21.610937,1.0138233
-34.50724334150103,226.875,21.630566,1.0249316
-34.50724334150103,228.75,21.787148,1.0350711
-34.50724334150103,230.625,21.91164,1.0518898
-34.50724334150103,232.5,21.805586,1.0497649
-34.50724334150103,234.375,21.65584,1.0004025
-34.50724334150103,236.25,21.721113,0.985734
-34.50724334150103,238.125,21.821308,0.97860026
-34.50724334150103,240.0,21.79465,0.97831887
-34.50724334150103,241.875,21.801836,0.9623919
-34.50724334150103,243.75,21.949121,0.9236932
-34.50724334150103,245.625,21.993261,0.86305434
-34.50724334150103,247.5,21.970274,0.81994075
-34.50724334150103,249.375,21.968887,0.8151988
-34.50724334150103,251.25,21.904512,0.8206769
-34.50724334150103,253.125,21.715958,0.8208544
-34.50724334150103,255.0,21.663887,0.7981188
-34.50724334150103,256.875,21.781094,0.80498004
-34.50724334150103,258.75,21.74129,0.8406806
-34.50724334150103,260.625,21.48916,0.84058607
-34.50724334150103,262.5,21.322266,0.78382033
-34.50724334150103,264.375,21.371817,0.7814119
-34.50724334150103,266.25,21.342031,0.7965762
-34.50724334150103,268.125,21.18703,0.7718541
-34.50724334150103,270.0,21.098204,0.74832344
-34.50724334150103,271.875,20.880196,0.7328426
-34.50724334150103,273.75,20.530058,0.7087545
-34.50724334150103,275.625,20.492695,0.640384
-34.50724334150103,277.5,20.408869,0.62935096
-34.50724334150103,279.375,19.305822,0.66660184
-34.50724334150103,281.25,18.116076,0.5753738
-34.50724334150103,283.125,17.606232,0.6373303
-34.50724334150103,285.0,17.730001,0.6418385
-34.50724334150103,286.875,17.183458,0.5875115
-34.50724334150103,288.75,23.095625,1.1331087
-34.50724334150103,290.625,22.566444,1.1281528
-34.50724334150103,292.5,28.042364,1.6861783
-34.50724334150103,294.375,32.780624,1.774446
-34.50724334150103,296.25,34.38834,1.8421826
-34.50724334150103,298.125,32.68092,2.23056
-34.50724334150103,300.0,31.44629,2.2059371
-34.50724334150103,301.875,30.382637,1.8790643
-34.50724334150103,303.75,27.396425,1.7852314
-34.50724334150103,305.625,24.912617,1.5174505
-34.50724334150103,307.5,24.970293,0.5536989
-34.50724334150103,309.375,24.932188,0.55231637
-34.50724334150103,311.25,23.967949,0.59479403
-34.50724334150103,313.125,22.827831,0.6245398
-34.50724334150103,315.0,22.572989,0.6890133
-34.50724334150103,316.875,22.303827,0.7073729
-34.50724334150103,318.75,21.867754,0.6357675
-34.50724334150103,320.625,21.769941,0.61372674
-34.50724334150103,322.5,21.83914,0.6588452
-34.50724334150103,324.375,21.569786,0.72042596
-34.50724334150103,326.25,21.307344,0.74233127
-34.50724334150103,328.125,21.369688,0.7615179
-34.50724334150103,330.0,21.365938,0.7596719
-34.50724334150103,331.875,21.122988,0.7304069
-34.50724334150103,333.75,21.116348,0.73037916
-34.50724334150103,335.625,21.268105,0.7427984
-34.50724334150103,337.5,21.175919,0.73926383
-34.50724334150103,339.375,21.134628,0.7361754
-34.50724334150103,341.25,21.363419,0.74057287
-34.50724334150103,343.125,21.471113,0.774129
-34.50724334150103,345.0,21.312128,0.8219486
-34.50724334150103,346.875,21.164043,0.8336305
-34.50724334150103,348.75,21.110157,0.808547
-34.50724334150103,350.625,21.003906,0.7776624
-34.50724334150103,352.5,20.764824,0.7825597
-34.50724334150103,354.375,20.748184,0.786029
-34.50724334150103,356.25,21.057579,0.75465536
-34.50724334150103,358.125,21.241386,0.70104104
-32.64199443851768,0.0,21.90916,0.62605184
-32.64199443851768,1.875,21.798534,0.59043705
-32.64199443851768,3.75,21.802011,0.5624226
-32.64199443851768,5.625,21.782578,0.49223766
-32.64199443851768,7.5,21.648008,0.42757097
-32.64199443851768,9.375,21.557364,0.39796913
-32.64199443851768,11.25,21.671114,0.3883632
-32.64199443851768,13.125,21.859413,0.40820107
-32.64199443851768,15.0,21.480606,0.60392004
-32.64199443851768,16.875,20.01969,0.8939607
-32.64199443851768,18.75,30.086973,1.227193
-32.64199443851768,20.625,28.215137,1.4715651
-32.64199443851768,22.5,25.767656,1.8968121
-32.64199443851768,24.375,23.58713,1.5911474
-32.64199443851768,26.25,22.017656,1.114983
-32.64199443851768,28.125,25.684864,0.4125735
-32.64199443851768,30.0,26.42502,0.4409309
-32.64199443851768,31.875,26.538086,0.5229276
-32.64199443851768,33.75,24.975195,0.81087404
-32.64199443851768,35.625,22.955547,0.83824706
-32.64199443851768,37.5,23.777597,0.706472
-32.64199443851768,39.375,24.391758,0.7705271
-32.64199443851768,41.25,24.028593,0.85304505
-32.64199443851768,43.125,23.255644,0.9157818
-32.64199443851768,45.0,23.004786,0.8706395
-32.64199443851768,46.875,23.36422,0.8211531
-32.64199443851768,48.75,23.566074,0.78239435
-32.64199443851768,50.625,23.760157,0.740542
-32.64199443851768,52.5,24.225548,0.753212
-32.64199443851768,54.375,24.182812,0.7978764
-32.64199443851768,56.25,23.675196,0.8655228
-32.64199443851768,58.125,23.220078,0.8620456
-32.64199443851768,60.0,23.104961,0.8414006
-32.64199443851768,61.875,22.958906,0.81888574
-32.64199443851768,63.75,22.609219,0.8081995
-32.64199443851768,65.625,22.403358,0.789466
-32.64199443851768,67.5,22.453184,0.7627435
-32.64199443851768,69.375,22.504063,0.74418515
-32.64199443851768,71.25,22.36664,0.7366707
-32.64199443851768,73.125,22.111835,0.75540286
-32.64199443851768,75.0,21.815489,0.7596386
-32.64199443851768,76.875,21.536055,0.734492
-32.64199443851768,78.75,21.361778,0.74645525
-32.64199443851768,80.625,21.2208,0.7875733
-32.64199443851768,82.5,20.966347,0.8388183
-32.64199443851768,84.375,20.713573,0.8223051
-32.64199443851768,86.25,20.562872,0.7660287
-32.64199443851768,88.125,20.442188,0.75352865
-32.64199443851768,90.0,20.241701,0.7810687
-32.64199443851768,91.875,19.985664,0.7818215
-32.64199443851768,93.75,19.809319,0.7791139
-32.64199443851768,95.625,19.656036,0.7611379
-32.64199443851768,97.5,19.437737,0.7315252
-32.64199443851768,99.375,19.19879,0.67193997
-32.64199443851768,101.25,19.038244,0.61952996
-32.64199443851768,103.125,18.964376,0.5612516
-32.64199443851768,105.0,18.958517,0.6119162
-32.64199443851768,106.875,19.0759,0.7699514
-32.64199443851768,108.75,19.66672,0.78744954
-32.64199443851768,110.625,20.62547,0.61377645
-32.64199443851768,112.5,21.393496,0.6669701
-32.64199443851768,114.375,21.672989,0.7119944
-32.64199443851768,116.25,28.09375,2.012448
-32.64199443851768,118.125,27.503712,2.3749733
-32.64199443851768,120.0,26.94418,2.5104635
-32.64199443851768,121.875,26.40873,2.4543512
-32.64199443851768,123.75,26.283789,2.2136102
-32.64199443851768,125.625,25.730312,2.0145123
-32.64199443851768,127.5,20.776405,0.6309736
-32.64199443851768,129.375,21.002266,0.688759
-32.64199443851768,131.25,20.811953,0.7857788
-32.64199443851768,133.125,20.809414,0.854693
-32.64199443851768,135.0,30.045176,2.1862025
-32.64199443851768,136.875,30.815039,2.3105135
-32.64199443851768,138.75,31.226816,2.38592
-32.64199443851768,140.625,31.140137,2.4417589
-32.64199443851768,142.5,31.73123,2.5416312
-32.64199443851768,144.375,32.17707,2.7286685
-32.64199443851768,146.25,30.467344,2.6720471
-32.64199443851768,148.125,28.184864,2.7528207
-32.64199443851768,150.0,25.569082,2.39582
-32.64199443851768,151.875,24.181856,1.7619693
-32.64199443851768,153.75,25.168983,0.6087819
-32.64199443851768,155.625,24.728046,0.67711145
-32.64199443851768,157.5,23.601387,0.73656213
-32.64199443851768,159.375,22.75045,0.7260259
-32.64199443851768,161.25,22.643301,0.7120827
-32.64199443851768,163.125,22.715,0.68941504
-32.64199443851768,165.0,22.699942,0.6957959
-32.64199443851768,166.875,22.63459,0.69621277
-32.64199443851768,168.75,22.631094,0.7089155
-32.64199443851768,170.625,22.658087,0.7083644
-32.64199443851768,172.5,22.69043,0.6919434
-32.64199443851768,174.375,22.86332,0.66349757
-32.64199443851768,176.25,23.001621,0.64178896
-32.64199443851768,178.125,22.86668,0.630253
-32.64199443851768,180.0,22.716309,0.6308836
-32.64199443851768,181.875,22.639336,0.64017576
-32.64199443851768,183.75,22.624004,0.653108
-32.64199443851768,185.625,22.72578,0.65461653
-32.64199443851768,187.5,22.818691,0.65606344
-32.64199443851768,189.375,22.770702,0.6658294
-32.64199443851768,191.25,22.595177,0.6685004
-32.64199443851768,193.125,22.553144,0.6561093
-32.64199443851768,195.0,22.662891,0.6677987
-32.64199443851768,196.875,22.674921,0.7096824
-32.64199443851768,198.75,22.607422,0.7678497
-32.64199443851768,200.625,22.638477,0.81941336
-32.64199443851768,202.5,22.716913,0.8702589
-32.64199443851768,204.375,22.618399,0.9232754
-32.64199443851768,206.25,22.516523,0.93860596
-32.64199443851768,208.125,22.568886,0.9430997
-32.64199443851768,210.0,22.585371,0.95640635
-32.64199443851768,211.875,22.505312,0.9415996
-32.64199443851768,213.75,22.510254,0.91092604
-32.64199443851768,215.625,22.671465,0.9216502
-32.64199443851768,217.5,22.746914,0.95689714
-32.64199443851768,219.375,22.724747,0.95431817
-32.64199443851768,221.25,22.772793,0.95159125
-32.64199443851768,223.125,22.857306,0.9677616
-32.64199443851768,225.0,22.85037,0.98147744
-32.64199443851768,226.875,22.853497,0.9791235
-32.64199443851768,228.75,22.974297,0.9722535
-32.64199443851768,230.625,23.047401,0.95953035
-32.64199443851768,232.5,23.026993,0.9375115
-32.64199443851768,234.375,23.036465,0.9211727
-32.64199443851768,236.25,23.073828,0.9031003
-32.64199443851768,238.125,23.033926,0.87190384
-32.64199443851768,240.0,23.037266,0.8397596
-32.64199443851768,241.875,23.184473,0.82382303
-32.64199443851768,243.75,23.248476,0.7895983
-32.64199443851768,245.625,23.046465,0.7423171
-32.64199443851768,247.5,23.009941,0.70649457
-32.64199443851768,249.375,23.245703,0.6843477
-32.64199443851768,251.25,23.310293,0.687378
-32.64199443851768,253.125,22.90338,0.6977647
-32.64199443851768,255.0,22.721113,0.67858243
-32.64199443851768,256.875,23.015606,0.7032414
-32.64199443851768,258.75,23.090664,0.7272828
-32.64199443851768,260.625,22.617031,0.7041897
-32.64199443851768,262.5,22.380293,0.67248964
-32.64199443851768,264.375,22.5783,0.7210393
-32.64199443851768,266.25,22.407286,0.77908325
-32.64199443851768,268.125,21.82328,0.7558387
-32.64199443851768,270.0,21.695312,0.68371505
-32.64199443851768,271.875,21.85084,0.6800958
-32.64199443851768,273.75,21.504395,0.67901546
-32.64199443851768,275.625,20.96332,0.6387343
-32.64199443851768,277.5,20.426485,0.65994954
-32.64199443851768,279.375,19.327286,0.64677024
-32.64199443851768,281.25,18.389278,0.5678872
-32.64199443851768,283.125,18.1942,0.60478795
-32.64199443851768,285.0,18.550352,0.6050548
-32.64199443851768,286.875,18.027853,0.59929657
-32.64199443851768,288.75,24.64588,1.0115287
-32.64199443851768,290.625,24.789688,1.0903723
-32.64199443851768,292.5,28.600351,1.6824524
-32.64199443851768,294.375,34.70176,1.8303847
-32.64199443851768,296.25,36.798183,1.7966255
-32.64199443851768,298.125,33.429142,2.4246986
-32.64199443851768,300.0,30.95082,2.4434817
-32.64199443851768,301.875,31.443691,2.252384
-32.64199443851768,303.75,28.337227,2.2919688
-32.64199443851768,305.625,24.443731,1.6485082
-32.64199443851768,307.5,25.160782,1.3503941
-32.64199443851768,309.375,25.368202,0.6003045
-32.64199443851768,311.25,25.215704,0.63251317
-32.64199443851768,313.125,24.422813,0.6455071
-32.64199443851768,315.0,23.72922,0.68074095
-32.64199443851768,316.875,23.415333,0.6988401
-32.64199443851768,318.75,22.932558,0.7039066
-32.64199443851768,320.625,22.765,0.71085984
-32.64199443851768,322.5,22.823164,0.7521877
-32.64199443851768,324.375,22.620762,0.7966038
-32.64199443851768,326.25,22.50422,0.79881316
-32.64199443851768,328.125,22.650723,0.79234385
-32.64199443851768,330.0,22.57379,0.7832757
-32.64199443851768,331.875,22.280157,0.7705322
-32.64199443851768,333.75,22.333946,0.7944301
-32.64199443851768,335.625,22.607363,0.7791094
-32.64199443851768,337.5,22.605938,0.73928416
-32.64199443851768,339.375,22.562716,0.7333229
-32.64199443851768,341.25,22.713184,0.70838064
-32.64199443851768,343.125,22.801504,0.71546656
-32.64199443851768,345.0,22.731407,0.74049306
-32.64199443851768,346.875,22.640509,0.790846
-32.64199443851768,348.75,22.514454,0.81877327
-32.64199443851768,350.625,22.301542,0.8239326
-32.64199443851768,352.5,22.07338,0.78349656
-32.64199443851768,354.375,22.010078,0.7443249
-32.64199443851768,356.25,22.052109,0.72619855
-32.64199443851768,358.125,22.018927,0.6880532
-30.77674406172325,0.0,22.665333,0.6179858
-30.77674406172325,1.875,22.463554,0.58435696
-30.77674406172325,3.75,22.37627,0.5343957
-30.77674406172325,5.625,22.22414,0.46423915
-30.77674406172325,7.5,22.006777,0.41907093
-30.77674406172325,9.375,21.958769,0.4055511
-30.77674406172325,11.25,21.991074,0.39691976
-30.77674406172325,13.125,21.836523,0.46984854
-30.77674406172325,15.0,21.118868,0.6519257
-30.77674406172325,16.875,20.200314,0.828264
-30.77674406172325,18.75,32.079376,1.3769262
-30.77674406172325,20.625,27.843496,2.3432877
-30.77674406172325,22.5,24.679571,2.9133883
-30.77674406172325,24.375,22.761328,2.5789106
-30.77674406172325,26.25,19.563751,1.7974478
-30.77674406172325,28.125,17.972305,0.9750348
-30.77674406172325,30.0,20.291174,0.73877466
-30.77674406172325,31.875,27.087597,0.45765084
-30.77674406172325,33.75,26.707148,0.6399405
-30.77674406172325,35.625,24.888184,0.83576494
-30.77674406172325,37.5,24.691015,0.70759255
-30.77674406172325,39.375,25.242891,0.6971609
-30.77674406172325,41.25,25.160078,0.72943044
-30.77674406172325,43.125,24.798183,0.71313304
-30.77674406172325,45.0,24.852968,0.65765464
-30.77674406172325,46.875,25.05541,0.64885664
-30.77674406172325,48.75,24.943243,0.68645823
-30.77674406172325,50.625,24.79916,0.69113547
-30.77674406172325,52.5,25.088848,0.67674536
-30.77674406172325,54.375,25.102304,0.7222532
-30.77674406172325,56.25,24.539883,0.7910658
-30.77674406172325,58.125,24.097168,0.7618741
-30.77674406172325,60.0,24.073008,0.73499954
-30.77674406172325,61.875,23.985996,0.7475656
-30.77674406172325,63.75,23.70711,0.77834
-30.77674406172325,65.625,23.530214,0.777681
-30.77674406172325,67.5,23.527813,0.76214164
-30.77674406172325,69.375,23.444551,0.75593174
-30.77674406172325,71.25,23.233126,0.7760412
-30.77674406172325,73.125,23.010157,0.79955953
-30.77674406172325,75.0,22.77586,0.8312799
-30.77674406172325,76.875,22.490917,0.86144805
-30.77674406172325,78.75,22.283653,0.88112646
-30.77674406172325,80.625,22.137598,0.8846566
-30.77674406172325,82.5,21.949863,0.8849564
-30.77674406172325,84.375,21.742481,0.8691825
-30.77674406172325,86.25,21.460976,0.84853584
-30.77674406172325,88.125,21.18586,0.8280365
-30.77674406172325,90.0,20.91953,0.8124618
-30.77674406172325,91.875,20.64623,0.78448766
-30.77674406172325,93.75,20.441252,0.771203
-30.77674406172325,95.625,20.24377,0.7478777
-30.77674406172325,97.5,19.949944,0.7125097
-30.77674406172325,99.375,19.702461,0.6662002
-30.77674406172325,101.25,19.599922,0.6455362
-30.77674406172325,103.125,19.650314,0.673248
-30.77674406172325,105.0,19.95588,0.79172903
-30.77674406172325,106.875,20.431252,0.87265277
-30.77674406172325,108.75,21.153847,0.83831704
-30.77674406172325,110.625,21.896074,0.74247843
-30.77674406172325,112.5,22.498281,0.80691594
-30.77674406172325,114.375,22.693066,0.9611449
-30.77674406172325,116.25,31.07668,2.3991864
-30.77674406172325,118.125,30.317987,2.7809467
-30.77674406172325,120.0,29.131758,2.9725604
-30.77674406172325,121.875,28.556778,2.8094976
-30.77674406172325,123.75,28.82123,2.6287234
-30.77674406172325,125.625,28.989843,2.4377625
-30.77674406172325,127.5,28.952734,2.2810524
-30.77674406172325,129.375,29.257696,2.2644067
-30.77674406172325,131.25,30.302011,2.2665792
-30.77674406172325,133.125,31.920801,2.286215
-30.77674406172325,135.0,32.62209,2.352587
-30.77674406172325,136.875,32.540096,2.3644848
-30.77674406172325,138.75,32.650604,2.4184039
-30.77674406172325,140.625,31.574648,2.421049
-30.77674406172325,142.5,32.150604,2.6957273
-30.77674406172325,144.375,33.113964,2.8353581
-30.77674406172325,146.25,32.51617,2.7138555
-30.77674406172325,148.125,30.216036,2.756787
-30.77674406172325,150.0,26.40877,2.4807572
-30.77674406172325,151.875,24.150097,1.8548298
-30.77674406172325,153.75,25.543789,0.61877865
-30.77674406172325,155.625,25.04961,0.7000665
-30.77674406172325,157.5,24.08047,0.76947635
-30.77674406172325,159.375,23.646465,0.6974219
-30.77674406172325,161.25,23.68002,0.68409526
-30.77674406172325,163.125,23.728945,0.7223001
-30.77674406172325,165.0,23.632597,0.71771985
-30.77674406172325,166.875,23.531973,0.6860966
-30.77674406172325,168.75,23.58539,0.68556577
-30.77674406172325,170.625,23.642813,0.6895189
-30.77674406172325,172.5,23.572735,0.6656869
-30.77674406172325,174.375,23.597363,0.65009904
-30.77674406172325,176.25,23.560684,0.65495795
-30.77674406172325,178.125,23.40631,0.6377345
-30.77674406172325,180.0,23.453379,0.62884814
-30.77674406172325,181.875,23.678028,0.6478421
-30.77674406172325,183.75,23.852734,0.66774184
-30.77674406172325,185.625,23.823126,0.68759286
-30.77674406172325,187.5,23.725605,0.6874739
-30.77674406172325,189.375,23.647442,0.6873033
-30.77674406172325,191.25,23.633184,0.68515414
-30.77674406172325,193.125,23.64748,0.679025
-30.77674406172325,195.0,23.715683,0.6884897
-30.77674406172325,196.875,23.797539,0.7349907
-30.77674406172325,198.75,23.777306,0.7938988
-30.77674406172325,200.625,23.739042,0.84620315
-30.77674406172325,202.5,23.738535,0.88697654
-30.77674406172325,204.375,23.70869,0.9128882
-30.77674406172325,206.25,23.683456,0.90663224
-30.77674406172325,208.125,23.770195,0.88860035
-30.77674406172325,210.0,23.794706,0.8867936
-30.77674406172325,211.875,23.711075,0.8952824
-30.77674406172325,213.75,23.65174,0.8921256
-30.77674406172325,215.625,23.689297,0.89627993
-30.77674406172325,217.5,23.674942,0.89971495
-30.77674406172325,219.375,23.663261,0.8779733
-30.77674406172325,221.25,23.765938,0.86016977
-30.77674406172325,223.125,23.894337,0.8634695
-30.77674406172325,225.0,23.946953,0.86549747
-30.77674406172325,226.875,23.941015,0.85151404
-30.77674406172325,228.75,23.954784,0.83076394
-30.77674406172325,230.625,23.935371,0.7961463
-30.77674406172325,232.5,23.965117,0.77531344
-30.77674406172325,234.375,24.11535,0.7763952
-30.77674406172325,236.25,24.22746,0.7787088
-30.77674406172325,238.125,24.15578,0.7731942
-30.77674406172325,240.0,24.0725,0.74290246
-30.77674406172325,241.875,24.14164,0.716318
-30.77674406172325,243.75,24.249706,0.69921035
-30.77674406172325,245.625,24.169981,0.6761151
-30.77674406172325,247.5,24.070782,0.65087503
-30.77674406172325,249.375,24.111444,0.6395297
-30.77674406172325,251.25,24.189669,0.6338312
-30.77674406172325,253.125,24.018417,0.6415593
-30.77674406172325,255.0,23.807245,0.6679582
-30.77674406172325,256.875,23.778652,0.69496477
-30.77674406172325,258.75,23.718966,0.69245094
-30.77674406172325,260.625,23.35539,0.6847277
-30.77674406172325,262.5,23.283613,0.6872536
-30.77674406172325,264.375,23.442774,0.71795815
-30.77674406172325,266.25,23.198652,0.72731775
-30.77674406172325,268.125,22.61123,0.6525684
-30.77674406172325,270.0,22.542421,0.6366677
-30.77674406172325,271.875,22.621954,0.7065798
-30.77674406172325,273.75,21.762714,0.7463347
-30.77674406172325,275.625,20.899843,0.6346069
-30.77674406172325,277.5,20.5258,0.6032019
-30.77674406172325,279.375,20.096838,0.6223704
-30.77674406172325,281.25,19.117834,0.5633573
-30.77674406172325,283.125,18.68256,0.50745064
-30.77674406172325,285.0,18.836428,0.51901066
-30.77674406172325,286.875,18.453615,0.5617532
-30.77674406172325,288.75,24.890059,0.9062163
-30.77674406172325,290.625,24.959805,1.1601917
-30.77674406172325,292.5,27.186914,1.8018441
-30.77674406172325,294.375,35.36871,1.7809703
-30.77674406172325,296.25,39.01955,1.7231892
-30.77674406172325,298.125,34.08988,2.4462342
-30.77674406172325,300.0,30.025156,2.7473822
-30.77674406172325,301.875,31.049726,2.5125961
-30.77674406172325,303.75,29.415333,2.1674523
-30.77674406172325,305.625,24.011738,0.99282604
-30.77674406172325,307.5,23.406895,0.91895944
-30.77674406172325,309.375,25.583302,0.6389944
-30.77674406172325,311.25,25.390762,0.6835802
-30.77674406172325,313.125,25.560879,0.6678522
-30.77674406172325,315.0,24.741661,0.75861424
-30.77674406172325,316.875,24.218105,0.77063775
-30.77674406172325,318.75,23.871954,0.8118905
-30.77674406172325,320.625,23.874628,0.83254397
-30.77674406172325,322.5,23.956797,0.84971654
-30.77674406172325,324.375,23.61418,0.8393671
-30.77674406172325,326.25,23.387657,0.8066959
-30.77674406172325,328.125,23.60041,0.7960796
-30.77674406172325,330.0,23.618555,0.8002923
-30.77674406172325,331.875,23.412304,0.81641376
-30.77674406172325,333.75,23.44879,0.81500596
-30.77674406172325,335.625,23.7008,0.80898285
-30.77674406172325,337.5,23.720177,0.79353076
-30.77674406172325,339.375,23.71875,0.78885025
-30.77674406172325,341.25,23.826777,0.7567107
-30.77674406172325,343.125,23.838926,0.7361051
-30.77674406172325,345.0,23.79791,0.73621595
-30.77674406172325,346.875,23.788008,0.74188536
-30.77674406172325,348.75,23.6542,0.7747124
-30.77674406172325,350.625,23.448965,0.80268043
-30.77674406172325,352.5,23.260078,0.7768602
-30.77674406172325,354.375,23.055292,0.7431749
-30.77674406172325,356.25,22.899376,0.6937187
-30.77674406172325,358.125,22.800331,0.6640805
-28.91149236871774,0.0,23.183125,0.5671029
-28.91149236871774,1.875,22.88963,0.5327429
-28.91149236871774,3.75,22.710644,0.46428397
-28.91149236871774,5.625,22.566368,0.42117703
-28.91149236871774,7.5,22.354942,0.40709177
-28.91149236871774,9.375,22.236094,0.42159417
-28.91149236871774,11.25,21.77797,0.49476138
-28.91149236871774,13.125,20.839903,0.70486
-28.91149236871774,15.0,20.06336,0.9603583
-28.91149236871774,16.875,31.21707,1.3406103
-28.91149236871774,18.75,32.074318,1.6473588
-28.91149236871774,20.625,28.16035,3.1830165
-28.91149236871774,22.5,24.843613,3.3328676
-28.91149236871774,24.375,23.992266,3.1912317
-28.91149236871774,26.25,19.860607,2.2199638
-28.91149236871774,28.125,16.68707,1.0180387
-28.91149236871774,30.0,17.617756,0.74086463
-28.91149236871774,31.875,22.57791,0.8037595
-28.91149236871774,33.75,27.38625,0.5690418
-28.91149236871774,35.625,26.292852,0.7253521
-28.91149236871774,37.5,25.907618,0.6830438
-28.91149236871774,39.375,26.148457,0.63586956
-28.91149236871774,41.25,26.20248,0.60682654
-28.91149236871774,43.125,26.069649,0.5571053
-28.91149236871774,45.0,26.044493,0.5309395
-28.91149236871774,46.875,26.020742,0.52475315
-28.91149236871774,48.75,25.841015,0.5474217
-28.91149236871774,50.625,25.58672,0.5992722
-28.91149236871774,52.5,25.708868,0.62207353
-28.91149236871774,54.375,25.679356,0.64971256
-28.91149236871774,56.25,25.163086,0.6972069
-28.91149236871774,58.125,24.769669,0.6794861
-28.91149236871774,60.0,24.780878,0.6788325
-28.91149236871774,61.875,24.722363,0.684015
-28.91149236871774,63.75,24.524473,0.7009867
-28.91149236871774,65.625,24.37039,0.70973873
-28.91149236871774,67.5,24.257362,0.7152941
-28.91149236871774,69.375,24.067871,0.71796954
-28.91149236871774,71.25,23.81541,0.7413017
-28.91149236871774,73.125,23.559433,0.7781211
-28.91149236871774,75.0,23.262245,0.8092969
-28.91149236871774,76.875,22.976015,0.82999754
-28.91149236871774,78.75,22.813438,0.82902044
-28.91149236871774,80.625,22.665722,0.81174964
-28.91149236871774,82.5,22.422226,0.8319946
-28.91149236871774,84.375,22.104023,0.8437074
-28.91149236871774,86.25,21.823418,0.8208235
-28.91149236871774,88.125,21.662363,0.78726405
-28.91149236871774,90.0,21.539082,0.7542146
-28.91149236871774,91.875,21.36172,0.74131083
-28.91149236871774,93.75,21.1933,0.7413045
-28.91149236871774,95.625,20.943125,0.7503434
-28.91149236871774,97.5,20.647226,0.7410441
-28.91149236871774,99.375,20.48953,0.71859664
-28.91149236871774,101.25,20.545547,0.69847524
-28.91149236871774,103.125,20.83293,0.6924927
-28.91149236871774,105.0,21.275547,0.6883537
-28.91149236871774,106.875,21.826075,0.75141466
-28.91149236871774,108.75,22.555548,0.7772933
-28.91149236871774,110.625,23.283907,0.8974483
-28.91149236871774,112.5,23.825352,1.0158131
-28.91149236871774,114.375,23.984863,0.98048115
-28.91149236871774,116.25,33.37465,2.6108837
-28.91149236871774,118.125,32.232285,2.979049
-28.91149236871774,120.0,30.664745,3.0555892
-28.91149236871774,121.875,30.360235,2.969264
-28.91149236871774,123.75,30.61211,2.8107533
-28.91149236871774,125.625,31.286427,2.5941975
-28.91149236871774,127.5,31.633867,2.403885
-28.91149236871774,129.375,31.539375,2.371439
-28.91149236871774,131.25,32.268204,2.45008
-28.91149236871774,133.125,33.366913,2.4754283
-28.91149236871774,135.0,33.886738,2.460432
-28.91149236871774,136.875,34.117188,2.4595594
-28.91149236871774,138.75,34.2032,2.352438
-28.91149236871774,140.625,33.876053,2.5479474
-28.91149236871774,142.5,33.31029,2.8411295
-28.91149236871774,144.375,33.343185,3.0334349
-28.91149236871774,146.25,32.706543,2.8068817
-28.91149236871774,148.125,30.808613,2.622389
-28.91149236871774,150.0,27.316954,2.4044187
-28.91149236871774,151.875,24.46916,1.6343673
-28.91149236871774,153.75,26.128769,0.62375796
-28.91149236871774,155.625,25.621426,0.6942208
-28.91149236871774,157.5,24.775078,0.70355713
-28.91149236871774,159.375,24.616405,0.6867256
-28.91149236871774,161.25,24.810253,0.72307384
-28.91149236871774,163.125,24.943613,0.7218763
-28.91149236871774,165.0,24.862774,0.70072037
-28.91149236871774,166.875,24.693516,0.6891083
-28.91149236871774,168.75,24.6559,0.6844895
-28.91149236871774,170.625,24.667364,0.67905736
-28.91149236871774,172.5,24.599493,0.6548911
-28.91149236871774,174.375,24.576015,0.63764304
-28.91149236871774,176.25,24.669493,0.631127
-28.91149236871774,178.125,24.761192,0.61873895
-28.91149236871774,180.0,24.866074,0.61689407
-28.91149236871774,181.875,24.97836,0.62304
-28.91149236871774,183.75,25.006407,0.65326375
-28.91149236871774,185.625,24.82793,0.6849067
-28.91149236871774,187.5,24.673906,0.68798393
-28.91149236871774,189.375,24.709414,0.6693983
-28.91149236871774,191.25,24.784552,0.6533493
-28.91149236871774,193.125,24.819141,0.65974504
-28.91149236871774,195.0,24.80506,0.6845967
-28.91149236871774,196.875,24.788202,0.7282397
-28.91149236871774,198.75,24.746914,0.77901596
-28.91149236871774,200.625,24.736347,0.8095282
-28.91149236871774,202.5,24.744062,0.8190154
-28.91149236871774,204.375,24.754063,0.8195982
-28.91149236871774,206.25,24.72543,0.8190104
-28.91149236871774,208.125,24.698868,0.8206454
-28.91149236871774,210.0,24.673965,0.8071807
-28.91149236871774,211.875,24.65707,0.7885
-28.91149236871774,213.75,24.663164,0.76880467
-28.91149236871774,215.625,24.68586,0.7623417
-28.91149236871774,217.5,24.671425,0.75826275
-28.91149236871774,219.375,24.611563,0.75041956
-28.91149236871774,221.25,24.64377,0.72975755
-28.91149236871774,223.125,24.70916,0.7092199
-28.91149236871774,225.0,24.745977,0.6891865
-28.91149236871774,226.875,24.81127,0.6829842
-28.91149236871774,228.75,24.890781,0.6849395
-28.91149236871774,230.625,24.88203,0.6818286
-28.91149236871774,232.5,24.838398,0.682701
-28.91149236871774,234.375,24.856152,0.68372023
-28.91149236871774,236.25,24.885723,0.66827655
-28.91149236871774,238.125,24.8884,0.6613991
-28.91149236871774,240.0,24.886543,0.64196366
-28.91149236871774,241.875,24.859219,0.6203957
-28.91149236871774,243.75,24.862968,0.6168507
-28.91149236871774,245.625,24.965704,0.6105334
-28.91149236871774,247.5,24.894043,0.6169121
-28.91149236871774,249.375,24.59873,0.65267944
-28.91149236871774,251.25,24.434492,0.6405114
-28.91149236871774,253.125,24.520136,0.6340562
-28.91149236871774,255.0,24.350664,0.6573434
-28.91149236871774,256.875,24.033087,0.666967
-28.91149236871774,258.75,23.99625,0.65505034
-28.91149236871774,260.625,23.927362,0.68031955
-28.91149236871774,262.5,23.689629,0.6954787
-28.91149236871774,264.375,23.544981,0.6475994
-28.91149236871774,266.25,23.405098,0.607254
-28.91149236871774,268.125,22.989805,0.6127842
-28.91149236871774,270.0,22.706055,0.6500449
-28.91149236871774,271.875,22.535645,0.68330544
-28.91149236871774,273.75,21.682383,0.6705233
-28.91149236871774,275.625,21.063126,0.5856053
-28.91149236871774,277.5,20.922852,0.5777014
-28.91149236871774,279.375,20.639961,0.5901506
-28.91149236871774,281.25,19.4309,0.49359322
-28.91149236871774,283.125,18.844397,0.4517756
-28.91149236871774,285.0,18.99092,0.4825695
-28.91149236871774,286.875,18.969006,0.49646288
-28.91149236871774,288.75,24.905176,0.8473962
-28.91149236871774,290.625,22.712187,1.1876103
-28.91149236871774,292.5,22.709063,1.884773
-28.91149236871774,294.375,28.22541,2.1989474
-28.91149236871774,296.25,38.61447,1.7669631
-28.91149236871774,298.125,35.768204,2.3045661
-28.91149236871774,300.0,29.619043,2.8709216
-28.91149236871774,301.875,29.959082,2.5646718
-28.91149236871774,303.75,28.39379,2.2584047
-28.91149236871774,305.625,23.64836,0.73557943
-28.91149236871774,307.5,21.53998,0.759368
-28.91149236871774,309.375,22.571815,0.8599619
-28.91149236871774,311.25,25.587929,0.69098985
-28.91149236871774,313.125,26.321856,0.70490855
-28.91149236871774,315.0,26.192656,0.73325443
-28.91149236871774,316.875,25.474531,0.7812828
-28.91149236871774,318.75,24.87375,0.7609132
-28.91149236871774,320.625,24.871056,0.7582415
-28.91149236871774,322.5,25.025059,0.80915576
-28.91149236871774,324.375,24.71832,0.8331091
-28.91149236871774,326.25,24.463417,0.78095657
-28.91149236871774,328.125,24.692286,0.7409938
-28.91149236871774,330.0,24.808907,0.7253359
-28.91149236871774,331.875,24.674376,0.74042565
-28.91149236871774,333.75,24.709257,0.7684722
-28.91149236871774,335.625,24.778261,0.7727328
-28.91149236871774,337.5,24.659023,0.76545537
-28.91149236871774,339.375,24.612598,0.74859816
-28.91149236871774,341.25,24.680527,0.73875105
-28.91149236871774,343.125,24.564062,0.72719836
-28.91149236871774,345.0,24.432636,0.7143328
-28.91149236871774,346.875,24.40297,0.70151424
-28.91149236871774,348.75,24.23123,0.71594447
-28.91149236871774,350.625,24.019081,0.73423046
-28.91149236871774,352.5,23.899961,0.7097568
-28.91149236871774,354.375,23.718966,0.6775768
-28.91149236871774,356.25,23.480703,0.6206417
-28.91149236871774,358.125,23.362461,0.5923235
-27.04623949994481,0.0,23.428633,0.5160059
-27.04623949994481,1.875,23.013866,0.46160805
-27.04623949994481,3.75,22.760448,0.42455038
-27.04623949994481,5.625,22.567032,0.4468312
-27.04623949994481,7.5,22.156895,0.48803002
-27.04623949994481,9.375,21.576094,0.5457486
-27.04623949994481,11.25,21.027578,0.768875
-27.04623949994481,13.125,21.052578,1.3204386
-27.04623949994481,15.0,21.179472,1.8056461
-27.04623949994481,16.875,30.150156,1.498926
-27.04623949994481,18.75,28.398378,2.5997193
-27.04623949994481,20.625,25.750977,3.2200263
-27.04623949994481,22.5,25.621777,3.4376929
-27.04623949994481,24.375,25.584063,3.448494
-27.04623949994481,26.25,21.800312,2.654688
-27.04623949994481,28.125,17.467638,1.0386535
-27.04623949994481,30.0,17.515099,0.7789194
-27.04623949994481,31.875,21.768652,0.81072146
-27.04623949994481,33.75,27.66834,0.57318246
-27.04623949994481,35.625,27.298477,0.67058545
-27.04623949994481,37.5,26.88172,0.6231993
-27.04623949994481,39.375,26.87127,0.6111347
-27.04623949994481,41.25,27.029102,0.63515043
-27.04623949994481,43.125,27.070839,0.6378702
-27.04623949994481,45.0,26.793438,0.6508531
-27.04623949994481,46.875,26.521797,0.5643797
-27.04623949994481,48.75,26.650898,0.5165615
-27.04623949994481,50.625,26.428614,0.5590215
-27.04623949994481,52.5,26.18164,0.60235333
-27.04623949994481,54.375,26.03705,0.58850324
-27.04623949994481,56.25,25.823946,0.60851645
-27.04623949994481,58.125,25.608086,0.58901924
-27.04623949994481,60.0,25.491796,0.6046777
-27.04623949994481,61.875,25.348047,0.6101813
-27.04623949994481,63.75,25.188477,0.6121384
-27.04623949994481,65.625,25.013477,0.6170244
-27.04623949994481,67.5,24.809355,0.62877995
-27.04623949994481,69.375,24.598946,0.6627687
-27.04623949994481,71.25,24.385958,0.7350029
-27.04623949994481,73.125,24.17672,0.7692329
-27.04623949994481,75.0,24.015312,0.7592711
-27.04623949994481,76.875,23.925274,0.76217973
-27.04623949994481,78.75,23.830605,0.75005835
-27.04623949994481,80.625,23.624336,0.72119415
-27.04623949994481,82.5,23.327227,0.73084295
-27.04623949994481,84.375,22.937695,0.74953365
-27.04623949994481,86.25,22.667051,0.731591
-27.04623949994481,88.125,22.58127,0.6938655
-27.04623949994481,90.0,22.472284,0.6650463
-27.04623949994481,91.875,22.275156,0.6625533
-27.04623949994481,93.75,22.12453,0.6782785
-27.04623949994481,95.625,21.922148,0.6544133
-27.04623949994481,97.5,21.675919,0.6288542
-27.04623949994481,99.375,21.548574,0.57757485
-27.04623949994481,101.25,21.641308,0.5415878
-27.04623949994481,103.125,21.97875,0.60962045
-27.04623949994481,105.0,22.449003,0.6843443
-27.04623949994481,106.875,23.132969,0.7726733
-27.04623949994481,108.75,24.066465,0.804713
-27.04623949994481,110.625,25.02625,1.0130355
-27.04623949994481,112.5,25.571875,1.3528441
-27.04623949994481,114.375,33.795235,2.0222285
-27.04623949994481,116.25,34.10959,2.8193138
-27.04623949994481,118.125,32.429882,3.316756
-27.04623949994481,120.0,31.65707,3.254019
-27.04623949994481,121.875,31.523203,3.1006873
-27.04623949994481,123.75,31.790878,2.9408617
-27.04623949994481,125.625,32.28461,3.015371
-27.04623949994481,127.5,32.28346,2.954796
-27.04623949994481,129.375,31.712421,2.898154
-27.04623949994481,131.25,32.05543,2.801046
-27.04623949994481,133.125,33.3199,2.717251
-27.04623949994481,135.0,34.353127,2.6588526
-27.04623949994481,136.875,34.89699,2.4397151
-27.04623949994481,138.75,35.524357,2.4681964
-27.04623949994481,140.625,35.46793,2.74659
-27.04623949994481,142.5,33.818615,3.0350907
-27.04623949994481,144.375,32.376877,3.056376
-27.04623949994481,146.25,31.197538,2.6760955
-27.04623949994481,148.125,29.832031,2.440058
-27.04623949994481,150.0,27.815157,2.242293
-27.04623949994481,151.875,25.81416,1.5827
-27.04623949994481,153.75,26.668829,0.6147319
-27.04623949994481,155.625,26.176777,0.68145055
-27.04623949994481,157.5,25.632305,0.65239376
-27.04623949994481,159.375,25.580488,0.65487325
-27.04623949994481,161.25,25.788105,0.6581991
-27.04623949994481,163.125,25.878477,0.6344796
-27.04623949994481,165.0,25.854805,0.6199732
-27.04623949994481,166.875,25.721796,0.61695063
-27.04623949994481,168.75,25.672714,0.62553424
-27.04623949994481,170.625,25.677208,0.611333
-27.04623949994481,172.5,25.672031,0.5789692
-27.04623949994481,174.375,25.657852,0.55217564
-27.04623949994481,176.25,25.735878,0.54190457
-27.04623949994481,178.125,25.835997,0.54128724
-27.04623949994481,180.0,25.816563,0.5569075
-27.04623949994481,181.875,25.713417,0.58152086
-27.04623949994481,183.75,25.617382,0.61219954
-27.04623949994481,185.625,25.528809,0.63929564
-27.04623949994481,187.5,25.463984,0.6459322
-27.04623949994481,189.375,25.547304,0.64120066
-27.04623949994481,191.25,25.651016,0.6425244
-27.04623949994481,193.125,25.652891,0.6603249
-27.04623949994481,195.0,25.629726,0.6944044
-27.04623949994481,196.875,25.640547,0.72437286
-27.04623949994481,198.75,25.587753,0.7519525
-27.04623949994481,200.625,25.55957,0.76894045
-27.04623949994481,202.5,25.597052,0.7708307
-27.04623949994481,204.375,25.578028,0.75940317
-27.04623949994481,206.25,25.50422,0.7365035
-27.04623949994481,208.125,25.45039,0.71818703
-27.04623949994481,210.0,25.38412,0.705582
-27.04623949994481,211.875,25.350605,0.6802225
-27.04623949994481,213.75,25.40836,0.65495276
-27.04623949994481,215.625,25.467812,0.64209694
-27.04623949994481,217.5,25.464434,0.62924975
-27.04623949994481,219.375,25.488907,0.59960115
-27.04623949994481,221.25,25.531015,0.5763324
-27.04623949994481,223.125,25.454746,0.5732074
-27.04623949994481,225.0,25.402695,0.585774
-27.04623949994481,226.875,25.459335,0.59191287
-27.04623949994481,228.75,25.517422,0.6011217
-27.04623949994481,230.625,25.481993,0.59657055
-27.04623949994481,232.5,25.507421,0.5893998
-27.04623949994481,234.375,25.486485,0.5875883
-27.04623949994481,236.25,25.339453,0.5874645
-27.04623949994481,238.125,25.347773,0.59178495
-27.04623949994481,240.0,25.465958,0.5900719
-27.04623949994481,241.875,25.28043,0.6019447
-27.04623949994481,243.75,25.018887,0.6048222
-27.04623949994481,245.625,25.140118,0.5907884
-27.04623949994481,247.5,25.139864,0.6064386
-27.04623949994481,249.375,24.672989,0.62329054
-27.04623949994481,251.25,24.565098,0.60180736
-27.04623949994481,253.125,24.80461,0.6062665
-27.04623949994481,255.0,24.566368,0.62607676
-27.04623949994481,256.875,24.200508,0.6073453
-27.04623949994481,258.75,24.291153,0.5951153
-27.04623949994481,260.625,24.396582,0.6297639
-27.04623949994481,262.5,23.919453,0.62928635
-27.04623949994481,264.375,23.468046,0.5314582
-27.04623949994481,266.25,23.405762,0.5385181
-27.04623949994481,268.125,23.055079,0.60400915
-27.04623949994481,270.0,22.383047,0.5713758
-27.04623949994481,271.875,22.103907,0.54526156
-27.04623949994481,273.75,21.643633,0.58638525
-27.04623949994481,275.625,20.96627,0.589664
-27.04623949994481,277.5,20.618536,0.54489034
-27.04623949994481,279.375,20.21047,0.46144044
-27.04623949994481,281.25,19.50547,0.39490202
-27.04623949994481,283.125,19.278557,0.4282027
-27.04623949994481,285.0,19.659904,0.45612088
-27.04623949994481,286.875,20.319845,0.39831612
-27.04623949994481,288.75,20.109903,0.3734282
-27.04623949994481,290.625,20.069845,1.1238111
-27.04623949994481,292.5,16.080372,1.7052073
-27.04623949994481,294.375,18.614025,1.2905262
-27.04623949994481,296.25,34.11795,1.8894907
-27.04623949994481,298.125,37.07527,2.0424607
-27.04623949994481,300.0,29.105898,2.4513674
-27.04623949994481,301.875,27.883984,2.1425767
-27.04623949994481,303.75,27.687344,1.7360657
-27.04623949994481,305.625,23.770176,0.7141891
-27.04623949994481,307.5,20.560663,0.7230422
-27.04623949994481,309.375,20.581797,0.78513914
-27.04623949994481,311.25,22.365332,0.74262273
-27.04623949994481,313.125,26.73709,0.74876964
-27.04623949994481,315.0,26.897148,0.7153167
-27.04623949994481,316.875,26.496367,0.71238726
-27.04623949994481,318.75,25.88414,0.68016875
-27.04623949994481,320.625,25.75918,0.67563117
-27.04623949994481,322.5,25.8383,0.6695701
-27.04623949994481,324.375,25.691387,0.6824591
-27.04623949994481,326.25,25.629395,0.67670757
-27.04623949994481,328.125,25.793184,0.6755538
-27.04623949994481,330.0,25.741114,0.65555036
-27.04623949994481,331.875,25.606993,0.6673853
-27.04623949994481,333.75,25.793886,0.7056232
-27.04623949994481,335.625,25.878847,0.6942796
-27.04623949994481,337.5,25.648731,0.65984863
-27.04623949994481,339.375,25.638262,0.6344753
-27.04623949994481,341.25,25.691933,0.65880334
-27.04623949994481,343.125,25.367325,0.6647542
-27.04623949994481,345.0,25.146074,0.63930637
-27.04623949994481,346.875,25.166466,0.6306323
-27.04623949994481,348.75,24.86668,0.6417126
-27.04623949994481,350.625,24.551504,0.6146659
-27.04623949994481,352.5,24.500078,0.58465165
-27.04623949994481,354.375,24.25912,0.56182426
-27.04623949994481,356.25,23.91498,0.52989733
-27.04623949994481,358.125,23.744902,0.5250634
-25.180985581270594,0.0,23.62547,0.44806913
-25.180985581270594,1.875,23.14162,0.4347807
-25.180985581270594,3.75,22.891445,0.45776233
-25.180985581270594,5.625,22.61131,0.49827754
-25.180985581270594,7.5,21.994003,0.54203725
-25.180985581270594,9.375,21.439003,0.6678622
-25.180985581270594,11.25,21.590216,0.9189724
-25.180985581270594,13.125,23.273046,1.2480475
-25.180985581270594,15.0,24.448614,1.6296608
-25.180985581270594,16.875,27.11588,2.8126152
-25.180985581270594,18.75,24.18377,2.9363534
-25.180985581270594,20.625,23.383905,2.4339914
-25.180985581270594,22.5,23.974766,2.622219
-25.180985581270594,24.375,23.755547,2.647007
-25.180985581270594,26.25,21.976328,2.3743725
-25.180985581270594,28.125,20.39338,1.6515695
-25.180985581270594,30.0,20.792402,1.1516244
-25.180985581270594,31.875,24.416914,1.0516046
-25.180985581270594,33.75,27.931934,0.55723214
-25.180985581270594,35.625,27.982538,0.6674579
-25.180985581270594,37.5,27.417597,0.648384
-25.180985581270594,39.375,27.34164,0.59955204
-25.180985581270594,41.25,27.944374,0.5955736
-25.180985581270594,43.125,28.516054,0.560125
-25.180985581270594,45.0,25.9059,1.2472423
-25.180985581270594,46.875,25.440702,1.0015055
-25.180985581270594,48.75,26.994003,0.54116535
-25.180985581270594,50.625,26.968145,0.5469204
-25.180985581270594,52.5,26.476309,0.5552105
-25.180985581270594,54.375,26.348848,0.54400504
-25.180985581270594,56.25,26.391758,0.5622971
-25.180985581270594,58.125,26.298124,0.5590968
-25.180985581270594,60.0,26.053905,0.58293664
-25.180985581270594,61.875,25.84797,0.58389086
-25.180985581270594,63.75,25.762129,0.5737121
-25.180985581270594,65.625,25.603926,0.5958759
-25.180985581270594,67.5,25.35457,0.63428205
-25.180985581270594,69.375,25.175722,0.663741
-25.180985581270594,71.25,25.038536,0.7062727
-25.180985581270594,73.125,24.858301,0.7207673
-25.180985581270594,75.0,24.718555,0.6924613
-25.180985581270594,76.875,24.632421,0.675069
-25.180985581270594,78.75,24.449257,0.66907305
-25.180985581270594,80.625,24.173653,0.6485075
-25.180985581270594,82.5,23.973516,0.649639
-25.180985581270594,84.375,23.779491,0.667014
-25.180985581270594,86.25,23.570312,0.66178274
-25.180985581270594,88.125,23.446367,0.60893035
-25.180985581270594,90.0,23.298243,0.5856453
-25.180985581270594,91.875,23.121056,0.60440993
-25.180985581270594,93.75,22.991505,0.6046889
-25.180985581270594,95.625,22.759531,0.58592576
-25.180985581270594,97.5,22.459335,0.56443536
-25.180985581270594,99.375,22.354317,0.52682215
-25.180985581270594,101.25,22.515274,0.536315
-25.180985581270594,103.125,22.845098,0.6155943
-25.180985581270594,105.0,23.248009,0.7324713
-25.180985581270594,106.875,23.9692,0.84501344
-25.180985581270594,108.75,25.021856,0.8628316
-25.180985581270594,110.625,26.21877,0.93367755
-25.180985581270594,112.5,27.257343,1.26739
-25.180985581270594,114.375,33.944412,2.5009527
-25.180985581270594,116.25,33.261993,3.4285579
-25.180985581270594,118.125,31.049122,3.5759177
-25.180985581270594,120.0,31.170605,3.4059198
-25.180985581270594,121.875,31.830996,3.252454
-25.180985581270594,123.75,32.09871,3.0469878
-25.180985581270594,125.625,32.3943,3.1165583
-25.180985581270594,127.5,32.37244,2.9630232
-25.180985581270594,129.375,32.018536,3.0966697
-25.180985581270594,131.25,31.865547,3.0708926
-25.180985581270594,133.125,32.661484,2.8756588
-25.180985581270594,135.0,33.713966,2.5442376
-25.180985581270594,136.875,34.269943,2.6120617
-25.180985581270594,138.75,34.050606,2.924896
-25.180985581270594,140.625,33.966328,3.1251903
-25.180985581270594,142.5,33.00168,3.1326358
-25.180985581270594,144.375,31.775274,3.061731
-25.180985581270594,146.25,29.906485,2.6368692
-25.180985581270594,148.125,28.761133,2.3174362
-25.180985581270594,150.0,27.901894,1.9379957
-25.180985581270594,151.875,27.318497,1.1631262
-25.180985581270594,153.75,27.046602,0.6141631
-25.180985581270594,155.625,26.619434,0.6616775
-25.180985581270594,157.5,26.311934,0.6141188
-25.180985581270594,159.375,26.462969,0.6252555
-25.180985581270594,161.25,26.653614,0.6419083
-25.180985581270594,163.125,26.553185,0.62189966
-25.180985581270594,165.0,26.409863,0.60071254
-25.180985581270594,166.875,26.348047,0.6105165
-25.180985581270594,168.75,26.4241,0.6180718
-25.180985581270594,170.625,26.54043,0.5827513
-25.180985581270594,172.5,26.540956,0.54609543
-25.180985581270594,174.375,26.472988,0.51103145
-25.180985581270594,176.25,26.431074,0.50016904
-25.180985581270594,178.125,26.435663,0.5108779
-25.180985581270594,180.0,26.372637,0.5277852
-25.180985581270594,181.875,26.286562,0.54010296
-25.180985581270594,183.75,26.262617,0.55605173
-25.180985581270594,185.625,26.301035,0.57801485
-25.180985581270594,187.5,26.364883,0.60325176
-25.180985581270594,189.375,26.413418,0.6120556
-25.180985581270594,191.25,26.398321,0.6178047
-25.180985581270594,193.125,26.367071,0.6270035
-25.180985581270594,195.0,26.35752,0.6434468
-25.180985581270594,196.875,26.362442,0.6733444
-25.180985581270594,198.75,26.33504,0.7035649
-25.180985581270594,200.625,26.310196,0.7036261
-25.180985581270594,202.5,26.341114,0.6747957
-25.180985581270594,204.375,26.309473,0.6440203
-25.180985581270594,206.25,26.232891,0.6199459
-25.180985581270594,208.125,26.220762,0.605315
-25.180985581270594,210.0,26.188711,0.60774946
-25.180985581270594,211.875,26.105371,0.6083677
-25.180985581270594,213.75,26.108906,0.56940293
-25.180985581270594,215.625,26.1133,0.532827
-25.180985581270594,217.5,26.032402,0.5090678
-25.180985581270594,219.375,26.035059,0.48250794
-25.180985581270594,221.25,26.107128,0.47809878
-25.180985581270594,223.125,26.013222,0.496916
-25.180985581270594,225.0,25.969004,0.52406573
-25.180985581270594,226.875,26.00373,0.52047485
-25.180985581270594,228.75,25.89002,0.5085869
-25.180985581270594,230.625,25.778711,0.50278085
-25.180985581270594,232.5,25.928185,0.5008282
-25.180985581270594,234.375,25.881191,0.50745595
-25.180985581270594,236.25,25.596699,0.5227295
-25.180985581270594,238.125,25.575918,0.5223141
-25.180985581270594,240.0,25.747753,0.52216285
-25.180985581270594,241.875,25.420038,0.536369
-25.180985581270594,243.75,25.054218,0.5329022
-25.180985581270594,245.625,25.192656,0.5286046
-25.180985581270594,247.5,25.284374,0.52902156
-25.180985581270594,249.375,24.954395,0.52624553
-25.180985581270594,251.25,24.897148,0.5308949
-25.180985581270594,253.125,24.987831,0.54435736
-25.180985581270594,255.0,24.75879,0.5467701
-25.180985581270594,256.875,24.3967,0.5210094
-25.180985581270594,258.75,24.338495,0.4967962
-25.180985581270594,260.625,24.355137,0.49148473
-25.180985581270594,262.5,23.866055,0.5071255
-25.180985581270594,264.375,23.456934,0.4833449
-25.180985581270594,266.25,23.456816,0.50893366
-25.180985581270594,268.125,23.120155,0.5548587
-25.180985581270594,270.0,22.248964,0.48874927
-25.180985581270594,271.875,21.951406,0.47741023
-25.180985581270594,273.75,21.567364,0.53211623
-25.180985581270594,275.625,20.776114,0.5067887
-25.180985581270594,277.5,20.472618,0.41381514
-25.180985581270594,279.375,20.634941,0.3726031
-25.180985581270594,281.25,20.733183,0.38241094
-25.180985581270594,283.125,20.730644,0.42239156
-25.180985581270594,285.0,20.55709,0.4911278
-25.180985581270594,286.875,20.435802,0.4389531
-25.180985581270594,288.75,20.327208,0.39604032
-25.180985581270594,290.625,20.084375,1.0267556
-25.180985581270594,292.5,12.938341,1.7695533
-25.180985581270594,294.375,13.8794155,0.7288682
-25.180985581270594,296.25,28.055079,2.0962777
-25.180985581270594,298.125,37.65201,1.6946017
-25.180985581270594,300.0,28.479551,1.7167138
-25.180985581270594,301.875,25.523476,1.0694987
-25.180985581270594,303.75,26.409784,1.1630818
-25.180985581270594,305.625,24.188887,0.58892304
-25.180985581270594,307.5,21.39414,0.66132224
-25.180985581270594,309.375,20.929472,0.7230436
-25.180985581270594,311.25,22.007696,0.7243218
-25.180985581270594,313.125,23.589922,0.70347947
-25.180985581270594,315.0,26.912382,0.75101256
-25.180985581270594,316.875,26.792286,0.66121197
-25.180985581270594,318.75,26.744745,0.5928186
-25.180985581270594,320.625,26.743202,0.58474666
-25.180985581270594,322.5,26.571133,0.597716
-25.180985581270594,324.375,26.27295,0.60847336
-25.180985581270594,326.25,26.317461,0.60471416
-25.180985581270594,328.125,26.562168,0.59851104
-25.180985581270594,330.0,26.370274,0.5791857
-25.180985581270594,331.875,26.139044,0.58394575
-25.180985581270594,333.75,26.404219,0.61786646
-25.180985581270594,335.625,26.484707,0.60349435
-25.180985581270594,337.5,26.136602,0.57898164
-25.180985581270594,339.375,26.154238,0.5649978
-25.180985581270594,341.25,26.212265,0.58709514
-25.180985581270594,343.125,25.749962,0.5981989
-25.180985581270594,345.0,25.558985,0.5644659
-25.180985581270594,346.875,25.674667,0.56985897
-25.180985581270594,348.75,25.278906,0.5843528
-25.180985581270594,350.625,24.902441,0.5253847
-25.180985581270594,352.5,24.929493,0.50192547
-25.180985581270594,354.375,24.598438,0.48556927
-25.180985581270594,356.25,24.173634,0.45788175
-25.180985581270594,358.125,23.991993,0.4566994
-23.31573072614093,0.0,23.82461,0.43691283
-23.31573072614093,1.875,23.368671,0.46107158
-23.31573072614093,3.75,23.212402,0.48821336
-23.31573072614093,5.625,23.05248,0.5365527
-23.31573072614093,7.5,22.57625,0.5984909
-23.31573072614093,9.375,22.508282,0.8746639
-23.31573072614093,11.25,23.478125,1.2681489
-23.31573072614093,13.125,25.191856,1.2145723
-23.31573072614093,15.0,26.446836,1.6935343
-23.31573072614093,16.875,24.244648,2.8557506
-23.31573072614093,18.75,21.808105,1.9832823
-23.31573072614093,20.625,22.986015,1.9173431
-23.31573072614093,22.5,23.785118,2.241846
-23.31573072614093,24.375,22.63418,2.0359435
-23.31573072614093,26.25,22.050098,1.7849065
-23.31573072614093,28.125,23.43295,1.8359334
-23.31573072614093,30.0,25.335938,1.6520647
-23.31573072614093,31.875,27.360214,1.4053158
-23.31573072614093,33.75,29.396563,1.1304938
-23.31573072614093,35.625,28.739492,0.6117081
-23.31573072614093,37.5,27.939356,0.6394838
-23.31573072614093,39.375,27.741327,0.5604845
-23.31573072614093,41.25,28.57039,0.5449284
-23.31573072614093,43.125,29.073223,0.5134221
-23.31573072614093,45.0,24.652382,1.4165828
-23.31573072614093,46.875,23.275352,0.9185007
-23.31573072614093,48.75,26.912422,0.53134775
-23.31573072614093,50.625,27.567461,0.5182792
-23.31573072614093,52.5,27.181913,0.5385117
-23.31573072614093,54.375,26.785215,0.5463137
-23.31573072614093,56.25,26.672735,0.5626344
-23.31573072614093,58.125,26.689356,0.5622947
-23.31573072614093,60.0,26.481173,0.5699826
-23.31573072614093,61.875,26.28252,0.5674072
-23.31573072614093,63.75,26.2366,0.56775796
-23.31573072614093,65.625,26.092598,0.6103182
-23.31573072614093,67.5,25.822617,0.643327
-23.31573072614093,69.375,25.67672,0.62818545
-23.31573072614093,71.25,25.57959,0.6310589
-23.31573072614093,73.125,25.391151,0.6449842
-23.31573072614093,75.0,25.210312,0.61671454
-23.31573072614093,76.875,25.127031,0.5844625
-23.31573072614093,78.75,24.931562,0.56364644
-23.31573072614093,80.625,24.64578,0.5586656
-23.31573072614093,82.5,24.549942,0.57180977
-23.31573072614093,84.375,24.482306,0.60467035
-23.31573072614093,86.25,24.299063,0.62121445
-23.31573072614093,88.125,24.187616,0.5779264
-23.31573072614093,90.0,24.153204,0.5629393
-23.31573072614093,91.875,24.05375,0.5639617
-23.31573072614093,93.75,23.842579,0.55790776
-23.31573072614093,95.625,23.505058,0.54139847
-23.31573072614093,97.5,23.236094,0.54440695
-23.31573072614093,99.375,23.267597,0.54923075
-23.31573072614093,101.25,23.541933,0.55333483
-23.31573072614093,103.125,23.901543,0.6274147
-23.31573072614093,105.0,24.33914,0.77542746
-23.31573072614093,106.875,25.098007,0.8973142
-23.31573072614093,108.75,26.159727,0.9461387
-23.31573072614093,110.625,27.239708,0.9560447
-23.31573072614093,112.5,28.460058,1.0303346
-23.31573072614093,114.375,32.41506,2.7378564
-23.31573072614093,116.25,31.637657,3.333488
-23.31573072614093,118.125,30.520058,3.3523135
-23.31573072614093,120.0,30.474707,3.2278378
-23.31573072614093,121.875,30.97754,3.2728906
-23.31573072614093,123.75,31.717148,3.452236
-23.31573072614093,125.625,32.248123,3.3861165
-23.31573072614093,127.5,32.594902,3.0130444
-23.31573072614093,129.375,31.74496,3.1868916
-23.31573072614093,131.25,30.669102,3.0434155
-23.31573072614093,133.125,31.022852,3.1119096
-23.31573072614093,135.0,32.40285,2.9252162
-23.31573072614093,136.875,32.403732,2.7948647
-23.31573072614093,138.75,32.00551,3.2460184
-23.31573072614093,140.625,31.66498,3.4221056
-23.31573072614093,142.5,31.907246,3.2228806
-23.31573072614093,144.375,31.209063,2.8598568
-23.31573072614093,146.25,29.493925,2.51661
-23.31573072614093,148.125,28.67914,2.1218247
-23.31573072614093,150.0,28.474277,1.4323745
-23.31573072614093,151.875,27.52252,0.5763594
-23.31573072614093,153.75,27.503027,0.5948382
-23.31573072614093,155.625,27.01371,0.59097195
-23.31573072614093,157.5,26.852226,0.56558704
-23.31573072614093,159.375,27.182579,0.59076875
-23.31573072614093,161.25,27.27295,0.6189067
-23.31573072614093,163.125,27.049433,0.60250217
-23.31573072614093,165.0,26.938282,0.5693718
-23.31573072614093,166.875,27.058966,0.56572825
-23.31573072614093,168.75,27.156816,0.5559813
-23.31573072614093,170.625,27.180958,0.53051883
-23.31573072614093,172.5,27.178476,0.50502205
-23.31573072614093,174.375,27.13045,0.49370834
-23.31573072614093,176.25,27.10002,0.4958903
-23.31573072614093,178.125,27.157696,0.4909061
-23.31573072614093,180.0,27.161465,0.48782516
-23.31573072614093,181.875,27.130177,0.48996314
-23.31573072614093,183.75,27.168085,0.50697327
-23.31573072614093,185.625,27.18834,0.5464175
-23.31573072614093,187.5,27.160664,0.5687759
-23.31573072614093,189.375,27.178457,0.5657881
-23.31573072614093,191.25,27.194824,0.5832422
-23.31573072614093,193.125,27.124453,0.600103
-23.31573072614093,195.0,27.122753,0.6074184
-23.31573072614093,196.875,27.12955,0.61801654
-23.31573072614093,198.75,27.067734,0.607876
-23.31573072614093,200.625,27.055683,0.56138617
-23.31573072614093,202.5,27.076056,0.5289725
-23.31573072614093,204.375,26.998125,0.52265364
-23.31573072614093,206.25,26.961836,0.5170423
-23.31573072614093,208.125,27.00414,0.52202916
-23.31573072614093,210.0,26.94834,0.5427771
-23.31573072614093,211.875,26.860214,0.53605914
-23.31573072614093,213.75,26.878534,0.48995546
-23.31573072614093,215.625,26.842636,0.439396
-23.31573072614093,217.5,26.702168,0.4177059
-23.31573072614093,219.375,26.67422,0.40975198
-23.31573072614093,221.25,26.691778,0.42965028
-23.31573072614093,223.125,26.610802,0.4309025
-23.31573072614093,225.0,26.618261,0.42891362
-23.31573072614093,226.875,26.675997,0.42386326
-23.31573072614093,228.75,26.520977,0.42251328
-23.31573072614093,230.625,26.34088,0.42282227
-23.31573072614093,232.5,26.447227,0.43096915
-23.31573072614093,234.375,26.43084,0.438081
-23.31573072614093,236.25,26.10834,0.43695226
-23.31573072614093,238.125,25.96086,0.42234966
-23.31573072614093,240.0,26.008867,0.42891523
-23.31573072614093,241.875,25.877676,0.43237567
-23.31573072614093,243.75,25.650372,0.4418578
-23.31573072614093,245.625,25.509903,0.47267014
-23.31573072614093,247.5,25.426035,0.48239252
-23.31573072614093,249.375,25.271212,0.49286294
-23.31573072614093,251.25,25.09826,0.5010419
-23.31573072614093,253.125,24.87414,0.47943878
-23.31573072614093,255.0,24.755997,0.45966285
-23.31573072614093,256.875,24.594532,0.4777946
-23.31573072614093,258.75,24.233204,0.47967204
-23.31573072614093,260.625,24.013887,0.45034873
-23.31573072614093,262.5,23.739784,0.47199577
-23.31573072614093,264.375,23.318848,0.46104166
-23.31573072614093,266.25,23.138027,0.44010472
-23.31573072614093,268.125,22.884218,0.45697117
-23.31573072614093,270.0,22.229454,0.43518633
-23.31573072614093,271.875,21.95002,0.4278486
-23.31573072614093,273.75,21.754805,0.42304406
-23.31573072614093,275.625,21.19756,0.3907333
-23.31573072614093,277.5,21.095331,0.34281987
-23.31573072614093,279.375,21.753124,0.32431123
-23.31573072614093,281.25,22.748848,0.34290075
-23.31573072614093,283.125,22.782871,0.37457737
-23.31573072614093,285.0,21.758476,0.5286084
-23.31573072614093,286.875,20.409845,0.46716085
-23.31573072614093,288.75,20.222794,0.45922503
-23.31573072614093,290.625,21.380117,1.0907199
-23.31573072614093,292.5,11.869552,1.6141897
-23.31573072614093,294.375,11.837794,0.5388034
-23.31573072614093,296.25,23.564804,1.1737972
-23.31573072614093,298.125,37.26123,1.7027596
-23.31573072614093,300.0,28.382929,1.4325211
-23.31573072614093,301.875,25.064259,0.628338
-23.31573072614093,303.75,25.398125,0.7273729
-23.31573072614093,305.625,24.929903,0.54129803
-23.31573072614093,307.5,23.177734,0.6299772
-23.31573072614093,309.375,22.726347,0.6531859
-23.31573072614093,311.25,22.440449,0.68285185
-23.31573072614093,313.125,21.897734,0.69027084
-23.31573072614093,315.0,22.780254,0.7758895
-23.31573072614093,316.875,26.773165,0.64792895
-23.31573072614093,318.75,26.984629,0.5610596
-23.31573072614093,320.625,27.37125,0.5246921
-23.31573072614093,322.5,27.276308,0.53395045
-23.31573072614093,324.375,26.875977,0.5380876
-23.31573072614093,326.25,26.8534,0.53485245
-23.31573072614093,328.125,27.132286,0.53728807
-23.31573072614093,330.0,26.92328,0.5166455
-23.31573072614093,331.875,26.68037,0.52383906
-23.31573072614093,333.75,26.944395,0.56254506
-23.31573072614093,335.625,26.938887,0.54700226
-23.31573072614093,337.5,26.465254,0.5279216
-23.31573072614093,339.375,26.500664,0.5191024
-23.31573072614093,341.25,26.48625,0.5252602
-23.31573072614093,343.125,25.94664,0.51679903
-23.31573072614093,345.0,25.812891,0.48607656
-23.31573072614093,346.875,25.814024,0.50161517
-23.31573072614093,348.75,25.342579,0.5016458
-23.31573072614093,350.625,25.089336,0.45094654
-23.31573072614093,352.5,25.134415,0.44031745
-23.31573072614093,354.375,24.718224,0.44294086
-23.31573072614093,356.25,24.31461,0.41694635
-23.31573072614093,358.125,24.145605,0.42742014
-21.450475037398185,0.0,24.053595,0.47579142
-21.450475037398185,1.875,23.673477,0.4917314
-21.450475037398185,3.75,23.608925,0.5194602
-21.450475037398185,5.625,23.70791,0.63076884
-21.450475037398185,7.5,23.805235,0.8330635
-21.450475037398185,9.375,24.480919,1.19072
-21.450475037398185,11.25,25.623106,1.3148869
-21.450475037398185,13.125,26.543398,1.1541127
-21.450475037398185,15.0,24.811289,2.0199707
-21.450475037398185,16.875,21.305332,1.68481
-21.450475037398185,18.75,20.550508,0.99962705
-21.450475037398185,20.625,22.745918,1.61947
-21.450475037398185,22.5,24.009394,1.87917
-21.450475037398185,24.375,23.21209,1.6648759
-21.450475037398185,26.25,23.14209,1.7288752
-21.450475037398185,28.125,24.12545,1.707826
-21.450475037398185,30.0,23.500273,1.4736093
-21.450475037398185,31.875,24.042637,1.2771991
-21.450475037398185,33.75,27.251484,1.4130241
-21.450475037398185,35.625,29.388203,0.5525038
-21.450475037398185,37.5,28.381699,0.5823177
-21.450475037398185,39.375,28.286133,0.56407535
-21.450475037398185,41.25,29.073847,0.57865876
-21.450475037398185,43.125,29.498262,0.5087743
-21.450475037398185,45.0,23.161777,0.96553755
-21.450475037398185,46.875,21.457989,0.6181476
-21.450475037398185,48.75,26.761503,0.51581025
-21.450475037398185,50.625,27.929707,0.52566546
-21.450475037398185,52.5,27.887207,0.54014975
-21.450475037398185,54.375,27.175137,0.55009556
-21.450475037398185,56.25,26.955019,0.52966267
-21.450475037398185,58.125,27.054512,0.53448766
-21.450475037398185,60.0,26.871641,0.5569534
-21.450475037398185,61.875,26.623926,0.5696591
-21.450475037398185,63.75,26.58545,0.57160497
-21.450475037398185,65.625,26.46332,0.5934219
-21.450475037398185,67.5,26.247734,0.58566016
-21.450475037398185,69.375,26.195253,0.5397211
-21.450475037398185,71.25,26.196602,0.5246835
-21.450475037398185,73.125,26.027988,0.52316517
-21.450475037398185,75.0,25.8633,0.494169
-21.450475037398185,76.875,25.812462,0.47879696
-21.450475037398185,78.75,25.661171,0.49382648
-21.450475037398185,80.625,25.414238,0.49144083
-21.450475037398185,82.5,25.329296,0.50715286
-21.450475037398185,84.375,25.266191,0.55725443
-21.450475037398185,86.25,25.083242,0.60043895
-21.450475037398185,88.125,24.986074,0.5751975
-21.450475037398185,90.0,24.968534,0.5555187
-21.450475037398185,91.875,24.806719,0.54861253
-21.450475037398185,93.75,24.497227,0.5691557
-21.450475037398185,95.625,24.181368,0.573402
-21.450475037398185,97.5,24.033848,0.57949317
-21.450475037398185,99.375,24.096582,0.5665237
-21.450475037398185,101.25,24.353575,0.56124395
-21.450475037398185,103.125,24.772793,0.59875685
-21.450475037398185,105.0,25.325703,0.7006599
-21.450475037398185,106.875,26.09457,0.7897205
-21.450475037398185,108.75,27.007305,0.83905023
-21.450475037398185,110.625,27.840448,0.8161192
-21.450475037398185,112.5,28.90832,0.7466459
-21.450475037398185,114.375,30.031288,0.65144056
-21.450475037398185,116.25,30.54918,2.548486
-21.450475037398185,118.125,30.07004,2.5795236
-21.450475037398185,120.0,29.748379,2.5126326
-21.450475037398185,121.875,29.813026,2.7737787
-21.450475037398185,123.75,30.600958,2.971668
-21.450475037398185,125.625,31.10998,2.917715
-21.450475037398185,127.5,31.196016,3.130292
-21.450475037398185,129.375,30.46414,3.1650355
-21.450475037398185,131.25,29.615625,3.0772777
-21.450475037398185,133.125,29.69746,3.1159744
-21.450475037398185,135.0,30.894337,2.880946
-21.450475037398185,136.875,31.39295,3.0841699
-21.450475037398185,138.75,30.810253,3.302316
-21.450475037398185,140.625,30.233164,3.159938
-21.450475037398185,142.5,29.742188,2.8500686
-21.450475037398185,144.375,29.067774,2.616036
-21.450475037398185,146.25,28.6758,2.1760516
-21.450475037398185,148.125,28.447071,1.7393326
-21.450475037398185,150.0,27.98336,0.599928
-21.450475037398185,151.875,27.854687,0.5548313
-21.450475037398185,153.75,27.856855,0.57515067
-21.450475037398185,155.625,27.627714,0.56025106
-21.450475037398185,157.5,27.52334,0.5509124
-21.450475037398185,159.375,27.737442,0.5762436
-21.450475037398185,161.25,27.799746,0.5654139
-21.450475037398185,163.125,27.623262,0.51653826
-21.450475037398185,165.0,27.597305,0.47638002
-21.450475037398185,166.875,27.71412,0.47841418
-21.450475037398185,168.75,27.737656,0.4761618
-21.450475037398185,170.625,27.715391,0.47762832
-21.450475037398185,172.5,27.765078,0.4846732
-21.450475037398185,174.375,27.782696,0.49162507
-21.450475037398185,176.25,27.801329,0.47517624
-21.450475037398185,178.125,27.835077,0.45442405
-21.450475037398185,180.0,27.852755,0.44230387
-21.450475037398185,181.875,27.84293,0.4526476
-21.450475037398185,183.75,27.831055,0.4906172
-21.450475037398185,185.625,27.788399,0.5155397
-21.450475037398185,187.5,27.790722,0.5197057
-21.450475037398185,189.375,27.870762,0.5435384
-21.450475037398185,191.25,27.915977,0.5669748
-21.450475037398185,193.125,27.852636,0.5762661
-21.450475037398185,195.0,27.822071,0.56095856
-21.450475037398185,196.875,27.827734,0.53649706
-21.450475037398185,198.75,27.820215,0.49404818
-21.450475037398185,200.625,27.813887,0.471762
-21.450475037398185,202.5,27.801191,0.46841222
-21.450475037398185,204.375,27.693066,0.48134843
-21.450475037398185,206.25,27.572382,0.4941018
-21.450475037398185,208.125,27.573769,0.4901889
-21.450475037398185,210.0,27.535372,0.47702345
-21.450475037398185,211.875,27.475136,0.4662247
-21.450475037398185,213.75,27.52334,0.44430354
-21.450475037398185,215.625,27.535995,0.428397
-21.450475037398185,217.5,27.378925,0.4209109
-21.450475037398185,219.375,27.348692,0.41531923
-21.450475037398185,221.25,27.358692,0.42207518
-21.450475037398185,223.125,27.221191,0.4315644
-21.450475037398185,225.0,27.125526,0.42458433
-21.450475037398185,226.875,27.208887,0.4231319
-21.450475037398185,228.75,27.122108,0.4269411
-21.450475037398185,230.625,26.916153,0.42093867
-21.450475037398185,232.5,26.848906,0.41866493
-21.450475037398185,234.375,26.80918,0.420807
-21.450475037398185,236.25,26.656347,0.4094263
-21.450475037398185,238.125,26.47912,0.4180765
-21.450475037398185,240.0,26.234747,0.43971607
-21.450475037398185,241.875,26.11832,0.4149203
-21.450475037398185,243.75,26.105782,0.42167062
-21.450475037398185,245.625,25.833302,0.46724114
-21.450475037398185,247.5,25.484882,0.44956866
-21.450475037398185,249.375,25.479551,0.4396008
-21.450475037398185,251.25,25.394747,0.4835363
-21.450475037398185,253.125,24.94662,0.48376212
-21.450475037398185,255.0,24.815489,0.4423049
-21.450475037398185,256.875,24.83416,0.48284107
-21.450475037398185,258.75,24.286562,0.49008346
-21.450475037398185,260.625,23.94422,0.4153063
-21.450475037398185,262.5,23.92584,0.42669252
-21.450475037398185,264.375,23.445175,0.42010558
-21.450475037398185,266.25,22.953594,0.36043313
-21.450475037398185,268.125,22.8525,0.35512626
-21.450475037398185,270.0,22.646387,0.3715918
-21.450475037398185,271.875,22.356993,0.36052215
-21.450475037398185,273.75,22.395977,0.35254174
-21.450475037398185,275.625,22.524473,0.36243558
-21.450475037398185,277.5,22.385332,0.3397228
-21.450475037398185,279.375,22.652441,0.31616527
-21.450475037398185,281.25,23.538359,0.29518828
-21.450475037398185,283.125,23.763788,0.3503121
-21.450475037398185,285.0,23.210625,0.5566784
-21.450475037398185,286.875,21.38832,0.5261707
-21.450475037398185,288.75,20.743437,0.4743559
-21.450475037398185,290.625,20.647207,1.3596083
-21.450475037398185,292.5,9.701583,1.240235
-21.450475037398185,294.375,10.226485,0.5341708
-21.450475037398185,296.25,20.904238,0.5832616
-21.450475037398185,298.125,33.35779,1.8474418
-21.450475037398185,300.0,27.479336,1.0498513
-21.450475037398185,301.875,25.342989,0.5147099
-21.450475037398185,303.75,25.423555,0.5233857
-21.450475037398185,305.625,24.793419,0.49621168
-21.450475037398185,307.5,23.947187,0.53678286
-21.450475037398185,309.375,24.262558,0.57566565
-21.450475037398185,311.25,23.103926,0.5625232
-21.450475037398185,313.125,20.790878,0.5958468
-21.450475037398185,315.0,20.636816,0.62956285
-21.450475037398185,316.875,22.150742,0.61061877
-21.450475037398185,318.75,24.262383,0.6812714
-21.450475037398185,320.625,27.672247,0.47187716
-21.450475037398185,322.5,27.77582,0.47893322
-21.450475037398185,324.375,27.27412,0.46275285
-21.450475037398185,326.25,27.17879,0.47007573
-21.450475037398185,328.125,27.445274,0.48898986
-21.450475037398185,330.0,27.318321,0.5044695
-21.450475037398185,331.875,27.106895,0.5153569
-21.450475037398185,333.75,27.310488,0.519502
-21.450475037398185,335.625,27.202032,0.51680684
-21.450475037398185,337.5,26.734844,0.49806556
-21.450475037398185,339.375,26.78797,0.48484316
-21.450475037398185,341.25,26.667637,0.48163512
-21.450475037398185,343.125,26.152266,0.4589233
-21.450475037398185,345.0,26.074532,0.4379109
-21.450475037398185,346.875,26.01795,0.43910578
-21.450475037398185,348.75,25.518028,0.43503296
-21.450475037398185,350.625,25.326094,0.41404393
-21.450475037398185,352.5,25.315176,0.4307411
-21.450475037398185,354.375,24.933516,0.43557376
-21.450475037398185,356.25,24.554747,0.41262063
-21.450475037398185,358.125,24.38377,0.44332823
-19.58521860882233,0.0,24.59332,0.5360764
-19.58521860882233,1.875,24.462461,0.57300335
-19.58521860882233,3.75,24.570196,0.641608
-19.58521860882233,5.625,24.818907,0.78125954
-19.58521860882233,7.5,25.520176,0.97817415
-19.58521860882233,9.375,26.845938,1.1674379
-19.58521860882233,11.25,27.565235,1.1436534
-19.58521860882233,13.125,24.939356,1.4447979
-19.58521860882233,15.0,22.573204,1.833294
-19.58521860882233,16.875,20.682188,0.8932545
-19.58521860882233,18.75,20.689707,0.7208367
-19.58521860882233,20.625,21.864746,1.1035426
-19.58521860882233,22.5,23.065468,1.3279599
-19.58521860882233,24.375,23.481308,1.3113116
-19.58521860882233,26.25,23.606993,1.2837067
-19.58521860882233,28.125,22.552832,1.2491895
-19.58521860882233,30.0,20.717247,1.0333905
-19.58521860882233,31.875,20.759941,0.968447
-19.58521860882233,33.75,24.27037,1.2214679
-19.58521860882233,35.625,27.62295,1.3539298
-19.58521860882233,37.5,28.946308,0.516028
-19.58521860882233,39.375,28.701485,0.5323522
-19.58521860882233,41.25,29.259512,0.57532775
-19.58521860882233,43.125,29.738497,0.53887945
-19.58521860882233,45.0,23.52418,0.82743585
-19.58521860882233,46.875,21.403183,0.5760981
-19.58521860882233,48.75,26.87166,0.5230094
-19.58521860882233,50.625,27.928085,0.53280324
-19.58521860882233,52.5,28.05836,0.5717812
-19.58521860882233,54.375,27.392109,0.52987146
-19.58521860882233,56.25,27.299316,0.51827663
-19.58521860882233,58.125,27.4392,0.5450328
-19.58521860882233,60.0,27.256172,0.5480265
-19.58521860882233,61.875,27.060331,0.5367097
-19.58521860882233,63.75,27.076172,0.5072201
-19.58521860882233,65.625,27.003145,0.4971728
-19.58521860882233,67.5,26.82215,0.47414437
-19.58521860882233,69.375,26.804766,0.45156148
-19.58521860882233,71.25,26.83504,0.4478443
-19.58521860882233,73.125,26.695625,0.44266573
-19.58521860882233,75.0,26.579824,0.4222154
-19.58521860882233,76.875,26.55963,0.4163114
-19.58521860882233,78.75,26.46541,0.42214796
-19.58521860882233,80.625,26.314747,0.42865092
-19.58521860882233,82.5,26.239765,0.45381713
-19.58521860882233,84.375,26.159355,0.4900217
-19.58521860882233,86.25,26.009825,0.51347107
-19.58521860882233,88.125,25.884493,0.5079533
-19.58521860882233,90.0,25.747696,0.500823
-19.58521860882233,91.875,25.471642,0.5129717
-19.58521860882233,93.75,25.212421,0.5796194
-19.58521860882233,95.625,25.09791,0.6030709
-19.58521860882233,97.5,25.028515,0.6000863
-19.58521860882233,99.375,24.966347,0.59460723
-19.58521860882233,101.25,25.046621,0.6113558
-19.58521860882233,103.125,25.382011,0.6255994
-19.58521860882233,105.0,25.87746,0.6501939
-19.58521860882233,106.875,26.52705,0.70310426
-19.58521860882233,108.75,27.296074,0.74123037
-19.58521860882233,110.625,27.960546,0.73271865
-19.58521860882233,112.5,28.65373,0.7159832
-19.58521860882233,114.375,29.520977,0.67178315
-19.58521860882233,116.25,30.052656,0.65795434
-19.58521860882233,118.125,30.308594,0.56633854
-19.58521860882233,120.0,30.623886,0.5741101
-19.58521860882233,121.875,29.211231,1.7410771
-19.58521860882233,123.75,29.59037,2.3001435
-19.58521860882233,125.625,28.744102,2.3208282
-19.58521860882233,127.5,28.707792,2.5072176
-19.58521860882233,129.375,29.713223,2.8567789
-19.58521860882233,131.25,30.103985,2.7957103
-19.58521860882233,133.125,30.162676,2.6993036
-19.58521860882233,135.0,29.87172,2.8816922
-19.58521860882233,136.875,29.930605,2.9695551
-19.58521860882233,138.75,29.45787,2.88959
-19.58521860882233,140.625,28.604355,2.5992324
-19.58521860882233,142.5,27.94756,2.1069915
-19.58521860882233,144.375,26.898106,2.1255548
-19.58521860882233,146.25,27.527168,2.0086424
-19.58521860882233,148.125,28.196583,1.4732094
-19.58521860882233,150.0,28.250175,0.61101294
-19.58521860882233,151.875,28.018848,0.5833793
-19.58521860882233,153.75,28.211563,0.5738408
-19.58521860882233,155.625,28.221016,0.5926893
-19.58521860882233,157.5,28.119942,0.5676114
-19.58521860882233,159.375,28.247032,0.53255093
-19.58521860882233,161.25,28.383379,0.50538677
-19.58521860882233,163.125,28.278574,0.48296365
-19.58521860882233,165.0,28.264864,0.47867128
-19.58521860882233,166.875,28.336132,0.477436
-19.58521860882233,168.75,28.330938,0.47362176
-19.58521860882233,170.625,28.331797,0.4776391
-19.58521860882233,172.5,28.418066,0.47853923
-19.58521860882233,174.375,28.391407,0.47131956
-19.58521860882233,176.25,28.330782,0.45939103
-19.58521860882233,178.125,28.358126,0.4468271
-19.58521860882233,180.0,28.387323,0.4428302
-19.58521860882233,181.875,28.413515,0.4566554
-19.58521860882233,183.75,28.482872,0.4881996
-19.58521860882233,185.625,28.51877,0.5260885
-19.58521860882233,187.5,28.499863,0.5452491
-19.58521860882233,189.375,28.529747,0.56209576
-19.58521860882233,191.25,28.533964,0.57139957
-19.58521860882233,193.125,28.45828,0.5679218
-19.58521860882233,195.0,28.421837,0.539407
-19.58521860882233,196.875,28.46039,0.4904972
-19.58521860882233,198.75,28.40912,0.4725229
-19.58521860882233,200.625,28.360703,0.4622868
-19.58521860882233,202.5,28.370136,0.45742267
-19.58521860882233,204.375,28.306562,0.45601645
-19.58521860882233,206.25,28.185331,0.4414662
-19.58521860882233,208.125,28.173437,0.41992763
-19.58521860882233,210.0,28.15584,0.40943614
-19.58521860882233,211.875,28.047285,0.42301607
-19.58521860882233,213.75,28.017813,0.42375427
-19.58521860882233,215.625,28.018848,0.42793226
-19.58521860882233,217.5,27.889746,0.4159211
-19.58521860882233,219.375,27.82209,0.40365076
-19.58521860882233,221.25,27.837364,0.41190517
-19.58521860882233,223.125,27.713007,0.43543255
-19.58521860882233,225.0,27.514004,0.4370114
-19.58521860882233,226.875,27.468966,0.43332776
-19.58521860882233,228.75,27.446327,0.44286197
-19.58521860882233,230.625,27.333534,0.4386044
-19.58521860882233,232.5,27.19119,0.44931293
-19.58521860882233,234.375,26.986914,0.46482185
-19.58521860882233,236.25,26.886524,0.4500068
-19.58521860882233,238.125,26.84875,0.44245028
-19.58521860882233,240.0,26.518145,0.46649638
-19.58521860882233,241.875,26.211367,0.43511543
-19.58521860882233,243.75,26.331894,0.4156174
-19.58521860882233,245.625,26.16457,0.45835763
-19.58521860882233,247.5,25.76791,0.45318004
-19.58521860882233,249.375,25.757929,0.42737284
-19.58521860882233,251.25,25.765331,0.4679209
-19.58521860882233,253.125,25.207148,0.4813324
-19.58521860882233,255.0,25.009825,0.41859996
-19.58521860882233,256.875,25.068125,0.43688118
-19.58521860882233,258.75,24.468359,0.43675447
-19.58521860882233,260.625,24.194649,0.35304567
-19.58521860882233,262.5,24.318398,0.34766778
-19.58521860882233,264.375,23.924297,0.3507093
-19.58521860882233,266.25,23.355097,0.31565902
-19.58521860882233,268.125,23.436035,0.31444782
-19.58521860882233,270.0,23.557734,0.32699254
-19.58521860882233,271.875,23.108183,0.29629034
-19.58521860882233,273.75,23.15004,0.28683057
-19.58521860882233,275.625,23.931719,0.33331573
-19.58521860882233,277.5,23.83832,0.37757477
-19.58521860882233,279.375,23.58461,0.35946554
-19.58521860882233,281.25,24.187832,0.3615789
-19.58521860882233,283.125,25.030527,0.4557177
-19.58521860882233,285.0,24.43002,0.5486519
-19.58521860882233,286.875,22.5317,0.49596247
-19.58521860882233,288.75,21.679922,0.44129282
-19.58521860882233,290.625,17.14711,1.5896242
-19.58521860882233,292.5,7.832579,0.74764615
-19.58521860882233,294.375,9.82422,0.5044639
-19.58521860882233,296.25,19.901915,0.553793
-19.58521860882233,298.125,28.472872,1.6007262
-19.58521860882233,300.0,26.111738,0.6753536
-19.58521860882233,301.875,25.70082,0.5336086
-19.58521860882233,303.75,25.435898,0.47508076
-19.58521860882233,305.625,24.119823,0.4490786
-19.58521860882233,307.5,23.469961,0.4893586
-19.58521860882233,309.375,23.83916,0.4520992
-19.58521860882233,311.25,22.804218,0.4458511
-19.58521860882233,313.125,21.091074,0.47771668
-19.58521860882233,315.0,20.837637,0.5065749
-19.58521860882233,316.875,21.660488,0.46206793
-19.58521860882233,318.75,23.137032,0.4997339
-19.58521860882233,320.625,27.909863,0.4492671
-19.58521860882233,322.5,28.119902,0.4655782
-19.58521860882233,324.375,27.616934,0.42110655
-19.58521860882233,326.25,27.537891,0.40913704
-19.58521860882233,328.125,27.724005,0.4208095
-19.58521860882233,330.0,27.562656,0.4493575
-19.58521860882233,331.875,27.316582,0.46712247
-19.58521860882233,333.75,27.40627,0.4612251
-19.58521860882233,335.625,27.234238,0.46041048
-19.58521860882233,337.5,26.89881,0.4379659
-19.58521860882233,339.375,26.925234,0.42755967
-19.58521860882233,341.25,26.729864,0.42255905
-19.58521860882233,343.125,26.361933,0.393751
-19.58521860882233,345.0,26.307266,0.39395523
-19.58521860882233,346.875,26.21121,0.396216
-19.58521860882233,348.75,25.796406,0.39283088
-19.58521860882233,350.625,25.652071,0.3923551
-19.58521860882233,352.5,25.590899,0.41153952
-19.58521860882233,354.375,25.269512,0.42773694
-19.58521860882233,356.25,24.941425,0.44856858
-19.58521860882233,358.125,24.78625,0.482162
-17.719961526447428,0.0,25.420645,0.61899656
-17.719961526447428,1.875,25.333046,0.6765048
-17.719961526447428,3.75,25.38039,0.7419172
-17.719961526447428,5.625,25.688261,0.8433405
-17.719961526447428,7.5,26.582247,0.90222365
-17.719961526447428,9.375,28.117813,0.8615481
-17.719961526447428,11.25,28.946465,0.6692136
-17.719961526447428,13.125,22.88746,1.4244567
-17.719961526447428,15.0,21.368301,1.0698146
-17.719961526447428,16.875,21.16916,0.6046998
-17.719961526447428,18.75,22.012148,0.8201869
-17.719961526447428,20.625,21.83912,0.8635572
-17.719961526447428,22.5,22.378262,0.8270279
-17.719961526447428,24.375,22.57086,0.79957634
-17.719961526447428,26.25,22.145702,0.87265396
-17.719961526447428,28.125,21.656757,0.91178775
-17.719961526447428,30.0,21.012245,0.9075253
-17.719961526447428,31.875,21.368223,0.8820616
-17.719961526447428,33.75,23.534668,1.1254766
-17.719961526447428,35.625,25.970722,1.3843064
-17.719961526447428,37.5,29.518927,0.5313514
-17.719961526447428,39.375,28.830116,0.49988863
-17.719961526447428,41.25,28.921484,0.54948986
-17.719961526447428,43.125,29.407207,0.5597633
-17.719961526447428,45.0,24.926367,0.8202555
-17.719961526447428,46.875,22.066034,0.6041727
-17.719961526447428,48.75,22.26082,0.4589446
-17.719961526447428,50.625,27.78131,0.5232338
-17.719961526447428,52.5,28.099218,0.55906606
-17.719961526447428,54.375,27.849277,0.5379761
-17.719961526447428,56.25,27.782988,0.5509978
-17.719961526447428,58.125,27.809433,0.5649512
-17.719961526447428,60.0,27.630898,0.54136443
-17.719961526447428,61.875,27.505743,0.50512254
-17.719961526447428,63.75,27.613848,0.46931925
-17.719961526447428,65.625,27.626114,0.45511
-17.719961526447428,67.5,27.509766,0.4426252
-17.719961526447428,69.375,27.486113,0.4350572
-17.719961526447428,71.25,27.455372,0.43694374
-17.719961526447428,73.125,27.308496,0.44094583
-17.719961526447428,75.0,27.192324,0.42541125
-17.719961526447428,76.875,27.12955,0.40779242
-17.719961526447428,78.75,27.024921,0.4098341
-17.719961526447428,80.625,26.902266,0.42045265
-17.719961526447428,82.5,26.849512,0.42783663
-17.719961526447428,84.375,26.825233,0.4187199
-17.719961526447428,86.25,26.737774,0.42212722
-17.719961526447428,88.125,26.627813,0.42478198
-17.719961526447428,90.0,26.466778,0.42944852
-17.719961526447428,91.875,26.294004,0.47458863
-17.719961526447428,93.75,26.208847,0.51466686
-17.719961526447428,95.625,26.20625,0.5240874
-17.719961526447428,97.5,26.112852,0.5598769
-17.719961526447428,99.375,26.010586,0.59227383
-17.719961526447428,101.25,26.0708,0.6200541
-17.719961526447428,103.125,26.374706,0.640925
-17.719961526447428,105.0,26.65791,0.6696423
-17.719961526447428,106.875,26.892462,0.7119587
-17.719961526447428,108.75,27.286446,0.7230722
-17.719961526447428,110.625,27.787676,0.7451092
-17.719961526447428,112.5,28.200624,0.76002485
-17.719961526447428,114.375,28.560509,0.7598178
-17.719961526447428,116.25,29.04705,0.6959204
-17.719961526447428,118.125,29.47707,0.6494775
-17.719961526447428,120.0,30.262323,0.62134635
-17.719961526447428,121.875,28.705742,1.3260669
-17.719961526447428,123.75,28.341036,1.6046903
-17.719961526447428,125.625,26.330488,1.4577883
-17.719961526447428,127.5,26.079628,1.7464772
-17.719961526447428,129.375,28.10541,2.6686122
-17.719961526447428,131.25,28.89754,2.637289
-17.719961526447428,133.125,28.731054,2.6775424
-17.719961526447428,135.0,27.955215,2.497589
-17.719961526447428,136.875,27.87045,1.9179794
-17.719961526447428,138.75,27.844336,1.8235909
-17.719961526447428,140.625,28.100273,2.0928383
-17.719961526447428,142.5,27.113672,2.0921571
-17.719961526447428,144.375,26.226562,1.7395221
-17.719961526447428,146.25,28.794863,0.4977034
-17.719961526447428,148.125,28.789179,0.58699733
-17.719961526447428,150.0,28.586191,0.62878394
-17.719961526447428,151.875,28.373573,0.5335092
-17.719961526447428,153.75,28.650957,0.5520134
-17.719961526447428,155.625,28.745878,0.5666928
-17.719961526447428,157.5,28.688652,0.532546
-17.719961526447428,159.375,28.793106,0.50929105
-17.719961526447428,161.25,28.920761,0.50307167
-17.719961526447428,163.125,28.86838,0.5025101
-17.719961526447428,165.0,28.814766,0.48662353
-17.719961526447428,166.875,28.87131,0.47401622
-17.719961526447428,168.75,28.91287,0.46949852
-17.719961526447428,170.625,28.952852,0.47719446
-17.719961526447428,172.5,28.955097,0.47293258
-17.719961526447428,174.375,28.894747,0.4705837
-17.719961526447428,176.25,28.825136,0.4635067
-17.719961526447428,178.125,28.871231,0.4545777
-17.719961526447428,180.0,28.933418,0.44874778
-17.719961526447428,181.875,29.009882,0.45623702
-17.719961526447428,183.75,29.073399,0.48582256
-17.719961526447428,185.625,29.109804,0.5108771
-17.719961526447428,187.5,29.068691,0.5229298
-17.719961526447428,189.375,29.070585,0.5289269
-17.719961526447428,191.25,29.066563,0.5309181
-17.719961526447428,193.125,29.000566,0.5014501
-17.719961526447428,195.0,28.943476,0.47566777
-17.719961526447428,196.875,28.959375,0.46842253
-17.719961526447428,198.75,28.908808,0.4632429
-17.719961526447428,200.625,28.830761,0.45258215
-17.719961526447428,202.5,28.829805,0.43179658
-17.719961526447428,204.375,28.81123,0.39545795
-17.719961526447428,206.25,28.748047,0.3714273
-17.719961526447428,208.125,28.744062,0.36927682
-17.719961526447428,210.0,28.76078,0.37865883
-17.719961526447428,211.875,28.661133,0.38883156
-17.719961526447428,213.75,28.574238,0.3936785
-17.719961526447428,215.625,28.510273,0.39672711
-17.719961526447428,217.5,28.398125,0.4037701
-17.719961526447428,219.375,28.263788,0.4117093
-17.719961526447428,221.25,28.220371,0.43302846
-17.719961526447428,223.125,28.130587,0.46063662
-17.719961526447428,225.0,28.018047,0.46449816
-17.719961526447428,226.875,27.888184,0.4683136
-17.719961526447428,228.75,27.68459,0.49518713
-17.719961526447428,230.625,27.589785,0.48644742
-17.719961526447428,232.5,27.480938,0.495353
-17.719961526447428,234.375,27.166954,0.5186371
-17.719961526447428,236.25,27.000488,0.49282748
-17.719961526447428,238.125,27.079218,0.4797541
-17.719961526447428,240.0,26.795761,0.50390863
-17.719961526447428,241.875,26.467558,0.47784746
-17.719961526447428,243.75,26.50709,0.45784923
-17.719961526447428,245.625,26.410645,0.48095104
-17.719961526447428,247.5,26.004492,0.48599377
-17.719961526447428,249.375,25.941172,0.4607114
-17.719961526447428,251.25,25.948261,0.46594474
-17.719961526447428,253.125,25.423027,0.4586444
-17.719961526447428,255.0,25.217207,0.4065984
-17.719961526447428,256.875,25.252832,0.3985418
-17.719961526447428,258.75,24.793066,0.3729768
-17.719961526447428,260.625,24.506367,0.32689995
-17.719961526447428,262.5,24.60252,0.3191162
-17.719961526447428,264.375,24.416288,0.33057716
-17.719961526447428,266.25,24.02627,0.30701163
-17.719961526447428,268.125,24.161465,0.3012366
-17.719961526447428,270.0,24.360527,0.32184494
-17.719961526447428,271.875,24.000507,0.30965093
-17.719961526447428,273.75,23.92875,0.29809168
-17.719961526447428,275.625,24.52129,0.3712889
-17.719961526447428,277.5,24.51838,0.43178457
-17.719961526447428,279.375,24.294863,0.4225139
-17.719961526447428,281.25,24.703087,0.43683454
-17.719961526447428,283.125,24.978828,0.5226806
-17.719961526447428,285.0,23.679668,0.50400966
-17.719961526447428,286.875,21.923985,0.45422927
-17.719961526447428,288.75,20.640059,0.984944
-17.719961526447428,290.625,12.092774,1.2071679
-17.719961526447428,292.5,8.692677,0.48795184
-17.719961526447428,294.375,14.482227,0.42763612
-17.719961526447428,296.25,22.849237,0.7749449
-17.719961526447428,298.125,27.284824,1.4392216
-17.719961526447428,300.0,25.298672,0.65702754
-17.719961526447428,301.875,25.462852,0.5119795
-17.719961526447428,303.75,25.223145,0.46585983
-17.719961526447428,305.625,23.73045,0.47444528
-17.719961526447428,307.5,22.815859,0.49871233
-17.719961526447428,309.375,22.953066,0.44723418
-17.719961526447428,311.25,22.59418,0.47536662
-17.719961526447428,313.125,22.001856,0.49549052
-17.719961526447428,315.0,22.191387,0.5978712
-17.719961526447428,316.875,22.276386,0.5338566
-17.719961526447428,318.75,22.918028,0.56372535
-17.719961526447428,320.625,25.086895,0.85910684
-17.719961526447428,322.5,28.270058,0.47095206
-17.719961526447428,324.375,27.910938,0.40740123
-17.719961526447428,326.25,27.850958,0.3901884
-17.719961526447428,328.125,27.97506,0.39869428
-17.719961526447428,330.0,27.79334,0.42099229
-17.719961526447428,331.875,27.529453,0.42567566
-17.719961526447428,333.75,27.559298,0.42127326
-17.719961526447428,335.625,27.454668,0.426737
-17.719961526447428,337.5,27.23377,0.4212049
-17.719961526447428,339.375,27.130177,0.4143789
-17.719961526447428,341.25,26.925117,0.40260214
-17.719961526447428,343.125,26.676895,0.38995755
-17.719961526447428,345.0,26.58082,0.3948093
-17.719961526447428,346.875,26.444298,0.40067193
-17.719961526447428,348.75,26.20373,0.40962014
-17.719961526447428,350.625,26.099825,0.42271453
-17.719961526447428,352.5,25.980606,0.43161073
-17.719961526447428,354.375,25.727226,0.4580989
-17.719961526447428,356.25,25.559961,0.51122874
-17.719961526447428,358.125,25.51875,0.561696
-15.854703869694873,0.0,26.332792,0.65547925
-15.854703869694873,1.875,26.35002,0.7632807
-15.854703869694873,3.75,26.54873,0.804812
-15.854703869694873,5.625,26.76504,0.7665008
-15.854703869694873,7.5,27.289707,0.7607494
-15.854703869694873,9.375,28.721504,0.7120956
-15.854703869694873,11.25,29.477364,0.4344246
-15.854703869694873,13.125,22.355625,0.6023501
-15.854703869694873,15.0,19.882227,0.5428467
-15.854703869694873,16.875,19.97881,0.43910855
-15.854703869694873,18.75,21.467579,0.59011954
-15.854703869694873,20.625,21.519941,0.53911793
-15.854703869694873,22.5,21.663086,0.5220206
-15.854703869694873,24.375,21.89625,0.60411125
-15.854703869694873,26.25,21.373106,0.51064795
-15.854703869694873,28.125,21.529531,0.5684921
-15.854703869694873,30.0,22.43,0.79729974
-15.854703869694873,31.875,23.189003,0.91512847
-15.854703869694873,33.75,22.964043,0.74651814
-15.854703869694873,35.625,23.459923,0.760027
-15.854703869694873,37.5,24.485664,0.8753831
-15.854703869694873,39.375,24.908632,0.6679865
-15.854703869694873,41.25,28.44381,0.5604314
-15.854703869694873,43.125,28.859491,0.570085
-15.854703869694873,45.0,29.126192,0.54805654
-15.854703869694873,46.875,23.633163,0.63174105
-15.854703869694873,48.75,23.087578,0.5514867
-15.854703869694873,50.625,28.02586,0.54799134
-15.854703869694873,52.5,28.268223,0.5519882
-15.854703869694873,54.375,28.182323,0.56982386
-15.854703869694873,56.25,28.078808,0.58208704
-15.854703869694873,58.125,28.082266,0.5797796
-15.854703869694873,60.0,28.061445,0.5510117
-15.854703869694873,61.875,28.024473,0.5099033
-15.854703869694873,63.75,28.03832,0.48194113
-15.854703869694873,65.625,28.016914,0.4619439
-15.854703869694873,67.5,27.951836,0.44504234
-15.854703869694873,69.375,27.980196,0.44355687
-15.854703869694873,71.25,28.0075,0.44482863
-15.854703869694873,73.125,27.972734,0.43434843
-15.854703869694873,75.0,27.937109,0.4167812
-15.854703869694873,76.875,27.900352,0.4095215
-15.854703869694873,78.75,27.792519,0.40653196
-15.854703869694873,80.625,27.657227,0.4038092
-15.854703869694873,82.5,27.541914,0.3984913
-15.854703869694873,84.375,27.430117,0.3872203
-15.854703869694873,86.25,27.336876,0.3791879
-15.854703869694873,88.125,27.277813,0.37121508
-15.854703869694873,90.0,27.224415,0.39673623
-15.854703869694873,91.875,27.170683,0.43890667
-15.854703869694873,93.75,27.138477,0.46583736
-15.854703869694873,95.625,27.101387,0.47751084
-15.854703869694873,97.5,27.094122,0.4992003
-15.854703869694873,99.375,27.149902,0.5157673
-15.854703869694873,101.25,27.294727,0.5523027
-15.854703869694873,103.125,27.475664,0.59792215
-15.854703869694873,105.0,27.571505,0.64911
-15.854703869694873,106.875,27.544317,0.69681853
-15.854703869694873,108.75,27.61576,0.7074501
-15.854703869694873,110.625,27.884531,0.7172375
-15.854703869694873,112.5,28.114414,0.7261487
-15.854703869694873,114.375,28.271875,0.7284276
-15.854703869694873,116.25,28.435175,0.7206095
-15.854703869694873,118.125,28.704512,0.72829884
-15.854703869694873,120.0,29.308262,0.7042753
-15.854703869694873,121.875,29.31209,0.8055993
-15.854703869694873,123.75,29.633652,0.860397
-15.854703869694873,125.625,26.063496,0.71568847
-15.854703869694873,127.5,26.472715,1.3782594
-15.854703869694873,129.375,27.319317,1.8289436
-15.854703869694873,131.25,26.545372,1.5974216
-15.854703869694873,133.125,26.65916,1.8552773
-15.854703869694873,135.0,27.029882,1.8885485
-15.854703869694873,136.875,30.994179,0.60512054
-15.854703869694873,138.75,31.198437,0.60608894
-15.854703869694873,140.625,31.563927,0.60374665
-15.854703869694873,142.5,27.20375,1.8414959
-15.854703869694873,144.375,26.366915,1.46987
-15.854703869694873,146.25,28.923555,0.48831728
-15.854703869694873,148.125,29.030273,0.595928
-15.854703869694873,150.0,29.05418,0.5957483
-15.854703869694873,151.875,28.979258,0.536299
-15.854703869694873,153.75,29.078535,0.5391449
-15.854703869694873,155.625,29.135332,0.51317143
-15.854703869694873,157.5,29.072344,0.5012113
-15.854703869694873,159.375,29.128008,0.5041706
-15.854703869694873,161.25,29.23959,0.50971884
-15.854703869694873,163.125,29.264376,0.4992106
-15.854703869694873,165.0,29.203926,0.4802298
-15.854703869694873,166.875,29.193516,0.47759563
-15.854703869694873,168.75,29.213085,0.48242843
-15.854703869694873,170.625,29.250235,0.48313862
-15.854703869694873,172.5,29.2891,0.48101458
-15.854703869694873,174.375,29.3025,0.46947548
-15.854703869694873,176.25,29.293242,0.46385068
-15.854703869694873,178.125,29.333086,0.46113068
-15.854703869694873,180.0,29.350958,0.47056192
-15.854703869694873,181.875,29.33086,0.49482012
-15.854703869694873,183.75,29.339062,0.5066813
-15.854703869694873,185.625,29.380333,0.5032277
-15.854703869694873,187.5,29.388926,0.48776785
-15.854703869694873,189.375,29.377012,0.47181588
-15.854703869694873,191.25,29.391172,0.44997358
-15.854703869694873,193.125,29.366133,0.4257192
-15.854703869694873,195.0,29.317656,0.41910645
-15.854703869694873,196.875,29.30752,0.43303865
-15.854703869694873,198.75,29.308262,0.451756
-15.854703869694873,200.625,29.25873,0.44733128
-15.854703869694873,202.5,29.23664,0.43322226
-15.854703869694873,204.375,29.208027,0.41685346
-15.854703869694873,206.25,29.160156,0.39218783
-15.854703869694873,208.125,29.121758,0.3827349
-15.854703869694873,210.0,29.11961,0.3943723
-15.854703869694873,211.875,29.042305,0.39305314
-15.854703869694873,213.75,28.988222,0.38432947
-15.854703869694873,215.625,28.954433,0.3800905
-15.854703869694873,217.5,28.873808,0.40261623
-15.854703869694873,219.375,28.732872,0.4420627
-15.854703869694873,221.25,28.561914,0.47955284
-15.854703869694873,223.125,28.432188,0.49354178
-15.854703869694873,225.0,28.361933,0.48676535
-15.854703869694873,226.875,28.204102,0.51561695
-15.854703869694873,228.75,27.865644,0.5422922
-15.854703869694873,230.625,27.744413,0.5239382
-15.854703869694873,232.5,27.729063,0.526805
-15.854703869694873,234.375,27.429493,0.5561415
-15.854703869694873,236.25,27.130371,0.5351673
-15.854703869694873,238.125,27.131777,0.5215917
-15.854703869694873,240.0,26.989004,0.5255842
-15.854703869694873,241.875,26.71869,0.5130817
-15.854703869694873,243.75,26.653887,0.49648616
-15.854703869694873,245.625,26.574257,0.4989589
-15.854703869694873,247.5,26.203087,0.49520546
-15.854703869694873,249.375,26.02504,0.47074535
-15.854703869694873,251.25,25.998886,0.4512456
-15.854703869694873,253.125,25.698301,0.4284124
-15.854703869694873,255.0,25.510176,0.40446666
-15.854703869694873,256.875,25.508692,0.37600473
-15.854703869694873,258.75,25.394981,0.34382135
-15.854703869694873,260.625,25.155684,0.3280991
-15.854703869694873,262.5,24.996855,0.31485736
-15.854703869694873,264.375,24.91994,0.31390658
-15.854703869694873,266.25,24.754395,0.3056399
-15.854703869694873,268.125,24.668673,0.2954876
-15.854703869694873,270.0,24.790743,0.30085984
-15.854703869694873,271.875,24.896954,0.3326757
-15.854703869694873,273.75,24.83416,0.34232512
-15.854703869694873,275.625,24.847227,0.3868528
-15.854703869694873,277.5,24.93291,0.41097772
-15.854703869694873,279.375,25.161777,0.5252447
-15.854703869694873,281.25,24.630684,0.66848296
-15.854703869694873,283.125,22.781504,0.5741799
-15.854703869694873,285.0,21.703087,0.53649354
-15.854703869694873,286.875,14.405274,0.8276526
-15.854703869694873,288.75,9.7540245,0.78109413
-15.854703869694873,290.625,9.485822,0.512118
-15.854703869694873,292.5,14.589181,0.39008847
-15.854703869694873,294.375,22.630703,0.50369585
-15.854703869694873,296.25,28.096329,1.3169985
-15.854703869694873,298.125,26.040255,1.0021069
-15.854703869694873,300.0,24.584356,0.555853
-15.854703869694873,301.875,24.854023,0.45714453
-15.854703869694873,303.75,24.6483,0.43899202
-15.854703869694873,305.625,23.684414,0.47458813
-15.854703869694873,307.5,22.995878,0.5331585
-15.854703869694873,309.375,22.55244,0.48883778
-15.854703869694873,311.25,22.232988,0.53623444
-15.854703869694873,313.125,22.496876,0.5905923
-15.854703869694873,315.0,22.793945,0.67958444
-15.854703869694873,316.875,22.482676,0.68650514
-15.854703869694873,318.75,22.803595,0.74662924
-15.854703869694873,320.625,24.822832,0.99626505
-15.854703869694873,322.5,28.500313,0.4862777
-15.854703869694873,324.375,28.033594,0.41726255
-15.854703869694873,326.25,27.98291,0.3979875
-15.854703869694873,328.125,28.106094,0.40178537
-15.854703869694873,330.0,28.04414,0.4026281
-15.854703869694873,331.875,27.9025,0.39427626
-15.854703869694873,333.75,27.871426,0.39882693
-15.854703869694873,335.625,27.798496,0.4239099
-15.854703869694873,337.5,27.62168,0.43248126
-15.854703869694873,339.375,27.468594,0.4309132
-15.854703869694873,341.25,27.35459,0.42525783
-15.854703869694873,343.125,27.236816,0.4189901
-15.854703869694873,345.0,27.092558,0.41908002
-15.854703869694873,346.875,26.890509,0.42404634
-15.854703869694873,348.75,26.764551,0.42717698
-15.854703869694873,350.625,26.704239,0.4503303
-15.854703869694873,352.5,26.579784,0.46172306
-15.854703869694873,354.375,26.493418,0.49667236
-15.854703869694873,356.25,26.553984,0.5434903
-15.854703869694873,358.125,26.53916,0.5887863
-13.989445712356673,0.0,27.374062,0.65645945
-13.989445712356673,1.875,27.317812,0.7441268
-13.989445712356673,3.75,27.671621,0.6912037
-13.989445712356673,5.625,28.003555,0.5228178
-13.989445712356673,7.5,28.25918,0.499147
-13.989445712356673,9.375,29.251211,0.5359767
-13.989445712356673,11.25,29.700233,0.42492637
-13.989445712356673,13.125,22.846348,0.4285029
-13.989445712356673,15.0,18.772228,0.42094317
-13.989445712356673,16.875,18.074064,0.36508837
-13.989445712356673,18.75,19.539375,0.37261432
-13.989445712356673,20.625,20.875957,0.4505001
-13.989445712356673,22.5,21.06709,0.41334972
-13.989445712356673,24.375,20.608868,0.4340973
-13.989445712356673,26.25,20.212208,0.39470223
-13.989445712356673,28.125,20.755352,0.40370542
-13.989445712356673,30.0,21.668633,0.48760676
-13.989445712356673,31.875,21.981972,0.5165822
-13.989445712356673,33.75,21.556934,0.5014421
-13.989445712356673,35.625,21.548027,0.49541172
-13.989445712356673,37.5,22.738203,0.56896263
-13.989445712356673,39.375,24.400078,0.6492548
-13.989445712356673,41.25,28.158184,0.5944779
-13.989445712356673,43.125,28.643007,0.57827485
-13.989445712356673,45.0,29.071074,0.52852404
-13.989445712356673,46.875,28.627285,0.4825513
-13.989445712356673,48.75,24.555996,0.63114136
-13.989445712356673,50.625,28.0391,0.51625043
-13.989445712356673,52.5,28.308847,0.5472301
-13.989445712356673,54.375,28.342676,0.5794231
-13.989445712356673,56.25,28.306524,0.6088989
-13.989445712356673,58.125,28.369532,0.61586297
-13.989445712356673,60.0,28.421309,0.5992886
-13.989445712356673,61.875,28.392128,0.56368953
-13.989445712356673,63.75,28.364395,0.5295789
-13.989445712356673,65.625,28.366426,0.50011504
-13.989445712356673,67.5,28.392206,0.47163773
-13.989445712356673,69.375,28.407812,0.46309268
-13.989445712356673,71.25,28.417246,0.4695368
-13.989445712356673,73.125,28.394043,0.45390695
-13.989445712356673,75.0,28.375116,0.4316165
-13.989445712356673,76.875,28.356152,0.42245722
-13.989445712356673,78.75,28.330019,0.40921068
-13.989445712356673,80.625,28.310606,0.40078375
-13.989445712356673,82.5,28.267754,0.3947449
-13.989445712356673,84.375,28.197266,0.39485916
-13.989445712356673,86.25,28.155527,0.38677973
-13.989445712356673,88.125,28.139921,0.3763484
-13.989445712356673,90.0,28.152441,0.40222353
-13.989445712356673,91.875,28.15461,0.43725762
-13.989445712356673,93.75,28.162266,0.4673073
-13.989445712356673,95.625,28.183788,0.48265418
-13.989445712356673,97.5,28.263437,0.47534382
-13.989445712356673,99.375,28.331758,0.47374955
-13.989445712356673,101.25,28.330528,0.5036071
-13.989445712356673,103.125,28.298866,0.5251458
-13.989445712356673,105.0,28.276505,0.5539427
-13.989445712356673,106.875,28.167149,0.5997624
-13.989445712356673,108.75,28.066914,0.6374934
-13.989445712356673,110.625,28.107246,0.659785
-13.989445712356673,112.5,28.218534,0.65763396
-13.989445712356673,114.375,28.321993,0.66680115
-13.989445712356673,116.25,28.395996,0.6941398
-13.989445712356673,118.125,28.426777,0.73366976
-13.989445712356673,120.0,28.569962,0.74213535
-13.989445712356673,121.875,28.701426,0.78681624
-13.989445712356673,123.75,29.0083,0.85098463
-13.989445712356673,125.625,29.326504,0.87159395
-13.989445712356673,127.5,27.614199,1.3470076
-13.989445712356673,129.375,30.812168,0.7951967
-13.989445712356673,131.25,25.841406,0.6933282
-13.989445712356673,133.125,26.07502,1.3118548
-13.989445712356673,135.0,27.533165,1.6144115
-13.989445712356673,136.875,30.50459,0.60341305
-13.989445712356673,138.75,29.90502,0.5664469
-13.989445712356673,140.625,30.276426,0.6727768
-13.989445712356673,142.5,26.562384,1.3625398
-13.989445712356673,144.375,29.568516,0.566369
-13.989445712356673,146.25,29.097832,0.54406005
-13.989445712356673,148.125,29.116152,0.5849781
-13.989445712356673,150.0,29.211699,0.5879475
-13.989445712356673,151.875,29.28418,0.54663384
-13.989445712356673,153.75,29.41793,0.5242246
-13.989445712356673,155.625,29.47289,0.51332647
-13.989445712356673,157.5,29.467636,0.51952416
-13.989445712356673,159.375,29.476582,0.5228505
-13.989445712356673,161.25,29.494745,0.5268129
-13.989445712356673,163.125,29.51125,0.51998454
-13.989445712356673,165.0,29.524199,0.5092501
-13.989445712356673,166.875,29.53793,0.50811726
-13.989445712356673,168.75,29.536894,0.5039451
-13.989445712356673,170.625,29.55502,0.500158
-13.989445712356673,172.5,29.579317,0.49535176
-13.989445712356673,174.375,29.614727,0.48610887
-13.989445712356673,176.25,29.641132,0.48027727
-13.989445712356673,178.125,29.612207,0.46933708
-13.989445712356673,180.0,29.560919,0.46109226
-13.989445712356673,181.875,29.552227,0.46796945
-13.989445712356673,183.75,29.56209,0.4717495
-13.989445712356673,185.625,29.575468,0.46664923
-13.989445712356673,187.5,29.574413,0.4508289
-13.989445712356673,189.375,29.568789,0.41727477
-13.989445712356673,191.25,29.575918,0.39471656
-13.989445712356673,193.125,29.555586,0.3912967
-13.989445712356673,195.0,29.513575,0.39717674
-13.989445712356673,196.875,29.483849,0.41587365
-13.989445712356673,198.75,29.474218,0.43453637
-13.989445712356673,200.625,29.4525,0.44211775
-13.989445712356673,202.5,29.425528,0.44286284
-13.989445712356673,204.375,29.418613,0.4373667
-13.989445712356673,206.25,29.3942,0.42284516
-13.989445712356673,208.125,29.33754,0.4151213
-13.989445712356673,210.0,29.258028,0.41262412
-13.989445712356673,211.875,29.185469,0.4027569
-13.989445712356673,213.75,29.14877,0.39000452
-13.989445712356673,215.625,29.098417,0.40278533
-13.989445712356673,217.5,29.014532,0.42565003
-13.989445712356673,219.375,28.939415,0.45577353
-13.989445712356673,221.25,28.780762,0.49710822
-13.989445712356673,223.125,28.494844,0.5048995
-13.989445712356673,225.0,28.39336,0.5016936
-13.989445712356673,226.875,28.279629,0.53258145
-13.989445712356673,228.75,27.98256,0.5530758
-13.989445712356673,230.625,27.817598,0.54099613
-13.989445712356673,232.5,27.819786,0.5601402
-13.989445712356673,234.375,27.600195,0.5690907
-13.989445712356673,236.25,27.337969,0.55731535
-13.989445712356673,238.125,27.224747,0.54993343
-13.989445712356673,240.0,27.129122,0.5406261
-13.989445712356673,241.875,26.922598,0.53231424
-13.989445712356673,243.75,26.76459,0.5061664
-13.989445712356673,245.625,26.69586,0.4807062
-13.989445712356673,247.5,26.522226,0.46728984
-13.989445712356673,249.375,26.302559,0.4557759
-13.989445712356673,251.25,26.203047,0.4273136
-13.989445712356673,253.125,26.17252,0.41294515
-13.989445712356673,255.0,26.017637,0.4040746
-13.989445712356673,256.875,25.792227,0.36420584
-13.989445712356673,258.75,25.808105,0.33482563
-13.989445712356673,260.625,25.816212,0.32909727
-13.989445712356673,262.5,25.521523,0.321409
-13.989445712356673,264.375,25.481817,0.31315035
-13.989445712356673,266.25,25.716816,0.32307467
-13.989445712356673,268.125,25.515663,0.32807997
-13.989445712356673,270.0,25.356407,0.32634437
-13.989445712356673,271.875,25.821934,0.35293633
-13.989445712356673,273.75,25.918203,0.39438295
-13.989445712356673,275.625,25.341543,0.43038297
-13.989445712356673,277.5,25.065567,0.47394907
-13.989445712356673,279.375,25.297325,0.71336895
-13.989445712356673,281.25,24.347422,0.6653162
-13.989445712356673,283.125,22.426758,0.5659274
-13.989445712356673,285.0,14.659063,0.67140055
-13.989445712356673,286.875,9.765665,0.70044833
-13.989445712356673,288.75,9.470138,0.5383579
-13.989445712356673,290.625,14.463517,0.44596452
-13.989445712356673,292.5,22.644297,0.52706164
-13.989445712356673,294.375,28.776875,1.6204746
-13.989445712356673,296.25,26.60504,1.0316392
-13.989445712356673,298.125,24.317207,0.5547316
-13.989445712356673,300.0,23.81334,0.47397047
-13.989445712356673,301.875,23.739687,0.45184475
-13.989445712356673,303.75,23.40498,0.44292197
-13.989445712356673,305.625,23.605137,0.44683635
-13.989445712356673,307.5,23.94996,0.48957163
-13.989445712356673,309.375,23.46709,0.47882077
-13.989445712356673,311.25,22.738731,0.5158096
-13.989445712356673,313.125,22.669024,0.5865831
-13.989445712356673,315.0,22.270605,0.6022585
-13.989445712356673,316.875,22.013866,0.61718875
-13.989445712356673,318.75,22.400488,0.6697658
-13.989445712356673,320.625,24.219746,0.81946594
-13.989445712356673,322.5,28.492325,0.4809674
-13.989445712356673,324.375,28.237442,0.437443
-13.989445712356673,326.25,28.12961,0.40632623
-13.989445712356673,328.125,28.18957,0.40668923
-13.989445712356673,330.0,28.17879,0.38914466
-13.989445712356673,331.875,28.119219,0.37096483
-13.989445712356673,333.75,28.09248,0.3822216
-13.989445712356673,335.625,28.075449,0.41719446
-13.989445712356673,337.5,27.9908,0.43568152
-13.989445712356673,339.375,27.884844,0.4410938
-13.989445712356673,341.25,27.793516,0.4330546
-13.989445712356673,343.125,27.700312,0.43785727
-13.989445712356673,345.0,27.580215,0.44439515
-13.989445712356673,346.875,27.464766,0.44718763
-13.989445712356673,348.75,27.457325,0.4563418
-13.989445712356673,350.625,27.460312,0.46658692
-13.989445712356673,352.5,27.335878,0.48165017
-13.989445712356673,354.375,27.25545,0.50700355
-13.989445712356673,356.25,27.430449,0.53898185
-13.989445712356673,358.125,27.558456,0.57832575
-12.124187123455766,0.0,28.212461,0.59266144
-12.124187123455766,1.875,28.196602,0.63433826
-12.124187123455766,3.75,28.598028,0.5408846
-12.124187123455766,5.625,28.78168,0.4818877
-12.124187123455766,7.5,28.799511,0.5044016
-12.124187123455766,9.375,29.238535,0.5510892
-12.124187123455766,11.25,29.57621,0.49363816
-12.124187123455766,13.125,29.114395,0.35284746
-12.124187123455766,15.0,20.0217,0.39979368
-12.124187123455766,16.875,18.26799,0.3809302
-12.124187123455766,18.75,19.260138,0.3465891
-12.124187123455766,20.625,20.546368,0.3478624
-12.124187123455766,22.5,20.571035,0.3615279
-12.124187123455766,24.375,20.139435,0.39295048
-12.124187123455766,26.25,19.79963,0.3934995
-12.124187123455766,28.125,19.49672,0.37539464
-12.124187123455766,30.0,19.759571,0.37139502
-12.124187123455766,31.875,20.452307,0.4090853
-12.124187123455766,33.75,20.974083,0.4754406
-12.124187123455766,35.625,21.480175,0.5416222
-12.124187123455766,37.5,23.085176,0.7943172
-12.124187123455766,39.375,25.027128,0.93260777
-12.124187123455766,41.25,28.135157,0.5791021
-12.124187123455766,43.125,28.42043,0.53613204
-12.124187123455766,45.0,28.538593,0.5071765
-12.124187123455766,46.875,28.134981,0.5106475
-12.124187123455766,48.75,27.796837,0.55711824
-12.124187123455766,50.625,27.983398,0.51728797
-12.124187123455766,52.5,28.229042,0.5582915
-12.124187123455766,54.375,28.303028,0.6014301
-12.124187123455766,56.25,28.324472,0.6431841
-12.124187123455766,58.125,28.474922,0.6585823
-12.124187123455766,60.0,28.5759,0.66430956
-12.124187123455766,61.875,28.54541,0.6477436
-12.124187123455766,63.75,28.538496,0.61260283
-12.124187123455766,65.625,28.592402,0.57380015
-12.124187123455766,67.5,28.654629,0.5579934
-12.124187123455766,69.375,28.679296,0.5586174
-12.124187123455766,71.25,28.66873,0.5653047
-12.124187123455766,73.125,28.650331,0.5670773
-12.124187123455766,75.0,28.610723,0.55219245
-12.124187123455766,76.875,28.560156,0.5381326
-12.124187123455766,78.75,28.548418,0.50379485
-12.124187123455766,80.625,28.575136,0.47793493
-12.124187123455766,82.5,28.599297,0.47443855
-12.124187123455766,84.375,28.60621,0.48348078
-12.124187123455766,86.25,28.642265,0.48870125
-12.124187123455766,88.125,28.69164,0.49107635
-12.124187123455766,90.0,28.710527,0.5151036
-12.124187123455766,91.875,28.752714,0.54971725
-12.124187123455766,93.75,28.816309,0.5883279
-12.124187123455766,95.625,28.854101,0.61316794
-12.124187123455766,97.5,28.83338,0.60922754
-12.124187123455766,99.375,28.773497,0.59730905
-12.124187123455766,101.25,28.663515,0.5862172
-12.124187123455766,103.125,28.527382,0.54885954
-12.124187123455766,105.0,28.39459,0.5337359
-12.124187123455766,106.875,28.262323,0.5567078
-12.124187123455766,108.75,28.152538,0.57497054
-12.124187123455766,110.625,28.101973,0.5810296
-12.124187123455766,112.5,28.109844,0.5967997
-12.124187123455766,114.375,28.189648,0.6121459
-12.124187123455766,116.25,28.29377,0.6263968
-12.124187123455766,118.125,28.301973,0.66834503
-12.124187123455766,120.0,28.319551,0.70615846
-12.124187123455766,121.875,28.41084,0.704806
-12.124187123455766,123.75,28.429277,0.7422988
-12.124187123455766,125.625,28.648594,0.79684925
-12.124187123455766,127.5,28.613066,0.9699416
-12.124187123455766,129.375,29.463554,1.0117275
-12.124187123455766,131.25,29.971386,0.96445423
-12.124187123455766,133.125,26.781544,1.0881344
-12.124187123455766,135.0,29.784101,0.6236348
-12.124187123455766,136.875,29.776329,0.59079
-12.124187123455766,138.75,29.171465,0.58644027
-12.124187123455766,140.625,29.58496,0.6959087
-12.124187123455766,142.5,26.948301,1.072055
-12.124187123455766,144.375,29.88379,0.748847
-12.124187123455766,146.25,29.470957,0.6543779
-12.124187123455766,148.125,29.086388,0.5605969
-12.124187123455766,150.0,29.087343,0.57315516
-12.124187123455766,151.875,29.320898,0.559486
-12.124187123455766,153.75,29.610254,0.54779184
-12.124187123455766,155.625,29.718477,0.5581286
-12.124187123455766,157.5,29.771582,0.55777967
-12.124187123455766,159.375,29.810097,0.5538018
-12.124187123455766,161.25,29.796446,0.55129814
-12.124187123455766,163.125,29.783848,0.54079235
-12.124187123455766,165.0,29.807188,0.52045816
-12.124187123455766,166.875,29.846386,0.5050674
-12.124187123455766,168.75,29.856016,0.5032959
-12.124187123455766,170.625,29.85498,0.5089758
-12.124187123455766,172.5,29.846992,0.51086897
-12.124187123455766,174.375,29.844902,0.5086039
-12.124187123455766,176.25,29.83496,0.4976408
-12.124187123455766,178.125,29.795567,0.47650152
-12.124187123455766,180.0,29.750507,0.4611335
-12.124187123455766,181.875,29.74256,0.45146266
-12.124187123455766,183.75,29.751621,0.450391
-12.124187123455766,185.625,29.754532,0.44597614
-12.124187123455766,187.5,29.743202,0.44511142
-12.124187123455766,189.375,29.711895,0.44055647
-12.124187123455766,191.25,29.674532,0.43866608
-12.124187123455766,193.125,29.623964,0.44234785
-12.124187123455766,195.0,29.56752,0.4521549
-12.124187123455766,196.875,29.527773,0.46176118
-12.124187123455766,198.75,29.501543,0.46304852
-12.124187123455766,200.625,29.480469,0.46488112
-12.124187123455766,202.5,29.452871,0.47026673
-12.124187123455766,204.375,29.442421,0.4653016
-12.124187123455766,206.25,29.437325,0.45490462
-12.124187123455766,208.125,29.394981,0.45285216
-12.124187123455766,210.0,29.318653,0.44720474
-12.124187123455766,211.875,29.25086,0.44215322
-12.124187123455766,213.75,29.186348,0.4524524
-12.124187123455766,215.625,29.0075,0.48290747
-12.124187123455766,217.5,28.86875,0.47829476
-12.124187123455766,219.375,28.854004,0.48410353
-12.124187123455766,221.25,28.764101,0.52023023
-12.124187123455766,223.125,28.48379,0.5335816
-12.124187123455766,225.0,28.344746,0.5192313
-12.124187123455766,226.875,28.307812,0.5357488
-12.124187123455766,228.75,28.11791,0.5556889
-12.124187123455766,230.625,27.869492,0.5578992
-12.124187123455766,232.5,27.740685,0.5639664
-12.124187123455766,234.375,27.635313,0.5660065
-12.124187123455766,236.25,27.488066,0.562149
-12.124187123455766,238.125,27.324375,0.5532512
-12.124187123455766,240.0,27.214375,0.5373083
-12.124187123455766,241.875,27.087227,0.5236881
-12.124187123455766,243.75,26.898535,0.5006954
-12.124187123455766,245.625,26.818829,0.4769829
-12.124187123455766,247.5,26.830723,0.4625231
-12.124187123455766,249.375,26.679356,0.45472127
-12.124187123455766,251.25,26.467148,0.4292156
-12.124187123455766,253.125,26.51289,0.41476834
-12.124187123455766,255.0,26.499922,0.3999147
-12.124187123455766,256.875,26.135664,0.37215596
-12.124187123455766,258.75,26.139277,0.35315585
-12.124187123455766,260.625,26.380293,0.3454623
-12.124187123455766,262.5,26.153261,0.33865556
-12.124187123455766,264.375,26.008028,0.34119356
-12.124187123455766,266.25,26.486153,0.34936324
-12.124187123455766,268.125,26.436386,0.36640364
-12.124187123455766,270.0,26.095976,0.37301052
-12.124187123455766,271.875,26.403399,0.38548526
-12.124187123455766,273.75,26.569708,0.44112834
-12.124187123455766,275.625,25.86625,0.5179473
-12.124187123455766,277.5,25.183144,0.6334457
-12.124187123455766,279.375,24.994707,0.7698093
-12.124187123455766,281.25,23.74748,0.6051186
-12.124187123455766,283.125,18.106037,0.7014276
-12.124187123455766,285.0,13.87381,0.58978915
-12.124187123455766,286.875,15.039474,0.46751496
-12.124187123455766,288.75,18.915548,0.46942592
-12.124187123455766,290.625,23.162207,0.48075226
-12.124187123455766,292.5,27.210957,1.3912817
-12.124187123455766,294.375,26.506641,0.99479836
-12.124187123455766,296.25,24.153925,0.5427488
-12.124187123455766,298.125,23.617638,0.45036542
-12.124187123455766,300.0,24.336973,0.45885307
-12.124187123455766,301.875,23.749218,0.4828175
-12.124187123455766,303.75,22.988848,0.4780868
-12.124187123455766,305.625,23.493477,0.45109743
-12.124187123455766,307.5,24.137207,0.43979818
-12.124187123455766,309.375,24.113829,0.46784055
-12.124187123455766,311.25,23.399101,0.48360226
-12.124187123455766,313.125,22.66461,0.4835465
-12.124187123455766,315.0,22.098652,0.4769719
-12.124187123455766,316.875,22.005156,0.5371326
-12.124187123455766,318.75,22.38922,0.596387
-12.124187123455766,320.625,23.711777,0.72256863
-12.124187123455766,322.5,28.517813,0.48749462
-12.124187123455766,324.375,28.418457,0.44506833
-12.124187123455766,326.25,28.30496,0.42758673
-12.124187123455766,328.125,28.343985,0.4401393
-12.124187123455766,330.0,28.413183,0.443669
-12.124187123455766,331.875,28.394493,0.40835184
-12.124187123455766,333.75,28.413652,0.39858696
-12.124187123455766,335.625,28.432755,0.43128455
-12.124187123455766,337.5,28.37291,0.45189163
-12.124187123455766,339.375,28.2816,0.44769084
-12.124187123455766,341.25,28.218966,0.44064662
-12.124187123455766,343.125,28.178827,0.4485429
-12.124187123455766,345.0,28.149433,0.4617141
-12.124187123455766,346.875,28.102266,0.45878035
-12.124187123455766,348.75,28.066856,0.45955288
-12.124187123455766,350.625,28.061329,0.4663928
-12.124187123455766,352.5,28.073887,0.47115174
-12.124187123455766,354.375,28.07334,0.4867271
-12.124187123455766,356.25,28.205273,0.5159439
-12.124187123455766,358.125,28.326797,0.5416974
-10.258928168006376,0.0,28.842676,0.48417363
-10.258928168006376,1.875,28.746231,0.49226257
-10.258928168006376,3.75,28.890547,0.53141004
-10.258928168006376,5.625,28.964746,0.56755155
-10.258928168006376,7.5,28.807383,0.61502576
-10.258928168006376,9.375,28.8575,0.6168015
-10.258928168006376,11.25,29.307598,0.5687911
-10.258928168006376,13.125,29.325762,0.42769518
-10.258928168006376,15.0,21.838007,0.39574674
-10.258928168006376,16.875,19.611681,0.4071851
-10.258928168006376,18.75,20.160685,0.3740681
-10.258928168006376,20.625,21.022442,0.3913726
-10.258928168006376,22.5,20.748652,0.4251098
-10.258928168006376,24.375,20.471212,0.4377053
-10.258928168006376,26.25,20.431232,0.4244834
-10.258928168006376,28.125,19.802383,0.43315542
-10.258928168006376,30.0,19.29674,0.411498
-10.258928168006376,31.875,19.647266,0.40222234
-10.258928168006376,33.75,20.642206,0.6131486
-10.258928168006376,35.625,21.876856,0.88096505
-10.258928168006376,37.5,24.289062,1.2350649
-10.258928168006376,39.375,27.102833,1.4889704
-10.258928168006376,41.25,28.079922,0.5438125
-10.258928168006376,43.125,28.193203,0.52715456
-10.258928168006376,45.0,28.22168,0.5202469
-10.258928168006376,46.875,27.982676,0.5319563
-10.258928168006376,48.75,27.908829,0.54219645
-10.258928168006376,50.625,28.057617,0.54985875
-10.258928168006376,52.5,28.216913,0.5800014
-10.258928168006376,54.375,28.21455,0.61753845
-10.258928168006376,56.25,28.153906,0.664288
-10.258928168006376,58.125,28.2442,0.68813413
-10.258928168006376,60.0,28.326113,0.70960855
-10.258928168006376,61.875,28.345762,0.72651047
-10.258928168006376,63.75,28.443457,0.73524207
-10.258928168006376,65.625,28.536095,0.7249351
-10.258928168006376,67.5,28.590723,0.7251608
-10.258928168006376,69.375,28.602577,0.7254187
-10.258928168006376,71.25,28.594786,0.7161482
-10.258928168006376,73.125,28.641563,0.72308147
-10.258928168006376,75.0,28.68836,0.7432841
-10.258928168006376,76.875,28.712305,0.7557275
-10.258928168006376,78.75,28.728632,0.7360434
-10.258928168006376,80.625,28.764101,0.7076775
-10.258928168006376,82.5,28.810997,0.67942476
-10.258928168006376,84.375,28.84545,0.65497947
-10.258928168006376,86.25,28.896582,0.65331554
-10.258928168006376,88.125,28.92877,0.67897403
-10.258928168006376,90.0,28.887423,0.6974227
-10.258928168006376,91.875,28.857656,0.7159625
-10.258928168006376,93.75,28.841934,0.7524221
-10.258928168006376,95.625,28.783438,0.77544713
-10.258928168006376,97.5,28.69207,0.7492013
-10.258928168006376,99.375,28.581797,0.7246705
-10.258928168006376,101.25,28.471699,0.7128491
-10.258928168006376,103.125,28.326523,0.67493594
-10.258928168006376,105.0,28.213242,0.6423563
-10.258928168006376,106.875,28.2442,0.62019247
-10.258928168006376,108.75,28.390488,0.5880547
-10.258928168006376,110.625,28.440605,0.52052927
-10.258928168006376,112.5,28.30043,0.49126783
-10.258928168006376,114.375,28.136309,0.50678855
-10.258928168006376,116.25,28.057968,0.5420439
-10.258928168006376,118.125,27.996876,0.5715619
-10.258928168006376,120.0,28.011797,0.5986706
-10.258928168006376,121.875,28.118614,0.60906124
-10.258928168006376,123.75,28.13045,0.6277466
-10.258928168006376,125.625,28.105097,0.66904783
-10.258928168006376,127.5,28.228222,0.79290974
-10.258928168006376,129.375,28.580898,0.8991283
-10.258928168006376,131.25,29.102793,0.8875535
-10.258928168006376,133.125,29.254414,0.7234797
-10.258928168006376,135.0,29.22041,0.6228519
-10.258928168006376,136.875,29.119688,0.6347017
-10.258928168006376,138.75,29.317852,0.7485649
-10.258928168006376,140.625,30.003944,0.8869724
-10.258928168006376,142.5,30.563984,1.0164083
-10.258928168006376,144.375,30.506933,0.7430818
-10.258928168006376,146.25,29.807323,0.5298702
-10.258928168006376,148.125,29.24125,0.46040204
-10.258928168006376,150.0,29.0917,0.5268285
-10.258928168006376,151.875,29.347734,0.5848031
-10.258928168006376,153.75,29.676289,0.6274315
-10.258928168006376,155.625,29.828808,0.63776237
-10.258928168006376,157.5,29.903086,0.61701035
-10.258928168006376,159.375,29.93381,0.58600616
-10.258928168006376,161.25,29.898653,0.5593862
-10.258928168006376,163.125,29.908808,0.54528004
-10.258928168006376,165.0,29.964277,0.5340505
-10.258928168006376,166.875,30.001856,0.52553695
-10.258928168006376,168.75,30.000078,0.52208436
-10.258928168006376,170.625,29.995136,0.5302333
-10.258928168006376,172.5,29.952578,0.53224343
-10.258928168006376,174.375,29.905937,0.5165461
-10.258928168006376,176.25,29.881035,0.49789423
-10.258928168006376,178.125,29.858398,0.48953223
-10.258928168006376,180.0,29.826328,0.4907082
-10.258928168006376,181.875,29.809433,0.48759222
-10.258928168006376,183.75,29.777657,0.48299792
-10.258928168006376,185.625,29.72416,0.47758558
-10.258928168006376,187.5,29.69705,0.47539556
-10.258928168006376,189.375,29.664003,0.4862143
-10.258928168006376,191.25,29.610157,0.5014553
-10.258928168006376,193.125,29.570137,0.51930034
-10.258928168006376,195.0,29.532988,0.5325734
-10.258928168006376,196.875,29.465704,0.54338115
-10.258928168006376,198.75,29.412832,0.54900044
-10.258928168006376,200.625,29.372597,0.5563502
-10.258928168006376,202.5,29.316368,0.5601901
-10.258928168006376,204.375,29.25291,0.5575574
-10.258928168006376,206.25,29.189102,0.55357254
-10.258928168006376,208.125,29.13578,0.55135405
-10.258928168006376,210.0,29.054218,0.5511799
-10.258928168006376,211.875,28.979921,0.5483476
-10.258928168006376,213.75,28.926933,0.55788964
-10.258928168006376,215.625,28.790176,0.5695479
-10.258928168006376,217.5,28.62078,0.557254
-10.258928168006376,219.375,28.575293,0.5690169
-10.258928168006376,221.25,28.498594,0.5893124
-10.258928168006376,223.125,28.331114,0.58107275
-10.258928168006376,225.0,28.194317,0.5659828
-10.258928168006376,226.875,28.133125,0.57650024
-10.258928168006376,228.75,27.998125,0.5778336
-10.258928168006376,230.625,27.782696,0.5687272
-10.258928168006376,232.5,27.607872,0.55791456
-10.258928168006376,234.375,27.546581,0.5570359
-10.258928168006376,236.25,27.489141,0.5522877
-10.258928168006376,238.125,27.307558,0.53663903
-10.258928168006376,240.0,27.198593,0.5233512
-10.258928168006376,241.875,27.179375,0.51481754
-10.258928168006376,243.75,27.037832,0.49733305
-10.258928168006376,245.625,26.895273,0.48332417
-10.258928168006376,247.5,26.954784,0.47482455
-10.258928168006376,249.375,26.925177,0.46008974
-10.258928168006376,251.25,26.653887,0.444321
-10.258928168006376,253.125,26.733946,0.43780613
-10.258928168006376,255.0,26.900723,0.4198654
-10.258928168006376,256.875,26.676035,0.39343104
-10.258928168006376,258.75,26.634981,0.40079674
-10.258928168006376,260.625,26.92373,0.39184555
-10.258928168006376,262.5,26.840567,0.37709397
-10.258928168006376,264.375,26.550098,0.3812473
-10.258928168006376,266.25,26.76543,0.38243604
-10.258928168006376,268.125,26.916504,0.39016923
-10.258928168006376,270.0,26.748085,0.4047859
-10.258928168006376,271.875,26.940683,0.436329
-10.258928168006376,273.75,26.86668,0.49347532
-10.258928168006376,275.625,25.843184,0.5793064
-10.258928168006376,277.5,24.932714,0.7772933
-10.258928168006376,279.375,24.188692,0.71676874
-10.258928168006376,281.25,23.612188,0.63343984
-10.258928168006376,283.125,16.0784,0.66804624
-10.258928168006376,285.0,17.133146,0.5006467
-10.258928168006376,286.875,23.714277,0.47617814
-10.258928168006376,288.75,26.645664,0.54744774
-10.258928168006376,290.625,25.837343,0.4831133
-10.258928168006376,292.5,25.170273,0.5105673
-10.258928168006376,294.375,24.831192,0.5064297
-10.258928168006376,296.25,24.304102,0.48872364
-10.258928168006376,298.125,24.609356,0.43393427
-10.258928168006376,300.0,25.069374,0.45179415
-10.258928168006376,301.875,24.50379,0.47888753
-10.258928168006376,303.75,23.822422,0.5115604
-10.258928168006376,305.625,23.665136,0.48280108
-10.258928168006376,307.5,23.802343,0.4872532
-10.258928168006376,309.375,23.932245,0.50920665
-10.258928168006376,311.25,23.714746,0.48149002
-10.258928168006376,313.125,22.88791,0.44979987
-10.258928168006376,315.0,22.313671,0.41924813
-10.258928168006376,316.875,22.431211,0.46257263
-10.258928168006376,318.75,22.568653,0.5143856
-10.258928168006376,320.625,22.958593,0.46092692
-10.258928168006376,322.5,24.379942,0.7020069
-10.258928168006376,324.375,28.285625,0.46659765
-10.258928168006376,326.25,28.335625,0.46221444
-10.258928168006376,328.125,28.476778,0.53057975
-10.258928168006376,330.0,28.680645,0.56495684
-10.258928168006376,331.875,28.648575,0.5126043
-10.258928168006376,333.75,28.708458,0.46643373
-10.258928168006376,335.625,28.767988,0.4758593
-10.258928168006376,337.5,28.744356,0.4965018
-10.258928168006376,339.375,28.744394,0.49514982
-10.258928168006376,341.25,28.766777,0.4830663
-10.258928168006376,343.125,28.69715,0.47647437
-10.258928168006376,345.0,28.697832,0.4763115
-10.258928168006376,346.875,28.71291,0.48623845
-10.258928168006376,348.75,28.644766,0.4829535
-10.258928168006376,350.625,28.643867,0.46513045
-10.258928168006376,352.5,28.791523,0.44984475
-10.258928168006376,354.375,28.742851,0.45367062
-10.258928168006376,356.25,28.710762,0.4855889
-10.258928168006376,358.125,28.851524,0.48340783
-8.393668907692383,0.0,28.937794,0.5967445
-8.393668907692383,1.875,28.784883,0.63523376
-8.393668907692383,3.75,28.671524,0.6747625
-8.393668907692383,5.625,28.688261,0.6678925
-8.393668907692383,7.5,28.647676,0.6420787
-8.393668907692383,9.375,28.734413,0.5963941
-8.393668907692383,11.25,28.870527,0.532676
-8.393668907692383,13.125,29.250273,0.4354412
-8.393668907692383,15.0,22.303438,0.37595546
-8.393668907692383,16.875,20.754864,0.3881892
-8.393668907692383,18.75,21.353945,0.4027634
-8.393668907692383,20.625,21.921171,0.4275976
-8.393668907692383,22.5,21.285782,0.45534205
-8.393668907692383,24.375,21.146015,0.45889097
-8.393668907692383,26.25,21.752792,0.49154854
-8.393668907692383,28.125,21.45166,0.4965319
-8.393668907692383,30.0,20.317013,0.4639224
-8.393668907692383,31.875,19.843145,0.49770227
-8.393668907692383,33.75,19.80926,0.76744795
-8.393668907692383,35.625,21.236055,1.0485364
-8.393668907692383,37.5,25.203613,1.4628665
-8.393668907692383,39.375,28.9983,1.287476
-8.393668907692383,41.25,28.116327,0.5272374
-8.393668907692383,43.125,28.39666,0.53098047
-8.393668907692383,45.0,28.672247,0.5251762
-8.393668907692383,46.875,28.49256,0.5291223
-8.393668907692383,48.75,28.264101,0.5183017
-8.393668907692383,50.625,28.286095,0.5486812
-8.393668907692383,52.5,28.333612,0.575184
-8.393668907692383,54.375,28.19715,0.59477335
-8.393668907692383,56.25,28.04121,0.6303899
-8.393668907692383,58.125,28.015781,0.6825321
-8.393668907692383,60.0,28.027832,0.7223365
-8.393668907692383,61.875,28.082169,0.75346893
-8.393668907692383,63.75,28.223106,0.7653769
-8.393668907692383,65.625,28.291153,0.78354454
-8.393668907692383,67.5,28.307442,0.8199878
-8.393668907692383,69.375,28.356464,0.8507308
-8.393668907692383,71.25,28.418085,0.85242194
-8.393668907692383,73.125,28.521328,0.8593173
-8.393668907692383,75.0,28.620586,0.87186843
-8.393668907692383,76.875,28.660273,0.89910585
-8.393668907692383,78.75,28.690508,0.9048076
-8.393668907692383,80.625,28.723886,0.90431297
-8.393668907692383,82.5,28.76369,0.8858049
-8.393668907692383,84.375,28.793926,0.87379175
-8.393668907692383,86.25,28.799473,0.87668663
-8.393668907692383,88.125,28.779375,0.89276874
-8.393668907692383,90.0,28.770489,0.8896016
-8.393668907692383,91.875,28.734629,0.8895811
-8.393668907692383,93.75,28.662735,0.9125941
-8.393668907692383,95.625,28.5775,0.9144838
-8.393668907692383,97.5,28.479511,0.85694134
-8.393668907692383,99.375,28.315332,0.7878639
-8.393668907692383,101.25,28.172636,0.72834283
-8.393668907692383,103.125,28.18422,0.65373784
-8.393668907692383,105.0,28.303144,0.5654379
-8.393668907692383,106.875,28.457363,0.50114614
-8.393668907692383,108.75,28.628202,0.46232608
-8.393668907692383,110.625,26.291641,0.93821937
-8.393668907692383,112.5,28.502636,0.43235126
-8.393668907692383,114.375,28.314337,0.43422183
-8.393668907692383,116.25,28.226524,0.45609996
-8.393668907692383,118.125,28.054747,0.48285618
-8.393668907692383,120.0,27.884296,0.5068879
-8.393668907692383,121.875,27.860292,0.52999765
-8.393668907692383,123.75,27.919395,0.55731535
-8.393668907692383,125.625,27.933926,0.58850956
-8.393668907692383,127.5,28.08543,0.63173234
-8.393668907692383,129.375,28.177734,0.7137615
-8.393668907692383,131.25,28.377304,0.779002
-8.393668907692383,133.125,28.6992,0.7283884
-8.393668907692383,135.0,29.067598,0.77529985
-8.393668907692383,136.875,29.32619,0.89882666
-8.393668907692383,138.75,29.959375,1.1160873
-8.393668907692383,140.625,29.14711,1.5892984
-8.393668907692383,142.5,25.593086,0.7960046
-8.393668907692383,144.375,23.714825,0.46336195
-8.393668907692383,146.25,29.388456,0.43146023
-8.393668907692383,148.125,29.012989,0.65716165
-8.393668907692383,150.0,29.23205,0.60390705
-8.393668907692383,151.875,29.526953,0.68480027
-8.393668907692383,153.75,29.785273,0.7267685
-8.393668907692383,155.625,29.91789,0.7119013
-8.393668907692383,157.5,29.976562,0.6683217
-8.393668907692383,159.375,29.967989,0.6276433
-8.393668907692383,161.25,29.933966,0.60566026
-8.393668907692383,163.125,29.989784,0.5962954
-8.393668907692383,165.0,30.047676,0.5841955
-8.393668907692383,166.875,30.036524,0.5715887
-8.393668907692383,168.75,29.997831,0.55973345
-8.393668907692383,170.625,29.988419,0.5491641
-8.393668907692383,172.5,29.928808,0.5420836
-8.393668907692383,174.375,29.86119,0.53589
-8.393668907692383,176.25,29.822657,0.53580457
-8.393668907692383,178.125,29.769493,0.5455062
-8.393668907692383,180.0,29.712168,0.5597262
-8.393668907692383,181.875,29.656347,0.5664854
-8.393668907692383,183.75,29.56203,0.5674401
-8.393668907692383,185.625,29.50082,0.57065743
-8.393668907692383,187.5,29.467676,0.5856946
-8.393668907692383,189.375,29.400253,0.6078885
-8.393668907692383,191.25,29.343105,0.62686205
-8.393668907692383,193.125,29.293613,0.64585733
-8.393668907692383,195.0,29.18539,0.671837
-8.393668907692383,196.875,29.063828,0.68235785
-8.393668907692383,198.75,28.983477,0.6893496
-8.393668907692383,200.625,28.926874,0.6951016
-8.393668907692383,202.5,28.866837,0.69286543
-8.393668907692383,204.375,28.727617,0.6990146
-8.393668907692383,206.25,28.610136,0.69956696
-8.393668907692383,208.125,28.536055,0.6955731
-8.393668907692383,210.0,28.43959,0.68345207
-8.393668907692383,211.875,28.356699,0.671884
-8.393668907692383,213.75,28.323809,0.6773599
-8.393668907692383,215.625,28.256992,0.6840465
-8.393668907692383,217.5,28.116426,0.6707176
-8.393668907692383,219.375,27.971153,0.6650046
-8.393668907692383,221.25,27.925137,0.66085404
-8.393668907692383,223.125,27.849043,0.6452815
-8.393668907692383,225.0,27.693262,0.6317235
-8.393668907692383,226.875,27.59666,0.62373877
-8.393668907692383,228.75,27.575624,0.6130777
-8.393668907692383,230.625,27.535372,0.5963993
-8.393668907692383,232.5,27.426289,0.58162063
-8.393668907692383,234.375,27.32041,0.5811674
-8.393668907692383,236.25,27.272285,0.5699272
-8.393668907692383,238.125,27.167305,0.54904175
-8.393668907692383,240.0,27.096777,0.53712916
-8.393668907692383,241.875,27.165586,0.5297673
-8.393668907692383,243.75,27.14754,0.51624346
-8.393668907692383,245.625,26.935997,0.50337386
-8.393668907692383,247.5,26.980919,0.5035201
-8.393668907692383,249.375,27.087618,0.49487346
-8.393668907692383,251.25,26.91332,0.47221884
-8.393668907692383,253.125,26.918945,0.46218246
-8.393668907692383,255.0,27.117247,0.4548776
-8.393668907692383,256.875,27.109337,0.4537274
-8.393668907692383,258.75,27.005722,0.4478252
-8.393668907692383,260.625,27.144258,0.4361188
-8.393668907692383,262.5,27.248907,0.4301199
-8.393668907692383,264.375,27.171972,0.42885804
-8.393668907692383,266.25,27.226894,0.4275495
-8.393668907692383,268.125,27.263788,0.44752973
-8.393668907692383,270.0,27.330137,0.4725147
-8.393668907692383,271.875,27.464355,0.5018298
-8.393668907692383,273.75,26.845684,0.5922822
-8.393668907692383,275.625,25.298672,0.75011593
-8.393668907692383,277.5,24.691933,0.8543101
-8.393668907692383,279.375,24.17332,0.8072734
-8.393668907692383,281.25,20.143692,0.6065966
-8.393668907692383,283.125,16.931953,0.62449974
-8.393668907692383,285.0,21.156034,0.4631765
-8.393668907692383,286.875,26.388165,0.69844216
-8.393668907692383,288.75,25.885977,0.49601915
-8.393668907692383,290.625,23.960371,0.45243037
-8.393668907692383,292.5,24.19205,0.44226494
-8.393668907692383,294.375,25.15582,0.45596805
-8.393668907692383,296.25,25.572598,0.519916
-8.393668907692383,298.125,25.352911,0.49477154
-8.393668907692383,300.0,24.824453,0.48116833
-8.393668907692383,301.875,24.634512,0.52381605
-8.393668907692383,303.75,24.558926,0.5525232
-8.393668907692383,305.625,23.863907,0.5471976
-8.393668907692383,307.5,23.249062,0.4339585
-8.393668907692383,309.375,23.611816,0.420818
-8.393668907692383,311.25,23.915821,0.4607876
-8.393668907692383,313.125,23.193047,0.41705367
-8.393668907692383,315.0,22.82123,0.3702021
-8.393668907692383,316.875,22.85662,0.39099234
-8.393668907692383,318.75,22.445215,0.40713155
-8.393668907692383,320.625,22.165136,0.37011883
-8.393668907692383,322.5,22.888594,0.47350618
-8.393668907692383,324.375,24.248652,0.62021273
-8.393668907692383,326.25,28.145391,0.5113115
-8.393668907692383,328.125,28.426895,0.6127146
-8.393668907692383,330.0,28.773184,0.6852556
-8.393668907692383,331.875,28.738008,0.6153037
-8.393668907692383,333.75,28.820507,0.5794044
-8.393668907692383,335.625,28.910234,0.5623346
-8.393668907692383,337.5,28.873085,0.57073814
-8.393668907692383,339.375,28.910175,0.5765741
-8.393668907692383,341.25,29.031034,0.5623289
-8.393668907692383,343.125,29.004433,0.5362634
-8.393668907692383,345.0,29.026602,0.5352642
-8.393668907692383,346.875,29.146465,0.5456484
-8.393668907692383,348.75,29.080742,0.5212309
-8.393668907692383,350.625,28.987988,0.49561593
-8.393668907692383,352.5,29.124863,0.50972843
-8.393668907692383,354.375,29.134453,0.5125352
-8.393668907692383,356.25,28.950996,0.5073753
-8.393668907692383,358.125,28.929337,0.53742725
-6.5284094014799905,0.0,28.793419,0.6883995
-6.5284094014799905,1.875,28.69119,0.7057421
-6.5284094014799905,3.75,28.596699,0.7190561
-6.5284094014799905,5.625,28.534824,0.66812444
-6.5284094014799905,7.5,28.558966,0.6164477
-6.5284094014799905,9.375,28.715488,0.49026003
-6.5284094014799905,11.25,27.99713,0.4250277
-6.5284094014799905,13.125,24.158087,0.3771885
-6.5284094014799905,15.0,22.202734,0.37359542
-6.5284094014799905,16.875,21.758282,0.37733066
-6.5284094014799905,18.75,22.60453,0.38922897
-6.5284094014799905,20.625,22.886738,0.40289733
-6.5284094014799905,22.5,22.263575,0.42405483
-6.5284094014799905,24.375,22.49666,0.4526562
-6.5284094014799905,26.25,23.118555,0.5498018
-6.5284094014799905,28.125,22.267656,0.4926276
-6.5284094014799905,30.0,21.100351,0.46300924
-6.5284094014799905,31.875,20.61459,0.605276
-6.5284094014799905,33.75,20.518261,0.9089161
-6.5284094014799905,35.625,21.188671,1.0881195
-6.5284094014799905,37.5,24.82619,1.2344548
-6.5284094014799905,39.375,27.878515,0.48321444
-6.5284094014799905,41.25,27.870644,0.5420722
-6.5284094014799905,43.125,28.242989,0.5558415
-6.5284094014799905,45.0,28.585644,0.51877695
-6.5284094014799905,46.875,28.704863,0.4642934
-6.5284094014799905,48.75,28.579374,0.42968088
-6.5284094014799905,50.625,28.525352,0.45793048
-6.5284094014799905,52.5,28.499668,0.51560944
-6.5284094014799905,54.375,28.391582,0.56074667
-6.5284094014799905,56.25,28.265997,0.60223854
-6.5284094014799905,58.125,28.16789,0.6614184
-6.5284094014799905,60.0,28.098476,0.7146708
-6.5284094014799905,61.875,28.1034,0.753482
-6.5284094014799905,63.75,28.196934,0.77608824
-6.5284094014799905,65.625,28.2517,0.80265045
-6.5284094014799905,67.5,28.29049,0.83839023
-6.5284094014799905,69.375,28.350567,0.8700897
-6.5284094014799905,71.25,28.391151,0.8913512
-6.5284094014799905,73.125,28.42836,0.9079008
-6.5284094014799905,75.0,28.433243,0.91257113
-6.5284094014799905,76.875,28.4108,0.9192183
-6.5284094014799905,78.75,28.41297,0.9321695
-6.5284094014799905,80.625,28.412304,0.94308656
-6.5284094014799905,82.5,28.399786,0.93498456
-6.5284094014799905,84.375,28.405937,0.9309409
-6.5284094014799905,86.25,28.386211,0.9465317
-6.5284094014799905,88.125,28.309298,0.9383544
-6.5284094014799905,90.0,28.324942,0.9289083
-6.5284094014799905,91.875,28.366894,0.9324801
-6.5284094014799905,93.75,28.325274,0.9328641
-6.5284094014799905,95.625,28.321815,0.9145039
-6.5284094014799905,97.5,28.340626,0.86222243
-6.5284094014799905,99.375,28.262383,0.76366
-6.5284094014799905,101.25,28.197851,0.674818
-6.5284094014799905,103.125,28.419785,0.58223295
-6.5284094014799905,105.0,28.638945,0.47165662
-6.5284094014799905,106.875,25.13373,0.64336485
-6.5284094014799905,108.75,28.25457,0.44918963
-6.5284094014799905,110.625,28.084883,0.4870745
-6.5284094014799905,112.5,28.072382,0.48317525
-6.5284094014799905,114.375,28.161583,0.49220362
-6.5284094014799905,116.25,28.276993,0.49995732
-6.5284094014799905,118.125,28.268223,0.49068397
-6.5284094014799905,120.0,28.182207,0.4952996
-6.5284094014799905,121.875,28.048418,0.5259886
-6.5284094014799905,123.75,27.933535,0.55883586
-6.5284094014799905,125.625,27.968613,0.5981636
-6.5284094014799905,127.5,28.144081,0.64265084
-6.5284094014799905,129.375,28.245312,0.7180932
-6.5284094014799905,131.25,28.461952,0.80718666
-6.5284094014799905,133.125,29.095741,0.8348668
-6.5284094014799905,135.0,29.532265,0.90965647
-6.5284094014799905,136.875,29.567188,0.9284613
-6.5284094014799905,138.75,30.069668,1.1649722
-6.5284094014799905,140.625,24.33791,0.42021406
-6.5284094014799905,142.5,22.655724,0.37851098
-6.5284094014799905,144.375,21.216036,0.34309408
-6.5284094014799905,146.25,22.509706,0.3892575
-6.5284094014799905,148.125,29.245527,0.8556341
-6.5284094014799905,150.0,29.55748,0.798606
-6.5284094014799905,151.875,29.762383,0.8190076
-6.5284094014799905,153.75,29.898594,0.7951936
-6.5284094014799905,155.625,29.98416,0.7394118
-6.5284094014799905,157.5,30.018164,0.6882868
-6.5284094014799905,159.375,30.010216,0.65484995
-6.5284094014799905,161.25,29.985743,0.63985425
-6.5284094014799905,163.125,30.011015,0.62855804
-6.5284094014799905,165.0,29.997831,0.6114789
-6.5284094014799905,166.875,29.952715,0.59934527
-6.5284094014799905,168.75,29.88125,0.5996874
-6.5284094014799905,170.625,29.793535,0.60557014
-6.5284094014799905,172.5,29.686974,0.6182763
-6.5284094014799905,174.375,29.597559,0.6379336
-6.5284094014799905,176.25,29.526894,0.65698534
-6.5284094014799905,178.125,29.44539,0.6765945
-6.5284094014799905,180.0,29.378847,0.6934302
-6.5284094014799905,181.875,29.26088,0.7255835
-6.5284094014799905,183.75,29.143085,0.74997336
-6.5284094014799905,185.625,29.030743,0.77464604
-6.5284094014799905,187.5,28.926933,0.79112166
-6.5284094014799905,189.375,28.821856,0.79654086
-6.5284094014799905,191.25,28.72998,0.8059475
-6.5284094014799905,193.125,28.569452,0.8273399
-6.5284094014799905,195.0,28.435547,0.8359842
-6.5284094014799905,196.875,28.309608,0.8438143
-6.5284094014799905,198.75,28.209845,0.8524187
-6.5284094014799905,200.625,28.137207,0.8556822
-6.5284094014799905,202.5,28.014511,0.8593177
-6.5284094014799905,204.375,27.892187,0.8541026
-6.5284094014799905,206.25,27.79248,0.8429882
-6.5284094014799905,208.125,27.709726,0.8306845
-6.5284094014799905,210.0,27.64207,0.808964
-6.5284094014799905,211.875,27.513145,0.798933
-6.5284094014799905,213.75,27.388731,0.7998049
-6.5284094014799905,215.625,27.349375,0.7851385
-6.5284094014799905,217.5,27.291698,0.7652668
-6.5284094014799905,219.375,27.222284,0.7484098
-6.5284094014799905,221.25,27.194843,0.7396319
-6.5284094014799905,223.125,27.153126,0.73271334
-6.5284094014799905,225.0,27.096348,0.71433306
-6.5284094014799905,226.875,27.017109,0.70313185
-6.5284094014799905,228.75,27.001972,0.69775456
-6.5284094014799905,230.625,27.068926,0.68332845
-6.5284094014799905,232.5,26.972929,0.68688095
-6.5284094014799905,234.375,26.892616,0.6886913
-6.5284094014799905,236.25,26.914532,0.6755016
-6.5284094014799905,238.125,26.946796,0.63674086
-6.5284094014799905,240.0,26.863691,0.6202588
-6.5284094014799905,241.875,26.874903,0.6247981
-6.5284094014799905,243.75,26.930937,0.6172725
-6.5284094014799905,245.625,26.834044,0.6036811
-6.5284094014799905,247.5,26.855684,0.6043489
-6.5284094014799905,249.375,27.065273,0.581534
-6.5284094014799905,251.25,27.106035,0.5601714
-6.5284094014799905,253.125,27.018946,0.54618967
-6.5284094014799905,255.0,27.07041,0.53406596
-6.5284094014799905,256.875,27.150684,0.52761096
-6.5284094014799905,258.75,27.161133,0.5129592
-6.5284094014799905,260.625,27.210781,0.50083804
-6.5284094014799905,262.5,27.333223,0.48702312
-6.5284094014799905,264.375,27.532167,0.4854851
-6.5284094014799905,266.25,27.609825,0.48685834
-6.5284094014799905,268.125,27.485762,0.50189507
-6.5284094014799905,270.0,27.485489,0.527661
-6.5284094014799905,271.875,27.524511,0.5628373
-6.5284094014799905,273.75,26.68047,0.70248854
-6.5284094014799905,275.625,25.357403,0.918477
-6.5284094014799905,277.5,25.151796,0.9214063
-6.5284094014799905,279.375,25.008085,0.86334914
-6.5284094014799905,281.25,20.482246,0.7684205
-6.5284094014799905,283.125,20.520859,0.79922795
-6.5284094014799905,285.0,24.794317,0.73336774
-6.5284094014799905,286.875,25.785683,0.77607054
-6.5284094014799905,288.75,24.011055,0.454979
-6.5284094014799905,290.625,24.409023,0.51444244
-6.5284094014799905,292.5,25.836016,0.51688725
-6.5284094014799905,294.375,25.973886,0.4924324
-6.5284094014799905,296.25,25.751308,0.5527708
-6.5284094014799905,298.125,25.504414,0.61865157
-6.5284094014799905,300.0,24.832851,0.7125077
-6.5284094014799905,301.875,24.913612,0.88521194
-6.5284094014799905,303.75,25.084766,1.0267755
-6.5284094014799905,305.625,24.208046,0.9307957
-6.5284094014799905,307.5,23.306465,0.57568026
-6.5284094014799905,309.375,23.72459,0.4717195
-6.5284094014799905,311.25,23.93291,0.5190851
-6.5284094014799905,313.125,23.491894,0.5186401
-6.5284094014799905,315.0,23.389727,0.39532512
-6.5284094014799905,316.875,23.426075,0.39884502
-6.5284094014799905,318.75,22.646387,0.4115643
-6.5284094014799905,320.625,22.302284,0.43269578
-6.5284094014799905,322.5,23.094551,0.5986476
-6.5284094014799905,324.375,24.196796,0.7162743
-6.5284094014799905,326.25,27.757265,0.6647737
-6.5284094014799905,328.125,28.26707,0.72156096
-6.5284094014799905,330.0,28.682188,0.74573797
-6.5284094014799905,331.875,28.781544,0.6465442
-6.5284094014799905,333.75,28.841562,0.6119316
-6.5284094014799905,335.625,28.917696,0.63232195
-6.5284094014799905,337.5,28.888262,0.64696604
-6.5284094014799905,339.375,28.936073,0.66189075
-6.5284094014799905,341.25,29.094276,0.6537508
-6.5284094014799905,343.125,29.129707,0.62106633
-6.5284094014799905,345.0,29.106739,0.59401727
-6.5284094014799905,346.875,29.199669,0.59354645
-6.5284094014799905,348.75,29.231073,0.59323776
-6.5284094014799905,350.625,29.146992,0.5807609
-6.5284094014799905,352.5,29.13418,0.5814008
-6.5284094014799905,354.375,29.124083,0.59624594
-6.5284094014799905,356.25,28.977402,0.60779476
-6.5284094014799905,358.125,28.839825,0.6528622
-4.663149706177884,0.0,28.782598,0.6367419
-4.663149706177884,1.875,28.722246,0.64720947
-4.663149706177884,3.75,28.749355,0.62961286
-4.663149706177884,5.625,28.744062,0.57188356
-4.663149706177884,7.5,28.832207,0.5372605
-4.663149706177884,9.375,29.157383,0.42777166
-4.663149706177884,11.25,28.945078,0.34806988
-4.663149706177884,13.125,23.551386,0.3794049
-4.663149706177884,15.0,22.681757,0.34557205
-4.663149706177884,16.875,23.058847,0.3454859
-4.663149706177884,18.75,23.70787,0.35121864
-4.663149706177884,20.625,23.541445,0.38435525
-4.663149706177884,22.5,23.30506,0.41112766
-4.663149706177884,24.375,23.941347,0.5640551
-4.663149706177884,26.25,23.006523,0.42438066
-4.663149706177884,28.125,20.602364,0.43104187
-4.663149706177884,30.0,19.887365,0.48190597
-4.663149706177884,31.875,21.504845,0.7831034
-4.663149706177884,33.75,21.884356,1.1670403
-4.663149706177884,35.625,21.711132,1.3379755
-4.663149706177884,37.5,25.438711,1.2928449
-4.663149706177884,39.375,27.208261,0.5775681
-4.663149706177884,41.25,27.28172,0.5941535
-4.663149706177884,43.125,27.064394,0.66012543
-4.663149706177884,45.0,26.986622,0.6228798
-4.663149706177884,46.875,27.428204,0.5345514
-4.663149706177884,48.75,27.8259,0.4702003
-4.663149706177884,50.625,28.075918,0.42989987
-4.663149706177884,52.5,28.292578,0.4332639
-4.663149706177884,54.375,28.45506,0.46676892
-4.663149706177884,56.25,28.556992,0.5238085
-4.663149706177884,58.125,28.562597,0.57743645
-4.663149706177884,60.0,28.504238,0.63094527
-4.663149706177884,61.875,28.478144,0.6955049
-4.663149706177884,63.75,28.496504,0.7417425
-4.663149706177884,65.625,28.504824,0.7659444
-4.663149706177884,67.5,28.53375,0.79582226
-4.663149706177884,69.375,28.56877,0.8195796
-4.663149706177884,71.25,28.590216,0.83075327
-4.663149706177884,73.125,28.611425,0.8454928
-4.663149706177884,75.0,28.594727,0.85512936
-4.663149706177884,76.875,28.54168,0.86195886
-4.663149706177884,78.75,28.50043,0.88172436
-4.663149706177884,80.625,28.44539,0.90733814
-4.663149706177884,82.5,28.37869,0.9284356
-4.663149706177884,84.375,28.373789,0.9484695
-4.663149706177884,86.25,28.378399,0.9662057
-4.663149706177884,88.125,28.319824,0.9613632
-4.663149706177884,90.0,28.303007,0.9515111
-4.663149706177884,91.875,28.334942,0.92712647
-4.663149706177884,93.75,28.279062,0.87429863
-4.663149706177884,95.625,28.289532,0.82650095
-4.663149706177884,97.5,28.372597,0.74947137
-4.663149706177884,99.375,28.376524,0.6475184
-4.663149706177884,101.25,28.41369,0.5847071
-4.663149706177884,103.125,28.60705,0.5728459
-4.663149706177884,105.0,25.161856,0.4596714
-4.663149706177884,106.875,28.070137,0.51967525
-4.663149706177884,108.75,27.95166,0.5144058
-4.663149706177884,110.625,27.97418,0.51325357
-4.663149706177884,112.5,28.079239,0.5130152
-4.663149706177884,114.375,27.148848,1.5512182
-4.663149706177884,116.25,28.6725,0.54233724
-4.663149706177884,118.125,28.501192,0.51357234
-4.663149706177884,120.0,28.536386,0.49924392
-4.663149706177884,121.875,28.626368,0.51457685
-4.663149706177884,123.75,28.383614,0.5763981
-4.663149706177884,125.625,28.243242,0.67341596
-4.663149706177884,127.5,28.395058,0.7703773
-4.663149706177884,129.375,28.668085,0.8237387
-4.663149706177884,131.25,29.196308,0.8376291
-4.663149706177884,133.125,29.817696,0.7552005
-4.663149706177884,135.0,24.462461,0.3151372
-4.663149706177884,136.875,23.013966,0.31202906
-4.663149706177884,138.75,22.30787,0.3962382
-4.663149706177884,140.625,22.186348,0.37023297
-4.663149706177884,142.5,22.565058,0.52225864
-4.663149706177884,144.375,29.030743,1.0651954
-4.663149706177884,146.25,29.384258,1.0208107
-4.663149706177884,148.125,29.675528,0.9841939
-4.663149706177884,150.0,29.810781,0.9052425
-4.663149706177884,151.875,29.844355,0.8279762
-4.663149706177884,153.75,29.905293,0.7509907
-4.663149706177884,155.625,29.925098,0.71031445
-4.663149706177884,157.5,29.895567,0.70734036
-4.663149706177884,159.375,29.835997,0.7153163
-4.663149706177884,161.25,29.75672,0.7255856
-4.663149706177884,163.125,29.675957,0.73698694
-4.663149706177884,165.0,29.58584,0.74647874
-4.663149706177884,166.875,29.452852,0.7822533
-4.663149706177884,168.75,29.320156,0.8124333
-4.663149706177884,170.625,29.187227,0.8327236
-4.663149706177884,172.5,29.053106,0.85394156
-4.663149706177884,174.375,28.932968,0.8763131
-4.663149706177884,176.25,28.819746,0.8947027
-4.663149706177884,178.125,28.703867,0.91533566
-4.663149706177884,180.0,28.531523,0.95637834
-4.663149706177884,181.875,28.393692,0.976507
-4.663149706177884,183.75,28.25584,0.9890076
-4.663149706177884,185.625,28.121855,0.9968754
-4.663149706177884,187.5,27.994942,0.99854076
-4.663149706177884,189.375,27.86834,0.9960962
-4.663149706177884,191.25,27.687538,1.0082129
-4.663149706177884,193.125,27.56793,1.0069983
-4.663149706177884,195.0,27.4592,1.0069573
-4.663149706177884,196.875,27.35205,1.0113064
-4.663149706177884,198.75,27.245743,1.0183969
-4.663149706177884,200.625,27.091015,1.0236192
-4.663149706177884,202.5,26.971132,1.0144606
-4.663149706177884,204.375,26.903008,0.9983698
-4.663149706177884,206.25,26.819708,0.97924036
-4.663149706177884,208.125,26.757675,0.9613668
-4.663149706177884,210.0,26.690235,0.9498263
-4.663149706177884,211.875,26.584707,0.9455158
-4.663149706177884,213.75,26.509277,0.9326171
-4.663149706177884,215.625,26.462208,0.92407095
-4.663149706177884,217.5,26.445234,0.9180808
-4.663149706177884,219.375,26.416739,0.91658443
-4.663149706177884,221.25,26.343046,0.9182147
-4.663149706177884,223.125,26.32332,0.9024801
-4.663149706177884,225.0,26.314747,0.8868129
-4.663149706177884,226.875,26.275156,0.88052446
-4.663149706177884,228.75,26.211016,0.8902827
-4.663149706177884,230.625,26.16334,0.90986085
-4.663149706177884,232.5,26.194708,0.8961555
-4.663149706177884,234.375,26.162344,0.9003844
-4.663149706177884,236.25,26.223495,0.9042098
-4.663149706177884,238.125,26.31541,0.8792424
-4.663149706177884,240.0,26.23297,0.86148965
-4.663149706177884,241.875,26.161036,0.86483294
-4.663149706177884,243.75,26.256386,0.8588973
-4.663149706177884,245.625,26.38373,0.8162304
-4.663149706177884,247.5,26.401718,0.7878896
-4.663149706177884,249.375,26.450722,0.7875237
-4.663149706177884,251.25,26.604864,0.7634195
-4.663149706177884,253.125,26.749102,0.718133
-4.663149706177884,255.0,26.822247,0.6862256
-4.663149706177884,256.875,26.950878,0.66404283
-4.663149706177884,258.75,27.213203,0.6397193
-4.663149706177884,260.625,27.32338,0.63401496
-4.663149706177884,262.5,27.26668,0.6165918
-4.663149706177884,264.375,27.36334,0.59468
-4.663149706177884,266.25,27.504532,0.6037409
-4.663149706177884,268.125,27.4159,0.6308132
-4.663149706177884,270.0,27.335665,0.6807993
-4.663149706177884,271.875,27.137774,0.7428908
-4.663149706177884,273.75,26.422792,0.86574566
-4.663149706177884,275.625,25.977089,0.971957
-4.663149706177884,277.5,25.893984,0.92002386
-4.663149706177884,279.375,23.715157,0.6470686
-4.663149706177884,281.25,20.57205,0.7699973
-4.663149706177884,283.125,24.382597,1.3107618
-4.663149706177884,285.0,28.151524,1.8648428
-4.663149706177884,286.875,25.975977,0.7952105
-4.663149706177884,288.75,24.525469,0.55270946
-4.663149706177884,290.625,26.872324,1.0474236
-4.663149706177884,292.5,27.943457,1.5469054
-4.663149706177884,294.375,25.407305,0.6130216
-4.663149706177884,296.25,25.284903,0.6006924
-4.663149706177884,298.125,26.837364,1.3171254
-4.663149706177884,300.0,27.122402,2.0199566
-4.663149706177884,301.875,26.77125,2.0744493
-4.663149706177884,303.75,26.595898,1.9594486
-4.663149706177884,305.625,25.510918,1.5010464
-4.663149706177884,307.5,24.782677,1.1109506
-4.663149706177884,309.375,24.934376,0.98611456
-4.663149706177884,311.25,24.542969,0.9878745
-4.663149706177884,313.125,23.959492,0.8027382
-4.663149706177884,315.0,24.295977,0.6357501
-4.663149706177884,316.875,24.329102,0.5144429
-4.663149706177884,318.75,23.710215,0.43720663
-4.663149706177884,320.625,23.761543,0.5521786
-4.663149706177884,322.5,25.042578,0.75554496
-4.663149706177884,324.375,27.463984,0.89815927
-4.663149706177884,326.25,27.74082,0.7910049
-4.663149706177884,328.125,28.252636,0.76497644
-4.663149706177884,330.0,28.58088,0.6578845
-4.663149706177884,331.875,28.834766,0.5866311
-4.663149706177884,333.75,29.003847,0.5620517
-4.663149706177884,335.625,29.060703,0.5659748
-4.663149706177884,337.5,29.054024,0.5767191
-4.663149706177884,339.375,29.10832,0.59541285
-4.663149706177884,341.25,29.184433,0.60013413
-4.663149706177884,343.125,29.227167,0.585832
-4.663149706177884,345.0,29.240644,0.56476617
-4.663149706177884,346.875,29.253925,0.5550222
-4.663149706177884,348.75,29.249765,0.56550944
-4.663149706177884,350.625,29.220976,0.56223935
-4.663149706177884,352.5,29.176348,0.56381327
-4.663149706177884,354.375,29.100254,0.58129245
-4.663149706177884,356.25,29.004179,0.60438806
-4.663149706177884,358.125,28.891308,0.62635297
-2.797889876956741,0.0,29.058731,0.4979644
-2.797889876956741,1.875,29.039297,0.5164221
-2.797889876956741,3.75,29.117247,0.5056157
-2.797889876956741,5.625,29.146797,0.47832915
-2.797889876956741,7.5,29.33795,0.41996452
-2.797889876956741,9.375,29.556875,0.3648962
-2.797889876956741,11.25,23.983458,0.3733481
-2.797889876956741,13.125,23.013027,0.3682983
-2.797889876956741,15.0,23.568027,0.37690514
-2.797889876956741,16.875,24.083261,0.3538312
-2.797889876956741,18.75,24.272285,0.34771848
-2.797889876956741,20.625,23.774668,0.36206186
-2.797889876956741,22.5,23.846836,0.4642679
-2.797889876956741,24.375,24.65541,0.82625693
-2.797889876956741,26.25,22.34703,0.4230999
-2.797889876956741,28.125,19.035334,0.42066735
-2.797889876956741,30.0,18.940157,0.5578346
-2.797889876956741,31.875,24.36541,1.2654396
-2.797889876956741,33.75,24.917149,1.7680175
-2.797889876956741,35.625,22.135567,1.8627462
-2.797889876956741,37.5,25.454552,1.3896389
-2.797889876956741,39.375,31.600958,0.72531396
-2.797889876956741,41.25,26.855274,0.581406
-2.797889876956741,43.125,26.082949,0.5246257
-2.797889876956741,45.0,25.97877,0.47889733
-2.797889876956741,46.875,26.524843,0.5130937
-2.797889876956741,48.75,27.118418,0.4952354
-2.797889876956741,50.625,27.5508,0.46263734
-2.797889876956741,52.5,27.938692,0.46009865
-2.797889876956741,54.375,28.245255,0.46509767
-2.797889876956741,56.25,28.49041,0.47292298
-2.797889876956741,58.125,28.6233,0.47896135
-2.797889876956741,60.0,28.70453,0.49546513
-2.797889876956741,61.875,28.78002,0.52813685
-2.797889876956741,63.75,28.802227,0.5443601
-2.797889876956741,65.625,28.797813,0.5504342
-2.797889876956741,67.5,28.822128,0.56502235
-2.797889876956741,69.375,28.829765,0.5833934
-2.797889876956741,71.25,28.835468,0.60380316
-2.797889876956741,73.125,28.892832,0.6231847
-2.797889876956741,75.0,28.919706,0.6311689
-2.797889876956741,76.875,28.913633,0.64007396
-2.797889876956741,78.75,28.913067,0.6625744
-2.797889876956741,80.625,28.888731,0.6801967
-2.797889876956741,82.5,28.833046,0.7010689
-2.797889876956741,84.375,28.775938,0.7476424
-2.797889876956741,86.25,28.758028,0.7871665
-2.797889876956741,88.125,28.704433,0.8027551
-2.797889876956741,90.0,28.660547,0.8006007
-2.797889876956741,91.875,28.656797,0.7654274
-2.797889876956741,93.75,28.622168,0.7118797
-2.797889876956741,95.625,28.648046,0.6631043
-2.797889876956741,97.5,28.701563,0.5639829
-2.797889876956741,99.375,28.668907,0.47859737
-2.797889876956741,101.25,28.54168,0.49411178
-2.797889876956741,103.125,24.20039,0.34228477
-2.797889876956741,105.0,27.95951,0.5956212
-2.797889876956741,106.875,27.59959,0.563471
-2.797889876956741,108.75,27.669806,0.51043326
-2.797889876956741,110.625,28.015976,0.51271755
-2.797889876956741,112.5,25.06043,0.42472026
-2.797889876956741,114.375,25.031797,0.40550366
-2.797889876956741,116.25,25.493242,0.35179073
-2.797889876956741,118.125,28.670038,0.46993613
-2.797889876956741,120.0,23.393946,0.41145778
-2.797889876956741,121.875,24.231464,0.48609704
-2.797889876956741,123.75,28.611406,0.5632309
-2.797889876956741,125.625,28.51744,0.6825071
-2.797889876956741,127.5,28.60293,0.7751002
-2.797889876956741,129.375,28.933203,0.8160556
-2.797889876956741,131.25,29.497149,0.7776651
-2.797889876956741,133.125,24.76543,0.3126023
-2.797889876956741,135.0,24.10129,0.4903713
-2.797889876956741,136.875,29.445938,0.6150686
-2.797889876956741,138.75,29.403965,0.66639227
-2.797889876956741,140.625,29.60164,0.7247838
-2.797889876956741,142.5,29.67205,0.73966163
-2.797889876956741,144.375,29.682695,0.7863127
-2.797889876956741,146.25,29.862696,0.8110098
-2.797889876956741,148.125,29.938183,0.8149086
-2.797889876956741,150.0,29.847754,0.8044763
-2.797889876956741,151.875,29.764141,0.80754447
-2.797889876956741,153.75,29.725918,0.82625353
-2.797889876956741,155.625,29.620937,0.8562068
-2.797889876956741,157.5,29.499336,0.89609873
-2.797889876956741,159.375,29.374784,0.9405847
-2.797889876956741,161.25,29.241465,0.9810937
-2.797889876956741,163.125,29.096172,1.0069697
-2.797889876956741,165.0,28.91373,1.036973
-2.797889876956741,166.875,28.744238,1.0645332
-2.797889876956741,168.75,28.59252,1.0790424
-2.797889876956741,170.625,28.438398,1.0928935
-2.797889876956741,172.5,28.285254,1.1101075
-2.797889876956741,174.375,28.135117,1.1281103
-2.797889876956741,176.25,27.982851,1.1407707
-2.797889876956741,178.125,27.794317,1.1599205
-2.797889876956741,180.0,27.650175,1.163453
-2.797889876956741,181.875,27.522032,1.1618763
-2.797889876956741,183.75,27.399902,1.1641165
-2.797889876956741,185.625,27.282265,1.1658055
-2.797889876956741,187.5,27.162657,1.1577638
-2.797889876956741,189.375,27.002188,1.1548507
-2.797889876956741,191.25,26.880938,1.1442215
-2.797889876956741,193.125,26.766308,1.1351122
-2.797889876956741,195.0,26.654259,1.1293566
-2.797889876956741,196.875,26.554277,1.1300927
-2.797889876956741,198.75,26.429237,1.1328168
-2.797889876956741,200.625,26.277988,1.1270578
-2.797889876956741,202.5,26.193087,1.1124358
-2.797889876956741,204.375,26.129942,1.0974497
-2.797889876956741,206.25,26.047676,1.0883168
-2.797889876956741,208.125,25.967812,1.0855386
-2.797889876956741,210.0,25.85623,1.0829058
-2.797889876956741,211.875,25.807344,1.0764853
-2.797889876956741,213.75,25.762579,1.071193
-2.797889876956741,215.625,25.713692,1.0609783
-2.797889876956741,217.5,25.66461,1.0584927
-2.797889876956741,219.375,25.55746,1.063397
-2.797889876956741,221.25,25.4866,1.0686115
-2.797889876956741,223.125,25.43752,1.0789843
-2.797889876956741,225.0,25.456017,1.0804938
-2.797889876956741,226.875,25.410938,1.0833695
-2.797889876956741,228.75,25.27293,1.1039845
-2.797889876956741,230.625,25.231504,1.1181947
-2.797889876956741,232.5,25.254845,1.1192489
-2.797889876956741,234.375,25.234531,1.1196239
-2.797889876956741,236.25,25.148731,1.1387656
-2.797889876956741,238.125,25.10957,1.1527008
-2.797889876956741,240.0,25.152695,1.1369332
-2.797889876956741,241.875,25.142694,1.141554
-2.797889876956741,243.75,25.22295,1.1477306
-2.797889876956741,245.625,25.298965,1.1354614
-2.797889876956741,247.5,25.33416,1.1049813
-2.797889876956741,249.375,25.34082,1.0914096
-2.797889876956741,251.25,25.501015,1.0682871
-2.797889876956741,253.125,25.844063,1.0129628
-2.797889876956741,255.0,26.059608,0.96041733
-2.797889876956741,256.875,26.135078,0.9431918
-2.797889876956741,258.75,26.37373,0.9089144
-2.797889876956741,260.625,26.67539,0.8625305
-2.797889876956741,262.5,26.753456,0.8329982
-2.797889876956741,264.375,26.88002,0.7975087
-2.797889876956741,266.25,27.07584,0.79183155
-2.797889876956741,268.125,27.076895,0.82448745
-2.797889876956741,270.0,27.05166,0.8775753
-2.797889876956741,271.875,26.877636,0.9354617
-2.797889876956741,273.75,26.381504,0.98626554
-2.797889876956741,275.625,26.217754,1.0086697
-2.797889876956741,277.5,26.414745,0.8752183
-2.797889876956741,279.375,26.025331,0.7481469
-2.797889876956741,281.25,19.049122,0.46234295
-2.797889876956741,283.125,23.202286,1.0484248
-2.797889876956741,285.0,28.748066,2.2210884
-2.797889876956741,286.875,26.369024,0.8606247
-2.797889876956741,288.75,24.876915,0.5504618
-2.797889876956741,290.625,26.49578,0.84224844
-2.797889876956741,292.5,26.69996,1.3603281
-2.797889876956741,294.375,25.126446,0.8134938
-2.797889876956741,296.25,26.577696,1.3117187
-2.797889876956741,298.125,30.072422,2.264882
-2.797889876956741,300.0,29.809044,2.5104592
-2.797889876956741,301.875,28.61709,2.5861988
-2.797889876956741,303.75,28.61377,2.4308074
-2.797889876956741,305.625,28.373672,2.1704361
-2.797889876956741,307.5,28.332598,1.9329627
-2.797889876956741,309.375,28.15666,1.9185616
-2.797889876956741,311.25,26.564415,1.7449061
-2.797889876956741,313.125,26.07711,1.5948018
-2.797889876956741,315.0,26.68375,1.2801005
-2.797889876956741,316.875,28.381407,0.32554817
-2.797889876956741,318.75,27.98334,0.4149878
-2.797889876956741,320.625,27.9883,0.50091803
-2.797889876956741,322.5,27.910898,0.5962095
-2.797889876956741,324.375,27.854864,0.6381832
-2.797889876956741,326.25,27.947948,0.6023621
-2.797889876956741,328.125,28.054375,0.43891582
-2.797889876956741,330.0,28.274961,0.415737
-2.797889876956741,331.875,28.704493,0.44826314
-2.797889876956741,333.75,28.911192,0.4326063
-2.797889876956741,335.625,29.013672,0.4106238
-2.797889876956741,337.5,29.09797,0.4159018
-2.797889876956741,339.375,29.194805,0.4373859
-2.797889876956741,341.25,29.21289,0.43381214
-2.797889876956741,343.125,29.250782,0.4463185
-2.797889876956741,345.0,29.286484,0.45311716
-2.797889876956741,346.875,29.268438,0.46185127
-2.797889876956741,348.75,29.2808,0.48001453
-2.797889876956741,350.625,29.332558,0.4834762
-2.797889876956741,352.5,29.308828,0.46433294
-2.797889876956741,354.375,29.235273,0.4720545
-2.797889876956741,356.25,29.200762,0.50099635
-2.797889876956741,358.125,29.159609,0.50803655
-0.932629967837991,0.0,29.34248,0.37930155
-0.932629967837991,1.875,29.413067,0.39191705
-0.932629967837991,3.75,29.532774,0.3886456
-0.932629967837991,5.625,29.5759,0.38822842
-0.932629967837991,7.5,29.624374,0.35432553
-0.932629967837991,9.375,29.326328,0.29691252
-0.932629967837991,11.25,23.364473,0.41506413
-0.932629967837991,13.125,22.768946,0.36143404
-0.932629967837991,15.0,23.752344,0.3731702
-0.932629967837991,16.875,24.38084,0.39477685
-0.932629967837991,18.75,24.52166,0.43770152
-0.932629967837991,20.625,24.333458,0.47102103
-0.932629967837991,22.5,24.911192,0.91653115
-0.932629967837991,24.375,26.114004,1.1762514
-0.932629967837991,26.25,23.298944,0.59987456
-0.932629967837991,28.125,20.743242,0.56155854
-0.932629967837991,30.0,26.732538,1.3903301
-0.932629967837991,31.875,27.969023,0.5404663
-0.932629967837991,33.75,27.62875,0.48532602
-0.932629967837991,35.625,24.268066,1.7938064
-0.932629967837991,37.5,25.870567,1.170839
-0.932629967837991,39.375,32.589317,0.696802
-0.932629967837991,41.25,35.768986,0.5032668
-0.932629967837991,43.125,25.789629,0.45719004
-0.932629967837991,45.0,25.55795,0.44866797
-0.932629967837991,46.875,25.900274,0.49235305
-0.932629967837991,48.75,26.398457,0.5159618
-0.932629967837991,50.625,27.024042,0.5188519
-0.932629967837991,52.5,27.673378,0.47632626
-0.932629967837991,54.375,28.005743,0.45619258
-0.932629967837991,56.25,28.120312,0.46750903
-0.932629967837991,58.125,28.280352,0.47491178
-0.932629967837991,60.0,28.468575,0.47174013
-0.932629967837991,61.875,28.581505,0.4669122
-0.932629967837991,63.75,28.652657,0.44755918
-0.932629967837991,65.625,28.696583,0.4289475
-0.932629967837991,67.5,28.76166,0.4169542
-0.932629967837991,69.375,28.809786,0.406086
-0.932629967837991,71.25,28.821972,0.39459532
-0.932629967837991,73.125,28.84713,0.38888264
-0.932629967837991,75.0,28.878399,0.387639
-0.932629967837991,76.875,28.869726,0.38546914
-0.932629967837991,78.75,28.869003,0.39132375
-0.932629967837991,80.625,28.881464,0.4008505
-0.932629967837991,82.5,28.890234,0.4164639
-0.932629967837991,84.375,28.903593,0.44715437
-0.932629967837991,86.25,28.941797,0.47133926
-0.932629967837991,88.125,28.95498,0.4918631
-0.932629967837991,90.0,28.957266,0.51621747
-0.932629967837991,91.875,28.999884,0.5321065
-0.932629967837991,93.75,29.063711,0.5201718
-0.932629967837991,95.625,29.107656,0.48751354
-0.932629967837991,97.5,29.114141,0.4323283
-0.932629967837991,99.375,29.007227,0.39748207
-0.932629967837991,101.25,23.876093,0.36673164
-0.932629967837991,103.125,24.233614,0.36090666
-0.932629967837991,105.0,27.885138,0.52765805
-0.932629967837991,106.875,27.018417,0.5169971
-0.932629967837991,108.75,27.588242,0.47595763
-0.932629967837991,110.625,24.399609,0.32661134
-0.932629967837991,112.5,23.315723,0.34071106
-0.932629967837991,114.375,23.465742,0.32996783
-0.932629967837991,116.25,24.782871,0.28463438
-0.932629967837991,118.125,29.010038,0.4535456
-0.932629967837991,120.0,23.569883,0.30428863
-0.932629967837991,121.875,28.565624,0.48650542
-0.932629967837991,123.75,28.57586,0.56394565
-0.932629967837991,125.625,28.615019,0.6522692
-0.932629967837991,127.5,28.711288,0.7057106
-0.932629967837991,129.375,28.946484,0.7631211
-0.932629967837991,131.25,29.23457,0.7574549
-0.932629967837991,133.125,29.339415,0.75086707
-0.932629967837991,135.0,29.502012,0.7054081
-0.932629967837991,136.875,29.521212,0.6776003
-0.932629967837991,138.75,29.566133,0.7115776
-0.932629967837991,140.625,29.753302,0.7349306
-0.932629967837991,142.5,29.885937,0.7182958
-0.932629967837991,144.375,29.905293,0.7239992
-0.932629967837991,146.25,29.879023,0.75299364
-0.932629967837991,148.125,29.823204,0.7879914
-0.932629967837991,150.0,29.731524,0.82501066
-0.932629967837991,151.875,29.641172,0.8675698
-0.932629967837991,153.75,29.526035,0.92028964
-0.932629967837991,155.625,29.344864,0.96812314
-0.932629967837991,157.5,29.19119,1.010299
-0.932629967837991,159.375,29.0433,1.0653698
-0.932629967837991,161.25,28.88793,1.1244082
-0.932629967837991,163.125,28.70709,1.1683252
-0.932629967837991,165.0,28.525879,1.1952579
-0.932629967837991,166.875,28.340527,1.2148583
-0.932629967837991,168.75,28.169746,1.2247571
-0.932629967837991,170.625,28.016563,1.231529
-0.932629967837991,172.5,27.858261,1.2416655
-0.932629967837991,174.375,27.690214,1.2514788
-0.932629967837991,176.25,27.507753,1.2591035
-0.932629967837991,178.125,27.357578,1.2629864
-0.932629967837991,180.0,27.231445,1.2635087
-0.932629967837991,181.875,27.091524,1.2659143
-0.932629967837991,183.75,26.960098,1.272068
-0.932629967837991,185.625,26.830782,1.2762078
-0.932629967837991,187.5,26.66918,1.2705274
-0.932629967837991,189.375,26.525429,1.2483418
-0.932629967837991,191.25,26.409824,1.2240146
-0.932629967837991,193.125,26.278946,1.2049181
-0.932629967837991,195.0,26.11504,1.1950784
-0.932629967837991,196.875,25.972265,1.190748
-0.932629967837991,198.75,25.840488,1.178883
-0.932629967837991,200.625,25.7583,1.1594467
-0.932629967837991,202.5,25.669062,1.1434472
-0.932629967837991,204.375,25.562284,1.1307573
-0.932629967837991,206.25,25.443457,1.1212002
-0.932629967837991,208.125,25.312227,1.1174122
-0.932629967837991,210.0,25.239296,1.1065793
-0.932629967837991,211.875,25.186289,1.0969307
-0.932629967837991,213.75,25.109394,1.0935419
-0.932629967837991,215.625,25.000195,1.0982566
-0.932629967837991,217.5,24.884062,1.1021324
-0.932629967837991,219.375,24.853125,1.1032373
-0.932629967837991,221.25,24.78828,1.1084297
-0.932629967837991,223.125,24.68709,1.1202201
-0.932629967837991,225.0,24.587872,1.1431386
-0.932629967837991,226.875,24.51248,1.16535
-0.932629967837991,228.75,24.4508,1.1792867
-0.932629967837991,230.625,24.397852,1.200095
-0.932629967837991,232.5,24.344765,1.2219275
-0.932629967837991,234.375,24.227558,1.2460461
-0.932629967837991,236.25,24.13418,1.2599409
-0.932629967837991,238.125,24.155996,1.2600039
-0.932629967837991,240.0,24.17,1.2601982
-0.932629967837991,241.875,24.119473,1.270556
-0.932629967837991,243.75,24.00996,1.2860793
-0.932629967837991,245.625,24.036915,1.2823713
-0.932629967837991,247.5,24.146406,1.2659062
-0.932629967837991,249.375,24.202148,1.2549617
-0.932629967837991,251.25,24.237793,1.2440747
-0.932629967837991,253.125,24.288574,1.2223148
-0.932629967837991,255.0,24.4683,1.1765486
-0.932629967837991,256.875,24.637558,1.1207882
-0.932629967837991,258.75,24.891699,1.0644095
-0.932629967837991,260.625,25.26248,0.9985246
-0.932629967837991,262.5,25.47541,0.9563967
-0.932629967837991,264.375,25.742638,0.9143902
-0.932629967837991,266.25,26.118261,0.82263947
-0.932629967837991,268.125,26.369766,0.7710143
-0.932629967837991,270.0,26.661446,0.784235
-0.932629967837991,271.875,26.882559,0.8322155
-0.932629967837991,273.75,26.685097,0.87221175
-0.932629967837991,275.625,26.548965,0.88081557
-0.932629967837991,277.5,27.049921,0.7438653
-0.932629967837991,279.375,27.028223,0.64412755
-0.932629967837991,281.25,18.37381,0.5831379
-0.932629967837991,283.125,21.170645,0.7233586
-0.932629967837991,285.0,28.043085,2.0670936
-0.932629967837991,286.875,27.411953,1.421834
-0.932629967837991,288.75,25.383945,0.7693475
-0.932629967837991,290.625,24.92252,0.5943198
-0.932629967837991,292.5,25.622656,1.104424
-0.932629967837991,294.375,27.657696,1.8639848
-0.932629967837991,296.25,31.02838,2.079696
-0.932629967837991,298.125,31.701387,2.098068
-0.932629967837991,300.0,29.53586,2.3800695
-0.932629967837991,301.875,29.295547,2.210589
-0.932629967837991,303.75,30.489414,1.8016139
-0.932629967837991,305.625,30.217735,1.3240515
-0.932629967837991,307.5,30.140566,0.9879308
-0.932629967837991,309.375,30.338398,0.9333956
-0.932629967837991,311.25,28.968145,0.86358845
-0.932629967837991,313.125,28.477364,0.8869834
-0.932629967837991,315.0,28.191425,0.3396537
-0.932629967837991,316.875,27.719805,0.40914214
-0.932629967837991,318.75,27.356915,0.42294708
-0.932629967837991,320.625,27.221777,0.4416169
-0.932629967837991,322.5,27.228788,0.43884924
-0.932629967837991,324.375,27.239746,0.36659345
-0.932629967837991,326.25,27.142578,0.33738938
-0.932629967837991,328.125,27.15578,0.36797395
-0.932629967837991,330.0,27.509453,0.3762812
-0.932629967837991,331.875,27.976347,0.36745256
-0.932629967837991,333.75,28.18662,0.3808804
-0.932629967837991,335.625,28.357384,0.4248795
-0.932629967837991,337.5,28.495468,0.47232062
-0.932629967837991,339.375,28.57459,0.491329
-0.932629967837991,341.25,28.649843,0.4777951
-0.932629967837991,343.125,28.771935,0.47842222
-0.932629967837991,345.0,28.837774,0.47403982
-0.932629967837991,346.875,28.854649,0.4683877
-0.932629967837991,348.75,28.934727,0.4745446
-0.932629967837991,350.625,29.060606,0.4709341
-0.932629967837991,352.5,29.146152,0.44326958
-0.932629967837991,354.375,29.224707,0.42130104
-0.932629967837991,356.25,29.340858,0.4073505
-0.932629967837991,358.125,29.365429,0.3874261
0.932629967837991,0.0,29.230606,0.47579476
0.932629967837991,1.875,29.448458,0.4528553
0.932629967837991,3.75,29.577812,0.42946923
0.932629967837991,5.625,29.72959,0.4192489
0.932629967837991,7.5,29.960878,0.4001159
0.932629967837991,9.375,29.891367,0.35435003
0.932629967837991,11.25,23.928633,0.37166244
0.932629967837991,13.125,23.223183,0.40212682
0.932629967837991,15.0,23.769804,0.48996988
0.932629967837991,16.875,24.222422,0.53229713
0.932629967837991,18.75,24.857794,0.880115
0.932629967837991,20.625,26.34127,1.2985581
0.932629967837991,22.5,27.791739,1.3579196
0.932629967837991,24.375,28.74252,1.1312133
0.932629967837991,26.25,28.129492,1.0268651
0.932629967837991,28.125,25.93797,1.2086704
0.932629967837991,30.0,26.565157,1.0859492
0.932629967837991,31.875,31.468378,1.4013382
0.932629967837991,33.75,32.368595,1.5915083
0.932629967837991,35.625,27.971348,1.2781655
0.932629967837991,37.5,28.222597,0.8271166
0.932629967837991,39.375,33.13074,0.6576811
0.932629967837991,41.25,35.256893,0.58850104
0.932629967837991,43.125,32.387283,0.5501812
0.932629967837991,45.0,25.489552,0.4324118
0.932629967837991,46.875,25.39629,0.4521011
0.932629967837991,48.75,25.4733,0.49695224
0.932629967837991,50.625,25.981426,0.56861246
0.932629967837991,52.5,26.715958,0.5292756
0.932629967837991,54.375,27.029121,0.50455385
0.932629967837991,56.25,27.223398,0.5466338
0.932629967837991,58.125,27.554316,0.5899023
0.932629967837991,60.0,27.873066,0.58272886
0.932629967837991,61.875,28.105352,0.55514807
0.932629967837991,63.75,28.313614,0.53111035
0.932629967837991,65.625,28.465605,0.5183226
0.932629967837991,67.5,28.53332,0.50877535
0.932629967837991,69.375,28.559336,0.49727586
0.932629967837991,71.25,28.53793,0.4832007
0.932629967837991,73.125,28.51914,0.47471672
0.932629967837991,75.0,28.504532,0.47032493
0.932629967837991,76.875,28.502226,0.46114242
0.932629967837991,78.75,28.533516,0.45496425
0.932629967837991,80.625,28.5942,0.45098346
0.932629967837991,82.5,28.669083,0.44510058
0.932629967837991,84.375,28.770157,0.45201123
0.932629967837991,86.25,28.877851,0.4555577
0.932629967837991,88.125,28.9533,0.45867985
0.932629967837991,90.0,29.017813,0.46279463
0.932629967837991,91.875,29.162304,0.47749144
0.932629967837991,93.75,29.29705,0.46507692
0.932629967837991,95.625,29.345957,0.44549224
0.932629967837991,97.5,29.35996,0.44644412
0.932629967837991,99.375,24.214825,0.433423
0.932629967837991,101.25,23.9567,0.38055032
0.932629967837991,103.125,24.964806,0.45033637
0.932629967837991,105.0,27.343712,0.52188224
0.932629967837991,106.875,26.688282,0.52829367
0.932629967837991,108.75,27.22746,0.5345728
0.932629967837991,110.625,24.291973,0.31888774
0.932629967837991,112.5,23.0508,0.34128892
0.932629967837991,114.375,22.0892,0.29146525
0.932629967837991,116.25,23.58166,0.25073287
0.932629967837991,118.125,29.19375,0.41410068
0.932629967837991,120.0,28.756582,0.45846242
0.932629967837991,121.875,28.474785,0.5013247
0.932629967837991,123.75,28.483887,0.5703862
0.932629967837991,125.625,28.542774,0.64240104
0.932629967837991,127.5,28.644005,0.7006399
0.932629967837991,129.375,28.851875,0.7480504
0.932629967837991,131.25,29.087246,0.75088686
0.932629967837991,133.125,29.243555,0.7694036
0.932629967837991,135.0,29.404804,0.7848246
0.932629967837991,136.875,29.525175,0.78962934
0.932629967837991,138.75,29.619532,0.78362584
0.932629967837991,140.625,29.706114,0.75000435
0.932629967837991,142.5,29.724297,0.7125078
0.932629967837991,144.375,29.678946,0.70581
0.932629967837991,146.25,29.686777,0.7125883
0.932629967837991,148.125,29.69582,0.74094313
0.932629967837991,150.0,29.64871,0.78402627
0.932629967837991,151.875,29.557833,0.832448
0.932629967837991,153.75,29.426113,0.8866178
0.932629967837991,155.625,29.237305,0.9446198
0.932629967837991,157.5,29.074923,0.99091494
0.932629967837991,159.375,28.90793,1.0484532
0.932629967837991,161.25,28.727968,1.1045699
0.932629967837991,163.125,28.560293,1.1427372
0.932629967837991,165.0,28.403086,1.1639183
0.932629967837991,166.875,28.236895,1.1835995
0.932629967837991,168.75,28.057598,1.2043041
0.932629967837991,170.625,27.890234,1.2255533
0.932629967837991,172.5,27.710058,1.2431123
0.932629967837991,174.375,27.53545,1.2442676
0.932629967837991,176.25,27.38959,1.2367907
0.932629967837991,178.125,27.26209,1.2405312
0.932629967837991,180.0,27.131914,1.2571458
0.932629967837991,181.875,26.989824,1.2733845
0.932629967837991,183.75,26.828066,1.2845056
0.932629967837991,185.625,26.680117,1.2798712
0.932629967837991,187.5,26.542753,1.2531939
0.932629967837991,189.375,26.410294,1.230971
0.932629967837991,191.25,26.277363,1.2184318
0.932629967837991,193.125,26.13832,1.211709
0.932629967837991,195.0,25.977148,1.2077738
0.932629967837991,196.875,25.851934,1.1886437
0.932629967837991,198.75,25.753925,1.1601323
0.932629967837991,200.625,25.641132,1.1420819
0.932629967837991,202.5,25.513046,1.1299
0.932629967837991,204.375,25.390919,1.1202594
0.932629967837991,206.25,25.337753,1.0941384
0.932629967837991,208.125,25.287539,1.0723077
0.932629967837991,210.0,25.15416,1.0608039
0.932629967837991,211.875,25.031466,1.0602679
0.932629967837991,213.75,24.943027,1.063053
0.932629967837991,215.625,24.92129,1.0465679
0.932629967837991,217.5,24.865097,1.0329129
0.932629967837991,219.375,24.771835,1.0430983
0.932629967837991,221.25,24.667812,1.0694867
0.932629967837991,223.125,24.580273,1.0874295
0.932629967837991,225.0,24.544493,1.0866387
0.932629967837991,226.875,24.468496,1.0977908
0.932629967837991,228.75,24.33164,1.1268537
0.932629967837991,230.625,24.21203,1.1675727
0.932629967837991,232.5,24.177246,1.1800891
0.932629967837991,234.375,24.145899,1.1901966
0.932629967837991,236.25,24.080273,1.2151828
0.932629967837991,238.125,24.005333,1.2416471
0.932629967837991,240.0,23.947206,1.2583084
0.932629967837991,241.875,23.923477,1.2572646
0.932629967837991,243.75,23.876152,1.2677565
0.932629967837991,245.625,23.869179,1.2749028
0.932629967837991,247.5,23.895235,1.2758932
0.932629967837991,249.375,23.911348,1.2646106
0.932629967837991,251.25,23.854492,1.264959
0.932629967837991,253.125,23.918613,1.2650843
0.932629967837991,255.0,24.077383,1.2327015
0.932629967837991,256.875,24.22041,1.1736623
0.932629967837991,258.75,24.42545,1.1180816
0.932629967837991,260.625,24.687363,1.0580117
0.932629967837991,262.5,24.969395,0.983114
0.932629967837991,264.375,25.287188,0.9175944
0.932629967837991,266.25,25.648945,0.8303095
0.932629967837991,268.125,25.912422,0.7320023
0.932629967837991,270.0,26.229687,0.67747
0.932629967837991,271.875,26.805605,0.6242615
0.932629967837991,273.75,27.026543,0.62636894
0.932629967837991,275.625,26.944902,0.7143935
0.932629967837991,277.5,27.40168,0.74242496
0.932629967837991,279.375,27.826797,0.58203036
0.932629967837991,281.25,20.071056,0.5736584
0.932629967837991,283.125,20.491173,0.6390037
0.932629967837991,285.0,26.50789,1.3608958
0.932629967837991,286.875,30.024883,1.6477871
0.932629967837991,288.75,28.034452,1.4691081
0.932629967837991,290.625,25.965195,1.1112621
0.932629967837991,292.5,26.10375,1.4317988
0.932629967837991,294.375,28.582695,1.9293313
0.932629967837991,296.25,32.12877,1.5563922
0.932629967837991,298.125,31.626308,1.4349792
0.932629967837991,300.0,30.26754,1.2831059
0.932629967837991,301.875,30.945528,1.169876
0.932629967837991,303.75,31.025312,1.0085715
0.932629967837991,305.625,29.255196,0.8039182
0.932629967837991,307.5,28.896679,0.62787515
0.932629967837991,309.375,28.961542,0.4972233
0.932629967837991,311.25,25.236094,1.0502068
0.932629967837991,313.125,27.726133,0.36002377
0.932629967837991,315.0,26.916876,0.39493266
0.932629967837991,316.875,26.434063,0.43052176
0.932629967837991,318.75,26.04543,0.42624164
0.932629967837991,320.625,25.895079,0.428813
0.932629967837991,322.5,25.83625,0.42230698
0.932629967837991,324.375,25.953651,0.41509536
0.932629967837991,326.25,26.090626,0.4062271
0.932629967837991,328.125,26.150782,0.40353253
0.932629967837991,330.0,26.384747,0.39897949
0.932629967837991,331.875,26.789513,0.40596142
0.932629967837991,333.75,27.121933,0.43514693
0.932629967837991,335.625,27.435547,0.49019724
0.932629967837991,337.5,27.698984,0.5477976
0.932629967837991,339.375,27.860176,0.5641688
0.932629967837991,341.25,28.024063,0.56385785
0.932629967837991,343.125,28.125645,0.5683692
0.932629967837991,345.0,28.176367,0.5712673
0.932629967837991,346.875,28.240294,0.59090805
0.932629967837991,348.75,28.296738,0.6336328
0.932629967837991,350.625,28.316212,0.6550708
0.932629967837991,352.5,28.428398,0.63763434
0.932629967837991,354.375,28.710587,0.5883031
0.932629967837991,356.25,28.955782,0.53782225
0.932629967837991,358.125,29.077227,0.5025358
2.797889876956741,0.0,28.998398,0.6394401
2.797889876956741,1.875,29.189863,0.61531186
2.797889876956741,3.75,29.238945,0.57731515
2.797889876956741,5.625,29.499903,0.5287843
2.797889876956741,7.5,29.843847,0.48453102
2.797889876956741,9.375,29.754044,0.4113139
2.797889876956741,11.25,23.67662,0.41493392
2.797889876956741,13.125,22.844238,0.5446172
2.797889876956741,15.0,23.192558,0.7937593
2.797889876956741,16.875,23.674843,0.96504366
2.797889876956741,18.75,25.353731,1.3881395
2.797889876956741,20.625,27.784824,1.4263841
2.797889876956741,22.5,28.646954,1.4495741
2.797889876956741,24.375,29.212988,1.1434568
2.797889876956741,26.25,29.395058,0.9247344
2.797889876956741,28.125,27.268574,1.1421818
2.797889876956741,30.0,26.126133,1.2838911
2.797889876956741,31.875,27.48375,1.1977608
2.797889876956741,33.75,30.57205,0.999555
2.797889876956741,35.625,31.052227,0.77682614
2.797889876956741,37.5,31.341503,0.6963751
2.797889876956741,39.375,32.285137,0.68002754
2.797889876956741,41.25,32.531445,0.63914335
2.797889876956741,43.125,32.698673,0.57093394
2.797889876956741,45.0,31.352226,0.5380771
2.797889876956741,46.875,25.508204,0.4420764
2.797889876956741,48.75,25.457598,0.4752628
2.797889876956741,50.625,25.666739,0.5450502
2.797889876956741,52.5,26.209883,0.54681206
2.797889876956741,54.375,26.393867,0.5395022
2.797889876956741,56.25,26.619434,0.5800503
2.797889876956741,58.125,27.136602,0.59222496
2.797889876956741,60.0,27.53828,0.5557805
2.797889876956741,61.875,27.875723,0.5211094
2.797889876956741,63.75,28.235254,0.48682296
2.797889876956741,65.625,28.400703,0.46538877
2.797889876956741,67.5,28.486406,0.46772304
2.797889876956741,69.375,28.525528,0.4739893
2.797889876956741,71.25,28.494648,0.4767025
2.797889876956741,73.125,28.459473,0.4786639
2.797889876956741,75.0,28.445723,0.4852641
2.797889876956741,76.875,28.429747,0.49201703
2.797889876956741,78.75,28.409082,0.49951294
2.797889876956741,80.625,28.42332,0.51536196
2.797889876956741,82.5,28.504122,0.53348774
2.797889876956741,84.375,28.636368,0.5406963
2.797889876956741,86.25,28.768593,0.53252524
2.797889876956741,88.125,28.85838,0.5222306
2.797889876956741,90.0,28.935352,0.5156522
2.797889876956741,91.875,29.115429,0.51875323
2.797889876956741,93.75,29.255781,0.48969647
2.797889876956741,95.625,29.248262,0.45691243
2.797889876956741,97.5,24.90414,1.0117481
2.797889876956741,99.375,23.869707,0.6274073
2.797889876956741,101.25,23.855,0.45691878
2.797889876956741,103.125,25.442812,0.8393602
2.797889876956741,105.0,26.536737,0.53598267
2.797889876956741,106.875,26.373262,0.53666574
2.797889876956741,108.75,26.696875,0.5662545
2.797889876956741,110.625,27.20541,0.5826136
2.797889876956741,112.5,24.333769,0.34069163
2.797889876956741,114.375,22.263262,0.33246717
2.797889876956741,116.25,22.20951,0.30056554
2.797889876956741,118.125,28.11869,0.5128252
2.797889876956741,120.0,28.341425,0.56975293
2.797889876956741,121.875,28.302773,0.56126225
2.797889876956741,123.75,28.32586,0.61293817
2.797889876956741,125.625,28.287617,0.71650934
2.797889876956741,127.5,28.317286,0.8080205
2.797889876956741,129.375,28.554512,0.8677313
2.797889876956741,131.25,28.773378,0.85907173
2.797889876956741,133.125,28.911602,0.87541586
2.797889876956741,135.0,29.078184,0.9089672
2.797889876956741,136.875,29.203829,0.91451424
2.797889876956741,138.75,29.24545,0.8486991
2.797889876956741,140.625,29.286758,0.7722148
2.797889876956741,142.5,29.394434,0.70984215
2.797889876956741,144.375,29.449335,0.67353064
2.797889876956741,146.25,29.530664,0.66396356
2.797889876956741,148.125,29.584492,0.67191744
2.797889876956741,150.0,29.555702,0.67696154
2.797889876956741,151.875,29.478926,0.6957777
2.797889876956741,153.75,29.38371,0.7261291
2.797889876956741,155.625,29.25168,0.7667083
2.797889876956741,157.5,29.114023,0.81817824
2.797889876956741,159.375,28.92369,0.8744891
2.797889876956741,161.25,28.73043,0.9236725
2.797889876956741,163.125,28.589355,0.96293926
2.797889876956741,165.0,28.46746,0.99245894
2.797889876956741,166.875,28.323145,1.0234561
2.797889876956741,168.75,28.172792,1.056888
2.797889876956741,170.625,28.010918,1.1028341
2.797889876956741,172.5,27.820507,1.1300005
2.797889876956741,174.375,27.702675,1.109295
2.797889876956741,176.25,27.614784,1.1028923
2.797889876956741,178.125,27.499355,1.1131979
2.797889876956741,180.0,27.362988,1.1399943
2.797889876956741,181.875,27.224785,1.1621741
2.797889876956741,183.75,27.065899,1.1758327
2.797889876956741,185.625,26.944374,1.1531277
2.797889876956741,187.5,26.855175,1.138826
2.797889876956741,189.375,26.774452,1.1189893
2.797889876956741,191.25,26.674238,1.1118112
2.797889876956741,193.125,26.551172,1.1093358
2.797889876956741,195.0,26.462812,1.0846964
2.797889876956741,196.875,26.41914,1.0641831
2.797889876956741,198.75,26.338673,1.0607307
2.797889876956741,200.625,26.2558,1.0512933
2.797889876956741,202.5,26.147755,1.0347792
2.797889876956741,204.375,26.070293,1.0061938
2.797889876956741,206.25,26.042051,0.9860547
2.797889876956741,208.125,26.014492,0.9779068
2.797889876956741,210.0,25.987871,0.9543778
2.797889876956741,211.875,25.856915,0.9313115
2.797889876956741,213.75,25.827208,0.9126499
2.797889876956741,215.625,25.825039,0.89407027
2.797889876956741,217.5,25.832382,0.8817541
2.797889876956741,219.375,25.813906,0.8865421
2.797889876956741,221.25,25.718243,0.89072853
2.797889876956741,223.125,25.675743,0.88234603
2.797889876956741,225.0,25.595,0.8954996
2.797889876956741,226.875,25.516485,0.9187533
2.797889876956741,228.75,25.38373,0.94078493
2.797889876956741,230.625,25.290077,0.95404726
2.797889876956741,232.5,25.242695,0.9703845
2.797889876956741,234.375,25.21455,0.99392533
2.797889876956741,236.25,25.18627,1.021154
2.797889876956741,238.125,25.080626,1.0404118
2.797889876956741,240.0,25.017363,1.056832
2.797889876956741,241.875,25.002422,1.0754409
2.797889876956741,243.75,25.019844,1.0797881
2.797889876956741,245.625,24.884628,1.0971695
2.797889876956741,247.5,24.889843,1.1009381
2.797889876956741,249.375,24.91791,1.0968409
2.797889876956741,251.25,24.858711,1.1105517
2.797889876956741,253.125,24.908886,1.1183536
2.797889876956741,255.0,25.06998,1.0871329
2.797889876956741,256.875,25.242773,1.0383617
2.797889876956741,258.75,25.35875,1.0055534
2.797889876956741,260.625,25.5491,0.9490367
2.797889876956741,262.5,25.655079,0.8937611
2.797889876956741,264.375,25.784687,0.8567738
2.797889876956741,266.25,26.017773,0.8050083
2.797889876956741,268.125,26.125626,0.7201638
2.797889876956741,270.0,26.23541,0.68052435
2.797889876956741,271.875,26.63244,0.64914095
2.797889876956741,273.75,26.998028,0.60254455
2.797889876956741,275.625,27.30086,0.62165016
2.797889876956741,277.5,27.896055,0.7275723
2.797889876956741,279.375,28.33871,0.6538475
2.797889876956741,281.25,27.280645,0.5525018
2.797889876956741,283.125,20.372423,0.66853106
2.797889876956741,285.0,21.292051,0.8873803
2.797889876956741,286.875,26.888985,1.379349
2.797889876956741,288.75,30.979942,1.4171847
2.797889876956741,290.625,28.519121,1.5698587
2.797889876956741,292.5,25.818497,1.5489887
2.797889876956741,294.375,25.552618,1.5828257
2.797889876956741,296.25,28.381758,1.1217618
2.797889876956741,298.125,29.333008,0.79628175
2.797889876956741,300.0,29.631386,0.7863832
2.797889876956741,301.875,30.239609,0.9084617
2.797889876956741,303.75,29.320118,0.93169403
2.797889876956741,305.625,28.123379,0.8317514
2.797889876956741,307.5,28.34879,0.5980031
2.797889876956741,309.375,26.876133,0.3464238
2.797889876956741,311.25,26.676035,0.3770342
2.797889876956741,313.125,26.708984,0.38088766
2.797889876956741,315.0,26.0742,0.4467015
2.797889876956741,316.875,25.833496,0.48291335
2.797889876956741,318.75,25.694298,0.49687856
2.797889876956741,320.625,25.610878,0.49629414
2.797889876956741,322.5,25.657618,0.5074686
2.797889876956741,324.375,25.927052,0.5081212
2.797889876956741,326.25,25.976679,0.48041975
2.797889876956741,328.125,25.947128,0.44844335
2.797889876956741,330.0,26.15871,0.43276644
2.797889876956741,331.875,26.494375,0.4207483
2.797889876956741,333.75,26.820019,0.43174604
2.797889876956741,335.625,27.15332,0.4582892
2.797889876956741,337.5,27.5367,0.4973259
2.797889876956741,339.375,27.793438,0.52361554
2.797889876956741,341.25,27.991173,0.54180974
2.797889876956741,343.125,28.049707,0.561071
2.797889876956741,345.0,28.049767,0.58500063
2.797889876956741,346.875,28.08912,0.61931336
2.797889876956741,348.75,28.094727,0.65729177
2.797889876956741,350.625,28.022148,0.6825722
2.797889876956741,352.5,28.057285,0.70452696
2.797889876956741,354.375,28.259161,0.71929586
2.797889876956741,356.25,28.438026,0.70420396
2.797889876956741,358.125,28.697538,0.66091144
4.663149706177884,0.0,28.723711,0.6721104
4.663149706177884,1.875,28.790606,0.68491554
4.663149706177884,3.75,28.736895,0.65847576
4.663149706177884,5.625,28.973495,0.60348284
4.663149706177884,7.5,26.073399,0.6704524
4.663149706177884,9.375,23.35418,0.71212584
4.663149706177884,11.25,21.540098,0.664579
4.663149706177884,13.125,20.565546,0.6819876
4.663149706177884,15.0,21.128086,0.8568979
4.663149706177884,16.875,23.140331,1.1662574
4.663149706177884,18.75,26.131132,1.2602077
4.663149706177884,20.625,27.309063,1.3436329
4.663149706177884,22.5,26.869745,1.4827086
4.663149706177884,24.375,27.75205,1.153781
4.663149706177884,26.25,28.990995,0.8489603
4.663149706177884,28.125,27.997696,1.0001947
4.663149706177884,30.0,26.54875,1.3292418
4.663149706177884,31.875,29.784883,1.208759
4.663149706177884,33.75,34.421932,1.0068476
4.663149706177884,35.625,32.04672,0.6950352
4.663149706177884,37.5,28.69541,0.65642774
4.663149706177884,39.375,28.046543,0.5944903
4.663149706177884,41.25,29.01002,0.62284255
4.663149706177884,43.125,30.95166,0.65993744
4.663149706177884,45.0,31.855,0.5836941
4.663149706177884,46.875,30.076094,0.515432
4.663149706177884,48.75,25.299355,0.4973284
4.663149706177884,50.625,25.345781,0.57906574
4.663149706177884,52.5,25.693594,0.5902619
4.663149706177884,54.375,26.01707,0.57028955
4.663149706177884,56.25,26.42463,0.58571154
4.663149706177884,58.125,26.93955,0.5609282
4.663149706177884,60.0,27.380898,0.4995817
4.663149706177884,61.875,27.87209,0.45131272
4.663149706177884,63.75,28.265606,0.41017678
4.663149706177884,65.625,28.409355,0.40467042
4.663149706177884,67.5,28.485273,0.41961575
4.663149706177884,69.375,28.488964,0.4349838
4.663149706177884,71.25,28.402988,0.4418794
4.663149706177884,73.125,28.322754,0.45911786
4.663149706177884,75.0,28.234747,0.49173796
4.663149706177884,76.875,28.122305,0.5118538
4.663149706177884,78.75,28.010176,0.5178281
4.663149706177884,80.625,27.971075,0.52220243
4.663149706177884,82.5,28.088652,0.5317006
4.663149706177884,84.375,28.3709,0.5212956
4.663149706177884,86.25,28.570684,0.51806724
4.663149706177884,88.125,28.651796,0.49684176
4.663149706177884,90.0,28.67418,0.4724855
4.663149706177884,91.875,28.783516,0.4480096
4.663149706177884,93.75,28.84709,0.4178773
4.663149706177884,95.625,28.77504,0.40684238
4.663149706177884,97.5,26.537012,1.4206944
4.663149706177884,99.375,29.59873,0.44236735
4.663149706177884,101.25,24.86957,0.89479876
4.663149706177884,103.125,26.589317,0.5415342
4.663149706177884,105.0,26.210918,0.52654237
4.663149706177884,106.875,25.837011,0.5298636
4.663149706177884,108.75,25.938593,0.5943333
4.663149706177884,110.625,26.45543,0.6870034
4.663149706177884,112.5,26.522871,0.7144735
4.663149706177884,114.375,23.454903,0.41590986
4.663149706177884,116.25,22.265781,0.43671215
4.663149706177884,118.125,23.6858,0.40750408
4.663149706177884,120.0,27.811386,0.7565312
4.663149706177884,121.875,28.070469,0.60907054
4.663149706177884,123.75,28.056406,0.6373493
4.663149706177884,125.625,27.764277,0.7566291
4.663149706177884,127.5,27.614395,0.8341274
4.663149706177884,129.375,27.933867,0.92660546
4.663149706177884,131.25,28.273653,0.9240296
4.663149706177884,133.125,28.39285,0.90711236
4.663149706177884,135.0,28.488594,0.8961877
4.663149706177884,136.875,28.57877,0.8836903
4.663149706177884,138.75,28.637812,0.8414378
4.663149706177884,140.625,28.755898,0.7627399
4.663149706177884,142.5,28.973906,0.68570006
4.663149706177884,144.375,29.100859,0.6269774
4.663149706177884,146.25,29.207636,0.6000114
4.663149706177884,148.125,29.288261,0.5931989
4.663149706177884,150.0,29.298086,0.5833621
4.663149706177884,151.875,29.262852,0.5728025
4.663149706177884,153.75,29.220976,0.5606215
4.663149706177884,155.625,29.161934,0.54896456
4.663149706177884,157.5,29.080175,0.5261376
4.663149706177884,159.375,28.979414,0.53805405
4.663149706177884,161.25,28.845938,0.5843641
4.663149706177884,163.125,28.747675,0.63189787
4.663149706177884,165.0,28.674238,0.65444803
4.663149706177884,166.875,28.591309,0.66120046
4.663149706177884,168.75,28.519629,0.6651607
4.663149706177884,170.625,28.488575,0.65989816
4.663149706177884,172.5,28.335255,0.6987971
4.663149706177884,174.375,28.174824,0.7731586
4.663149706177884,176.25,28.140919,0.7793523
4.663149706177884,178.125,28.091114,0.7637011
4.663149706177884,180.0,28.027187,0.75716937
4.663149706177884,181.875,27.963964,0.7773062
4.663149706177884,183.75,27.868925,0.81028664
4.663149706177884,185.625,27.729082,0.83741283
4.663149706177884,187.5,27.679844,0.83561945
4.663149706177884,189.375,27.68287,0.81521016
4.663149706177884,191.25,27.668007,0.80733234
4.663149706177884,193.125,27.587988,0.8285221
4.663149706177884,195.0,27.520996,0.8299286
4.663149706177884,196.875,27.49252,0.8219017
4.663149706177884,198.75,27.466524,0.82166135
4.663149706177884,200.625,27.396797,0.83448553
4.663149706177884,202.5,27.383965,0.8400407
4.663149706177884,204.375,27.399824,0.82288027
4.663149706177884,206.25,27.299746,0.8196848
4.663149706177884,208.125,27.188671,0.8076965
4.663149706177884,210.0,27.12455,0.7902699
4.663149706177884,211.875,27.184414,0.7525186
4.663149706177884,213.75,27.164513,0.73041415
4.663149706177884,215.625,27.081308,0.7227257
4.663149706177884,217.5,27.053555,0.6848374
4.663149706177884,219.375,27.090664,0.6385376
4.663149706177884,221.25,27.158476,0.61057216
4.663149706177884,223.125,27.05541,0.6272077
4.663149706177884,225.0,26.932266,0.6261542
4.663149706177884,226.875,26.860449,0.6032231
4.663149706177884,228.75,26.898125,0.60037667
4.663149706177884,230.625,26.882969,0.63324857
4.663149706177884,232.5,26.733126,0.679322
4.663149706177884,234.375,26.618965,0.6986285
4.663149706177884,236.25,26.60875,0.712732
4.663149706177884,238.125,26.586952,0.73425055
4.663149706177884,240.0,26.364004,0.7950632
4.663149706177884,241.875,26.308926,0.826116
4.663149706177884,243.75,26.300606,0.83470666
4.663149706177884,245.625,26.153399,0.8507217
4.663149706177884,247.5,25.97502,0.8785687
4.663149706177884,249.375,25.969824,0.87632585
4.663149706177884,251.25,25.920664,0.87924516
4.663149706177884,253.125,25.887285,0.8877896
4.663149706177884,255.0,25.941347,0.8657573
4.663149706177884,256.875,25.93043,0.850404
4.663149706177884,258.75,25.984844,0.8356692
4.663149706177884,260.625,26.104414,0.8184
4.663149706177884,262.5,26.077442,0.8049914
4.663149706177884,264.375,26.155468,0.80128217
4.663149706177884,266.25,26.412695,0.7684633
4.663149706177884,268.125,26.430723,0.73247707
4.663149706177884,270.0,26.302187,0.7474167
4.663149706177884,271.875,26.337774,0.76975495
4.663149706177884,273.75,26.448027,0.78358465
4.663149706177884,275.625,26.789726,0.8175702
4.663149706177884,277.5,27.766094,0.8338696
4.663149706177884,279.375,28.708633,0.75456965
4.663149706177884,281.25,28.53756,0.54154116
4.663149706177884,283.125,27.247011,0.49142066
4.663149706177884,285.0,18.153868,0.73754203
4.663149706177884,286.875,22.189259,1.1987287
4.663149706177884,288.75,30.055079,1.2539247
4.663149706177884,290.625,31.159765,1.5860922
4.663149706177884,292.5,26.771074,1.5843804
4.663149706177884,294.375,24.27797,1.2878917
4.663149706177884,296.25,24.679043,1.0007579
4.663149706177884,298.125,25.923378,0.8142928
4.663149706177884,300.0,26.939316,0.7291805
4.663149706177884,301.875,27.05748,0.68932813
4.663149706177884,303.75,27.08543,0.74154586
4.663149706177884,305.625,27.810976,0.6938741
4.663149706177884,307.5,29.063927,0.57340723
4.663149706177884,309.375,26.779707,0.33127463
4.663149706177884,311.25,26.56164,0.37508997
4.663149706177884,313.125,26.30248,0.41226792
4.663149706177884,315.0,26.18166,0.4394718
4.663149706177884,316.875,26.095331,0.4719203
4.663149706177884,318.75,26.088945,0.49902606
4.663149706177884,320.625,26.108887,0.53638273
4.663149706177884,322.5,26.160683,0.5643067
4.663149706177884,324.375,26.194902,0.5418162
4.663149706177884,326.25,26.091503,0.51708144
4.663149706177884,328.125,26.115685,0.5081482
4.663149706177884,330.0,26.417286,0.4916262
4.663149706177884,331.875,26.672598,0.4681588
4.663149706177884,333.75,26.939825,0.45881942
4.663149706177884,335.625,27.27918,0.45693174
4.663149706177884,337.5,27.653399,0.4613815
4.663149706177884,339.375,27.891874,0.4810225
4.663149706177884,341.25,28.027695,0.5090997
4.663149706177884,343.125,28.096739,0.54102135
4.663149706177884,345.0,28.146484,0.5719825
4.663149706177884,346.875,28.23754,0.6139821
4.663149706177884,348.75,28.213184,0.6246219
4.663149706177884,350.625,28.085957,0.6203513
4.663149706177884,352.5,28.082891,0.67233634
4.663149706177884,354.375,28.1517,0.71703273
4.663149706177884,356.25,28.183847,0.7235801
4.663149706177884,358.125,28.432734,0.69451714
6.5284094014799905,0.0,26.296738,1.3091925
6.5284094014799905,1.875,25.62043,0.9361589
6.5284094014799905,3.75,28.400372,0.68976206
6.5284094014799905,5.625,28.771523,0.94143206
6.5284094014799905,7.5,25.488125,1.0463958
6.5284094014799905,9.375,23.450665,1.0695561
6.5284094014799905,11.25,21.668808,0.8930599
6.5284094014799905,13.125,20.04053,0.86249626
6.5284094014799905,15.0,20.530859,1.0024642
6.5284094014799905,16.875,24.917168,1.0626636
6.5284094014799905,18.75,27.562422,1.075725
6.5284094014799905,20.625,27.06459,1.2674161
6.5284094014799905,22.5,25.581484,1.34209
6.5284094014799905,24.375,26.906288,1.0509382
6.5284094014799905,26.25,28.74537,1.0352075
6.5284094014799905,28.125,30.435137,1.0925295
6.5284094014799905,30.0,31.320097,1.1334293
6.5284094014799905,31.875,34.7367,1.2093705
6.5284094014799905,33.75,34.036583,1.133299
6.5284094014799905,35.625,27.556015,1.0878384
6.5284094014799905,37.5,23.60334,1.1375078
6.5284094014799905,39.375,24.152851,0.8890342
6.5284094014799905,41.25,25.9975,0.80739635
6.5284094014799905,43.125,27.93381,0.88441414
6.5284094014799905,45.0,27.82627,0.8072474
6.5284094014799905,46.875,28.452852,0.6303376
6.5284094014799905,48.75,28.746855,0.5506118
6.5284094014799905,50.625,25.054356,0.54249346
6.5284094014799905,52.5,25.332403,0.58990747
6.5284094014799905,54.375,25.830664,0.5844191
6.5284094014799905,56.25,26.429102,0.5555275
6.5284094014799905,58.125,26.831993,0.5175379
6.5284094014799905,60.0,27.238125,0.48600966
6.5284094014799905,61.875,27.74916,0.42933506
6.5284094014799905,63.75,28.098574,0.38174978
6.5284094014799905,65.625,28.315449,0.37714067
6.5284094014799905,67.5,28.423302,0.39272654
6.5284094014799905,69.375,28.375683,0.40669024
6.5284094014799905,71.25,28.220722,0.4157969
6.5284094014799905,73.125,28.028418,0.43954936
6.5284094014799905,75.0,27.734512,0.47522613
6.5284094014799905,76.875,27.448692,0.4685002
6.5284094014799905,78.75,27.297382,0.45731637
6.5284094014799905,80.625,27.44129,0.4923973
6.5284094014799905,82.5,27.44207,0.47689185
6.5284094014799905,84.375,27.903593,0.46618623
6.5284094014799905,86.25,28.04295,0.4695765
6.5284094014799905,88.125,28.046797,0.45173424
6.5284094014799905,90.0,28.024864,0.42952085
6.5284094014799905,91.875,28.088614,0.40828708
6.5284094014799905,93.75,28.120352,0.3843126
6.5284094014799905,95.625,28.112032,0.3748825
6.5284094014799905,97.5,28.313204,0.4337834
6.5284094014799905,99.375,28.324219,1.8199502
6.5284094014799905,101.25,27.073458,1.1786461
6.5284094014799905,103.125,26.488867,0.5039972
6.5284094014799905,105.0,26.008614,0.5147501
6.5284094014799905,106.875,25.612305,0.5087918
6.5284094014799905,108.75,25.279747,0.53377056
6.5284094014799905,110.625,25.454414,0.5892704
6.5284094014799905,112.5,25.847694,0.6946521
6.5284094014799905,114.375,25.791582,0.75532514
6.5284094014799905,116.25,24.220938,0.60111845
6.5284094014799905,118.125,26.334805,0.67614555
6.5284094014799905,120.0,26.862677,0.772153
6.5284094014799905,121.875,27.569746,0.5556662
6.5284094014799905,123.75,27.636992,0.50552285
6.5284094014799905,125.625,27.025156,0.65323097
6.5284094014799905,127.5,26.755821,0.7275378
6.5284094014799905,129.375,27.133574,0.73508376
6.5284094014799905,131.25,27.615782,0.77278686
6.5284094014799905,133.125,27.797226,0.79361475
6.5284094014799905,135.0,27.920937,0.77588695
6.5284094014799905,136.875,28.036192,0.7456627
6.5284094014799905,138.75,28.12291,0.71648103
6.5284094014799905,140.625,28.236582,0.6694024
6.5284094014799905,142.5,28.432167,0.6122658
6.5284094014799905,144.375,28.582304,0.57038456
6.5284094014799905,146.25,28.704433,0.54662937
6.5284094014799905,148.125,28.782637,0.5371185
6.5284094014799905,150.0,28.809298,0.5227945
6.5284094014799905,151.875,28.822266,0.49805322
6.5284094014799905,153.75,28.83375,0.4718155
6.5284094014799905,155.625,28.771894,0.44387662
6.5284094014799905,157.5,28.716446,0.41875845
6.5284094014799905,159.375,28.70211,0.40118295
6.5284094014799905,161.25,28.658926,0.39769462
6.5284094014799905,163.125,28.635742,0.39925957
6.5284094014799905,165.0,28.628399,0.40340424
6.5284094014799905,166.875,28.592402,0.40482968
6.5284094014799905,168.75,28.539434,0.4082184
6.5284094014799905,170.625,28.49129,0.40068084
6.5284094014799905,172.5,28.43299,0.4092049
6.5284094014799905,174.375,28.35541,0.44487426
6.5284094014799905,176.25,28.35207,0.47525215
6.5284094014799905,178.125,28.348595,0.47945204
6.5284094014799905,180.0,28.319042,0.48392272
6.5284094014799905,181.875,28.300625,0.48448664
6.5284094014799905,183.75,28.266016,0.4901456
6.5284094014799905,185.625,28.20998,0.51400197
6.5284094014799905,187.5,28.17082,0.54291457
6.5284094014799905,189.375,28.159843,0.56325895
6.5284094014799905,191.25,28.156876,0.559374
6.5284094014799905,193.125,28.126133,0.54330224
6.5284094014799905,195.0,28.050547,0.55889577
6.5284094014799905,196.875,28.00035,0.5862012
6.5284094014799905,198.75,27.987558,0.6051604
6.5284094014799905,200.625,27.957012,0.60762703
6.5284094014799905,202.5,27.869864,0.612929
6.5284094014799905,204.375,27.836836,0.63450927
6.5284094014799905,206.25,27.839317,0.63545316
6.5284094014799905,208.125,27.764238,0.6277993
6.5284094014799905,210.0,27.689259,0.6146836
6.5284094014799905,211.875,27.653204,0.6069988
6.5284094014799905,213.75,27.60336,0.60172564
6.5284094014799905,215.625,27.513086,0.59343636
6.5284094014799905,217.5,27.482988,0.5683287
6.5284094014799905,219.375,27.469902,0.54288346
6.5284094014799905,221.25,27.408575,0.5313399
6.5284094014799905,223.125,27.346153,0.52623117
6.5284094014799905,225.0,27.356329,0.50303435
6.5284094014799905,226.875,27.340899,0.4704796
6.5284094014799905,228.75,27.255234,0.47165072
6.5284094014799905,230.625,27.21705,0.49551436
6.5284094014799905,232.5,27.219765,0.499764
6.5284094014799905,234.375,27.146973,0.5022501
6.5284094014799905,236.25,27.1075,0.5162423
6.5284094014799905,238.125,27.075722,0.5510658
6.5284094014799905,240.0,26.971699,0.6023326
6.5284094014799905,241.875,26.869043,0.6479204
6.5284094014799905,243.75,26.791485,0.6741559
6.5284094014799905,245.625,26.634844,0.70769
6.5284094014799905,247.5,26.508106,0.7336667
6.5284094014799905,249.375,26.430449,0.7548375
6.5284094014799905,251.25,26.286055,0.7734994
6.5284094014799905,253.125,26.200527,0.7806631
6.5284094014799905,255.0,26.15121,0.7781631
6.5284094014799905,256.875,26.045664,0.7865296
6.5284094014799905,258.75,26.085957,0.8029219
6.5284094014799905,260.625,26.277246,0.8094844
6.5284094014799905,262.5,26.322206,0.8059444
6.5284094014799905,264.375,26.427168,0.8002902
6.5284094014799905,266.25,26.555683,0.7582254
6.5284094014799905,268.125,26.410273,0.7391081
6.5284094014799905,270.0,26.250332,0.73226035
6.5284094014799905,271.875,26.322989,0.6787002
6.5284094014799905,273.75,26.432636,0.675837
6.5284094014799905,275.625,26.731602,0.7543427
6.5284094014799905,277.5,27.592031,0.7721129
6.5284094014799905,279.375,28.890509,0.5681386
6.5284094014799905,281.25,29.295448,0.4158297
6.5284094014799905,283.125,23.667656,0.6433481
6.5284094014799905,285.0,19.576368,0.7445355
6.5284094014799905,286.875,21.653887,1.2544771
6.5284094014799905,288.75,28.581837,1.1947654
6.5284094014799905,290.625,32.043827,1.2605463
6.5284094014799905,292.5,28.922148,1.4390128
6.5284094014799905,294.375,25.756817,1.1423984
6.5284094014799905,296.25,25.050644,0.9586165
6.5284094014799905,298.125,25.367598,0.77444
6.5284094014799905,300.0,26.066797,0.70487463
6.5284094014799905,301.875,28.535625,0.7690922
6.5284094014799905,303.75,25.377579,0.43789986
6.5284094014799905,305.625,26.080782,0.39688474
6.5284094014799905,307.5,26.53336,0.3445329
6.5284094014799905,309.375,26.467012,0.36450183
6.5284094014799905,311.25,26.3725,0.37728477
6.5284094014799905,313.125,26.304844,0.3747111
6.5284094014799905,315.0,26.22244,0.38570336
6.5284094014799905,316.875,26.173534,0.4132908
6.5284094014799905,318.75,26.198048,0.4537348
6.5284094014799905,320.625,26.190468,0.507011
6.5284094014799905,322.5,26.164473,0.5292854
6.5284094014799905,324.375,26.112226,0.53393096
6.5284094014799905,326.25,26.124668,0.5399449
6.5284094014799905,328.125,26.293379,0.5392728
6.5284094014799905,330.0,26.549551,0.5099966
6.5284094014799905,331.875,26.713554,0.48784274
6.5284094014799905,333.75,26.940546,0.4737261
6.5284094014799905,335.625,27.28041,0.44718492
6.5284094014799905,337.5,27.586992,0.42021036
6.5284094014799905,339.375,27.802305,0.4186697
6.5284094014799905,341.25,27.935585,0.43058425
6.5284094014799905,343.125,28.115294,0.4481734
6.5284094014799905,345.0,28.30496,0.47686693
6.5284094014799905,346.875,28.38791,0.5226186
6.5284094014799905,348.75,28.291973,0.5761785
6.5284094014799905,350.625,24.237656,0.9869205
6.5284094014799905,352.5,23.877617,1.2028451
6.5284094014799905,354.375,24.037031,1.1106048
6.5284094014799905,356.25,24.297247,1.2372518
6.5284094014799905,358.125,26.147324,1.4841429
8.393668907692383,0.0,25.174902,1.6021875
8.393668907692383,1.875,25.342812,1.3878008
8.393668907692383,3.75,27.671934,1.1472405
8.393668907692383,5.625,27.631386,1.2341013
8.393668907692383,7.5,27.42502,1.1172822
8.393668907692383,9.375,27.218788,1.1705147
8.393668907692383,11.25,25.564259,1.3432568
8.393668907692383,13.125,23.112383,1.3677187
8.393668907692383,15.0,23.089277,1.388862
8.393668907692383,16.875,26.307676,1.2609103
8.393668907692383,18.75,27.879082,1.2153925
8.393668907692383,20.625,26.746485,1.3019577
8.393668907692383,22.5,25.5942,1.2592753
8.393668907692383,24.375,26.81953,1.1465724
8.393668907692383,26.25,28.50627,1.3317161
8.393668907692383,28.125,29.632168,1.3138369
8.393668907692383,30.0,30.985527,1.1098812
8.393668907692383,31.875,32.451015,1.2156986
8.393668907692383,33.75,30.33125,1.1210766
8.393668907692383,35.625,25.19914,1.2795978
8.393668907692383,37.5,20.387169,1.1288866
8.393668907692383,39.375,19.187872,0.91930133
8.393668907692383,41.25,24.76543,1.0775738
8.393668907692383,43.125,26.59084,1.2984341
8.393668907692383,45.0,24.885977,1.0622476
8.393668907692383,46.875,25.775957,0.94573987
8.393668907692383,48.75,26.681875,0.8056153
8.393668907692383,50.625,24.84502,0.48808497
8.393668907692383,52.5,25.379532,0.52943903
8.393668907692383,54.375,25.975449,0.5352952
8.393668907692383,56.25,26.310234,0.48267972
8.393668907692383,58.125,26.53709,0.4406596
8.393668907692383,60.0,26.983477,0.4184242
8.393668907692383,61.875,27.410917,0.38315004
8.393668907692383,63.75,27.651875,0.3516421
8.393668907692383,65.625,27.885567,0.35440677
8.393668907692383,67.5,28.238047,0.37463227
8.393668907692383,69.375,28.323671,0.38199726
8.393668907692383,71.25,28.25379,0.39486066
8.393668907692383,73.125,28.255919,0.43295968
8.393668907692383,75.0,28.01744,0.48878813
8.393668907692383,76.875,29.906113,0.86121476
8.393668907692383,78.75,26.868868,0.4450623
8.393668907692383,80.625,27.747402,0.80395335
8.393668907692383,82.5,26.997559,0.47129238
8.393668907692383,84.375,27.511192,0.41841736
8.393668907692383,86.25,27.671465,0.4357764
8.393668907692383,88.125,27.63957,0.45311064
8.393668907692383,90.0,27.582129,0.46685836
8.393668907692383,91.875,27.517128,0.48026007
8.393668907692383,93.75,27.436934,0.47144097
8.393668907692383,95.625,27.438906,0.44581434
8.393668907692383,97.5,27.67416,0.44633383
8.393668907692383,99.375,30.024668,1.424496
8.393668907692383,101.25,29.327168,1.0669346
8.393668907692383,103.125,26.974804,0.49724227
8.393668907692383,105.0,26.16082,0.52770907
8.393668907692383,106.875,25.986387,0.53099424
8.393668907692383,108.75,25.121933,0.5290879
8.393668907692383,110.625,25.102715,0.53394157
8.393668907692383,112.5,25.407343,0.568457
8.393668907692383,114.375,25.470293,0.6669643
8.393668907692383,116.25,25.368301,0.6306149
8.393668907692383,118.125,25.709902,0.6077871
8.393668907692383,120.0,26.20043,0.6280173
8.393668907692383,121.875,27.015606,0.5533233
8.393668907692383,123.75,26.90123,0.52171624
8.393668907692383,125.625,26.024414,0.58347076
8.393668907692383,127.5,26.295235,0.591341
8.393668907692383,129.375,26.82123,0.5737664
8.393668907692383,131.25,27.165136,0.6117189
8.393668907692383,133.125,27.282637,0.6299149
8.393668907692383,135.0,27.399023,0.6043458
8.393668907692383,136.875,27.536972,0.5749008
8.393668907692383,138.75,27.658808,0.56277454
8.393668907692383,140.625,27.778711,0.54774225
8.393668907692383,142.5,27.924864,0.5283492
8.393668907692383,144.375,28.02207,0.51427317
8.393668907692383,146.25,28.146133,0.48574772
8.393668907692383,148.125,28.22045,0.4633291
8.393668907692383,150.0,28.244785,0.438326
8.393668907692383,151.875,28.251759,0.40709466
8.393668907692383,153.75,28.202187,0.37892812
8.393668907692383,155.625,28.143517,0.36518678
8.393668907692383,157.5,28.128809,0.35225135
8.393668907692383,159.375,28.196367,0.33877513
8.393668907692383,161.25,28.218262,0.3261491
8.393668907692383,163.125,28.223614,0.3213273
8.393668907692383,165.0,28.2417,0.3215331
8.393668907692383,166.875,28.21207,0.32146275
8.393668907692383,168.75,28.135723,0.32129344
8.393668907692383,170.625,28.116562,0.3247829
8.393668907692383,172.5,28.116095,0.3311527
8.393668907692383,174.375,28.09209,0.34188983
8.393668907692383,176.25,28.091152,0.35855657
8.393668907692383,178.125,28.101973,0.36477196
8.393668907692383,180.0,28.101738,0.3651119
8.393668907692383,181.875,28.074375,0.3637334
8.393668907692383,183.75,28.049473,0.3780091
8.393668907692383,185.625,28.036543,0.39269376
8.393668907692383,187.5,28.037169,0.4056905
8.393668907692383,189.375,28.016094,0.42018166
8.393668907692383,191.25,27.96541,0.42541218
8.393668907692383,193.125,27.97711,0.4445974
8.393668907692383,195.0,27.958809,0.45831153
8.393668907692383,196.875,27.928339,0.481328
8.393668907692383,198.75,27.956875,0.50905013
8.393668907692383,200.625,27.93918,0.5179772
8.393668907692383,202.5,27.842207,0.52900344
8.393668907692383,204.375,27.753027,0.5520153
8.393668907692383,206.25,27.76002,0.566175
8.393668907692383,208.125,27.772383,0.5675129
8.393668907692383,210.0,27.682812,0.56095636
8.393668907692383,211.875,27.6116,0.5593263
8.393668907692383,213.75,27.58631,0.5537168
8.393668907692383,215.625,27.544981,0.54574436
8.393668907692383,217.5,27.469786,0.53465134
8.393668907692383,219.375,27.418184,0.52188265
8.393668907692383,221.25,27.379688,0.5047917
8.393668907692383,223.125,27.355703,0.49441648
8.393668907692383,225.0,27.34502,0.4869195
8.393668907692383,226.875,27.317305,0.46435896
8.393668907692383,228.75,27.23164,0.45077413
8.393668907692383,230.625,27.181835,0.45929974
8.393668907692383,232.5,27.188927,0.4636138
8.393668907692383,234.375,27.157324,0.46106806
8.393668907692383,236.25,27.0992,0.46990728
8.393668907692383,238.125,27.110254,0.4906015
8.393668907692383,240.0,27.076954,0.52651393
8.393668907692383,241.875,26.96004,0.5640221
8.393668907692383,243.75,26.804218,0.5920155
8.393668907692383,245.625,26.70039,0.61858696
8.393668907692383,247.5,26.634687,0.65856344
8.393668907692383,249.375,26.494707,0.69604355
8.393668907692383,251.25,26.330917,0.7133662
8.393668907692383,253.125,26.309317,0.7230854
8.393668907692383,255.0,26.331797,0.7370143
8.393668907692383,256.875,26.30543,0.7632348
8.393668907692383,258.75,26.342344,0.78071827
8.393668907692383,260.625,26.47959,0.77668655
8.393668907692383,262.5,26.505938,0.7690532
8.393668907692383,264.375,26.49918,0.761511
8.393668907692383,266.25,26.516035,0.73718303
8.393668907692383,268.125,26.539648,0.71604836
8.393668907692383,270.0,26.59377,0.6546951
8.393668907692383,271.875,26.599237,0.5553481
8.393668907692383,273.75,26.382872,0.5297281
8.393668907692383,275.625,26.262579,0.575091
8.393668907692383,277.5,27.245234,0.5845716
8.393668907692383,279.375,25.840391,0.67123914
8.393668907692383,281.25,28.135801,0.619762
8.393668907692383,283.125,28.66047,0.45499316
8.393668907692383,285.0,24.050312,0.750025
8.393668907692383,286.875,24.259218,1.0825626
8.393668907692383,288.75,27.403126,0.9847576
8.393668907692383,290.625,30.386543,1.1053439
8.393668907692383,292.5,29.04961,1.0920401
8.393668907692383,294.375,27.934883,0.9116783
8.393668907692383,296.25,27.70168,0.72841036
8.393668907692383,298.125,27.65748,0.6326471
8.393668907692383,300.0,28.011328,0.64854664
8.393668907692383,301.875,25.299726,0.3905065
8.393668907692383,303.75,25.52037,0.44150507
8.393668907692383,305.625,26.034277,0.37838325
8.393668907692383,307.5,26.197441,0.35795996
8.393668907692383,309.375,26.235,0.35135457
8.393668907692383,311.25,26.146738,0.33163312
8.393668907692383,313.125,25.966036,0.322638
8.393668907692383,315.0,25.845177,0.34417245
8.393668907692383,316.875,25.918673,0.38362712
8.393668907692383,318.75,25.97705,0.42738065
8.393668907692383,320.625,25.946133,0.47646156
8.393668907692383,322.5,25.90959,0.5043679
8.393668907692383,324.375,25.884024,0.51246816
8.393668907692383,326.25,25.939394,0.5128903
8.393668907692383,328.125,26.083302,0.5018477
8.393668907692383,330.0,26.188906,0.48432192
8.393668907692383,331.875,26.239414,0.4709537
8.393668907692383,333.75,26.439747,0.45292613
8.393668907692383,335.625,26.856758,0.4101736
8.393668907692383,337.5,27.177383,0.36561248
8.393668907692383,339.375,27.398945,0.35753104
8.393668907692383,341.25,27.555508,0.3777108
8.393668907692383,343.125,27.773945,0.40404406
8.393668907692383,345.0,28.28666,0.4523902
8.393668907692383,346.875,25.350742,0.9659853
8.393668907692383,348.75,22.691895,0.9549957
8.393668907692383,350.625,21.135626,1.0895332
8.393668907692383,352.5,22.40373,1.3025059
8.393668907692383,354.375,23.163925,1.1940308
8.393668907692383,356.25,24.308594,1.1909165
8.393668907692383,358.125,25.506231,1.5059592
10.258928168006376,0.0,27.864492,1.373675
10.258928168006376,1.875,27.247032,1.4062421
10.258928168006376,3.75,27.836855,1.2250712
10.258928168006376,5.625,27.033184,1.3293685
10.258928168006376,7.5,25.664513,1.3985479
10.258928168006376,9.375,25.761036,1.3610373
10.258928168006376,11.25,26.763378,1.3599961
10.258928168006376,13.125,26.502892,1.3910686
10.258928168006376,15.0,26.81623,1.3993207
10.258928168006376,16.875,27.868711,1.4051279
10.258928168006376,18.75,27.860508,1.3361505
10.258928168006376,20.625,27.0925,1.2390739
10.258928168006376,22.5,26.049473,1.1877002
10.258928168006376,24.375,25.67207,1.2139204
10.258928168006376,26.25,25.420216,1.4457675
10.258928168006376,28.125,27.154472,1.4709466
10.258928168006376,30.0,28.560585,1.2800984
10.258928168006376,31.875,29.536543,1.2266731
10.258928168006376,33.75,29.505938,1.1473
10.258928168006376,35.625,25.872831,1.0956382
10.258928168006376,37.5,21.422344,1.0022991
10.258928168006376,39.375,19.737442,1.0025508
10.258928168006376,41.25,23.650528,1.167641
10.258928168006376,43.125,27.13459,1.1892617
10.258928168006376,45.0,25.45998,1.0812372
10.258928168006376,46.875,24.738419,0.9806177
10.258928168006376,48.75,25.0158,0.9242877
10.258928168006376,50.625,24.830528,0.81491286
10.258928168006376,52.5,25.016151,0.5361187
10.258928168006376,54.375,25.53082,0.5022647
10.258928168006376,56.25,25.621132,0.44762394
10.258928168006376,58.125,25.719276,0.42864323
10.258928168006376,60.0,26.151583,0.42484137
10.258928168006376,61.875,26.585098,0.4120948
10.258928168006376,63.75,26.75463,0.4070032
10.258928168006376,65.625,27.056036,0.41478804
10.258928168006376,67.5,27.621094,0.43285456
10.258928168006376,69.375,27.993008,0.40220603
10.258928168006376,71.25,28.108261,0.38913995
10.258928168006376,73.125,28.345137,0.41548923
10.258928168006376,75.0,28.331406,0.49128085
10.258928168006376,76.875,28.679472,1.1652497
10.258928168006376,78.75,26.533106,0.42816535
10.258928168006376,80.625,26.23246,0.44140112
10.258928168006376,82.5,26.54918,0.48621103
10.258928168006376,84.375,27.106426,0.39675483
10.258928168006376,86.25,27.232306,0.4057314
10.258928168006376,88.125,27.154629,0.47255695
10.258928168006376,90.0,27.089706,0.50731266
10.258928168006376,91.875,26.96752,0.51727456
10.258928168006376,93.75,26.730371,0.50512415
10.258928168006376,95.625,26.689669,0.50813025
10.258928168006376,97.5,26.962187,0.52279794
10.258928168006376,99.375,27.598125,1.1323535
10.258928168006376,101.25,27.904003,0.5085115
10.258928168006376,103.125,27.464825,0.5076523
10.258928168006376,105.0,25.974277,1.1794416
10.258928168006376,106.875,25.95582,1.049237
10.258928168006376,108.75,24.873125,0.5654588
10.258928168006376,110.625,24.7367,0.5641932
10.258928168006376,112.5,25.233282,0.5349304
10.258928168006376,114.375,25.373066,0.55686826
10.258928168006376,116.25,25.43914,0.5487648
10.258928168006376,118.125,25.664923,0.5461158
10.258928168006376,120.0,25.758595,0.5915712
10.258928168006376,121.875,25.94205,0.5984719
10.258928168006376,123.75,25.775547,0.5685838
10.258928168006376,125.625,25.832695,0.50019044
10.258928168006376,127.5,26.238907,0.4888087
10.258928168006376,129.375,26.620722,0.49337345
10.258928168006376,131.25,26.78711,0.5053687
10.258928168006376,133.125,26.864004,0.48950097
10.258928168006376,135.0,26.954277,0.46536732
10.258928168006376,136.875,27.06295,0.4597161
10.258928168006376,138.75,27.184532,0.4638036
10.258928168006376,140.625,27.313086,0.45869163
10.258928168006376,142.5,27.44459,0.45028335
10.258928168006376,144.375,27.554258,0.4436023
10.258928168006376,146.25,27.710411,0.4192833
10.258928168006376,148.125,27.76709,0.40628675
10.258928168006376,150.0,27.708302,0.3941903
10.258928168006376,151.875,27.63414,0.3793622
10.258928168006376,153.75,27.585976,0.36185065
10.258928168006376,155.625,27.549278,0.34365296
10.258928168006376,157.5,27.576056,0.3260397
10.258928168006376,159.375,27.66293,0.3118077
10.258928168006376,161.25,27.675644,0.29711422
10.258928168006376,163.125,27.653574,0.28387082
10.258928168006376,165.0,27.67666,0.28073263
10.258928168006376,166.875,27.64916,0.2899708
10.258928168006376,168.75,27.608496,0.2964098
10.258928168006376,170.625,27.597324,0.30544397
10.258928168006376,172.5,27.60916,0.3184493
10.258928168006376,174.375,27.617832,0.32665113
10.258928168006376,176.25,27.611544,0.33401147
10.258928168006376,178.125,27.581543,0.33888888
10.258928168006376,180.0,27.552734,0.3373533
10.258928168006376,181.875,27.552773,0.3329139
10.258928168006376,183.75,27.51211,0.33499745
10.258928168006376,185.625,27.518126,0.33885795
10.258928168006376,187.5,27.558907,0.34525716
10.258928168006376,189.375,27.531485,0.35169306
10.258928168006376,191.25,27.46373,0.36039615
10.258928168006376,193.125,27.5041,0.3737101
10.258928168006376,195.0,27.54787,0.38479123
10.258928168006376,196.875,27.48168,0.39978847
10.258928168006376,198.75,27.439863,0.4205148
10.258928168006376,200.625,27.472284,0.44404468
10.258928168006376,202.5,27.475136,0.46571815
10.258928168006376,204.375,27.402422,0.48940155
10.258928168006376,206.25,27.344492,0.5107493
10.258928168006376,208.125,27.297714,0.5278505
10.258928168006376,210.0,27.274141,0.5341283
10.258928168006376,211.875,27.208359,0.5429489
10.258928168006376,213.75,27.157461,0.5424671
10.258928168006376,215.625,27.109491,0.5412188
10.258928168006376,217.5,27.065332,0.5401668
10.258928168006376,219.375,27.032715,0.5376202
10.258928168006376,221.25,27.00707,0.52420866
10.258928168006376,223.125,26.935957,0.5131297
10.258928168006376,225.0,26.883926,0.50804037
10.258928168006376,226.875,26.92084,0.4906207
10.258928168006376,228.75,26.920391,0.4678583
10.258928168006376,230.625,26.85961,0.46339977
10.258928168006376,232.5,26.845976,0.46391237
10.258928168006376,234.375,26.881426,0.45274672
10.258928168006376,236.25,26.868008,0.45338133
10.258928168006376,238.125,26.892149,0.45584252
10.258928168006376,240.0,26.89082,0.48253217
10.258928168006376,241.875,26.803808,0.5105069
10.258928168006376,243.75,26.709648,0.52338415
10.258928168006376,245.625,26.708534,0.5515205
10.258928168006376,247.5,26.642187,0.59378797
10.258928168006376,249.375,26.518867,0.619565
10.258928168006376,251.25,26.470528,0.64545137
10.258928168006376,253.125,26.512402,0.6654726
10.258928168006376,255.0,26.481016,0.68250066
10.258928168006376,256.875,26.383945,0.6993827
10.258928168006376,258.75,26.362988,0.7128102
10.258928168006376,260.625,26.358126,0.7266119
10.258928168006376,262.5,26.386738,0.7253412
10.258928168006376,264.375,26.534727,0.7117942
10.258928168006376,266.25,26.780312,0.682644
10.258928168006376,268.125,27.051699,0.6454899
10.258928168006376,270.0,27.128302,0.60182965
10.258928168006376,271.875,26.856367,0.541767
10.258928168006376,273.75,26.37959,0.5195868
10.258928168006376,275.625,26.43088,0.5599814
10.258928168006376,277.5,26.319786,0.29493734
10.258928168006376,279.375,25.819511,0.3539067
10.258928168006376,281.25,25.592539,0.4531849
10.258928168006376,283.125,26.324532,0.5381804
10.258928168006376,285.0,26.580488,0.5527544
10.258928168006376,286.875,26.173828,0.6390075
10.258928168006376,288.75,26.056425,0.7153591
10.258928168006376,290.625,26.587051,0.76264113
10.258928168006376,292.5,26.891933,0.75653297
10.258928168006376,294.375,28.203789,0.75654364
10.258928168006376,296.25,30.20545,0.6029529
10.258928168006376,298.125,25.272676,0.35222983
10.258928168006376,300.0,24.82123,0.39619255
10.258928168006376,301.875,25.589336,0.41820315
10.258928168006376,303.75,25.7692,0.379044
10.258928168006376,305.625,25.866737,0.32417646
10.258928168006376,307.5,25.842226,0.32203153
10.258928168006376,309.375,25.801172,0.3188686
10.258928168006376,311.25,25.575586,0.32575327
10.258928168006376,313.125,25.368614,0.33241823
10.258928168006376,315.0,25.398632,0.3403617
10.258928168006376,316.875,25.521446,0.36642733
10.258928168006376,318.75,25.487188,0.38547114
10.258928168006376,320.625,25.37875,0.40391037
10.258928168006376,322.5,25.338848,0.4296597
10.258928168006376,324.375,25.269512,0.44554725
10.258928168006376,326.25,25.218203,0.4519228
10.258928168006376,328.125,25.192188,0.4564838
10.258928168006376,330.0,25.135801,0.46236792
10.258928168006376,331.875,25.123125,0.4630757
10.258928168006376,333.75,25.333124,0.4485603
10.258928168006376,335.625,25.821718,0.40832865
10.258928168006376,337.5,26.17707,0.37465218
10.258928168006376,339.375,26.35705,0.3842569
10.258928168006376,341.25,26.534473,0.420358
10.258928168006376,343.125,27.013046,0.46261513
10.258928168006376,345.0,28.113907,0.57869816
10.258928168006376,346.875,27.997969,0.9314198
10.258928168006376,348.75,23.538261,0.9672587
10.258928168006376,350.625,21.983574,1.0283383
10.258928168006376,352.5,23.617579,1.4693657
10.258928168006376,354.375,25.216934,1.4805908
10.258928168006376,356.25,27.469473,1.15457
10.258928168006376,358.125,28.345644,1.183552
12.124187123455766,0.0,28.300528,1.256955
12.124187123455766,1.875,28.329453,1.2561939
12.124187123455766,3.75,28.446583,1.3030316
12.124187123455766,5.625,26.952187,1.4106995
12.124187123455766,7.5,25.147245,1.4156291
12.124187123455766,9.375,24.495546,1.3491832
12.124187123455766,11.25,25.741796,1.3135191
12.124187123455766,13.125,26.73748,1.3457869
12.124187123455766,15.0,27.182323,1.3873483
12.124187123455766,16.875,27.586329,1.3876675
12.124187123455766,18.75,27.829102,1.3086939
12.124187123455766,20.625,27.571953,1.2691594
12.124187123455766,22.5,25.681171,1.2943641
12.124187123455766,24.375,24.059746,1.2900229
12.124187123455766,26.25,22.681581,1.3874134
12.124187123455766,28.125,25.29998,1.4062277
12.124187123455766,30.0,26.667364,1.3043458
12.124187123455766,31.875,28.197012,1.2541186
12.124187123455766,33.75,31.49498,1.2167958
12.124187123455766,35.625,27.98252,0.9565138
12.124187123455766,37.5,23.301699,0.98191845
12.124187123455766,39.375,21.12506,1.0024114
12.124187123455766,41.25,24.77381,0.8104556
12.124187123455766,43.125,24.083008,0.42880273
12.124187123455766,45.0,23.241562,0.4480422
12.124187123455766,46.875,23.111757,0.43658134
12.124187123455766,48.75,23.338964,0.41928977
12.124187123455766,50.625,23.714453,0.47259715
12.124187123455766,52.5,24.247461,0.58043265
12.124187123455766,54.375,24.25666,0.5091282
12.124187123455766,56.25,24.28916,0.3960472
12.124187123455766,58.125,24.584473,0.41446045
12.124187123455766,60.0,24.971699,0.45956507
12.124187123455766,61.875,25.079317,0.47838506
12.124187123455766,63.75,25.229063,0.48753786
12.124187123455766,65.625,25.91205,0.5302907
12.124187123455766,67.5,26.787363,0.5254722
12.124187123455766,69.375,27.367266,0.4726922
12.124187123455766,71.25,27.692677,0.42332143
12.124187123455766,73.125,28.154219,0.41638082
12.124187123455766,75.0,28.335644,0.45866385
12.124187123455766,76.875,23.670801,1.4736363
12.124187123455766,78.75,23.159784,1.5748155
12.124187123455766,80.625,25.99127,0.3965457
12.124187123455766,82.5,25.977188,0.43329257
12.124187123455766,84.375,26.519804,0.40660188
12.124187123455766,86.25,26.718124,0.3650474
12.124187123455766,88.125,26.647226,0.41979435
12.124187123455766,90.0,26.552324,0.44550458
12.124187123455766,91.875,26.451855,0.43457353
12.124187123455766,93.75,26.330605,0.43110034
12.124187123455766,95.625,26.302324,0.5108874
12.124187123455766,97.5,26.361094,0.5965377
12.124187123455766,99.375,24.935919,1.1649901
12.124187123455766,101.25,24.01166,1.0770224
12.124187123455766,103.125,24.606836,0.9035921
12.124187123455766,105.0,24.577286,1.0735844
12.124187123455766,106.875,23.774395,1.4110405
12.124187123455766,108.75,22.847265,0.9267337
12.124187123455766,110.625,24.43957,0.56188136
12.124187123455766,112.5,25.1583,0.5304114
12.124187123455766,114.375,25.381172,0.5255181
12.124187123455766,116.25,25.4742,0.50321555
12.124187123455766,118.125,25.37125,0.546093
12.124187123455766,120.0,25.096796,0.61444277
12.124187123455766,121.875,25.050293,0.6185385
12.124187123455766,123.75,25.104082,0.5970432
12.124187123455766,125.625,25.677187,0.5047778
12.124187123455766,127.5,26.049902,0.47283995
12.124187123455766,129.375,26.233496,0.454312
12.124187123455766,131.25,26.3458,0.42768154
12.124187123455766,133.125,26.44711,0.4149836
12.124187123455766,135.0,26.532227,0.4136205
12.124187123455766,136.875,26.630058,0.42025486
12.124187123455766,138.75,26.763418,0.42749265
12.124187123455766,140.625,26.891973,0.42699105
12.124187123455766,142.5,26.98502,0.42367464
12.124187123455766,144.375,27.033808,0.41296476
12.124187123455766,146.25,27.04664,0.39064777
12.124187123455766,148.125,26.987617,0.37632048
12.124187123455766,150.0,26.96371,0.37840655
12.124187123455766,151.875,26.991505,0.38378215
12.124187123455766,153.75,27.01381,0.38314748
12.124187123455766,155.625,27.023575,0.37711224
12.124187123455766,157.5,27.049004,0.36848497
12.124187123455766,159.375,27.068886,0.35604227
12.124187123455766,161.25,27.058966,0.33678585
12.124187123455766,163.125,27.079239,0.32637516
12.124187123455766,165.0,27.093712,0.32813558
12.124187123455766,166.875,27.063086,0.33001027
12.124187123455766,168.75,27.054747,0.33817542
12.124187123455766,170.625,27.032265,0.35140905
12.124187123455766,172.5,27.002735,0.36346477
12.124187123455766,174.375,26.989883,0.3676926
12.124187123455766,176.25,26.98332,0.37162116
12.124187123455766,178.125,26.918652,0.37872005
12.124187123455766,180.0,26.91621,0.37294716
12.124187123455766,181.875,26.941875,0.3647902
12.124187123455766,183.75,26.893614,0.3567029
12.124187123455766,185.625,26.881231,0.35644436
12.124187123455766,187.5,26.95127,0.36413434
12.124187123455766,189.375,26.917364,0.37094557
12.124187123455766,191.25,26.863106,0.37282842
12.124187123455766,193.125,26.8534,0.38005662
12.124187123455766,195.0,26.852833,0.38397914
12.124187123455766,196.875,26.776505,0.39223322
12.124187123455766,198.75,26.696054,0.40756023
12.124187123455766,200.625,26.725039,0.43133432
12.124187123455766,202.5,26.778301,0.45048922
12.124187123455766,204.375,26.769297,0.47115567
12.124187123455766,206.25,26.694355,0.4999585
12.124187123455766,208.125,26.653145,0.5313369
12.124187123455766,210.0,26.623144,0.552176
12.124187123455766,211.875,26.527325,0.5653519
12.124187123455766,213.75,26.46412,0.57357776
12.124187123455766,215.625,26.432755,0.5828105
12.124187123455766,217.5,26.394922,0.5868918
12.124187123455766,219.375,26.33252,0.588175
12.124187123455766,221.25,26.362831,0.57647556
12.124187123455766,223.125,26.344336,0.5751631
12.124187123455766,225.0,26.258282,0.56308246
12.124187123455766,226.875,26.296913,0.5312584
12.124187123455766,228.75,26.388613,0.5018579
12.124187123455766,230.625,26.360292,0.488895
12.124187123455766,232.5,26.369648,0.4726742
12.124187123455766,234.375,26.49459,0.45175937
12.124187123455766,236.25,26.547949,0.43932763
12.124187123455766,238.125,26.556835,0.42091775
12.124187123455766,240.0,26.601212,0.433201
12.124187123455766,241.875,26.596308,0.45188466
12.124187123455766,243.75,26.617638,0.45120576
12.124187123455766,245.625,26.671738,0.47965747
12.124187123455766,247.5,26.607716,0.52546674
12.124187123455766,249.375,26.576698,0.5518804
12.124187123455766,251.25,26.614395,0.57304174
12.124187123455766,253.125,26.498535,0.6301035
12.124187123455766,255.0,26.333828,0.68739915
12.124187123455766,256.875,26.254864,0.7293615
12.124187123455766,258.75,26.099981,0.76537615
12.124187123455766,260.625,25.992382,0.76534027
12.124187123455766,262.5,26.20207,0.7293714
12.124187123455766,264.375,26.726524,0.6644147
12.124187123455766,266.25,27.149708,0.6093988
12.124187123455766,268.125,27.152306,0.57977915
12.124187123455766,270.0,27.015312,0.56130236
12.124187123455766,271.875,26.81338,0.53951067
12.124187123455766,273.75,25.693907,0.95653176
12.124187123455766,275.625,25.306133,0.677915
12.124187123455766,277.5,25.979317,0.3203715
12.124187123455766,279.375,25.36998,0.41265848
12.124187123455766,281.25,24.989042,0.50542384
12.124187123455766,283.125,24.86207,0.546109
12.124187123455766,285.0,24.084082,0.58007723
12.124187123455766,286.875,23.435215,0.6432354
12.124187123455766,288.75,23.869297,0.6030527
12.124187123455766,290.625,24.03207,0.56041366
12.124187123455766,292.5,23.829706,0.55097324
12.124187123455766,294.375,23.840567,0.49205068
12.124187123455766,296.25,24.373028,0.37040594
12.124187123455766,298.125,24.887676,0.35358977
12.124187123455766,300.0,25.104023,0.38013494
12.124187123455766,301.875,25.503223,0.3795358
12.124187123455766,303.75,25.472675,0.33266276
12.124187123455766,305.625,25.368946,0.3134916
12.124187123455766,307.5,25.35705,0.31816941
12.124187123455766,309.375,25.282831,0.3412744
12.124187123455766,311.25,24.84541,0.3714698
12.124187123455766,313.125,24.756836,0.36225343
12.124187123455766,315.0,24.952734,0.36471686
12.124187123455766,316.875,24.980274,0.38696775
12.124187123455766,318.75,24.750742,0.40925485
12.124187123455766,320.625,24.469532,0.40901807
12.124187123455766,322.5,24.352324,0.4166731
12.124187123455766,324.375,24.242168,0.43671018
12.124187123455766,326.25,24.136133,0.4494209
12.124187123455766,328.125,24.072617,0.45865148
12.124187123455766,330.0,23.971523,0.4848013
12.124187123455766,331.875,23.896309,0.49849755
12.124187123455766,333.75,24.003477,0.48339412
12.124187123455766,335.625,24.288712,0.450391
12.124187123455766,337.5,24.678457,0.4291871
12.124187123455766,339.375,25.077753,0.44709054
12.124187123455766,341.25,25.37172,0.50817215
12.124187123455766,343.125,25.759043,0.5552372
12.124187123455766,345.0,28.936562,1.1349651
12.124187123455766,346.875,28.879921,1.0235212
12.124187123455766,348.75,27.430859,1.1033334
12.124187123455766,350.625,26.593575,1.2633554
12.124187123455766,352.5,25.937597,1.7219331
12.124187123455766,354.375,26.66123,1.6143818
12.124187123455766,356.25,27.465761,1.4300559
12.124187123455766,358.125,28.158066,1.2902449
13.989445712356673,0.0,26.89711,1.2808819
13.989445712356673,1.875,27.377226,1.3070035
13.989445712356673,3.75,27.461952,1.3077077
13.989445712356673,5.625,26.8534,1.3375531
13.989445712356673,7.5,25.149004,1.371289
13.989445712356673,9.375,24.745722,1.3801705
13.989445712356673,11.25,24.772774,1.3290994
13.989445712356673,13.125,24.40498,1.3607247
13.989445712356673,15.0,24.621544,1.4745126
13.989445712356673,16.875,25.13248,1.4924067
13.989445712356673,18.75,26.122168,1.3828694
13.989445712356673,20.625,26.165625,1.3109409
13.989445712356673,22.5,23.98377,1.3436725
13.989445712356673,24.375,20.795372,1.4223369
13.989445712356673,26.25,20.070978,1.4167876
13.989445712356673,28.125,22.74246,1.452661
13.989445712356673,30.0,23.336388,1.4036392
13.989445712356673,31.875,25.387968,1.3614833
13.989445712356673,33.75,30.72787,1.2177236
13.989445712356673,35.625,28.685175,1.0540385
13.989445712356673,37.5,23.19834,0.9595014
13.989445712356673,39.375,22.239317,0.82342905
13.989445712356673,41.25,24.498379,0.37443575
13.989445712356673,43.125,27.86834,0.6757271
13.989445712356673,45.0,24.615585,0.7370133
13.989445712356673,46.875,23.099726,0.7192972
13.989445712356673,48.75,23.56711,0.42439872
13.989445712356673,50.625,23.676817,0.45792696
13.989445712356673,52.5,23.768183,0.5304593
13.989445712356673,54.375,23.54203,0.54075515
13.989445712356673,56.25,23.410547,0.42816478
13.989445712356673,58.125,23.724005,0.38741934
13.989445712356673,60.0,24.065586,0.43259397
13.989445712356673,61.875,24.048965,0.44225252
13.989445712356673,63.75,24.215548,0.42224702
13.989445712356673,65.625,24.999493,0.44720617
13.989445712356673,67.5,26.195839,0.4653369
13.989445712356673,69.375,26.862793,0.42748287
13.989445712356673,71.25,27.414785,0.4058159
13.989445712356673,73.125,27.880352,0.42260143
13.989445712356673,75.0,25.097265,1.4231312
13.989445712356673,76.875,22.97787,1.9816967
13.989445712356673,78.75,24.673124,1.7652537
13.989445712356673,80.625,26.092676,0.40906808
13.989445712356673,82.5,25.82621,0.43524975
13.989445712356673,84.375,26.05752,0.43512425
13.989445712356673,86.25,26.41455,0.3791058
13.989445712356673,88.125,26.451172,0.38539708
13.989445712356673,90.0,26.351778,0.39737403
13.989445712356673,91.875,26.326601,0.38780287
13.989445712356673,93.75,26.615332,0.44354996
13.989445712356673,95.625,26.561583,0.516517
13.989445712356673,97.5,26.401777,0.6330968
13.989445712356673,99.375,24.40791,1.3840622
13.989445712356673,101.25,23.088203,1.3568953
13.989445712356673,103.125,23.389395,1.1315839
13.989445712356673,105.0,23.617538,1.269191
13.989445712356673,106.875,22.880058,1.4037056
13.989445712356673,108.75,22.053905,1.1039169
13.989445712356673,110.625,24.35959,0.5476964
13.989445712356673,112.5,25.163027,0.5203618
13.989445712356673,114.375,25.376152,0.5148273
13.989445712356673,116.25,25.445704,0.49145877
13.989445712356673,118.125,25.2875,0.5248796
13.989445712356673,120.0,24.999355,0.5735428
13.989445712356673,121.875,24.817364,0.58341557
13.989445712356673,123.75,25.052305,0.5460592
13.989445712356673,125.625,25.462286,0.50190586
13.989445712356673,127.5,25.628496,0.4650225
13.989445712356673,129.375,25.72543,0.427783
13.989445712356673,131.25,25.863125,0.41768357
13.989445712356673,133.125,25.969063,0.41971588
13.989445712356673,135.0,26.029394,0.42405537
13.989445712356673,136.875,26.107754,0.4225589
13.989445712356673,138.75,26.207579,0.42909908
13.989445712356673,140.625,26.269922,0.43539447
13.989445712356673,142.5,26.28668,0.4319354
13.989445712356673,144.375,26.274376,0.41615722
13.989445712356673,146.25,26.282188,0.4026122
13.989445712356673,148.125,26.333769,0.39838427
13.989445712356673,150.0,26.385723,0.4087295
13.989445712356673,151.875,26.405624,0.42087445
13.989445712356673,153.75,26.404648,0.4188867
13.989445712356673,155.625,26.39547,0.41473088
13.989445712356673,157.5,26.382246,0.41298592
13.989445712356673,159.375,26.374239,0.4141564
13.989445712356673,161.25,26.399609,0.41446742
13.989445712356673,163.125,26.40953,0.40687573
13.989445712356673,165.0,26.350351,0.39189073
13.989445712356673,166.875,26.316933,0.38590655
13.989445712356673,168.75,26.340527,0.40647116
13.989445712356673,170.625,26.309942,0.4220881
13.989445712356673,172.5,26.271074,0.4331743
13.989445712356673,174.375,26.284824,0.44085693
13.989445712356673,176.25,26.248535,0.4450134
13.989445712356673,178.125,26.180859,0.44292274
13.989445712356673,180.0,26.177696,0.43049446
13.989445712356673,181.875,26.18834,0.4164773
13.989445712356673,183.75,26.145079,0.40720293
13.989445712356673,185.625,26.098085,0.4064735
13.989445712356673,187.5,26.099394,0.41368073
13.989445712356673,189.375,26.122715,0.41708887
13.989445712356673,191.25,26.09879,0.4153665
13.989445712356673,193.125,26.094395,0.41358075
13.989445712356673,195.0,26.132402,0.41628608
13.989445712356673,196.875,26.073887,0.4266311
13.989445712356673,198.75,25.982832,0.4396448
13.989445712356673,200.625,25.894493,0.45611942
13.989445712356673,202.5,25.923302,0.47809952
13.989445712356673,204.375,25.958477,0.5006047
13.989445712356673,206.25,25.896406,0.5301127
13.989445712356673,208.125,25.898575,0.5538223
13.989445712356673,210.0,25.864649,0.5834826
13.989445712356673,211.875,25.768614,0.6122057
13.989445712356673,213.75,25.65,0.63979477
13.989445712356673,215.625,25.642246,0.64404804
13.989445712356673,217.5,25.589746,0.6434375
13.989445712356673,219.375,25.583105,0.64416677
13.989445712356673,221.25,25.60709,0.65738446
13.989445712356673,223.125,25.60627,0.6564916
13.989445712356673,225.0,25.551348,0.62952703
13.989445712356673,226.875,25.653126,0.5986176
13.989445712356673,228.75,25.715605,0.58317906
13.989445712356673,230.625,25.73209,0.55142474
13.989445712356673,232.5,25.804981,0.50745684
13.989445712356673,234.375,26.014101,0.45685807
13.989445712356673,236.25,26.082422,0.4236041
13.989445712356673,238.125,26.155956,0.39277738
13.989445712356673,240.0,26.255587,0.39119568
13.989445712356673,241.875,26.332403,0.39905912
13.989445712356673,243.75,26.450117,0.40372553
13.989445712356673,245.625,26.541601,0.4221816
13.989445712356673,247.5,26.525547,0.4542893
13.989445712356673,249.375,26.582148,0.47606492
13.989445712356673,251.25,26.613691,0.517333
13.989445712356673,253.125,26.509825,0.6033932
13.989445712356673,255.0,26.577246,0.67252505
13.989445712356673,256.875,27.010157,0.66431516
13.989445712356673,258.75,26.80121,0.73624724
13.989445712356673,260.625,25.986153,0.79705626
13.989445712356673,262.5,25.905527,0.7530645
13.989445712356673,264.375,26.4742,0.69013107
13.989445712356673,266.25,26.826328,0.6132311
13.989445712356673,268.125,25.177265,0.8481357
13.989445712356673,270.0,25.060703,0.8894263
13.989445712356673,271.875,25.387148,0.92553675
13.989445712356673,273.75,24.76744,0.8570854
13.989445712356673,275.625,24.662481,0.6083025
13.989445712356673,277.5,25.9959,0.3326036
13.989445712356673,279.375,25.244316,0.43651736
13.989445712356673,281.25,25.079805,0.45553485
13.989445712356673,283.125,25.131367,0.4894318
13.989445712356673,285.0,24.960352,0.52480894
13.989445712356673,286.875,24.843788,0.5301625
13.989445712356673,288.75,24.941816,0.4848502
13.989445712356673,290.625,25.163555,0.4338659
13.989445712356673,292.5,25.29461,0.38647443
13.989445712356673,294.375,25.262539,0.35735363
13.989445712356673,296.25,25.185741,0.33947927
13.989445712356673,298.125,25.227655,0.34479925
13.989445712356673,300.0,25.346973,0.3460094
13.989445712356673,301.875,25.34539,0.34245297
13.989445712356673,303.75,25.256542,0.34629327
13.989445712356673,305.625,25.14789,0.3531554
13.989445712356673,307.5,24.958633,0.36719328
13.989445712356673,309.375,24.538887,0.39170617
13.989445712356673,311.25,24.320078,0.39633736
13.989445712356673,313.125,24.422344,0.39867324
13.989445712356673,315.0,24.463242,0.40486333
13.989445712356673,316.875,24.22711,0.41972512
13.989445712356673,318.75,23.939297,0.43778297
13.989445712356673,320.625,23.744413,0.46014327
13.989445712356673,322.5,23.554844,0.48403645
13.989445712356673,324.375,23.30789,0.49992812
13.989445712356673,326.25,23.091875,0.49360952
13.989445712356673,328.125,22.943027,0.49558622
13.989445712356673,330.0,22.830488,0.52550006
13.989445712356673,331.875,22.722794,0.5556622
13.989445712356673,333.75,22.615723,0.54786503
13.989445712356673,335.625,22.772755,0.50973684
13.989445712356673,337.5,23.332363,0.47476995
13.989445712356673,339.375,23.82125,0.52530223
13.989445712356673,341.25,23.87547,0.633902
13.989445712356673,343.125,23.743515,0.71623796
13.989445712356673,345.0,29.830273,1.1153045
13.989445712356673,346.875,29.835352,1.1952655
13.989445712356673,348.75,28.591192,1.3417711
13.989445712356673,350.625,27.916426,1.4585904
13.989445712356673,352.5,27.583906,1.5506104
13.989445712356673,354.375,26.899786,1.455796
13.989445712356673,356.25,26.693457,1.4063768
13.989445712356673,358.125,26.820917,1.3209919
15.854703869694873,0.0,25.957188,1.3974673
15.854703869694873,1.875,25.325624,1.4161465
15.854703869694873,3.75,25.137558,1.3526386
15.854703869694873,5.625,24.895899,1.3710419
15.854703869694873,7.5,23.330273,1.4171458
15.854703869694873,9.375,22.088438,1.4240528
15.854703869694873,11.25,21.894882,1.3548856
15.854703869694873,13.125,21.935741,1.3131274
15.854703869694873,15.0,22.360956,1.3688239
15.854703869694873,16.875,23.15291,1.4535874
15.854703869694873,18.75,23.950527,1.4608141
15.854703869694873,20.625,23.648106,1.4637341
15.854703869694873,22.5,20.91086,1.4643321
15.854703869694873,24.375,17.616993,1.4569675
15.854703869694873,26.25,18.234377,1.4578401
15.854703869694873,28.125,20.04375,1.5017742
15.854703869694873,30.0,20.366056,1.532458
15.854703869694873,31.875,22.810059,1.4335678
15.854703869694873,33.75,27.80543,1.2608031
15.854703869694873,35.625,27.100527,0.98494655
15.854703869694873,37.5,23.253868,0.8694776
15.854703869694873,39.375,25.879648,0.80653983
15.854703869694873,41.25,24.957598,0.34255648
15.854703869694873,43.125,23.51129,0.8681913
15.854703869694873,45.0,20.04006,1.3331504
15.854703869694873,46.875,18.494904,1.5251652
15.854703869694873,48.75,21.813887,1.1996717
15.854703869694873,50.625,22.145098,0.97435606
15.854703869694873,52.5,23.129044,0.5306892
15.854703869694873,54.375,22.823614,0.5757663
15.854703869694873,56.25,22.66246,0.48057246
15.854703869694873,58.125,22.872675,0.38865814
15.854703869694873,60.0,23.294844,0.41306567
15.854703869694873,61.875,23.528906,0.4265716
15.854703869694873,63.75,23.678848,0.39357677
15.854703869694873,65.625,24.217323,0.39454296
15.854703869694873,67.5,25.350508,0.4132473
15.854703869694873,69.375,26.3259,0.3781213
15.854703869694873,71.25,27.103222,0.38531816
15.854703869694873,73.125,27.435293,0.42625722
15.854703869694873,75.0,24.603594,1.5837387
15.854703869694873,76.875,24.123945,1.8903304
15.854703869694873,78.75,25.598827,1.5803833
15.854703869694873,80.625,26.29828,0.41604772
15.854703869694873,82.5,25.74414,0.43729553
15.854703869694873,84.375,25.572266,0.4071303
15.854703869694873,86.25,25.75035,0.40883893
15.854703869694873,88.125,25.914883,0.4087871
15.854703869694873,90.0,26.000586,0.3875616
15.854703869694873,91.875,26.3708,0.3759894
15.854703869694873,93.75,27.107265,0.41558215
15.854703869694873,95.625,23.089882,0.87247616
15.854703869694873,97.5,23.489414,1.2371347
15.854703869694873,99.375,23.698204,1.4423144
15.854703869694873,101.25,23.071327,1.6380193
15.854703869694873,103.125,22.1025,1.5670266
15.854703869694873,105.0,22.166054,1.4642243
15.854703869694873,106.875,21.845234,1.3217603
15.854703869694873,108.75,23.422754,0.55419
15.854703869694873,110.625,24.025957,0.53488636
15.854703869694873,112.5,24.958183,0.5161798
15.854703869694873,114.375,25.264942,0.5145186
15.854703869694873,116.25,25.31416,0.51632917
15.854703869694873,118.125,25.277794,0.5399547
15.854703869694873,120.0,25.198925,0.5671983
15.854703869694873,121.875,22.369532,0.6772212
15.854703869694873,123.75,24.854727,0.52250534
15.854703869694873,125.625,24.956211,0.49162963
15.854703869694873,127.5,25.03627,0.4658305
15.854703869694873,129.375,25.191484,0.4612377
15.854703869694873,131.25,25.30254,0.4730823
15.854703869694873,133.125,25.352911,0.47424656
15.854703869694873,135.0,25.37248,0.46575677
15.854703869694873,136.875,25.446602,0.44943833
15.854703869694873,138.75,25.521835,0.44115093
15.854703869694873,140.625,25.547247,0.43274677
15.854703869694873,142.5,25.57748,0.41976586
15.854703869694873,144.375,25.660313,0.411227
15.854703869694873,146.25,25.733223,0.40670457
15.854703869694873,148.125,25.775118,0.39932185
15.854703869694873,150.0,25.787695,0.40057102
15.854703869694873,151.875,25.76047,0.41291893
15.854703869694873,153.75,25.736855,0.41916546
15.854703869694873,155.625,25.737051,0.43208864
15.854703869694873,157.5,25.731972,0.44247434
15.854703869694873,159.375,25.719746,0.44430652
15.854703869694873,161.25,25.691153,0.4345516
15.854703869694873,163.125,25.650429,0.4181722
15.854703869694873,165.0,25.624218,0.4140045
15.854703869694873,166.875,25.603828,0.4229702
15.854703869694873,168.75,25.611895,0.44691926
15.854703869694873,170.625,25.590273,0.46509022
15.854703869694873,172.5,25.549414,0.47994342
15.854703869694873,174.375,25.526054,0.4947037
15.854703869694873,176.25,25.456856,0.4871104
15.854703869694873,178.125,25.408028,0.47036067
15.854703869694873,180.0,25.382109,0.45505437
15.854703869694873,181.875,25.377714,0.44470626
15.854703869694873,183.75,25.375294,0.44008967
15.854703869694873,185.625,25.333809,0.44651842
15.854703869694873,187.5,25.320742,0.4596845
15.854703869694873,189.375,25.351133,0.4700487
15.854703869694873,191.25,25.359121,0.46969387
15.854703869694873,193.125,25.326582,0.46398962
15.854703869694873,195.0,25.253847,0.46539223
15.854703869694873,196.875,25.211739,0.472202
15.854703869694873,198.75,25.192207,0.4794567
15.854703869694873,200.625,25.168516,0.49136493
15.854703869694873,202.5,25.173594,0.5147732
15.854703869694873,204.375,25.134415,0.5331827
15.854703869694873,206.25,25.11582,0.55015767
15.854703869694873,208.125,25.11875,0.5813426
15.854703869694873,210.0,25.07373,0.61860275
15.854703869694873,211.875,24.903515,0.6564569
15.854703869694873,213.75,24.830332,0.68370295
15.854703869694873,215.625,24.831993,0.70719874
15.854703869694873,217.5,24.823633,0.72431916
15.854703869694873,219.375,24.714024,0.7402254
15.854703869694873,221.25,24.70375,0.7466663
15.854703869694873,223.125,24.731915,0.7412462
15.854703869694873,225.0,24.756172,0.72520095
15.854703869694873,226.875,24.776484,0.70757055
15.854703869694873,228.75,24.855625,0.6680456
15.854703869694873,230.625,24.983105,0.61798877
15.854703869694873,232.5,25.12078,0.56953055
15.854703869694873,234.375,25.266602,0.5220394
15.854703869694873,236.25,25.387695,0.48149484
15.854703869694873,238.125,25.566347,0.4461713
15.854703869694873,240.0,25.713106,0.43053147
15.854703869694873,241.875,25.91414,0.42138043
15.854703869694873,243.75,26.156738,0.4159036
15.854703869694873,245.625,26.348183,0.40975478
15.854703869694873,247.5,26.467968,0.4203409
15.854703869694873,249.375,26.615528,0.43337664
15.854703869694873,251.25,26.710234,0.44867235
15.854703869694873,253.125,26.721952,0.47798985
15.854703869694873,255.0,26.95418,0.48798475
15.854703869694873,256.875,27.428808,0.43522128
15.854703869694873,258.75,27.121347,0.49695835
15.854703869694873,260.625,25.895683,0.7190862
15.854703869694873,262.5,25.344433,0.74424636
15.854703869694873,264.375,25.620136,1.158708
15.854703869694873,266.25,26.01123,1.2044033
15.854703869694873,268.125,22.991777,1.160831
15.854703869694873,270.0,21.660372,1.173836
15.854703869694873,271.875,23.086523,0.98413116
15.854703869694873,273.75,25.629707,0.33631748
15.854703869694873,275.625,25.81162,0.3103575
15.854703869694873,277.5,25.851954,0.31526756
15.854703869694873,279.375,25.582247,0.36476603
15.854703869694873,281.25,25.881523,0.35585752
15.854703869694873,283.125,26.113398,0.32455632
15.854703869694873,285.0,26.01918,0.32537797
15.854703869694873,286.875,25.837383,0.33620492
15.854703869694873,288.75,25.819199,0.33433032
15.854703869694873,290.625,25.826933,0.33318722
15.854703869694873,292.5,25.80289,0.3482248
15.854703869694873,294.375,25.740294,0.3617427
15.854703869694873,296.25,25.6567,0.3671687
15.854703869694873,298.125,25.526094,0.3527554
15.854703869694873,300.0,25.330723,0.33921537
15.854703869694873,301.875,25.155743,0.34338492
15.854703869694873,303.75,24.9691,0.3628892
15.854703869694873,305.625,24.686836,0.384061
15.854703869694873,307.5,24.401953,0.38167238
15.854703869694873,309.375,24.252714,0.38999596
15.854703869694873,311.25,24.219044,0.40081555
15.854703869694873,313.125,24.06457,0.4101962
15.854703869694873,315.0,23.746836,0.413118
15.854703869694873,316.875,23.443497,0.41914767
15.854703869694873,318.75,23.311699,0.4400608
15.854703869694873,320.625,23.161133,0.47518453
15.854703869694873,322.5,22.82998,0.5056309
15.854703869694873,324.375,22.48918,0.52482426
15.854703869694873,326.25,22.209532,0.53923917
15.854703869694873,328.125,21.939825,0.55687064
15.854703869694873,330.0,21.78041,0.58460397
15.854703869694873,331.875,21.68744,0.6174493
15.854703869694873,333.75,21.538105,0.6087438
15.854703869694873,335.625,21.632265,0.5646097
15.854703869694873,337.5,22.078672,0.5180786
15.854703869694873,339.375,22.420391,0.5878677
15.854703869694873,341.25,22.39959,0.7545434
15.854703869694873,343.125,22.028828,0.8743809
15.854703869694873,345.0,29.086817,1.1761302
15.854703869694873,346.875,29.25332,1.3246065
15.854703869694873,348.75,28.344824,1.4335252
15.854703869694873,350.625,27.520899,1.4717344
15.854703869694873,352.5,27.094551,1.4920367
15.854703869694873,354.375,26.092226,1.4271308
15.854703869694873,356.25,26.202852,1.3909452
15.854703869694873,358.125,26.418789,1.363421
17.719961526447428,0.0,24.41834,1.4477582
17.719961526447428,1.875,23.769882,1.5290884
17.719961526447428,3.75,23.576504,1.5076658
17.719961526447428,5.625,23.277266,1.526679
17.719961526447428,7.5,21.745878,1.596793
17.719961526447428,9.375,20.39469,1.6273615
17.719961526447428,11.25,19.206877,1.4479493
17.719961526447428,13.125,20.353947,1.3292004
17.719961526447428,15.0,21.85756,1.3305308
17.719961526447428,16.875,22.408985,1.4187567
17.719961526447428,18.75,21.83662,1.521248
17.719961526447428,20.625,21.172304,1.5577884
17.719961526447428,22.5,20.427618,1.5220364
17.719961526447428,24.375,17.348381,1.4330751
17.719961526447428,26.25,17.763086,1.4457389
17.719961526447428,28.125,19.479473,1.5230956
17.719961526447428,30.0,20.671036,1.6077926
17.719961526447428,31.875,23.172792,1.5355031
17.719961526447428,33.75,24.885235,1.2973851
17.719961526447428,35.625,24.678495,0.990578
17.719961526447428,37.5,25.961601,0.8599826
17.719961526447428,39.375,25.091738,0.39672896
17.719961526447428,41.25,25.14502,0.42404965
17.719961526447428,43.125,22.541466,1.3111898
17.719961526447428,45.0,17.927345,1.8829705
17.719961526447428,46.875,17.74711,2.0557206
17.719961526447428,48.75,20.22588,1.8005561
17.719961526447428,50.625,20.3675,1.5314829
17.719961526447428,52.5,20.347618,1.3390071
17.719961526447428,54.375,21.366583,1.0233146
17.719961526447428,56.25,22.431543,0.42111668
17.719961526447428,58.125,22.708477,0.39742175
17.719961526447428,60.0,22.956797,0.43064335
17.719961526447428,61.875,22.993359,0.4447871
17.719961526447428,63.75,23.0425,0.39883408
17.719961526447428,65.625,23.635918,0.38256115
17.719961526447428,67.5,24.787636,0.4093418
17.719961526447428,69.375,25.819862,0.395751
17.719961526447428,71.25,26.501894,0.40561
17.719961526447428,73.125,23.69037,1.4644662
17.719961526447428,75.0,21.520527,1.7722524
17.719961526447428,76.875,20.52879,1.9654766
17.719961526447428,78.75,21.06168,1.8889123
17.719961526447428,80.625,20.069473,1.3315048
17.719961526447428,82.5,19.6717,1.0404773
17.719961526447428,84.375,25.480585,0.40533066
17.719961526447428,86.25,25.188927,0.42598245
17.719961526447428,88.125,25.44375,0.4155071
17.719961526447428,90.0,25.766407,0.3802088
17.719961526447428,91.875,26.475235,0.35560644
17.719961526447428,93.75,27.144726,0.37393478
17.719961526447428,95.625,22.675488,1.2281013
17.719961526447428,97.5,22.078672,1.2584193
17.719961526447428,99.375,21.385489,1.3067795
17.719961526447428,101.25,21.063066,1.4578857
17.719961526447428,103.125,20.19547,1.5823486
17.719961526447428,105.0,19.536173,1.528201
17.719961526447428,106.875,20.058556,1.427107
17.719961526447428,108.75,22.900703,0.58983433
17.719961526447428,110.625,23.172325,0.5663782
17.719961526447428,112.5,23.687128,0.5813687
17.719961526447428,114.375,24.001114,0.59790033
17.719961526447428,116.25,24.219276,0.62203825
17.719961526447428,118.125,24.539492,0.61675906
17.719961526447428,120.0,24.876778,0.615092
17.719961526447428,121.875,21.705938,0.78258413
17.719961526447428,123.75,24.549805,0.5431382
17.719961526447428,125.625,24.299257,0.51707566
17.719961526447428,127.5,24.317383,0.5145481
17.719961526447428,129.375,24.48916,0.535587
17.719961526447428,131.25,24.572773,0.5788299
17.719961526447428,133.125,24.604942,0.58277845
17.719961526447428,135.0,24.607676,0.55303854
17.719961526447428,136.875,24.689043,0.5281894
17.719961526447428,138.75,24.798712,0.49725908
17.719961526447428,140.625,24.868555,0.46266064
17.719961526447428,142.5,24.936777,0.43108502
17.719961526447428,144.375,25.024376,0.40471578
17.719961526447428,146.25,25.090157,0.387659
17.719961526447428,148.125,25.126308,0.3802071
17.719961526447428,150.0,25.16498,0.38420233
17.719961526447428,151.875,25.18797,0.4039166
17.719961526447428,153.75,25.188984,0.41822436
17.719961526447428,155.625,25.19828,0.4407089
17.719961526447428,157.5,25.182423,0.45539096
17.719961526447428,159.375,25.105762,0.44448155
17.719961526447428,161.25,25.055273,0.42448977
17.719961526447428,163.125,25.058086,0.4150715
17.719961526447428,165.0,25.04748,0.41989893
17.719961526447428,166.875,25.019747,0.43025118
17.719961526447428,168.75,24.986973,0.44481617
17.719961526447428,170.625,24.936152,0.45339897
17.719961526447428,172.5,24.857832,0.45573866
17.719961526447428,174.375,24.778067,0.457265
17.719961526447428,176.25,24.7734,0.45290598
17.719961526447428,178.125,24.75795,0.4466612
17.719961526447428,180.0,24.73205,0.44405285
17.719961526447428,181.875,24.719532,0.4458694
17.719961526447428,183.75,24.702364,0.4576627
17.719961526447428,185.625,24.663242,0.46678552
17.719961526447428,187.5,24.647755,0.4720401
17.719961526447428,189.375,24.642168,0.4781715
17.719961526447428,191.25,24.65912,0.48746306
17.719961526447428,193.125,24.60498,0.48802036
17.719961526447428,195.0,24.47502,0.48223093
17.719961526447428,196.875,24.45373,0.49028152
17.719961526447428,198.75,24.470957,0.4994105
17.719961526447428,200.625,24.463495,0.5083674
17.719961526447428,202.5,24.35961,0.52178943
17.719961526447428,204.375,24.330215,0.53143567
17.719961526447428,206.25,24.34422,0.5507259
17.719961526447428,208.125,24.356836,0.5842764
17.719961526447428,210.0,24.264746,0.62184656
17.719961526447428,211.875,24.144941,0.66153264
17.719961526447428,213.75,24.091581,0.70137113
17.719961526447428,215.625,24.074356,0.7495961
17.719961526447428,217.5,23.95539,0.79243594
17.719961526447428,219.375,23.864727,0.82006437
17.719961526447428,221.25,23.85416,0.83660823
17.719961526447428,223.125,23.893536,0.82957417
17.719961526447428,225.0,23.886055,0.801344
17.719961526447428,226.875,23.945507,0.7586703
17.719961526447428,228.75,24.016582,0.7157708
17.719961526447428,230.625,24.11084,0.675244
17.719961526447428,232.5,24.221054,0.6557756
17.719961526447428,234.375,24.332207,0.64064914
17.719961526447428,236.25,24.407618,0.62340605
17.719961526447428,238.125,24.601816,0.58639145
17.719961526447428,240.0,24.964493,0.5389981
17.719961526447428,241.875,25.26918,0.50301737
17.719961526447428,243.75,25.508827,0.47509563
17.719961526447428,245.625,25.99631,0.4199078
17.719961526447428,247.5,26.34127,0.37266463
17.719961526447428,249.375,26.480331,0.33317345
17.719961526447428,251.25,26.573614,0.31576407
17.719961526447428,253.125,26.950214,0.34396604
17.719961526447428,255.0,27.2375,0.33947626
17.719961526447428,256.875,27.361134,0.34364364
17.719961526447428,258.75,26.582813,0.44144863
17.719961526447428,260.625,18.235723,0.87673384
17.719961526447428,262.5,16.899845,1.1871743
17.719961526447428,264.375,20.61832,1.4689251
17.719961526447428,266.25,24.734278,1.4747703
17.719961526447428,268.125,24.230957,1.2816212
17.719961526447428,270.0,23.746817,0.9682899
17.719961526447428,271.875,25.81121,0.35391924
17.719961526447428,273.75,25.789434,0.3315277
17.719961526447428,275.625,25.862988,0.29386082
17.719961526447428,277.5,25.844122,0.28294256
17.719961526447428,279.375,25.877247,0.28859657
17.719961526447428,281.25,26.131386,0.2968383
17.719961526447428,283.125,26.348555,0.294144
17.719961526447428,285.0,26.225,0.30740303
17.719961526447428,286.875,25.740606,0.3068901
17.719961526447428,288.75,25.612656,0.30294174
17.719961526447428,290.625,25.515331,0.30752447
17.719961526447428,292.5,25.566544,0.33305225
17.719961526447428,294.375,25.600117,0.37001717
17.719961526447428,296.25,25.482403,0.36945343
17.719961526447428,298.125,25.30922,0.36151662
17.719961526447428,300.0,25.098711,0.3649922
17.719961526447428,301.875,24.935938,0.35484993
17.719961526447428,303.75,24.750195,0.3506626
17.719961526447428,305.625,24.51375,0.367626
17.719961526447428,307.5,24.375723,0.37287378
17.719961526447428,309.375,24.28037,0.3803826
17.719961526447428,311.25,24.051874,0.40081882
17.719961526447428,313.125,23.663809,0.42449877
17.719961526447428,315.0,23.337852,0.4388889
17.719961526447428,316.875,23.139746,0.4643442
17.719961526447428,318.75,22.921133,0.48178118
17.719961526447428,320.625,22.617325,0.5006944
17.719961526447428,322.5,22.345312,0.53401816
17.719961526447428,324.375,22.19416,0.5673678
17.719961526447428,326.25,21.951056,0.6038044
17.719961526447428,328.125,21.600958,0.6307362
17.719961526447428,330.0,21.421015,0.64616346
17.719961526447428,331.875,21.266758,0.66851467
17.719961526447428,333.75,20.9958,0.70371914
17.719961526447428,335.625,20.881992,0.6942908
17.719961526447428,337.5,20.94535,0.62877065
17.719961526447428,339.375,21.110956,0.616037
17.719961526447428,341.25,21.239727,0.78190875
17.719961526447428,343.125,20.733164,0.96472305
17.719961526447428,345.0,27.059687,1.1268008
17.719961526447428,346.875,26.603008,1.2697103
17.719961526447428,348.75,25.390137,1.4110103
17.719961526447428,350.625,24.467344,1.4019551
17.719961526447428,352.5,24.018711,1.3947626
17.719961526447428,354.375,23.124004,1.3459327
17.719961526447428,356.25,24.119667,1.3458264
17.719961526447428,358.125,24.787539,1.3543782
19.58521860882233,0.0,23.217773,1.4284719
19.58521860882233,1.875,22.624825,1.486731
19.58521860882233,3.75,21.975273,1.5207108
19.58521860882233,5.625,21.7192,1.575013
19.58521860882233,7.5,21.131348,1.6836592
19.58521860882233,9.375,18.79131,1.6709994
19.58521860882233,11.25,18.595978,1.6296729
19.58521860882233,13.125,20.188751,1.5141207
19.58521860882233,15.0,20.688614,1.4153337
19.58521860882233,16.875,20.359005,1.4955302
19.58521860882233,18.75,19.12713,1.6643511
19.58521860882233,20.625,17.746506,1.5757059
19.58521860882233,22.5,18.189981,1.490404
19.58521860882233,24.375,17.23379,1.428775
19.58521860882233,26.25,16.95551,1.4175156
19.58521860882233,28.125,18.596544,1.4872662
19.58521860882233,30.0,21.254278,1.6191522
19.58521860882233,31.875,21.949472,1.59967
19.58521860882233,33.75,21.6975,1.4117907
19.58521860882233,35.625,21.682695,1.0829834
19.58521860882233,37.5,24.066133,0.3699428
19.58521860882233,39.375,24.643536,0.4335625
19.58521860882233,41.25,24.322168,1.0663034
19.58521860882233,43.125,19.743088,1.4829085
19.58521860882233,45.0,17.720158,1.895484
19.58521860882233,46.875,19.381212,1.9632196
19.58521860882233,48.75,20.711485,1.8721955
19.58521860882233,50.625,20.415705,1.738722
19.58521860882233,52.5,20.08506,1.5783545
19.58521860882233,54.375,20.760098,1.2998517
19.58521860882233,56.25,21.92457,1.0525768
19.58521860882233,58.125,23.268282,0.83823687
19.58521860882233,60.0,22.541466,0.443967
19.58521860882233,61.875,22.24332,0.46871185
19.58521860882233,63.75,22.148964,0.39795858
19.58521860882233,65.625,22.919199,0.4187413
19.58521860882233,67.5,24.346758,0.46710238
19.58521860882233,69.375,25.056503,0.47305948
19.58521860882233,71.25,25.495098,0.47443247
19.58521860882233,73.125,22.712675,1.4908646
19.58521860882233,75.0,20.431252,1.9757195
19.58521860882233,76.875,19.5184,2.1704962
19.58521860882233,78.75,19.85051,2.0193758
19.58521860882233,80.625,19.776836,1.6146082
19.58521860882233,82.5,19.746193,1.348538
19.58521860882233,84.375,20.566563,1.1930621
19.58521860882233,86.25,24.860157,0.6513357
19.58521860882233,88.125,25.089375,0.518791
19.58521860882233,90.0,26.023457,0.38385475
19.58521860882233,91.875,26.591621,0.339586
19.58521860882233,93.75,23.738848,1.0928068
19.58521860882233,95.625,22.45172,1.1987722
19.58521860882233,97.5,20.432951,1.025826
19.58521860882233,99.375,18.675959,0.9599502
19.58521860882233,101.25,17.534376,1.1179773
19.58521860882233,103.125,17.278517,1.3893492
19.58521860882233,105.0,17.296192,1.6920785
19.58521860882233,106.875,18.192345,1.8035032
19.58521860882233,108.75,19.76799,1.5430073
19.58521860882233,110.625,22.152597,0.5927333
19.58521860882233,112.5,22.388222,0.57758546
19.58521860882233,114.375,22.520742,0.59307283
19.58521860882233,116.25,22.730898,0.63568056
19.58521860882233,118.125,23.23039,0.6428321
19.58521860882233,120.0,23.667265,0.6330524
19.58521860882233,121.875,23.90215,0.59206986
19.58521860882233,123.75,23.893906,0.5659302
19.58521860882233,125.625,23.40291,0.5932006
19.58521860882233,127.5,23.32297,0.63659716
19.58521860882233,129.375,23.478222,0.669856
19.58521860882233,131.25,23.605469,0.72500646
19.58521860882233,133.125,23.725899,0.73046935
19.58521860882233,135.0,23.82291,0.66973436
19.58521860882233,136.875,23.949923,0.6196138
19.58521860882233,138.75,24.076895,0.58610046
19.58521860882233,140.625,24.175255,0.5478643
19.58521860882233,142.5,24.280918,0.49899524
19.58521860882233,144.375,24.403887,0.4434633
19.58521860882233,146.25,24.500723,0.40171957
19.58521860882233,148.125,24.570742,0.38991764
19.58521860882233,150.0,24.642128,0.39387318
19.58521860882233,151.875,24.69207,0.40456006
19.58521860882233,153.75,24.692167,0.422206
19.58521860882233,155.625,24.656973,0.42954248
19.58521860882233,157.5,24.586367,0.44039878
19.58521860882233,159.375,24.561308,0.4349926
19.58521860882233,161.25,24.572813,0.42125872
19.58521860882233,163.125,24.585722,0.4158963
19.58521860882233,165.0,24.572363,0.42042145
19.58521860882233,166.875,24.531328,0.4276248
19.58521860882233,168.75,24.48256,0.4320853
19.58521860882233,170.625,24.426992,0.43047735
19.58521860882233,172.5,24.344727,0.4269272
19.58521860882233,174.375,24.294258,0.4311316
19.58521860882233,176.25,24.24754,0.4307325
19.58521860882233,178.125,24.231113,0.43775722
19.58521860882233,180.0,24.202265,0.4494674
19.58521860882233,181.875,24.112677,0.4556696
19.58521860882233,183.75,24.011446,0.45833415
19.58521860882233,185.625,24.007578,0.46425605
19.58521860882233,187.5,23.982616,0.46219403
19.58521860882233,189.375,23.964355,0.4591118
19.58521860882233,191.25,23.973223,0.46413675
19.58521860882233,193.125,23.912754,0.46675864
19.58521860882233,195.0,23.843594,0.46908078
19.58521860882233,196.875,23.7925,0.48086634
19.58521860882233,198.75,23.7833,0.4957107
19.58521860882233,200.625,23.627325,0.5105418
19.58521860882233,202.5,23.463047,0.5061312
19.58521860882233,204.375,23.458574,0.5079886
19.58521860882233,206.25,23.538612,0.53673786
19.58521860882233,208.125,23.55039,0.5632876
19.58521860882233,210.0,23.486816,0.592078
19.58521860882233,211.875,23.425274,0.62649536
19.58521860882233,213.75,23.380997,0.6735149
19.58521860882233,215.625,23.26047,0.7234951
19.58521860882233,217.5,23.171991,0.77222055
19.58521860882233,219.375,23.155918,0.81500375
19.58521860882233,221.25,23.147167,0.84060645
19.58521860882233,223.125,23.060175,0.8328057
19.58521860882233,225.0,23.01662,0.8018707
19.58521860882233,226.875,23.021992,0.7652273
19.58521860882233,228.75,22.966036,0.7349761
19.58521860882233,230.625,22.9075,0.72737575
19.58521860882233,232.5,22.944414,0.731979
19.58521860882233,234.375,22.99871,0.7441541
19.58521860882233,236.25,22.978632,0.7600431
19.58521860882233,238.125,23.154453,0.75564504
19.58521860882233,240.0,23.504414,0.7073288
19.58521860882233,241.875,23.879063,0.63553476
19.58521860882233,243.75,24.419844,0.57140756
19.58521860882233,245.625,25.037949,0.5028167
19.58521860882233,247.5,25.408945,0.4314028
19.58521860882233,249.375,25.529316,0.38660616
19.58521860882233,251.25,26.057968,0.35181195
19.58521860882233,253.125,26.93377,0.34329703
19.58521860882233,255.0,23.515156,1.1348888
19.58521860882233,256.875,19.980412,1.2914735
19.58521860882233,258.75,15.940177,1.1926692
19.58521860882233,260.625,13.507618,1.2439939
19.58521860882233,262.5,14.8042,1.2981758
19.58521860882233,264.375,24.2575,0.5799765
19.58521860882233,266.25,24.591015,0.65336055
19.58521860882233,268.125,24.702051,0.65707576
19.58521860882233,270.0,25.997871,0.968058
19.58521860882233,271.875,25.962109,0.40998465
19.58521860882233,273.75,25.89041,0.36054567
19.58521860882233,275.625,26.025097,0.35435495
19.58521860882233,277.5,26.07205,0.2955861
19.58521860882233,279.375,26.093418,0.2662711
19.58521860882233,281.25,26.086641,0.27527583
19.58521860882233,283.125,26.236933,0.29983872
19.58521860882233,285.0,26.085587,0.3488377
19.58521860882233,286.875,25.421425,0.3353374
19.58521860882233,288.75,24.904863,0.36933228
19.58521860882233,290.625,25.002382,0.34873077
19.58521860882233,292.5,25.383827,0.3234603
19.58521860882233,294.375,25.435137,0.3733735
19.58521860882233,296.25,25.302832,0.3931369
19.58521860882233,298.125,25.20166,0.37639695
19.58521860882233,300.0,25.091894,0.37478378
19.58521860882233,301.875,24.95082,0.3806604
19.58521860882233,303.75,24.787636,0.36763662
19.58521860882233,305.625,24.641874,0.36196607
19.58521860882233,307.5,24.525703,0.35686246
19.58521860882233,309.375,24.335155,0.3589256
19.58521860882233,311.25,23.994667,0.37658036
19.58521860882233,313.125,23.692266,0.39333236
19.58521860882233,315.0,23.515,0.40841192
19.58521860882233,316.875,23.273575,0.43087763
19.58521860882233,318.75,22.91832,0.45164743
19.58521860882233,320.625,22.602715,0.48359853
19.58521860882233,322.5,22.373632,0.5191212
19.58521860882233,324.375,22.175625,0.5510244
19.58521860882233,326.25,21.87373,0.57882416
19.58521860882233,328.125,21.548985,0.5874665
19.58521860882233,330.0,21.359863,0.58763623
19.58521860882233,331.875,21.161856,0.60321057
19.58521860882233,333.75,20.866543,0.6478138
19.58521860882233,335.625,20.586876,0.69299746
19.58521860882233,337.5,20.368633,0.7193952
19.58521860882233,339.375,20.11547,0.7394278
19.58521860882233,341.25,19.968477,0.86618394
19.58521860882233,343.125,19.595098,0.9659129
19.58521860882233,345.0,25.319298,1.1739142
19.58521860882233,346.875,24.547422,1.2817318
19.58521860882233,348.75,23.222734,1.35785
19.58521860882233,350.625,23.15203,1.3683562
19.58521860882233,352.5,22.834297,1.374267
19.58521860882233,354.375,22.197989,1.3696284
19.58521860882233,356.25,22.49129,1.3659235
19.58521860882233,358.125,23.308203,1.3729727
21.450475037398185,0.0,22.135918,1.422615
21.450475037398185,1.875,21.377247,1.4193057
21.450475037398185,3.75,19.860958,1.4471488
21.450475037398185,5.625,18.663029,1.5087395
21.450475037398185,7.5,17.637444,1.6096013
21.450475037398185,9.375,16.66086,1.6613772
21.450475037398185,11.25,17.298615,1.7147667
21.450475037398185,13.125,18.7042,1.6872025
21.450475037398185,15.0,18.225548,1.6022365
21.450475037398185,16.875,17.592443,1.7150954
21.450475037398185,18.75,16.570724,1.7892075
21.450475037398185,20.625,15.432228,1.5740404
21.450475037398185,22.5,16.270958,1.4549155
21.450475037398185,24.375,16.023869,1.4666291
21.450475037398185,26.25,15.127852,1.4326557
21.450475037398185,28.125,16.23592,1.4217358
21.450475037398185,30.0,18.875177,1.5714451
21.450475037398185,31.875,19.74004,1.6557978
21.450475037398185,33.75,20.12961,1.5091892
21.450475037398185,35.625,22.18006,1.2627596
21.450475037398185,37.5,23.838223,0.384446
21.450475037398185,39.375,24.0333,0.40250003
21.450475037398185,41.25,20.163555,1.157153
21.450475037398185,43.125,17.271954,1.4555264
21.450475037398185,45.0,17.639708,1.6127907
21.450475037398185,46.875,18.840002,1.5533663
21.450475037398185,48.75,19.578772,1.5386056
21.450475037398185,50.625,19.639025,1.5369245
21.450475037398185,52.5,20.188595,1.4772685
21.450475037398185,54.375,21.30127,1.314972
21.450475037398185,56.25,21.419806,1.1867408
21.450475037398185,58.125,21.84373,0.9626218
21.450475037398185,60.0,21.88705,0.41836107
21.450475037398185,61.875,21.872032,0.41200837
21.450475037398185,63.75,21.916504,0.40343156
21.450475037398185,65.625,22.459766,0.44764653
21.450475037398185,67.5,23.302597,0.4838695
21.450475037398185,69.375,23.515371,0.50047904
21.450475037398185,71.25,24.338282,1.2353158
21.450475037398185,73.125,23.319199,1.4333504
21.450475037398185,75.0,22.022245,1.8159621
21.450475037398185,76.875,20.581875,2.1555247
21.450475037398185,78.75,19.289787,1.9631518
21.450475037398185,80.625,17.934767,1.37088
21.450475037398185,82.5,16.515118,1.0768279
21.450475037398185,84.375,16.348303,1.0006186
21.450475037398185,86.25,18.575743,1.0390351
21.450475037398185,88.125,25.647755,0.62069166
21.450475037398185,90.0,26.361055,0.5095178
21.450475037398185,91.875,21.836914,1.0069059
21.450475037398185,93.75,20.241114,1.1022923
21.450475037398185,95.625,20.07676,1.0733057
21.450475037398185,97.5,18.959337,0.8831876
21.450475037398185,99.375,16.611818,0.87982845
21.450475037398185,101.25,15.094181,0.9135256
21.450475037398185,103.125,14.97213,1.1708517
21.450475037398185,105.0,15.347912,1.6031239
21.450475037398185,106.875,16.310099,2.0098727
21.450475037398185,108.75,17.157892,2.0388038
21.450475037398185,110.625,17.246466,1.7303164
21.450475037398185,112.5,18.362736,1.4128609
21.450475037398185,114.375,22.03875,0.58504546
21.450475037398185,116.25,21.53213,0.6052143
21.450475037398185,118.125,22.056973,0.6395024
21.450475037398185,120.0,22.69746,0.66822135
21.450475037398185,121.875,23.32578,0.6245247
21.450475037398185,123.75,23.27041,0.62703127
21.450475037398185,125.625,22.623184,0.6851867
21.450475037398185,127.5,22.425587,0.7557637
21.450475037398185,129.375,22.510704,0.8104502
21.450475037398185,131.25,22.648184,0.85487354
21.450475037398185,133.125,22.804922,0.85921586
21.450475037398185,135.0,22.950176,0.7990387
21.450475037398185,136.875,23.128359,0.7297019
21.450475037398185,138.75,23.294415,0.7012441
21.450475037398185,140.625,23.425058,0.67188394
21.450475037398185,142.5,23.57496,0.6145548
21.450475037398185,144.375,23.776405,0.5277205
21.450475037398185,146.25,23.9625,0.47493893
21.450475037398185,148.125,24.081581,0.47831157
21.450475037398185,150.0,24.135038,0.49157247
21.450475037398185,151.875,24.11957,0.49094173
21.450475037398185,153.75,24.026836,0.49956554
21.450475037398185,155.625,23.90959,0.501328
21.450475037398185,157.5,23.882559,0.49299246
21.450475037398185,159.375,23.92248,0.47329724
21.450475037398185,161.25,23.97547,0.43331325
21.450475037398185,163.125,24.000488,0.4180116
21.450475037398185,165.0,23.999102,0.42414534
21.450475037398185,166.875,23.971601,0.43670106
21.450475037398185,168.75,23.903809,0.439467
21.450475037398185,170.625,23.78756,0.44175166
21.450475037398185,172.5,23.7342,0.43279636
21.450475037398185,174.375,23.682402,0.42978692
21.450475037398185,176.25,23.597794,0.4364662
21.450475037398185,178.125,23.535917,0.44529292
21.450475037398185,180.0,23.514765,0.45453057
21.450475037398185,181.875,23.383184,0.46305308
21.450475037398185,183.75,23.271914,0.4720284
21.450475037398185,185.625,23.240332,0.48619565
21.450475037398185,187.5,23.242031,0.49039033
21.450475037398185,189.375,23.216953,0.47808266
21.450475037398185,191.25,23.143204,0.46646896
21.450475037398185,193.125,23.12959,0.46212894
21.450475037398185,195.0,23.082226,0.46282727
21.450475037398185,196.875,23.057812,0.4699125
21.450475037398185,198.75,23.013437,0.4738313
21.450475037398185,200.625,22.865782,0.47243467
21.450475037398185,202.5,22.67959,0.46150926
21.450475037398185,204.375,22.645664,0.460184
21.450475037398185,206.25,22.744062,0.48520115
21.450475037398185,208.125,22.721485,0.5230983
21.450475037398185,210.0,22.650312,0.55769604
21.450475037398185,211.875,22.58164,0.57413536
21.450475037398185,213.75,22.536543,0.6013414
21.450475037398185,215.625,22.467735,0.64271057
21.450475037398185,217.5,22.384258,0.68254155
21.450475037398185,219.375,22.37039,0.711012
21.450475037398185,221.25,22.28541,0.72957754
21.450475037398185,223.125,22.172714,0.7412971
21.450475037398185,225.0,22.003906,0.7241853
21.450475037398185,226.875,21.866484,0.70925295
21.450475037398185,228.75,21.75543,0.70626634
21.450475037398185,230.625,21.655273,0.70693284
21.450475037398185,232.5,21.529902,0.7122188
21.450475037398185,234.375,21.394218,0.74042684
21.450475037398185,236.25,21.360743,0.8165366
21.450475037398185,238.125,21.268927,0.8736443
21.450475037398185,240.0,21.277168,0.82887733
21.450475037398185,241.875,21.921562,0.7484722
21.450475037398185,243.75,22.95172,0.6626377
21.450475037398185,245.625,23.648243,0.5779864
21.450475037398185,247.5,24.095371,0.48411664
21.450475037398185,249.375,24.74914,0.41640574
21.450475037398185,251.25,25.823828,0.37888756
21.450475037398185,253.125,26.318945,0.3760404
21.450475037398185,255.0,18.99219,1.3487679
21.450475037398185,256.875,14.354005,1.5893528
21.450475037398185,258.75,13.065626,1.6559426
21.450475037398185,260.625,14.303419,1.5512952
21.450475037398185,262.5,18.817326,1.4512651
21.450475037398185,264.375,24.206797,0.6978237
21.450475037398185,266.25,23.995996,0.8304626
21.450475037398185,268.125,23.824648,0.8210626
21.450475037398185,270.0,23.461836,0.82957965
21.450475037398185,271.875,24.28295,0.66199136
21.450475037398185,273.75,25.66545,0.4046623
21.450475037398185,275.625,25.77078,0.43763196
21.450475037398185,277.5,25.485292,0.4395196
21.450475037398185,279.375,25.885292,0.36395064
21.450475037398185,281.25,25.813477,0.3436749
21.450475037398185,283.125,25.900703,0.3522016
21.450475037398185,285.0,25.602655,0.38974512
21.450475037398185,286.875,24.864609,0.3378368
21.450475037398185,288.75,24.655058,0.3636624
21.450475037398185,290.625,24.810175,0.37541074
21.450475037398185,292.5,25.102402,0.3565716
21.450475037398185,294.375,25.144844,0.36421645
21.450475037398185,296.25,25.019005,0.39283872
21.450475037398185,298.125,24.956837,0.3780955
21.450475037398185,300.0,24.874668,0.37502128
21.450475037398185,301.875,24.720665,0.37002125
21.450475037398185,303.75,24.561836,0.3615576
21.450475037398185,305.625,24.448515,0.3643764
21.450475037398185,307.5,24.349531,0.3559715
21.450475037398185,309.375,24.195644,0.35319072
21.450475037398185,311.25,23.985332,0.34583053
21.450475037398185,313.125,23.840038,0.33369255
21.450475037398185,315.0,23.69545,0.33749884
21.450475037398185,316.875,23.358711,0.35869554
21.450475037398185,318.75,23.042656,0.37962356
21.450475037398185,320.625,22.824923,0.42750156
21.450475037398185,322.5,22.551601,0.50536346
21.450475037398185,324.375,22.210644,0.5316021
21.450475037398185,326.25,21.900585,0.54547113
21.450475037398185,328.125,21.648888,0.5632099
21.450475037398185,330.0,21.392773,0.5808896
21.450475037398185,331.875,21.092852,0.58910406
21.450475037398185,333.75,20.770332,0.5945694
21.450475037398185,335.625,20.408205,0.63568366
21.450475037398185,337.5,19.971485,0.69389313
21.450475037398185,339.375,19.393732,0.7975944
21.450475037398185,341.25,18.756056,0.93428993
21.450475037398185,343.125,18.323849,1.0389172
21.450475037398185,345.0,23.16246,1.2531246
21.450475037398185,346.875,22.798145,1.2770047
21.450475037398185,348.75,22.079453,1.2962577
21.450475037398185,350.625,22.075157,1.2984788
21.450475037398185,352.5,22.686054,1.3695858
21.450475037398185,354.375,23.173243,1.4438052
21.450475037398185,356.25,23.25959,1.471471
21.450475037398185,358.125,22.78838,1.4307514
23.31573072614093,0.0,21.225176,1.4073873
23.31573072614093,1.875,21.145624,1.4151535
23.31573072614093,3.75,18.732384,1.4330113
23.31573072614093,5.625,17.042696,1.5738198
23.31573072614093,7.5,14.913614,1.7108073
23.31573072614093,9.375,13.745392,1.7268825
23.31573072614093,11.25,14.593986,1.7278466
23.31573072614093,13.125,14.840646,1.6096973
23.31573072614093,15.0,15.78547,1.6586307
23.31573072614093,16.875,14.174845,1.6744918
23.31573072614093,18.75,15.462658,1.7097782
23.31573072614093,20.625,15.204806,1.5126929
23.31573072614093,22.5,15.26836,1.4243991
23.31573072614093,24.375,14.740099,1.4718665
23.31573072614093,26.25,14.48881,1.4477189
23.31573072614093,28.125,15.054865,1.3564595
23.31573072614093,30.0,17.032385,1.4876785
23.31573072614093,31.875,18.089317,1.6056097
23.31573072614093,33.75,20.239552,1.4995548
23.31573072614093,35.625,23.362148,1.268947
23.31573072614093,37.5,23.584648,0.3723786
23.31573072614093,39.375,22.498438,1.232672
23.31573072614093,41.25,18.739513,1.253661
23.31573072614093,43.125,17.094162,1.4039592
23.31573072614093,45.0,17.890938,1.4619857
23.31573072614093,46.875,16.983088,1.4142126
23.31573072614093,48.75,16.668205,1.3734128
23.31573072614093,50.625,18.02051,1.3533343
23.31573072614093,52.5,19.951212,1.2484236
23.31573072614093,54.375,20.35338,1.2041949
23.31573072614093,56.25,21.480528,1.146068
23.31573072614093,58.125,21.353613,0.3076339
23.31573072614093,60.0,21.719454,0.3907309
23.31573072614093,61.875,21.948359,0.41337872
23.31573072614093,63.75,21.986034,0.41916275
23.31573072614093,65.625,22.10252,0.46393937
23.31573072614093,67.5,22.219864,0.4914014
23.31573072614093,69.375,21.723183,1.1350315
23.31573072614093,71.25,22.164179,1.2871789
23.31573072614093,73.125,22.141973,1.4696802
23.31573072614093,75.0,21.036095,1.7044032
23.31573072614093,76.875,18.309591,1.7777052
23.31573072614093,78.75,14.905431,1.2734172
23.31573072614093,80.625,14.69795,0.9981935
23.31573072614093,82.5,15.211134,0.9347217
23.31573072614093,84.375,15.4079895,0.96395844
23.31573072614093,86.25,17.71465,1.2565264
23.31573072614093,88.125,23.1817,1.8452497
23.31573072614093,90.0,23.884493,1.3303533
23.31573072614093,91.875,19.043985,1.1727167
23.31573072614093,93.75,18.192482,0.976149
23.31573072614093,95.625,18.634552,0.97175366
23.31573072614093,97.5,16.631134,0.9475868
23.31573072614093,99.375,13.67338,0.8909638
23.31573072614093,101.25,12.877541,0.85695505
23.31573072614093,103.125,13.39838,1.0253111
23.31573072614093,105.0,13.447677,1.5115557
23.31573072614093,106.875,13.627423,1.9972446
23.31573072614093,108.75,13.752541,2.349161
23.31573072614093,110.625,13.227501,2.328601
23.31573072614093,112.5,13.5322275,2.0457559
23.31573072614093,114.375,15.464356,1.8020736
23.31573072614093,116.25,16.993341,1.595045
23.31573072614093,118.125,20.63547,0.6031667
23.31573072614093,120.0,20.402697,0.61963713
23.31573072614093,121.875,22.498573,0.6874648
23.31573072614093,123.75,22.652716,0.7102504
23.31573072614093,125.625,22.217714,0.7381211
23.31573072614093,127.5,21.836191,0.745629
23.31573072614093,129.375,21.663458,0.81875795
23.31573072614093,131.25,21.628164,0.9165658
23.31573072614093,133.125,21.728243,0.97832566
23.31573072614093,135.0,21.888203,0.97307384
23.31573072614093,136.875,22.090216,0.9143865
23.31573072614093,138.75,22.323418,0.88612264
23.31573072614093,140.625,22.522558,0.84735954
23.31573072614093,142.5,22.694746,0.76782376
23.31573072614093,144.375,22.914003,0.6545722
23.31573072614093,146.25,23.153593,0.6008951
23.31573072614093,148.125,23.30537,0.6342719
23.31573072614093,150.0,23.309044,0.65531677
23.31573072614093,151.875,23.185331,0.6590822
23.31573072614093,153.75,23.091953,0.65866905
23.31573072614093,155.625,23.01463,0.65822726
23.31573072614093,157.5,22.920351,0.6344125
23.31573072614093,159.375,22.890175,0.5869339
23.31573072614093,161.25,22.94791,0.5339879
23.31573072614093,163.125,22.99121,0.5144744
23.31573072614093,165.0,23.03545,0.5080987
23.31573072614093,166.875,23.08041,0.49538547
23.31573072614093,168.75,22.953651,0.4980667
23.31573072614093,170.625,22.779823,0.50032306
23.31573072614093,172.5,22.660606,0.4827775
23.31573072614093,174.375,22.632246,0.46807927
23.31573072614093,176.25,22.585938,0.4836792
23.31573072614093,178.125,22.503613,0.49920815
23.31573072614093,180.0,22.413574,0.50649697
23.31573072614093,181.875,22.420235,0.52264565
23.31573072614093,183.75,22.320663,0.545074
23.31573072614093,185.625,22.221777,0.5703494
23.31573072614093,187.5,22.249374,0.58656466
23.31573072614093,189.375,22.225527,0.58240265
23.31573072614093,191.25,22.18627,0.56365186
23.31573072614093,193.125,22.17373,0.5353683
23.31573072614093,195.0,22.133905,0.50898933
23.31573072614093,196.875,22.06414,0.4844876
23.31573072614093,198.75,22.02084,0.47255287
23.31573072614093,200.625,22.065039,0.46133736
23.31573072614093,202.5,22.028437,0.44029355
23.31573072614093,204.375,21.997597,0.4331088
23.31573072614093,206.25,21.971563,0.4531448
23.31573072614093,208.125,21.9292,0.47314218
23.31573072614093,210.0,21.812284,0.50690836
23.31573072614093,211.875,21.663515,0.5313396
23.31573072614093,213.75,21.569023,0.543289
23.31573072614093,215.625,21.577246,0.57733405
23.31573072614093,217.5,21.506153,0.61788696
23.31573072614093,219.375,21.369238,0.6459318
23.31573072614093,221.25,21.338692,0.6650126
23.31573072614093,223.125,21.23875,0.68836784
23.31573072614093,225.0,21.0042,0.6946212
23.31573072614093,226.875,20.805235,0.68392754
23.31573072614093,228.75,20.745684,0.71253115
23.31573072614093,230.625,20.58961,0.7428572
23.31573072614093,232.5,20.376583,0.7659375
23.31573072614093,234.375,20.298283,0.8036751
23.31573072614093,236.25,20.12801,0.88847333
23.31573072614093,238.125,19.676817,0.94214463
23.31573072614093,240.0,19.656975,0.8471854
23.31573072614093,241.875,20.417774,0.830907
23.31573072614093,243.75,21.479141,0.7767662
23.31573072614093,245.625,22.520273,0.64142853
23.31573072614093,247.5,23.514786,0.5508068
23.31573072614093,249.375,24.533613,0.45884335
23.31573072614093,251.25,25.374746,0.39630872
23.31573072614093,253.125,25.325233,0.38172272
23.31573072614093,255.0,14.3462515,1.5524067
23.31573072614093,256.875,11.544103,1.8143773
23.31573072614093,258.75,12.034728,1.6942273
23.31573072614093,260.625,16.148262,1.6851311
23.31573072614093,262.5,23.381817,0.68135804
23.31573072614093,264.375,23.510195,0.7484155
23.31573072614093,266.25,22.912735,0.7670454
23.31573072614093,268.125,22.91994,0.7067998
23.31573072614093,270.0,23.271954,0.69485205
23.31573072614093,271.875,24.152206,0.6217198
23.31573072614093,273.75,25.096386,0.46894404
23.31573072614093,275.625,25.324688,0.5086555
23.31573072614093,277.5,24.80709,0.54341763
23.31573072614093,279.375,25.094843,0.45854902
23.31573072614093,281.25,25.169453,0.4161556
23.31573072614093,283.125,25.512012,0.35281435
23.31573072614093,285.0,25.164413,0.42969775
23.31573072614093,286.875,24.210274,0.4055442
23.31573072614093,288.75,24.0883,0.44608188
23.31573072614093,290.625,24.26377,0.47931108
23.31573072614093,292.5,24.368086,0.4804215
23.31573072614093,294.375,24.34375,0.43812025
23.31573072614093,296.25,24.286192,0.43519023
23.31573072614093,298.125,24.290234,0.42533383
23.31573072614093,300.0,24.275703,0.42421484
23.31573072614093,301.875,24.18006,0.44032416
23.31573072614093,303.75,24.032812,0.43400133
23.31573072614093,305.625,23.938105,0.42468527
23.31573072614093,307.5,23.84381,0.43192014
23.31573072614093,309.375,23.749628,0.422763
23.31573072614093,311.25,23.691933,0.39469627
23.31573072614093,313.125,23.656328,0.36423868
23.31573072614093,315.0,23.534317,0.34423745
23.31573072614093,316.875,23.224688,0.3357922
23.31573072614093,318.75,23.015997,0.31406367
23.31573072614093,320.625,22.931269,0.32472542
23.31573072614093,322.5,22.71916,0.40704504
23.31573072614093,324.375,22.345606,0.44644547
23.31573072614093,326.25,22.089668,0.45594808
23.31573072614093,328.125,21.907696,0.4858893
23.31573072614093,330.0,21.585,0.525167
23.31573072614093,331.875,21.200117,0.54212654
23.31573072614093,333.75,20.899668,0.5639892
23.31573072614093,335.625,20.588495,0.6084079
23.31573072614093,337.5,20.076838,0.68647045
23.31573072614093,339.375,19.281837,0.7589818
23.31573072614093,341.25,18.111525,0.8823516
23.31573072614093,343.125,17.155392,1.010696
23.31573072614093,345.0,21.302794,1.2699171
23.31573072614093,346.875,21.102442,1.2644277
23.31573072614093,348.75,20.300861,1.2890989
23.31573072614093,350.625,20.676739,1.3362236
23.31573072614093,352.5,21.932598,1.3878764
23.31573072614093,354.375,22.166445,1.4522358
23.31573072614093,356.25,21.625137,1.4715537
23.31573072614093,358.125,21.020136,1.4352582
25.180985581270594,0.0,18.860645,1.4166715
25.180985581270594,1.875,20.450645,1.4724926
25.180985581270594,3.75,18.628614,1.5391741
25.180985581270594,5.625,15.492658,1.6834204
25.180985581270594,7.5,14.62213,1.8412834
25.180985581270594,9.375,14.700334,1.8928354
25.180985581270594,11.25,14.370275,1.7740955
25.180985581270594,13.125,13.017775,1.5342338
25.180985581270594,15.0,14.701056,1.5460197
25.180985581270594,16.875,15.547755,1.5960095
25.180985581270594,18.75,14.84674,1.4764924
25.180985581270594,20.625,14.498653,1.3561352
25.180985581270594,22.5,14.851173,1.3634588
25.180985581270594,24.375,15.373927,1.4617921
25.180985581270594,26.25,13.951739,1.3640902
25.180985581270594,28.125,15.336896,1.2828428
25.180985581270594,30.0,16.033947,1.3852026
25.180985581270594,31.875,16.785215,1.5055922
25.180985581270594,33.75,20.648691,1.4749686
25.180985581270594,35.625,22.613926,0.30598944
25.180985581270594,37.5,21.184746,1.2859759
25.180985581270594,39.375,18.319084,1.3421911
25.180985581270594,41.25,16.012032,1.3255227
25.180985581270594,43.125,16.277071,1.3880823
25.180985581270594,45.0,16.231955,1.4175351
25.180985581270594,46.875,15.573751,1.3857144
25.180985581270594,48.75,16.185236,1.3087636
25.180985581270594,50.625,19.054005,1.1805114
25.180985581270594,52.5,21.16086,0.61675805
25.180985581270594,54.375,21.100527,0.6391657
25.180985581270594,56.25,21.486485,0.39298955
25.180985581270594,58.125,21.473808,0.32373792
25.180985581270594,60.0,21.612577,0.35718462
25.180985581270594,61.875,20.367579,1.0453625
25.180985581270594,63.75,21.611895,0.44652626
25.180985581270594,65.625,21.672754,0.46691772
25.180985581270594,67.5,20.667442,1.1597929
25.180985581270594,69.375,22.352442,1.2965381
25.180985581270594,71.25,21.429804,1.3452734
25.180985581270594,73.125,20.159513,1.4700419
25.180985581270594,75.0,18.361565,1.575279
25.180985581270594,76.875,15.995763,1.5783021
25.180985581270594,78.75,15.463361,1.2611167
25.180985581270594,80.625,17.376114,1.2012691
25.180985581270594,82.5,20.600958,1.4682081
25.180985581270594,84.375,22.719023,1.4725388
25.180985581270594,86.25,23.023144,1.4007089
25.180985581270594,88.125,22.320528,1.4216164
25.180985581270594,90.0,18.294258,1.1616602
25.180985581270594,91.875,16.405294,1.058949
25.180985581270594,93.75,18.534142,1.0297034
25.180985581270594,95.625,19.189962,0.97181123
25.180985581270594,97.5,13.8062315,0.9479232
25.180985581270594,99.375,8.374317,0.84411556
25.180985581270594,101.25,8.521856,0.8323709
25.180985581270594,103.125,10.182696,1.0464853
25.180985581270594,105.0,10.154552,1.6364739
25.180985581270594,106.875,9.547071,2.0807855
25.180985581270594,108.75,9.790724,2.414681
25.180985581270594,110.625,9.547013,2.6655903
25.180985581270594,112.5,9.4133415,2.5380907
25.180985581270594,114.375,10.736642,2.238449
25.180985581270594,116.25,11.865606,2.0901802
25.180985581270594,118.125,12.230372,1.9970075
25.180985581270594,120.0,13.546661,1.7385557
25.180985581270594,121.875,20.372032,0.7606622
25.180985581270594,123.75,21.880587,0.8450366
25.180985581270594,125.625,21.803085,0.8705049
25.180985581270594,127.5,21.605469,0.81403315
25.180985581270594,129.375,21.265879,0.7592591
25.180985581270594,131.25,20.834745,0.8087825
25.180985581270594,133.125,20.656973,0.91468424
25.180985581270594,135.0,20.685312,0.9665346
25.180985581270594,136.875,20.816523,0.9770472
25.180985581270594,138.75,21.075449,0.9807624
25.180985581270594,140.625,21.356483,0.9963496
25.180985581270594,142.5,21.546406,0.96207774
25.180985581270594,144.375,21.716524,0.84751177
25.180985581270594,146.25,21.893887,0.74223685
25.180985581270594,148.125,22.028126,0.7793662
25.180985581270594,150.0,22.0533,0.84674335
25.180985581270594,151.875,22.018105,0.8675365
25.180985581270594,153.75,21.958534,0.8546631
25.180985581270594,155.625,21.86123,0.8343943
25.180985581270594,157.5,21.681602,0.7910518
25.180985581270594,159.375,21.533867,0.71410745
25.180985581270594,161.25,21.515684,0.6520393
25.180985581270594,163.125,21.520567,0.64093447
25.180985581270594,165.0,21.488672,0.6584594
25.180985581270594,166.875,21.498085,0.64691144
25.180985581270594,168.75,21.525898,0.63269645
25.180985581270594,170.625,21.371582,0.6274014
25.180985581270594,172.5,21.201288,0.60640097
25.180985581270594,174.375,21.161016,0.586727
25.180985581270594,176.25,21.154259,0.59815913
25.180985581270594,178.125,20.979824,0.62417877
25.180985581270594,180.0,20.94746,0.62526006
25.180985581270594,181.875,20.986992,0.6327381
25.180985581270594,183.75,20.936993,0.6608693
25.180985581270594,185.625,20.834648,0.68974346
25.180985581270594,187.5,20.70879,0.70859146
25.180985581270594,189.375,20.729042,0.722125
25.180985581270594,191.25,20.806152,0.7211303
25.180985581270594,193.125,20.930176,0.6904739
25.180985581270594,195.0,21.041388,0.6416711
25.180985581270594,196.875,20.969473,0.61722296
25.180985581270594,198.75,20.971386,0.5894169
25.180985581270594,200.625,21.042969,0.5564761
25.180985581270594,202.5,21.10254,0.52398115
25.180985581270594,204.375,20.998945,0.5098426
25.180985581270594,206.25,20.973125,0.5005328
25.180985581270594,208.125,20.964336,0.47172397
25.180985581270594,210.0,20.884062,0.4505823
25.180985581270594,211.875,20.730528,0.4673469
25.180985581270594,213.75,20.67043,0.4985213
25.180985581270594,215.625,20.630878,0.52601004
25.180985581270594,217.5,20.467266,0.55031234
25.180985581270594,219.375,20.350548,0.580834
25.180985581270594,221.25,20.314571,0.6092774
25.180985581270594,223.125,20.217422,0.6305623
25.180985581270594,225.0,20.032463,0.66013336
25.180985581270594,226.875,19.87672,0.7125495
25.180985581270594,228.75,19.67918,0.77424484
25.180985581270594,230.625,19.397911,0.8195346
25.180985581270594,232.5,19.333088,0.8502776
25.180985581270594,234.375,19.272911,0.86962676
25.180985581270594,236.25,19.040586,0.8784568
25.180985581270594,238.125,18.733166,0.89284295
25.180985581270594,240.0,18.580118,0.860996
25.180985581270594,241.875,19.282228,0.9827473
25.180985581270594,243.75,20.587637,0.85694844
25.180985581270594,245.625,21.802168,0.7142162
25.180985581270594,247.5,22.79203,0.61681557
25.180985581270594,249.375,24.31748,0.4396139
25.180985581270594,251.25,24.655703,0.4268353
25.180985581270594,253.125,15.411877,1.5388647
25.180985581270594,255.0,11.580783,1.7038863
25.180985581270594,256.875,11.027989,1.8647664
25.180985581270594,258.75,13.539533,1.9546835
25.180985581270594,260.625,17.053282,2.0848634
25.180985581270594,262.5,22.01582,0.87670445
25.180985581270594,264.375,22.2825,0.69626784
25.180985581270594,266.25,22.25006,0.6613267
25.180985581270594,268.125,22.570606,0.66249454
25.180985581270594,270.0,22.711855,0.69130886
25.180985581270594,271.875,22.894688,0.7251292
25.180985581270594,273.75,23.556524,0.6910407
25.180985581270594,275.625,23.45627,0.71802366
25.180985581270594,277.5,22.530664,0.8352581
25.180985581270594,279.375,23.495821,0.62736315
25.180985581270594,281.25,24.698593,0.4284947
25.180985581270594,283.125,25.072792,0.3914623
25.180985581270594,285.0,24.062754,0.5204352
25.180985581270594,286.875,23.041485,0.4987408
25.180985581270594,288.75,23.263828,0.4963828
25.180985581270594,290.625,23.297773,0.52277523
25.180985581270594,292.5,23.23125,0.48993692
25.180985581270594,294.375,23.288574,0.46268666
25.180985581270594,296.25,23.342812,0.48372948
25.180985581270594,298.125,23.28961,0.5032555
25.180985581270594,300.0,23.283087,0.49342665
25.180985581270594,301.875,23.305605,0.4985039
25.180985581270594,303.75,23.216797,0.5227948
25.180985581270594,305.625,23.08166,0.5204552
25.180985581270594,307.5,22.956875,0.5374513
25.180985581270594,309.375,22.829317,0.56881386
25.180985581270594,311.25,22.737402,0.5465982
25.180985581270594,313.125,22.725645,0.5093514
25.180985581270594,315.0,22.696758,0.49857002
25.180985581270594,316.875,22.561094,0.4639608
25.180985581270594,318.75,22.475645,0.43675852
25.180985581270594,320.625,22.411934,0.4154972
25.180985581270594,322.5,22.216192,0.4488223
25.180985581270594,324.375,21.94252,0.46600115
25.180985581270594,326.25,21.800117,0.4823465
25.180985581270594,328.125,21.646679,0.4995009
25.180985581270594,330.0,21.318985,0.5066719
25.180985581270594,331.875,21.009531,0.47696927
25.180985581270594,333.75,20.865995,0.4846698
25.180985581270594,335.625,20.663261,0.5254708
25.180985581270594,337.5,20.211271,0.5917557
25.180985581270594,339.375,19.504005,0.6589242
25.180985581270594,341.25,18.51799,0.7564292
25.180985581270594,343.125,17.006056,0.9440916
25.180985581270594,345.0,19.49461,1.1636941
25.180985581270594,346.875,19.177912,1.2234901
25.180985581270594,348.75,19.184141,1.2618026
25.180985581270594,350.625,19.017872,1.296563
25.180985581270594,352.5,19.135256,1.3337445
25.180985581270594,354.375,20.059454,1.4444009
25.180985581270594,356.25,19.138908,1.4894689
25.180985581270594,358.125,17.842228,1.4371697
27.04623949994481,0.0,17.082325,1.4725084
27.04623949994481,1.875,17.438713,1.53344
27.04623949994481,3.75,16.805801,1.6512758
27.04623949994481,5.625,15.944708,1.7802012
27.04623949994481,7.5,15.165705,1.800459
27.04623949994481,9.375,15.279025,1.7422198
27.04623949994481,11.25,14.111095,1.6506057
27.04623949994481,13.125,13.77754,1.5785077
27.04623949994481,15.0,13.913497,1.5006068
27.04623949994481,16.875,15.943165,1.5358504
27.04623949994481,18.75,15.373224,1.3557256
27.04623949994481,20.625,15.203614,1.2675818
27.04623949994481,22.5,15.007502,1.2989148
27.04623949994481,24.375,14.836661,1.3487746
27.04623949994481,26.25,13.832813,1.2406741
27.04623949994481,28.125,14.859298,1.2010118
27.04623949994481,30.0,14.844494,1.318807
27.04623949994481,31.875,15.869786,1.4840664
27.04623949994481,33.75,18.287853,1.5260096
27.04623949994481,35.625,22.638222,0.3131348
27.04623949994481,37.5,16.571213,1.40399
27.04623949994481,39.375,12.687345,1.3825719
27.04623949994481,41.25,13.337696,1.376757
27.04623949994481,43.125,13.904963,1.3859034
27.04623949994481,45.0,13.797345,1.3786943
27.04623949994481,46.875,14.921212,1.3160262
27.04623949994481,48.75,17.737833,1.194654
27.04623949994481,50.625,19.694357,0.60168684
27.04623949994481,52.5,18.830568,1.1838964
27.04623949994481,54.375,17.07133,1.215221
27.04623949994481,56.25,17.603361,1.232781
27.04623949994481,58.125,18.428087,1.2903568
27.04623949994481,60.0,17.394903,1.3324672
27.04623949994481,61.875,15.880157,1.4365951
27.04623949994481,63.75,14.596134,1.4936296
27.04623949994481,65.625,15.9242,1.4465479
27.04623949994481,67.5,19.039963,1.3637588
27.04623949994481,69.375,20.661894,1.3788772
27.04623949994481,71.25,19.160978,1.3623054
27.04623949994481,73.125,17.175627,1.3370391
27.04623949994481,75.0,17.176428,1.465981
27.04623949994481,76.875,18.605724,1.8254735
27.04623949994481,78.75,20.038517,1.8894441
27.04623949994481,80.625,20.646465,1.8291955
27.04623949994481,82.5,18.133791,1.5854394
27.04623949994481,84.375,13.100197,1.0005633
27.04623949994481,86.25,10.568068,0.88287824
27.04623949994481,88.125,8.989982,0.99835867
27.04623949994481,90.0,7.5179896,0.9853077
27.04623949994481,91.875,8.87045,0.8768865
27.04623949994481,93.75,11.703673,0.70102227
27.04623949994481,95.625,12.927755,0.825218
27.04623949994481,97.5,7.058107,0.849116
27.04623949994481,99.375,2.457404,1.0185126
27.04623949994481,101.25,3.1611538,0.9071807
27.04623949994481,103.125,6.461134,1.1335135
27.04623949994481,105.0,6.6851377,2.0431232
27.04623949994481,106.875,5.658517,2.4394135
27.04623949994481,108.75,6.24588,2.3297672
27.04623949994481,110.625,6.8438683,2.473727
27.04623949994481,112.5,6.716427,2.601935
27.04623949994481,114.375,7.4533997,2.3404505
27.04623949994481,116.25,8.603146,2.1507168
27.04623949994481,118.125,8.774103,2.1769693
27.04623949994481,120.0,9.606856,2.0332675
27.04623949994481,121.875,17.362736,0.9553622
27.04623949994481,123.75,18.780607,0.9731371
27.04623949994481,125.625,19.636818,0.9012888
27.04623949994481,127.5,20.618418,0.93257374
27.04623949994481,129.375,20.907677,0.84945995
27.04623949994481,131.25,20.594688,0.75476676
27.04623949994481,133.125,20.129454,0.75560457
27.04623949994481,135.0,19.806154,0.7400627
27.04623949994481,136.875,19.697052,0.7399074
27.04623949994481,138.75,19.721212,0.818739
27.04623949994481,140.625,19.858986,0.8795423
27.04623949994481,142.5,19.964396,0.940063
27.04623949994481,144.375,19.979006,0.90615964
27.04623949994481,146.25,20.100607,0.82732314
27.04623949994481,148.125,20.31797,0.7980386
27.04623949994481,150.0,20.416174,0.8559064
27.04623949994481,151.875,20.36836,0.90803874
27.04623949994481,153.75,20.31627,0.9309703
27.04623949994481,155.625,20.297287,0.91107607
27.04623949994481,157.5,20.222383,0.84898525
27.04623949994481,159.375,20.119806,0.75775534
27.04623949994481,161.25,20.070978,0.6900542
27.04623949994481,163.125,19.901232,0.664882
27.04623949994481,165.0,19.676329,0.6691848
27.04623949994481,166.875,19.615255,0.69645834
27.04623949994481,168.75,19.695646,0.7085614
27.04623949994481,170.625,19.706192,0.6996809
27.04623949994481,172.5,19.599903,0.6892079
27.04623949994481,174.375,19.499708,0.68919045
27.04623949994481,176.25,19.32754,0.69810593
27.04623949994481,178.125,19.247208,0.704002
27.04623949994481,180.0,19.228771,0.71089834
27.04623949994481,181.875,19.246603,0.72822464
27.04623949994481,183.75,19.252932,0.76128983
27.04623949994481,185.625,19.147053,0.79119873
27.04623949994481,187.5,19.072521,0.8168957
27.04623949994481,189.375,19.060919,0.84333324
27.04623949994481,191.25,19.071936,0.86106056
27.04623949994481,193.125,19.201681,0.8569859
27.04623949994481,195.0,19.354942,0.8477594
27.04623949994481,196.875,19.498829,0.8359869
27.04623949994481,198.75,19.540197,0.812211
27.04623949994481,200.625,19.62215,0.76133686
27.04623949994481,202.5,19.67051,0.71932083
27.04623949994481,204.375,19.751778,0.69194037
27.04623949994481,206.25,19.783497,0.66758215
27.04623949994481,208.125,19.796799,0.61115664
27.04623949994481,210.0,19.759903,0.55473626
27.04623949994481,211.875,19.778341,0.53795266
27.04623949994481,213.75,19.67676,0.5726541
27.04623949994481,215.625,19.467325,0.59361935
27.04623949994481,217.5,19.354416,0.6003926
27.04623949994481,219.375,19.272697,0.6185004
27.04623949994481,221.25,19.113829,0.6430297
27.04623949994481,223.125,18.944063,0.6475183
27.04623949994481,225.0,18.87549,0.70969
27.04623949994481,226.875,18.62961,0.76733464
27.04623949994481,228.75,18.291798,0.77761555
27.04623949994481,230.625,18.209122,0.79374367
27.04623949994481,232.5,18.153908,0.80475354
27.04623949994481,234.375,17.964455,0.82768726
27.04623949994481,236.25,17.900352,0.864063
27.04623949994481,238.125,17.746895,0.8769988
27.04623949994481,240.0,17.268457,0.8844861
27.04623949994481,241.875,17.777853,1.1436543
27.04623949994481,243.75,19.810802,0.9683458
27.04623949994481,245.625,21.15125,0.757802
27.04623949994481,247.5,23.11207,0.58987194
27.04623949994481,249.375,23.771563,0.4925506
27.04623949994481,251.25,15.281388,1.6099827
27.04623949994481,253.125,10.703302,1.6802375
27.04623949994481,255.0,10.159279,1.7585814
27.04623949994481,256.875,12.583361,2.0433025
27.04623949994481,258.75,15.649864,2.5003474
27.04623949994481,260.625,17.34963,2.7382462
27.04623949994481,262.5,18.3917,2.5849123
27.04623949994481,264.375,21.133028,0.7498609
27.04623949994481,266.25,21.609278,0.7199891
27.04623949994481,268.125,21.721113,0.7158456
27.04623949994481,270.0,21.72871,0.7096676
27.04623949994481,271.875,21.590508,0.72193533
27.04623949994481,273.75,21.805038,0.7408459
27.04623949994481,275.625,21.343184,0.8721642
27.04623949994481,277.5,20.478634,1.1045015
27.04623949994481,279.375,23.355528,0.56629944
27.04623949994481,281.25,24.514317,0.42686749
27.04623949994481,283.125,24.22285,0.49402335
27.04623949994481,285.0,22.020996,0.5992135
27.04623949994481,286.875,21.44129,0.52736366
27.04623949994481,288.75,21.861914,0.5571225
27.04623949994481,290.625,22.092188,0.5241135
27.04623949994481,292.5,21.752657,0.49740273
27.04623949994481,294.375,21.886934,0.504209
27.04623949994481,296.25,22.157402,0.5137334
27.04623949994481,298.125,22.10336,0.5108434
27.04623949994481,300.0,22.043476,0.5116329
27.04623949994481,301.875,22.126484,0.5131437
27.04623949994481,303.75,22.068438,0.5507886
27.04623949994481,305.625,21.943398,0.5614522
27.04623949994481,307.5,21.86332,0.55746895
27.04623949994481,309.375,21.765312,0.56847084
27.04623949994481,311.25,21.659492,0.5579054
27.04623949994481,313.125,21.666563,0.51265675
27.04623949994481,315.0,21.700039,0.52267545
27.04623949994481,316.875,21.596132,0.55581576
27.04623949994481,318.75,21.448809,0.55081594
27.04623949994481,320.625,21.355625,0.51832706
27.04623949994481,322.5,21.254414,0.4791434
27.04623949994481,324.375,21.102577,0.47413093
27.04623949994481,326.25,20.982012,0.5184517
27.04623949994481,328.125,20.800644,0.5279854
27.04623949994481,330.0,20.570879,0.50271446
27.04623949994481,331.875,20.430998,0.5036748
27.04623949994481,333.75,20.368439,0.516066
27.04623949994481,335.625,20.217716,0.5342049
27.04623949994481,337.5,19.943497,0.5325966
27.04623949994481,339.375,19.573868,0.56659234
27.04623949994481,341.25,18.904318,0.6573672
27.04623949994481,343.125,17.786388,0.80503285
27.04623949994481,345.0,16.49295,0.88381916
27.04623949994481,346.875,15.671309,0.8701379
27.04623949994481,348.75,18.484064,1.1653059
27.04623949994481,350.625,17.908321,1.1991745
27.04623949994481,352.5,17.08461,1.2561761
27.04623949994481,354.375,17.452852,1.3482062
27.04623949994481,356.25,17.530313,1.4438304
27.04623949994481,358.125,16.467384,1.4578445
28.91149236871774,0.0,15.727638,1.4351265
28.91149236871774,1.875,15.834474,1.5328698
28.91149236871774,3.75,15.16383,1.6908462
28.91149236871774,5.625,14.662638,1.7581795
28.91149236871774,7.5,14.665138,1.7111629
28.91149236871774,9.375,14.213927,1.6102053
28.91149236871774,11.25,13.274181,1.6128212
28.91149236871774,13.125,13.382541,1.643628
28.91149236871774,15.0,13.81422,1.6239997
28.91149236871774,16.875,13.97004,1.5043436
28.91149236871774,18.75,14.069611,1.3064679
28.91149236871774,20.625,15.089747,1.2427093
28.91149236871774,22.5,14.65711,1.2225866
28.91149236871774,24.375,14.047364,1.1957749
28.91149236871774,26.25,14.350333,1.1364185
28.91149236871774,28.125,15.025646,1.1231675
28.91149236871774,30.0,15.078107,1.251733
28.91149236871774,31.875,14.824708,1.4228591
28.91149236871774,33.75,15.075783,1.5412415
28.91149236871774,35.625,14.848712,1.6095531
28.91149236871774,37.5,13.306017,1.5653737
28.91149236871774,39.375,11.529786,1.4312662
28.91149236871774,41.25,11.762677,1.3668447
28.91149236871774,43.125,12.703888,1.3858654
28.91149236871774,45.0,13.74004,1.3576754
28.91149236871774,46.875,16.351622,1.2639726
28.91149236871774,48.75,17.799826,0.6233498
28.91149236871774,50.625,16.31131,1.2952152
28.91149236871774,52.5,10.794376,1.452461
28.91149236871774,54.375,8.572462,1.4877086
28.91149236871774,56.25,10.845236,1.5217371
28.91149236871774,58.125,12.749669,1.5727005
28.91149236871774,60.0,13.357169,1.5783523
28.91149236871774,61.875,13.762482,1.6824589
28.91149236871774,63.75,13.759181,1.6644695
28.91149236871774,65.625,13.386466,1.5443399
28.91149236871774,67.5,14.300372,1.4439166
28.91149236871774,69.375,16.247423,1.3834722
28.91149236871774,71.25,17.523478,1.3026016
28.91149236871774,73.125,17.874298,1.2656122
28.91149236871774,75.0,18.504297,1.424932
28.91149236871774,76.875,17.924532,1.8009099
28.91149236871774,78.75,15.124356,1.7923948
28.91149236871774,80.625,9.55545,1.3623854
28.91149236871774,82.5,1.2520914,1.5109278
28.91149236871774,84.375,-7.0047646,2.1689816
28.91149236871774,86.25,-9.595898,2.855878
28.91149236871774,88.125,-8.485252,2.6386712
28.91149236871774,90.0,-8.053261,2.404919
28.91149236871774,91.875,-4.4084945,1.939553
28.91149236871774,93.75,-0.9488852,1.513863
28.91149236871774,95.625,0.64715,1.2278942
28.91149236871774,97.5,-2.603436,1.6123065
28.91149236871774,99.375,-3.700721,1.6391267
28.91149236871774,101.25,-1.1464438,1.1560049
28.91149236871774,103.125,3.6443765,1.3265852
28.91149236871774,105.0,4.8796306,2.4912288
28.91149236871774,106.875,3.669435,2.5748298
28.91149236871774,108.75,4.282638,2.0438883
28.91149236871774,110.625,4.9463882,2.07407
28.91149236871774,112.5,4.9290833,2.3790948
28.91149236871774,114.375,5.5891223,2.2770188
28.91149236871774,116.25,6.7462707,1.943396
28.91149236871774,118.125,6.7902355,1.9890337
28.91149236871774,120.0,6.8717785,1.9363854
28.91149236871774,121.875,11.442208,1.2938552
28.91149236871774,123.75,13.768048,1.0717242
28.91149236871774,125.625,17.176447,0.8714669
28.91149236871774,127.5,19.119162,0.8025923
28.91149236871774,129.375,19.982286,0.8213464
28.91149236871774,131.25,20.183712,0.7567763
28.91149236871774,133.125,19.932072,0.6984086
28.91149236871774,135.0,19.54926,0.66749865
28.91149236871774,136.875,19.268946,0.623446
28.91149236871774,138.75,19.005373,0.5461188
28.91149236871774,140.625,18.811016,0.5282119
28.91149236871774,142.5,18.75168,0.5281927
28.91149236871774,144.375,18.731936,0.52239424
28.91149236871774,146.25,18.70922,0.5292785
28.91149236871774,148.125,18.744963,0.5645866
28.91149236871774,150.0,18.767248,0.63518053
28.91149236871774,151.875,18.67676,0.6882237
28.91149236871774,153.75,18.574259,0.70533067
28.91149236871774,155.625,18.566252,0.70688057
28.91149236871774,157.5,18.61463,0.69787353
28.91149236871774,159.375,18.617853,0.6616928
28.91149236871774,161.25,18.541115,0.6248853
28.91149236871774,163.125,18.480959,0.6070736
28.91149236871774,165.0,18.345821,0.6115778
28.91149236871774,166.875,18.202442,0.6349181
28.91149236871774,168.75,18.166916,0.6649945
28.91149236871774,170.625,18.203537,0.6849946
28.91149236871774,172.5,18.146154,0.6986784
28.91149236871774,174.375,17.909298,0.70924765
28.91149236871774,176.25,17.800274,0.71584177
28.91149236871774,178.125,17.805178,0.71209615
28.91149236871774,180.0,17.85129,0.71866876
28.91149236871774,181.875,17.875177,0.73210573
28.91149236871774,183.75,17.773283,0.7492103
28.91149236871774,185.625,17.67133,0.78761375
28.91149236871774,187.5,17.628399,0.8254003
28.91149236871774,189.375,17.567696,0.8437996
28.91149236871774,191.25,17.513126,0.84471995
28.91149236871774,193.125,17.436329,0.8473069
28.91149236871774,195.0,17.57793,0.87038094
28.91149236871774,196.875,17.758848,0.88087887
28.91149236871774,198.75,17.929045,0.86364114
28.91149236871774,200.625,17.999924,0.83882606
28.91149236871774,202.5,18.136427,0.83190584
28.91149236871774,204.375,18.253809,0.84428966
28.91149236871774,206.25,18.334864,0.82136756
28.91149236871774,208.125,18.33512,0.76844615
28.91149236871774,210.0,18.41629,0.71212256
28.91149236871774,211.875,18.454514,0.6664697
28.91149236871774,213.75,18.346016,0.6556821
28.91149236871774,215.625,18.273067,0.661032
28.91149236871774,217.5,18.294239,0.6547065
28.91149236871774,219.375,18.190332,0.64424455
28.91149236871774,221.25,17.986994,0.6292557
28.91149236871774,223.125,17.939356,0.6325513
28.91149236871774,225.0,17.861975,0.6562817
28.91149236871774,226.875,17.599024,0.69009435
28.91149236871774,228.75,17.414474,0.70034564
28.91149236871774,230.625,17.308086,0.70817184
28.91149236871774,232.5,17.047735,0.745233
28.91149236871774,234.375,16.741661,0.80642
28.91149236871774,236.25,16.470705,0.8402179
28.91149236871774,238.125,16.283693,0.81169266
28.91149236871774,240.0,16.037834,0.8057392
28.91149236871774,241.875,16.629025,0.9971924
28.91149236871774,243.75,18.85047,1.0664045
28.91149236871774,245.625,18.775196,1.5470171
28.91149236871774,247.5,18.809708,1.6618371
28.91149236871774,249.375,15.96674,1.8156991
28.91149236871774,251.25,11.015177,1.7819133
28.91149236871774,253.125,8.509513,1.7241826
28.91149236871774,255.0,9.737013,1.8960123
28.91149236871774,256.875,13.016271,2.3097746
28.91149236871774,258.75,15.247013,2.8165421
28.91149236871774,260.625,15.507696,3.1345363
28.91149236871774,262.5,16.225704,3.0461962
28.91149236871774,264.375,16.894865,2.7054827
28.91149236871774,266.25,18.326603,1.0971966
28.91149236871774,268.125,17.94879,1.0712085
28.91149236871774,270.0,19.160177,0.8213598
28.91149236871774,271.875,20.325586,0.7160979
28.91149236871774,273.75,20.544806,0.7719557
28.91149236871774,275.625,19.050705,1.1370249
28.91149236871774,277.5,17.039942,2.340892
28.91149236871774,279.375,22.531523,0.6394357
28.91149236871774,281.25,24.090254,0.45263052
28.91149236871774,283.125,22.765606,0.56407267
28.91149236871774,285.0,20.773848,0.49370214
28.91149236871774,286.875,20.418966,0.46066803
28.91149236871774,288.75,20.482306,0.47847944
28.91149236871774,290.625,20.845625,0.60179764
28.91149236871774,292.5,20.412834,0.5595075
28.91149236871774,294.375,20.407833,0.53058815
28.91149236871774,296.25,20.733183,0.5677069
28.91149236871774,298.125,20.82246,0.5657876
28.91149236871774,300.0,20.753653,0.538211
28.91149236871774,301.875,20.79295,0.52943075
28.91149236871774,303.75,20.81922,0.54672676
28.91149236871774,305.625,20.789394,0.55020344
28.91149236871774,307.5,20.823242,0.5528805
28.91149236871774,309.375,20.7967,0.5909282
28.91149236871774,311.25,20.673378,0.6173301
28.91149236871774,313.125,20.640684,0.6261719
28.91149236871774,315.0,20.701328,0.62780285
28.91149236871774,316.875,20.630898,0.6223879
28.91149236871774,318.75,20.523203,0.59674394
28.91149236871774,320.625,20.51205,0.5640911
28.91149236871774,322.5,20.50129,0.50559705
28.91149236871774,324.375,20.34547,0.49437886
28.91149236871774,326.25,20.050783,0.5267404
28.91149236871774,328.125,19.838146,0.52154475
28.91149236871774,330.0,19.731682,0.46622676
28.91149236871774,331.875,19.674006,0.47421765
28.91149236871774,333.75,19.578478,0.52166986
28.91149236871774,335.625,19.398205,0.55280983
28.91149236871774,337.5,19.29629,0.52639407
28.91149236871774,339.375,19.269045,0.504332
28.91149236871774,341.25,19.078224,0.54705125
28.91149236871774,343.125,18.599298,0.6335244
28.91149236871774,345.0,17.803204,0.738521
28.91149236871774,346.875,16.838263,0.6998336
28.91149236871774,348.75,15.864689,0.6415937
28.91149236871774,350.625,16.680294,1.2225648
28.91149236871774,352.5,14.687677,1.2280909
28.91149236871774,354.375,14.575274,1.2789377
28.91149236871774,356.25,15.735392,1.3876573
28.91149236871774,358.125,16.291603,1.4447618
30.77674406172325,0.0,11.953595,1.4076136
30.77674406172325,1.875,12.145509,1.4506108
30.77674406172325,3.75,13.49713,1.5936185
30.77674406172325,5.625,14.301173,1.6470296
30.77674406172325,7.5,13.925998,1.622245
30.77674406172325,9.375,12.501544,1.6103421
30.77674406172325,11.25,12.221408,1.6751142
30.77674406172325,13.125,12.788029,1.6687573
30.77674406172325,15.0,13.83213,1.5358006
30.77674406172325,16.875,14.7856455,1.3661478
30.77674406172325,18.75,18.177404,0.41206783
30.77674406172325,20.625,14.813654,1.2146161
30.77674406172325,22.5,14.478321,1.131185
30.77674406172325,24.375,14.192072,1.0911771
30.77674406172325,26.25,14.683341,1.0421476
30.77674406172325,28.125,17.762579,0.5142577
30.77674406172325,30.0,18.532774,0.52396864
30.77674406172325,31.875,15.800685,1.481267
30.77674406172325,33.75,13.013087,1.5467342
30.77674406172325,35.625,11.430509,1.7890521
30.77674406172325,37.5,10.466798,1.6689326
30.77674406172325,39.375,10.6213875,1.4557016
30.77674406172325,41.25,11.626603,1.3613722
30.77674406172325,43.125,13.129688,1.3664951
30.77674406172325,45.0,15.196407,1.3321863
30.77674406172325,46.875,17.246584,1.3103001
30.77674406172325,48.75,15.484474,1.3552845
30.77674406172325,50.625,9.526271,1.5461345
30.77674406172325,52.5,5.1270323,1.597413
30.77674406172325,54.375,5.874122,1.6737297
30.77674406172325,56.25,9.072149,1.6865635
30.77674406172325,58.125,11.269161,1.6647106
30.77674406172325,60.0,12.910783,1.6798471
30.77674406172325,61.875,13.631818,1.6381894
30.77674406172325,63.75,12.8492,1.6133015
30.77674406172325,65.625,9.020861,1.6164286
30.77674406172325,67.5,7.8747277,1.5404854
30.77674406172325,69.375,11.272266,1.4732801
30.77674406172325,71.25,17.697794,1.4277495
30.77674406172325,73.125,21.880352,1.4611205
30.77674406172325,75.0,19.925274,1.7119797
30.77674406172325,76.875,10.874376,1.7312906
30.77674406172325,78.75,0.119982,1.7533834
30.77674406172325,80.625,-11.705018,2.4023535
30.77674406172325,82.5,-17.790485,1.9610554
30.77674406172325,84.375,-19.003864,2.5249388
30.77674406172325,86.25,-15.335057,2.1268432
30.77674406172325,88.125,-12.704979,1.6427995
30.77674406172325,90.0,-12.173827,1.6015843
30.77674406172325,91.875,-10.849413,1.5053971
30.77674406172325,93.75,-9.948514,2.3175488
30.77674406172325,95.625,-11.5843935,1.7561074
30.77674406172325,97.5,-11.462264,1.5098202
30.77674406172325,99.375,-8.418788,2.3189414
30.77674406172325,101.25,-4.0240026,1.5031087
30.77674406172325,103.125,0.6642984,1.3347481
30.77674406172325,105.0,3.0415053,2.1903048
30.77674406172325,106.875,2.881857,2.1915743
30.77674406172325,108.75,3.0874624,1.6874318
30.77674406172325,110.625,3.4541616,1.7355736
30.77674406172325,112.5,3.7213101,2.0495386
30.77674406172325,114.375,4.4903336,2.031417
30.77674406172325,116.25,5.3378725,1.7896521
30.77674406172325,118.125,5.3040442,1.7846279
30.77674406172325,120.0,5.2561145,1.7536862
30.77674406172325,121.875,8.519591,0.8710974
30.77674406172325,123.75,11.10549,0.94421315
30.77674406172325,125.625,15.29756,0.9197603
30.77674406172325,127.5,17.994513,0.806491
30.77674406172325,129.375,18.833223,0.77258927
30.77674406172325,131.25,19.194864,0.7043498
30.77674406172325,133.125,19.235842,0.6548134
30.77674406172325,135.0,19.252209,0.612439
30.77674406172325,136.875,19.186037,0.60677654
30.77674406172325,138.75,19.060352,0.59891623
30.77674406172325,140.625,18.771915,0.51851547
30.77674406172325,142.5,18.557072,0.4794849
30.77674406172325,144.375,18.43047,0.4752327
30.77674406172325,146.25,18.317814,0.4847814
30.77674406172325,148.125,18.220762,0.48608342
30.77674406172325,150.0,18.166096,0.48669285
30.77674406172325,151.875,18.029377,0.5100947
30.77674406172325,153.75,17.808302,0.53682005
30.77674406172325,155.625,17.631153,0.5433392
30.77674406172325,157.5,17.491486,0.5320714
30.77674406172325,159.375,17.381485,0.5130925
30.77674406172325,161.25,17.348438,0.50336516
30.77674406172325,163.125,17.344337,0.51201236
30.77674406172325,165.0,17.316797,0.5305061
30.77674406172325,166.875,17.221485,0.55533254
30.77674406172325,168.75,17.094807,0.587289
30.77674406172325,170.625,16.950294,0.6219887
30.77674406172325,172.5,16.777365,0.64823675
30.77674406172325,174.375,16.689825,0.6690778
30.77674406172325,176.25,16.62295,0.6913098
30.77674406172325,178.125,16.61082,0.7148781
30.77674406172325,180.0,16.650118,0.7255302
30.77674406172325,181.875,16.602364,0.7394476
30.77674406172325,183.75,16.533478,0.7440763
30.77674406172325,185.625,16.473322,0.7504692
30.77674406172325,187.5,16.400314,0.7824581
30.77674406172325,189.375,16.376486,0.809266
30.77674406172325,191.25,16.298088,0.81046283
30.77674406172325,193.125,16.280664,0.8112841
30.77674406172325,195.0,16.292833,0.83211684
30.77674406172325,196.875,16.379923,0.8555356
30.77674406172325,198.75,16.45461,0.8662568
30.77674406172325,200.625,16.566154,0.86376685
30.77674406172325,202.5,16.611797,0.86772823
30.77674406172325,204.375,16.606173,0.8756854
30.77674406172325,206.25,16.608479,0.86379397
30.77674406172325,208.125,16.801506,0.7955393
30.77674406172325,210.0,16.896233,0.7489874
30.77674406172325,211.875,16.871525,0.7471919
30.77674406172325,213.75,16.965021,0.7029596
30.77674406172325,215.625,17.136602,0.6609037
30.77674406172325,217.5,17.161505,0.65356565
30.77674406172325,219.375,17.025352,0.6381405
30.77674406172325,221.25,17.05926,0.615635
30.77674406172325,223.125,17.102032,0.5985401
30.77674406172325,225.0,17.006193,0.5827854
30.77674406172325,226.875,16.885704,0.6333102
30.77674406172325,228.75,16.628458,0.67870635
30.77674406172325,230.625,16.27502,0.70592886
30.77674406172325,232.5,15.902501,0.75228256
30.77674406172325,234.375,15.288185,0.7978527
30.77674406172325,236.25,14.941251,0.8106623
30.77674406172325,238.125,15.041583,0.78356504
30.77674406172325,240.0,15.108107,0.7846338
30.77674406172325,241.875,16.041018,0.9677983
30.77674406172325,243.75,17.487032,1.1048864
30.77674406172325,245.625,16.325392,1.7197242
30.77674406172325,247.5,15.291056,1.9012113
30.77674406172325,249.375,12.172462,1.9749926
30.77674406172325,251.25,8.864201,1.7887893
30.77674406172325,253.125,7.918224,1.7669171
30.77674406172325,255.0,10.149532,2.024598
30.77674406172325,256.875,11.613556,2.3161979
30.77674406172325,258.75,11.734942,2.6806142
30.77674406172325,260.625,12.091583,2.95294
30.77674406172325,262.5,13.389493,3.064188
30.77674406172325,264.375,13.858399,2.9935315
30.77674406172325,266.25,13.136779,2.8211687
30.77674406172325,268.125,12.487911,2.818409
30.77674406172325,270.0,12.732853,2.904269
30.77674406172325,271.875,13.17258,2.9513268
30.77674406172325,273.75,13.195783,2.8386843
30.77674406172325,275.625,13.146485,2.8111575
30.77674406172325,277.5,13.833713,2.78236
30.77674406172325,279.375,20.662891,0.87953204
30.77674406172325,281.25,23.487246,0.49265385
30.77674406172325,283.125,22.789785,0.5051568
30.77674406172325,285.0,20.852032,0.48180857
30.77674406172325,286.875,20.336506,0.45828238
30.77674406172325,288.75,19.910822,0.4486591
30.77674406172325,290.625,19.572912,0.51041687
30.77674406172325,292.5,19.3192,0.5393004
30.77674406172325,294.375,19.327229,0.49040025
30.77674406172325,296.25,19.414375,0.47669858
30.77674406172325,298.125,19.461622,0.4730335
30.77674406172325,300.0,19.460762,0.45897895
30.77674406172325,301.875,19.463243,0.46168172
30.77674406172325,303.75,19.46418,0.488928
30.77674406172325,305.625,19.491545,0.5108095
30.77674406172325,307.5,19.589298,0.520054
30.77674406172325,309.375,19.634045,0.5553368
30.77674406172325,311.25,19.550236,0.5843268
30.77674406172325,313.125,19.463575,0.59121746
30.77674406172325,315.0,19.469337,0.59162843
30.77674406172325,316.875,19.443653,0.60468894
30.77674406172325,318.75,19.395021,0.6289147
30.77674406172325,320.625,19.419025,0.62122595
30.77674406172325,322.5,19.434141,0.58268046
30.77674406172325,324.375,19.344728,0.5568967
30.77674406172325,326.25,19.178947,0.5467209
30.77674406172325,328.125,19.042892,0.5009762
30.77674406172325,330.0,18.908146,0.46751976
30.77674406172325,331.875,18.747814,0.4885926
30.77674406172325,333.75,18.590412,0.5587681
30.77674406172325,335.625,18.440275,0.56513476
30.77674406172325,337.5,18.331701,0.55643576
30.77674406172325,339.375,18.200254,0.57846975
30.77674406172325,341.25,18.09918,0.63372153
30.77674406172325,343.125,18.09332,0.62029356
30.77674406172325,345.0,18.19293,0.5569563
30.77674406172325,346.875,17.960665,0.56853986
30.77674406172325,348.75,16.82752,0.5990558
30.77674406172325,350.625,15.406739,0.60428566
30.77674406172325,352.5,12.392853,1.5292096
30.77674406172325,354.375,11.242775,1.3928351
30.77674406172325,356.25,11.644532,1.3869358
30.77674406172325,358.125,12.322931,1.3958695
32.64199443851768,0.0,8.441876,1.4527743
32.64199443851768,1.875,9.447071,1.4169471
32.64199443851768,3.75,11.712071,1.4241942
32.64199443851768,5.625,12.710255,1.4643395
32.64199443851768,7.5,12.75588,1.5112435
32.64199443851768,9.375,12.806642,1.5741111
32.64199443851768,11.25,13.21004,1.6024426
32.64199443851768,13.125,14.398048,1.4938093
32.64199443851768,15.0,16.652853,0.46239766
32.64199443851768,16.875,16.283693,0.46085674
32.64199443851768,18.75,16.527346,0.3935722
32.64199443851768,20.625,16.547873,0.35109192
32.64199443851768,22.5,16.452208,0.38806108
32.64199443851768,24.375,16.42467,0.371815
32.64199443851768,26.25,16.298634,0.34719488
32.64199443851768,28.125,16.191486,0.3634108
32.64199443851768,30.0,16.659826,0.46094358
32.64199443851768,31.875,17.434767,0.48923448
32.64199443851768,33.75,18.692442,0.38197294
32.64199443851768,35.625,11.931818,1.7897178
32.64199443851768,37.5,8.678145,1.7599018
32.64199443851768,39.375,9.332209,1.5320467
32.64199443851768,41.25,11.599415,1.4310813
32.64199443851768,43.125,13.460509,1.4215008
32.64199443851768,45.0,14.662287,1.4741937
32.64199443851768,46.875,12.167755,1.5325063
32.64199443851768,48.75,7.9134583,1.6504744
32.64199443851768,50.625,4.5304117,1.6405362
32.64199443851768,52.5,5.2557435,1.6942462
32.64199443851768,54.375,8.471173,1.722451
32.64199443851768,56.25,10.301369,1.6792563
32.64199443851768,58.125,10.363888,1.7235285
32.64199443851768,60.0,10.24924,1.7537186
32.64199443851768,61.875,10.036056,1.8129914
32.64199443851768,63.75,7.1172667,1.8899466
32.64199443851768,65.625,1.3169156,1.8713061
32.64199443851768,67.5,0.7082437,1.928147
32.64199443851768,69.375,6.126857,1.8224803
32.64199443851768,71.25,14.549747,1.7677722
32.64199443851768,73.125,17.594551,2.0072863
32.64199443851768,75.0,9.766563,1.9767805
32.64199443851768,76.875,-6.5454283,2.31566
32.64199443851768,78.75,-19.66697,1.712433
32.64199443851768,80.625,-23.06652,1.4835832
32.64199443851768,82.5,-19.129118,2.0586963
32.64199443851768,84.375,-14.298339,1.2825567
32.64199443851768,86.25,-12.062772,1.1759182
32.64199443851768,88.125,-10.637694,1.0946467
32.64199443851768,90.0,-10.963729,1.0610428
32.64199443851768,91.875,-11.481659,1.0649487
32.64199443851768,93.75,-10.631288,1.107316
32.64199443851768,95.625,-9.544003,1.3319423
32.64199443851768,97.5,-9.908378,1.7282743
32.64199443851768,99.375,-9.49287,1.9537438
32.64199443851768,101.25,-6.963397,1.9177133
32.64199443851768,103.125,-3.9487486,1.3093342
32.64199443851768,105.0,-0.17781097,1.712091
32.64199443851768,106.875,1.0442203,1.9145081
32.64199443851768,108.75,1.6746109,1.7627529
32.64199443851768,110.625,2.0447085,1.7981565
32.64199443851768,112.5,2.722521,1.8709749
32.64199443851768,114.375,3.546779,1.86823
32.64199443851768,116.25,4.0046697,1.7554162
32.64199443851768,118.125,3.8168375,1.6981689
32.64199443851768,120.0,4.198732,1.6239412
32.64199443851768,121.875,8.53342,0.82098705
32.64199443851768,123.75,10.219298,0.8504999
32.64199443851768,125.625,13.957755,0.776839
32.64199443851768,127.5,16.278204,0.73774713
32.64199443851768,129.375,16.660002,0.81840324
32.64199443851768,131.25,17.816095,0.7777065
32.64199443851768,133.125,18.214865,0.753656
32.64199443851768,135.0,18.126759,0.6890316
32.64199443851768,136.875,18.215958,0.6732225
32.64199443851768,138.75,18.392677,0.6252803
32.64199443851768,140.625,18.58672,0.59497154
32.64199443851768,142.5,18.485022,0.53018934
32.64199443851768,144.375,18.287638,0.4805765
32.64199443851768,146.25,18.10549,0.4767595
32.64199443851768,148.125,17.90799,0.4878997
32.64199443851768,150.0,17.85424,0.5101657
32.64199443851768,151.875,17.837599,0.5243128
32.64199443851768,153.75,17.692345,0.5617119
32.64199443851768,155.625,17.465137,0.620462
32.64199443851768,157.5,17.248829,0.64343286
32.64199443851768,159.375,17.029669,0.61681587
32.64199443851768,161.25,16.824903,0.5703501
32.64199443851768,163.125,16.687502,0.5204688
32.64199443851768,165.0,16.605568,0.485302
32.64199443851768,166.875,16.510782,0.48954573
32.64199443851768,168.75,16.320293,0.5078622
32.64199443851768,170.625,16.126602,0.52672446
32.64199443851768,172.5,15.993068,0.5669001
32.64199443851768,174.375,15.867267,0.6087504
32.64199443851768,176.25,15.743009,0.6326461
32.64199443851768,178.125,15.63592,0.6517222
32.64199443851768,180.0,15.49342,0.66520375
32.64199443851768,181.875,15.440919,0.67545164
32.64199443851768,183.75,15.437872,0.68886375
32.64199443851768,185.625,15.382013,0.70114654
32.64199443851768,187.5,15.265802,0.72492045
32.64199443851768,189.375,15.092541,0.7633605
32.64199443851768,191.25,15.124395,0.8180202
32.64199443851768,193.125,15.179884,0.8647985
32.64199443851768,195.0,15.165724,0.8949016
32.64199443851768,196.875,15.082345,0.91176254
32.64199443851768,198.75,15.14754,0.9421799
32.64199443851768,200.625,15.227189,0.9419927
32.64199443851768,202.5,15.219357,0.9257036
32.64199443851768,204.375,15.186232,0.9105377
32.64199443851768,206.25,15.403321,0.89093465
32.64199443851768,208.125,15.643848,0.8592367
32.64199443851768,210.0,15.690158,0.8294258
32.64199443851768,211.875,15.736603,0.8091044
32.64199443851768,213.75,15.927443,0.7744695
32.64199443851768,215.625,16.016914,0.72125155
32.64199443851768,217.5,15.902326,0.7005119
32.64199443851768,219.375,15.9240055,0.6659408
32.64199443851768,221.25,15.999279,0.65173286
32.64199443851768,223.125,16.044981,0.638092
32.64199443851768,225.0,16.085098,0.60497034
32.64199443851768,226.875,15.903126,0.6055079
32.64199443851768,228.75,15.60047,0.68784934
32.64199443851768,230.625,15.27256,0.7883973
32.64199443851768,232.5,14.621271,0.83495975
32.64199443851768,234.375,13.953321,0.81799275
32.64199443851768,236.25,13.904357,0.79209864
32.64199443851768,238.125,14.538282,0.81782883
32.64199443851768,240.0,15.057892,0.83497894
32.64199443851768,241.875,15.678244,0.91802245
32.64199443851768,243.75,14.222501,1.6723633
32.64199443851768,245.625,13.503341,1.6528189
32.64199443851768,247.5,11.509474,1.7217693
32.64199443851768,249.375,8.36506,1.6971414
32.64199443851768,251.25,5.629767,1.5438646
32.64199443851768,253.125,6.1269546,1.6487536
32.64199443851768,255.0,8.379278,1.9377455
32.64199443851768,256.875,9.399552,2.261674
32.64199443851768,258.75,9.727657,2.576805
32.64199443851768,260.625,10.671993,2.8357337
32.64199443851768,262.5,11.820606,3.067886
32.64199443851768,264.375,11.832364,3.1235259
32.64199443851768,266.25,10.787267,2.9767041
32.64199443851768,268.125,10.178712,2.9840674
32.64199443851768,270.0,10.362267,3.0964122
32.64199443851768,271.875,10.039044,3.1297884
32.64199443851768,273.75,9.253966,3.060867
32.64199443851768,275.625,9.120079,3.0145106
32.64199443851768,277.5,9.996681,3.0211098
32.64199443851768,279.375,11.791583,3.0211813
32.64199443851768,281.25,21.517597,0.7381525
32.64199443851768,283.125,22.5725,0.58041704
32.64199443851768,285.0,22.15795,0.50137657
32.64199443851768,286.875,20.770449,0.46670672
32.64199443851768,288.75,20.2567,0.49485254
32.64199443851768,290.625,19.785315,0.5022395
32.64199443851768,292.5,19.104298,0.5051786
32.64199443851768,294.375,18.863262,0.47429192
32.64199443851768,296.25,19.012228,0.4889512
32.64199443851768,298.125,19.039454,0.50694346
32.64199443851768,300.0,18.978752,0.5038767
32.64199443851768,301.875,18.942131,0.48098612
32.64199443851768,303.75,18.819338,0.44761357
32.64199443851768,305.625,18.673399,0.4362394
32.64199443851768,307.5,18.622892,0.43198988
32.64199443851768,309.375,18.615646,0.43164515
32.64199443851768,311.25,18.597208,0.44908616
32.64199443851768,313.125,18.560392,0.47292843
32.64199443851768,315.0,18.557814,0.49980342
32.64199443851768,316.875,18.50629,0.5018611
32.64199443851768,318.75,18.44334,0.56030107
32.64199443851768,320.625,18.385607,0.6009073
32.64199443851768,322.5,18.305197,0.5659462
32.64199443851768,324.375,18.232521,0.5533237
32.64199443851768,326.25,18.238928,0.5931043
32.64199443851768,328.125,18.215157,0.5766032
32.64199443851768,330.0,18.01502,0.55047506
32.64199443851768,331.875,17.804903,0.53480184
32.64199443851768,333.75,17.64797,0.5445459
32.64199443851768,335.625,17.530254,0.58741224
32.64199443851768,337.5,17.38961,0.59296453
32.64199443851768,339.375,17.157248,0.59325117
32.64199443851768,341.25,16.916174,0.5911697
32.64199443851768,343.125,16.735216,0.62703896
32.64199443851768,345.0,16.790216,0.6737089
32.64199443851768,346.875,17.227404,0.6647113
32.64199443851768,348.75,17.257423,0.63549924
32.64199443851768,350.625,16.429768,0.6707862
32.64199443851768,352.5,12.203517,1.6434083
32.64199443851768,354.375,9.876544,1.6890537
32.64199443851768,356.25,8.511017,1.4029186
32.64199443851768,358.125,8.399493,1.4164116
34.50724334150103,0.0,9.005685,1.3155358
34.50724334150103,1.875,8.923517,1.3173779
34.50724334150103,3.75,9.555704,1.2784201
34.50724334150103,5.625,10.426153,1.3150939
34.50724334150103,7.5,11.765275,1.3961188
34.50724334150103,9.375,13.4548645,1.439415
34.50724334150103,11.25,14.90131,0.51243776
34.50724334150103,13.125,15.286016,0.44853008
34.50724334150103,15.0,15.363107,0.4641793
34.50724334150103,16.875,14.894552,0.40947026
34.50724334150103,18.75,14.807834,0.33733168
34.50724334150103,20.625,14.949024,0.3418773
34.50724334150103,22.5,15.242365,0.32965347
34.50724334150103,24.375,15.286818,0.26686653
34.50724334150103,26.25,15.509025,0.21878056
34.50724334150103,28.125,15.902911,0.2623809
34.50724334150103,30.0,16.349552,0.289411
34.50724334150103,31.875,17.030548,0.30329219
34.50724334150103,33.75,17.725666,0.32563236
34.50724334150103,35.625,18.294104,0.35316244
34.50724334150103,37.5,9.929357,1.629817
34.50724334150103,39.375,10.039806,1.5519649
34.50724334150103,41.25,12.086231,1.5904422
34.50724334150103,43.125,12.218087,1.5634111
34.50724334150103,45.0,9.311915,1.6806307
34.50724334150103,46.875,4.4773846,1.599804
34.50724334150103,48.75,1.4011539,1.7512145
34.50724334150103,50.625,2.8504312,1.8209181
34.50724334150103,52.5,6.398595,1.846464
34.50724334150103,54.375,9.277794,1.7535381
34.50724334150103,56.25,8.5367985,1.7278316
34.50724334150103,58.125,6.2452354,1.8378361
34.50724334150103,60.0,6.0386925,1.888651
34.50724334150103,61.875,5.6135364,1.9937779
34.50724334150103,63.75,2.890275,2.0031838
34.50724334150103,65.625,-1.7351937,2.1719666
34.50724334150103,67.5,-1.5781235,2.0669897
34.50724334150103,69.375,0.60970855,2.006624
34.50724334150103,71.25,3.957853,2.0520005
34.50724334150103,73.125,0.85906404,2.2723212
34.50724334150103,75.0,-9.975663,2.013841
34.50724334150103,76.875,-18.508493,1.3950969
34.50724334150103,78.75,-22.25404,1.3075842
34.50724334150103,80.625,-18.6666,1.3579092
34.50724334150103,82.5,-14.276562,1.2578225
34.50724334150103,84.375,-13.391972,1.1789312
34.50724334150103,86.25,-15.035584,1.2825814
34.50724334150103,88.125,-16.605663,1.3346143
34.50724334150103,90.0,-14.998691,1.3743715
34.50724334150103,91.875,-13.148632,1.2560221
34.50724334150103,93.75,-10.454843,1.2207727
34.50724334150103,95.625,-8.2726555,1.1904829
34.50724334150103,97.5,-8.832206,1.246355
34.50724334150103,99.375,-10.777714,1.5048817
34.50724334150103,101.25,-10.1206045,1.7256553
34.50724334150103,103.125,-6.343163,1.5803802
34.50724334150103,105.0,-2.1497445,1.4884436
34.50724334150103,106.875,-0.3528891,1.8325051
34.50724334150103,108.75,0.3802945,1.9574217
34.50724334150103,110.625,0.8785953,1.9270844
34.50724334150103,112.5,1.7761344,1.8967801
34.50724334150103,114.375,2.6335952,1.9085153
34.50724334150103,116.25,2.5876968,2.0488465
34.50724334150103,118.125,2.0640054,1.9579146
34.50724334150103,120.0,5.2259974,0.98047805
34.50724334150103,121.875,7.3166027,0.81975895
34.50724334150103,123.75,9.170079,0.7383003
34.50724334150103,125.625,4.0906463,1.6650368
34.50724334150103,127.5,3.886974,1.8272698
34.50724334150103,129.375,15.090177,0.8451425
34.50724334150103,131.25,6.4016614,1.503742
34.50724334150103,133.125,5.974298,1.3811595
34.50724334150103,135.0,5.2573643,1.3281837
34.50724334150103,136.875,5.634142,1.2642442
34.50724334150103,138.75,17.236036,0.7573708
34.50724334150103,140.625,17.441505,0.73776996
34.50724334150103,142.5,17.928165,0.6743928
34.50724334150103,144.375,17.929045,0.589973
34.50724334150103,146.25,17.75508,0.5430446
34.50724334150103,148.125,17.379532,0.5038824
34.50724334150103,150.0,17.101603,0.53293043
34.50724334150103,151.875,17.106075,0.57244265
34.50724334150103,153.75,17.220118,0.5647583
34.50724334150103,155.625,17.20877,0.5761698
34.50724334150103,157.5,17.08631,0.64642483
34.50724334150103,159.375,16.874336,0.7222159
34.50724334150103,161.25,16.607677,0.7578366
34.50724334150103,163.125,16.351818,0.7302765
34.50724334150103,165.0,16.132189,0.6581947
34.50724334150103,166.875,15.922052,0.58883965
34.50724334150103,168.75,15.743712,0.535873
34.50724334150103,170.625,15.584142,0.5106152
34.50724334150103,172.5,15.441427,0.527934
34.50724334150103,174.375,15.292931,0.5712899
34.50724334150103,176.25,15.102756,0.6053451
34.50724334150103,178.125,14.8534775,0.602427
34.50724334150103,180.0,14.686524,0.58789825
34.50724334150103,181.875,14.592032,0.58461195
34.50724334150103,183.75,14.54758,0.6046039
34.50724334150103,185.625,14.46463,0.6435999
34.50724334150103,187.5,14.246154,0.6859469
34.50724334150103,189.375,14.085978,0.738311
34.50724334150103,191.25,13.996857,0.805881
34.50724334150103,193.125,13.961329,0.88658875
34.50724334150103,195.0,13.842032,0.9262375
34.50724334150103,196.875,13.809181,0.929363
34.50724334150103,198.75,13.858243,0.93100226
34.50724334150103,200.625,13.929064,0.93627477
34.50724334150103,202.5,13.958752,0.93431985
34.50724334150103,204.375,14.0970125,0.9526308
34.50724334150103,206.25,14.274571,0.97377
34.50724334150103,208.125,14.32383,0.9912259
34.50724334150103,210.0,14.347462,0.9817245
34.50724334150103,211.875,14.499317,0.9477879
34.50724334150103,213.75,14.65631,0.9022826
34.50724334150103,215.625,14.715899,0.8438768
34.50724334150103,217.5,14.776173,0.7900877
34.50724334150103,219.375,14.804181,0.7322459
34.50724334150103,221.25,14.950255,0.6988967
34.50724334150103,223.125,15.070353,0.7053379
34.50724334150103,225.0,14.965626,0.69589597
34.50724334150103,226.875,14.877813,0.6283631
34.50724334150103,228.75,14.827071,0.64627844
34.50724334150103,230.625,14.271837,0.7894929
34.50724334150103,232.5,13.448068,0.8641885
34.50724334150103,234.375,12.976837,0.80960125
34.50724334150103,236.25,13.280997,0.81727153
34.50724334150103,238.125,14.150919,0.906921
34.50724334150103,240.0,11.334708,1.5264179
34.50724334150103,241.875,10.068028,1.6641912
34.50724334150103,243.75,9.6784,1.5744509
34.50724334150103,245.625,9.499279,1.5486418
34.50724334150103,247.5,7.937013,1.5730407
34.50724334150103,249.375,4.485197,1.4969629
34.50724334150103,251.25,2.2197866,1.4932543
34.50724334150103,253.125,2.6239274,1.5482804
34.50724334150103,255.0,4.599904,1.792684
34.50724334150103,256.875,6.84756,2.137138
34.50724334150103,258.75,8.529669,2.4807663
34.50724334150103,260.625,9.701974,2.7882466
34.50724334150103,262.5,10.136544,3.0055795
34.50724334150103,264.375,9.253674,3.0038188
34.50724334150103,266.25,8.364493,2.9103053
34.50724334150103,268.125,8.010841,2.9060075
34.50724334150103,270.0,7.849103,3.035451
34.50724334150103,271.875,7.263302,3.1600366
34.50724334150103,273.75,6.323009,3.0952907
34.50724334150103,275.625,5.874474,3.0549445
34.50724334150103,277.5,6.2220716,3.0904806
34.50724334150103,279.375,7.3080873,3.1556776
34.50724334150103,281.25,9.229005,3.1248238
34.50724334150103,283.125,19.920998,0.93668735
34.50724334150103,285.0,21.65666,0.6679389
34.50724334150103,286.875,21.287851,0.5063147
34.50724334150103,288.75,20.55039,0.5170803
34.50724334150103,290.625,20.3284,0.53288215
34.50724334150103,292.5,19.909103,0.53687865
34.50724334150103,294.375,19.335743,0.5463644
34.50724334150103,296.25,19.139181,0.49161935
34.50724334150103,298.125,19.191095,0.48209536
34.50724334150103,300.0,19.16838,0.48887643
34.50724334150103,301.875,19.101486,0.49577817
34.50724334150103,303.75,19.034338,0.48472735
34.50724334150103,305.625,18.898985,0.49943474
34.50724334150103,307.5,18.735294,0.521601
34.50724334150103,309.375,18.558985,0.5371335
34.50724334150103,311.25,18.399084,0.5435808
34.50724334150103,313.125,18.206799,0.52346796
34.50724334150103,315.0,17.981232,0.55306494
34.50724334150103,316.875,17.817717,0.53033644
34.50724334150103,318.75,17.698908,0.52850115
34.50724334150103,320.625,17.616232,0.5534758
34.50724334150103,322.5,17.54217,0.5767068
34.50724334150103,324.375,17.466408,0.57159674
34.50724334150103,326.25,17.361778,0.5885682
34.50724334150103,328.125,17.259298,0.6380324
34.50724334150103,330.0,17.073458,0.6262133
34.50724334150103,331.875,16.871857,0.5861812
34.50724334150103,333.75,16.828966,0.5700902
34.50724334150103,335.625,16.73381,0.5521188
34.50724334150103,337.5,16.486212,0.5816755
34.50724334150103,339.375,16.29508,0.6320418
34.50724334150103,341.25,16.214142,0.60172987
34.50724334150103,343.125,16.047892,0.5764014
34.50724334150103,345.0,15.639962,0.61312014
34.50724334150103,346.875,15.518028,0.6923611
34.50724334150103,348.75,16.401154,0.7977131
34.50724334150103,350.625,16.67881,0.6162289
34.50724334150103,352.5,16.349903,0.53454477
34.50724334150103,354.375,12.993282,1.54671
34.50724334150103,356.25,11.024435,1.4071769
34.50724334150103,358.125,9.7309,1.2903029
36.37249059281224,0.0,14.558849,0.36594665
36.37249059281224,1.875,14.772404,0.4078123
36.37249059281224,3.75,15.148009,0.42120534
36.37249059281224,5.625,10.17088,1.3014474
36.37249059281224,7.5,11.2201185,1.3139272
36.37249059281224,9.375,12.976759,1.3073553
36.37249059281224,11.25,14.890782,0.36114603
36.37249059281224,13.125,14.630802,0.30647004
36.37249059281224,15.0,14.665528,0.36452842
36.37249059281224,16.875,14.565274,0.39361143
36.37249059281224,18.75,14.474142,0.33370093
36.37249059281224,20.625,14.743791,0.34811127
36.37249059281224,22.5,15.068127,0.26860723
36.37249059281224,24.375,15.291173,0.21362711
36.37249059281224,26.25,15.813809,0.26226223
36.37249059281224,28.125,16.311466,0.3033371
36.37249059281224,30.0,8.400723,1.5879842
36.37249059281224,31.875,7.981095,1.6458796
36.37249059281224,33.75,8.733302,1.5941453
36.37249059281224,35.625,8.547482,1.7203995
36.37249059281224,37.5,7.399005,1.6977905
36.37249059281224,39.375,7.638849,1.733836
36.37249059281224,41.25,8.530919,1.7839881
36.37249059281224,43.125,7.261232,1.7646399
36.37249059281224,45.0,3.8095133,1.6202272
36.37249059281224,46.875,0.8768375,1.8236691
36.37249059281224,48.75,1.8047671,1.9580635
36.37249059281224,50.625,4.994005,2.1388717
36.37249059281224,52.5,8.8721695,2.1570885
36.37249059281224,54.375,8.568243,2.0304854
36.37249059281224,56.25,5.78672,1.9194834
36.37249059281224,58.125,4.7191224,1.9150023
36.37249059281224,60.0,6.082267,2.0213983
36.37249059281224,61.875,6.677638,2.146958
36.37249059281224,63.75,5.446876,2.0919292
36.37249059281224,65.625,3.1203725,2.0093837
36.37249059281224,67.5,0.97621244,1.9629519
36.37249059281224,69.375,-2.122479,2.0846264
36.37249059281224,71.25,-8.157792,2.9446175
36.37249059281224,73.125,-15.656345,1.656921
36.37249059281224,75.0,-17.036598,1.4238018
36.37249059281224,76.875,-12.677557,1.8006313
36.37249059281224,78.75,-8.357616,1.6041284
36.37249059281224,80.625,-6.401249,1.7225622
36.37249059281224,82.5,-7.0780067,1.6640108
36.37249059281224,84.375,-12.279003,1.4918156
36.37249059281224,86.25,-18.04406,1.3207642
36.37249059281224,88.125,-20.062927,1.1825751
36.37249059281224,90.0,-17.329197,1.3115624
36.37249059281224,91.875,-13.832558,1.5304871
36.37249059281224,93.75,-11.05287,1.4121122
36.37249059281224,95.625,-10.12953,1.3793157
36.37249059281224,97.5,-11.1343155,1.4554234
36.37249059281224,99.375,-11.411093,1.6874224
36.37249059281224,101.25,-9.153651,1.7988069
36.37249059281224,103.125,-4.8927326,1.7133894
36.37249059281224,105.0,-1.9855844,1.7177104
36.37249059281224,106.875,-1.0207211,1.8619968
36.37249059281224,108.75,-1.149354,1.9962958
36.37249059281224,110.625,-0.9327524,1.9774001
36.37249059281224,112.5,0.2747476,1.9509438
36.37249059281224,114.375,1.3950015,2.0471506
36.37249059281224,116.25,1.6020328,2.353588
36.37249059281224,118.125,0.912482,2.4492202
36.37249059281224,120.0,1.0096109,2.138208
36.37249059281224,121.875,5.8746495,0.6720799
36.37249059281224,123.75,7.6099815,0.6890493
36.37249059281224,125.625,7.396759,0.7082025
36.37249059281224,127.5,1.3567398,1.9645334
36.37249059281224,129.375,14.609923,0.85294724
36.37249059281224,131.25,14.294904,0.7490909
36.37249059281224,133.125,13.9598055,0.5882276
36.37249059281224,135.0,13.943302,0.5203475
36.37249059281224,136.875,3.0923257,1.2287779
36.37249059281224,138.75,3.729396,1.1174713
36.37249059281224,140.625,16.322638,0.7531355
36.37249059281224,142.5,16.70678,0.7738968
36.37249059281224,144.375,17.029709,0.71059525
36.37249059281224,146.25,16.960295,0.654208
36.37249059281224,148.125,16.605333,0.62220293
36.37249059281224,150.0,16.265959,0.6263659
36.37249059281224,151.875,16.208145,0.66460145
36.37249059281224,153.75,16.368633,0.65372586
36.37249059281224,155.625,16.525255,0.6258407
36.37249059281224,157.5,16.558596,0.61126816
36.37249059281224,159.375,16.460333,0.6392437
36.37249059281224,161.25,16.244806,0.70899206
36.37249059281224,163.125,15.9586735,0.75263655
36.37249059281224,165.0,15.709259,0.7759326
36.37249059281224,166.875,15.479337,0.73920673
36.37249059281224,168.75,15.25713,0.6746577
36.37249059281224,170.625,15.055529,0.584195
36.37249059281224,172.5,14.8884,0.5400188
36.37249059281224,174.375,14.686759,0.53789926
36.37249059281224,176.25,14.4575405,0.56963694
36.37249059281224,178.125,14.274513,0.59797674
36.37249059281224,180.0,14.078927,0.5961552
36.37249059281224,181.875,13.89002,0.58470285
36.37249059281224,183.75,13.693849,0.60423905
36.37249059281224,185.625,13.468849,0.6654799
36.37249059281224,187.5,13.302091,0.7448809
36.37249059281224,189.375,13.102325,0.79864085
36.37249059281224,191.25,12.908966,0.8259555
36.37249059281224,193.125,12.742365,0.86507535
36.37249059281224,195.0,12.7307825,0.8987059
36.37249059281224,196.875,12.717111,0.92405814
36.37249059281224,198.75,12.684806,0.93380594
36.37249059281224,200.625,12.67006,0.95097405
36.37249059281224,202.5,12.807033,0.99006516
36.37249059281224,204.375,12.88756,1.0284823
36.37249059281224,206.25,12.783869,1.0366572
36.37249059281224,208.125,12.78711,1.0123681
36.37249059281224,210.0,12.895197,0.97141683
36.37249059281224,211.875,12.990724,0.91612434
36.37249059281224,213.75,13.132325,0.86694676
36.37249059281224,215.625,13.329123,0.8585409
36.37249059281224,217.5,13.435352,0.84982836
36.37249059281224,219.375,13.57965,0.8237549
36.37249059281224,221.25,13.795138,0.80560094
36.37249059281224,223.125,13.778459,0.8030089
36.37249059281224,225.0,13.760646,0.7964384
36.37249059281224,226.875,13.948185,0.69337296
36.37249059281224,228.75,13.837306,0.66882026
36.37249059281224,230.625,13.136231,0.7801435
36.37249059281224,232.5,12.257482,0.84944266
36.37249059281224,234.375,12.05381,0.809564
36.37249059281224,236.25,12.653576,0.8462966
36.37249059281224,238.125,12.825392,0.89305323
36.37249059281224,240.0,7.7010365,1.587738
36.37249059281224,241.875,4.6861343,1.618909
36.37249059281224,243.75,3.7446694,1.6160657
36.37249059281224,245.625,3.9857829,1.5306774
36.37249059281224,247.5,3.5419157,1.5752045
36.37249059281224,249.375,1.4467007,1.7194182
36.37249059281224,251.25,-0.878143,1.7865222
36.37249059281224,253.125,-0.5833969,1.7117871
36.37249059281224,255.0,1.4294742,1.7239743
36.37249059281224,256.875,4.0893373,1.9674615
36.37249059281224,258.75,6.380685,2.288612
36.37249059281224,260.625,7.2966614,2.671914
36.37249059281224,262.5,7.0227747,2.857857
36.37249059281224,264.375,6.152384,2.82324
36.37249059281224,266.25,5.7358413,2.8674567
36.37249059281224,268.125,5.4702744,2.9323578
36.37249059281224,270.0,5.3907237,2.9799368
36.37249059281224,271.875,5.034494,3.1188374
36.37249059281224,273.75,4.650529,3.1381855
36.37249059281224,275.625,4.0635366,3.1541088
36.37249059281224,277.5,3.4451773,3.1846197
36.37249059281224,279.375,3.3450797,3.2714694
36.37249059281224,281.25,4.5608025,3.311021
36.37249059281224,283.125,7.2612514,3.2849536
36.37249059281224,285.0,19.288244,1.1101042
36.37249059281224,286.875,21.345234,0.61670965
36.37249059281224,288.75,20.88373,0.59494144
36.37249059281224,290.625,20.34795,0.6862033
36.37249059281224,292.5,19.808048,0.8234655
36.37249059281224,294.375,19.514278,0.75705385
36.37249059281224,296.25,19.30504,0.59642506
36.37249059281224,298.125,19.12047,0.49499047
36.37249059281224,300.0,18.958576,0.47026637
36.37249059281224,301.875,18.90551,0.45520356
36.37249059281224,303.75,18.869415,0.4541248
36.37249059281224,305.625,18.841486,0.46184328
36.37249059281224,307.5,18.837072,0.4709861
36.37249059281224,309.375,18.774122,0.46798864
36.37249059281224,311.25,18.611446,0.5186947
36.37249059281224,313.125,18.395353,0.62012064
36.37249059281224,315.0,18.059162,0.7476993
36.37249059281224,316.875,17.664747,0.8555724
36.37249059281224,318.75,17.24383,0.91870695
36.37249059281224,320.625,16.907892,0.92066735
36.37249059281224,322.5,16.697502,0.9022895
36.37249059281224,324.375,16.504143,0.9012816
36.37249059281224,326.25,16.391582,0.80745476
36.37249059281224,328.125,16.312052,0.6996324
36.37249059281224,330.0,16.182266,0.68621737
36.37249059281224,331.875,16.107286,0.5960207
36.37249059281224,333.75,16.09291,0.6126643
36.37249059281224,335.625,15.963985,0.5585674
36.37249059281224,337.5,15.5695715,0.59476984
36.37249059281224,339.375,15.356505,0.5998726
36.37249059281224,341.25,15.366349,0.5826126
36.37249059281224,343.125,15.390197,0.5786368
36.37249059281224,345.0,15.072794,0.61966056
36.37249059281224,346.875,14.579376,0.50715137
36.37249059281224,348.75,14.980333,0.610572
36.37249059281224,350.625,15.488204,0.67022616
36.37249059281224,352.5,15.953263,0.5783769
36.37249059281224,354.375,13.482091,1.2370856
36.37249059281224,356.25,15.66422,0.5070632
36.37249059281224,358.125,14.9788685,0.44029802
38.23773599056483,0.0,14.04045,0.35353664
38.23773599056483,1.875,14.489767,0.37373897
38.23773599056483,3.75,14.891192,0.37705544
38.23773599056483,5.625,14.750001,0.39039892
38.23773599056483,7.5,14.5002165,0.3751391
38.23773599056483,9.375,14.400392,0.3379818
38.23773599056483,11.25,14.164454,0.3504749
38.23773599056483,13.125,13.857072,0.3204992
38.23773599056483,15.0,13.815021,0.30481243
38.23773599056483,16.875,14.046525,0.3060793
38.23773599056483,18.75,14.071603,0.29320386
38.23773599056483,20.625,14.4072275,0.44072965
38.23773599056483,22.5,10.536447,1.3765672
38.23773599056483,24.375,14.254239,0.3632159
38.23773599056483,26.25,15.296115,0.38567272
38.23773599056483,28.125,7.868517,1.5172112
38.23773599056483,30.0,4.286896,1.6212703
38.23773599056483,31.875,2.0537515,1.7208943
38.23773599056483,33.75,1.4335366,1.8078457
38.23773599056483,35.625,1.807189,1.8030077
38.23773599056483,37.5,1.6776187,1.8211204
38.23773599056483,39.375,1.4898648,1.8606718
38.23773599056483,41.25,0.805939,1.9890847
38.23773599056483,43.125,-0.46240082,2.2144082
38.23773599056483,45.0,-0.33931488,1.9807904
38.23773599056483,46.875,1.6603141,2.0341237
38.23773599056483,48.75,5.357638,2.283716
38.23773599056483,50.625,8.699181,1.1161305
38.23773599056483,52.5,9.603087,1.16197
38.23773599056483,54.375,7.6596107,2.076157
38.23773599056483,56.25,5.7190247,2.0437
38.23773599056483,58.125,6.4941616,2.0540802
38.23773599056483,60.0,8.222834,2.115892
38.23773599056483,61.875,9.034415,2.1751785
38.23773599056483,63.75,8.039454,2.147693
38.23773599056483,65.625,6.676915,2.0154357
38.23773599056483,67.5,4.454904,1.9060324
38.23773599056483,69.375,-1.324393,2.0676527
38.23773599056483,71.25,-11.190956,1.9816389
38.23773599056483,73.125,-15.835584,1.5450788
38.23773599056483,75.0,-12.062909,1.7503687
38.23773599056483,76.875,-4.3077717,1.9031202
38.23773599056483,78.75,2.5725014,2.0169938
38.23773599056483,80.625,4.833068,1.9529263
38.23773599056483,82.5,4.1604705,1.8381892
38.23773599056483,84.375,1.268068,1.7075675
38.23773599056483,86.25,-2.9746664,1.6358972
38.23773599056483,88.125,-6.003475,1.622945
38.23773599056483,90.0,-6.919979,1.6975511
38.23773599056483,91.875,-6.964354,1.7223563
38.23773599056483,93.75,-8.428651,1.7725807
38.23773599056483,95.625,-11.687401,1.7753472
38.23773599056483,97.5,-12.24703,1.6371003
38.23773599056483,99.375,-9.589139,1.6992645
38.23773599056483,101.25,-5.510116,1.8524797
38.23773599056483,103.125,-2.384686,1.8866608
38.23773599056483,105.0,-1.6440414,1.8767506
38.23773599056483,106.875,-2.2842171,1.9227068
38.23773599056483,108.75,-3.55494,2.0291445
38.23773599056483,110.625,-3.4945884,2.0806458
38.23773599056483,112.5,-2.5607212,2.1506536
38.23773599056483,114.375,-1.101307,2.1056228
38.23773599056483,116.25,-0.16812347,2.3064601
38.23773599056483,118.125,-0.38956878,2.5225372
38.23773599056483,120.0,-1.0659946,2.6322825
38.23773599056483,121.875,-1.1573813,2.261529
38.23773599056483,123.75,5.1198454,0.8096731
38.23773599056483,125.625,-2.2365415,2.1672432
38.23773599056483,127.5,-1.2730259,2.1151161
38.23773599056483,129.375,12.9053335,0.9996589
38.23773599056483,131.25,12.827892,0.93901706
38.23773599056483,133.125,12.592091,0.7439617
38.23773599056483,135.0,12.463302,0.576331
38.23773599056483,136.875,12.114044,0.4749019
38.23773599056483,138.75,12.278634,0.4320682
38.23773599056483,140.625,3.588771,1.1583604
38.23773599056483,142.5,16.048107,0.83451414
38.23773599056483,144.375,15.983243,0.89501107
38.23773599056483,146.25,15.720939,0.9854282
38.23773599056483,148.125,15.265821,1.1665243
38.23773599056483,150.0,14.985529,1.2272301
38.23773599056483,151.875,15.009006,1.1687739
38.23773599056483,153.75,15.252658,0.9333605
38.23773599056483,155.625,15.496173,0.80926204
38.23773599056483,157.5,15.555119,0.8010757
38.23773599056483,159.375,15.458907,0.8084457
38.23773599056483,161.25,15.285606,0.82144636
38.23773599056483,163.125,15.132618,0.76948225
38.23773599056483,165.0,15.013224,0.7259011
38.23773599056483,166.875,14.85295,0.706749
38.23773599056483,168.75,14.618302,0.70972055
38.23773599056483,170.625,14.307443,0.6957678
38.23773599056483,172.5,13.95631,0.67805094
38.23773599056483,174.375,13.757013,0.64075506
38.23773599056483,176.25,13.623165,0.66862273
38.23773599056483,178.125,13.469006,0.77076167
38.23773599056483,180.0,13.271623,0.8397515
38.23773599056483,181.875,12.9220915,0.8624847
38.23773599056483,183.75,12.657697,0.857198
38.23773599056483,185.625,12.497442,0.8775051
38.23773599056483,187.5,12.331759,0.9149595
38.23773599056483,189.375,12.062911,0.9458721
38.23773599056483,191.25,11.75758,0.9280367
38.23773599056483,193.125,11.678458,0.9009522
38.23773599056483,195.0,11.678048,0.8996469
38.23773599056483,196.875,11.584005,0.91262555
38.23773599056483,198.75,11.442033,0.91553676
38.23773599056483,200.625,11.473732,0.93611497
38.23773599056483,202.5,11.540196,0.9755684
38.23773599056483,204.375,11.4689665,0.98251337
38.23773599056483,206.25,11.474239,0.9698772
38.23773599056483,208.125,11.588868,0.9436495
38.23773599056483,210.0,11.7509775,0.9073384
38.23773599056483,211.875,11.918478,0.868008
38.23773599056483,213.75,12.01674,0.82810676
38.23773599056483,215.625,11.973829,0.80607325
38.23773599056483,217.5,12.088654,0.81805927
38.23773599056483,219.375,12.336974,0.8215774
38.23773599056483,221.25,12.385197,0.8186965
38.23773599056483,223.125,12.418146,0.81980294
38.23773599056483,225.0,12.565685,0.8114629
38.23773599056483,226.875,12.7563095,0.7461668
38.23773599056483,228.75,12.751798,0.7314101
38.23773599056483,230.625,11.841818,0.81705517
38.23773599056483,232.5,11.06377,0.8458106
38.23773599056483,234.375,11.411661,0.808093
38.23773599056483,236.25,11.655118,0.8313525
38.23773599056483,238.125,7.6318374,1.444197
38.23773599056483,240.0,3.6644547,1.6437228
38.23773599056483,241.875,0.34603667,1.9320142
38.23773599056483,243.75,-0.45972502,1.932346
38.23773599056483,245.625,0.46218902,1.7705201
38.23773599056483,247.5,0.5783218,1.8307334
38.23773599056483,249.375,-0.7958969,1.9178342
38.23773599056483,251.25,-2.6929867,2.0165467
38.23773599056483,253.125,-2.3636703,1.7806225
38.23773599056483,255.0,-0.5208969,1.7125825
38.23773599056483,256.875,2.1484585,1.8953874
38.23773599056483,258.75,4.3548064,2.1316807
38.23773599056483,260.625,4.7186146,2.5618987
38.23773599056483,262.5,4.111623,2.8107955
38.23773599056483,264.375,3.6949234,2.856825
38.23773599056483,266.25,3.7181265,2.9535484
38.23773599056483,268.125,3.3362515,3.0935552
38.23773599056483,270.0,2.8601186,3.1554818
38.23773599056483,271.875,2.7742593,3.2451277
38.23773599056483,273.75,2.6858022,3.3134131
38.23773599056483,275.625,2.291818,3.3072283
38.23773599056483,277.5,1.2799039,3.3767965
38.23773599056483,279.375,0.5438492,3.4259434
38.23773599056483,281.25,1.115939,3.5063589
38.23773599056483,283.125,3.1451774,3.458317
38.23773599056483,285.0,14.403165,1.6821991
38.23773599056483,286.875,18.240665,1.2361693
38.23773599056483,288.75,18.847227,1.1021768
38.23773599056483,290.625,17.81381,1.5049287
38.23773599056483,292.5,17.014103,1.6691952
38.23773599056483,294.375,17.579592,1.2612647
38.23773599056483,296.25,17.912462,1.0248849
38.23773599056483,298.125,17.59049,0.9481222
38.23773599056483,300.0,17.440666,0.8018596
38.23773599056483,301.875,17.582989,0.71093476
38.23773599056483,303.75,17.62508,0.77078605
38.23773599056483,305.625,17.585451,0.94855297
38.23773599056483,307.5,17.573145,1.0649625
38.23773599056483,309.375,17.57672,1.1129487
38.23773599056483,311.25,17.401525,1.4212236
38.23773599056483,313.125,17.219278,1.5472959
38.23773599056483,315.0,17.460762,1.2151024
38.23773599056483,316.875,17.472872,1.0714669
38.23773599056483,318.75,16.840822,1.395971
38.23773599056483,320.625,16.197891,1.4824268
38.23773599056483,322.5,15.798654,1.4818511
38.23773599056483,324.375,15.381192,1.431173
38.23773599056483,326.25,15.184649,1.212645
38.23773599056483,328.125,15.254669,0.9686478
38.23773599056483,330.0,15.310568,0.9105573
38.23773599056483,331.875,15.262677,0.84204876
38.23773599056483,333.75,15.266349,0.7035366
38.23773599056483,335.625,15.267872,0.70282185
38.23773599056483,337.5,14.854142,0.6476746
38.23773599056483,339.375,14.527521,0.58727473
38.23773599056483,341.25,14.375196,0.55676955
38.23773599056483,343.125,14.344317,0.58285844
38.23773599056483,345.0,14.318653,0.61776376
38.23773599056483,346.875,14.063302,0.54477
38.23773599056483,348.75,14.078087,0.5405358
38.23773599056483,350.625,14.4167,0.7627218
38.23773599056483,352.5,10.847267,0.9730276
38.23773599056483,354.375,8.775235,0.99131894
38.23773599056483,356.25,8.129005,0.97844064
38.23773599056483,358.125,10.184181,1.0130486
40.1029793042494,0.0,8.452462,1.2738374
40.1029793042494,1.875,13.84338,0.39058968
40.1029793042494,3.75,14.147266,0.45638666
40.1029793042494,5.625,13.971701,0.45737168
40.1029793042494,7.5,13.767892,0.41064546
40.1029793042494,9.375,13.581837,0.36602998
40.1029793042494,11.25,13.476563,0.31932202
40.1029793042494,13.125,13.36506,0.26823092
40.1029793042494,15.0,13.423907,0.29460862
40.1029793042494,16.875,13.8950205,0.29195094
40.1029793042494,18.75,13.880528,0.33770716
40.1029793042494,20.625,7.0328918,1.518533
40.1029793042494,22.5,6.324044,1.669976
40.1029793042494,24.375,12.813576,0.4933589
40.1029793042494,26.25,12.681212,0.5610754
40.1029793042494,28.125,13.247481,0.49063575
40.1029793042494,30.0,5.0770717,1.7551708
40.1029793042494,31.875,2.2658608,1.8527792
40.1029793042494,33.75,1.3641226,1.9806517
40.1029793042494,35.625,1.9446499,2.0337048
40.1029793042494,37.5,2.0859,2.015226
40.1029793042494,39.375,0.6697867,2.080559
40.1029793042494,41.25,-1.9322056,2.2481396
40.1029793042494,43.125,-2.9729476,2.2511637
40.1029793042494,45.0,-1.0849204,2.1146145
40.1029793042494,46.875,2.2067204,2.3104172
40.1029793042494,48.75,6.2354307,2.3603606
40.1029793042494,50.625,8.312931,1.3583555
40.1029793042494,52.5,7.7300596,1.3793557
40.1029793042494,54.375,6.887423,2.0299141
40.1029793042494,56.25,6.027462,2.1273518
40.1029793042494,58.125,6.5567784,2.1913898
40.1029793042494,60.0,6.824337,2.1861577
40.1029793042494,61.875,5.522443,2.144722
40.1029793042494,63.75,4.4447474,1.9877123
40.1029793042494,65.625,4.455431,1.897058
40.1029793042494,67.5,4.191525,1.8448968
40.1029793042494,69.375,0.54252106,1.9491975
40.1029793042494,71.25,-6.6803308,2.0684595
40.1029793042494,73.125,-10.812167,1.8247961
40.1029793042494,75.0,-8.729178,1.9691198
40.1029793042494,76.875,-4.5893736,2.0494719
40.1029793042494,78.75,-0.6466977,2.0783744
40.1029793042494,80.625,0.83642733,1.9810662
40.1029793042494,82.5,2.1511734,1.7337123
40.1029793042494,84.375,3.130646,1.6733084
40.1029793042494,86.25,3.2041812,1.776974
40.1029793042494,88.125,2.3559,1.8715085
40.1029793042494,90.0,1.5433414,1.8484433
40.1029793042494,91.875,0.43132964,1.7886974
40.1029793042494,93.75,-2.2538266,1.7444372
40.1029793042494,95.625,-5.7404675,1.879045
40.1029793042494,97.5,-6.427655,1.8508921
40.1029793042494,99.375,-4.151893,1.865522
40.1029793042494,101.25,-1.8479282,1.9388719
40.1029793042494,103.125,-1.2795101,1.9527752
40.1029793042494,105.0,-2.5848227,1.9327149
40.1029793042494,106.875,-3.7575572,1.9718124
40.1029793042494,108.75,-4.7828307,2.1272926
40.1029793042494,110.625,-5.6494517,2.3305342
40.1029793042494,112.5,-6.0631433,2.4599547
40.1029793042494,114.375,-5.3444324,2.3400254
40.1029793042494,116.25,-3.9401157,2.2566087
40.1029793042494,118.125,-3.2177525,2.371931
40.1029793042494,120.0,-3.7007017,2.5730696
40.1029793042494,121.875,-4.9324007,2.66282
40.1029793042494,123.75,-6.1949205,2.5808475
40.1029793042494,125.625,-6.8606825,2.530703
40.1029793042494,127.5,-6.0699987,2.4047003
40.1029793042494,129.375,9.673204,1.1735651
40.1029793042494,131.25,9.491016,1.1960274
40.1029793042494,133.125,9.247189,1.027054
40.1029793042494,135.0,9.505255,0.8112693
40.1029793042494,136.875,10.290001,0.5865402
40.1029793042494,138.75,11.317306,0.43237197
40.1029793042494,140.625,2.0441422,1.2609828
40.1029793042494,142.5,14.60174,1.5084913
40.1029793042494,144.375,14.052111,1.9178343
40.1029793042494,146.25,13.100724,2.480699
40.1029793042494,148.125,12.438693,2.7875633
40.1029793042494,150.0,12.277872,2.8153656
40.1029793042494,151.875,12.427873,2.6008172
40.1029793042494,153.75,12.696446,2.2006621
40.1029793042494,155.625,13.022989,1.8076177
40.1029793042494,157.5,13.441662,1.567372
40.1029793042494,159.375,13.656564,1.4986033
40.1029793042494,161.25,13.568751,1.5099965
40.1029793042494,163.125,13.38922,1.4298809
40.1029793042494,165.0,13.343048,1.2757974
40.1029793042494,166.875,13.288087,1.1065646
40.1029793042494,168.75,12.942345,1.0679255
40.1029793042494,170.625,12.500001,1.1930665
40.1029793042494,172.5,12.173068,1.2834275
40.1029793042494,174.375,12.011427,1.3127453
40.1029793042494,176.25,12.0147085,1.2393999
40.1029793042494,178.125,11.914376,1.1658509
40.1029793042494,180.0,11.601446,1.1347201
40.1029793042494,181.875,11.417794,1.143924
40.1029793042494,183.75,11.327365,1.1250681
40.1029793042494,185.625,11.254317,1.0867049
40.1029793042494,187.5,11.0383415,1.0507679
40.1029793042494,189.375,10.781271,1.0339351
40.1029793042494,191.25,10.63547,0.99533033
40.1029793042494,193.125,10.556701,0.94761324
40.1029793042494,195.0,10.432873,0.92243963
40.1029793042494,196.875,10.330392,0.9053146
40.1029793042494,198.75,10.302247,0.87362623
40.1029793042494,200.625,10.283165,0.85265493
40.1029793042494,202.5,10.267834,0.84934413
40.1029793042494,204.375,10.347169,0.8684448
40.1029793042494,206.25,10.414201,0.8748617
40.1029793042494,208.125,10.521662,0.88726604
40.1029793042494,210.0,10.748868,0.92656493
40.1029793042494,211.875,10.859122,0.9155854
40.1029793042494,213.75,10.728517,0.8629294
40.1029793042494,215.625,10.739415,0.80758196
40.1029793042494,217.5,10.897228,0.7790799
40.1029793042494,219.375,11.004298,0.7787993
40.1029793042494,221.25,11.129845,0.7726527
40.1029793042494,223.125,11.177482,0.7767939
40.1029793042494,225.0,11.30879,0.8141509
40.1029793042494,226.875,11.651329,0.79840386
40.1029793042494,228.75,11.53631,0.7724373
40.1029793042494,230.625,10.8462515,0.8352217
40.1029793042494,232.5,10.432853,0.8390453
40.1029793042494,234.375,10.652521,0.81925327
40.1029793042494,236.25,7.001427,1.5034097
40.1029793042494,238.125,3.633947,1.7268295
40.1029793042494,240.0,0.13070466,2.01801
40.1029793042494,241.875,-1.4145688,2.112991
40.1029793042494,243.75,-0.8311508,1.8932873
40.1029793042494,245.625,-0.32626802,1.8964252
40.1029793042494,247.5,-0.9042953,2.0040562
40.1029793042494,249.375,-2.8082407,2.1872225
40.1029793042494,251.25,-4.532889,2.1939008
40.1029793042494,253.125,-3.61369,1.8561057
40.1029793042494,255.0,-1.7741586,1.8645914
40.1029793042494,256.875,0.594357,1.9191731
40.1029793042494,258.75,2.1834977,2.1536045
40.1029793042494,260.625,2.393146,2.586935
40.1029793042494,262.5,1.8148843,2.8453786
40.1029793042494,264.375,1.4563687,2.9334612
40.1029793042494,266.25,1.3463687,3.0501478
40.1029793042494,268.125,0.8963492,3.2010467
40.1029793042494,270.0,0.114532776,3.2843285
40.1029793042494,271.875,-0.1364438,3.382151
40.1029793042494,273.75,-0.00038909912,3.467658
40.1029793042494,275.625,0.0015835571,3.4883645
40.1029793042494,277.5,-0.78777194,3.5742667
40.1029793042494,279.375,-1.6114242,3.6381142
40.1029793042494,281.25,-1.6329477,3.6507452
40.1029793042494,283.125,-0.9868344,3.6258678
40.1029793042494,285.0,0.31443512,3.46758
40.1029793042494,286.875,8.379162,1.7367649
40.1029793042494,288.75,9.57383,1.4360467
40.1029793042494,290.625,8.875958,1.598712
40.1029793042494,292.5,9.38631,1.756118
40.1029793042494,294.375,12.384571,2.0411623
40.1029793042494,296.25,13.621954,2.4337986
40.1029793042494,298.125,13.463223,2.4478464
40.1029793042494,300.0,14.050177,2.3098357
40.1029793042494,301.875,14.822755,2.166802
40.1029793042494,303.75,15.175665,1.901777
40.1029793042494,305.625,14.655196,2.0531926
40.1029793042494,307.5,13.53713,2.5516238
40.1029793042494,309.375,12.420782,2.6628337
40.1029793042494,311.25,11.83465,2.6208863
40.1029793042494,313.125,12.339533,2.3965359
40.1029793042494,315.0,13.730548,2.1836529
40.1029793042494,316.875,14.44631,1.9954079
40.1029793042494,318.75,13.797794,2.3020358
40.1029793042494,320.625,13.246661,2.0790713
40.1029793042494,322.5,13.077013,1.9120952
40.1029793042494,324.375,12.835938,1.9047362
40.1029793042494,326.25,13.110313,1.6075722
40.1029793042494,328.125,13.842286,1.3222351
40.1029793042494,330.0,14.253517,1.0781472
40.1029793042494,331.875,14.189767,1.0522598
40.1029793042494,333.75,14.241232,0.8845767
40.1029793042494,335.625,14.5851965,0.73446596
40.1029793042494,337.5,14.520919,0.72607905
40.1029793042494,339.375,14.203907,0.7254962
40.1029793042494,341.25,13.802364,0.63797385
40.1029793042494,343.125,13.504533,0.5515981
40.1029793042494,345.0,13.510704,0.5727702
40.1029793042494,346.875,13.534669,0.57169473
40.1029793042494,348.75,13.46004,0.5047362
40.1029793042494,350.625,13.475372,0.6927357
40.1029793042494,352.5,8.007618,0.9078375
40.1029793042494,354.375,5.064142,0.9740863
40.1029793042494,356.25,3.8751187,1.0659451
40.1029793042494,358.125,5.41379,1.1548468
41.96822026907538,0.0,6.503673,1.2559394
41.96822026907538,1.875,7.7882237,1.2292252
41.96822026907538,3.75,12.607052,0.4376379
41.96822026907538,5.625,12.749611,0.36867806
41.96822026907538,7.5,12.883029,0.3493265
41.96822026907538,9.375,13.081896,0.29639274
41.96822026907538,11.25,13.173634,0.2833217
41.96822026907538,13.125,9.0924425,1.414271
41.96822026907538,15.0,8.078653,1.4647341
41.96822026907538,16.875,13.807579,0.37385345
41.96822026907538,18.75,5.263517,1.6557992
41.96822026907538,20.625,3.590314,1.8571098
41.96822026907538,22.5,2.9646108,2.0205293
41.96822026907538,24.375,4.2754703,2.141314
41.96822026907538,26.25,7.0608215,2.16611
41.96822026907538,28.125,12.675802,0.5236374
41.96822026907538,30.0,11.808399,0.6319553
41.96822026907538,31.875,11.120763,0.6259229
41.96822026907538,33.75,10.765919,0.60882056
41.96822026907538,35.625,10.989864,0.607546
41.96822026907538,37.5,11.228693,0.6041372
41.96822026907538,39.375,10.707755,0.57817036
41.96822026907538,41.25,9.9453335,0.5655386
41.96822026907538,43.125,0.114356995,2.0296078
41.96822026907538,45.0,0.6777554,2.218099
41.96822026907538,46.875,2.6326187,2.3853745
41.96822026907538,48.75,4.9407244,1.3429452
41.96822026907538,50.625,4.809865,1.4559369
41.96822026907538,52.5,3.9392397,1.5038236
41.96822026907538,54.375,4.0030484,2.1346557
41.96822026907538,56.25,3.8736343,2.3053222
41.96822026907538,58.125,4.673263,2.3618536
41.96822026907538,60.0,4.489689,2.3034132
41.96822026907538,61.875,2.640822,2.2438521
41.96822026907538,63.75,1.7630484,2.2468407
41.96822026907538,65.625,2.2988296,2.1151512
41.96822026907538,67.5,2.9264665,2.000973
41.96822026907538,69.375,1.6257827,1.9139069
41.96822026907538,71.25,-1.5453305,1.9852109
41.96822026907538,73.125,-4.382967,2.0307064
41.96822026907538,75.0,-5.9541783,1.9628808
41.96822026907538,76.875,-7.226112,2.0807068
41.96822026907538,78.75,-9.30828,2.2667437
41.96822026907538,80.625,-9.049061,2.1236005
41.96822026907538,82.5,-6.4952526,1.7838787
41.96822026907538,84.375,-4.0666585,1.8012775
41.96822026907538,86.25,-2.4747446,2.0095458
41.96822026907538,88.125,-1.7636703,2.1646662
41.96822026907538,90.0,-1.0715219,2.0763395
41.96822026907538,91.875,-0.4969516,1.9586583
41.96822026907538,93.75,-1.2961508,1.9386197
41.96822026907538,95.625,-2.258436,1.9499775
41.96822026907538,97.5,-2.511346,1.936045
41.96822026907538,99.375,-1.7304476,1.9167184
41.96822026907538,101.25,-1.7780259,1.952626
41.96822026907538,103.125,-3.2195296,1.9767505
41.96822026907538,105.0,-4.8817954,2.0683327
41.96822026907538,106.875,-5.5770497,2.1740375
41.96822026907538,108.75,-5.7181044,2.3626592
41.96822026907538,110.625,-6.946581,2.6122835
41.96822026907538,112.5,-9.1465225,2.806917
41.96822026907538,114.375,-10.248339,2.7244837
41.96822026907538,116.25,-9.218905,2.5392632
41.96822026907538,118.125,-7.7143154,2.4797406
41.96822026907538,120.0,-7.43994,2.5970001
41.96822026907538,121.875,-8.431737,2.8395627
41.96822026907538,123.75,-9.982831,2.8793156
41.96822026907538,125.625,-10.988417,2.6660538
41.96822026907538,127.5,-10.793866,2.5377495
41.96822026907538,129.375,-9.032694,2.4533718
41.96822026907538,131.25,6.476974,0.77132756
41.96822026907538,133.125,6.5161343,0.71526057
41.96822026907538,135.0,7.0344543,0.6647478
41.96822026907538,136.875,8.956368,0.6081164
41.96822026907538,138.75,10.542286,0.4530651
41.96822026907538,140.625,0.5960758,1.3219889
41.96822026907538,142.5,11.935587,2.083064
41.96822026907538,144.375,9.378732,2.8395476
41.96822026907538,146.25,7.4437513,3.25936
41.96822026907538,148.125,6.7509,3.265374
41.96822026907538,150.0,6.961935,3.2282083
41.96822026907538,151.875,7.5367002,3.0740755
41.96822026907538,153.75,8.032267,2.9029658
41.96822026907538,155.625,8.762111,2.663524
41.96822026907538,157.5,9.801641,2.3612568
41.96822026907538,159.375,10.55504,2.1779904
41.96822026907538,161.25,10.741388,2.1074946
41.96822026907538,163.125,10.57711,2.0404696
41.96822026907538,165.0,10.397579,1.9411979
41.96822026907538,166.875,10.3691025,1.8134326
41.96822026907538,168.75,10.317501,1.6693246
41.96822026907538,170.625,9.991955,1.6944172
41.96822026907538,172.5,9.611036,1.7369426
41.96822026907538,174.375,9.447462,1.7041065
41.96822026907538,176.25,9.480704,1.5138409
41.96822026907538,178.125,9.657736,1.3152804
41.96822026907538,180.0,9.777677,1.259498
41.96822026907538,181.875,9.731856,1.2876685
41.96822026907538,183.75,9.653947,1.276186
41.96822026907538,185.625,9.505782,1.1620982
41.96822026907538,187.5,9.474748,1.0671325
41.96822026907538,189.375,9.427091,1.0278405
41.96822026907538,191.25,9.30592,0.9939798
41.96822026907538,193.125,9.125392,0.923064
41.96822026907538,195.0,9.157794,0.87615407
41.96822026907538,196.875,9.238517,0.88136244
41.96822026907538,198.75,9.212892,0.86731833
41.96822026907538,200.625,9.140177,0.83062744
41.96822026907538,202.5,9.211466,0.79985267
41.96822026907538,204.375,9.268517,0.80998194
41.96822026907538,206.25,9.209455,0.8259388
41.96822026907538,208.125,9.318146,0.84807837
41.96822026907538,210.0,9.450021,0.8818487
41.96822026907538,211.875,9.374415,0.8763871
41.96822026907538,213.75,9.3959,0.830281
41.96822026907538,215.625,9.531583,0.7731178
41.96822026907538,217.5,9.718849,0.75029606
41.96822026907538,219.375,9.91963,0.74937296
41.96822026907538,221.25,9.961212,0.7560689
41.96822026907538,223.125,10.023028,0.7824491
41.96822026907538,225.0,10.249356,0.81607145
41.96822026907538,226.875,10.454825,0.84070647
41.96822026907538,228.75,10.552579,0.810613
41.96822026907538,230.625,10.102404,0.83898044
41.96822026907538,232.5,9.800568,0.8944181
41.96822026907538,234.375,9.545821,0.94524986
41.96822026907538,236.25,4.226369,1.7846714
41.96822026907538,238.125,0.3558609,2.1828043
41.96822026907538,240.0,-1.7967172,2.310235
41.96822026907538,241.875,-1.3069711,2.0126219
41.96822026907538,243.75,-0.5430063,1.9561907
41.96822026907538,245.625,-1.155018,2.0836844
41.96822026907538,247.5,-3.2848814,2.409719
41.96822026907538,249.375,-5.4683776,2.3306744
41.96822026907538,251.25,-5.5527916,2.2668276
41.96822026907538,253.125,-4.0432796,2.0223582
41.96822026907538,255.0,-2.180721,2.0276377
41.96822026907538,256.875,-0.44111174,2.0633354
41.96822026907538,258.75,0.31966949,2.3758566
41.96822026907538,260.625,0.046231996,2.7610118
41.96822026907538,262.5,-0.70671725,2.9617493
41.96822026907538,264.375,-1.2555844,3.1003578
41.96822026907538,266.25,-1.5118344,3.2699435
41.96822026907538,268.125,-1.8906235,3.3876526
41.96822026907538,270.0,-2.4353304,3.4704187
41.96822026907538,271.875,-2.724725,3.5125878
41.96822026907538,273.75,-2.7352915,3.6164813
41.96822026907538,275.625,-2.787811,3.685733
41.96822026907538,277.5,-3.090311,3.760789
41.96822026907538,279.375,-3.5738266,3.7804284
41.96822026907538,281.25,-3.945018,3.754319
41.96822026907538,283.125,-4.2680845,3.7736385
41.96822026907538,285.0,-4.293475,3.7445233
41.96822026907538,286.875,-3.5877523,3.5432022
41.96822026907538,288.75,-2.0646665,3.2057705
41.96822026907538,290.625,4.8745522,1.0078603
41.96822026907538,292.5,5.1515245,1.2379181
41.96822026907538,294.375,5.3275404,1.2890885
41.96822026907538,296.25,5.381818,1.5258328
41.96822026907538,298.125,5.797423,1.771224
41.96822026907538,300.0,6.4790053,1.8442074
41.96822026907538,301.875,8.34545,2.4079194
41.96822026907538,303.75,9.496486,2.7451966
41.96822026907538,305.625,8.297735,2.327167
41.96822026907538,307.5,6.3006067,1.5404984
41.96822026907538,309.375,5.7208605,1.2444522
41.96822026907538,311.25,5.8771105,1.5015808
41.96822026907538,313.125,7.512833,2.175907
41.96822026907538,315.0,9.653302,2.487438
41.96822026907538,316.875,10.314181,2.6337862
41.96822026907538,318.75,9.916095,2.1998887
41.96822026907538,320.625,9.979415,1.8852608
41.96822026907538,322.5,10.264532,1.785435
41.96822026907538,324.375,10.277814,1.6359458
41.96822026907538,326.25,10.6534195,1.454507
41.96822026907538,328.125,11.560158,1.4348589
41.96822026907538,330.0,12.632189,1.2542311
41.96822026907538,331.875,12.978419,1.1298302
41.96822026907538,333.75,13.027443,0.98074794
41.96822026907538,335.625,13.491583,0.9205722
41.96822026907538,337.5,13.84504,0.7698939
41.96822026907538,339.375,13.876232,0.76991147
41.96822026907538,341.25,13.470685,0.85130745
41.96822026907538,343.125,12.965333,0.6254294
41.96822026907538,345.0,12.8641615,0.55284715
41.96822026907538,346.875,12.888244,0.51994383
41.96822026907538,348.75,12.842696,0.4595898
41.96822026907538,350.625,12.770841,0.5108202
41.96822026907538,352.5,7.863087,0.86007637
41.96822026907538,354.375,5.8323646,0.9509354
41.96822026907538,356.25,4.988068,1.0507718
41.96822026907538,358.125,5.440079,1.1762353
43.83345857895126,0.0,7.5526967,1.1920624
43.83345857895126,1.875,6.282189,1.1696165
43.83345857895126,3.75,5.454806,1.136343
43.83345857895126,5.625,5.2844543,1.0887971
43.83345857895126,7.5,5.8131065,1.0975914
43.83345857895126,9.375,12.665001,0.3849449
43.83345857895126,11.25,6.8496885,1.5147352
43.83345857895126,13.125,6.5842786,1.7005373
43.83345857895126,15.0,5.826388,1.8598287
43.83345857895126,16.875,5.157599,1.9338754
43.83345857895126,18.75,4.2028337,2.0166829
43.83345857895126,20.625,3.0444741,2.0568018
43.83345857895126,22.5,2.0258024,2.2021759
43.83345857895126,24.375,2.430021,2.2845142
43.83345857895126,26.25,4.108654,2.3773475
43.83345857895126,28.125,6.48131,2.3525405
43.83345857895126,30.0,10.201407,0.7571138
43.83345857895126,31.875,10.006486,0.6909964
43.83345857895126,33.75,9.931114,0.59964585
43.83345857895126,35.625,10.285255,0.6047109
43.83345857895126,37.5,10.802169,0.60967875
43.83345857895126,39.375,10.904102,0.6086445
43.83345857895126,41.25,3.9782243,2.148509
43.83345857895126,43.125,2.3157828,2.227579
43.83345857895126,45.0,2.4749625,2.4249265
43.83345857895126,46.875,3.2829702,2.586608
43.83345857895126,48.75,3.4385757,1.6845444
43.83345857895126,50.625,2.6101186,1.8326757
43.83345857895126,52.5,2.1945133,2.4158869
43.83345857895126,54.375,1.8092008,2.5602655
43.83345857895126,56.25,1.6515055,2.5903482
43.83345857895126,58.125,1.7053921,2.5396428
43.83345857895126,60.0,0.5541031,2.4661815
43.83345857895126,61.875,1.8723258,2.4949286
43.83345857895126,63.75,2.0851383,2.4813588
43.83345857895126,65.625,2.307599,2.3658829
43.83345857895126,67.5,1.9472867,2.228207
43.83345857895126,69.375,1.1511148,2.1296458
43.83345857895126,71.25,0.47886872,2.0992217
43.83345857895126,73.125,0.018439027,2.077475
43.83345857895126,75.0,-0.8203891,2.034425
43.83345857895126,76.875,-2.6652524,2.042989
43.83345857895126,78.75,-5.195897,2.121546
43.83345857895126,80.625,-6.5161705,2.1306834
43.83345857895126,82.5,-6.1350965,2.0970576
43.83345857895126,84.375,-5.6288466,2.1819422
43.83345857895126,86.25,-5.5478697,2.267492
43.83345857895126,88.125,-5.496776,2.240592
43.83345857895126,90.0,-4.745799,2.0970564
43.83345857895126,91.875,-4.335428,2.0321245
43.83345857895126,93.75,-4.8326936,2.0150344
43.83345857895126,95.625,-5.9031043,2.0519123
43.83345857895126,97.5,-6.4097056,2.0758739
43.83345857895126,99.375,-6.263241,2.071984
43.83345857895126,101.25,-6.5126357,2.1158264
43.83345857895126,103.125,-7.464354,2.2943254
43.83345857895126,105.0,-8.222303,2.4344165
43.83345857895126,106.875,-8.124159,2.508194
43.83345857895126,108.75,-8.019022,2.6322978
43.83345857895126,110.625,-9.168729,2.8433504
43.83345857895126,112.5,-11.66453,2.822926
43.83345857895126,114.375,-13.580506,2.5693777
43.83345857895126,116.25,-13.491599,2.5505154
43.83345857895126,118.125,-12.158124,2.6613064
43.83345857895126,120.0,-11.114706,2.7022324
43.83345857895126,121.875,-10.917791,2.879633
43.83345857895126,123.75,-12.101757,3.0297253
43.83345857895126,125.625,-12.988769,2.802889
43.83345857895126,127.5,-13.111756,2.5320084
43.83345857895126,129.375,-12.60746,2.5637872
43.83345857895126,131.25,-11.535683,2.5903285
43.83345857895126,133.125,-10.027304,2.4609232
43.83345857895126,135.0,5.7774425,0.42638296
43.83345857895126,136.875,6.7917395,0.514325
43.83345857895126,138.75,8.695704,0.4416648
43.83345857895126,140.625,9.474415,0.42032623
43.83345857895126,142.5,-1.3607016,1.3572006
43.83345857895126,144.375,2.749904,1.9242923
43.83345857895126,146.25,2.5987906,1.694416
43.83345857895126,148.125,2.689474,1.5470039
43.83345857895126,150.0,3.214982,1.5826156
43.83345857895126,151.875,3.8839664,1.7151154
43.83345857895126,153.75,4.634064,1.9572489
43.83345857895126,155.625,5.585685,2.1698363
43.83345857895126,157.5,6.565099,2.2583323
43.83345857895126,159.375,7.089142,2.3565967
43.83345857895126,161.25,7.122267,2.4339526
43.83345857895126,163.125,7.102345,2.3252044
43.83345857895126,165.0,7.3694544,2.1490054
43.83345857895126,166.875,7.7022276,1.928423
43.83345857895126,168.75,7.7323647,1.6889298
43.83345857895126,170.625,7.416173,1.5702173
43.83345857895126,172.5,7.0108604,1.468642
43.83345857895126,174.375,6.9201965,1.3883634
43.83345857895126,176.25,7.351974,1.3263823
43.83345857895126,178.125,7.7767396,1.2316176
43.83345857895126,180.0,7.863595,1.293842
43.83345857895126,181.875,7.6331067,1.2737582
43.83345857895126,183.75,7.5422277,1.1813962
43.83345857895126,185.625,7.733126,1.0295511
43.83345857895126,187.5,7.881759,0.99985075
43.83345857895126,189.375,7.8759975,0.96060663
43.83345857895126,191.25,7.77754,0.9510014
43.83345857895126,193.125,7.849513,0.9122657
43.83345857895126,195.0,7.9993567,0.8779569
43.83345857895126,196.875,8.067794,0.8884043
43.83345857895126,198.75,8.089552,0.8977239
43.83345857895126,200.625,8.154025,0.8648328
43.83345857895126,202.5,8.127541,0.8272299
43.83345857895126,204.375,8.056212,0.8190669
43.83345857895126,206.25,8.096973,0.81746984
43.83345857895126,208.125,8.14422,0.7918119
43.83345857895126,210.0,8.192677,0.77089673
43.83345857895126,211.875,8.335255,0.772747
43.83345857895126,213.75,8.424943,0.75534576
43.83345857895126,215.625,8.575724,0.73562866
43.83345857895126,217.5,8.816603,0.73561174
43.83345857895126,219.375,8.820196,0.7341316
43.83345857895126,221.25,8.8302555,0.75696456
43.83345857895126,223.125,8.940352,0.7906763
43.83345857895126,225.0,9.138341,0.82262224
43.83345857895126,226.875,9.395352,0.8506462
43.83345857895126,228.75,9.443127,0.84599376
43.83345857895126,230.625,9.298204,0.8957721
43.83345857895126,232.5,8.999259,0.9868943
43.83345857895126,234.375,8.494473,1.053276
43.83345857895126,236.25,3.6033804,1.9442501
43.83345857895126,238.125,0.591857,2.1875627
43.83345857895126,240.0,-0.70025235,2.1969306
43.83345857895126,241.875,-0.71890473,2.086551
43.83345857895126,243.75,-1.4791195,2.1799686
43.83345857895126,245.625,-4.122069,2.4870305
43.83345857895126,247.5,-6.746327,2.2872663
43.83345857895126,249.375,-6.597655,2.4772274
43.83345857895126,251.25,-4.7642956,2.1865094
43.83345857895126,253.125,-2.8264828,2.200729
43.83345857895126,255.0,-1.4810141,2.2597408
43.83345857895126,256.875,-1.1501743,2.4572914
43.83345857895126,258.75,-1.4596665,2.771979
43.83345857895126,260.625,-2.1020494,3.0992136
43.83345857895126,262.5,-2.845936,3.2230313
43.83345857895126,264.375,-3.577772,3.2964232
43.83345857895126,266.25,-4.155897,3.4019027
43.83345857895126,268.125,-4.5496664,3.4872046
43.83345857895126,270.0,-4.7720103,3.5592685
43.83345857895126,271.875,-5.114354,3.5793872
43.83345857895126,273.75,-5.248143,3.651113
43.83345857895126,275.625,-5.544159,3.6382568
43.83345857895126,277.5,-6.8378115,2.9927273
43.83345857895126,279.375,-5.7547255,3.6644742
43.83345857895126,281.25,-5.9860535,3.6830206
43.83345857895126,283.125,-6.483788,3.6916132
43.83345857895126,285.0,-6.8723426,3.656882
43.83345857895126,286.875,-6.7908974,3.5567768
43.83345857895126,288.75,-5.8996277,3.2943406
43.83345857895126,290.625,-4.528963,2.9092054
43.83345857895126,292.5,4.0243177,1.4018488
43.83345857895126,294.375,3.6802163,1.0473313
43.83345857895126,296.25,2.403146,0.8347766
43.83345857895126,298.125,1.755275,0.7911678
43.83345857895126,300.0,1.3951774,0.81244665
43.83345857895126,301.875,2.1800601,1.0225327
43.83345857895126,303.75,3.5018766,1.3673465
43.83345857895126,305.625,3.1662126,1.0908635
43.83345857895126,307.5,2.6480093,0.8256734
43.83345857895126,309.375,3.2730875,0.8522294
43.83345857895126,311.25,3.3457437,1.2769098
43.83345857895126,313.125,4.52424,1.7476841
43.83345857895126,315.0,6.41754,2.1281946
43.83345857895126,316.875,7.13672,2.1228874
43.83345857895126,318.75,7.163302,1.7173376
43.83345857895126,320.625,7.6404505,1.7060562
43.83345857895126,322.5,8.097892,1.6695058
43.83345857895126,324.375,8.458478,1.3660203
43.83345857895126,326.25,9.233556,1.4138997
43.83345857895126,328.125,10.157697,1.3930713
43.83345857895126,330.0,11.31088,1.2776614
43.83345857895126,331.875,11.861681,1.0796468
43.83345857895126,333.75,11.861564,0.9825481
43.83345857895126,335.625,12.072482,1.0175666
43.83345857895126,337.5,12.593283,0.9918311
43.83345857895126,339.375,13.048068,0.8817002
43.83345857895126,341.25,13.084962,0.890332
43.83345857895126,343.125,12.719259,0.8448076
43.83345857895126,345.0,12.459064,0.7035261
43.83345857895126,346.875,12.328419,0.5160745
43.83345857895126,348.75,12.236466,0.41424483
43.83345857895126,350.625,12.216993,0.37147832
43.83345857895126,352.5,12.028986,0.35919678
43.83345857895126,354.375,11.915938,0.40483835
43.83345857895126,356.25,11.75004,0.37947145
43.83345857895126,358.125,11.48922,0.39096856
45.698693877701785,0.0,7.546466,1.2821907
45.698693877701785,1.875,5.7784386,1.2947298
45.698693877701785,3.75,3.9278922,1.2793212
45.698693877701785,5.625,2.5631266,1.259083
45.698693877701785,7.5,1.9085562,1.3135403
45.698693877701785,9.375,1.880314,1.4166249
45.698693877701785,11.25,2.2561343,1.5831645
45.698693877701785,13.125,2.7091618,1.782844
45.698693877701785,15.0,3.3029702,2.032475
45.698693877701785,16.875,4.0191226,2.1709437
45.698693877701785,18.75,4.41547,2.206481
45.698693877701785,20.625,3.9498062,2.1622977
45.698693877701785,22.5,2.469396,2.2562225
45.698693877701785,24.375,1.3530484,2.3742847
45.698693877701785,26.25,1.4753727,2.503424
45.698693877701785,28.125,2.8275406,2.5283518
45.698693877701785,30.0,3.9808805,2.5836911
45.698693877701785,31.875,7.705763,1.0726366
45.698693877701785,33.75,3.6870522,2.6529193
45.698693877701785,35.625,3.4209194,2.6824913
45.698693877701785,37.5,6.4104896,1.2574111
45.698693877701785,39.375,2.7357242,2.6677215
45.698693877701785,41.25,1.9382046,2.6837099
45.698693877701785,43.125,1.5612906,2.8028395
45.698693877701785,45.0,1.8313491,2.9640372
45.698693877701785,46.875,2.5653336,2.9726784
45.698693877701785,48.75,1.754982,2.363076
45.698693877701785,50.625,1.2086539,2.3736987
45.698693877701785,52.5,1.3594742,2.8319232
45.698693877701785,54.375,0.695939,2.926102
45.698693877701785,56.25,0.072814025,2.9170334
45.698693877701785,58.125,-0.5191,2.8352904
45.698693877701785,60.0,-1.6770102,2.793846
45.698693877701785,61.875,-0.11636566,2.763808
45.698693877701785,63.75,0.25757965,2.699567
45.698693877701785,65.625,-0.18978363,2.687995
45.698693877701785,67.5,-1.0164828,2.557717
45.698693877701785,69.375,-1.6280063,2.4363296
45.698693877701785,71.25,-1.2209946,2.412233
45.698693877701785,73.125,0.042189024,2.3818402
45.698693877701785,75.0,0.44312653,2.3720222
45.698693877701785,76.875,-0.30747893,2.337182
45.698693877701785,78.75,-1.1285727,2.33576
45.698693877701785,80.625,-1.7300961,2.3864055
45.698693877701785,82.5,-1.9734945,2.3945012
45.698693877701785,84.375,-2.8599203,2.3451414
45.698693877701785,86.25,-4.856522,2.3515832
45.698693877701785,88.125,-7.0970106,2.385269
45.698693877701785,90.0,-8.424979,2.5164845
45.698693877701785,91.875,-10.664979,2.586231
45.698693877701785,93.75,-13.219627,2.4610574
45.698693877701785,95.625,-15.187595,2.4143293
45.698693877701785,97.5,-15.370427,2.3202684
45.698693877701785,99.375,-13.766209,2.3088553
45.698693877701785,101.25,-12.43621,2.3392727
45.698693877701785,103.125,-11.6383,2.4951186
45.698693877701785,105.0,-11.675018,2.6551013
45.698693877701785,106.875,-12.119569,2.7175076
45.698693877701785,108.75,-12.445858,2.8157365
45.698693877701785,110.625,-12.976991,2.926086
45.698693877701785,112.5,-13.739959,2.9242096
45.698693877701785,114.375,-14.166033,2.7942944
45.698693877701785,116.25,-14.792576,2.6611242
45.698693877701785,118.125,-14.866677,2.6921518
45.698693877701785,120.0,-13.8259945,2.812389
45.698693877701785,121.875,-12.798261,2.898104
45.698693877701785,123.75,-12.961815,2.9839368
45.698693877701785,125.625,-14.140136,2.8190866
45.698693877701785,127.5,-14.323007,2.5081468
45.698693877701785,129.375,-14.2816,2.4871473
45.698693877701785,131.25,-14.306972,2.5269268
45.698693877701785,133.125,-14.385018,2.552755
45.698693877701785,135.0,-13.91453,2.5495272
45.698693877701785,136.875,-11.284491,2.2623172
45.698693877701785,138.75,6.8679504,0.38193434
45.698693877701785,140.625,7.903497,0.45449382
45.698693877701785,142.5,6.9935756,1.0837904
45.698693877701785,144.375,2.2052164,1.2953514
45.698693877701785,146.25,0.82203275,1.0748104
45.698693877701785,148.125,1.3018765,0.7798985
45.698693877701785,150.0,2.1307633,0.8241859
45.698693877701785,151.875,2.8200796,1.0854545
45.698693877701785,153.75,3.224142,1.3608841
45.698693877701785,155.625,3.204396,1.5586133
45.698693877701785,157.5,2.986525,1.6641647
45.698693877701785,159.375,3.0786538,1.6686213
45.698693877701785,161.25,3.3308804,1.6503965
45.698693877701785,163.125,3.755607,1.5768499
45.698693877701785,165.0,4.5598845,1.7420597
45.698693877701785,166.875,5.3520327,1.7077755
45.698693877701785,168.75,5.533556,1.4155395
45.698693877701785,170.625,5.280216,1.2020339
45.698693877701785,172.5,5.1426573,1.0996578
45.698693877701785,174.375,5.244142,1.0542202
45.698693877701785,176.25,5.5742006,1.0540222
45.698693877701785,178.125,5.8272862,1.0352564
45.698693877701785,180.0,5.854708,1.0615972
45.698693877701785,181.875,5.948341,1.0215602
45.698693877701785,183.75,6.1277943,0.94171315
45.698693877701785,185.625,6.312853,0.9223402
45.698693877701785,187.5,6.3304114,0.9488051
45.698693877701785,189.375,6.373302,0.9331108
45.698693877701785,191.25,6.501134,0.9139488
45.698693877701785,193.125,6.602638,0.88186574
45.698693877701785,195.0,6.664708,0.8602231
45.698693877701785,196.875,6.8446107,0.87189716
45.698693877701785,198.75,6.9917393,0.8790408
45.698693877701785,200.625,6.989728,0.84120905
45.698693877701785,202.5,7.020431,0.80835176
45.698693877701785,204.375,7.115509,0.78671736
45.698693877701785,206.25,7.1450596,0.76538694
45.698693877701785,208.125,7.247716,0.7356953
45.698693877701785,210.0,7.461759,0.71937454
45.698693877701785,211.875,7.5589075,0.72788894
45.698693877701785,213.75,7.6316223,0.72896236
45.698693877701785,215.625,7.724161,0.7283062
45.698693877701785,217.5,7.69631,0.74479765
45.698693877701785,219.375,7.716095,0.745465
45.698693877701785,221.25,7.756876,0.7601689
45.698693877701785,223.125,7.9728527,0.79182863
45.698693877701785,225.0,8.292716,0.80922234
45.698693877701785,226.875,8.454552,0.83905286
45.698693877701785,228.75,8.410235,0.8987251
45.698693877701785,230.625,8.088575,1.0221723
45.698693877701785,232.5,8.068185,1.0824196
45.698693877701785,234.375,7.864923,1.0592808
45.698693877701785,236.25,4.152345,2.0435088
45.698693877701785,238.125,2.2474234,2.2529826
45.698693877701785,240.0,0.9779312,2.2991576
45.698693877701785,241.875,-0.23732269,2.3268263
45.698693877701785,243.75,-2.4098618,2.4915152
45.698693877701785,245.625,-5.4481435,2.4681392
45.698693877701785,247.5,-7.0133777,2.4620988
45.698693877701785,249.375,-5.504706,2.3668363
45.698693877701785,251.25,-3.4585335,2.3663743
45.698693877701785,253.125,-1.9799008,2.4840462
45.698693877701785,255.0,-2.066854,2.6924405
45.698693877701785,256.875,-3.043768,3.0037198
45.698693877701785,258.75,-3.9830258,3.3177674
45.698693877701785,260.625,-4.4687486,3.4760308
45.698693877701785,262.5,-4.8720884,3.4434922
45.698693877701785,264.375,-5.640585,3.4485502
45.698693877701785,266.25,-6.5355263,3.4540193
45.698693877701785,268.125,-7.136132,3.5333629
45.698693877701785,270.0,-7.4622254,3.6098273
45.698693877701785,271.875,-7.7502527,3.5795174
45.698693877701785,273.75,-9.34576,2.9947422
45.698693877701785,275.625,-8.570584,3.4457445
45.698693877701785,277.5,-9.62748,2.9293792
45.698693877701785,279.375,-8.644687,3.3588417
45.698693877701785,281.25,-8.490683,3.3688004
45.698693877701785,283.125,-8.5771475,3.3484607
45.698693877701785,285.0,-8.826073,3.273535
45.698693877701785,286.875,-9.004237,3.1834536
45.698693877701785,288.75,-8.834276,3.0247471
45.698693877701785,290.625,-8.354648,2.9100158
45.698693877701785,292.5,-7.4734755,2.7823853
45.698693877701785,294.375,-6.272616,2.569523
45.698693877701785,296.25,-5.040252,2.3444674
45.698693877701785,298.125,-3.9500375,2.0569801
45.698693877701785,300.0,0.51228666,0.7599523
45.698693877701785,301.875,0.73896635,0.7729173
45.698693877701785,303.75,1.2542202,0.7421557
45.698693877701785,305.625,1.0489273,0.7244375
45.698693877701785,307.5,0.9575211,0.74565566
45.698693877701785,309.375,1.7133609,0.69314164
45.698693877701785,311.25,1.9035758,0.6327463
45.698693877701785,313.125,2.9350991,0.72138894
45.698693877701785,315.0,4.080861,0.879917
45.698693877701785,316.875,4.614494,0.9916818
45.698693877701785,318.75,5.201212,1.1216171
45.698693877701785,320.625,5.854591,1.3005952
45.698693877701785,322.5,6.3006654,1.1065787
45.698693877701785,324.375,6.871974,1.0481476
45.698693877701785,326.25,7.6469936,1.0665282
45.698693877701785,328.125,8.390197,1.0863811
45.698693877701785,330.0,9.2620325,1.1796316
45.698693877701785,331.875,10.055372,1.1464577
45.698693877701785,333.75,10.563146,1.0962646
45.698693877701785,335.625,11.1084385,1.1703159
45.698693877701785,337.5,11.914825,1.1259009
45.698693877701785,339.375,12.471447,1.0356816
45.698693877701785,341.25,12.604864,0.9123162
45.698693877701785,343.125,12.56004,0.868494
45.698693877701785,345.0,12.433497,0.8306619
45.698693877701785,346.875,12.233088,0.6540131
45.698693877701785,348.75,12.036271,0.47844642
45.698693877701785,350.625,11.892696,0.31805184
45.698693877701785,352.5,11.827091,0.31374592
45.698693877701785,354.375,11.760098,0.3405891
45.698693877701785,356.25,11.615314,0.36820006
45.698693877701785,358.125,11.304591,0.41756576
47.56392574797867,0.0,6.693927,1.351572
47.56392574797867,1.875,5.6373253,1.3723521
47.56392574797867,3.75,4.3261733,1.354749
47.56392574797867,5.625,2.8095329,1.3861738
47.56392574797867,7.5,1.2695718,1.4644057
47.56392574797867,9.375,0.29474762,1.5594181
47.56392574797867,11.25,-0.031268004,1.6706033
47.56392574797867,13.125,0.15759918,1.8397385
47.56392574797867,15.0,0.87502104,2.041241
47.56392574797867,16.875,1.9123844,2.230635
47.56392574797867,18.75,2.8531852,2.3121893
47.56392574797867,20.625,2.9263687,2.2993677
47.56392574797867,22.5,1.9186538,2.3541348
47.56392574797867,24.375,0.6154117,2.4841645
47.56392574797867,26.25,0.26806793,2.5873163
47.56392574797867,28.125,0.8719351,2.6670465
47.56392574797867,30.0,1.6105484,2.819259
47.56392574797867,31.875,1.7677749,2.870737
47.56392574797867,33.75,1.3763882,2.9599175
47.56392574797867,35.625,1.0058805,3.0382981
47.56392574797867,37.5,0.84439605,3.090686
47.56392574797867,39.375,0.66652495,3.112446
47.56392574797867,41.25,0.37693512,3.1468182
47.56392574797867,43.125,0.10855621,3.209997
47.56392574797867,45.0,0.120860904,3.2548351
47.56392574797867,46.875,0.22474761,3.1782854
47.56392574797867,48.75,0.02113434,3.0936644
47.56392574797867,50.625,-0.4070688,3.0565546
47.56392574797867,52.5,-0.83374846,3.107318
47.56392574797867,54.375,-1.2552328,3.1025207
47.56392574797867,56.25,-1.915604,3.1115022
47.56392574797867,58.125,-2.6384554,3.1655807
47.56392574797867,60.0,-3.082479,3.2276797
47.56392574797867,61.875,-3.0822837,3.2663577
47.56392574797867,63.75,-2.991268,3.2902226
47.56392574797867,65.625,-3.2439241,3.2357838
47.56392574797867,67.5,-4.0219517,3.154684
47.56392574797867,69.375,-4.6002717,3.026968
47.56392574797867,71.25,-4.677596,2.9699278
47.56392574797867,73.125,-4.6583967,2.9641395
47.56392574797867,75.0,-5.026952,3.018096
47.56392574797867,76.875,-5.7011123,3.1075506
47.56392574797867,78.75,-6.041464,3.0838249
47.56392574797867,80.625,-5.668944,2.9557407
47.56392574797867,82.5,-6.0124207,2.9021587
47.56392574797867,84.375,-8.4170885,2.915074
47.56392574797867,86.25,-11.570721,2.6626275
47.56392574797867,88.125,-13.990858,2.5442004
47.56392574797867,90.0,-14.935154,2.506039
47.56392574797867,91.875,-14.710369,2.5389967
47.56392574797867,93.75,-14.835271,2.567429
47.56392574797867,95.625,-15.941013,2.5039637
47.56392574797867,97.5,-16.872147,2.3123763
47.56392574797867,99.375,-16.338356,2.2042503
47.56392574797867,101.25,-14.854452,2.3335092
47.56392574797867,103.125,-14.034022,2.4385467
47.56392574797867,105.0,-14.379099,2.4361162
47.56392574797867,106.875,-15.30365,2.3410046
47.56392574797867,108.75,-16.425407,2.336624
47.56392574797867,110.625,-16.47371,2.6176994
47.56392574797867,112.5,-15.571716,2.8380463
47.56392574797867,114.375,-15.036618,2.9680402
47.56392574797867,116.25,-15.8861885,2.8580346
47.56392574797867,118.125,-17.037186,2.708181
47.56392574797867,120.0,-16.76947,2.6137412
47.56392574797867,121.875,-15.559705,2.5964363
47.56392574797867,123.75,-15.068162,2.608923
47.56392574797867,125.625,-15.580291,2.674572
47.56392574797867,127.5,-15.710075,2.5033457
47.56392574797867,129.375,-15.492987,2.4518366
47.56392574797867,131.25,-15.475369,2.488587
47.56392574797867,133.125,-15.339159,2.42291
47.56392574797867,135.0,-15.334647,2.3904345
47.56392574797867,136.875,-14.534296,2.2556589
47.56392574797867,138.75,-12.139081,2.0679622
47.56392574797867,140.625,2.0793374,2.019896
47.56392574797867,142.5,1.2536343,1.3061337
47.56392574797867,144.375,-1.0311704,1.5354347
47.56392574797867,146.25,-1.3342172,1.5114275
47.56392574797867,148.125,0.41371247,0.8974272
47.56392574797867,150.0,1.595607,0.65725476
47.56392574797867,151.875,1.8307437,0.78741413
47.56392574797867,153.75,1.6605679,0.97286975
47.56392574797867,155.625,1.185978,0.894543
47.56392574797867,157.5,1.1271499,0.7581238
47.56392574797867,159.375,1.4052359,0.6752025
47.56392574797867,161.25,1.6860757,0.6534985
47.56392574797867,163.125,2.039689,0.7966739
47.56392574797867,165.0,2.7684195,1.0848634
47.56392574797867,166.875,3.5424623,1.1843586
47.56392574797867,168.75,3.9522085,1.0329247
47.56392574797867,170.625,4.0683217,0.8496015
47.56392574797867,172.5,4.102873,0.7646836
47.56392574797867,174.375,4.1613493,0.7385559
47.56392574797867,176.25,4.2647085,0.73930776
47.56392574797867,178.125,4.4694743,0.77401036
47.56392574797867,180.0,4.7234,0.7975167
47.56392574797867,181.875,4.953947,0.7856503
47.56392574797867,183.75,5.092892,0.7776575
47.56392574797867,185.625,5.1723256,0.8239299
47.56392574797867,187.5,5.2692785,0.84831434
47.56392574797867,189.375,5.3578334,0.8146878
47.56392574797867,191.25,5.3797865,0.78179777
47.56392574797867,193.125,5.397443,0.75155866
47.56392574797867,195.0,5.511837,0.75863963
47.56392574797867,196.875,5.576212,0.7793907
47.56392574797867,198.75,5.6181264,0.7827145
47.56392574797867,200.625,5.8398647,0.7650199
47.56392574797867,202.5,6.0441027,0.7458216
47.56392574797867,204.375,6.0985365,0.7284849
47.56392574797867,206.25,6.225607,0.7375231
47.56392574797867,208.125,6.3883996,0.71980476
47.56392574797867,210.0,6.4737706,0.7243778
47.56392574797867,211.875,6.5938096,0.73192847
47.56392574797867,213.75,6.5928526,0.71166784
47.56392574797867,215.625,6.553224,0.7045429
47.56392574797867,217.5,6.673927,0.71000755
47.56392574797867,219.375,6.792931,0.734893
47.56392574797867,221.25,7.0251966,0.76184905
47.56392574797867,223.125,7.2731066,0.7869004
47.56392574797867,225.0,7.4917006,0.8241665
47.56392574797867,226.875,7.5549426,0.8842082
47.56392574797867,228.75,7.2466807,1.0348374
47.56392574797867,230.625,6.971466,1.1338824
47.56392574797867,232.5,6.8159776,1.1966516
47.56392574797867,234.375,6.2532043,1.0912969
47.56392574797867,236.25,2.1533413,2.4277256
47.56392574797867,238.125,0.6062906,2.5550852
47.56392574797867,240.0,-0.7125375,2.676369
47.56392574797867,241.875,-2.083397,2.7646341
47.56392574797867,243.75,-3.7555258,2.8089845
47.56392574797867,245.625,-5.2754674,2.8389814
47.56392574797867,247.5,-5.5078697,2.7641013
47.56392574797867,249.375,-4.5909166,2.7988806
47.56392574797867,251.25,-3.5447836,2.9481819
47.56392574797867,253.125,-3.6017563,3.1638272
47.56392574797867,255.0,-4.779354,3.3735306
47.56392574797867,256.875,-6.0349793,3.5344412
47.56392574797867,258.75,-6.6515026,3.6451123
47.56392574797867,260.625,-6.7491,3.7134342
47.56392574797867,262.5,-7.0879674,3.7493112
47.56392574797867,264.375,-7.9580455,3.7049963
47.56392574797867,266.25,-8.950819,3.6112745
47.56392574797867,268.125,-9.609823,3.5409462
47.56392574797867,270.0,-11.104745,3.083082
47.56392574797867,271.875,-11.327069,3.063851
47.56392574797867,273.75,-11.642538,3.0135174
47.56392574797867,275.625,-10.901307,3.17552
47.56392574797867,277.5,-11.098261,3.0681405
47.56392574797867,279.375,-11.239764,3.0638225
47.56392574797867,281.25,-11.337929,3.0600986
47.56392574797867,283.125,-11.210956,2.9910865
47.56392574797867,285.0,-10.98457,2.8320208
47.56392574797867,286.875,-10.914706,2.6837745
47.56392574797867,288.75,-11.069803,2.599807
47.56392574797867,290.625,-11.078026,2.591483
47.56392574797867,292.5,-10.422596,2.6154943
47.56392574797867,294.375,-9.043632,2.5288901
47.56392574797867,296.25,-2.8889632,1.6343725
47.56392574797867,298.125,-1.6930649,1.4344667
47.56392574797867,300.0,-1.003436,1.2108128
47.56392574797867,301.875,0.47843903,0.80260456
47.56392574797867,303.75,-3.996639,1.7838193
47.56392574797867,305.625,-3.3838851,1.7325193
47.56392574797867,307.5,0.19457184,0.68304324
47.56392574797867,309.375,0.5026382,0.6735687
47.56392574797867,311.25,1.5768374,0.65106547
47.56392574797867,313.125,2.9904118,0.7304746
47.56392574797867,315.0,3.8335757,0.5370194
47.56392574797867,316.875,4.0706654,0.52813053
47.56392574797867,318.75,4.515822,0.69251484
47.56392574797867,320.625,5.007814,0.7598556
47.56392574797867,322.5,5.4492006,0.7864911
47.56392574797867,324.375,6.214806,1.0144929
47.56392574797867,326.25,7.1907434,1.1625731
47.56392574797867,328.125,7.944376,1.1483507
47.56392574797867,330.0,8.471935,1.0709636
47.56392574797867,331.875,9.09715,1.1098827
47.56392574797867,333.75,9.72297,1.1048135
47.56392574797867,335.625,10.434493,1.1742132
47.56392574797867,337.5,11.349962,1.1292478
47.56392574797867,339.375,11.641369,0.991459
47.56392574797867,341.25,11.621329,0.8977955
47.56392574797867,343.125,11.996974,0.82721597
47.56392574797867,345.0,12.276427,0.7801387
47.56392574797867,346.875,12.206368,0.6956327
47.56392574797867,348.75,11.829611,0.46386403
47.56392574797867,350.625,11.576681,0.28473526
47.56392574797867,352.5,11.394025,0.30960053
47.56392574797867,354.375,11.237833,0.34897155
47.56392574797867,356.25,11.068185,0.36459342
47.56392574797867,358.125,7.641095,1.2559072
49.42915369712305,0.0,8.874044,0.5180694
49.42915369712305,1.875,6.2245326,1.3719614
49.42915369712305,3.75,5.696759,1.4483328
49.42915369712305,5.625,4.636095,1.5392711
49.42915369712305,7.5,3.2746305,1.6503296
49.42915369712305,9.375,1.9834195,1.7815274
49.42915369712305,11.25,1.1902164,1.8472246
49.42915369712305,13.125,0.8030289,1.9940976
49.42915369712305,15.0,0.712482,2.157709
49.42915369712305,16.875,0.7985562,2.3445356
49.42915369712305,18.75,0.85334134,2.4845624
49.42915369712305,20.625,0.7887906,2.5181046
49.42915369712305,22.5,0.40343902,2.5557172
49.42915369712305,24.375,0.05963043,2.6373277
49.42915369712305,26.25,0.093517154,2.7410803
49.42915369712305,28.125,0.42677888,2.8584702
49.42915369712305,30.0,0.5673648,3.0067244
49.42915369712305,31.875,0.21818513,3.1213877
49.42915369712305,33.75,-0.30843598,3.2365727
49.42915369712305,35.625,-0.65214694,3.2797284
49.42915369712305,37.5,-0.7086508,3.3186693
49.42915369712305,39.375,-0.8040805,3.3495102
49.42915369712305,41.25,-1.1590219,3.3889148
49.42915369712305,43.125,-1.6820688,3.3931668
49.42915369712305,45.0,-2.1130648,3.3668084
49.42915369712305,46.875,-2.4732406,3.3568952
49.42915369712305,48.75,-2.791053,3.3813953
49.42915369712305,50.625,-3.1033578,3.3580754
49.42915369712305,52.5,-3.419354,3.3268242
49.42915369712305,54.375,-3.7622445,3.3027678
49.42915369712305,56.25,-4.2589245,3.3486953
49.42915369712305,58.125,-4.8642173,3.443419
49.42915369712305,60.0,-5.309003,3.555819
49.42915369712305,61.875,-5.267284,3.6246817
49.42915369712305,63.75,-4.951112,3.6429136
49.42915369712305,65.625,-4.964764,3.574731
49.42915369712305,67.5,-5.4152527,3.4560542
49.42915369712305,69.375,-5.9351354,3.3572738
49.42915369712305,71.25,-6.674452,3.3354042
49.42915369712305,73.125,-7.482987,3.3826644
49.42915369712305,75.0,-8.385057,3.4449177
49.42915369712305,76.875,-9.048612,3.4847136
49.42915369712305,78.75,-8.975058,3.4126084
49.42915369712305,80.625,-9.300956,3.3816664
49.42915369712305,82.5,-10.498378,3.1380692
49.42915369712305,84.375,-12.239686,2.914131
49.42915369712305,86.25,-15.42613,2.814845
49.42915369712305,88.125,-17.977928,2.6217444
49.42915369712305,90.0,-16.622908,2.4647386
49.42915369712305,91.875,-14.464744,2.4542975
49.42915369712305,93.75,-13.657928,2.4803133
49.42915369712305,95.625,-14.57322,2.3738704
49.42915369712305,97.5,-16.379314,2.3908281
49.42915369712305,99.375,-18.19369,2.3263729
49.42915369712305,101.25,-16.794685,2.3177927
49.42915369712305,103.125,-14.950466,2.4244854
49.42915369712305,105.0,-14.662928,2.381135
49.42915369712305,106.875,-15.203826,2.4125264
49.42915369712305,108.75,-16.710838,2.5509627
49.42915369712305,110.625,-17.015642,2.572587
49.42915369712305,112.5,-16.029352,2.6401725
49.42915369712305,114.375,-16.298592,2.7619686
49.42915369712305,116.25,-17.276112,2.7083998
49.42915369712305,118.125,-18.555487,2.5910523
49.42915369712305,120.0,-19.35156,2.4922771
49.42915369712305,121.875,-17.564276,2.4018629
49.42915369712305,123.75,-16.620564,2.409174
49.42915369712305,125.625,-16.69867,2.5067797
49.42915369712305,127.5,-16.604647,2.4204788
49.42915369712305,129.375,-16.267967,2.3313189
49.42915369712305,131.25,-15.6571665,2.2601142
49.42915369712305,133.125,-15.59863,2.2472053
49.42915369712305,135.0,-16.220993,2.235449
49.42915369712305,136.875,-16.420818,2.2363346
49.42915369712305,138.75,-15.82033,2.2778895
49.42915369712305,140.625,-2.434569,1.945178
49.42915369712305,142.5,-12.1358385,2.3010788
49.42915369712305,144.375,-10.469804,2.3417313
49.42915369712305,146.25,-2.934061,2.2000544
49.42915369712305,148.125,-0.34824067,1.2167053
49.42915369712305,150.0,0.9007046,0.72942257
49.42915369712305,151.875,0.932482,0.73012835
49.42915369712305,153.75,0.74220854,0.74899864
49.42915369712305,155.625,0.48996246,0.7413228
49.42915369712305,157.5,0.7249234,0.7561507
49.42915369712305,159.375,1.1591226,0.6825818
49.42915369712305,161.25,1.6894937,0.59025365
49.42915369712305,163.125,1.9643375,0.53221923
49.42915369712305,165.0,2.216857,0.5671538
49.42915369712305,166.875,2.6252358,0.70067805
49.42915369712305,168.75,3.059103,0.716846
49.42915369712305,170.625,3.3798842,0.6249203
49.42915369712305,172.5,3.5505288,0.57671726
49.42915369712305,174.375,3.6485953,0.5841907
49.42915369712305,176.25,3.7544546,0.6087451
49.42915369712305,178.125,3.8953335,0.6289761
49.42915369712305,180.0,4.050802,0.643964
49.42915369712305,181.875,4.186427,0.6620505
49.42915369712305,183.75,4.3265834,0.6791563
49.42915369712305,185.625,4.447111,0.70271295
49.42915369712305,187.5,4.4768376,0.7004178
49.42915369712305,189.375,4.4091616,0.68111885
49.42915369712305,191.25,4.346681,0.68686306
49.42915369712305,193.125,4.3037124,0.68053997
49.42915369712305,195.0,4.2321696,0.66460633
49.42915369712305,196.875,4.243556,0.6492251
49.42915369712305,198.75,4.438322,0.6456893
49.42915369712305,200.625,4.6091423,0.6576647
49.42915369712305,202.5,4.7291617,0.6900208
49.42915369712305,204.375,4.9132047,0.7087266
49.42915369712305,206.25,5.0219154,0.7142883
49.42915369712305,208.125,5.181974,0.69960856
49.42915369712305,210.0,5.45631,0.68158346
49.42915369712305,211.875,5.585685,0.67253447
49.42915369712305,213.75,5.686251,0.66004556
49.42915369712305,215.625,5.80715,0.66344935
49.42915369712305,217.5,5.9764466,0.6922646
49.42915369712305,219.375,6.265099,0.734978
49.42915369712305,221.25,6.42922,0.7806327
49.42915369712305,223.125,6.509884,0.8082402
49.42915369712305,225.0,6.498224,0.83227444
49.42915369712305,226.875,6.4679112,0.94708353
49.42915369712305,228.75,6.3541613,1.0764258
49.42915369712305,230.625,5.9653335,1.1395715
49.42915369712305,232.5,5.204708,1.1742584
49.42915369712305,234.375,-0.2758188,2.74117
49.42915369712305,236.25,-2.8363266,2.962261
49.42915369712305,238.125,-4.921034,2.859597
49.42915369712305,240.0,-6.2068543,2.7962692
49.42915369712305,241.875,-6.926952,2.8131447
49.42915369712305,243.75,-7.205741,3.015005
49.42915369712305,245.625,-6.8712487,3.2251368
49.42915369712305,247.5,-6.499335,3.358997
49.42915369712305,249.375,-5.847186,3.4840245
49.42915369712305,251.25,-5.8804283,3.6026952
49.42915369712305,253.125,-6.8219714,3.695526
49.42915369712305,255.0,-8.014744,3.8028705
49.42915369712305,256.875,-8.857675,3.8464472
49.42915369712305,258.75,-9.02828,3.910976
49.42915369712305,260.625,-9.260116,3.9872527
49.42915369712305,262.5,-10.069257,3.9733407
49.42915369712305,264.375,-10.570702,3.7339652
49.42915369712305,266.25,-11.253475,3.532302
49.42915369712305,268.125,-11.595018,3.352494
49.42915369712305,270.0,-11.786327,3.2057936
49.42915369712305,271.875,-12.019764,3.1092846
49.42915369712305,273.75,-12.272167,3.0282602
49.42915369712305,275.625,-12.365584,2.9436083
49.42915369712305,277.5,-12.33953,2.8558156
49.42915369712305,279.375,-12.558163,2.8276799
49.42915369712305,281.25,-12.860409,2.8035822
49.42915369712305,283.125,-13.022401,2.7602754
49.42915369712305,285.0,-13.00787,2.6492374
49.42915369712305,286.875,-12.971073,2.5295758
49.42915369712305,288.75,-13.083182,2.4806318
49.42915369712305,290.625,-13.035292,2.469956
49.42915369712305,292.5,-12.381718,2.4328122
49.42915369712305,294.375,-10.845116,2.3387089
49.42915369712305,296.25,-3.1680257,1.5482146
49.42915369712305,298.125,-1.8775375,1.4005466
49.42915369712305,300.0,-1.3278695,1.3467609
49.42915369712305,301.875,-6.9059753,2.2625425
49.42915369712305,303.75,-6.351561,2.2487433
49.42915369712305,305.625,-1.0828305,0.9586203
49.42915369712305,307.5,-0.08304535,0.8257909
49.42915369712305,309.375,2.303654,0.85169923
49.42915369712305,311.25,3.9003336,0.7615558
49.42915369712305,313.125,4.2230678,0.6573402
49.42915369712305,315.0,4.2315836,0.5760735
49.42915369712305,316.875,4.2283025,0.5390215
49.42915369712305,318.75,4.4343767,0.56369066
49.42915369712305,320.625,4.9103923,0.6691129
49.42915369712305,322.5,5.4241614,0.8247845
49.42915369712305,324.375,5.978009,0.9268794
49.42915369712305,326.25,6.544728,0.93973064
49.42915369712305,328.125,7.219005,1.0239401
49.42915369712305,330.0,8.033146,1.0279496
49.42915369712305,331.875,8.78381,0.9658961
49.42915369712305,333.75,9.176563,0.8898449
49.42915369712305,335.625,9.563458,0.9125794
49.42915369712305,337.5,10.052384,1.0243869
49.42915369712305,339.375,10.214826,0.9881129
49.42915369712305,341.25,10.634494,0.88740987
49.42915369712305,343.125,11.504708,0.8979043
49.42915369712305,345.0,12.115099,0.7649233
49.42915369712305,346.875,12.045998,0.66851974
49.42915369712305,348.75,11.504826,0.44841486
49.42915369712305,350.625,10.77174,0.2985436
49.42915369712305,352.5,10.496603,0.33975887
49.42915369712305,354.375,9.934122,0.38227877
49.42915369712305,356.25,9.43215,0.38251022
49.42915369712305,358.125,9.212658,0.43327174
51.29437713895115,0.0,5.899454,1.3255835
51.29437713895115,1.875,8.19256,0.74924296
51.29437713895115,3.75,7.7735167,0.90821123
51.29437713895115,5.625,4.942892,1.7346762
51.29437713895115,7.5,3.8730483,1.9088889
51.29437713895115,9.375,3.0226579,2.024728
51.29437713895115,11.25,2.5054116,2.1144226
51.29437713895115,13.125,2.1760757,2.204313
51.29437713895115,15.0,1.8258219,2.325735
51.29437713895115,16.875,1.2605875,2.473099
51.29437713895115,18.75,0.67939603,2.6241267
51.29437713895115,20.625,0.1827359,2.7034786
51.29437713895115,22.5,-0.09587738,2.7849631
51.29437713895115,24.375,-0.11515472,2.8871543
51.29437713895115,26.25,-0.08749847,2.9888933
51.29437713895115,28.125,-0.10640472,3.0832837
51.29437713895115,30.0,-0.55253756,3.1847672
51.29437713895115,31.875,-1.3159555,3.3186936
51.29437713895115,33.75,-2.141014,3.4517496
51.29437713895115,35.625,-2.7059164,3.5371304
51.29437713895115,37.5,-3.0364633,3.5779305
51.29437713895115,39.375,-3.3559945,3.6290166
51.29437713895115,41.25,-3.7414827,3.6495147
51.29437713895115,43.125,-4.1403303,3.6349306
51.29437713895115,45.0,-4.3977914,3.6505263
51.29437713895115,46.875,-4.4324203,3.6033418
51.29437713895115,48.75,-4.4444904,3.5704799
51.29437713895115,50.625,-4.550975,3.537812
51.29437713895115,52.5,-4.9405065,3.4481184
51.29437713895115,54.375,-5.707616,3.409915
51.29437713895115,56.25,-6.7784166,3.4536438
51.29437713895115,58.125,-7.6051354,3.5061195
51.29437713895115,60.0,-7.886913,3.570907
51.29437713895115,61.875,-7.535116,3.6232605
51.29437713895115,63.75,-6.9783974,3.6091886
51.29437713895115,65.625,-6.78869,3.5890853
51.29437713895115,67.5,-7.097831,3.5619135
51.29437713895115,69.375,-7.571991,3.584257
51.29437713895115,71.25,-7.7802525,3.6345055
51.29437713895115,73.125,-7.668651,3.6363544
51.29437713895115,75.0,-7.4304676,3.6243854
51.29437713895115,76.875,-7.2467957,3.6058636
51.29437713895115,78.75,-7.2124596,3.592879
51.29437713895115,80.625,-7.47703,3.55622
51.29437713895115,82.5,-8.557812,3.3608563
51.29437713895115,84.375,-10.0866585,2.9229708
51.29437713895115,86.25,-12.036816,2.7474551
51.29437713895115,88.125,-14.005233,2.714042
51.29437713895115,90.0,-13.481775,2.627384
51.29437713895115,91.875,-12.566092,2.6625915
51.29437713895115,93.75,-12.967947,2.5709496
51.29437713895115,95.625,-14.255018,2.5681508
51.29437713895115,97.5,-16.23072,2.621578
51.29437713895115,99.375,-18.54156,2.7331204
51.29437713895115,101.25,-16.596775,2.563123
51.29437713895115,103.125,-14.267791,2.6173682
51.29437713895115,105.0,-13.957829,2.660405
51.29437713895115,106.875,-15.004315,2.7252488
51.29437713895115,108.75,-16.810017,2.8625567
51.29437713895115,110.625,-18.040916,2.8548775
51.29437713895115,112.5,-17.690857,2.7496958
51.29437713895115,114.375,-17.573845,2.707358
51.29437713895115,116.25,-18.29863,2.5930626
51.29437713895115,118.125,-19.087927,2.527448
51.29437713895115,120.0,-19.261442,2.43217
51.29437713895115,121.875,-18.469158,2.3739526
51.29437713895115,123.75,-17.626892,2.4115808
51.29437713895115,125.625,-17.50027,2.5130515
51.29437713895115,127.5,-17.940641,2.5129197
51.29437713895115,129.375,-18.096756,2.4438531
51.29437713895115,131.25,-17.882751,2.3404748
51.29437713895115,133.125,-17.848122,2.318176
51.29437713895115,135.0,-18.101286,2.3729875
51.29437713895115,136.875,-18.351952,2.4792879
51.29437713895115,138.75,-17.842049,2.6496396
51.29437713895115,140.625,-16.20246,2.7573247
51.29437713895115,142.5,-13.840096,2.6731377
51.29437713895115,144.375,-7.8403306,3.1426692
51.29437713895115,146.25,-4.528631,2.4491181
51.29437713895115,148.125,-1.6087289,1.590715
51.29437713895115,150.0,0.15271637,0.87213415
51.29437713895115,151.875,0.30037263,0.73439443
51.29437713895115,153.75,0.113126524,0.81399965
51.29437713895115,155.625,-0.07011566,0.8728933
51.29437713895115,157.5,0.29082185,0.8209801
51.29437713895115,159.375,0.6478726,0.7680134
51.29437713895115,161.25,1.4686539,0.6818046
51.29437713895115,163.125,2.1865444,0.5813931
51.29437713895115,165.0,2.4130485,0.5250824
51.29437713895115,166.875,2.4556851,0.5186098
51.29437713895115,168.75,2.692482,0.5630732
51.29437713895115,170.625,3.0058024,0.5502941
51.29437713895115,172.5,3.241974,0.5195807
51.29437713895115,174.375,3.3659,0.52362007
51.29437713895115,176.25,3.4066422,0.5407193
51.29437713895115,178.125,3.471857,0.55940926
51.29437713895115,180.0,3.5854897,0.57484716
51.29437713895115,181.875,3.7112515,0.59174377
51.29437713895115,183.75,3.7843375,0.611979
51.29437713895115,185.625,3.775236,0.63880754
51.29437713895115,187.5,3.7002554,0.67407405
51.29437713895115,189.375,3.5565054,0.7077223
51.29437713895115,191.25,3.3665445,0.7133276
51.29437713895115,193.125,3.2718375,0.6851502
51.29437713895115,195.0,3.3082242,0.64688766
51.29437713895115,196.875,3.2676382,0.63273895
51.29437713895115,198.75,3.1578531,0.65408343
51.29437713895115,200.625,3.2307436,0.6814113
51.29437713895115,202.5,3.524064,0.7331439
51.29437713895115,204.375,3.6291227,0.7317722
51.29437713895115,206.25,3.9753141,0.7223214
51.29437713895115,208.125,4.3248844,0.6924724
51.29437713895115,210.0,4.636193,0.66764367
51.29437713895115,211.875,4.9412127,0.673173
51.29437713895115,213.75,5.0871305,0.66374296
51.29437713895115,215.625,5.2284193,0.67569315
51.29437713895115,217.5,5.4262123,0.6999279
51.29437713895115,219.375,5.614474,0.7628576
51.29437713895115,221.25,5.7581263,0.7966324
51.29437713895115,223.125,5.692755,0.8035494
51.29437713895115,225.0,5.6508217,0.8561308
51.29437713895115,226.875,5.7344737,1.0047988
51.29437713895115,228.75,5.6598644,1.1097392
51.29437713895115,230.625,4.860353,1.1796839
51.29437713895115,232.5,-1.6048617,3.1302016
51.29437713895115,234.375,-4.7829475,3.3823273
51.29437713895115,236.25,-7.4180455,3.2048182
51.29437713895115,238.125,-8.889432,3.1977499
51.29437713895115,240.0,-9.754394,3.211154
51.29437713895115,241.875,-10.071756,3.1736732
51.29437713895115,243.75,-9.7311125,3.314685
51.29437713895115,245.625,-9.234003,3.605931
51.29437713895115,247.5,-8.999276,3.8890045
51.29437713895115,249.375,-8.568026,4.020487
51.29437713895115,251.25,-8.94121,4.131235
51.29437713895115,253.125,-9.854881,4.0752234
51.29437713895115,255.0,-10.773064,4.0584826
51.29437713895115,256.875,-11.053357,3.9870272
51.29437713895115,258.75,-11.088493,3.971537
51.29437713895115,260.625,-11.607186,3.9244087
51.29437713895115,262.5,-12.458474,3.7584248
51.29437713895115,264.375,-12.779862,3.483829
51.29437713895115,266.25,-13.064178,3.2789776
51.29437713895115,268.125,-13.143124,3.1128864
51.29437713895115,270.0,-13.333924,2.9849055
51.29437713895115,271.875,-13.80117,2.9173522
51.29437713895115,273.75,-14.130291,2.8431063
51.29437713895115,275.625,-14.021912,2.7702546
51.29437713895115,277.5,-13.701325,2.7029026
51.29437713895115,279.375,-13.535663,2.6928556
51.29437713895115,281.25,-13.8191,2.6852345
51.29437713895115,283.125,-14.289354,2.6526434
51.29437713895115,285.0,-14.702341,2.6102273
51.29437713895115,286.875,-14.908573,2.5339773
51.29437713895115,288.75,-15.014177,2.514264
51.29437713895115,290.625,-15.030076,2.5419571
51.29437713895115,292.5,-14.754081,2.5373733
51.29437713895115,294.375,-14.07248,2.4984903
51.29437713895115,296.25,-13.3020115,2.5071795
51.29437713895115,298.125,-12.734433,2.7059183
51.29437713895115,300.0,-12.146073,2.9369094
51.29437713895115,301.875,-11.060487,2.9653754
51.29437713895115,303.75,-1.943143,1.255694
51.29437713895115,305.625,-1.4113461,1.3159287
51.29437713895115,307.5,1.1867985,1.119405
51.29437713895115,309.375,3.2617984,0.9266498
51.29437713895115,311.25,4.26674,0.760634
51.29437713895115,313.125,4.5990834,0.6451664
51.29437713895115,315.0,4.5050406,0.6440192
51.29437713895115,316.875,4.5188885,0.64338505
51.29437713895115,318.75,4.861388,0.7171773
51.29437713895115,320.625,5.492833,0.92800295
51.29437713895115,322.5,6.251993,1.0799626
51.29437713895115,324.375,6.7241225,1.000087
51.29437713895115,326.25,6.9469347,0.8740084
51.29437713895115,328.125,7.052931,0.8257701
51.29437713895115,330.0,7.3422475,0.8512175
51.29437713895115,331.875,7.947462,0.9810859
51.29437713895115,333.75,8.450099,1.0071206
51.29437713895115,335.625,8.933438,1.0302774
51.29437713895115,337.5,9.497619,1.0806569
51.29437713895115,339.375,10.080196,0.99107647
51.29437713895115,341.25,10.347579,0.7933955
51.29437713895115,343.125,10.888849,0.87453187
51.29437713895115,345.0,11.892462,0.71775174
51.29437713895115,346.875,11.685997,0.5472913
51.29437713895115,348.75,10.999845,0.38571838
51.29437713895115,350.625,10.129317,0.37689808
51.29437713895115,352.5,9.533087,0.37076533
51.29437713895115,354.375,8.977618,0.39245608
51.29437713895115,356.25,6.106505,1.3414984
51.29437713895115,358.125,5.8624034,1.345918
53.15959537001968,0.0,4.906857,1.3321441
53.15959537001968,1.875,6.7374816,0.7973005
53.15959537001968,3.75,6.815255,0.945473
53.15959537001968,5.625,6.42756,1.150535
53.15959537001968,7.5,3.405353,1.982928
53.15959537001968,9.375,2.5886343,2.126854
53.15959537001968,11.25,2.3047671,2.201118
53.15959537001968,13.125,2.1837711,2.251199
53.15959537001968,15.0,2.119982,2.323212
53.15959537001968,16.875,1.822482,2.4536588
53.15959537001968,18.75,1.250607,2.5978596
53.15959537001968,20.625,0.7357437,2.777348
53.15959537001968,22.5,0.077892154,2.9523144
53.15959537001968,24.375,-0.5430844,3.0874538
53.15959537001968,26.25,-1.0710336,3.1903918
53.15959537001968,28.125,-1.6115805,3.262297
53.15959537001968,30.0,-2.1742172,3.3292441
53.15959537001968,31.875,-2.7870297,3.4293234
53.15959537001968,33.75,-3.3702915,3.540031
53.15959537001968,35.625,-3.8595102,3.6529481
53.15959537001968,37.5,-4.2576547,3.7412984
53.15959537001968,39.375,-4.650604,3.7347386
53.15959537001968,41.25,-5.112049,3.7362459
53.15959537001968,43.125,-5.6078115,3.7589965
53.15959537001968,45.0,-5.934198,3.7550032
53.15959537001968,46.875,-6.057108,3.7076914
53.15959537001968,48.75,-6.129159,3.674962
53.15959537001968,50.625,-6.2524204,3.6157088
53.15959537001968,52.5,-6.7662487,3.5434232
53.15959537001968,54.375,-7.7127333,3.4437711
53.15959537001968,56.25,-8.658104,3.3121638
53.15959537001968,58.125,-9.440897,3.2259116
53.15959537001968,60.0,-10.128514,3.289447
53.15959537001968,61.875,-9.83701,3.394913
53.15959537001968,63.75,-9.232011,3.4566822
53.15959537001968,65.625,-9.041444,3.4741778
53.15959537001968,67.5,-9.31123,3.4372728
53.15959537001968,69.375,-9.579706,3.4783108
53.15959537001968,71.25,-9.510546,3.5814197
53.15959537001968,73.125,-9.034647,3.7141175
53.15959537001968,75.0,-8.961209,3.8573642
53.15959537001968,76.875,-9.298339,3.945753
53.15959537001968,78.75,-9.976269,3.947902
53.15959537001968,80.625,-10.395761,3.9412613
53.15959537001968,82.5,-10.7067375,3.7198505
53.15959537001968,84.375,-10.7928505,3.356636
53.15959537001968,86.25,-10.975546,3.1216195
53.15959537001968,88.125,-10.812596,2.998081
53.15959537001968,90.0,-11.472459,2.929543
53.15959537001968,91.875,-12.310017,2.9167204
53.15959537001968,93.75,-12.986013,2.9663892
53.15959537001968,95.625,-14.234411,3.0148745
53.15959537001968,97.5,-15.588435,3.0146592
53.15959537001968,99.375,-16.132029,3.0001204
53.15959537001968,101.25,-14.971833,2.98561
53.15959537001968,103.125,-14.304431,3.068227
53.15959537001968,105.0,-15.264783,3.027365
53.15959537001968,106.875,-16.651112,3.165406
53.15959537001968,108.75,-18.460466,3.280819
53.15959537001968,110.625,-19.983885,3.153082
53.15959537001968,112.5,-19.840935,2.8707173
53.15959537001968,114.375,-19.58285,2.7463229
53.15959537001968,116.25,-19.931852,2.6528203
53.15959537001968,118.125,-20.544138,2.565974
53.15959537001968,120.0,-20.570349,2.4502704
53.15959537001968,121.875,-19.856657,2.4255767
53.15959537001968,123.75,-19.215565,2.46454
53.15959537001968,125.625,-19.243435,2.556751
53.15959537001968,127.5,-19.797108,2.6288934
53.15959537001968,129.375,-20.32947,2.6273735
53.15959537001968,131.25,-20.529997,2.620917
53.15959537001968,133.125,-20.483532,2.5985053
53.15959537001968,135.0,-20.122225,2.6044385
53.15959537001968,136.875,-19.444548,2.6763568
53.15959537001968,138.75,-17.799997,2.733306
53.15959537001968,140.625,-15.175175,2.752179
53.15959537001968,142.5,-9.161854,2.9782243
53.15959537001968,144.375,-6.113983,2.689388
53.15959537001968,146.25,-3.3467367,2.2435272
53.15959537001968,148.125,-1.7842172,1.7106967
53.15959537001968,150.0,-0.3604477,1.0200533
53.15959537001968,151.875,-0.213143,0.78815603
53.15959537001968,153.75,-0.3798227,0.8928993
53.15959537001968,155.625,-9.202869,2.5139053
53.15959537001968,157.5,-9.6907215,2.483535
53.15959537001968,159.375,-0.10140473,1.0810357
53.15959537001968,161.25,0.17160308,0.9963877
53.15959537001968,163.125,1.1144546,0.7538099
53.15959537001968,165.0,2.3726578,0.65416944
53.15959537001968,166.875,2.572404,0.5551572
53.15959537001968,168.75,2.6148257,0.54650587
53.15959537001968,170.625,2.781818,0.5521746
53.15959537001968,172.5,2.8172867,0.5376446
53.15959537001968,174.375,2.844982,0.54458034
53.15959537001968,176.25,2.9490836,0.54861355
53.15959537001968,178.125,3.06215,0.5547177
53.15959537001968,180.0,3.1164663,0.56925374
53.15959537001968,181.875,3.1525407,0.601934
53.15959537001968,183.75,3.2053335,0.6300317
53.15959537001968,185.625,3.1962125,0.65479434
53.15959537001968,187.5,2.997189,0.7001615
53.15959537001968,189.375,2.721271,0.74772835
53.15959537001968,191.25,2.592404,0.75706714
53.15959537001968,193.125,2.5569937,0.7538693
53.15959537001968,195.0,2.4458609,0.74485886
53.15959537001968,196.875,2.2891421,0.776491
53.15959537001968,198.75,2.2864077,0.8533897
53.15959537001968,200.625,2.2689078,0.90209943
53.15959537001968,202.5,2.4581265,0.87807536
53.15959537001968,204.375,2.6997867,0.8399864
53.15959537001968,206.25,2.8693764,0.8234974
53.15959537001968,208.125,3.171486,0.77649033
53.15959537001968,210.0,3.5588102,0.7792451
53.15959537001968,211.875,3.8444157,0.7851488
53.15959537001968,213.75,4.134689,0.7621731
53.15959537001968,215.625,4.3222475,0.70983106
53.15959537001968,217.5,4.551818,0.70604014
53.15959537001968,219.375,4.8062515,0.72951484
53.15959537001968,221.25,5.000783,0.789375
53.15959537001968,223.125,5.0001383,0.873576
53.15959537001968,225.0,4.8956265,1.0335598
53.15959537001968,226.875,4.8437514,1.1492853
53.15959537001968,228.75,4.4064274,1.1892624
53.15959537001968,230.625,3.9984195,1.181447
53.15959537001968,232.5,-6.4692173,3.7770646
53.15959537001968,234.375,-8.922772,3.8028412
53.15959537001968,236.25,-9.9799795,3.7880006
53.15959537001968,238.125,-10.044686,3.7732837
53.15959537001968,240.0,-9.855897,3.794267
53.15959537001968,241.875,-9.832654,3.8371053
53.15959537001968,243.75,-9.740311,3.9165487
53.15959537001968,245.625,-10.275642,4.1456213
53.15959537001968,247.5,-10.820271,4.303207
53.15959537001968,249.375,-10.945995,4.441101
53.15959537001968,251.25,-11.269706,4.359517
53.15959537001968,253.125,-12.005721,4.250555
53.15959537001968,255.0,-12.776736,4.133615
53.15959537001968,256.875,-12.935134,4.0156107
53.15959537001968,258.75,-13.210292,3.9154162
53.15959537001968,260.625,-13.710877,3.767054
53.15959537001968,262.5,-15.086307,3.3563328
53.15959537001968,264.375,-14.675976,3.3610318
53.15959537001968,266.25,-14.613769,3.1127627
53.15959537001968,268.125,-14.5249195,2.9579775
53.15959537001968,270.0,-14.91281,2.8759272
53.15959537001968,271.875,-15.56781,2.8484876
53.15959537001968,273.75,-16.046658,2.7476366
53.15959537001968,275.625,-15.928183,2.6710312
53.15959537001968,277.5,-15.414707,2.6377804
53.15959537001968,279.375,-14.215368,3.1817844
53.15959537001968,281.25,-15.26029,2.6772242
53.15959537001968,283.125,-15.766346,2.6756916
53.15959537001968,285.0,-16.318903,2.6497586
53.15959537001968,286.875,-16.633299,2.6187391
53.15959537001968,288.75,-16.77117,2.644883
53.15959537001968,290.625,-16.894958,2.6847582
53.15959537001968,292.5,-17.03658,2.7108357
53.15959537001968,294.375,-17.138182,2.8304708
53.15959537001968,296.25,-16.878864,3.0400689
53.15959537001968,298.125,-16.102694,3.2888508
53.15959537001968,300.0,-14.714237,3.4734213
53.15959537001968,301.875,-12.501757,3.4582987
53.15959537001968,303.75,-9.726854,3.2570684
53.15959537001968,305.625,-1.5087875,1.5024781
53.15959537001968,307.5,1.8791813,1.0946363
53.15959537001968,309.375,3.887482,0.88222885
53.15959537001968,311.25,4.684552,0.67633253
53.15959537001968,313.125,4.833693,0.7885998
53.15959537001968,315.0,4.9949236,0.79852855
53.15959537001968,316.875,5.3376966,0.817133
53.15959537001968,318.75,5.7759776,0.8625899
53.15959537001968,320.625,6.5069346,0.94323564
53.15959537001968,322.5,7.7100987,0.88182825
53.15959537001968,324.375,8.242228,0.75951266
53.15959537001968,326.25,8.258283,0.74360484
53.15959537001968,328.125,8.060548,0.74927914
53.15959537001968,330.0,7.7907043,0.72441363
53.15959537001968,331.875,7.8494935,0.76973784
53.15959537001968,333.75,8.479142,0.96616757
53.15959537001968,335.625,9.282697,1.0699152
53.15959537001968,337.5,10.205275,1.1509682
53.15959537001968,339.375,10.904825,0.8881571
53.15959537001968,341.25,10.766212,0.74993837
53.15959537001968,343.125,11.088126,0.76292825
53.15959537001968,345.0,11.833361,0.73178303
53.15959537001968,346.875,11.85049,0.56201845
53.15959537001968,348.75,10.964552,0.4365509
53.15959537001968,350.625,6.7237315,1.1692096
53.15959537001968,352.5,6.0828137,1.287366
53.15959537001968,354.375,8.171818,0.43162942
53.15959537001968,356.25,4.9983997,1.4350163
53.15959537001968,358.125,4.7925014,1.3944033
55.02480753831166,0.0,7.3654504,0.45135847
55.02480753831166,1.875,7.040353,0.71026856
55.02480753831166,3.75,6.441544,0.9247921
55.02480753831166,5.625,6.0550795,0.92905134
55.02480753831166,7.5,5.3606653,1.1198274
55.02480753831166,9.375,2.8630095,2.155377
55.02480753831166,11.25,2.2420914,2.1652715
55.02480753831166,13.125,5.415216,1.1791581
55.02480753831166,15.0,4.624943,1.1191618
55.02480753831166,16.875,4.459396,1.0144994
55.02480753831166,18.75,4.6675797,0.885294
55.02480753831166,20.625,0.30295074,2.7197115
55.02480753831166,22.5,-0.56792814,3.0223584
55.02480753831166,24.375,-1.534354,3.269461
55.02480753831166,26.25,-2.4941,3.4144232
55.02480753831166,28.125,-3.2402525,3.4497604
55.02480753831166,30.0,-3.7708578,3.4966133
55.02480753831166,31.875,-4.231307,3.59758
55.02480753831166,33.75,-4.565389,3.692909
55.02480753831166,35.625,-4.9083576,3.7769687
55.02480753831166,37.5,-5.157225,3.8151333
55.02480753831166,39.375,-5.423749,3.7913482
55.02480753831166,41.25,-5.754393,3.7265916
55.02480753831166,43.125,-6.277206,3.699868
55.02480753831166,45.0,-7.0338855,3.7205896
55.02480753831166,46.875,-7.5979676,3.6675527
55.02480753831166,48.75,-8.127791,3.6285017
55.02480753831166,50.625,-8.35703,3.5239282
55.02480753831166,52.5,-8.583827,3.4475863
55.02480753831166,54.375,-8.924355,3.3188806
55.02480753831166,56.25,-9.147304,3.1561656
55.02480753831166,58.125,-9.581464,3.078834
55.02480753831166,60.0,-9.8919325,3.0789695
55.02480753831166,61.875,-10.250214,3.1727042
55.02480753831166,63.75,-10.197733,3.2690945
55.02480753831166,65.625,-9.997694,3.3313112
55.02480753831166,67.5,-10.115506,3.3860161
55.02480753831166,69.375,-10.30492,3.447687
55.02480753831166,71.25,-10.447498,3.5326965
55.02480753831166,73.125,-10.6937685,3.6099098
55.02480753831166,75.0,-11.304413,3.6320448
55.02480753831166,76.875,-12.062616,3.5729012
55.02480753831166,78.75,-12.82779,3.606177
55.02480753831166,80.625,-13.343103,3.6759524
55.02480753831166,82.5,-13.377947,3.7179592
55.02480753831166,84.375,-13.059783,3.7196994
55.02480753831166,86.25,-12.5557,3.6649883
55.02480753831166,88.125,-12.076834,3.6080275
55.02480753831166,90.0,-12.777986,3.56866
55.02480753831166,91.875,-13.234783,3.5250547
55.02480753831166,93.75,-13.642146,3.5230012
55.02480753831166,95.625,-13.913103,3.528916
55.02480753831166,97.5,-13.974841,3.5238636
55.02480753831166,99.375,-13.969802,3.549161
55.02480753831166,101.25,-14.351599,3.6270244
55.02480753831166,103.125,-15.39117,3.6749125
55.02480753831166,105.0,-17.065056,3.76708
55.02480753831166,106.875,-18.763708,3.73027
55.02480753831166,108.75,-20.261267,3.4991558
55.02480753831166,110.625,-21.490036,3.2919233
55.02480753831166,112.5,-21.907516,2.9810064
55.02480753831166,114.375,-21.90742,2.8692293
55.02480753831166,116.25,-22.305584,2.7850268
55.02480753831166,118.125,-22.87867,2.704278
55.02480753831166,120.0,-23.113611,2.6373482
55.02480753831166,121.875,-22.824821,2.62122
55.02480753831166,123.75,-22.2899,2.6309812
55.02480753831166,125.625,-22.1674,2.6547036
55.02480753831166,127.5,-22.125349,2.694233
55.02480753831166,129.375,-22.411366,2.6981502
55.02480753831166,131.25,-22.52158,2.726688
55.02480753831166,133.125,-22.132263,2.6927853
55.02480753831166,135.0,-21.235838,2.664805
55.02480753831166,136.875,-19.552927,2.6537864
55.02480753831166,138.75,-15.314528,2.303355
55.02480753831166,140.625,-10.526581,2.8111145
55.02480753831166,142.5,-5.709491,2.7287369
55.02480753831166,144.375,-2.0922055,2.3885202
55.02480753831166,146.25,-0.8996664,2.009582
55.02480753831166,148.125,-0.63699067,1.9163476
55.02480753831166,150.0,-0.46827972,1.1989394
55.02480753831166,151.875,-0.6385141,0.9172434
55.02480753831166,153.75,-0.8483774,1.0110521
55.02480753831166,155.625,-11.501327,2.689405
55.02480753831166,157.5,-13.194294,2.9137273
55.02480753831166,159.375,-13.011853,2.903988
55.02480753831166,161.25,-10.850546,2.6628618
55.02480753831166,163.125,-0.14677581,1.2203583
55.02480753831166,165.0,1.9245719,0.8865875
55.02480753831166,166.875,2.524064,0.6716236
55.02480753831166,168.75,2.509943,0.60421073
55.02480753831166,170.625,2.4910367,0.58012515
55.02480753831166,172.5,2.4759781,0.5742585
55.02480753831166,174.375,2.457853,0.5797812
55.02480753831166,176.25,2.450978,0.598884
55.02480753831166,178.125,2.4618375,0.6419164
55.02480753831166,180.0,2.5438688,0.66394514
55.02480753831166,181.875,2.6174428,0.6928306
55.02480753831166,183.75,2.5576186,0.7247865
55.02480753831166,185.625,2.3977945,0.8043159
55.02480753831166,187.5,2.2308805,0.9200325
55.02480753831166,189.375,2.0079508,1.0656279
55.02480753831166,191.25,1.6380484,1.3366162
55.02480753831166,193.125,1.3246499,1.5995724
55.02480753831166,195.0,1.1604702,1.6384004
55.02480753831166,196.875,0.6989078,1.2787737
55.02480753831166,198.75,1.2173843,1.0592796
55.02480753831166,200.625,0.6915445,1.3056902
55.02480753831166,202.5,1.2915055,1.2070612
55.02480753831166,204.375,1.8695523,1.147495
55.02480753831166,206.25,2.0265641,1.0800705
55.02480753831166,208.125,2.37424,0.8743165
55.02480753831166,210.0,2.7581851,0.72441936
55.02480753831166,211.875,2.9813883,0.6854147
55.02480753831166,213.75,3.1221304,0.7047487
55.02480753831166,215.625,3.4501772,0.71517414
55.02480753831166,217.5,3.8447866,0.70433927
55.02480753831166,219.375,4.200685,0.725947
55.02480753831166,221.25,4.3111343,0.9064842
55.02480753831166,223.125,4.1305876,1.1185695
55.02480753831166,225.0,3.9542398,1.1978203
55.02480753831166,226.875,3.8815446,1.1755314
55.02480753831166,228.75,-5.819745,4.095096
55.02480753831166,230.625,-9.847128,4.2806206
55.02480753831166,232.5,-12.675916,4.431692
55.02480753831166,234.375,-13.6762085,4.449392
55.02480753831166,236.25,-12.803747,4.3070045
55.02480753831166,238.125,-11.615837,4.382313
55.02480753831166,240.0,-10.768708,4.4102454
55.02480753831166,241.875,-10.734158,4.4545135
55.02480753831166,243.75,-10.911931,4.505818
55.02480753831166,245.625,-11.399959,4.578429
55.02480753831166,247.5,-12.168532,4.567342
55.02480753831166,249.375,-12.624333,4.515957
55.02480753831166,251.25,-13.1908,4.3627415
55.02480753831166,253.125,-13.858591,4.211207
55.02480753831166,255.0,-14.272575,4.0288377
55.02480753831166,256.875,-14.783649,3.9027061
55.02480753831166,258.75,-15.236228,3.8058472
55.02480753831166,260.625,-15.706501,3.6869252
55.02480753831166,262.5,-15.890838,3.4592795
55.02480753831166,264.375,-16.19912,3.228945
55.02480753831166,266.25,-16.297596,3.0262432
55.02480753831166,268.125,-16.366365,2.880753
55.02480753831166,270.0,-16.662947,2.804912
55.02480753831166,271.875,-17.126776,2.7292755
55.02480753831166,273.75,-17.474276,2.6299696
55.02480753831166,275.625,-17.463356,2.5903668
55.02480753831166,277.5,-16.58285,3.0011811
55.02480753831166,279.375,-16.420681,3.114833
55.02480753831166,281.25,-16.500565,3.3114724
55.02480753831166,283.125,-17.50531,2.8539443
55.02480753831166,285.0,-17.821619,2.8287797
55.02480753831166,286.875,-17.99742,2.7935138
55.02480753831166,288.75,-18.017752,2.7788312
55.02480753831166,290.625,-18.151657,2.7910626
55.02480753831166,292.5,-18.41787,2.8752413
55.02480753831166,294.375,-18.496424,3.0803282
55.02480753831166,296.25,-17.92197,3.3647318
55.02480753831166,298.125,-16.48078,3.6093194
55.02480753831166,300.0,-14.00449,3.759876
55.02480753831166,301.875,-6.079999,3.0859394
55.02480753831166,303.75,-1.6041195,1.7153449
55.02480753831166,305.625,1.4065444,1.0994141
55.02480753831166,307.5,3.8550406,0.9033099
55.02480753831166,309.375,4.9075603,0.64456415
55.02480753831166,311.25,5.22631,0.72759664
55.02480753831166,313.125,5.5483413,0.7725642
55.02480753831166,315.0,5.914708,0.7051507
55.02480753831166,316.875,6.267345,0.7364786
55.02480753831166,318.75,6.65463,0.7600201
55.02480753831166,320.625,7.258556,0.8320803
55.02480753831166,322.5,8.148438,0.7873173
55.02480753831166,324.375,8.915295,0.6016147
55.02480753831166,326.25,9.134278,0.6046854
55.02480753831166,328.125,8.844044,0.70636773
55.02480753831166,330.0,8.525607,0.8895185
55.02480753831166,331.875,8.96586,1.0244864
55.02480753831166,333.75,9.8115835,0.97798645
55.02480753831166,335.625,10.3245325,0.84746176
55.02480753831166,337.5,10.869591,0.93096244
55.02480753831166,339.375,11.552384,0.7312717
55.02480753831166,341.25,11.778146,0.6339654
55.02480753831166,343.125,11.813908,0.5435593
55.02480753831166,345.0,11.807989,0.48642883
55.02480753831166,346.875,12.134982,0.5077159
55.02480753831166,348.75,12.056701,0.42036882
55.02480753831166,350.625,10.825587,0.38472694
55.02480753831166,352.5,9.381095,0.6647249
55.02480753831166,354.375,7.6884193,0.4742434
55.02480753831166,356.25,4.262443,1.4346191
55.02480753831166,358.125,4.184025,1.3387946
56.89001260135711,0.0,7.7812514,0.4105004
56.89001260135711,1.875,7.7978916,0.5526768
56.89001260135711,3.75,7.3858604,0.80937046
56.89001260135711,5.625,6.4769545,0.8188843
56.89001260135711,7.5,5.397677,0.87179935
56.89001260135711,9.375,1.560568,2.6718504
56.89001260135711,11.25,4.758478,1.5714536
56.89001260135711,13.125,0.9077359,2.6958349
56.89001260135711,15.0,0.9973062,2.496662
56.89001260135711,16.875,3.7923257,1.0927801
56.89001260135711,18.75,3.953439,0.984073
56.89001260135711,20.625,3.8958023,0.99767363
56.89001260135711,22.5,-1.2812289,3.0284882
56.89001260135711,24.375,-2.2700377,3.3818939
56.89001260135711,26.25,-3.1024594,3.5442104
56.89001260135711,28.125,-3.744022,3.6113498
56.89001260135711,30.0,-4.2428303,3.621566
56.89001260135711,31.875,-4.847928,3.6368384
56.89001260135711,33.75,-5.5424013,3.6638372
56.89001260135711,35.625,-6.2515807,3.716606
56.89001260135711,37.5,-6.846366,3.7385783
56.89001260135711,39.375,-7.1904283,3.7110653
56.89001260135711,41.25,-7.355194,3.687321
56.89001260135711,43.125,-7.4919324,3.6313803
56.89001260135711,45.0,-7.816483,3.5721517
56.89001260135711,46.875,-8.283808,3.5200226
56.89001260135711,48.75,-8.794081,3.4685702
56.89001260135711,50.625,-9.0066,3.3713875
56.89001260135711,52.5,-9.096249,3.268412
56.89001260135711,54.375,-9.358476,3.1930943
56.89001260135711,56.25,-9.672831,3.1089728
56.89001260135711,58.125,-10.024901,3.0799577
56.89001260135711,60.0,-10.227264,3.0927389
56.89001260135711,61.875,-10.335526,3.1592462
56.89001260135711,63.75,-10.476952,3.2501125
56.89001260135711,65.625,-10.613065,3.3292336
56.89001260135711,67.5,-10.85121,3.3977122
56.89001260135711,69.375,-11.171679,3.4493177
56.89001260135711,71.25,-11.354296,3.4909332
56.89001260135711,73.125,-11.407811,3.5110226
56.89001260135711,75.0,-11.536581,3.538038
56.89001260135711,76.875,-11.982284,3.6284907
56.89001260135711,78.75,-12.547205,3.7024748
56.89001260135711,80.625,-12.9757595,3.813524
56.89001260135711,82.5,-13.108982,3.9016016
56.89001260135711,84.375,-13.191521,3.9872408
56.89001260135711,86.25,-13.392927,4.0396023
56.89001260135711,88.125,-13.787283,4.062854
56.89001260135711,90.0,-14.443474,4.091388
56.89001260135711,91.875,-14.89447,4.09675
56.89001260135711,93.75,-15.08615,4.0477915
56.89001260135711,95.625,-15.027068,4.0001907
56.89001260135711,97.5,-14.907947,4.007541
56.89001260135711,99.375,-15.242673,4.0458307
56.89001260135711,101.25,-16.005857,4.116472
56.89001260135711,103.125,-17.055565,4.128313
56.89001260135711,105.0,-18.377419,4.0525537
56.89001260135711,106.875,-19.457458,3.8730915
56.89001260135711,108.75,-20.407791,3.6685429
56.89001260135711,110.625,-21.238358,3.510561
56.89001260135711,112.5,-22.108278,3.3939376
56.89001260135711,114.375,-23.019333,3.2802668
56.89001260135711,116.25,-23.823942,3.1513467
56.89001260135711,118.125,-24.239372,2.9997628
56.89001260135711,120.0,-24.45779,2.910481
56.89001260135711,121.875,-24.46951,2.822031
56.89001260135711,123.75,-24.411345,2.75379
56.89001260135711,125.625,-24.365818,2.7880871
56.89001260135711,127.5,-24.336716,2.7796497
56.89001260135711,129.375,-24.338923,2.8102026
56.89001260135711,131.25,-24.290037,2.836778
56.89001260135711,133.125,-24.096014,2.787029
56.89001260135711,135.0,-23.368103,2.7644987
56.89001260135711,136.875,-21.496677,2.6990821
56.89001260135711,138.75,-18.338669,2.6467788
56.89001260135711,140.625,-5.434374,3.1623464
56.89001260135711,142.5,-2.5400376,3.0879943
56.89001260135711,144.375,-0.83886564,2.6271646
56.89001260135711,146.25,0.57537264,2.0732274
56.89001260135711,148.125,-0.02072113,1.9379939
56.89001260135711,150.0,-0.76046723,1.537057
56.89001260135711,151.875,-1.2562094,1.3394706
56.89001260135711,153.75,-1.7688851,1.4017985
56.89001260135711,155.625,-2.5253892,1.5924681
56.89001260135711,157.5,-13.285994,2.9540606
56.89001260135711,159.375,-14.280544,3.2354035
56.89001260135711,161.25,-13.396502,3.134347
56.89001260135711,163.125,-0.8346274,1.9214442
56.89001260135711,165.0,0.886564,1.4906057
56.89001260135711,166.875,1.9412515,1.150992
56.89001260135711,168.75,2.2029116,0.9460805
56.89001260135711,170.625,2.1471305,0.8319713
56.89001260135711,172.5,2.1265445,0.7997582
56.89001260135711,174.375,2.0672867,0.78118855
56.89001260135711,176.25,2.0620327,0.8014045
56.89001260135711,178.125,1.9840446,0.87611085
56.89001260135711,180.0,1.8223453,0.975065
56.89001260135711,181.875,1.5922085,1.11898
56.89001260135711,183.75,1.3798453,1.339834
56.89001260135711,185.625,1.0276968,1.7205484
56.89001260135711,187.5,0.42427886,2.1957831
56.89001260135711,189.375,-0.14679535,2.5116222
56.89001260135711,191.25,-0.58708835,2.6080787
56.89001260135711,193.125,-1.4035531,2.7937896
56.89001260135711,195.0,-2.1438072,2.9450836
56.89001260135711,196.875,-2.4905453,3.128127
56.89001260135711,198.75,-3.1317759,3.3623466
56.89001260135711,200.625,-3.3621078,3.3694656
56.89001260135711,202.5,-6.5251355,4.4253263
56.89001260135711,204.375,0.94777495,1.3577216
56.89001260135711,206.25,1.6245328,1.359223
56.89001260135711,208.125,1.6164273,1.313932
56.89001260135711,210.0,2.6142204,1.0565419
56.89001260135711,211.875,3.1198258,0.8577241
56.89001260135711,213.75,3.2032633,0.8327978
56.89001260135711,215.625,3.2985172,0.8578686
56.89001260135711,217.5,3.39381,0.8954989
56.89001260135711,219.375,3.5027554,1.0399425
56.89001260135711,221.25,3.2508023,1.245499
56.89001260135711,223.125,2.9809976,1.3844224
56.89001260135711,225.0,-6.860565,4.5038085
56.89001260135711,226.875,-9.721308,4.8725586
56.89001260135711,228.75,-13.0378685,4.967691
56.89001260135711,230.625,-15.282596,5.025559
56.89001260135711,232.5,-16.502361,5.0213165
56.89001260135711,234.375,-16.80119,4.8622565
56.89001260135711,236.25,-15.210154,4.8274474
56.89001260135711,238.125,-13.956443,4.90172
56.89001260135711,240.0,-13.366541,4.9503264
56.89001260135711,241.875,-13.361209,4.937347
56.89001260135711,243.75,-13.544119,4.883173
56.89001260135711,245.625,-13.9067745,4.7828064
56.89001260135711,247.5,-14.277868,4.6247277
56.89001260135711,249.375,-14.802673,4.460189
56.89001260135711,251.25,-15.317165,4.2366714
56.89001260135711,253.125,-15.856638,4.069553
56.89001260135711,255.0,-16.289412,3.9202008
56.89001260135711,256.875,-16.611364,3.8195722
56.89001260135711,258.75,-17.004587,3.7139237
56.89001260135711,260.625,-17.5616,3.5522318
56.89001260135711,262.5,-17.957947,3.3876193
56.89001260135711,264.375,-18.226032,3.168778
56.89001260135711,266.25,-18.310291,2.997151
56.89001260135711,268.125,-18.3583,2.8646238
56.89001260135711,270.0,-17.770525,2.7787566
56.89001260135711,271.875,-18.083279,2.7026205
56.89001260135711,273.75,-18.334352,2.679344
56.89001260135711,275.625,-18.319334,2.696409
56.89001260135711,277.5,-18.111639,2.7940261
56.89001260135711,279.375,-17.7415,3.075254
56.89001260135711,281.25,-17.514725,3.3278928
56.89001260135711,283.125,-17.399998,3.6234593
56.89001260135711,285.0,-19.097029,2.9626873
56.89001260135711,286.875,-19.226696,2.9811902
56.89001260135711,288.75,-19.228104,2.990733
56.89001260135711,290.625,-19.223787,3.0372312
56.89001260135711,292.5,-19.195759,3.2244241
56.89001260135711,294.375,-19.021893,3.463595
56.89001260135711,296.25,-18.195408,3.7557302
56.89001260135711,298.125,-16.197498,4.004327
56.89001260135711,300.0,-9.013475,4.0839972
56.89001260135711,301.875,-0.4770297,2.7753077
56.89001260135711,303.75,3.9252555,1.6402743
56.89001260135711,305.625,4.875685,0.6829044
56.89001260135711,307.5,5.0037904,0.6329171
56.89001260135711,309.375,5.240802,0.63786733
56.89001260135711,311.25,5.3882823,0.6599721
56.89001260135711,313.125,5.57213,0.88058466
56.89001260135711,315.0,5.875255,0.948737
56.89001260135711,316.875,6.104552,0.81513387
56.89001260135711,318.75,6.637892,0.64540106
56.89001260135711,320.625,7.0810947,0.7547437
56.89001260135711,322.5,7.9037514,0.80148166
56.89001260135711,324.375,8.818888,0.58522713
56.89001260135711,326.25,9.273517,0.4555849
56.89001260135711,328.125,9.432892,0.45665073
56.89001260135711,330.0,9.287677,0.5815338
56.89001260135711,331.875,9.075802,0.82102036
56.89001260135711,333.75,9.166251,0.89357835
56.89001260135711,335.625,9.878185,0.88607305
56.89001260135711,337.5,10.659806,0.75965744
56.89001260135711,339.375,11.331583,0.62677306
56.89001260135711,341.25,11.585021,0.47758007
56.89001260135711,343.125,11.365002,0.44434696
56.89001260135711,345.0,10.775196,0.38273767
56.89001260135711,346.875,11.006231,0.3539113
56.89001260135711,348.75,11.953536,0.40657976
56.89001260135711,350.625,11.374845,0.29998475
56.89001260135711,352.5,8.693927,0.4425934
56.89001260135711,354.375,4.496056,1.3298482
56.89001260135711,356.25,3.9641812,1.320125
56.89001260135711,358.125,7.286564,0.42137408
58.75520926937993,0.0,8.404532,0.43556947
58.75520926937993,1.875,8.359103,0.4436838
58.75520926937993,3.75,7.3820324,0.6357399
58.75520926937993,5.625,5.921212,0.8877968
58.75520926937993,7.5,-1.5662875,2.9315155
58.75520926937993,9.375,-3.0054672,3.2753692
58.75520926937993,11.25,-3.2435336,3.4273422
58.75520926937993,13.125,-2.5865219,3.3491995
58.75520926937993,15.0,-1.7054281,3.1842852
58.75520926937993,16.875,-0.8460141,2.8498755
58.75520926937993,18.75,2.7020328,1.1846559
58.75520926937993,20.625,2.358693,1.1847214
58.75520926937993,22.5,1.1260953,1.5776746
58.75520926937993,24.375,0.57277495,1.836545
58.75520926937993,26.25,-4.08453,3.7513595
58.75520926937993,28.125,-4.537967,3.8215432
58.75520926937993,30.0,-4.8983383,3.788753
58.75520926937993,31.875,-5.4555264,3.725592
58.75520926937993,33.75,-6.211366,3.6749187
58.75520926937993,35.625,-7.0780067,3.6494794
58.75520926937993,37.5,-7.7901745,3.6467872
58.75520926937993,39.375,-8.214159,3.6247053
58.75520926937993,41.25,-8.411835,3.6047087
58.75520926937993,43.125,-8.469823,3.5576851
58.75520926937993,45.0,-8.638475,3.5347803
58.75520926937993,46.875,-8.888925,3.505942
58.75520926937993,48.75,-9.188748,3.461789
58.75520926937993,50.625,-9.481542,3.4026523
58.75520926937993,52.5,-9.776894,3.333617
58.75520926937993,54.375,-10.259276,3.3027132
58.75520926937993,56.25,-10.844843,3.2976332
58.75520926937993,58.125,-11.392284,3.312144
58.75520926937993,60.0,-11.804413,3.3481438
58.75520926937993,61.875,-11.8416,3.399077
58.75520926937993,63.75,-11.810409,3.4672887
58.75520926937993,65.625,-11.917675,3.5284798
58.75520926937993,67.5,-12.124491,3.5544846
58.75520926937993,69.375,-12.495955,3.5896397
58.75520926937993,71.25,-12.8568735,3.6383934
58.75520926937993,73.125,-13.088474,3.6986773
58.75520926937993,75.0,-13.111111,3.757171
58.75520926937993,76.875,-13.1030445,3.8311834
58.75520926937993,78.75,-13.17949,3.8922365
58.75520926937993,80.625,-13.404139,3.960368
58.75520926937993,82.5,-13.782654,4.053429
58.75520926937993,84.375,-14.313162,4.1438394
58.75520926937993,86.25,-14.991931,4.249579
58.75520926937993,88.125,-15.766814,4.32498
58.75520926937993,90.0,-16.453377,4.3701
58.75520926937993,91.875,-17.029724,4.3685665
58.75520926937993,93.75,-17.45611,4.392069
58.75520926937993,95.625,-17.81201,4.375022
58.75520926937993,97.5,-18.20984,4.3193984
58.75520926937993,99.375,-18.69451,4.258107
58.75520926937993,101.25,-19.18531,4.1810093
58.75520926937993,103.125,-19.490232,4.138665
58.75520926937993,105.0,-19.709606,4.071164
58.75520926937993,106.875,-19.943493,3.9696896
58.75520926937993,108.75,-20.238747,3.8861656
58.75520926937993,110.625,-20.870895,3.8273332
58.75520926937993,112.5,-21.81912,3.7155628
58.75520926937993,114.375,-22.781305,3.5910842
58.75520926937993,116.25,-23.355934,3.428778
58.75520926937993,118.125,-23.564764,3.246407
58.75520926937993,120.0,-23.759119,3.1169474
58.75520926937993,121.875,-23.968962,3.0304744
58.75520926937993,123.75,-24.28408,2.9553318
58.75520926937993,125.625,-24.560858,2.9289486
58.75520926937993,127.5,-24.732166,2.8669896
58.75520926937993,129.375,-24.785524,2.8550026
58.75520926937993,131.25,-25.056307,2.8719513
58.75520926937993,133.125,-25.64945,2.8176906
58.75520926937993,135.0,-25.814255,2.7657223
58.75520926937993,136.875,-24.771072,2.734615
58.75520926937993,138.75,-22.402166,2.7464476
58.75520926937993,140.625,-19.339645,2.7989442
58.75520926937993,142.5,-16.953026,2.8509736
58.75520926937993,144.375,-6.8960533,4.500815
58.75520926937993,146.25,-5.4628115,3.841642
58.75520926937993,148.125,-6.0690026,3.4497094
58.75520926937993,150.0,-7.119647,3.2596743
58.75520926937993,151.875,-8.103319,3.0899436
58.75520926937993,153.75,-9.169178,2.747114
58.75520926937993,155.625,-10.137069,2.4179652
58.75520926937993,157.5,-7.954198,2.251302
58.75520926937993,159.375,-14.70574,3.1633842
58.75520926937993,161.25,-14.900271,3.3662384
58.75520926937993,163.125,-13.866131,3.333647
58.75520926937993,165.0,-1.3020688,2.887949
58.75520926937993,166.875,-0.75074065,2.9820905
58.75520926937993,168.75,0.016212463,2.8052197
58.75520926937993,170.625,-0.34212738,2.8827243
58.75520926937993,172.5,-0.078592226,2.774469
58.75520926937993,174.375,-0.09962738,2.6609247
58.75520926937993,176.25,-0.078103945,2.6908236
58.75520926937993,178.125,-0.043260194,2.6575418
58.75520926937993,180.0,-0.20868988,2.6970112
58.75520926937993,181.875,-0.7605454,2.9595435
58.75520926937993,183.75,-1.6991782,3.4477746
58.75520926937993,185.625,-2.576815,3.8191729
58.75520926937993,187.5,-3.3106039,3.8424551
58.75520926937993,189.375,-4.1844907,3.6677344
58.75520926937993,191.25,-4.879764,3.4588168
58.75520926937993,193.125,-5.0800962,3.1548443
58.75520926937993,195.0,-5.8269324,3.1742833
58.75520926937993,196.875,-5.432284,3.2443726
58.75520926937993,198.75,-11.687244,5.1939235
58.75520926937993,200.625,-12.257421,5.554393
58.75520926937993,202.5,-12.504979,5.70299
58.75520926937993,204.375,-11.89412,5.5847487
58.75520926937993,206.25,-10.158436,5.1312084
58.75520926937993,208.125,-1.0243344,2.1658854
58.75520926937993,210.0,0.9110172,1.598537
58.75520926937993,211.875,1.6692984,1.4850216
58.75520926937993,213.75,2.5308218,1.2487979
58.75520926937993,215.625,2.4448452,1.3011047
58.75520926937993,217.5,2.4793375,1.3462487
58.75520926937993,219.375,2.353732,1.4111475
58.75520926937993,221.25,-10.196014,4.6325793
58.75520926937993,223.125,-12.066814,4.885796
58.75520926937993,225.0,-13.987283,5.198964
58.75520926937993,226.875,-16.09402,5.4827237
58.75520926937993,228.75,-17.495056,5.534879
58.75520926937993,230.625,-18.39236,5.4677615
58.75520926937993,232.5,-18.696228,5.311407
58.75520926937993,234.375,-18.496483,5.1089573
58.75520926937993,236.25,-16.590662,5.1336823
58.75520926937993,238.125,-16.032068,5.1800313
58.75520926937993,240.0,-15.907947,5.180607
58.75520926937993,241.875,-15.9864235,5.10297
58.75520926937993,243.75,-16.276814,4.9727864
58.75520926937993,245.625,-16.476364,4.7988353
58.75520926937993,247.5,-16.696012,4.586751
58.75520926937993,249.375,-16.90863,4.3500533
58.75520926937993,251.25,-17.250525,4.1872544
58.75520926937993,253.125,-17.728104,4.073011
58.75520926937993,255.0,-18.323885,3.978834
58.75520926937993,256.875,-18.950642,3.9093437
58.75520926937993,258.75,-19.505604,3.7933686
58.75520926937993,260.625,-19.923826,3.5905817
58.75520926937993,262.5,-20.100662,3.3572478
58.75520926937993,264.375,-20.06074,3.1148984
58.75520926937993,266.25,-17.45988,2.8436277
58.75520926937993,268.125,-18.218357,2.5995784
58.75520926937993,270.0,-18.633728,2.4602573
58.75520926937993,271.875,-18.943064,2.4200785
58.75520926937993,273.75,-19.106169,2.4216018
58.75520926937993,275.625,-19.108103,2.5022347
58.75520926937993,277.5,-18.885056,2.6996958
58.75520926937993,279.375,-18.524569,3.0103285
58.75520926937993,281.25,-18.034548,3.437727
58.75520926937993,283.125,-20.009022,3.0484266
58.75520926937993,285.0,-20.525896,3.137637
58.75520926937993,286.875,-20.741676,3.2048054
58.75520926937993,288.75,-20.611462,3.2663717
58.75520926937993,290.625,-20.191208,3.3943357
58.75520926937993,292.5,-18.103905,3.4718392
58.75520926937993,294.375,-19.06867,3.8296988
58.75520926937993,296.25,-18.082146,4.15029
58.75520926937993,298.125,-13.542148,4.4114385
58.75520926937993,300.0,-6.19117,5.118581
58.75520926937993,301.875,2.3083804,3.3451016
58.75520926937993,303.75,4.6203337,1.7699775
58.75520926937993,305.625,4.97424,0.78984725
58.75520926937993,307.5,4.9029117,0.80637383
58.75520926937993,309.375,4.8050017,0.94984275
58.75520926937993,311.25,4.5995717,1.243721
58.75520926937993,313.125,3.7357047,1.5953815
58.75520926937993,315.0,3.493361,1.489711
58.75520926937993,316.875,2.990607,1.4740834
58.75520926937993,318.75,6.085724,0.97439325
58.75520926937993,320.625,6.8858995,0.56362313
58.75520926937993,322.5,7.2887316,0.7350096
58.75520926937993,324.375,7.926876,0.72527385
58.75520926937993,326.25,8.637364,0.67076486
58.75520926937993,328.125,9.2490635,0.50435644
58.75520926937993,330.0,9.523576,0.401704
58.75520926937993,331.875,9.683556,0.41000226
58.75520926937993,333.75,9.559884,0.6022911
58.75520926937993,335.625,9.56006,0.7221212
58.75520926937993,337.5,9.656173,0.743307
58.75520926937993,339.375,10.230587,0.8118234
58.75520926937993,341.25,11.0745325,0.526533
58.75520926937993,343.125,11.233849,0.42502156
58.75520926937993,345.0,10.997384,0.35431966
58.75520926937993,346.875,11.204181,0.35033354
58.75520926937993,348.75,11.595763,0.35048184
58.75520926937993,350.625,11.316427,0.33464402
58.75520926937993,352.5,10.437833,0.3220214
58.75520926937993,354.375,9.292833,0.42072842
58.75520926937993,356.25,8.40842,0.56940556
58.75520926937993,358.125,8.202638,0.55949515
60.62039592682648,0.0,9.473106,0.4482275
60.62039592682648,1.875,9.048048,0.5076504
60.62039592682648,3.75,7.075099,0.6992671
60.62039592682648,5.625,-1.4245883,2.586034
60.62039592682648,7.5,-4.9182796,3.199088
60.62039592682648,9.375,-6.8585534,3.3478231
60.62039592682648,11.25,-7.361249,3.318204
60.62039592682648,13.125,-6.629901,3.3368077
60.62039592682648,15.0,-4.988963,3.3222327
60.62039592682648,16.875,-3.4622445,3.1921346
60.62039592682648,18.75,1.0505484,1.310195
60.62039592682648,20.625,1.3697867,1.2684798
60.62039592682648,22.5,-3.840428,3.394605
60.62039592682648,24.375,-4.930506,3.6890953
60.62039592682648,26.25,-5.8942957,3.8762374
60.62039592682648,28.125,-6.6193347,3.9407775
60.62039592682648,30.0,-6.9951744,3.8771038
60.62039592682648,31.875,-8.216425,3.726669
60.62039592682648,33.75,-7.437323,3.6925108
60.62039592682648,35.625,-7.792147,3.657777
60.62039592682648,37.5,-8.19037,3.657812
60.62039592682648,39.375,-8.647421,3.689563
60.62039592682648,41.25,-9.080214,3.642157
60.62039592682648,43.125,-9.50369,3.628619
60.62039592682648,45.0,-9.887147,3.5793674
60.62039592682648,46.875,-10.203436,3.559321
60.62039592682648,48.75,-10.443476,3.5367947
60.62039592682648,50.625,-10.669159,3.532821
60.62039592682648,52.5,-10.983709,3.5448334
60.62039592682648,54.375,-11.465702,3.5787227
60.62039592682648,56.25,-12.050585,3.588106
60.62039592682648,58.125,-12.619081,3.5795484
60.62039592682648,60.0,-13.097011,3.6152415
60.62039592682648,61.875,-13.188163,3.6720426
60.62039592682648,63.75,-13.159569,3.763236
60.62039592682648,65.625,-13.15828,3.8618872
60.62039592682648,67.5,-13.324764,3.9321642
60.62039592682648,69.375,-13.753846,4.0122385
60.62039592682648,71.25,-14.299431,4.080386
60.62039592682648,73.125,-14.793161,4.133081
60.62039592682648,75.0,-15.154236,4.1895027
60.62039592682648,76.875,-15.393728,4.257202
60.62039592682648,78.75,-15.618045,4.327042
60.62039592682648,80.625,-15.886345,4.390209
60.62039592682648,82.5,-16.251463,4.450181
60.62039592682648,84.375,-16.726423,4.472886
60.62039592682648,86.25,-17.234158,4.4829044
60.62039592682648,88.125,-17.745895,4.4949536
60.62039592682648,90.0,-18.231522,4.4837747
60.62039592682648,91.875,-18.777048,4.4823103
60.62039592682648,93.75,-19.512127,4.471998
60.62039592682648,95.625,-20.316717,4.4555297
60.62039592682648,97.5,-21.060623,4.3486547
60.62039592682648,99.375,-21.596756,4.2506285
60.62039592682648,101.25,-21.775644,4.162783
60.62039592682648,103.125,-21.64318,4.077374
60.62039592682648,105.0,-21.427576,4.025942
60.62039592682648,106.875,-21.520212,4.031872
60.62039592682648,108.75,-21.969492,4.063855
60.62039592682648,110.625,-22.70318,4.0548
60.62039592682648,112.5,-23.414568,3.9430974
60.62039592682648,114.375,-23.747517,3.7268486
60.62039592682648,116.25,-23.791346,3.5114958
60.62039592682648,118.125,-23.734997,3.3655348
60.62039592682648,120.0,-23.851736,3.2680538
60.62039592682648,121.875,-24.258162,3.2157176
60.62039592682648,123.75,-24.72236,3.093395
60.62039592682648,125.625,-25.080603,2.9313502
60.62039592682648,127.5,-25.185661,2.8163214
60.62039592682648,129.375,-25.255154,2.7101731
60.62039592682648,131.25,-25.77867,2.6671898
60.62039592682648,133.125,-26.533045,2.7180912
60.62039592682648,135.0,-27.313532,2.7418427
60.62039592682648,136.875,-27.267088,2.7478795
60.62039592682648,138.75,-26.230173,2.8211114
60.62039592682648,140.625,-24.181385,2.821793
60.62039592682648,142.5,-22.744627,2.799822
60.62039592682648,144.375,-22.03029,2.8233411
60.62039592682648,146.25,-21.993122,2.9397264
60.62039592682648,148.125,-22.195778,3.0168593
60.62039592682648,150.0,-22.0166,3.1563447
60.62039592682648,151.875,-21.13324,3.2675862
60.62039592682648,153.75,-19.690994,3.2417977
60.62039592682648,155.625,-18.34002,3.1749494
60.62039592682648,157.5,-12.465038,2.0996914
60.62039592682648,159.375,-10.33912,2.5693448
60.62039592682648,161.25,-17.723103,3.5442965
60.62039592682648,163.125,-17.953533,3.7189605
60.62039592682648,165.0,-18.007986,3.871236
60.62039592682648,166.875,-17.959919,3.9801464
60.62039592682648,168.75,-17.681364,4.008648
60.62039592682648,170.625,-17.07863,4.034603
60.62039592682648,172.5,-8.384646,6.407392
60.62039592682648,174.375,-8.565409,5.548005
60.62039592682648,176.25,-7.850174,5.1639686
60.62039592682648,178.125,-6.875077,5.239567
60.62039592682648,180.0,-7.2288465,5.1240044
60.62039592682648,181.875,-6.6712685,4.880451
60.62039592682648,183.75,-6.623319,4.700755
60.62039592682648,185.625,-7.2741003,4.3891463
60.62039592682648,187.5,-7.7841587,4.1209974
60.62039592682648,189.375,-8.280409,3.9723935
60.62039592682648,191.25,-8.440507,3.6521983
60.62039592682648,193.125,-12.923827,4.2604504
60.62039592682648,195.0,-13.436755,4.6137037
60.62039592682648,196.875,-14.067752,5.034223
60.62039592682648,198.75,-15.172576,5.493145
60.62039592682648,200.625,-16.338787,5.9325905
60.62039592682648,202.5,-17.163397,6.254101
60.62039592682648,204.375,-17.42111,6.445737
60.62039592682648,206.25,-17.12945,6.3836174
60.62039592682648,208.125,-16.377186,6.102403
60.62039592682648,210.0,-15.471853,5.780727
60.62039592682648,211.875,-14.866834,5.5540004
60.62039592682648,213.75,-15.155466,5.4976974
60.62039592682648,215.625,-15.871502,5.48445
60.62039592682648,217.5,-16.700994,5.450904
60.62039592682648,219.375,-17.9174,5.4467306
60.62039592682648,221.25,-18.28029,5.462194
60.62039592682648,223.125,-18.808962,5.496248
60.62039592682648,225.0,-19.343142,5.542379
60.62039592682648,226.875,-19.968533,5.609706
60.62039592682648,228.75,-20.567322,5.5995336
60.62039592682648,230.625,-20.946697,5.5125146
60.62039592682648,232.5,-20.91408,5.2815366
60.62039592682648,234.375,-19.387653,5.084904
60.62039592682648,236.25,-18.606989,5.027083
60.62039592682648,238.125,-18.48693,4.9833927
60.62039592682648,240.0,-18.649216,4.9553165
60.62039592682648,241.875,-18.839685,4.921174
60.62039592682648,243.75,-19.036911,4.811749
60.62039592682648,245.625,-19.188377,4.652731
60.62039592682648,247.5,-19.26449,4.4546194
60.62039592682648,249.375,-19.409412,4.313005
60.62039592682648,251.25,-19.622341,4.192179
60.62039592682648,253.125,-20.040329,4.105422
60.62039592682648,255.0,-20.691189,3.993702
60.62039592682648,256.875,-21.359724,3.9079309
60.62039592682648,258.75,-21.879314,3.7394307
60.62039592682648,260.625,-22.091501,3.4872398
60.62039592682648,262.5,-21.942244,3.2192075
60.62039592682648,264.375,-21.560154,2.9627175
60.62039592682648,266.25,-16.668396,2.6663141
60.62039592682648,268.125,-17.9474,2.2968142
60.62039592682648,270.0,-18.82658,2.172144
60.62039592682648,271.875,-19.335623,2.1347404
60.62039592682648,273.75,-19.531502,2.156947
60.62039592682648,275.625,-19.52609,2.2683156
60.62039592682648,277.5,-19.414236,2.47414
60.62039592682648,279.375,-19.257576,2.9113297
60.62039592682648,281.25,-18.641424,3.6242638
60.62039592682648,283.125,-21.515974,3.2258732
60.62039592682648,285.0,-22.010408,3.355549
60.62039592682648,286.875,-22.1299,3.4415116
60.62039592682648,288.75,-21.762869,3.5383546
60.62039592682648,290.625,-18.364431,3.0486457
60.62039592682648,292.5,-18.218357,3.4086244
60.62039592682648,294.375,-17.391523,3.7360744
60.62039592682648,296.25,-15.739959,4.4831414
60.62039592682648,298.125,-11.710995,6.385838
60.62039592682648,300.0,-3.5728498,6.1442432
60.62039592682648,301.875,2.2600992,3.7690344
60.62039592682648,303.75,3.7737124,2.205319
60.62039592682648,305.625,4.055685,1.6459446
60.62039592682648,307.5,3.834064,1.6548115
60.62039592682648,309.375,2.6829898,1.4993207
60.62039592682648,311.25,1.6256655,1.250416
60.62039592682648,313.125,0.24470855,1.1092321
60.62039592682648,315.0,-9.586151,2.4529934
60.62039592682648,316.875,-7.417421,2.4971921
60.62039592682648,318.75,3.1170914,1.3160223
60.62039592682648,320.625,7.055548,0.46925598
60.62039592682648,322.5,7.218146,0.5296602
60.62039592682648,324.375,7.4058604,0.5489401
60.62039592682648,326.25,7.70463,0.59585404
60.62039592682648,328.125,8.398634,0.5806135
60.62039592682648,330.0,8.930607,0.42870045
60.62039592682648,331.875,9.147677,0.36094585
60.62039592682648,333.75,9.607462,0.38188773
60.62039592682648,335.625,9.870567,0.40230474
60.62039592682648,337.5,9.990392,0.42960355
60.62039592682648,339.375,10.07465,0.46181178
60.62039592682648,341.25,10.164982,0.544467
60.62039592682648,343.125,10.470626,0.5443157
60.62039592682648,345.0,10.805939,0.42705658
60.62039592682648,346.875,11.061017,0.34906146
60.62039592682648,348.75,11.109064,0.33534935
60.62039592682648,350.625,10.912403,0.33747423
60.62039592682648,352.5,10.388263,0.37745115
60.62039592682648,354.375,9.894532,0.37423328
60.62039592682648,356.25,10.0924425,0.3767075
60.62039592682648,358.125,9.639103,0.45556143
62.48557052203639,0.0,9.364474,0.645034
62.48557052203639,1.875,9.542052,0.39698598
62.48557052203639,3.75,8.234415,0.55739045
62.48557052203639,5.625,7.4264464,0.60259324
62.48557052203639,7.5,-2.848807,2.7719383
62.48557052203639,9.375,-5.5922256,3.1141884
62.48557052203639,11.25,-7.3523817,3.2902346
62.48557052203639,13.125,-7.9154873,3.3520339
62.48557052203639,15.0,-7.429178,3.3838184
62.48557052203639,16.875,-6.416483,3.4087937
62.48557052203639,18.75,-0.6633969,2.2332323
62.48557052203639,20.625,-0.6002133,1.8365839
62.48557052203639,22.5,-5.582792,3.5587049
62.48557052203639,24.375,-6.322577,3.7208967
62.48557052203639,26.25,-7.223612,3.846563
62.48557052203639,28.125,-8.000428,3.8778594
62.48557052203639,30.0,-8.538241,3.8489726
62.48557052203639,31.875,-8.803123,3.7899165
62.48557052203639,33.75,-8.908359,3.7471974
62.48557052203639,35.625,-8.973925,3.7153761
62.48557052203639,37.5,-9.08955,3.720985
62.48557052203639,39.375,-9.363612,3.7406101
62.48557052203639,41.25,-9.791796,3.7106476
62.48557052203639,43.125,-10.329472,3.6835127
62.48557052203639,45.0,-10.872968,3.6613886
62.48557052203639,46.875,-11.303866,3.676635
62.48557052203639,48.75,-11.604276,3.693831
62.48557052203639,50.625,-11.807303,3.731309
62.48557052203639,52.5,-12.047948,3.7713013
62.48557052203639,54.375,-12.404745,3.794778
62.48557052203639,56.25,-12.930331,3.8095136
62.48557052203639,58.125,-13.549647,3.82248
62.48557052203639,60.0,-14.168493,3.8753128
62.48557052203639,61.875,-14.598298,3.938178
62.48557052203639,63.75,-14.786463,4.048515
62.48557052203639,65.625,-14.875193,4.1562533
62.48557052203639,67.5,-14.986658,4.287287
62.48557052203639,69.375,-15.190603,4.364117
62.48557052203639,71.25,-15.538513,4.416137
62.48557052203639,73.125,-15.967634,4.4577827
62.48557052203639,75.0,-16.44209,4.5059204
62.48557052203639,76.875,-16.888182,4.559815
62.48557052203639,78.75,-17.312595,4.6295457
62.48557052203639,80.625,-17.719099,4.689173
62.48557052203639,82.5,-18.123512,4.747646
62.48557052203639,84.375,-18.453669,4.7617164
62.48557052203639,86.25,-18.762127,4.7465725
62.48557052203639,88.125,-19.124235,4.72759
62.48557052203639,90.0,-19.608788,4.6748185
62.48557052203639,91.875,-20.283806,4.638922
62.48557052203639,93.75,-21.141052,4.586928
62.48557052203639,95.625,-22.040154,4.5054374
62.48557052203639,97.5,-22.81736,4.384333
62.48557052203639,99.375,-23.26574,4.248111
62.48557052203639,101.25,-23.404568,4.1412373
62.48557052203639,103.125,-23.446423,4.0437155
62.48557052203639,105.0,-23.56115,4.000169
62.48557052203639,106.875,-23.923552,4.0008483
62.48557052203639,108.75,-24.466131,3.9873836
62.48557052203639,110.625,-25.028376,3.8736155
62.48557052203639,112.5,-25.381756,3.6958218
62.48557052203639,114.375,-25.340036,3.5029924
62.48557052203639,116.25,-25.166521,3.3403924
62.48557052203639,118.125,-25.270819,3.274329
62.48557052203639,120.0,-26.012321,3.2580452
62.48557052203639,121.875,-26.71863,3.2453425
62.48557052203639,123.75,-27.31078,3.0911267
62.48557052203639,125.625,-27.68783,2.9194684
62.48557052203639,127.5,-27.551813,2.7380235
62.48557052203639,129.375,-27.131931,2.5948896
62.48557052203639,131.25,-26.971794,2.5437243
62.48557052203639,133.125,-27.226639,2.61492
62.48557052203639,135.0,-27.391268,2.613361
62.48557052203639,136.875,-27.378025,2.5701895
62.48557052203639,138.75,-28.155115,2.7021782
62.48557052203639,140.625,-27.854548,2.7869387
62.48557052203639,142.5,-27.702673,2.7779002
62.48557052203639,144.375,-27.510231,2.7871952
62.48557052203639,146.25,-27.468552,2.837783
62.48557052203639,148.125,-27.465076,2.9724076
62.48557052203639,150.0,-27.050526,3.1404982
62.48557052203639,151.875,-25.843983,3.3058856
62.48557052203639,153.75,-24.097849,3.379758
62.48557052203639,155.625,-22.662752,3.4488165
62.48557052203639,157.5,-21.430037,3.5058613
62.48557052203639,159.375,-20.879997,3.5127544
62.48557052203639,161.25,-20.97826,3.6398525
62.48557052203639,163.125,-21.405037,3.8354478
62.48557052203639,165.0,-21.798182,4.0284743
62.48557052203639,166.875,-22.015583,4.126794
62.48557052203639,168.75,-21.91613,4.167334
62.48557052203639,170.625,-21.564354,4.1436315
62.48557052203639,172.5,-21.041014,4.0838017
62.48557052203639,174.375,-20.389803,4.0100856
62.48557052203639,176.25,-19.429,3.974175
62.48557052203639,178.125,-18.32652,3.9487872
62.48557052203639,180.0,-13.941874,4.2396126
62.48557052203639,181.875,-13.509765,3.9743845
62.48557052203639,183.75,-11.96537,4.0764675
62.48557052203639,185.625,-11.317733,3.814765
62.48557052203639,187.5,-10.65912,3.4898052
62.48557052203639,189.375,-10.689901,3.5816052
62.48557052203639,191.25,-11.653886,3.637867
62.48557052203639,193.125,-10.674355,3.6455274
62.48557052203639,195.0,-15.793865,4.541368
62.48557052203639,196.875,-16.024704,4.856149
62.48557052203639,198.75,-16.896013,5.2641373
62.48557052203639,200.625,-17.951326,5.729567
62.48557052203639,202.5,-18.843962,6.1004934
62.48557052203639,204.375,-19.407751,6.2987146
62.48557052203639,206.25,-19.655018,6.3934646
62.48557052203639,208.125,-19.832067,6.4171696
62.48557052203639,210.0,-20.013748,6.2957807
62.48557052203639,211.875,-20.34822,6.1372743
62.48557052203639,213.75,-20.858492,5.984471
62.48557052203639,215.625,-21.200092,5.8062305
62.48557052203639,217.5,-21.374428,5.6717763
62.48557052203639,219.375,-21.453396,5.51192
62.48557052203639,221.25,-21.448532,5.486638
62.48557052203639,223.125,-21.506346,5.506893
62.48557052203639,225.0,-21.759178,5.6108036
62.48557052203639,226.875,-22.101912,5.6807756
62.48557052203639,228.75,-22.431364,5.636285
62.48557052203639,230.625,-22.609217,5.4468884
62.48557052203639,232.5,-22.564978,5.2046204
62.48557052203639,234.375,-21.194353,4.969888
62.48557052203639,236.25,-20.714409,4.7856526
62.48557052203639,238.125,-21.059917,4.634633
62.48557052203639,240.0,-21.406792,4.4933863
62.48557052203639,241.875,-21.678999,4.435765
62.48557052203639,243.75,-21.888023,4.414659
62.48557052203639,245.625,-22.095678,4.3740373
62.48557052203639,247.5,-22.264624,4.300067
62.48557052203639,249.375,-22.400503,4.198736
62.48557052203639,251.25,-22.53562,4.057439
62.48557052203639,253.125,-22.777712,3.9378843
62.48557052203639,255.0,-23.11115,3.8202043
62.48557052203639,256.875,-23.486639,3.6927931
62.48557052203639,258.75,-23.791912,3.578862
62.48557052203639,260.625,-23.9099,3.3553774
62.48557052203639,262.5,-23.857244,3.1080713
62.48557052203639,264.375,-23.666208,2.920465
62.48557052203639,266.25,-23.485037,2.7567434
62.48557052203639,268.125,-23.505095,2.6272268
62.48557052203639,270.0,-18.43369,2.2125235
62.48557052203639,271.875,-19.654236,2.1196225
62.48557052203639,273.75,-19.712635,2.2136917
62.48557052203639,275.625,-19.66197,2.2503686
62.48557052203639,277.5,-19.74988,2.3289099
62.48557052203639,279.375,-20.377947,2.5090325
62.48557052203639,281.25,-20.366795,3.054724
62.48557052203639,283.125,-20.599236,3.0514302
62.48557052203639,285.0,-20.797321,3.1991522
62.48557052203639,286.875,-20.509392,3.186791
62.48557052203639,288.75,-19.848122,3.1612782
62.48557052203639,290.625,-23.095016,3.8907192
62.48557052203639,292.5,-22.391384,4.0864205
62.48557052203639,294.375,-17.088709,2.9025843
62.48557052203639,296.25,-16.301329,3.5695047
62.48557052203639,298.125,-12.97871,6.012179
62.48557052203639,300.0,-5.803514,6.830284
62.48557052203639,301.875,-0.066014096,4.2891397
62.48557052203639,303.75,1.8937515,2.3148682
62.48557052203639,305.625,2.2459586,1.6381073
62.48557052203639,307.5,2.1260953,1.3585284
62.48557052203639,309.375,1.5978335,1.050413
62.48557052203639,311.25,-17.840155,2.6226022
62.48557052203639,313.125,-19.79744,2.9635973
62.48557052203639,315.0,-19.212986,2.9432771
62.48557052203639,316.875,-15.440155,2.7033153
62.48557052203639,318.75,-1.7722837,2.1442456
62.48557052203639,320.625,5.8070326,0.7579955
62.48557052203639,322.5,7.157013,0.40375286
62.48557052203639,324.375,7.4654503,0.4244074
62.48557052203639,326.25,7.566896,0.47667557
62.48557052203639,328.125,7.813224,0.5060095
62.48557052203639,330.0,8.232208,0.489135
62.48557052203639,331.875,8.633302,0.3791603
62.48557052203639,333.75,8.778849,0.31923625
62.48557052203639,335.625,8.929259,0.328517
62.48557052203639,337.5,9.295314,0.3635757
62.48557052203639,339.375,9.563576,0.35792917
62.48557052203639,341.25,9.942169,0.35172066
62.48557052203639,343.125,10.131759,0.36657143
62.48557052203639,345.0,10.246857,0.38674518
62.48557052203639,346.875,10.554005,0.3563505
62.48557052203639,348.75,10.302716,0.31887183
62.48557052203639,350.625,9.78342,0.36371598
62.48557052203639,352.5,9.0040245,0.39981523
62.48557052203639,354.375,8.803263,0.50680727
62.48557052203639,356.25,8.189005,0.79614323
62.48557052203639,358.125,8.130743,0.8822739
64.35073040887207,0.0,7.487814,0.9085039
64.35073040887207,1.875,7.9098253,0.9218947
64.35073040887207,3.75,8.679923,0.6437535
64.35073040887207,5.625,9.148185,0.39955622
64.35073040887207,7.5,8.326505,0.49604875
64.35073040887207,9.375,7.2892785,0.55545217
64.35073040887207,11.25,-4.782694,3.1599712
64.35073040887207,13.125,-6.895643,3.453021
64.35073040887207,15.0,-8.223671,3.5684874
64.35073040887207,16.875,-8.659901,3.5966156
64.35073040887207,18.75,-8.446366,3.57248
64.35073040887207,20.625,-7.997069,3.5944273
64.35073040887207,22.5,-4.324725,3.2500358
64.35073040887207,24.375,-7.709198,3.7224066
64.35073040887207,26.25,-8.032147,3.762145
64.35073040887207,28.125,-8.469217,3.7643046
64.35073040887207,30.0,-9.057538,3.7812867
64.35073040887207,31.875,-9.515487,3.75346
64.35073040887207,33.75,-9.828788,3.7627401
64.35073040887207,35.625,-9.955799,3.7433949
64.35073040887207,37.5,-10.0348425,3.739855
64.35073040887207,39.375,-10.146092,3.7427566
64.35073040887207,41.25,-10.379882,3.743019
64.35073040887207,43.125,-10.762967,3.7518778
64.35073040887207,45.0,-11.254472,3.7630217
64.35073040887207,46.875,-11.745995,3.8167863
64.35073040887207,48.75,-12.187792,3.9008734
64.35073040887207,50.625,-12.6106825,3.987491
64.35073040887207,52.5,-13.052792,4.0684986
64.35073040887207,54.375,-13.5893545,4.0951037
64.35073040887207,56.25,-14.256892,4.102727
64.35073040887207,58.125,-15.019275,4.1082845
64.35073040887207,60.0,-15.821658,4.1444736
64.35073040887207,61.875,-16.50412,4.235056
64.35073040887207,63.75,-16.991562,4.3569093
64.35073040887207,65.625,-17.23293,4.4463654
64.35073040887207,67.5,-17.345018,4.542537
64.35073040887207,69.375,-17.399765,4.583705
64.35073040887207,71.25,-17.475916,4.563467
64.35073040887207,73.125,-17.616873,4.5486226
64.35073040887207,75.0,-17.888533,4.537764
64.35073040887207,76.875,-18.171326,4.5507693
64.35073040887207,78.75,-18.497654,4.603116
64.35073040887207,80.625,-18.851912,4.6801643
64.35073040887207,82.5,-19.21283,4.77653
64.35073040887207,84.375,-19.627518,4.8533845
64.35073040887207,86.25,-20.116423,4.8816533
64.35073040887207,88.125,-20.748083,4.844236
64.35073040887207,90.0,-21.572458,4.7913055
64.35073040887207,91.875,-22.492517,4.67325
64.35073040887207,93.75,-23.498611,4.5184073
64.35073040887207,95.625,-24.414217,4.3857794
64.35073040887207,97.5,-25.019432,4.2038393
64.35073040887207,99.375,-25.285564,4.0747075
64.35073040887207,101.25,-25.382048,3.9544542
64.35073040887207,103.125,-25.51738,3.8431911
64.35073040887207,105.0,-25.725954,3.7630048
64.35073040887207,106.875,-26.022654,3.6771438
64.35073040887207,108.75,-26.454626,3.5736113
64.35073040887207,110.625,-26.7641,3.4308095
64.35073040887207,112.5,-26.767029,3.2881272
64.35073040887207,114.375,-26.59121,3.0947692
64.35073040887207,116.25,-26.745583,3.0472367
64.35073040887207,118.125,-27.216072,3.0070004
64.35073040887207,120.0,-27.802946,2.9799566
64.35073040887207,121.875,-28.364801,2.9680204
64.35073040887207,123.75,-28.818806,2.8797119
64.35073040887207,125.625,-29.021502,2.6891878
64.35073040887207,127.5,-28.88902,2.567205
64.35073040887207,129.375,-28.490173,2.424398
64.35073040887207,131.25,-28.238455,2.3657374
64.35073040887207,133.125,-28.290916,2.3745403
64.35073040887207,135.0,-28.493982,2.361812
64.35073040887207,136.875,-29.586248,2.4020147
64.35073040887207,138.75,-29.437185,2.5469732
64.35073040887207,140.625,-29.624157,2.5337658
64.35073040887207,142.5,-29.894665,2.532474
64.35073040887207,144.375,-29.615643,2.5736575
64.35073040887207,146.25,-28.966658,2.6205258
64.35073040887207,148.125,-28.427185,2.6129305
64.35073040887207,150.0,-27.9699,2.6858366
64.35073040887207,151.875,-26.962908,2.9238875
64.35073040887207,153.75,-25.803278,3.1791124
64.35073040887207,155.625,-24.878338,3.3994648
64.35073040887207,157.5,-24.161951,3.5617
64.35073040887207,159.375,-23.671873,3.607573
64.35073040887207,161.25,-23.614548,3.6816597
64.35073040887207,163.125,-23.726091,3.781745
64.35073040887207,165.0,-23.780193,3.789931
64.35073040887207,166.875,-23.667479,3.8462982
64.35073040887207,168.75,-23.389294,3.900676
64.35073040887207,170.625,-23.047302,3.9018133
64.35073040887207,172.5,-22.730232,3.9007308
64.35073040887207,174.375,-22.38949,3.8717556
64.35073040887207,176.25,-21.930916,3.8350673
64.35073040887207,178.125,-21.227165,3.8436973
64.35073040887207,180.0,-16.512928,3.1645772
64.35073040887207,181.875,-15.089178,2.9637415
64.35073040887207,183.75,-13.877224,2.9334538
64.35073040887207,185.625,-18.737165,3.9222126
64.35073040887207,187.5,-14.678435,3.1761994
64.35073040887207,189.375,-18.437693,4.0914173
64.35073040887207,191.25,-15.432791,3.470271
64.35073040887207,193.125,-13.760331,3.4838545
64.35073040887207,195.0,-18.678825,4.601455
64.35073040887207,196.875,-18.686228,4.8588285
64.35073040887207,198.75,-19.066248,5.1780953
64.35073040887207,200.625,-19.508005,5.4823256
64.35073040887207,202.5,-19.83697,5.6904864
64.35073040887207,204.375,-20.009548,5.7983737
64.35073040887207,206.25,-20.035856,5.8181777
64.35073040887207,208.125,-20.059587,5.760461
64.35073040887207,210.0,-20.224586,5.6334343
64.35073040887207,211.875,-20.60615,5.458764
64.35073040887207,213.75,-21.099018,5.314141
64.35073040887207,215.625,-21.482515,5.238031
64.35073040887207,217.5,-21.69146,5.2191777
64.35073040887207,219.375,-21.755854,5.238268
64.35073040887207,221.25,-21.849644,5.303729
64.35073040887207,223.125,-22.395485,5.374234
64.35073040887207,225.0,-22.68445,5.4883704
64.35073040887207,226.875,-22.809978,5.420374
64.35073040887207,228.75,-22.963434,5.3223195
64.35073040887207,230.625,-23.058533,5.2250757
64.35073040887207,232.5,-23.032225,5.008951
64.35073040887207,234.375,-22.03019,4.8673954
64.35073040887207,236.25,-22.362555,4.669414
64.35073040887207,238.125,-22.954252,4.4581113
64.35073040887207,240.0,-23.49443,4.3115654
64.35073040887207,241.875,-23.81281,4.233082
64.35073040887207,243.75,-24.046812,4.198773
64.35073040887207,245.625,-24.338608,4.1910286
64.35073040887207,247.5,-24.632065,4.133465
64.35073040887207,249.375,-24.818571,3.9884758
64.35073040887207,251.25,-24.877537,3.8706398
64.35073040887207,253.125,-24.883493,3.7436135
64.35073040887207,255.0,-24.925407,3.5835953
64.35073040887207,256.875,-25.058006,3.479191
64.35073040887207,258.75,-25.356853,3.3493528
64.35073040887207,260.625,-25.702635,3.2146902
64.35073040887207,262.5,-26.166014,3.0795665
64.35073040887207,264.375,-26.743845,3.0072107
64.35073040887207,266.25,-27.0791,2.9736688
64.35073040887207,268.125,-27.361658,2.9934804
64.35073040887207,270.0,-27.448963,3.0068169
64.35073040887207,271.875,-27.30652,3.022263
64.35073040887207,273.75,-26.531658,2.943154
64.35073040887207,275.625,-26.052517,2.9763064
64.35073040887207,277.5,-26.369509,3.094669
64.35073040887207,279.375,-23.214548,2.6418688
64.35073040887207,281.25,-22.625818,2.755153
64.35073040887207,283.125,-25.43363,3.3334265
64.35073040887207,285.0,-20.595232,3.4212177
64.35073040887207,286.875,-25.821619,3.6923192
64.35073040887207,288.75,-26.011013,3.974298
64.35073040887207,290.625,-26.250525,4.2164626
64.35073040887207,292.5,-26.438494,4.4337983
64.35073040887207,294.375,-25.874413,4.509922
64.35073040887207,296.25,-20.188377,3.2943428
64.35073040887207,298.125,-18.477285,3.5911822
64.35073040887207,300.0,-13.141638,5.5164227
64.35073040887207,301.875,-4.2737093,5.609137
64.35073040887207,303.75,0.5944351,2.706372
64.35073040887207,305.625,1.6160171,1.27083
64.35073040887207,307.5,1.3502164,1.0069716
64.35073040887207,309.375,-19.64371,3.0997136
64.35073040887207,311.25,-23.648865,3.0140986
64.35073040887207,313.125,-26.248005,3.0712788
64.35073040887207,315.0,-26.708513,3.1720347
64.35073040887207,316.875,-23.855915,3.0484698
64.35073040887207,318.75,-17.87111,2.6609337
64.35073040887207,320.625,-2.458807,2.199642
64.35073040887207,322.5,2.2226381,1.6106734
64.35073040887207,324.375,5.8852553,0.79175395
64.35073040887207,326.25,7.5061536,0.41487598
64.35073040887207,328.125,7.7374816,0.39717
64.35073040887207,330.0,7.9855285,0.42236254
64.35073040887207,331.875,8.442697,0.32139772
64.35073040887207,333.75,7.8227553,0.29541185
64.35073040887207,335.625,7.019923,0.37493873
64.35073040887207,337.5,-0.10943207,1.5842746
64.35073040887207,339.375,-0.68722504,1.5831087
64.35073040887207,341.25,-1.0974008,1.5573381
64.35073040887207,343.125,-3.9435923,1.6164056
64.35073040887207,345.0,-0.08915863,1.3568436
64.35073040887207,346.875,8.698165,0.5621074
64.35073040887207,348.75,9.306466,0.58719
64.35073040887207,350.625,7.5884,1.0662692
64.35073040887207,352.5,5.612716,1.0212553
64.35073040887207,354.375,5.4873643,0.8723668
64.35073040887207,356.25,5.492345,0.7674725
64.35073040887207,358.125,6.308751,0.8210549
66.2158721139987,0.0,5.878048,1.0920355
66.2158721139987,1.875,6.656837,0.98867416
66.2158721139987,3.75,7.702677,0.6303567
66.2158721139987,5.625,8.668478,0.3748175
66.2158721139987,7.5,8.834728,0.38634482
66.2158721139987,9.375,8.232521,0.55702347
66.2158721139987,11.25,6.7088685,0.77514654
66.2158721139987,13.125,-5.3393345,3.337116
66.2158721139987,15.0,-7.8767567,3.694377
66.2158721139987,16.875,-9.595507,3.7309422
66.2158721139987,18.75,-10.378143,3.6452048
66.2158721139987,20.625,-10.575135,3.6446147
66.2158721139987,22.5,-10.393632,3.6575959
66.2158721139987,24.375,-10.146385,3.7057958
66.2158721139987,26.25,-10.0420885,3.727859
66.2158721139987,28.125,-10.049042,3.700201
66.2158721139987,30.0,-10.225819,3.6602325
66.2158721139987,31.875,-10.441737,3.6372445
66.2158721139987,33.75,-10.535409,3.6127522
66.2158721139987,35.625,-7.8971863,3.616404
66.2158721139987,37.5,-10.430897,3.593484
66.2158721139987,39.375,-10.388651,3.5999439
66.2158721139987,41.25,-7.417284,3.4305499
66.2158721139987,43.125,-7.723085,3.2693949
66.2158721139987,45.0,-11.296366,3.7714732
66.2158721139987,46.875,-11.968768,3.8921065
66.2158721139987,48.75,-12.736073,4.041125
66.2158721139987,50.625,-13.483573,4.189443
66.2158721139987,52.5,-14.205819,4.271926
66.2158721139987,54.375,-14.907284,4.2981534
66.2158721139987,56.25,-15.628632,4.3157907
66.2158721139987,58.125,-16.386951,4.3042164
66.2158721139987,60.0,-17.141289,4.3053474
66.2158721139987,61.875,-17.81791,4.359636
66.2158721139987,63.75,-18.403748,4.43745
66.2158721139987,65.625,-18.889118,4.4902654
66.2158721139987,67.5,-19.193026,4.5201116
66.2158721139987,69.375,-19.422888,4.58358
66.2158721139987,71.25,-19.609276,4.6088657
66.2158721139987,73.125,-19.790173,4.627821
66.2158721139987,75.0,-19.983416,4.6576385
66.2158721139987,76.875,-20.140993,4.6499557
66.2158721139987,78.75,-20.31412,4.687614
66.2158721139987,80.625,-20.51281,4.747983
66.2158721139987,82.5,-20.7841,4.8085876
66.2158721139987,84.375,-21.198025,4.8587604
66.2158721139987,86.25,-21.77074,4.851345
66.2158721139987,88.125,-22.572966,4.7435904
66.2158721139987,90.0,-23.523533,4.6366143
66.2158721139987,91.875,-24.64693,4.505916
66.2158721139987,93.75,-25.8716,4.327198
66.2158721139987,95.625,-26.84951,4.1524463
66.2158721139987,97.5,-27.337635,3.862562
66.2158721139987,99.375,-27.716755,3.6293187
66.2158721139987,101.25,-27.918943,3.5366275
66.2158721139987,103.125,-27.977634,3.5174727
66.2158721139987,105.0,-28.070408,3.4915392
66.2158721139987,106.875,-28.147303,3.4348097
66.2158721139987,108.75,-28.364548,3.3894007
66.2158721139987,110.625,-28.4974,3.2372603
66.2158721139987,112.5,-28.218084,3.0804322
66.2158721139987,114.375,-27.956188,2.9359148
66.2158721139987,116.25,-28.028845,2.868871
66.2158721139987,118.125,-28.425682,2.8359168
66.2158721139987,120.0,-28.805231,2.82537
66.2158721139987,121.875,-29.048729,2.8081443
66.2158721139987,123.75,-29.290272,2.7253342
66.2158721139987,125.625,-29.635857,2.6052425
66.2158721139987,127.5,-30.272575,2.5097058
66.2158721139987,129.375,-30.876677,2.3897252
66.2158721139987,131.25,-31.19867,2.271086
66.2158721139987,133.125,-31.493006,2.2358649
66.2158721139987,135.0,-31.589392,2.2508001
66.2158721139987,136.875,-31.260174,2.2512577
66.2158721139987,138.75,-30.754177,2.2623045
66.2158721139987,140.625,-30.16525,2.2736714
66.2158721139987,142.5,-29.36701,2.2329335
66.2158721139987,144.375,-28.393084,2.2404695
66.2158721139987,146.25,-27.918318,2.2282617
66.2158721139987,148.125,-27.75406,2.2920215
66.2158721139987,150.0,-27.941072,2.4648395
66.2158721139987,151.875,-27.696697,2.7151825
66.2158721139987,153.75,-27.130075,2.9295723
66.2158721139987,155.625,-26.33076,3.1394706
66.2158721139987,157.5,-25.58408,3.3431742
66.2158721139987,159.375,-25.133884,3.490625
66.2158721139987,161.25,-24.959549,3.5606854
66.2158721139987,163.125,-24.932869,3.6155288
66.2158721139987,165.0,-24.951189,3.6257055
66.2158721139987,166.875,-24.86287,3.64479
66.2158721139987,168.75,-24.605192,3.6661386
66.2158721139987,170.625,-24.351482,3.700942
66.2158721139987,172.5,-24.277908,3.734605
66.2158721139987,174.375,-24.326715,3.812685
66.2158721139987,176.25,-24.266912,3.833857
66.2158721139987,178.125,-24.088612,3.8454912
66.2158721139987,180.0,-23.75447,3.8734612
66.2158721139987,181.875,-23.297205,3.9261286
66.2158721139987,183.75,-22.71935,3.9918542
66.2158721139987,185.625,-22.142183,4.0527763
66.2158721139987,187.5,-21.644976,4.1227746
66.2158721139987,189.375,-21.387066,4.265893
66.2158721139987,191.25,-19.838806,4.3191075
66.2158721139987,193.125,-19.939312,4.453836
66.2158721139987,195.0,-21.52736,4.6850405
66.2158721139987,196.875,-21.803259,4.9377666
66.2158721139987,198.75,-22.023298,5.1486263
66.2158721139987,200.625,-22.280954,5.306982
66.2158721139987,202.5,-22.464685,5.4115644
66.2158721139987,204.375,-22.49365,5.4360766
66.2158721139987,206.25,-22.413279,5.368367
66.2158721139987,208.125,-22.362028,5.2723475
66.2158721139987,210.0,-22.445095,5.108217
66.2158721139987,211.875,-22.75945,4.9160275
66.2158721139987,213.75,-23.22611,4.7520623
66.2158721139987,215.625,-23.580036,4.6742682
66.2158721139987,217.5,-23.760271,4.677351
66.2158721139987,219.375,-23.74488,4.7217326
66.2158721139987,221.25,-23.685036,4.7897506
66.2158721139987,223.125,-23.530798,4.8508453
66.2158721139987,225.0,-23.374313,4.9059057
66.2158721139987,226.875,-23.24365,4.9007454
66.2158721139987,228.75,-23.18789,4.8834767
66.2158721139987,230.625,-23.278688,4.8285084
66.2158721139987,232.5,-23.478123,4.729668
66.2158721139987,234.375,-23.800858,4.5922227
66.2158721139987,236.25,-24.292908,4.4332833
66.2158721139987,238.125,-25.230564,4.1716413
66.2158721139987,240.0,-25.57906,4.052106
66.2158721139987,241.875,-25.382614,4.081064
66.2158721139987,243.75,-25.69947,4.09118
66.2158721139987,245.625,-26.079979,4.0653863
66.2158721139987,247.5,-26.434547,4.019432
66.2158721139987,249.375,-26.716463,3.9063773
66.2158721139987,251.25,-26.820467,3.7880793
66.2158721139987,253.125,-26.814333,3.6641595
66.2158721139987,255.0,-26.885994,3.5168457
66.2158721139987,256.875,-27.095407,3.4073865
66.2158721139987,258.75,-27.426443,3.3079
66.2158721139987,260.625,-27.836931,3.2413268
66.2158721139987,262.5,-28.226208,3.1595578
66.2158721139987,264.375,-28.699743,3.111809
66.2158721139987,266.25,-29.124958,3.1280994
66.2158721139987,268.125,-29.473494,3.1670105
66.2158721139987,270.0,-29.62906,3.1961884
66.2158721139987,271.875,-29.529041,3.2178695
66.2158721139987,273.75,-29.532381,3.2920668
66.2158721139987,275.625,-28.763805,3.2361872
66.2158721139987,277.5,-25.0282,2.7509804
66.2158721139987,279.375,-24.739548,2.799725
66.2158721139987,281.25,-24.826658,3.0126698
66.2158721139987,283.125,-24.932537,3.2940092
66.2158721139987,285.0,-25.043612,3.6964223
66.2158721139987,286.875,-28.000643,3.8444495
66.2158721139987,288.75,-28.735115,4.0699134
66.2158721139987,290.625,-29.145798,4.2583914
66.2158721139987,292.5,-29.115192,4.4209223
66.2158721139987,294.375,-28.232634,4.215625
66.2158721139987,296.25,-27.17781,4.169973
66.2158721139987,298.125,-21.587635,3.4817653
66.2158721139987,300.0,-19.762321,3.3547637
66.2158721139987,301.875,-13.604314,5.4260993
66.2158721139987,303.75,-4.1796665,5.905224
66.2158721139987,305.625,0.09724762,2.4237268
66.2158721139987,307.5,-16.561892,3.4155288
66.2158721139987,309.375,-21.115602,3.4851487
66.2158721139987,311.25,-24.546442,3.190597
66.2158721139987,313.125,-27.647205,3.1128075
66.2158721139987,315.0,-29.374216,3.1720629
66.2158721139987,316.875,-29.303102,3.4552689
66.2158721139987,318.75,-26.412966,3.2921226
66.2158721139987,320.625,-21.338903,2.8208997
66.2158721139987,322.5,-16.334217,2.530891
66.2158721139987,324.375,-12.109354,2.371995
66.2158721139987,326.25,-4.692303,2.3277798
66.2158721139987,328.125,-0.5584555,2.2667723
66.2158721139987,330.0,3.1156266,2.002846
66.2158721139987,331.875,3.2131655,1.328696
66.2158721139987,333.75,4.9935756,1.0225013
66.2158721139987,335.625,5.8207045,0.6615064
66.2158721139987,337.5,-0.9014828,1.732926
66.2158721139987,339.375,5.789396,0.5377749
66.2158721139987,341.25,5.8752356,0.42088988
66.2158721139987,343.125,5.6602354,0.48773432
66.2158721139987,345.0,5.1564465,0.5180565
66.2158721139987,346.875,5.2125793,0.6355721
66.2158721139987,348.75,4.852599,0.76203555
66.2158721139987,350.625,3.749689,0.67884463
66.2158721139987,352.5,3.969611,0.7926673
66.2158721139987,354.375,4.6510367,0.8489037
66.2158721139987,356.25,4.941662,0.8263137
66.2158721139987,358.125,5.164337,0.932223
68.08099098565125,0.0,5.9557433,0.8781338
68.08099098565125,1.875,6.2732434,0.8120255
68.08099098565125,3.75,6.4971104,0.73899263
68.08099098565125,5.625,6.874669,0.7112339
68.08099098565125,7.5,7.560431,0.58640504
68.08099098565125,9.375,8.044435,0.46253043
68.08099098565125,11.25,7.209943,0.66470194
68.08099098565125,13.125,6.0945325,0.7055882
68.08099098565125,15.0,5.42715,0.7330787
68.08099098565125,16.875,-8.470077,3.554272
68.08099098565125,18.75,-10.027127,3.6482108
68.08099098565125,20.625,-10.839159,3.6396255
68.08099098565125,22.5,-11.181776,3.597544
68.08099098565125,24.375,-11.313085,3.566067
68.08099098565125,26.25,-11.168339,3.5256374
68.08099098565125,28.125,-10.958124,3.490973
68.08099098565125,30.0,-10.808925,3.4701977
68.08099098565125,31.875,-10.639549,3.3952627
68.08099098565125,33.75,-10.340721,3.3155684
68.08099098565125,35.625,-9.973573,3.2772331
68.08099098565125,37.5,-9.627968,3.271447
68.08099098565125,39.375,-9.450331,3.3322928
68.08099098565125,41.25,-3.6646273,3.3775392
68.08099098565125,43.125,-5.4157996,3.2014158
68.08099098565125,45.0,-6.3538074,3.1510181
68.08099098565125,46.875,-7.776073,3.2981172
68.08099098565125,48.75,-8.677402,3.118263
68.08099098565125,50.625,-13.998181,4.2087774
68.08099098565125,52.5,-14.760155,4.2446127
68.08099098565125,54.375,-15.492362,4.245667
68.08099098565125,56.25,-16.16701,4.222223
68.08099098565125,58.125,-16.802675,4.2011547
68.08099098565125,60.0,-17.497206,4.2553353
68.08099098565125,61.875,-18.217537,4.274412
68.08099098565125,63.75,-18.878592,4.304864
68.08099098565125,65.625,-19.502459,4.389513
68.08099098565125,67.5,-20.112303,4.432277
68.08099098565125,69.375,-20.621286,4.528388
68.08099098565125,71.25,-21.092712,4.6320786
68.08099098565125,73.125,-21.506248,4.713972
68.08099098565125,75.0,-21.85867,4.8069615
68.08099098565125,76.875,-22.140154,4.8608932
68.08099098565125,78.75,-22.327497,4.9282475
68.08099098565125,80.625,-22.515057,4.9570208
68.08099098565125,82.5,-22.761208,5.0074
68.08099098565125,84.375,-23.055271,5.0161896
68.08099098565125,86.25,-23.464392,4.9659758
68.08099098565125,88.125,-24.011774,4.785054
68.08099098565125,90.0,-24.827303,4.5941257
68.08099098565125,91.875,-25.935974,4.4354877
68.08099098565125,93.75,-27.047653,4.2136364
68.08099098565125,95.625,-27.79074,4.0059643
68.08099098565125,97.5,-28.101248,3.813469
68.08099098565125,99.375,-28.275564,3.6402402
68.08099098565125,101.25,-28.653688,3.47522
68.08099098565125,103.125,-29.120485,3.4062448
68.08099098565125,105.0,-29.375174,3.3318202
68.08099098565125,106.875,-29.409763,3.277388
68.08099098565125,108.75,-29.509588,3.1971555
68.08099098565125,110.625,-29.535252,3.1166422
68.08099098565125,112.5,-29.535389,3.010487
68.08099098565125,114.375,-29.223688,2.9104125
68.08099098565125,116.25,-29.202147,2.8369133
68.08099098565125,118.125,-29.346813,2.7814353
68.08099098565125,120.0,-29.612106,2.7602866
68.08099098565125,121.875,-29.929333,2.7764976
68.08099098565125,123.75,-30.181618,2.7263803
68.08099098565125,125.625,-30.569647,2.582997
68.08099098565125,127.5,-30.88529,2.4729633
68.08099098565125,129.375,-31.354197,2.3390932
68.08099098565125,131.25,-31.782127,2.2087507
68.08099098565125,133.125,-31.981949,2.192353
68.08099098565125,135.0,-31.793865,2.2125561
68.08099098565125,136.875,-31.415525,2.1915383
68.08099098565125,138.75,-30.818182,2.1761363
68.08099098565125,140.625,-30.111267,2.1806283
68.08099098565125,142.5,-29.65986,2.1881588
68.08099098565125,144.375,-29.471346,2.2517576
68.08099098565125,146.25,-29.523611,2.3903959
68.08099098565125,148.125,-29.643356,2.5921605
68.08099098565125,150.0,-29.616892,2.7787044
68.08099098565125,151.875,-29.332693,2.924468
68.08099098565125,153.75,-28.7774,3.0410273
68.08099098565125,155.625,-28.086697,3.1032925
68.08099098565125,157.5,-27.114216,3.1464272
68.08099098565125,159.375,-26.056032,3.2905514
68.08099098565125,161.25,-25.58578,3.4018552
68.08099098565125,163.125,-25.33363,3.453301
68.08099098565125,165.0,-25.381346,3.494076
68.08099098565125,166.875,-25.32412,3.5703206
68.08099098565125,168.75,-25.363865,3.622691
68.08099098565125,170.625,-25.42574,3.6372566
68.08099098565125,172.5,-25.52654,3.631763
68.08099098565125,174.375,-25.638708,3.6200404
68.08099098565125,176.25,-25.691267,3.6616814
68.08099098565125,178.125,-25.58197,3.6547735
68.08099098565125,180.0,-25.255037,3.6297166
68.08099098565125,181.875,-24.772419,3.650174
68.08099098565125,183.75,-22.595016,4.166459
68.08099098565125,185.625,-22.204859,4.1412473
68.08099098565125,187.5,-21.89154,4.139764
68.08099098565125,189.375,-21.61939,4.211009
68.08099098565125,191.25,-21.337885,4.368017
68.08099098565125,193.125,-20.994701,4.4861474
68.08099098565125,195.0,-23.044235,4.4938917
68.08099098565125,196.875,-23.396618,4.5950546
68.08099098565125,198.75,-23.868298,4.6903877
68.08099098565125,200.625,-24.255877,4.78875
68.08099098565125,202.5,-24.565193,4.7795486
68.08099098565125,204.375,-24.857908,4.7960987
68.08099098565125,206.25,-25.006071,4.7590995
68.08099098565125,208.125,-25.114647,4.7255807
68.08099098565125,210.0,-25.295506,4.6628036
68.08099098565125,211.875,-25.570564,4.5792866
68.08099098565125,213.75,-25.92572,4.4617386
68.08099098565125,215.625,-26.172459,4.3596416
68.08099098565125,217.5,-26.322048,4.2343197
68.08099098565125,219.375,-26.577068,4.1860833
68.08099098565125,221.25,-26.72365,4.1521797
68.08099098565125,223.125,-26.320173,4.1419683
68.08099098565125,225.0,-25.928865,4.1948447
68.08099098565125,226.875,-25.720192,4.2167864
68.08099098565125,228.75,-25.550526,4.2606096
68.08099098565125,230.625,-25.512575,4.251635
68.08099098565125,232.5,-25.613358,4.209647
68.08099098565125,234.375,-25.786034,4.1640787
68.08099098565125,236.25,-26.053162,4.0896645
68.08099098565125,238.125,-26.374645,3.9588046
68.08099098565125,240.0,-26.808924,3.8890998
68.08099098565125,241.875,-27.394842,3.8116536
68.08099098565125,243.75,-27.833885,3.7470937
68.08099098565125,245.625,-28.16406,3.6916976
68.08099098565125,247.5,-28.39492,3.628838
68.08099098565125,249.375,-28.496346,3.5775707
68.08099098565125,251.25,-28.544235,3.5091414
68.08099098565125,253.125,-28.586912,3.4265244
68.08099098565125,255.0,-28.682106,3.375314
68.08099098565125,256.875,-28.864313,3.3592837
68.08099098565125,258.75,-28.474607,3.2635155
68.08099098565125,260.625,-28.753942,3.2704337
68.08099098565125,262.5,-30.246912,3.272473
68.08099098565125,264.375,-30.391834,3.1711938
68.08099098565125,266.25,-30.593748,3.1174526
68.08099098565125,268.125,-30.775446,3.155679
68.08099098565125,270.0,-30.501911,3.1653504
68.08099098565125,271.875,-30.566013,3.1760569
68.08099098565125,273.75,-30.722282,3.2312245
68.08099098565125,275.625,-30.66408,3.3036175
68.08099098565125,277.5,-30.344782,3.3708985
68.08099098565125,279.375,-26.148748,3.1729279
68.08099098565125,281.25,-25.847479,3.419226
68.08099098565125,283.125,-29.94953,3.804525
68.08099098565125,285.0,-30.364138,3.9687593
68.08099098565125,286.875,-30.574274,4.0546865
68.08099098565125,288.75,-30.755272,4.091699
68.08099098565125,290.625,-30.623436,4.055279
68.08099098565125,292.5,-29.535934,3.864923
68.08099098565125,294.375,-25.196678,3.691955
68.08099098565125,296.25,-24.585056,3.565571
68.08099098565125,298.125,-23.288376,3.337629
68.08099098565125,300.0,-21.189177,3.1554658
68.08099098565125,301.875,-18.145918,3.6319687
68.08099098565125,303.75,-12.188709,5.62258
68.08099098565125,305.625,-6.2715416,5.1484456
68.08099098565125,307.5,-18.034922,3.5547965
68.08099098565125,309.375,-21.516033,3.5479789
68.08099098565125,311.25,-24.142517,3.1621032
68.08099098565125,313.125,-26.885193,3.054038
68.08099098565125,315.0,-29.766384,3.1989536
68.08099098565125,316.875,-31.93308,3.5010846
68.08099098565125,318.75,-32.60347,3.611772
68.08099098565125,320.625,-31.624195,3.3416364
68.08099098565125,322.5,-28.989704,3.0238965
68.08099098565125,324.375,-25.592224,2.7625003
68.08099098565125,326.25,-22.064001,2.587473
68.08099098565125,328.125,-11.5397835,3.1525285
68.08099098565125,330.0,-9.036777,2.9337997
68.08099098565125,331.875,-7.4186316,2.5956182
68.08099098565125,333.75,-4.4568734,2.2992823
68.08099098565125,335.625,-0.48111176,1.9284283
68.08099098565125,337.5,2.9289274,1.4176654
68.08099098565125,339.375,3.819689,0.912415
68.08099098565125,341.25,4.0582633,0.7223015
68.08099098565125,343.125,3.8991811,0.6465287
68.08099098565125,345.0,3.2322671,0.5470204
68.08099098565125,346.875,2.656017,0.5492754
68.08099098565125,348.75,2.519103,0.6067362
68.08099098565125,350.625,3.1691618,0.6871055
68.08099098565125,352.5,3.8261538,0.7536756
68.08099098565125,354.375,4.473693,0.7273441
68.08099098565125,356.25,5.122345,0.7820368
68.08099098565125,358.125,5.5523252,0.8651702
69.94608064698343,0.0,5.172423,0.55760014
69.94608064698343,1.875,5.262892,0.6002607
69.94608064698343,3.75,5.335079,0.67142236
69.94608064698343,5.625,5.5693374,0.7575006
69.94608064698343,7.5,6.0250597,0.77592415
69.94608064698343,9.375,6.6317396,0.6619474
69.94608064698343,11.25,7.2455873,0.6034187
69.94608064698343,13.125,7.505763,0.49472892
69.94608064698343,15.0,7.260841,0.51376927
69.94608064698343,16.875,6.4256263,0.5813278
69.94608064698343,18.75,-6.7958584,3.0217102
69.94608064698343,20.625,-8.145956,3.271585
69.94608064698343,22.5,-9.089627,3.3886566
69.94608064698343,24.375,-9.479159,3.3392088
69.94608064698343,26.25,-9.475116,3.2445638
69.94608064698343,28.125,-9.212109,3.0690272
69.94608064698343,30.0,-8.74535,2.8753614
69.94608064698343,31.875,4.3944936,0.51398814
69.94608064698343,33.75,4.1250796,0.5023112
69.94608064698343,35.625,3.772404,0.45266026
69.94608064698343,37.5,3.339396,0.5378386
69.94608064698343,39.375,2.382853,1.3251019
69.94608064698343,41.25,0.5817789,2.4808342
69.94608064698343,43.125,-1.313807,3.5134501
69.94608064698343,45.0,-3.3252327,4.19563
69.94608064698343,46.875,-5.251776,4.49285
69.94608064698343,48.75,-6.8642564,4.9273124
69.94608064698343,50.625,-8.431073,4.879916
69.94608064698343,52.5,-10.261327,4.9838424
69.94608064698343,54.375,-11.697792,4.7708087
69.94608064698343,56.25,-12.451073,4.779483
69.94608064698343,58.125,-12.698085,4.565797
69.94608064698343,60.0,-12.79576,4.2952204
69.94608064698343,61.875,-13.42664,3.7848878
69.94608064698343,63.75,-13.326464,3.9788268
69.94608064698343,65.625,-13.182264,3.5165284
69.94608064698343,67.5,-20.765348,4.396594
69.94608064698343,69.375,-21.391033,4.407335
69.94608064698343,71.25,-21.89115,4.4586205
69.94608064698343,73.125,-22.393553,4.556502
69.94608064698343,75.0,-22.853884,4.685213
69.94608064698343,76.875,-23.291327,4.832437
69.94608064698343,78.75,-23.712225,4.916942
69.94608064698343,80.625,-24.116344,4.998956
69.94608064698343,82.5,-24.490602,5.0649753
69.94608064698343,84.375,-24.880564,5.061058
69.94608064698343,86.25,-25.258162,4.989732
69.94608064698343,88.125,-25.584919,4.8435144
69.94608064698343,90.0,-25.962927,4.630576
69.94608064698343,91.875,-26.400232,4.3655086
69.94608064698343,93.75,-26.940428,4.1579804
69.94608064698343,95.625,-27.38703,4.0100045
69.94608064698343,97.5,-27.693298,3.814344
69.94608064698343,99.375,-28.00445,3.6442223
69.94608064698343,101.25,-28.495094,3.489641
69.94608064698343,103.125,-28.868513,3.393353
69.94608064698343,105.0,-29.168943,3.2272887
69.94608064698343,106.875,-29.427927,3.1344757
69.94608064698343,108.75,-29.561443,3.028431
69.94608064698343,110.625,-29.69287,2.9918191
69.94608064698343,112.5,-29.837185,2.8789227
69.94608064698343,114.375,-30.014841,2.8611817
69.94608064698343,116.25,-30.218884,2.788411
69.94608064698343,118.125,-30.390583,2.7500303
69.94608064698343,120.0,-30.543982,2.7003124
69.94608064698343,121.875,-30.716717,2.736243
69.94608064698343,123.75,-30.75572,2.659133
69.94608064698343,125.625,-30.633844,2.557458
69.94608064698343,127.5,-30.546053,2.4309552
69.94608064698343,129.375,-30.650349,2.3389182
69.94608064698343,131.25,-30.862185,2.290831
69.94608064698343,133.125,-31.127146,2.2635708
69.94608064698343,135.0,-31.220583,2.2894187
69.94608064698343,136.875,-31.209177,2.3481908
69.94608064698343,138.75,-31.215994,2.385707
69.94608064698343,140.625,-31.331795,2.450419
69.94608064698343,142.5,-31.404411,2.559508
69.94608064698343,144.375,-31.433588,2.664963
69.94608064698343,146.25,-31.256502,2.8351598
69.94608064698343,148.125,-30.903532,3.0231833
69.94608064698343,150.0,-30.407303,3.0957024
69.94608064698343,151.875,-29.793415,3.1019573
69.94608064698343,153.75,-29.113533,3.0885427
69.94608064698343,155.625,-28.515799,3.0792353
69.94608064698343,157.5,-27.891306,3.0762484
69.94608064698343,159.375,-27.270428,3.1293654
69.94608064698343,161.25,-24.007692,3.8573213
69.94608064698343,163.125,-23.625017,3.9947371
69.94608064698343,165.0,-23.370193,4.1249275
69.94608064698343,166.875,-23.113436,4.292642
69.94608064698343,168.75,-23.11662,4.235819
69.94608064698343,170.625,-25.382654,3.5644646
69.94608064698343,172.5,-25.361032,3.508746
69.94608064698343,174.375,-25.438318,3.4330015
69.94608064698343,176.25,-25.537888,3.3948982
69.94608064698343,178.125,-23.736364,3.7719917
69.94608064698343,180.0,-23.355993,3.847662
69.94608064698343,181.875,-23.220955,3.7563882
69.94608064698343,183.75,-23.007069,3.6603374
69.94608064698343,185.625,-22.754177,3.66267
69.94608064698343,187.5,-22.465935,3.7215
69.94608064698343,189.375,-22.178904,3.8731117
69.94608064698343,191.25,-21.87863,4.054007
69.94608064698343,193.125,-21.508299,4.3237963
69.94608064698343,195.0,-21.448786,4.512758
69.94608064698343,196.875,-21.257225,4.784313
69.94608064698343,198.75,-24.567244,3.899824
69.94608064698343,200.625,-24.959665,3.856577
69.94608064698343,202.5,-25.26244,3.8305318
69.94608064698343,204.375,-25.49154,3.8596067
69.94608064698343,206.25,-25.68994,3.876388
69.94608064698343,208.125,-25.75162,3.83085
69.94608064698343,210.0,-25.8149,3.821515
69.94608064698343,211.875,-25.931599,3.8392677
69.94608064698343,213.75,-26.031424,3.8236902
69.94608064698343,215.625,-26.221872,3.787665
69.94608064698343,217.5,-26.422361,3.7607582
69.94608064698343,219.375,-24.578102,4.22625
69.94608064698343,221.25,-24.783552,4.2911687
69.94608064698343,223.125,-25.085154,4.29711
69.94608064698343,225.0,-25.270134,4.4063897
69.94608064698343,226.875,-25.447693,4.4907866
69.94608064698343,228.75,-25.515993,4.62775
69.94608064698343,230.625,-27.615036,3.9307857
69.94608064698343,232.5,-27.66783,3.9083612
69.94608064698343,234.375,-26.035408,4.523924
69.94608064698343,236.25,-26.244236,4.518746
69.94608064698343,238.125,-26.805525,4.086749
69.94608064698343,240.0,-27.194294,3.8985775
69.94608064698343,241.875,-27.534138,3.865011
69.94608064698343,243.75,-27.85197,3.7401032
69.94608064698343,245.625,-30.314705,3.455054
69.94608064698343,247.5,-30.424294,3.3639944
69.94608064698343,249.375,-30.353104,3.3206656
69.94608064698343,251.25,-30.489138,3.3099604
69.94608064698343,253.125,-30.831755,3.2878792
69.94608064698343,255.0,-31.047888,3.3401766
69.94608064698343,256.875,-31.030525,3.3231769
69.94608064698343,258.75,-29.57949,3.1996734
69.94608064698343,260.625,-29.7099,3.1908338
69.94608064698343,262.5,-29.70451,3.0861459
69.94608064698343,264.375,-31.097322,3.096055
69.94608064698343,266.25,-31.265291,3.0471284
69.94608064698343,268.125,-31.525173,3.0126858
69.94608064698343,270.0,-29.490057,2.7908163
69.94608064698343,271.875,-29.678299,2.7985864
69.94608064698343,273.75,-32.346718,3.1537561
69.94608064698343,275.625,-32.52543,3.3188007
69.94608064698343,277.5,-32.55408,3.5707374
69.94608064698343,279.375,-32.446247,3.8113198
69.94608064698343,281.25,-25.439978,4.3401837
69.94608064698343,283.125,-32.214783,3.9939501
69.94608064698343,285.0,-32.290565,4.022932
69.94608064698343,286.875,-32.20488,3.9997592
69.94608064698343,288.75,-31.987537,4.010667
69.94608064698343,290.625,-30.312868,3.6499922
69.94608064698343,292.5,-24.669529,3.1048808
69.94608064698343,294.375,-24.278532,2.9318664
69.94608064698343,296.25,-23.627302,2.8518903
69.94608064698343,298.125,-22.460817,2.761471
69.94608064698343,300.0,-20.719704,2.7214518
69.94608064698343,301.875,-18.382244,3.0478926
69.94608064698343,303.75,-13.100663,5.404471
69.94608064698343,305.625,-22.96656,3.7031662
69.94608064698343,307.5,-23.395662,3.8092015
69.94608064698343,309.375,-24.52619,3.5735872
69.94608064698343,311.25,-24.980486,3.0588539
69.94608064698343,313.125,-27.023142,2.984061
69.94608064698343,315.0,-29.900993,3.1096132
69.94608064698343,316.875,-33.39181,3.4496891
69.94608064698343,318.75,-36.935387,3.7237182
69.94608064698343,320.625,-39.197594,3.6478941
69.94608064698343,322.5,-39.376324,3.1931517
69.94608064698343,324.375,-37.212456,2.75094
69.94608064698343,326.25,-33.704292,2.516434
69.94608064698343,328.125,-29.749977,2.4503927
69.94608064698343,330.0,-25.771873,2.498059
69.94608064698343,331.875,-21.857655,2.639218
69.94608064698343,333.75,-18.166267,2.7964041
69.94608064698343,335.625,-14.919119,2.9501686
69.94608064698343,337.5,-9.156073,2.8823411
69.94608064698343,339.375,-4.068866,2.881034
69.94608064698343,341.25,0.78328276,2.4102108
69.94608064698343,343.125,2.441896,0.9268976
69.94608064698343,345.0,2.666857,0.40514624
69.94608064698343,346.875,2.6518373,0.477239
69.94608064698343,348.75,2.733185,0.54332894
69.94608064698343,350.625,3.0751967,0.6484193
69.94608064698343,352.5,3.4577749,0.7307141
69.94608064698343,354.375,3.9920328,0.6342844
69.94608064698343,356.25,4.580568,0.59434444
69.94608064698343,358.125,4.9821696,0.57582873
71.81113211427447,0.0,4.9463882,0.74668396
71.81113211427447,1.875,5.4389076,0.6261788
71.81113211427447,3.75,5.752716,0.5658732
71.81113211427447,5.625,5.98672,0.59101987
71.81113211427447,7.5,6.414669,0.63376427
71.81113211427447,9.375,6.8937707,0.58742815
71.81113211427447,11.25,7.180841,0.52541155
71.81113211427447,13.125,7.381681,0.47321028
71.81113211427447,15.0,7.5067005,0.42044723
71.81113211427447,16.875,7.3411927,0.38505045
71.81113211427447,18.75,7.0549035,0.40006196
71.81113211427447,20.625,6.942404,0.4061086
71.81113211427447,22.5,6.789747,0.4367459
71.81113211427447,24.375,6.3609776,0.45954219
71.81113211427447,26.25,6.1972475,0.45150632
71.81113211427447,28.125,6.1774817,0.43314186
71.81113211427447,30.0,6.035646,0.422973
71.81113211427447,31.875,5.4933214,0.45412484
71.81113211427447,33.75,4.8435564,0.53143895
71.81113211427447,35.625,4.821271,0.61336064
71.81113211427447,37.5,4.818166,0.6399447
71.81113211427447,39.375,4.409455,0.66649806
71.81113211427447,41.25,3.6580288,1.13323
71.81113211427447,43.125,2.4864469,2.2822561
71.81113211427447,45.0,0.8097281,3.6178682
71.81113211427447,46.875,-1.1333383,4.737781
71.81113211427447,48.75,-3.422264,5.361191
71.81113211427447,50.625,-5.2116785,5.2591457
71.81113211427447,52.5,-15.388867,4.5157275
71.81113211427447,54.375,-16.212383,4.559826
71.81113211427447,56.25,-13.789316,5.683573
71.81113211427447,58.125,-14.467929,5.6446056
71.81113211427447,60.0,-15.237753,5.2846646
71.81113211427447,61.875,-15.738652,4.8287616
71.81113211427447,63.75,-16.15576,4.080941
71.81113211427447,65.625,-16.03326,3.486652
71.81113211427447,67.5,-16.141075,3.3459365
71.81113211427447,69.375,-21.599607,4.2484922
71.81113211427447,71.25,-22.372204,4.3444705
71.81113211427447,73.125,-23.065506,4.433523
71.81113211427447,75.0,-23.519157,4.5458755
71.81113211427447,76.875,-23.969725,4.5768733
71.81113211427447,78.75,-24.415134,4.618709
71.81113211427447,80.625,-24.915466,4.6490116
71.81113211427447,82.5,-25.360641,4.7033696
71.81113211427447,84.375,-25.81699,4.6721034
71.81113211427447,86.25,-26.275232,4.6400104
71.81113211427447,88.125,-26.727262,4.595144
71.81113211427447,90.0,-27.161638,4.489234
71.81113211427447,91.875,-27.633553,4.3255835
71.81113211427447,93.75,-28.118689,4.217807
71.81113211427447,95.625,-28.570232,4.024511
71.81113211427447,97.5,-29.060467,3.7713108
71.81113211427447,99.375,-29.4915,3.5930243
71.81113211427447,101.25,-29.867264,3.4020858
71.81113211427447,103.125,-30.08615,3.2531433
71.81113211427447,105.0,-30.132479,3.1291268
71.81113211427447,106.875,-30.117067,3.0385933
71.81113211427447,108.75,-30.011814,2.9201295
71.81113211427447,110.625,-29.929705,2.7924752
71.81113211427447,112.5,-29.791405,2.7167237
71.81113211427447,114.375,-29.74656,2.6951864
71.81113211427447,116.25,-29.727732,2.6885538
71.81113211427447,118.125,-29.734138,2.684928
71.81113211427447,120.0,-29.780739,2.6846192
71.81113211427447,121.875,-29.737791,2.617878
71.81113211427447,123.75,-29.60111,2.5986805
71.81113211427447,125.625,-29.502928,2.561259
71.81113211427447,127.5,-29.411854,2.4952002
71.81113211427447,129.375,-29.317049,2.4615226
71.81113211427447,131.25,-24.751013,3.3950806
71.81113211427447,133.125,-24.950485,3.2108243
71.81113211427447,135.0,-25.557594,2.9211016
71.81113211427447,136.875,-25.865662,2.9198966
71.81113211427447,138.75,-26.189451,2.8273325
71.81113211427447,140.625,-30.139275,2.6598876
71.81113211427447,142.5,-30.293612,2.7211902
71.81113211427447,144.375,-30.286892,2.769281
71.81113211427447,146.25,-30.067284,2.854311
71.81113211427447,148.125,-29.71949,2.9742627
71.81113211427447,150.0,-26.70318,3.104122
71.81113211427447,151.875,-26.21322,3.203852
71.81113211427447,153.75,-25.82201,3.2667456
71.81113211427447,155.625,-25.43117,3.3050418
71.81113211427447,157.5,-25.130388,3.3490584
71.81113211427447,159.375,-24.857067,3.4165158
71.81113211427447,161.25,-24.601482,3.4440153
71.81113211427447,163.125,-24.445564,3.5308785
71.81113211427447,165.0,-24.282282,3.607614
71.81113211427447,166.875,-24.17658,3.6414387
71.81113211427447,168.75,-24.088709,3.6394322
71.81113211427447,170.625,-24.052458,3.6378825
71.81113211427447,172.5,-23.99525,3.6200092
71.81113211427447,174.375,-23.972536,3.5947664
71.81113211427447,176.25,-24.006071,3.546807
71.81113211427447,178.125,-24.048317,3.4750054
71.81113211427447,180.0,-24.052868,3.4706953
71.81113211427447,181.875,-23.950876,3.4989612
71.81113211427447,183.75,-23.848494,3.449738
71.81113211427447,185.625,-23.800564,3.4087014
71.81113211427447,187.5,-23.724041,3.4043286
71.81113211427447,189.375,-23.665564,3.427945
71.81113211427447,191.25,-23.626013,3.4759521
71.81113211427447,193.125,-23.552341,3.5192385
71.81113211427447,195.0,-23.463612,3.6148233
71.81113211427447,196.875,-23.449743,3.6835394
71.81113211427447,198.75,-23.375603,3.7251976
71.81113211427447,200.625,-23.227575,3.8062818
71.81113211427447,202.5,-23.296345,3.7524977
71.81113211427447,204.375,-23.908201,3.5357163
71.81113211427447,206.25,-23.973475,3.5786226
71.81113211427447,208.125,-24.035622,3.638448
71.81113211427447,210.0,-24.10117,3.6482763
71.81113211427447,211.875,-24.253551,3.6482313
71.81113211427447,213.75,-24.545994,3.6079874
71.81113211427447,215.625,-24.843317,3.5882523
71.81113211427447,217.5,-25.094744,3.5906227
71.81113211427447,219.375,-25.324041,3.6014469
71.81113211427447,221.25,-25.581306,3.6257858
71.81113211427447,223.125,-25.81658,3.6632438
71.81113211427447,225.0,-26.047947,3.7443736
71.81113211427447,226.875,-26.268688,3.796954
71.81113211427447,228.75,-26.45451,3.8644083
71.81113211427447,230.625,-26.625174,3.8884645
71.81113211427447,232.5,-26.852907,3.9450927
71.81113211427447,234.375,-27.052498,3.954418
71.81113211427447,236.25,-29.63201,3.4814634
71.81113211427447,238.125,-30.03449,3.3935728
71.81113211427447,240.0,-30.72113,3.3596709
71.81113211427447,241.875,-30.983807,3.2747998
71.81113211427447,243.75,-31.343708,3.241535
71.81113211427447,245.625,-31.664392,3.197433
71.81113211427447,247.5,-31.848354,3.1904948
71.81113211427447,249.375,-31.891287,3.2201788
71.81113211427447,251.25,-31.88238,3.241775
71.81113211427447,253.125,-31.810349,3.2634568
71.81113211427447,255.0,-31.757986,3.2811244
71.81113211427447,256.875,-30.157927,3.1772196
71.81113211427447,258.75,-30.192966,3.1420972
71.81113211427447,260.625,-31.82529,3.2345145
71.81113211427447,262.5,-31.93369,3.1575527
71.81113211427447,264.375,-30.05033,2.852748
71.81113211427447,266.25,-32.410995,3.0029864
71.81113211427447,268.125,-30.017693,2.72258
71.81113211427447,270.0,-30.221853,2.7110686
71.81113211427447,271.875,-33.22351,3.074285
71.81113211427447,273.75,-33.35613,3.2078733
71.81113211427447,275.625,-33.416695,3.3579493
71.81113211427447,277.5,-33.527634,3.520564
71.81113211427447,279.375,-33.408627,3.6167252
71.81113211427447,281.25,-33.253082,3.6160486
71.81113211427447,283.125,-33.001305,3.6254811
71.81113211427447,285.0,-31.865583,3.2460654
71.81113211427447,286.875,-26.371462,2.897831
71.81113211427447,288.75,-25.921442,2.8817525
71.81113211427447,290.625,-25.630447,2.8371465
71.81113211427447,292.5,-25.032028,2.7733212
71.81113211427447,294.375,-24.240915,2.7149048
71.81113211427447,296.25,-23.270838,2.6534913
71.81113211427447,298.125,-22.012537,2.680506
71.81113211427447,300.0,-20.314959,2.7713563
71.81113211427447,301.875,-18.427927,3.395069
71.81113211427447,303.75,-15.259921,4.8944917
71.81113211427447,305.625,-26.920212,3.8469157
71.81113211427447,307.5,-26.180193,3.5269225
71.81113211427447,309.375,-26.18115,3.231435
71.81113211427447,311.25,-26.97857,3.0649195
71.81113211427447,313.125,-28.774704,3.0712605
71.81113211427447,315.0,-31.56269,3.299185
71.81113211427447,316.875,-35.17814,3.6894913
71.81113211427447,318.75,-39.02013,4.1123385
71.81113211427447,320.625,-42.045544,4.18299
71.81113211427447,322.5,-43.403393,3.7781472
71.81113211427447,324.375,-41.9115,3.0960739
71.81113211427447,326.25,-38.828102,2.4786215
71.81113211427447,328.125,-35.024624,2.2819126
71.81113211427447,330.0,-31.1749,2.3821633
71.81113211427447,331.875,-27.4166,2.6137295
71.81113211427447,333.75,-23.807205,2.89027
71.81113211427447,335.625,-20.399118,3.178009
71.81113211427447,337.5,-17.345953,3.445511
71.81113211427447,339.375,-12.606775,3.7571385
71.81113211427447,341.25,-4.285877,4.6990657
71.81113211427447,343.125,1.018732,3.0362303
71.81113211427447,345.0,2.362482,1.407619
71.81113211427447,346.875,2.8274038,0.7415714
71.81113211427447,348.75,3.044318,0.5906503
71.81113211427447,350.625,3.1850212,0.50644916
71.81113211427447,352.5,3.3061342,0.4619351
71.81113211427447,354.375,3.4389274,0.4604179
71.81113211427447,356.25,3.6501772,0.55227244
71.81113211427447,358.125,4.224318,0.71248513
73.67613231320912,0.0,4.2107635,0.6718782
73.67613231320912,1.875,4.5996695,0.66790277
73.67613231320912,3.75,5.0933805,0.61756164
73.67613231320912,5.625,5.596056,0.56720626
73.67613231320912,7.5,6.010177,0.5013785
73.67613231320912,9.375,6.337345,0.4945796
73.67613231320912,11.25,6.7275405,0.5131851
73.67613231320912,13.125,7.1058803,0.45459646
73.67613231320912,15.0,7.184884,0.44244978
73.67613231320912,16.875,6.4602747,0.5316921
73.67613231320912,18.75,5.3488293,0.64190036
73.67613231320912,20.625,5.0464664,0.6664691
73.67613231320912,22.5,5.625255,0.56219584
73.67613231320912,24.375,5.992677,0.5215251
73.67613231320912,26.25,5.9765835,0.47173992
73.67613231320912,28.125,6.033302,0.42203572
73.67613231320912,30.0,6.1028724,0.41392246
73.67613231320912,31.875,5.87006,0.44088626
73.67613231320912,33.75,5.3912315,0.47140864
73.67613231320912,35.625,4.815236,0.49598184
73.67613231320912,37.5,4.2164273,0.51603913
73.67613231320912,39.375,3.9203532,0.49456683
73.67613231320912,41.25,3.874767,0.50790006
73.67613231320912,43.125,3.6848648,0.6807814
73.67613231320912,45.0,3.2285757,1.2493182
73.67613231320912,46.875,2.1755288,1.9722956
73.67613231320912,48.75,0.6888101,2.5608764
73.67613231320912,50.625,-1.1491196,2.9575803
73.67613231320912,52.5,-2.8592563,3.2617369
73.67613231320912,54.375,-17.633593,4.4573984
73.67613231320912,56.25,-17.760448,4.371147
73.67613231320912,58.125,-16.08326,5.325705
73.67613231320912,60.0,-16.788866,4.9567533
73.67613231320912,61.875,-17.30873,4.525831
73.67613231320912,63.75,-17.626598,4.12242
73.67613231320912,65.625,-17.80324,3.8296509
73.67613231320912,67.5,-17.780973,3.5977836
73.67613231320912,69.375,-17.636091,3.5474863
73.67613231320912,71.25,-17.868864,3.6641855
73.67613231320912,73.125,-17.309492,3.8964643
73.67613231320912,75.0,-17.50156,3.8078089
73.67613231320912,76.875,-17.541601,3.737871
73.67613231320912,78.75,-17.440155,3.7462134
73.67613231320912,80.625,-17.282986,3.7729683
73.67613231320912,82.5,-25.231012,4.137393
73.67613231320912,84.375,-25.827751,4.122821
73.67613231320912,86.25,-26.362713,4.08948
73.67613231320912,88.125,-26.882088,4.066538
73.67613231320912,90.0,-27.353357,4.0505095
73.67613231320912,91.875,-27.902302,4.023886
73.67613231320912,93.75,-28.511286,3.8953855
73.67613231320912,95.625,-29.176092,3.8072784
73.67613231320912,97.5,-29.742264,3.699962
73.67613231320912,99.375,-30.152088,3.5375388
73.67613231320912,101.25,-30.417673,3.3790634
73.67613231320912,103.125,-30.481052,3.2479036
73.67613231320912,105.0,-30.464745,3.0842693
73.67613231320912,106.875,-30.320114,2.9955626
73.67613231320912,108.75,-30.038475,2.8696089
73.67613231320912,110.625,-29.786776,2.7595832
73.67613231320912,112.5,-29.497576,2.6718032
73.67613231320912,114.375,-29.209118,2.645355
73.67613231320912,116.25,-22.642342,4.1452928
73.67613231320912,118.125,-22.79287,3.888071
73.67613231320912,120.0,-23.012575,3.6822908
73.67613231320912,121.875,-22.917517,3.6256666
73.67613231320912,123.75,-22.82695,3.6388147
73.67613231320912,125.625,-27.836208,2.6824815
73.67613231320912,127.5,-23.368689,3.2050009
73.67613231320912,129.375,-23.413063,3.203332
73.67613231320912,131.25,-24.338884,2.7453036
73.67613231320912,133.125,-24.634354,2.6823962
73.67613231320912,135.0,-24.99279,2.6673567
73.67613231320912,136.875,-25.176014,2.7345173
73.67613231320912,138.75,-25.532654,2.7414596
73.67613231320912,140.625,-28.995369,2.7904165
73.67613231320912,142.5,-29.122986,2.840233
73.67613231320912,144.375,-25.725525,3.1532295
73.67613231320912,146.25,-26.002008,3.0384238
73.67613231320912,148.125,-26.01826,3.0360982
73.67613231320912,150.0,-25.966795,3.0382502
73.67613231320912,151.875,-25.880154,3.0193295
73.67613231320912,153.75,-25.762497,3.0599587
73.67613231320912,155.625,-25.722301,3.1196818
73.67613231320912,157.5,-25.69691,3.1514935
73.67613231320912,159.375,-25.652342,3.1394825
73.67613231320912,161.25,-25.624529,3.1632857
73.67613231320912,163.125,-25.56863,3.2115767
73.67613231320912,165.0,-25.509607,3.2311647
73.67613231320912,166.875,-25.446404,3.230943
73.67613231320912,168.75,-25.355799,3.2248793
73.67613231320912,170.625,-25.277966,3.184363
73.67613231320912,172.5,-25.226307,3.170357
73.67613231320912,174.375,-25.174782,3.141067
73.67613231320912,176.25,-25.133844,3.1200035
73.67613231320912,178.125,-25.16074,3.0971508
73.67613231320912,180.0,-25.18492,3.0961454
73.67613231320912,181.875,-25.212614,3.0733595
73.67613231320912,183.75,-25.232145,3.0283759
73.67613231320912,185.625,-25.264978,2.9862516
73.67613231320912,187.5,-25.28445,2.9656675
73.67613231320912,189.375,-25.276638,2.9490054
73.67613231320912,191.25,-25.325838,2.952054
73.67613231320912,193.125,-25.344627,2.9763103
73.67613231320912,195.0,-25.323982,2.995953
73.67613231320912,196.875,-25.319801,3.0345187
73.67613231320912,198.75,-25.302048,3.0516098
73.67613231320912,200.625,-25.311794,3.0776315
73.67613231320912,202.5,-25.347633,3.112231
73.67613231320912,204.375,-25.38699,3.138899
73.67613231320912,206.25,-25.479177,3.1808684
73.67613231320912,208.125,-25.625837,3.2109544
73.67613231320912,210.0,-25.790504,3.2140088
73.67613231320912,211.875,-25.996834,3.2395716
73.67613231320912,213.75,-26.190115,3.2489972
73.67613231320912,215.625,-26.388805,3.24078
73.67613231320912,217.5,-26.56242,3.2100964
73.67613231320912,219.375,-26.718006,3.2316167
73.67613231320912,221.25,-26.852713,3.218588
73.67613231320912,223.125,-27.0091,3.2182305
73.67613231320912,225.0,-27.16947,3.242371
73.67613231320912,226.875,-27.35238,3.3042476
73.67613231320912,228.75,-27.498201,3.3405097
73.67613231320912,230.625,-27.597204,3.405338
73.67613231320912,232.5,-27.649939,3.472334
73.67613231320912,234.375,-27.680798,3.5841482
73.67613231320912,236.25,-30.863571,3.1577547
73.67613231320912,238.125,-31.172869,3.0941021
73.67613231320912,240.0,-31.405506,3.0641787
73.67613231320912,241.875,-31.625975,3.10347
73.67613231320912,243.75,-29.575329,3.2565022
73.67613231320912,245.625,-29.721912,3.2017908
73.67613231320912,247.5,-29.8399,3.1992905
73.67613231320912,249.375,-29.855896,3.1562936
73.67613231320912,251.25,-29.953768,3.1672204
73.67613231320912,253.125,-30.08033,3.1218061
73.67613231320912,255.0,-30.121346,3.0666409
73.67613231320912,256.875,-30.36779,3.0817118
73.67613231320912,258.75,-30.566774,3.1080256
73.67613231320912,260.625,-32.616833,3.139075
73.67613231320912,262.5,-30.907948,2.974675
73.67613231320912,264.375,-30.977184,2.8875887
73.67613231320912,266.25,-33.4947,2.999832
73.67613231320912,268.125,-30.202106,2.8835194
73.67613231320912,270.0,-29.853846,2.8553903
73.67613231320912,271.875,-29.079235,2.8428771
73.67613231320912,273.75,-33.436832,3.059601
73.67613231320912,275.625,-26.827908,2.697831
73.67613231320912,277.5,-33.20902,3.0205271
73.67613231320912,279.375,-26.00904,2.5296156
73.67613231320912,281.25,-25.94236,2.490483
73.67613231320912,283.125,-25.299627,2.4423242
73.67613231320912,285.0,-25.303885,2.4752212
73.67613231320912,286.875,-25.131521,2.4875963
73.67613231320912,288.75,-24.56365,2.4864044
73.67613231320912,290.625,-23.931423,2.5190809
73.67613231320912,292.5,-23.2508,2.5855155
73.67613231320912,294.375,-22.561306,2.6621594
73.67613231320912,296.25,-21.777224,2.739981
73.67613231320912,298.125,-20.917849,2.8379562
73.67613231320912,300.0,-20.25859,3.0436413
73.67613231320912,301.875,-19.664196,3.3496518
73.67613231320912,303.75,-27.491873,3.733916
73.67613231320912,305.625,-27.523903,3.557861
73.67613231320912,307.5,-27.793922,3.375846
73.67613231320912,309.375,-28.45738,3.2345777
73.67613231320912,311.25,-29.737926,3.1988041
73.67613231320912,313.125,-31.64146,3.3508945
73.67613231320912,315.0,-34.101265,3.642823
73.67613231320912,316.875,-36.766636,3.9164176
73.67613231320912,318.75,-39.34185,3.9916549
73.67613231320912,320.625,-41.45152,3.8675494
73.67613231320912,322.5,-42.337826,3.4224348
73.67613231320912,324.375,-41.696754,2.995508
73.67613231320912,326.25,-39.89531,2.6302996
73.67613231320912,328.125,-37.319,2.4875703
73.67613231320912,330.0,-34.304447,2.5481184
73.67613231320912,331.875,-31.097498,2.7429597
73.67613231320912,333.75,-27.926872,3.0034382
73.67613231320912,335.625,-24.885252,3.2990334
73.67613231320912,337.5,-22.096834,3.6013296
73.67613231320912,339.375,-16.354116,3.6884558
73.67613231320912,341.25,-14.623631,4.1981764
73.67613231320912,343.125,-9.966072,4.802501
73.67613231320912,345.0,-4.022382,4.595367
73.67613231320912,346.875,0.40849763,3.356585
73.67613231320912,348.75,2.3395133,2.1121895
73.67613231320912,350.625,3.0142593,1.469319
73.67613231320912,352.5,3.4585953,1.1048014
73.67613231320912,354.375,3.6888688,0.8051486
73.67613231320912,356.25,3.8137906,0.6350104
73.67613231320912,358.125,3.9359977,0.58319163
75.54106145287895,0.0,4.233615,1.0667866
75.54106145287895,1.875,4.805685,0.72988516
75.54106145287895,3.75,5.2204113,0.57382923
75.54106145287895,5.625,5.588361,0.5404681
75.54106145287895,7.5,5.898712,0.5285013
75.54106145287895,9.375,6.175099,0.5261261
75.54106145287895,11.25,6.356642,0.58336043
75.54106145287895,13.125,6.143517,1.24607
75.54106145287895,15.0,5.0287905,2.4675205
75.54106145287895,16.875,3.1182828,3.4398165
75.54106145287895,18.75,0.39982575,3.935086
75.54106145287895,20.625,-0.97734225,3.6039538
75.54106145287895,22.5,-1.0060141,3.121915
75.54106145287895,24.375,-0.63077974,2.5400329
75.54106145287895,26.25,1.0097085,2.0216057
75.54106145287895,28.125,3.0109975,1.7661003
75.54106145287895,30.0,4.2826967,1.7332224
75.54106145287895,31.875,4.156076,1.9080094
75.54106145287895,33.75,3.6498063,1.9060013
75.54106145287895,35.625,3.186603,1.6924746
75.54106145287895,37.5,2.9007828,1.339655
75.54106145287895,39.375,2.8040445,0.9146511
75.54106145287895,41.25,3.0192788,0.6017625
75.54106145287895,43.125,3.1191616,0.564402
75.54106145287895,45.0,2.8154898,0.6404109
75.54106145287895,46.875,2.3580484,0.8476424
75.54106145287895,48.75,1.6155484,1.4967034
75.54106145287895,50.625,0.06285309,2.3530905
75.54106145287895,52.5,-2.6971078,3.2012348
75.54106145287895,54.375,-5.1570497,3.5054934
75.54106145287895,56.25,-5.952401,3.5638692
75.54106145287895,58.125,-18.226814,4.1110964
75.54106145287895,60.0,-18.898396,4.0073047
75.54106145287895,61.875,-19.2374,3.8698194
75.54106145287895,63.75,-13.106348,4.410833
75.54106145287895,65.625,-17.356268,4.0624533
75.54106145287895,67.5,-17.976248,3.9385538
75.54106145287895,69.375,-18.20529,3.8268967
75.54106145287895,71.25,-18.548063,3.604036
75.54106145287895,73.125,-18.817009,3.377559
75.54106145287895,75.0,-19.040094,3.2366624
75.54106145287895,76.875,-19.276365,3.1281607
75.54106145287895,78.75,-19.45283,3.0345836
75.54106145287895,80.625,-19.701853,2.9351878
75.54106145287895,82.5,-19.827028,2.8586028
75.54106145287895,84.375,-19.640896,2.8362982
75.54106145287895,86.25,-20.022459,2.8988588
75.54106145287895,88.125,-26.485075,3.65907
75.54106145287895,90.0,-27.066833,3.64282
75.54106145287895,91.875,-27.597498,3.590243
75.54106145287895,93.75,-28.081873,3.5030181
75.54106145287895,95.625,-28.506033,3.4559002
75.54106145287895,97.5,-28.92197,3.3618948
75.54106145287895,99.375,-29.271091,3.2921288
75.54106145287895,101.25,-29.522772,3.2510412
75.54106145287895,103.125,-29.60568,3.133196
75.54106145287895,105.0,-29.645193,3.0881188
75.54106145287895,106.875,-29.587498,3.0487878
75.54106145287895,108.75,-29.41156,2.9235723
75.54106145287895,110.625,-29.173454,2.787989
75.54106145287895,112.5,-28.865643,2.7043388
75.54106145287895,114.375,-23.34326,3.540792
75.54106145287895,116.25,-23.170155,3.4875822
75.54106145287895,118.125,-23.653397,3.119142
75.54106145287895,120.0,-23.713356,3.0515513
75.54106145287895,121.875,-23.823708,2.993145
75.54106145287895,123.75,-23.982555,2.9328907
75.54106145287895,125.625,-24.141209,2.865566
75.54106145287895,127.5,-24.337692,2.8081348
75.54106145287895,129.375,-24.437614,2.7948954
75.54106145287895,131.25,-24.664528,2.7576513
75.54106145287895,133.125,-24.691677,2.8107598
75.54106145287895,135.0,-24.939724,2.8304453
75.54106145287895,136.875,-28.4957,2.8471117
75.54106145287895,138.75,-28.714235,2.8737526
75.54106145287895,140.625,-28.106112,2.6731944
75.54106145287895,142.5,-28.115427,2.6903498
75.54106145287895,144.375,-28.810232,2.9536064
75.54106145287895,146.25,-25.042791,3.33096
75.54106145287895,148.125,-24.955095,3.3317542
75.54106145287895,150.0,-25.234764,3.1674712
75.54106145287895,151.875,-25.455076,3.0890896
75.54106145287895,153.75,-25.626833,3.0593204
75.54106145287895,155.625,-25.899412,3.0063207
75.54106145287895,157.5,-26.00738,2.9938679
75.54106145287895,159.375,-26.128845,2.975877
75.54106145287895,161.25,-26.204763,2.9751644
75.54106145287895,163.125,-26.232224,2.9989789
75.54106145287895,165.0,-26.258005,3.0052788
75.54106145287895,166.875,-26.26988,3.0015347
75.54106145287895,168.75,-26.26203,2.994902
75.54106145287895,170.625,-26.240662,2.9670188
75.54106145287895,172.5,-26.211637,2.9022076
75.54106145287895,174.375,-26.18115,2.879532
75.54106145287895,176.25,-26.159197,2.8297427
75.54106145287895,178.125,-26.149685,2.8062027
75.54106145287895,180.0,-26.150408,2.798438
75.54106145287895,181.875,-26.179295,2.7631626
75.54106145287895,183.75,-26.214373,2.7472591
75.54106145287895,185.625,-26.242243,2.7131073
75.54106145287895,187.5,-26.295876,2.7065551
75.54106145287895,189.375,-26.339079,2.693146
75.54106145287895,191.25,-26.39406,2.686686
75.54106145287895,193.125,-26.401247,2.6812718
75.54106145287895,195.0,-26.40705,2.6849048
75.54106145287895,196.875,-26.39613,2.6769645
75.54106145287895,198.75,-26.413923,2.7141345
75.54106145287895,200.625,-26.456598,2.7320213
75.54106145287895,202.5,-26.529352,2.7442057
75.54106145287895,204.375,-26.662477,2.7852082
75.54106145287895,206.25,-26.821697,2.817826
75.54106145287895,208.125,-26.97365,2.8650215
75.54106145287895,210.0,-27.148806,2.9067137
75.54106145287895,211.875,-27.31699,2.9376986
75.54106145287895,213.75,-27.441736,2.9549212
75.54106145287895,215.625,-27.528494,2.9549804
75.54106145287895,217.5,-27.60365,2.970817
75.54106145287895,219.375,-27.667204,2.964024
75.54106145287895,221.25,-27.756443,2.9683518
75.54106145287895,223.125,-27.807947,2.9510748
75.54106145287895,225.0,-27.901209,2.962348
75.54106145287895,226.875,-27.986052,3.0014267
75.54106145287895,228.75,-28.112537,3.0150301
75.54106145287895,230.625,-28.25945,3.0585616
75.54106145287895,232.5,-28.389997,3.0653162
75.54106145287895,234.375,-28.48986,3.0655951
75.54106145287895,236.25,-28.544,3.0495899
75.54106145287895,238.125,-28.682615,3.0562537
75.54106145287895,240.0,-28.882301,3.0094776
75.54106145287895,241.875,-29.080935,2.9845657
75.54106145287895,243.75,-29.287693,2.9728785
75.54106145287895,245.625,-31.4224,2.8848984
75.54106145287895,247.5,-31.44283,2.9039712
75.54106145287895,249.375,-29.611893,3.1145651
75.54106145287895,251.25,-29.667322,3.082074
75.54106145287895,253.125,-29.811462,2.9759676
75.54106145287895,255.0,-30.116444,2.9703434
75.54106145287895,256.875,-30.428534,3.0366595
75.54106145287895,258.75,-30.641872,3.1203759
75.54106145287895,260.625,-33.38761,2.978067
75.54106145287895,262.5,-31.441286,2.889461
75.54106145287895,264.375,-34.395855,3.0082974
75.54106145287895,266.25,-31.952028,2.8188438
75.54106145287895,268.125,-34.933434,2.9964867
75.54106145287895,270.0,-34.992165,3.0302143
75.54106145287895,271.875,-34.905716,3.0425317
75.54106145287895,273.75,-34.698376,2.9730823
75.54106145287895,275.625,-33.647083,2.6973817
75.54106145287895,277.5,-33.19072,2.664622
75.54106145287895,279.375,-32.36525,2.6239862
75.54106145287895,281.25,-24.083376,2.5278957
75.54106145287895,283.125,-23.850544,2.4898574
75.54106145287895,285.0,-23.363493,2.5141048
75.54106145287895,286.875,-22.264236,2.6421182
75.54106145287895,288.75,-21.270134,2.8378944
75.54106145287895,290.625,-20.333513,3.0663998
75.54106145287895,292.5,-20.708103,3.091057
75.54106145287895,294.375,-21.042774,3.1280217
75.54106145287895,296.25,-21.292614,3.152972
75.54106145287895,298.125,-21.29527,3.2504132
75.54106145287895,300.0,-21.21582,3.4241586
75.54106145287895,301.875,-27.581306,3.3433661
75.54106145287895,303.75,-27.895838,3.2511406
75.54106145287895,305.625,-28.72906,3.1680245
75.54106145287895,307.5,-29.964294,3.110511
75.54106145287895,309.375,-31.53853,3.1431613
75.54106145287895,311.25,-33.371384,3.2718894
75.54106145287895,313.125,-35.40152,3.4819038
75.54106145287895,315.0,-37.401634,3.7060816
75.54106145287895,316.875,-39.232376,3.8628993
75.54106145287895,318.75,-40.792046,3.7979183
75.54106145287895,320.625,-41.807083,3.5648766
75.54106145287895,322.5,-41.71134,3.1302345
75.54106145287895,324.375,-40.788258,2.7952971
75.54106145287895,326.25,-39.325172,2.5261016
75.54106145287895,328.125,-37.494213,2.3739574
75.54106145287895,330.0,-35.39031,2.3752158
75.54106145287895,331.875,-33.081615,2.5473666
75.54106145287895,333.75,-30.668768,2.794002
75.54106145287895,335.625,-28.288748,3.0734754
75.54106145287895,337.5,-26.036325,3.423743
75.54106145287895,339.375,-23.887556,3.8016493
75.54106145287895,341.25,-19.729021,4.1005797
75.54106145287895,343.125,-17.992634,4.3299904
75.54106145287895,345.0,-15.58072,4.8137374
75.54106145287895,346.875,-11.711599,5.434707
75.54106145287895,348.75,-6.810604,5.4109983
75.54106145287895,350.625,-2.128436,4.6241345
75.54106145287895,352.5,0.8815445,3.34355
75.54106145287895,354.375,2.4337125,2.4573536
75.54106145287895,356.25,3.1049235,1.7883106
75.54106145287895,358.125,3.6619155,1.4046075
77.4058880820788,0.0,2.0464272,3.1233919
77.4058880820788,1.875,3.6757438,2.3012967
77.4058880820788,3.75,4.559416,1.5229213
77.4058880820788,5.625,5.2390246,0.76562405
77.4058880820788,7.5,5.494142,0.51441425
77.4058880820788,9.375,5.3316417,0.8706039
77.4058880820788,11.25,4.6836147,1.7672749
77.4058880820788,13.125,3.6738296,2.656043
77.4058880820788,15.0,-11.874587,4.38599
77.4058880820788,16.875,-12.497224,4.3932137
77.4058880820788,18.75,-12.763533,4.5028195
77.4058880820788,20.625,-13.211443,4.6859975
77.4058880820788,22.5,-12.722459,4.6199512
77.4058880820788,24.375,-9.553534,5.3384986
77.4058880820788,26.25,-8.580428,5.3427863
77.4058880820788,28.125,-6.553924,5.4697237
77.4058880820788,30.0,-4.047635,5.747703
77.4058880820788,31.875,-2.4796662,5.8306847
77.4058880820788,33.75,-2.395174,5.5493956
77.4058880820788,35.625,-2.7040217,4.774448
77.4058880820788,37.5,-2.2009945,4.242169
77.4058880820788,39.375,-0.83921725,3.7906413
77.4058880820788,41.25,0.46935698,3.2492144
77.4058880820788,43.125,1.381232,2.5040367
77.4058880820788,45.0,1.7656655,1.9183799
77.4058880820788,46.875,1.779982,1.672456
77.4058880820788,48.75,1.4835757,1.8259283
77.4058880820788,50.625,0.9639078,2.4328094
77.4058880820788,52.5,-0.08681488,3.2878346
77.4058880820788,54.375,-1.6838461,4.2438836
77.4058880820788,56.25,-3.5485337,4.9537992
77.4058880820788,58.125,-5.056346,5.407542
77.4058880820788,60.0,-6.312479,5.649061
77.4058880820788,61.875,-6.873729,6.0533953
77.4058880820788,63.75,-7.8529487,6.3537326
77.4058880820788,65.625,-9.850624,6.594029
77.4058880820788,67.5,-14.016854,6.74268
77.4058880820788,69.375,-16.196854,6.1621614
77.4058880820788,71.25,-18.189646,4.9852805
77.4058880820788,73.125,-19.26871,4.1204624
77.4058880820788,75.0,-19.877907,3.646285
77.4058880820788,76.875,-20.259079,3.3889928
77.4058880820788,78.75,-20.65992,3.1815398
77.4058880820788,80.625,-21.053259,3.0507479
77.4058880820788,82.5,-21.437342,2.931249
77.4058880820788,84.375,-21.742556,2.8359008
77.4058880820788,86.25,-22.002634,2.7542465
77.4058880820788,88.125,-22.328337,2.7138755
77.4058880820788,90.0,-22.540504,2.6917627
77.4058880820788,91.875,-22.63447,2.677563
77.4058880820788,93.75,-22.857615,2.6965914
77.4058880820788,95.625,-23.21734,2.6947591
77.4058880820788,97.5,-23.638943,2.707253
77.4058880820788,99.375,-24.118475,2.6885185
77.4058880820788,101.25,-28.2682,3.2292233
77.4058880820788,103.125,-28.295916,3.1044152
77.4058880820788,105.0,-24.258512,2.8521724
77.4058880820788,106.875,-24.065271,2.9419084
77.4058880820788,108.75,-24.152555,2.931355
77.4058880820788,110.625,-24.221912,2.9012575
77.4058880820788,112.5,-24.332869,2.9059193
77.4058880820788,114.375,-24.219353,2.986206
77.4058880820788,116.25,-24.48197,2.906673
77.4058880820788,118.125,-24.523787,2.9154592
77.4058880820788,120.0,-24.675545,2.8714557
77.4058880820788,121.875,-24.761442,2.8782532
77.4058880820788,123.75,-24.88363,2.8605163
77.4058880820788,125.625,-25.02695,2.8373096
77.4058880820788,127.5,-25.153181,2.8156698
77.4058880820788,129.375,-25.320232,2.8153725
77.4058880820788,131.25,-25.470076,2.7934167
77.4058880820788,133.125,-25.528532,2.8124237
77.4058880820788,135.0,-25.60275,2.835654
77.4058880820788,136.875,-25.60777,2.8436682
77.4058880820788,138.75,-25.71574,2.8673844
77.4058880820788,140.625,-25.777517,2.9201999
77.4058880820788,142.5,-25.80453,2.9551013
77.4058880820788,144.375,-25.814959,2.9891803
77.4058880820788,146.25,-25.918024,2.9929352
77.4058880820788,148.125,-25.95781,3.0065012
77.4058880820788,150.0,-26.138103,2.9791286
77.4058880820788,151.875,-26.179724,2.9501514
77.4058880820788,153.75,-26.316072,2.9285543
77.4058880820788,155.625,-26.372087,2.9357307
77.4058880820788,157.5,-26.47281,2.92514
77.4058880820788,159.375,-26.547674,2.9263313
77.4058880820788,161.25,-26.620564,2.9075437
77.4058880820788,163.125,-26.705564,2.9049387
77.4058880820788,165.0,-26.768866,2.9133923
77.4058880820788,166.875,-26.823591,2.8992255
77.4058880820788,168.75,-26.835915,2.8544712
77.4058880820788,170.625,-26.844881,2.8290014
77.4058880820788,172.5,-26.815819,2.8062108
77.4058880820788,174.375,-26.787224,2.793616
77.4058880820788,176.25,-26.757576,2.7408829
77.4058880820788,178.125,-26.744392,2.7254903
77.4058880820788,180.0,-26.736618,2.7163126
77.4058880820788,181.875,-26.75533,2.68897
77.4058880820788,183.75,-26.796677,2.667454
77.4058880820788,185.625,-26.85619,2.6608791
77.4058880820788,187.5,-26.92285,2.6365678
77.4058880820788,189.375,-26.988747,2.6172905
77.4058880820788,191.25,-27.062204,2.596242
77.4058880820788,193.125,-27.110115,2.5821726
77.4058880820788,195.0,-27.146502,2.5967093
77.4058880820788,196.875,-27.190271,2.594977
77.4058880820788,198.75,-27.245779,2.598876
77.4058880820788,200.625,-27.309393,2.59531
77.4058880820788,202.5,-27.4107,2.5888035
77.4058880820788,204.375,-27.506014,2.583212
77.4058880820788,206.25,-27.60279,2.5853648
77.4058880820788,208.125,-27.724176,2.603761
77.4058880820788,210.0,-27.79785,2.6249144
77.4058880820788,211.875,-27.878729,2.6365402
77.4058880820788,213.75,-27.930056,2.6210382
77.4058880820788,215.625,-28.000408,2.6603208
77.4058880820788,217.5,-28.062263,2.6879594
77.4058880820788,219.375,-28.115778,2.6869433
77.4058880820788,221.25,-28.183025,2.7051084
77.4058880820788,223.125,-28.247614,2.7053347
77.4058880820788,225.0,-28.324314,2.7399914
77.4058880820788,226.875,-28.415504,2.805536
77.4058880820788,228.75,-28.525408,2.8175132
77.4058880820788,230.625,-28.616247,2.8168652
77.4058880820788,232.5,-28.736404,2.8359015
77.4058880820788,234.375,-28.84619,2.806106
77.4058880820788,236.25,-28.934528,2.8102272
77.4058880820788,238.125,-28.991854,2.8071258
77.4058880820788,240.0,-29.004528,2.7691176
77.4058880820788,241.875,-29.123962,2.7411287
77.4058880820788,243.75,-29.215212,2.7443137
77.4058880820788,245.625,-29.296638,2.7387843
77.4058880820788,247.5,-29.386345,2.7452168
77.4058880820788,249.375,-29.506931,2.7700722
77.4058880820788,251.25,-29.692772,2.7604628
77.4058880820788,253.125,-29.947048,2.7738585
77.4058880820788,255.0,-30.321404,2.829098
77.4058880820788,256.875,-30.761852,2.9217005
77.4058880820788,258.75,-31.257029,2.9871392
77.4058880820788,260.625,-31.707302,3.017458
77.4058880820788,262.5,-32.161034,3.0747316
77.4058880820788,264.375,-35.227768,2.9480639
77.4058880820788,266.25,-32.483963,2.849297
77.4058880820788,268.125,-32.729527,2.8230464
77.4058880820788,270.0,-32.797165,2.8055
77.4058880820788,271.875,-35.82978,2.9801388
77.4058880820788,273.75,-35.554955,2.9534562
77.4058880820788,275.625,-35.075794,2.9403763
77.4058880820788,277.5,-34.489742,2.965232
77.4058880820788,279.375,-33.128197,2.6764565
77.4058880820788,281.25,-32.19691,2.6622524
77.4058880820788,283.125,-23.967459,2.754388
77.4058880820788,285.0,-22.889938,2.7333052
77.4058880820788,286.875,-20.333063,3.1325858
77.4058880820788,288.75,-30.841755,3.0537813
77.4058880820788,290.625,-30.781424,3.1911335
77.4058880820788,292.5,-30.460623,3.2235835
77.4058880820788,294.375,-30.003904,3.2361772
77.4058880820788,296.25,-29.500036,3.2148862
77.4058880820788,298.125,-29.18357,3.1763332
77.4058880820788,300.0,-29.25613,3.1630738
77.4058880820788,301.875,-29.76197,3.1282585
77.4058880820788,303.75,-30.603298,3.0680184
77.4058880820788,305.625,-31.721209,3.0268998
77.4058880820788,307.5,-33.088314,2.995766
77.4058880820788,309.375,-34.62974,2.9976552
77.4058880820788,311.25,-36.274643,3.0722926
77.4058880820788,313.125,-37.86443,3.1766458
77.4058880820788,315.0,-39.361263,3.2038028
77.4058880820788,316.875,-40.39101,3.1404355
77.4058880820788,318.75,-40.867554,3.0035717
77.4058880820788,320.625,-40.654274,2.8666406
77.4058880820788,322.5,-40.00314,2.619127
77.4058880820788,324.375,-39.012203,2.4347305
77.4058880820788,326.25,-37.791832,2.2357817
77.4058880820788,328.125,-36.357162,2.0914729
77.4058880820788,330.0,-34.735092,2.0730114
77.4058880820788,331.875,-33.05531,2.194602
77.4058880820788,333.75,-31.325172,2.4325378
77.4058880820788,335.625,-29.595642,2.7511487
77.4058880820788,337.5,-27.909723,3.129098
77.4058880820788,339.375,-26.287048,3.5560772
77.4058880820788,341.25,-21.228552,4.1611485
77.4058880820788,343.125,-20.234959,4.2786455
77.4058880820788,345.0,-18.945232,4.6019945
77.4058880820788,346.875,-17.108337,5.028312
77.4058880820788,348.75,-14.742439,5.4590836
77.4058880820788,350.625,-11.877107,5.7503977
77.4058880820788,352.5,-8.562244,5.6121364
77.4058880820788,354.375,-5.5645685,5.2394166
77.4058880820788,356.25,-3.1764243,4.5565457
77.4058880820788,358.125,-0.6119516,3.7651289
79.27055903485967,0.0,-6.3040023,5.761598
79.27055903485967,1.875,-3.5085337,5.6490016
79.27055903485967,3.75,-1.0740805,5.0710697
79.27055903485967,5.625,0.6947672,4.372475
79.27055903485967,7.5,1.6705093,3.9187841
79.27055903485967,9.375,1.9768765,3.378446
79.27055903485967,11.25,-15.505603,4.7246633
79.27055903485967,13.125,-16.126032,4.8221297
79.27055903485967,15.0,-16.474686,4.883678
79.27055903485967,16.875,-16.62195,4.910841
79.27055903485967,18.75,-16.62318,4.9108567
79.27055903485967,20.625,-16.5441,4.9401135
79.27055903485967,22.5,-16.427752,4.973749
79.27055903485967,24.375,-16.177109,5.000074
79.27055903485967,26.25,-13.480857,5.184665
79.27055903485967,28.125,-13.173786,5.4174256
79.27055903485967,30.0,-12.524978,5.6524444
79.27055903485967,31.875,-11.59447,5.875029
79.27055903485967,33.75,-10.671404,5.909187
79.27055903485967,35.625,-9.976268,5.796006
79.27055903485967,37.5,-9.320623,5.600676
79.27055903485967,39.375,-8.345193,5.5458565
79.27055903485967,41.25,-7.141678,5.619691
79.27055903485967,43.125,-6.062811,5.7735667
79.27055903485967,45.0,-5.6278105,5.707864
79.27055903485967,46.875,-5.82451,5.6333203
79.27055903485967,48.75,-6.4981427,5.600862
79.27055903485967,50.625,-7.602947,5.734958
79.27055903485967,52.5,-8.9079275,5.78415
79.27055903485967,54.375,-10.9723625,5.8339224
79.27055903485967,56.25,-13.096308,5.5082455
79.27055903485967,58.125,-14.681152,5.1701436
79.27055903485967,60.0,-15.960624,4.8598685
79.27055903485967,61.875,-16.825447,4.84476
79.27055903485967,63.75,-17.605251,4.865813
79.27055903485967,65.625,-18.207575,4.8890123
79.27055903485967,67.5,-18.946072,4.749323
79.27055903485967,69.375,-19.634977,4.573299
79.27055903485967,71.25,-20.171852,4.3398976
79.27055903485967,73.125,-20.66031,4.068582
79.27055903485967,75.0,-21.056599,3.8129363
79.27055903485967,76.875,-21.461424,3.57335
79.27055903485967,78.75,-21.893963,3.407508
79.27055903485967,80.625,-22.30236,3.2894602
79.27055903485967,82.5,-22.62154,3.1643333
79.27055903485967,84.375,-22.887009,3.0537922
79.27055903485967,86.25,-23.049002,2.9397244
79.27055903485967,88.125,-23.104939,2.8282952
79.27055903485967,90.0,-23.224821,2.7679443
79.27055903485967,91.875,-23.52326,2.704667
79.27055903485967,93.75,-26.227087,3.0436513
79.27055903485967,95.625,-26.509295,3.0255263
79.27055903485967,97.5,-26.694666,3.010356
79.27055903485967,99.375,-26.843454,2.9489524
79.27055903485967,101.25,-26.997595,2.928967
79.27055903485967,103.125,-26.996227,2.891826
79.27055903485967,105.0,-24.277224,3.1480489
79.27055903485967,106.875,-24.114529,3.2024586
79.27055903485967,108.75,-24.363708,3.0837295
79.27055903485967,110.625,-24.756716,2.9277432
79.27055903485967,112.5,-24.960075,2.8936503
79.27055903485967,114.375,-25.124022,2.8954802
79.27055903485967,116.25,-25.19574,2.888655
79.27055903485967,118.125,-25.33578,2.8728724
79.27055903485967,120.0,-25.433357,2.8576674
79.27055903485967,121.875,-25.541384,2.8472316
79.27055903485967,123.75,-25.641014,2.83694
79.27055903485967,125.625,-25.735682,2.8103096
79.27055903485967,127.5,-25.814978,2.823971
79.27055903485967,129.375,-25.912615,2.8160892
79.27055903485967,131.25,-25.978395,2.78969
79.27055903485967,133.125,-26.070662,2.8042526
79.27055903485967,135.0,-26.151423,2.8102188
79.27055903485967,136.875,-26.216698,2.84501
79.27055903485967,138.75,-26.278532,2.8793163
79.27055903485967,140.625,-26.353592,2.904516
79.27055903485967,142.5,-26.417282,2.9210107
79.27055903485967,144.375,-26.500212,2.9322586
79.27055903485967,146.25,-26.526638,2.9440732
79.27055903485967,148.125,-26.619959,2.9296231
79.27055903485967,150.0,-26.67572,2.9389608
79.27055903485967,151.875,-26.773827,2.9374294
79.27055903485967,153.75,-26.817556,2.9305124
79.27055903485967,155.625,-26.90576,2.903879
79.27055903485967,157.5,-26.978943,2.8967867
79.27055903485967,159.375,-27.029373,2.8580265
79.27055903485967,161.25,-27.066208,2.839171
79.27055903485967,163.125,-27.111462,2.8276412
79.27055903485967,165.0,-27.166502,2.8418176
79.27055903485967,166.875,-27.19488,2.811405
79.27055903485967,168.75,-27.221384,2.8103619
79.27055903485967,170.625,-27.217869,2.8003237
79.27055903485967,172.5,-27.219822,2.806326
79.27055903485967,174.375,-27.226208,2.8008451
79.27055903485967,176.25,-27.23033,2.7837267
79.27055903485967,178.125,-27.21535,2.7729375
79.27055903485967,180.0,-27.258024,2.8060014
79.27055903485967,181.875,-27.300348,2.784938
79.27055903485967,183.75,-27.346813,2.794169
79.27055903485967,185.625,-27.371834,2.77305
79.27055903485967,187.5,-27.431795,2.7625217
79.27055903485967,189.375,-27.481873,2.772399
79.27055903485967,191.25,-27.542849,2.7446866
79.27055903485967,193.125,-27.610115,2.7465303
79.27055903485967,195.0,-27.657692,2.756203
79.27055903485967,196.875,-27.741833,2.7485952
79.27055903485967,198.75,-27.799881,2.7219572
79.27055903485967,200.625,-27.863747,2.6978316
79.27055903485967,202.5,-27.911541,2.7077115
79.27055903485967,204.375,-27.978827,2.7038994
79.27055903485967,206.25,-28.042713,2.6930993
79.27055903485967,208.125,-28.128338,2.6884432
79.27055903485967,210.0,-28.186697,2.6644142
79.27055903485967,211.875,-28.225388,2.6558242
79.27055903485967,213.75,-28.306658,2.6556776
79.27055903485967,215.625,-28.364998,2.6634088
79.27055903485967,217.5,-28.41279,2.645902
79.27055903485967,219.375,-28.461248,2.6521804
79.27055903485967,221.25,-28.489647,2.6475556
79.27055903485967,223.125,-28.5265,2.6476426
79.27055903485967,225.0,-28.583885,2.6531005
79.27055903485967,226.875,-28.612244,2.6606634
79.27055903485967,228.75,-28.668884,2.657671
79.27055903485967,230.625,-28.746033,2.6459737
79.27055903485967,232.5,-28.795662,2.6579497
79.27055903485967,234.375,-28.830076,2.644993
79.27055903485967,236.25,-28.846403,2.6334448
79.27055903485967,238.125,-28.8699,2.6328351
79.27055903485967,240.0,-28.844841,2.615631
79.27055903485967,241.875,-28.850096,2.599695
79.27055903485967,243.75,-28.874079,2.6007433
79.27055903485967,245.625,-28.927595,2.6092012
79.27055903485967,247.5,-29.034626,2.626916
79.27055903485967,249.375,-29.203806,2.665419
79.27055903485967,251.25,-29.435213,2.6934743
79.27055903485967,253.125,-29.688356,2.7126346
79.27055903485967,255.0,-29.923025,2.7891448
79.27055903485967,256.875,-30.178865,2.8866398
79.27055903485967,258.75,-30.485252,2.9449172
79.27055903485967,260.625,-30.856735,3.0199537
79.27055903485967,262.5,-31.191462,3.0308669
79.27055903485967,264.375,-31.606346,2.8424506
79.27055903485967,266.25,-34.105953,2.4880536
79.27055903485967,268.125,-34.402203,2.4858372
79.27055903485967,270.0,-34.5641,2.5457559
79.27055903485967,271.875,-35.812572,2.805864
79.27055903485967,273.75,-35.87029,2.8450704
79.27055903485967,275.625,-35.848316,2.8765926
79.27055903485967,277.5,-35.697887,2.8341281
79.27055903485967,279.375,-34.613724,2.544501
79.27055903485967,281.25,-34.37345,2.514871
79.27055903485967,283.125,-34.056908,2.4774268
79.27055903485967,285.0,-33.17984,2.5573595
79.27055903485967,286.875,-24.830427,2.6186452
79.27055903485967,288.75,-23.990173,2.6602619
79.27055903485967,290.625,-24.349548,2.5297127
79.27055903485967,292.5,-34.69847,3.0476508
79.27055903485967,294.375,-33.23814,2.82186
79.27055903485967,296.25,-33.004448,2.8471568
79.27055903485967,298.125,-32.855503,2.854863
79.27055903485967,300.0,-32.82144,2.8444052
79.27055903485967,301.875,-32.963257,2.8330252
79.27055903485967,303.75,-33.228725,2.787728
79.27055903485967,305.625,-33.62099,2.7108848
79.27055903485967,307.5,-34.120384,2.6509933
79.27055903485967,309.375,-34.662163,2.5809665
79.27055903485967,311.25,-35.178295,2.5107486
79.27055903485967,313.125,-35.656948,2.4690232
79.27055903485967,315.0,-36.022865,2.4302287
79.27055903485967,316.875,-36.227516,2.4133494
79.27055903485967,318.75,-36.312103,2.3611138
79.27055903485967,320.625,-36.200756,2.3238022
79.27055903485967,322.5,-35.94187,2.247843
79.27055903485967,324.375,-35.539623,2.1721463
79.27055903485967,326.25,-34.948864,2.1064875
79.27055903485967,328.125,-34.215504,2.1078563
79.27055903485967,330.0,-33.314644,2.14837
79.27055903485967,331.875,-32.29679,2.2875254
79.27055903485967,333.75,-31.222029,2.5104296
79.27055903485967,335.625,-30.103924,2.8066218
79.27055903485967,337.5,-28.99408,3.1538346
79.27055903485967,339.375,-27.788864,3.5256839
79.27055903485967,341.25,-21.32906,4.1978173
79.27055903485967,343.125,-20.98324,4.194823
79.27055903485967,345.0,-20.180544,4.4931703
79.27055903485967,346.875,-19.158747,4.895064
79.27055903485967,348.75,-17.7683,5.2585006
79.27055903485967,350.625,-16.101852,5.545744
79.27055903485967,352.5,-14.284939,5.699527
79.27055903485967,354.375,-12.616053,5.6065764
79.27055903485967,356.25,-10.897029,5.54434
79.27055903485967,358.125,-8.803084,5.6606703
81.13497683767741,0.0,-15.749451,6.0999
81.13497683767741,1.875,-14.79988,6.527289
81.13497683767741,3.75,-13.628318,7.1505303
81.13497683767741,5.625,-12.562634,7.707353
81.13497683767741,7.5,-11.688533,8.172437
81.13497683767741,9.375,-11.043279,8.544877
81.13497683767741,11.25,-10.497048,8.838047
81.13497683767741,13.125,-10.250662,9.016604
81.13497683767741,15.0,-10.350271,8.9244375
81.13497683767741,16.875,-10.708767,8.589866
81.13497683767741,18.75,-11.257185,8.184441
81.13497683767741,20.625,-12.001482,7.708737
81.13497683767741,22.5,-14.04742,7.1088367
81.13497683767741,24.375,-14.548572,6.681831
81.13497683767741,26.25,-14.9474,6.382178
81.13497683767741,28.125,-15.368239,5.9815946
81.13497683767741,30.0,-15.7684355,5.561026
81.13497683767741,31.875,-15.774685,5.444814
81.13497683767741,33.75,-15.764802,5.3618627
81.13497683767741,35.625,-15.735622,5.3156986
81.13497683767741,37.5,-15.686384,5.276057
81.13497683767741,39.375,-15.692536,5.2358766
81.13497683767741,41.25,-15.74414,5.189576
81.13497683767741,43.125,-15.890292,5.13115
81.13497683767741,45.0,-16.10496,5.0442023
81.13497683767741,46.875,-16.246424,4.9334807
81.13497683767741,48.75,-16.463358,4.762876
81.13497683767741,50.625,-16.576794,4.52688
81.13497683767741,52.5,-16.515898,4.292439
81.13497683767741,54.375,-17.005487,4.2424912
81.13497683767741,56.25,-21.086618,4.4028645
81.13497683767741,58.125,-21.40529,4.320924
81.13497683767741,60.0,-19.108688,4.7245154
81.13497683767741,61.875,-19.491188,4.7664065
81.13497683767741,63.75,-20.008825,4.5529547
81.13497683767741,65.625,-20.604822,4.3172235
81.13497683767741,67.5,-21.152517,4.0838203
81.13497683767741,69.375,-21.588533,3.9267325
81.13497683767741,71.25,-21.956188,3.8179333
81.13497683767741,73.125,-22.234861,3.6971936
81.13497683767741,75.0,-22.487751,3.5910647
81.13497683767741,76.875,-22.718845,3.4794078
81.13497683767741,78.75,-22.90449,3.3793418
81.13497683767741,80.625,-23.107323,3.2807198
81.13497683767741,82.5,-23.261482,3.1853318
81.13497683767741,84.375,-23.32863,3.0968006
81.13497683767741,86.25,-23.310545,2.9963708
81.13497683767741,88.125,-23.300936,2.9330776
81.13497683767741,90.0,-23.283825,2.8924642
81.13497683767741,91.875,-23.383963,2.8972085
81.13497683767741,93.75,-23.591755,2.9034889
81.13497683767741,95.625,-24.132048,2.9245205
81.13497683767741,97.5,-24.244978,3.0255609
81.13497683767741,99.375,-24.304626,3.0976663
81.13497683767741,101.25,-24.534626,3.081172
81.13497683767741,103.125,-24.873045,3.0529017
81.13497683767741,105.0,-24.984724,3.015063
81.13497683767741,106.875,-25.165936,2.998128
81.13497683767741,108.75,-25.289743,2.9944956
81.13497683767741,110.625,-25.422829,2.9826784
81.13497683767741,112.5,-25.526443,2.9672515
81.13497683767741,114.375,-25.639606,2.9594977
81.13497683767741,116.25,-25.711756,2.9467406
81.13497683767741,118.125,-25.81236,2.9395802
81.13497683767741,120.0,-25.892088,2.9307494
81.13497683767741,121.875,-25.966307,2.9198375
81.13497683767741,123.75,-26.034353,2.9082968
81.13497683767741,125.625,-26.073963,2.8981574
81.13497683767741,127.5,-26.167088,2.878428
81.13497683767741,129.375,-26.18365,2.8589194
81.13497683767741,131.25,-26.284998,2.8412158
81.13497683767741,133.125,-26.347282,2.8597934
81.13497683767741,135.0,-26.403748,2.8750937
81.13497683767741,136.875,-26.46531,2.878822
81.13497683767741,138.75,-26.528454,2.9011755
81.13497683767741,140.625,-26.592224,2.9126897
81.13497683767741,142.5,-26.624823,2.9291623
81.13497683767741,144.375,-26.7082,2.9406095
81.13497683767741,146.25,-26.768064,2.9330776
81.13497683767741,148.125,-26.803005,2.9253705
81.13497683767741,150.0,-26.86984,2.9560428
81.13497683767741,151.875,-26.923006,2.924602
81.13497683767741,153.75,-26.98529,2.920793
81.13497683767741,155.625,-27.059137,2.920127
81.13497683767741,157.5,-27.133669,2.9003923
81.13497683767741,159.375,-27.183123,2.9009786
81.13497683767741,161.25,-27.21197,2.9019666
81.13497683767741,163.125,-27.250076,2.8914545
81.13497683767741,165.0,-27.291481,2.89693
81.13497683767741,166.875,-27.321638,2.8747647
81.13497683767741,168.75,-27.347263,2.86046
81.13497683767741,170.625,-27.371248,2.8617692
81.13497683767741,172.5,-27.390114,2.85666
81.13497683767741,174.375,-27.435974,2.8638885
81.13497683767741,176.25,-27.453825,2.8878417
81.13497683767741,178.125,-27.49947,2.8787053
81.13497683767741,180.0,-27.53738,2.8836162
81.13497683767741,181.875,-27.584177,2.8819194
81.13497683767741,183.75,-27.623493,2.87318
81.13497683767741,185.625,-27.660505,2.8416352
81.13497683767741,187.5,-27.708279,2.8230624
81.13497683767741,189.375,-27.767927,2.808681
81.13497683767741,191.25,-27.851032,2.832617
81.13497683767741,193.125,-27.91697,2.8315737
81.13497683767741,195.0,-27.975897,2.820706
81.13497683767741,196.875,-28.025877,2.8480244
81.13497683767741,198.75,-28.060251,2.8443036
81.13497683767741,200.625,-28.112244,2.839195
81.13497683767741,202.5,-28.14406,2.8568797
81.13497683767741,204.375,-28.155174,2.8221385
81.13497683767741,206.25,-28.19531,2.8042274
81.13497683767741,208.125,-28.21037,2.775383
81.13497683767741,210.0,-28.248201,2.7697153
81.13497683767741,211.875,-28.285057,2.7661526
81.13497683767741,213.75,-28.331072,2.7771497
81.13497683767741,215.625,-28.363377,2.755727
81.13497683767741,217.5,-28.398865,2.7204642
81.13497683767741,219.375,-28.418161,2.695281
81.13497683767741,221.25,-28.456736,2.676973
81.13497683767741,223.125,-28.48746,2.672247
81.13497683767741,225.0,-28.502302,2.66815
81.13497683767741,226.875,-28.50697,2.6424465
81.13497683767741,228.75,-28.50824,2.6519923
81.13497683767741,230.625,-28.484236,2.643894
81.13497683767741,232.5,-28.499079,2.6222036
81.13497683767741,234.375,-28.490545,2.6132843
81.13497683767741,236.25,-28.471228,2.598666
81.13497683767741,238.125,-28.466307,2.6040556
81.13497683767741,240.0,-28.458807,2.6089103
81.13497683767741,241.875,-28.473143,2.6116407
81.13497683767741,243.75,-28.505348,2.6085086
81.13497683767741,245.625,-28.582634,2.6136415
81.13497683767741,247.5,-28.708923,2.6235144
81.13497683767741,249.375,-28.822634,2.6233084
81.13497683767741,251.25,-28.972908,2.6484742
81.13497683767741,253.125,-29.129099,2.696453
81.13497683767741,255.0,-29.317772,2.7311583
81.13497683767741,256.875,-29.500603,2.7914937
81.13497683767741,258.75,-29.638552,2.8634806
81.13497683767741,260.625,-29.748064,2.95227
81.13497683767741,262.5,-29.784119,3.0732176
81.13497683767741,264.375,-29.954763,3.1909325
81.13497683767741,266.25,-32.74232,2.4458177
81.13497683767741,268.125,-30.044178,3.2494164
81.13497683767741,270.0,-34.44228,2.5779922
81.13497683767741,271.875,-33.552475,2.404445
81.13497683767741,273.75,-33.76605,2.4140005
81.13497683767741,275.625,-33.955738,2.4345372
81.13497683767741,277.5,-34.155113,2.4235122
81.13497683767741,279.375,-34.355465,2.4157295
81.13497683767741,281.25,-34.499954,2.3805814
81.13497683767741,283.125,-34.65433,2.3704457
81.13497683767741,285.0,-34.832203,2.350307
81.13497683767741,286.875,-34.96941,2.3658676
81.13497683767741,288.75,-35.106655,2.3966494
81.13497683767741,290.625,-35.309917,2.3673463
81.13497683767741,292.5,-35.52972,2.3623776
81.13497683767741,294.375,-35.639996,2.3753185
81.13497683767741,296.25,-35.614624,2.3901143
81.13497683767741,298.125,-36.558372,2.5229852
81.13497683767741,300.0,-35.40189,2.3823743
81.13497683767741,301.875,-35.174606,2.3882234
81.13497683767741,303.75,-34.89769,2.4211063
81.13497683767741,305.625,-34.59353,2.40324
81.13497683767741,307.5,-34.30146,2.3784192
81.13497683767741,309.375,-34.05427,2.327086
81.13497683767741,311.25,-33.894485,2.2970812
81.13497683767741,313.125,-33.768726,2.2584002
81.13497683767741,315.0,-33.66814,2.212234
81.13497683767741,316.875,-33.631577,2.1721125
81.13497683767741,318.75,-33.585094,2.1537836
81.13497683767741,320.625,-33.559994,2.1394775
81.13497683767741,322.5,-33.497887,2.1298501
81.13497683767741,324.375,-33.41654,2.1566536
81.13497683767741,326.25,-33.245464,2.2138515
81.13497683767741,328.125,-33.00615,2.3076649
81.13497683767741,330.0,-32.625484,2.468835
81.13497683767741,331.875,-32.13271,2.6496594
81.13497683767741,333.75,-31.518806,2.9163396
81.13497683767741,335.625,-30.766657,3.2088118
81.13497683767741,337.5,-29.891716,3.4882865
81.13497683767741,339.375,-28.898338,3.7860284
81.13497683767741,341.25,-27.768337,4.1107497
81.13497683767741,343.125,-26.580994,4.4504414
81.13497683767741,345.0,-25.322517,4.754216
81.13497683767741,346.875,-21.6965,5.051712
81.13497683767741,348.75,-20.799568,5.248395
81.13497683767741,350.625,-19.93865,5.4155445
81.13497683767741,352.5,-19.01781,5.5200114
81.13497683767741,354.375,-18.079157,5.6038904
81.13497683767741,356.25,-17.265642,5.684395
81.13497683767741,358.125,-16.521267,5.8399405
82.99894164283755,0.0,-20.196444,5.8252845
82.99894164283755,1.875,-19.838045,5.8623805
82.99894164283755,3.75,-19.545565,5.9067035
82.99894164283755,5.625,-19.258337,5.9537
82.99894164283755,7.5,-19.00402,6.0121183
82.99894164283755,9.375,-18.798182,6.029537
82.99894164283755,11.25,-18.640701,6.069637
82.99894164283755,13.125,-18.562634,6.0520706
82.99894164283755,15.0,-18.488708,6.0161834
82.99894164283755,16.875,-18.491034,5.937242
82.99894164283755,18.75,-18.507301,5.8563848
82.99894164283755,20.625,-18.53328,5.7510433
82.99894164283755,22.5,-18.633142,5.5917816
82.99894164283755,24.375,-18.691912,5.4601583
82.99894164283755,26.25,-18.768885,5.3517246
82.99894164283755,28.125,-18.897575,5.175177
82.99894164283755,30.0,-18.97283,5.083855
82.99894164283755,31.875,-19.076052,4.930264
82.99894164283755,33.75,-19.138983,4.871897
82.99894164283755,35.625,-19.240232,4.767496
82.99894164283755,37.5,-19.3274,4.720677
82.99894164283755,39.375,-19.433298,4.6739807
82.99894164283755,41.25,-19.579567,4.643269
82.99894164283755,43.125,-19.744862,4.6049666
82.99894164283755,45.0,-19.922693,4.5712304
82.99894164283755,46.875,-20.120153,4.52576
82.99894164283755,48.75,-20.310858,4.4753428
82.99894164283755,50.625,-20.539333,4.429548
82.99894164283755,52.5,-20.760427,4.3834367
82.99894164283755,54.375,-21.013748,4.333259
82.99894164283755,56.25,-21.269646,4.2708077
82.99894164283755,58.125,-21.488728,4.2063594
82.99894164283755,60.0,-21.680408,4.167196
82.99894164283755,61.875,-21.891228,4.0991583
82.99894164283755,63.75,-22.09699,4.0014787
82.99894164283755,65.625,-22.30441,3.921168
82.99894164283755,67.5,-22.51527,3.8574638
82.99894164283755,69.375,-22.73113,3.7646987
82.99894164283755,71.25,-22.913103,3.6971526
82.99894164283755,73.125,-23.092361,3.6296992
82.99894164283755,75.0,-23.253279,3.5507457
82.99894164283755,76.875,-23.41408,3.5137625
82.99894164283755,78.75,-23.563396,3.47524
82.99894164283755,80.625,-23.728064,3.4128895
82.99894164283755,82.5,-23.860231,3.3740025
82.99894164283755,84.375,-24.014256,3.338324
82.99894164283755,86.25,-24.146423,3.3005443
82.99894164283755,88.125,-24.257439,3.238357
82.99894164283755,90.0,-24.38033,3.203358
82.99894164283755,91.875,-24.523005,3.1755364
82.99894164283755,93.75,-24.651228,3.1235058
82.99894164283755,95.625,-24.791052,3.0971363
82.99894164283755,97.5,-24.935467,3.0602229
82.99894164283755,99.375,-25.042166,3.0603182
82.99894164283755,101.25,-25.196463,3.071656
82.99894164283755,103.125,-25.307302,3.0776932
82.99894164283755,105.0,-25.431639,3.0706856
82.99894164283755,106.875,-25.522146,3.0747402
82.99894164283755,108.75,-25.606033,3.0537696
82.99894164283755,110.625,-25.708807,3.0474877
82.99894164283755,112.5,-25.797966,3.025549
82.99894164283755,114.375,-25.883709,3.006848
82.99894164283755,116.25,-25.95822,3.0038247
82.99894164283755,118.125,-26.025993,2.986674
82.99894164283755,120.0,-26.11656,3.0091276
82.99894164283755,121.875,-26.175526,3.0126805
82.99894164283755,123.75,-26.238865,3.0135558
82.99894164283755,125.625,-26.333063,3.0019443
82.99894164283755,127.5,-26.36111,2.9947178
82.99894164283755,129.375,-26.423141,3.004628
82.99894164283755,131.25,-26.459217,3.0081658
82.99894164283755,133.125,-26.513552,3.024612
82.99894164283755,135.0,-26.597166,3.03415
82.99894164283755,136.875,-26.652674,3.059457
82.99894164283755,138.75,-26.701502,3.079267
82.99894164283755,140.625,-26.761404,3.1113753
82.99894164283755,142.5,-26.786482,3.1218512
82.99894164283755,144.375,-26.819256,3.1290402
82.99894164283755,146.25,-26.882635,3.1257315
82.99894164283755,148.125,-26.913826,3.1043887
82.99894164283755,150.0,-26.962946,3.1100297
82.99894164283755,151.875,-26.99367,3.1008594
82.99894164283755,153.75,-27.030506,3.1014109
82.99894164283755,155.625,-27.059334,3.097252
82.99894164283755,157.5,-27.082478,3.076006
82.99894164283755,159.375,-27.084978,3.0646393
82.99894164283755,161.25,-27.12486,3.059549
82.99894164283755,163.125,-27.175623,3.0563684
82.99894164283755,165.0,-27.200232,3.0557828
82.99894164283755,166.875,-27.247595,3.0446355
82.99894164283755,168.75,-27.25994,3.0204954
82.99894164283755,170.625,-27.290194,3.0004725
82.99894164283755,172.5,-27.32699,2.9862888
82.99894164283755,174.375,-27.375818,2.9652696
82.99894164283755,176.25,-27.410349,2.9627953
82.99894164283755,178.125,-27.475388,2.934027
82.99894164283755,180.0,-27.54527,2.9590485
82.99894164283755,181.875,-27.576971,2.9607246
82.99894164283755,183.75,-27.64572,2.9402657
82.99894164283755,185.625,-27.683884,2.9136453
82.99894164283755,187.5,-27.718826,2.8868806
82.99894164283755,189.375,-27.791481,2.8545692
82.99894164283755,191.25,-27.84367,2.8312385
82.99894164283755,193.125,-27.86156,2.8168135
82.99894164283755,195.0,-27.910017,2.8252196
82.99894164283755,196.875,-27.935017,2.8145254
82.99894164283755,198.75,-27.940994,2.7974393
82.99894164283755,200.625,-27.951405,2.7995949
82.99894164283755,202.5,-27.97992,2.805259
82.99894164283755,204.375,-28.018162,2.7917094
82.99894164283755,206.25,-28.019314,2.803209
82.99894164283755,208.125,-28.044275,2.7693937
82.99894164283755,210.0,-28.066307,2.765043
82.99894164283755,211.875,-28.090174,2.780053
82.99894164283755,213.75,-28.113924,2.762402
82.99894164283755,215.625,-28.142576,2.7445788
82.99894164283755,217.5,-28.163063,2.7283487
82.99894164283755,219.375,-28.18492,2.71791
82.99894164283755,221.25,-28.18445,2.700082
82.99894164283755,223.125,-28.19326,2.6945636
82.99894164283755,225.0,-28.195837,2.692049
82.99894164283755,226.875,-28.19076,2.7202928
82.99894164283755,228.75,-28.143572,2.7227383
82.99894164283755,230.625,-28.146696,2.734596
82.99894164283755,232.5,-28.154001,2.762661
82.99894164283755,234.375,-28.161404,2.7789536
82.99894164283755,236.25,-28.156872,2.7901628
82.99894164283755,238.125,-28.167673,2.7904572
82.99894164283755,240.0,-28.196169,2.7884119
82.99894164283755,241.875,-28.220505,2.7764385
82.99894164283755,243.75,-28.288845,2.7791147
82.99894164283755,245.625,-28.314295,2.7592344
82.99894164283755,247.5,-28.374567,2.7586048
82.99894164283755,249.375,-28.415075,2.7608657
82.99894164283755,251.25,-28.493103,2.7632117
82.99894164283755,253.125,-28.554333,2.7882373
82.99894164283755,255.0,-28.646774,2.7842093
82.99894164283755,256.875,-28.725622,2.783994
82.99894164283755,258.75,-28.826658,2.825586
82.99894164283755,260.625,-28.923141,2.856248
82.99894164283755,262.5,-29.00988,2.9062614
82.99894164283755,264.375,-29.089178,2.9332752
82.99894164283755,266.25,-29.179607,2.9564862
82.99894164283755,268.125,-29.22785,3.0281775
82.99894164283755,270.0,-29.243357,3.1189935
82.99894164283755,271.875,-29.333591,3.1623173
82.99894164283755,273.75,-29.352028,3.2437658
82.99894164283755,275.625,-29.491716,3.2716339
82.99894164283755,277.5,-29.527712,3.3705127
82.99894164283755,279.375,-29.816326,3.268039
82.99894164283755,281.25,-29.910524,3.2903008
82.99894164283755,283.125,-30.033552,3.2891445
82.99894164283755,285.0,-30.14281,3.328491
82.99894164283755,286.875,-32.257534,2.6030657
82.99894164283755,288.75,-32.444683,2.553235
82.99894164283755,290.625,-32.56443,2.5431023
82.99894164283755,292.5,-30.635916,3.240349
82.99894164283755,294.375,-30.63703,3.2712772
82.99894164283755,296.25,-30.682049,3.2693546
82.99894164283755,298.125,-30.629412,3.2808142
82.99894164283755,300.0,-30.391209,3.2412927
82.99894164283755,301.875,-30.42451,3.1986308
82.99894164283755,303.75,-30.618729,3.1775866
82.99894164283755,305.625,-30.771248,3.2017097
82.99894164283755,307.5,-30.825172,3.2515316
82.99894164283755,309.375,-30.868279,3.2725348
82.99894164283755,311.25,-30.84699,3.2971435
82.99894164283755,313.125,-30.802927,3.3052835
82.99894164283755,315.0,-33.2423,2.2399628
82.99894164283755,316.875,-33.133217,2.2640538
82.99894164283755,318.75,-32.985836,2.3234777
82.99894164283755,320.625,-32.773434,2.390352
82.99894164283755,322.5,-32.514782,2.4688413
82.99894164283755,324.375,-32.245697,2.5796106
82.99894164283755,326.25,-31.934822,2.725327
82.99894164283755,328.125,-31.584236,2.9002755
82.99894164283755,330.0,-31.185154,3.056885
82.99894164283755,331.875,-30.708122,3.2594407
82.99894164283755,333.75,-30.154158,3.4997602
82.99894164283755,335.625,-29.501755,3.739483
82.99894164283755,337.5,-27.020231,4.645569
82.99894164283755,339.375,-26.39533,4.773709
82.99894164283755,341.25,-25.793102,4.8786964
82.99894164283755,343.125,-25.11994,5.045279
82.99894164283755,345.0,-24.491209,5.1886497
82.99894164283755,346.875,-23.870817,5.3222895
82.99894164283755,348.75,-23.25994,5.439195
82.99894164283755,350.625,-22.669079,5.5479345
82.99894164283755,352.5,-22.092127,5.642018
82.99894164283755,354.375,-21.55365,5.719466
82.99894164283755,356.25,-21.056501,5.763472
82.99894164283755,358.125,-20.60906,5.7940655
84.86197029204237,0.0,-22.834959,5.1496277
84.86197029204237,1.875,-22.679665,5.165928
84.86197029204237,3.75,-22.5374,5.1467457
84.86197029204237,5.625,-22.414803,5.1462045
84.86197029204237,7.5,-22.309137,5.125823
84.86197029204237,9.375,-22.213415,5.087053
84.86197029204237,11.25,-22.132517,5.046194
84.86197029204237,13.125,-22.08197,5.023892
84.86197029204237,15.0,-22.04195,4.9887705
84.86197029204237,16.875,-22.0174,4.932278
84.86197029204237,18.75,-22.003103,4.887986
84.86197029204237,20.625,-21.984821,4.829011
84.86197029204237,22.5,-21.963865,4.7632995
84.86197029204237,24.375,-21.953299,4.702824
84.86197029204237,26.25,-21.946932,4.6455984
84.86197029204237,28.125,-21.985388,4.5744367
84.86197029204237,30.0,-22.004255,4.550125
84.86197029204237,31.875,-22.029314,4.4808826
84.86197029204237,33.75,-22.050037,4.433268
84.86197029204237,35.625,-22.088123,4.391143
84.86197029204237,37.5,-22.126911,4.3243074
84.86197029204237,39.375,-22.170897,4.2783875
84.86197029204237,41.25,-22.220251,4.2354426
84.86197029204237,43.125,-22.290857,4.1946597
84.86197029204237,45.0,-22.379784,4.1664753
84.86197029204237,46.875,-22.455076,4.130004
84.86197029204237,48.75,-22.53572,4.0996923
84.86197029204237,50.625,-22.628826,4.059678
84.86197029204237,52.5,-22.721306,4.0307236
84.86197029204237,54.375,-22.82113,3.9883263
84.86197029204237,56.25,-22.904314,3.9607134
84.86197029204237,58.125,-23.005623,3.933659
84.86197029204237,60.0,-23.097712,3.8892395
84.86197029204237,61.875,-23.211834,3.8458097
84.86197029204237,63.75,-23.317713,3.817262
84.86197029204237,65.625,-23.437067,3.781158
84.86197029204237,67.5,-23.534782,3.746624
84.86197029204237,69.375,-23.632713,3.7405558
84.86197029204237,71.25,-23.73154,3.7210214
84.86197029204237,73.125,-23.832264,3.671844
84.86197029204237,75.0,-23.919764,3.6389236
84.86197029204237,76.875,-24.008728,3.6072843
84.86197029204237,78.75,-24.104237,3.576178
84.86197029204237,80.625,-24.195389,3.56154
84.86197029204237,82.5,-24.293846,3.5242138
84.86197029204237,84.375,-24.402634,3.4940095
84.86197029204237,86.25,-24.502907,3.455722
84.86197029204237,88.125,-24.574627,3.4501054
84.86197029204237,90.0,-24.657848,3.4205852
84.86197029204237,91.875,-24.75988,3.3864596
84.86197029204237,93.75,-24.848845,3.3479514
84.86197029204237,95.625,-24.964842,3.3431575
84.86197029204237,97.5,-25.039684,3.3080018
84.86197029204237,99.375,-25.131853,3.2939017
84.86197029204237,101.25,-25.21785,3.2662506
84.86197029204237,103.125,-25.32283,3.2496667
84.86197029204237,105.0,-25.407967,3.2395084
84.86197029204237,106.875,-25.48869,3.222772
84.86197029204237,108.75,-25.572577,3.2145612
84.86197029204237,110.625,-25.672243,3.2072437
84.86197029204237,112.5,-25.745075,3.22451
84.86197029204237,114.375,-25.81318,3.2022433
84.86197029204237,116.25,-25.899158,3.1956778
84.86197029204237,118.125,-25.980642,3.187981
84.86197029204237,120.0,-26.047165,3.182637
84.86197029204237,121.875,-26.127478,3.1705866
84.86197029204237,123.75,-26.207048,3.168769
84.86197029204237,125.625,-26.278748,3.1809428
84.86197029204237,127.5,-26.338434,3.1871102
84.86197029204237,129.375,-26.413689,3.1860764
84.86197029204237,131.25,-26.458084,3.18132
84.86197029204237,133.125,-26.518044,3.1747952
84.86197029204237,135.0,-26.5899,3.1983495
84.86197029204237,136.875,-26.621677,3.186896
84.86197029204237,138.75,-26.669724,3.197609
84.86197029204237,140.625,-26.725409,3.200312
84.86197029204237,142.5,-26.7474,3.2003314
84.86197029204237,144.375,-26.76408,3.203673
84.86197029204237,146.25,-26.790525,3.2130735
84.86197029204237,148.125,-26.821873,3.219317
84.86197029204237,150.0,-26.847088,3.2258134
84.86197029204237,151.875,-26.860622,3.224232
84.86197029204237,153.75,-26.892946,3.211871
84.86197029204237,155.625,-26.90746,3.2171786
84.86197029204237,157.5,-26.930134,3.207654
84.86197029204237,159.375,-26.968727,3.2112236
84.86197029204237,161.25,-26.986073,3.2045543
84.86197029204237,163.125,-27.018396,3.181546
84.86197029204237,165.0,-27.062342,3.15967
84.86197029204237,166.875,-27.068377,3.1349723
84.86197029204237,168.75,-27.115799,3.112232
84.86197029204237,170.625,-27.160505,3.094025
84.86197029204237,172.5,-27.185349,3.094999
84.86197029204237,174.375,-27.225506,3.0866435
84.86197029204237,176.25,-27.24447,3.0592186
84.86197029204237,178.125,-27.27486,3.0347986
84.86197029204237,180.0,-27.32119,3.0293713
84.86197029204237,181.875,-27.365759,3.0250943
84.86197029204237,183.75,-27.392107,3.0076644
84.86197029204237,185.625,-27.44076,2.9931018
84.86197029204237,187.5,-27.491169,2.996773
84.86197029204237,189.375,-27.52906,2.9768405
84.86197029204237,191.25,-27.54113,2.9511058
84.86197029204237,193.125,-27.561775,2.9332407
84.86197029204237,195.0,-27.587479,2.9445777
84.86197029204237,196.875,-27.612673,2.938665
84.86197029204237,198.75,-27.624256,2.914163
84.86197029204237,200.625,-27.649353,2.8917644
84.86197029204237,202.5,-27.668083,2.8609757
84.86197029204237,204.375,-27.681717,2.8672538
84.86197029204237,206.25,-27.712107,2.8528297
84.86197029204237,208.125,-27.732555,2.845969
84.86197029204237,210.0,-27.724646,2.8374465
84.86197029204237,211.875,-27.739216,2.83915
84.86197029204237,213.75,-27.75697,2.8547246
84.86197029204237,215.625,-27.770994,2.8436158
84.86197029204237,217.5,-27.764158,2.8441947
84.86197029204237,219.375,-27.773493,2.833423
84.86197029204237,221.25,-27.778786,2.8301082
84.86197029204237,223.125,-27.760994,2.8239534
84.86197029204237,225.0,-27.768162,2.8316333
84.86197029204237,226.875,-27.772146,2.8310034
84.86197029204237,228.75,-27.77238,2.8531678
84.86197029204237,230.625,-27.790895,2.8849163
84.86197029204237,232.5,-27.803396,2.8934205
84.86197029204237,234.375,-27.807947,2.8892567
84.86197029204237,236.25,-27.826345,2.9015071
84.86197029204237,238.125,-27.816893,2.905524
84.86197029204237,240.0,-27.831345,2.902689
84.86197029204237,241.875,-27.856619,2.874997
84.86197029204237,243.75,-27.889275,2.8751392
84.86197029204237,245.625,-27.912283,2.8720012
84.86197029204237,247.5,-27.916248,2.8658953
84.86197029204237,249.375,-27.940584,2.9003453
84.86197029204237,251.25,-27.987322,2.908787
84.86197029204237,253.125,-28.02115,2.9241972
84.86197029204237,255.0,-28.075506,2.9194272
84.86197029204237,256.875,-28.10691,2.9215178
84.86197029204237,258.75,-28.141033,2.9330392
84.86197029204237,260.625,-28.186365,2.940538
84.86197029204237,262.5,-28.229588,2.9677353
84.86197029204237,264.375,-28.270252,2.992069
84.86197029204237,266.25,-28.311071,3.023109
84.86197029204237,268.125,-28.323767,3.0429604
84.86197029204237,270.0,-28.338512,3.0879314
84.86197029204237,271.875,-28.341364,3.1137748
84.86197029204237,273.75,-28.342947,3.1293929
84.86197029204237,275.625,-28.346794,3.1766717
84.86197029204237,277.5,-28.33578,3.2152467
84.86197029204237,279.375,-28.336327,3.2507083
84.86197029204237,281.25,-28.313103,3.2711627
84.86197029204237,283.125,-28.310877,3.3011723
84.86197029204237,285.0,-28.296951,3.3256278
84.86197029204237,286.875,-28.281872,3.3553574
84.86197029204237,288.75,-28.280037,3.3909569
84.86197029204237,290.625,-28.278221,3.4203625
84.86197029204237,292.5,-28.250486,3.4298706
84.86197029204237,294.375,-28.233864,3.4519145
84.86197029204237,296.25,-28.234392,3.484719
84.86197029204237,298.125,-28.224176,3.5051916
84.86197029204237,300.0,-28.22279,3.5414202
84.86197029204237,301.875,-28.212791,3.5461679
84.86197029204237,303.75,-28.216404,3.5548136
84.86197029204237,305.625,-28.20988,3.5859504
84.86197029204237,307.5,-28.205193,3.6192641
84.86197029204237,309.375,-28.174393,3.6465402
84.86197029204237,311.25,-28.119041,3.6650734
84.86197029204237,313.125,-28.06986,3.7198713
84.86197029204237,315.0,-28.022184,3.772945
84.86197029204237,316.875,-27.942595,3.8207831
84.86197029204237,318.75,-27.843298,3.867908
84.86197029204237,320.625,-27.698963,3.928285
84.86197029204237,322.5,-27.564548,3.9858732
84.86197029204237,324.375,-27.407478,4.044756
84.86197029204237,326.25,-27.231522,4.0837317
84.86197029204237,328.125,-27.05363,4.1358037
84.86197029204237,330.0,-26.843338,4.1881666
84.86197029204237,331.875,-26.60365,4.2585206
84.86197029204237,333.75,-26.358807,4.317093
84.86197029204237,335.625,-26.108103,4.3966618
84.86197029204237,337.5,-25.843864,4.49227
84.86197029204237,339.375,-25.57525,4.5700107
84.86197029204237,341.25,-25.289001,4.641382
84.86197029204237,343.125,-25.009724,4.7130895
84.86197029204237,345.0,-24.72908,4.7949476
84.86197029204237,346.875,-24.450329,4.863993
84.86197029204237,348.75,-24.196579,4.9391384
84.86197029204237,350.625,-23.934626,5.0032697
84.86197029204237,352.5,-23.694313,5.036288
84.86197029204237,354.375,-23.46074,5.080656
84.86197029204237,356.25,-23.235544,5.1079216
84.86197029204237,358.125,-23.024685,5.128684
86.72253095466814,0.0,-24.443182,4.360583
86.72253095466814,1.875,-24.370974,4.367035
86.72253095466814,3.75,-24.32156,4.36582
86.72253095466814,5.625,-24.297205,4.3624134
86.72253095466814,7.5,-24.245037,4.349829
86.72253095466814,9.375,-24.216736,4.3596215
86.72253095466814,11.25,-24.18777,4.3560505
86.72253095466814,13.125,-24.17197,4.365845
86.72253095466814,15.0,-24.125565,4.342646
86.72253095466814,16.875,-24.112303,4.3208003
86.72253095466814,18.75,-24.095877,4.3033233
86.72253095466814,20.625,-24.08242,4.2732105
86.72253095466814,22.5,-24.05857,4.2429643
86.72253095466814,24.375,-24.041637,4.2110233
86.72253095466814,26.25,-24.034744,4.1714845
86.72253095466814,28.125,-24.02902,4.1395073
86.72253095466814,30.0,-24.033611,4.1238413
86.72253095466814,31.875,-24.033903,4.086271
86.72253095466814,33.75,-24.04236,4.054111
86.72253095466814,35.625,-24.049627,4.021
86.72253095466814,37.5,-24.063572,3.991454
86.72253095466814,39.375,-24.083551,3.9703937
86.72253095466814,41.25,-24.099842,3.9452636
86.72253095466814,43.125,-24.106268,3.913874
86.72253095466814,45.0,-24.111345,3.878428
86.72253095466814,46.875,-24.144646,3.8564992
86.72253095466814,48.75,-24.16951,3.8299701
86.72253095466814,50.625,-24.209118,3.813014
86.72253095466814,52.5,-24.248768,3.7892938
86.72253095466814,54.375,-24.275524,3.7696116
86.72253095466814,56.25,-24.297459,3.736695
86.72253095466814,58.125,-24.331833,3.7355742
86.72253095466814,60.0,-24.372927,3.7243712
86.72253095466814,61.875,-24.40156,3.7074907
86.72253095466814,63.75,-24.437067,3.6865838
86.72253095466814,65.625,-24.477303,3.6694436
86.72253095466814,67.5,-24.516346,3.6576703
86.72253095466814,69.375,-24.568748,3.6290867
86.72253095466814,71.25,-24.619041,3.6136844
86.72253095466814,73.125,-24.668455,3.5954123
86.72253095466814,75.0,-24.70574,3.5807562
86.72253095466814,76.875,-24.757263,3.5665145
86.72253095466814,78.75,-24.81277,3.554006
86.72253095466814,80.625,-24.878279,3.5404782
86.72253095466814,82.5,-24.927946,3.5272112
86.72253095466814,84.375,-24.97238,3.5057669
86.72253095466814,86.25,-25.021502,3.49108
86.72253095466814,88.125,-25.082537,3.4820964
86.72253095466814,90.0,-25.14652,3.470585
86.72253095466814,91.875,-25.227694,3.4656572
86.72253095466814,93.75,-25.283571,3.4529092
86.72253095466814,95.625,-25.34818,3.4332504
86.72253095466814,97.5,-25.405134,3.4238994
86.72253095466814,99.375,-25.481989,3.4165394
86.72253095466814,101.25,-25.543102,3.4193988
86.72253095466814,103.125,-25.600544,3.4105737
86.72253095466814,105.0,-25.637928,3.3938198
86.72253095466814,106.875,-25.70445,3.3782194
86.72253095466814,108.75,-25.774803,3.369969
86.72253095466814,110.625,-25.822477,3.35637
86.72253095466814,112.5,-25.888474,3.3419247
86.72253095466814,114.375,-25.929022,3.3368037
86.72253095466814,116.25,-25.978142,3.3189552
86.72253095466814,118.125,-26.029959,3.3124843
86.72253095466814,120.0,-26.073786,3.2902703
86.72253095466814,121.875,-26.119274,3.3074396
86.72253095466814,123.75,-26.16992,3.3051617
86.72253095466814,125.625,-26.194958,3.2980874
86.72253095466814,127.5,-26.242577,3.297018
86.72253095466814,129.375,-26.28779,3.3003159
86.72253095466814,131.25,-26.355232,3.3120928
86.72253095466814,133.125,-26.389822,3.293554
86.72253095466814,135.0,-26.4224,3.298532
86.72253095466814,136.875,-26.454666,3.2882106
86.72253095466814,138.75,-26.49525,3.291217
86.72253095466814,140.625,-26.538494,3.2881682
86.72253095466814,142.5,-26.557419,3.2644334
86.72253095466814,144.375,-26.568182,3.2571821
86.72253095466814,146.25,-26.59156,3.2595944
86.72253095466814,148.125,-26.625114,3.259034
86.72253095466814,150.0,-26.620485,3.2463236
86.72253095466814,151.875,-26.653904,3.2503104
86.72253095466814,153.75,-26.672653,3.2341547
86.72253095466814,155.625,-26.702225,3.222117
86.72253095466814,157.5,-26.707947,3.2064538
86.72253095466814,159.375,-26.73613,3.205805
86.72253095466814,161.25,-26.754938,3.2107625
86.72253095466814,163.125,-26.783474,3.2005248
86.72253095466814,165.0,-26.815231,3.2067041
86.72253095466814,166.875,-26.820545,3.229707
86.72253095466814,168.75,-26.826794,3.2230942
86.72253095466814,170.625,-26.833689,3.2319996
86.72253095466814,172.5,-26.860134,3.2250638
86.72253095466814,174.375,-26.867615,3.2293146
86.72253095466814,176.25,-26.904978,3.229516
86.72253095466814,178.125,-26.92941,3.2170436
86.72253095466814,180.0,-26.951971,3.2054055
86.72253095466814,181.875,-26.994373,3.226041
86.72253095466814,183.75,-27.020563,3.2152224
86.72253095466814,185.625,-27.056463,3.207921
86.72253095466814,187.5,-27.069159,3.2034209
86.72253095466814,189.375,-27.076248,3.2059834
86.72253095466814,191.25,-27.096169,3.1932747
86.72253095466814,193.125,-27.109158,3.1713946
86.72253095466814,195.0,-27.149704,3.187467
86.72253095466814,196.875,-27.157146,3.1766975
86.72253095466814,198.75,-27.175116,3.1658213
86.72253095466814,200.625,-27.210447,3.1698325
86.72253095466814,202.5,-27.23068,3.1592064
86.72253095466814,204.375,-27.231892,3.1442285
86.72253095466814,206.25,-27.24818,3.1506984
86.72253095466814,208.125,-27.256794,3.149074
86.72253095466814,210.0,-27.269665,3.1367958
86.72253095466814,211.875,-27.281912,3.1386027
86.72253095466814,213.75,-27.29283,3.143456
86.72253095466814,215.625,-27.28609,3.131033
86.72253095466814,217.5,-27.31236,3.115259
86.72253095466814,219.375,-27.331951,3.1150951
86.72253095466814,221.25,-27.342947,3.101168
86.72253095466814,223.125,-27.363787,3.088318
86.72253095466814,225.0,-27.353552,3.0585556
86.72253095466814,226.875,-27.368025,3.0450625
86.72253095466814,228.75,-27.359373,3.0632346
86.72253095466814,230.625,-27.357634,3.0718093
86.72253095466814,232.5,-27.360506,3.073718
86.72253095466814,234.375,-27.387556,3.0498984
86.72253095466814,236.25,-27.391481,3.057577
86.72253095466814,238.125,-27.41658,3.0217109
86.72253095466814,240.0,-27.418903,3.0246484
86.72253095466814,241.875,-27.417341,3.0294943
86.72253095466814,243.75,-27.409256,3.0305705
86.72253095466814,245.625,-27.421091,3.038841
86.72253095466814,247.5,-27.441072,3.0346289
86.72253095466814,249.375,-27.452282,3.027757
86.72253095466814,251.25,-27.460173,3.0381339
86.72253095466814,253.125,-27.467731,3.019231
86.72253095466814,255.0,-27.471521,3.0258436
86.72253095466814,256.875,-27.488358,3.0477521
86.72253095466814,258.75,-27.485134,3.0635123
86.72253095466814,260.625,-27.477713,3.0444498
86.72253095466814,262.5,-27.484549,3.0684009
86.72253095466814,264.375,-27.48652,3.0690017
86.72253095466814,266.25,-27.500877,3.0761857
86.72253095466814,268.125,-27.479412,3.1046262
86.72253095466814,270.0,-27.484783,3.1215017
86.72253095466814,271.875,-27.454353,3.1406527
86.72253095466814,273.75,-27.408728,3.1509147
86.72253095466814,275.625,-27.391834,3.1739206
86.72253095466814,277.5,-27.368122,3.2024171
86.72253095466814,279.375,-27.336071,3.2258134
86.72253095466814,281.25,-27.294138,3.2400029
86.72253095466814,283.125,-27.247263,3.258833
86.72253095466814,285.0,-27.191599,3.2733662
86.72253095466814,286.875,-27.14695,3.2959476
86.72253095466814,288.75,-27.096481,3.3131194
86.72253095466814,290.625,-27.058416,3.3544528
86.72253095466814,292.5,-27.00365,3.3829927
86.72253095466814,294.375,-26.94195,3.395753
86.72253095466814,296.25,-26.903807,3.4406996
86.72253095466814,298.125,-26.85158,3.4647024
86.72253095466814,300.0,-26.791462,3.5049663
86.72253095466814,301.875,-26.734411,3.5200453
86.72253095466814,303.75,-26.68033,3.5571802
86.72253095466814,305.625,-26.609802,3.5822735
86.72253095466814,307.5,-26.562868,3.612414
86.72253095466814,309.375,-26.507732,3.6513677
86.72253095466814,311.25,-26.440037,3.6897025
86.72253095466814,313.125,-26.372614,3.71539
86.72253095466814,315.0,-26.302732,3.7239754
86.72253095466814,316.875,-26.233904,3.7619514
86.72253095466814,318.75,-26.162264,3.7958
86.72253095466814,320.625,-26.093473,3.822282
86.72253095466814,322.5,-26.012146,3.8598118
86.72253095466814,324.375,-25.942556,3.9183443
86.72253095466814,326.25,-25.851639,3.941947
86.72253095466814,328.125,-25.771404,3.9692326
86.72253095466814,330.0,-25.689314,4.0152316
86.72253095466814,331.875,-25.595076,4.0539346
86.72253095466814,333.75,-25.529587,4.084369
86.72253095466814,335.625,-25.4465,4.1151743
86.72253095466814,337.5,-25.3524,4.125469
86.72253095466814,339.375,-25.251795,4.148492
86.72253095466814,341.25,-25.18072,4.182092
86.72253095466814,343.125,-25.095407,4.2191367
86.72253095466814,345.0,-25.001013,4.2436676
86.72253095466814,346.875,-24.90695,4.2632914
86.72253095466814,348.75,-24.815506,4.285724
86.72253095466814,350.625,-24.749958,4.312177
86.72253095466814,352.5,-24.681482,4.324786
86.72253095466814,354.375,-24.61193,4.352704
86.72253095466814,356.25,-24.548122,4.3600497
86.72253095466814,358.125,-24.487087,4.366347
88.57216851400727,0.0,-26.269411,3.454948
88.57216851400727,1.875,-26.26404,3.4512906
88.57216851400727,3.75,-26.260603,3.4544504
88.57216851400727,5.625,-26.254822,3.4652717
88.57216851400727,7.5,-26.259958,3.4704645
88.57216851400727,9.375,-26.255896,3.4742844
88.57216851400727,11.25,-26.249413,3.4793878
88.57216851400727,13.125,-26.239782,3.477256
88.57216851400727,15.0,-26.244724,3.4854274
88.57216851400727,16.875,-26.233122,3.4905298
88.57216851400727,18.75,-26.227694,3.4882703
88.57216851400727,20.625,-26.220116,3.489226
88.57216851400727,22.5,-26.219528,3.487365
88.57216851400727,24.375,-26.216345,3.4858654
88.57216851400727,26.25,-26.219997,3.4979901
88.57216851400727,28.125,-26.209606,3.4839344
88.57216851400727,30.0,-26.204666,3.480541
88.57216851400727,31.875,-26.207771,3.4814503
88.57216851400727,33.75,-26.195877,3.4730735
88.57216851400727,35.625,-26.194216,3.4708722
88.57216851400727,37.5,-26.191442,3.4670978
88.57216851400727,39.375,-26.190838,3.4652638
88.57216851400727,41.25,-26.18613,3.4683146
88.57216851400727,43.125,-26.180603,3.4591696
88.57216851400727,45.0,-26.182497,3.451384
88.57216851400727,46.875,-26.18074,3.4438095
88.57216851400727,48.75,-26.180017,3.443515
88.57216851400727,50.625,-26.180525,3.4395914
88.57216851400727,52.5,-26.184237,3.4381144
88.57216851400727,54.375,-26.178709,3.4329486
88.57216851400727,56.25,-26.177654,3.4339414
88.57216851400727,58.125,-26.120018,3.4212139
88.57216851400727,60.0,-26.115799,3.4218018
88.57216851400727,61.875,-26.113924,3.4125772
88.57216851400727,63.75,-26.11236,3.4117556
88.57216851400727,65.625,-26.101873,3.4004521
88.57216851400727,67.5,-26.100798,3.3914785
88.57216851400727,69.375,-26.100506,3.3861535
88.57216851400727,71.25,-26.094528,3.37676
88.57216851400727,73.125,-26.083729,3.3760006
88.57216851400727,75.0,-26.081638,3.3748872
88.57216851400727,76.875,-26.079138,3.3671598
88.57216851400727,78.75,-26.078728,3.3671834
88.57216851400727,80.625,-26.078787,3.3559134
88.57216851400727,82.5,-26.07322,3.3551338
88.57216851400727,84.375,-26.070173,3.3527908
88.57216851400727,86.25,-26.079782,3.3491898
88.57216851400727,88.125,-26.07736,3.3537908
88.57216851400727,90.0,-26.080389,3.3561819
88.57216851400727,91.875,-26.077732,3.3564355
88.57216851400727,93.75,-26.081776,3.3636062
88.57216851400727,95.625,-26.088123,3.3699527
88.57216851400727,97.5,-26.087088,3.3733294
88.57216851400727,99.375,-26.0932,3.3777695
88.57216851400727,101.25,-26.094099,3.382614
88.57216851400727,103.125,-26.092829,3.377395
88.57216851400727,105.0,-26.088982,3.374409
88.57216851400727,106.875,-26.09578,3.3823967
88.57216851400727,108.75,-26.089,3.3774922
88.57216851400727,110.625,-26.09738,3.3894362
88.57216851400727,112.5,-26.09285,3.38567
88.57216851400727,114.375,-26.101189,3.3958
88.57216851400727,116.25,-26.100994,3.398926
88.57216851400727,118.125,-26.093357,3.4042938
88.57216851400727,120.0,-26.09117,3.4123805
88.57216851400727,121.875,-26.094002,3.4132376
88.57216851400727,123.75,-26.092869,3.4241893
88.57216851400727,125.625,-26.09578,3.4247463
88.57216851400727,127.5,-26.09908,3.4321885
88.57216851400727,129.375,-26.098904,3.4362392
88.57216851400727,131.25,-26.101795,3.4403348
88.57216851400727,133.125,-26.106522,3.442451
88.57216851400727,135.0,-26.106169,3.44873
88.57216851400727,136.875,-26.109352,3.459418
88.57216851400727,138.75,-26.12986,3.4687965
88.57216851400727,140.625,-26.137321,3.4747655
88.57216851400727,142.5,-26.14033,3.488005
88.57216851400727,144.375,-26.146326,3.497031
88.57216851400727,146.25,-26.154411,3.502495
88.57216851400727,148.125,-26.156599,3.512805
88.57216851400727,150.0,-26.165504,3.5159843
88.57216851400727,151.875,-26.175426,3.5283704
88.57216851400727,153.75,-26.18035,3.5323172
88.57216851400727,155.625,-26.187849,3.5393662
88.57216851400727,157.5,-26.193943,3.5457144
88.57216851400727,159.375,-26.197655,3.5475419
88.57216851400727,161.25,-26.21076,3.545996
88.57216851400727,163.125,-26.212986,3.5519342
88.57216851400727,165.0,-26.215857,3.5510688
88.57216851400727,166.875,-26.192068,3.5536172
88.57216851400727,168.75,-26.19691,3.5531275
88.57216851400727,170.625,-26.20154,3.564011
88.57216851400727,172.5,-26.20617,3.5636601
88.57216851400727,174.375,-26.213045,3.5643864
88.57216851400727,176.25,-26.219393,3.5618439
88.57216851400727,178.125,-26.219587,3.5633845
88.57216851400727,180.0,-26.2224,3.5618427
88.57216851400727,181.875,-26.226404,3.5646274
88.57216851400727,183.75,-26.229548,3.5656314
88.57216851400727,185.625,-26.235466,3.5678182
88.57216851400727,187.5,-26.237635,3.5666628
88.57216851400727,189.375,-26.245329,3.57754
88.57216851400727,191.25,-26.24447,3.5730205
88.57216851400727,193.125,-26.249178,3.5721502
88.57216851400727,195.0,-26.248259,3.5715964
88.57216851400727,196.875,-26.249842,3.5748863
88.57216851400727,198.75,-26.2507,3.578321
88.57216851400727,200.625,-26.259392,3.5736477
88.57216851400727,202.5,-26.252087,3.5756836
88.57216851400727,204.375,-26.253729,3.5771344
88.57216851400727,206.25,-26.249529,3.5842612
88.57216851400727,208.125,-26.247635,3.5882273
88.57216851400727,210.0,-26.244568,3.593456
88.57216851400727,211.875,-26.237106,3.5938373
88.57216851400727,213.75,-26.234451,3.5948555
88.57216851400727,215.625,-26.236618,3.597
88.57216851400727,217.5,-26.239958,3.6028063
88.57216851400727,219.375,-26.224861,3.5946798
88.57216851400727,221.25,-26.225916,3.5986168
88.57216851400727,223.125,-26.220936,3.6050289
88.57216851400727,225.0,-26.218142,3.604169
88.57216851400727,226.875,-26.211052,3.606831
88.57216851400727,228.75,-26.202478,3.603231
88.57216851400727,230.625,-26.19445,3.6046126
88.57216851400727,232.5,-26.191696,3.6046555
88.57216851400727,234.375,-26.189665,3.612438
88.57216851400727,236.25,-26.179373,3.6056414
88.57216851400727,238.125,-26.176287,3.5989826
88.57216851400727,240.0,-26.167498,3.5962725
88.57216851400727,241.875,-26.164822,3.5988138
88.57216851400727,243.75,-26.16156,3.5955305
88.57216851400727,245.625,-26.15529,3.5894482
88.57216851400727,247.5,-26.151697,3.5887249
88.57216851400727,249.375,-26.146345,3.5800138
88.57216851400727,251.25,-26.14361,3.568689
88.57216851400727,253.125,-26.133356,3.5631552
88.57216851400727,255.0,-26.13617,3.5603733
88.57216851400727,256.875,-26.131834,3.5582366
88.57216851400727,258.75,-26.121365,3.5443163
88.57216851400727,260.625,-26.120428,3.5413094
88.57216851400727,262.5,-26.116344,3.5357497
88.57216851400727,264.375,-26.116697,3.5299385
88.57216851400727,266.25,-26.113436,3.5204608
88.57216851400727,268.125,-26.109627,3.511107
88.57216851400727,270.0,-26.111092,3.5120065
88.57216851400727,271.875,-26.10533,3.5078785
88.57216851400727,273.75,-26.106071,3.5024247
88.57216851400727,275.625,-26.104704,3.4973638
88.57216851400727,277.5,-26.10574,3.496472
88.57216851400727,279.375,-26.108885,3.5008252
88.57216851400727,281.25,-26.114197,3.4881866
88.57216851400727,283.125,-26.107185,3.4838386
88.57216851400727,285.0,-26.105602,3.4770188
88.57216851400727,286.875,-26.110544,3.4786403
88.57216851400727,288.75,-26.113123,3.479311
88.57216851400727,290.625,-26.110857,3.4668002
88.57216851400727,292.5,-26.112926,3.465474
88.57216851400727,294.375,-26.113436,3.456777
88.57216851400727,296.25,-26.119606,3.4603627
88.57216851400727,298.125,-26.123669,3.4603732
88.57216851400727,300.0,-26.139294,3.4506686
88.57216851400727,301.875,-26.135368,3.4486377
88.57216851400727,303.75,-26.147438,3.4480498
88.57216851400727,305.625,-26.157967,3.4539165
88.57216851400727,307.5,-26.159256,3.4460788
88.57216851400727,309.375,-26.169432,3.4441378
88.57216851400727,311.25,-26.182634,3.4362047
88.57216851400727,313.125,-26.183338,3.4331973
88.57216851400727,315.0,-26.19035,3.4265616
88.57216851400727,316.875,-26.199274,3.424454
88.57216851400727,318.75,-26.200798,3.4228132
88.57216851400727,320.625,-26.207712,3.4161994
88.57216851400727,322.5,-26.211678,3.4136946
88.57216851400727,324.375,-26.211931,3.4115627
88.57216851400727,326.25,-26.22324,3.405962
88.57216851400727,328.125,-26.227303,3.4049413
88.57216851400727,330.0,-26.233864,3.4080806
88.57216851400727,331.875,-26.24904,3.4090683
88.57216851400727,333.75,-26.253298,3.409537
88.57216851400727,335.625,-26.246971,3.4160502
88.57216851400727,337.5,-26.25656,3.40497
88.57216851400727,339.375,-26.259079,3.4094152
88.57216851400727,341.25,-26.267595,3.4226804
88.57216851400727,343.125,-26.269217,3.4253144
88.57216851400727,345.0,-26.27316,3.420029
88.57216851400727,346.875,-26.258142,3.4278145
88.57216851400727,348.75,-26.268318,3.4262419
88.57216851400727,350.625,-26.262615,3.4337978
88.57216851400727,352.5,-26.268337,3.434609
88.57216851400727,354.375,-26.260975,3.441903
88.57216851400727,356.25,-26.267282,3.4441583
88.57216851400727,358.125,-26.266033,3.4409502
