latitude,longitude,mean_temperature,uncertainty_std
-88.57216851400727,0.0,-38.014202,1.6802087
-88.57216851400727,1.875,-38.011604,1.6815776
-88.57216851400727,3.75,-38.006702,1.6925954
-88.57216851400727,5.625,-37.999866,1.7058059
-88.57216851400727,7.5,-37.993168,1.6983517
-88.57216851400727,9.375,-37.973206,1.7200016
-88.57216851400727,11.25,-37.944847,1.7104535
-88.57216851400727,13.125,-37.92787,1.7230119
-88.57216851400727,15.0,-37.893147,1.7415494
-88.57216851400727,16.875,-37.84721,1.7324717
-88.57216851400727,18.75,-37.811485,1.7322996
-88.57216851400727,20.625,-37.759262,1.7338547
-88.57216851400727,22.5,-37.7167,1.742675
-88.57216851400727,24.375,-37.679104,1.7498233
-88.57216851400727,26.25,-37.61797,1.7647003
-88.57216851400727,28.125,-37.574024,1.7505336
-88.57216851400727,30.0,-37.513966,1.7574532
-88.57216851400727,31.875,-37.473167,1.7705175
-88.57216851400727,33.75,-37.413185,1.7749615
-88.57216851400727,35.625,-37.36006,1.7864578
-88.57216851400727,37.5,-37.291565,1.7908478
-88.57216851400727,39.375,-37.24051,1.811411
-88.57216851400727,41.25,-37.202816,1.814115
-88.57216851400727,43.125,-37.14336,1.8130128
-88.57216851400727,45.0,-37.093792,1.8088092
-88.57216851400727,46.875,-37.030804,1.8180103
-88.57216851400727,48.75,-36.988888,1.8228829
-88.57216851400727,50.625,-36.94223,1.832386
-88.57216851400727,52.5,-36.90297,1.84445
-88.57216851400727,54.375,-36.858498,1.8543485
-88.57216851400727,56.25,-36.817738,1.8561954
-88.57216851400727,58.125,-36.780354,1.8672523
-88.57216851400727,60.0,-36.73641,1.8893561
-88.57216851400727,61.875,-36.689884,1.905159
-88.57216851400727,63.75,-36.69719,1.9106462
-88.57216851400727,65.625,-36.649025,1.9264889
-88.57216851400727,67.5,-36.624672,1.9412528
-88.57216851400727,69.375,-36.609535,1.9531375
-88.57216851400727,71.25,-36.58969,1.9674401
-88.57216851400727,73.125,-36.56885,1.9691797
-88.57216851400727,75.0,-36.53135,1.9734151
-88.57216851400727,76.875,-36.5585,1.9927886
-88.57216851400727,78.75,-36.52664,2.0225284
-88.57216851400727,80.625,-36.507328,2.0385878
-88.57216851400727,82.5,-36.523342,2.0298417
-88.57216851400727,84.375,-36.50371,2.047266
-88.57216851400727,86.25,-36.498734,2.0628545
-88.57216851400727,88.125,-36.48635,2.0740514
-88.57216851400727,90.0,-36.48389,2.0843625
-88.57216851400727,91.875,-36.471176,2.1041274
-88.57216851400727,93.75,-36.45973,2.1065342
-88.57216851400727,95.625,-36.46963,2.1203117
-88.57216851400727,97.5,-36.47307,2.131287
-88.57216851400727,99.375,-36.460354,2.1516383
-88.57216851400727,101.25,-36.46473,2.1525004
-88.57216851400727,103.125,-36.443478,2.1524725
-88.57216851400727,105.0,-36.442055,2.1561303
-88.57216851400727,106.875,-36.429886,2.1825807
-88.57216851400727,108.75,-36.429005,2.1780443
-88.57216851400727,110.625,-36.39348,2.1799777
-88.57216851400727,112.5,-36.38889,2.1870868
-88.57216851400727,114.375,-36.389496,2.2078216
-88.57216851400727,116.25,-36.38629,2.222325
-88.57216851400727,118.125,-36.3877,2.234216
-88.57216851400727,120.0,-36.365433,2.2367246
-88.57216851400727,121.875,-36.36639,2.23519
-88.57216851400727,123.75,-36.34848,2.2288442
-88.57216851400727,125.625,-36.33293,2.2272582
-88.57216851400727,127.5,-36.320255,2.2273345
-88.57216851400727,129.375,-36.321293,2.2308822
-88.57216851400727,131.25,-36.304417,2.2249465
-88.57216851400727,133.125,-36.28715,2.2354584
-88.57216851400727,135.0,-36.290276,2.2246718
-88.57216851400727,136.875,-36.282738,2.2154775
-88.57216851400727,138.75,-36.293148,2.214941
-88.57216851400727,140.625,-36.302795,2.222779
-88.57216851400727,142.5,-36.294945,2.220629
-88.57216851400727,144.375,-36.289318,2.2261937
-88.57216851400727,146.25,-36.284203,2.2243223
-88.57216851400727,148.125,-36.281174,2.2279797
-88.57216851400727,150.0,-36.294125,2.2282736
-88.57216851400727,151.875,-36.29305,2.2306616
-88.57216851400727,153.75,-36.30811,2.2213657
-88.57216851400727,155.625,-36.34016,2.2430093
-88.57216851400727,157.5,-36.365276,2.2434928
-88.57216851400727,159.375,-36.39676,2.2311685
-88.57216851400727,161.25,-36.425453,2.2358942
-88.57216851400727,163.125,-36.462032,2.2254517
-88.57216851400727,165.0,-36.503223,2.2215087
-88.57216851400727,166.875,-36.522404,2.2195957
-88.57216851400727,168.75,-36.56516,2.2245889
-88.57216851400727,170.625,-36.628265,2.2141747
-88.57216851400727,172.5,-36.67719,2.2131176
-88.57216851400727,174.375,-36.71354,2.2101672
-88.57216851400727,176.25,-36.753654,2.1976302
-88.57216851400727,178.125,-36.812817,2.1801174
-88.57216851400727,180.0,-36.87518,2.1746297
-88.57216851400727,181.875,-36.93877,2.1507807
-88.57216851400727,183.75,-36.980255,2.1370351
-88.57216851400727,185.625,-37.028908,2.1293507
-88.57216851400727,187.5,-37.082348,2.1197703
-88.57216851400727,189.375,-37.141544,2.1216896
-88.57216851400727,191.25,-37.178772,2.0994627
-88.57216851400727,193.125,-37.220413,2.0885806
-88.57216851400727,195.0,-37.256195,2.0721004
-88.57216851400727,196.875,-37.291565,2.0552967
-88.57216851400727,198.75,-37.33061,2.0261161
-88.57216851400727,200.625,-37.36844,2.006972
-88.57216851400727,202.5,-37.39873,2.000923
-88.57216851400727,204.375,-37.435276,1.989509
-88.57216851400727,206.25,-37.468792,1.9720429
-88.57216851400727,208.125,-37.500862,1.960383
-88.57216851400727,210.0,-37.53047,1.9392592
-88.57216851400727,211.875,-37.568382,1.9299626
-88.57216851400727,213.75,-37.57711,1.9196583
-88.57216851400727,215.625,-37.61221,1.906544
-88.57216851400727,217.5,-37.63762,1.8926606
-88.57216851400727,219.375,-37.65807,1.8954054
-88.57216851400727,221.25,-37.688244,1.8707442
-88.57216851400727,223.125,-37.709923,1.8627787
-88.57216851400727,225.0,-37.7393,1.8591719
-88.57216851400727,226.875,-37.757153,1.8524653
-88.57216851400727,228.75,-37.763245,1.8437197
-88.57216851400727,230.625,-37.77801,1.8333179
-88.57216851400727,232.5,-37.802814,1.8283718
-88.57216851400727,234.375,-37.808792,1.8165976
-88.57216851400727,236.25,-37.81842,1.8106906
-88.57216851400727,238.125,-37.834145,1.8078703
-88.57216851400727,240.0,-37.828224,1.7942148
-88.57216851400727,241.875,-37.836994,1.7886021
-88.57216851400727,243.75,-37.831974,1.7743965
-88.57216851400727,245.625,-37.826546,1.7615174
-88.57216851400727,247.5,-37.819496,1.7587116
-88.57216851400727,249.375,-37.806507,1.7503566
-88.57216851400727,251.25,-37.7934,1.7387364
-88.57216851400727,253.125,-37.777386,1.733507
-88.57216851400727,255.0,-37.753616,1.7249823
-88.57216851400727,256.875,-37.751938,1.7080793
-88.57216851400727,258.75,-37.719826,1.7188079
-88.57216851400727,260.625,-37.701935,1.7146893
-88.57216851400727,262.5,-37.679417,1.7030108
-88.57216851400727,264.375,-37.664925,1.6901991
-88.57216851400727,266.25,-37.61889,1.689979
-88.57216851400727,268.125,-37.592678,1.6881577
-88.57216851400727,270.0,-37.560375,1.6750044
-88.57216851400727,271.875,-37.541176,1.672341
-88.57216851400727,273.75,-37.514084,1.6686251
-88.57216851400727,275.625,-37.489143,1.6561469
-88.57216851400727,277.5,-37.452015,1.660434
-88.57216851400727,279.375,-37.424847,1.6709481
-88.57216851400727,281.25,-37.406662,1.6559632
-88.57216851400727,283.125,-37.38797,1.6578115
-88.57216851400727,285.0,-37.35729,1.6579646
-88.57216851400727,286.875,-37.33258,1.6620367
-88.57216851400727,288.75,-37.312737,1.6571819
-88.57216851400727,290.625,-37.306137,1.6539611
-88.57216851400727,292.5,-37.2825,1.6572834
-88.57216851400727,294.375,-37.272797,1.6574192
-88.57216851400727,296.25,-37.26129,1.6574147
-88.57216851400727,298.125,-37.25184,1.6596733
-88.57216851400727,300.0,-37.243713,1.6591802
-88.57216851400727,301.875,-37.243168,1.6605251
-88.57216851400727,303.75,-37.242912,1.6631905
-88.57216851400727,305.625,-37.25227,1.6607732
-88.57216851400727,307.5,-37.261505,1.6636547
-88.57216851400727,309.375,-37.271564,1.6713096
-88.57216851400727,311.25,-37.28803,1.6702639
-88.57216851400727,313.125,-37.30973,1.6702781
-88.57216851400727,315.0,-37.3327,1.671884
-88.57216851400727,316.875,-37.35588,1.6748922
-88.57216851400727,318.75,-37.38346,1.6810586
-88.57216851400727,320.625,-37.415607,1.6781639
-88.57216851400727,322.5,-37.444786,1.682149
-88.57216851400727,324.375,-37.48008,1.6790667
-88.57216851400727,326.25,-37.516056,1.6843085
-88.57216851400727,328.125,-37.55436,1.6783824
-88.57216851400727,330.0,-37.59582,1.6740881
-88.57216851400727,331.875,-37.636135,1.6801249
-88.57216851400727,333.75,-37.666622,1.6828209
-88.57216851400727,335.625,-37.707813,1.6821738
-88.57216851400727,337.5,-37.73973,1.6786429
-88.57216851400727,339.375,-37.77207,1.6761016
-88.57216851400727,341.25,-37.808968,1.6693699
-88.57216851400727,343.125,-37.845783,1.6684407
-88.57216851400727,345.0,-37.8792,1.66685
-88.57216851400727,346.875,-37.903595,1.6749415
-88.57216851400727,348.75,-37.942875,1.671228
-88.57216851400727,350.625,-37.95889,1.6680579
-88.57216851400727,352.5,-37.982677,1.669046
-88.57216851400727,354.375,-37.98848,1.6620637
-88.57216851400727,356.25,-37.99559,1.6649897
-88.57216851400727,358.125,-38.009357,1.6721296
-86.72253095466814,0.0,-35.436623,2.599515
-86.72253095466814,1.875,-35.504143,2.616429
-86.72253095466814,3.75,-35.563263,2.6290245
-86.72253095466814,5.625,-35.628166,2.6667283
-86.72253095466814,7.5,-35.682816,2.643947
-86.72253095466814,9.375,-35.727856,2.6813726
-86.72253095466814,11.25,-35.794163,2.686925
-86.72253095466814,13.125,-35.850803,2.6803255
-86.72253095466814,15.0,-35.878067,2.6594229
-86.72253095466814,16.875,-35.910294,2.6504235
-86.72253095466814,18.75,-35.97293,2.6684666
-86.72253095466814,20.625,-36.012367,2.646237
-86.72253095466814,22.5,-36.107872,2.6417165
-86.72253095466814,24.375,-36.150528,2.63936
-86.72253095466814,26.25,-36.168262,2.6720278
-86.72253095466814,28.125,-36.235744,2.673685
-86.72253095466814,30.0,-36.33106,2.6337194
-86.72253095466814,31.875,-36.421154,2.6153789
-86.72253095466814,33.75,-36.51668,2.627852
-86.72253095466814,35.625,-36.62543,2.5820262
-86.72253095466814,37.5,-36.71727,2.582622
-86.72253095466814,39.375,-36.81104,2.551529
-86.72253095466814,41.25,-36.93502,2.5552328
-86.72253095466814,43.125,-37.03557,2.5459235
-86.72253095466814,45.0,-37.154007,2.5229564
-86.72253095466814,46.875,-37.285004,2.5095387
-86.72253095466814,48.75,-37.39221,2.4992738
-86.72253095466814,50.625,-37.468636,2.5385332
-86.72253095466814,52.5,-37.58643,2.5072448
-86.72253095466814,54.375,-37.667755,2.488682
-86.72253095466814,56.25,-37.744614,2.4602551
-86.72253095466814,58.125,-37.86266,2.4576375
-86.72253095466814,60.0,-37.996567,2.4429507
-86.72253095466814,61.875,-38.059574,2.3997772
-86.72253095466814,63.75,-38.12789,2.3675973
-86.72253095466814,65.625,-38.186153,2.366681
-86.72253095466814,67.5,-38.176586,2.3953197
-86.72253095466814,69.375,-38.251682,2.3496141
-86.72253095466814,71.25,-38.29524,2.3119926
-86.72253095466814,73.125,-38.345375,2.3119342
-86.72253095466814,75.0,-38.361565,2.3012688
-86.72253095466814,76.875,-38.38182,2.2919261
-86.72253095466814,78.75,-38.427658,2.2678933
-86.72253095466814,80.625,-38.430687,2.271963
-86.72253095466814,82.5,-38.47713,2.268546
-86.72253095466814,84.375,-38.525177,2.275471
-86.72253095466814,86.25,-38.54932,2.2776213
-86.72253095466814,88.125,-38.617874,2.2686162
-86.72253095466814,90.0,-38.671955,2.269012
-86.72253095466814,91.875,-38.73096,2.251666
-86.72253095466814,93.75,-38.793262,2.2363715
-86.72253095466814,95.625,-38.89053,2.2233534
-86.72253095466814,97.5,-38.967815,2.2304645
-86.72253095466814,99.375,-39.06682,2.1876855
-86.72253095466814,101.25,-39.179222,2.1790473
-86.72253095466814,103.125,-39.266937,2.1350083
-86.72253095466814,105.0,-39.388695,2.1306553
-86.72253095466814,106.875,-39.484592,2.1053462
-86.72253095466814,108.75,-39.589806,2.0869672
-86.72253095466814,110.625,-39.706993,2.0636866
-86.72253095466814,112.5,-39.767776,2.0406053
-86.72253095466814,114.375,-39.81594,2.0232058
-86.72253095466814,116.25,-39.79891,1.994511
-86.72253095466814,118.125,-39.843224,1.9796208
-86.72253095466814,120.0,-39.805042,1.9637617
-86.72253095466814,121.875,-39.758205,1.9654912
-86.72253095466814,123.75,-39.66918,1.9357497
-86.72253095466814,125.625,-39.572014,1.9168626
-86.72253095466814,127.5,-39.445354,1.8463404
-86.72253095466814,129.375,-39.27924,1.8220094
-86.72253095466814,131.25,-39.075706,1.8339235
-86.72253095466814,133.125,-38.850765,1.8544632
-86.72253095466814,135.0,-38.599377,1.8418715
-86.72253095466814,136.875,-38.30053,1.8276421
-86.72253095466814,138.75,-37.981876,1.7965639
-86.72253095466814,140.625,-37.68897,1.7891135
-86.72253095466814,142.5,-37.348244,1.7863646
-86.72253095466814,144.375,-36.96252,1.76441
-86.72253095466814,146.25,-36.53516,1.7302731
-86.72253095466814,148.125,-36.12678,1.714307
-86.72253095466814,150.0,-35.693733,1.7176671
-86.72253095466814,151.875,-35.27725,1.6924144
-86.72253095466814,153.75,-34.77795,1.7149338
-86.72253095466814,155.625,-34.306114,1.718577
-86.72253095466814,157.5,-33.784943,1.7004466
-86.72253095466814,159.375,-33.29504,1.6874613
-86.72253095466814,161.25,-32.79385,1.7109299
-86.72253095466814,163.125,-32.296272,1.68326
-86.72253095466814,165.0,-31.816328,1.6864363
-86.72253095466814,166.875,-31.344511,1.6810524
-86.72253095466814,168.75,-30.880487,1.6733752
-86.72253095466814,170.625,-30.395996,1.707876
-86.72253095466814,172.5,-29.93662,1.7094908
-86.72253095466814,174.375,-29.520058,1.7002219
-86.72253095466814,176.25,-29.0892,1.7209835
-86.72253095466814,178.125,-28.686407,1.699953
-86.72253095466814,180.0,-28.311426,1.707532
-86.72253095466814,181.875,-27.962246,1.7206606
-86.72253095466814,183.75,-27.626484,1.7249962
-86.72253095466814,185.625,-27.289375,1.7328604
-86.72253095466814,187.5,-26.988047,1.7328818
-86.72253095466814,189.375,-26.737774,1.7411052
-86.72253095466814,191.25,-26.509493,1.7515796
-86.72253095466814,193.125,-26.293673,1.7475872
-86.72253095466814,195.0,-26.110508,1.7526612
-86.72253095466814,196.875,-25.951641,1.7572674
-86.72253095466814,198.75,-25.837831,1.7622269
-86.72253095466814,200.625,-25.748457,1.7646939
-86.72253095466814,202.5,-25.687695,1.761448
-86.72253095466814,204.375,-25.65627,1.7646855
-86.72253095466814,206.25,-25.638456,1.769186
-86.72253095466814,208.125,-25.650566,1.7707872
-86.72253095466814,210.0,-25.702831,1.7777689
-86.72253095466814,211.875,-25.768417,1.7671459
-86.72253095466814,213.75,-25.869707,1.7596374
-86.72253095466814,215.625,-25.993711,1.7594415
-86.72253095466814,217.5,-26.138866,1.7523806
-86.72253095466814,219.375,-26.29547,1.7632688
-86.72253095466814,221.25,-26.478008,1.7624332
-86.72253095466814,223.125,-26.667831,1.7588303
-86.72253095466814,225.0,-26.868202,1.7713597
-86.72253095466814,226.875,-27.087637,1.7787656
-86.72253095466814,228.75,-27.342989,1.7784934
-86.72253095466814,230.625,-27.595625,1.7954764
-86.72253095466814,232.5,-27.831778,1.7988385
-86.72253095466814,234.375,-28.088554,1.8041341
-86.72253095466814,236.25,-28.350567,1.7959846
-86.72253095466814,238.125,-28.623163,1.8024454
-86.72253095466814,240.0,-28.865118,1.814445
-86.72253095466814,241.875,-29.110352,1.8237288
-86.72253095466814,243.75,-29.341894,1.8318634
-86.72253095466814,245.625,-29.559277,1.8213828
-86.72253095466814,247.5,-29.77711,1.8123976
-86.72253095466814,249.375,-29.96131,1.7991943
-86.72253095466814,251.25,-30.106192,1.8132339
-86.72253095466814,253.125,-30.236269,1.8010283
-86.72253095466814,255.0,-30.347988,1.8038633
-86.72253095466814,256.875,-30.429628,1.7917389
-86.72253095466814,258.75,-30.477774,1.7883215
-86.72253095466814,260.625,-30.483555,1.7963634
-86.72253095466814,262.5,-30.499493,1.8093514
-86.72253095466814,264.375,-30.463789,1.819407
-86.72253095466814,266.25,-30.41754,1.8244506
-86.72253095466814,268.125,-30.345781,1.8280675
-86.72253095466814,270.0,-30.252558,1.8374513
-86.72253095466814,271.875,-30.149765,1.8476263
-86.72253095466814,273.75,-30.066484,1.850532
-86.72253095466814,275.625,-29.957207,1.8548496
-86.72253095466814,277.5,-29.826347,1.8772765
-86.72253095466814,279.375,-29.715958,1.8807148
-86.72253095466814,281.25,-29.610977,1.8972436
-86.72253095466814,283.125,-29.49666,1.9171298
-86.72253095466814,285.0,-29.396835,1.9268146
-86.72253095466814,286.875,-29.295078,1.9262716
-86.72253095466814,288.75,-29.229239,1.9328648
-86.72253095466814,290.625,-29.15375,1.9514178
-86.72253095466814,292.5,-29.095312,1.9569252
-86.72253095466814,294.375,-29.053282,1.9663439
-86.72253095466814,296.25,-29.04213,1.9713333
-86.72253095466814,298.125,-29.041698,1.9882342
-86.72253095466814,300.0,-29.075195,1.9982405
-86.72253095466814,301.875,-29.120039,2.0143728
-86.72253095466814,303.75,-29.20752,2.0097175
-86.72253095466814,305.625,-29.308966,2.0268295
-86.72253095466814,307.5,-29.421524,2.038838
-86.72253095466814,309.375,-29.575098,2.0677066
-86.72253095466814,311.25,-29.749317,2.0821419
-86.72253095466814,313.125,-29.93877,2.0961857
-86.72253095466814,315.0,-30.1408,2.1111896
-86.72253095466814,316.875,-30.364452,2.1214726
-86.72253095466814,318.75,-30.612051,2.1369696
-86.72253095466814,320.625,-30.855371,2.1492784
-86.72253095466814,322.5,-31.119238,2.1624875
-86.72253095466814,324.375,-31.403301,2.1716933
-86.72253095466814,326.25,-31.692461,2.1890073
-86.72253095466814,328.125,-31.979864,2.2088313
-86.72253095466814,330.0,-32.265297,2.229508
-86.72253095466814,331.875,-32.545197,2.2562857
-86.72253095466814,333.75,-32.809143,2.2789752
-86.72253095466814,335.625,-33.099903,2.2937317
-86.72253095466814,337.5,-33.38051,2.3235207
-86.72253095466814,339.375,-33.619045,2.3484874
-86.72253095466814,341.25,-33.85016,2.3827198
-86.72253095466814,343.125,-34.073654,2.3909547
-86.72253095466814,345.0,-34.28846,2.4120615
-86.72253095466814,346.875,-34.487522,2.449664
-86.72253095466814,348.75,-34.651585,2.4653683
-86.72253095466814,350.625,-34.820274,2.486106
-86.72253095466814,352.5,-34.96416,2.5087812
-86.72253095466814,354.375,-35.10133,2.5431993
-86.72253095466814,356.25,-35.21858,2.5783129
-86.72253095466814,358.125,-35.32229,2.5681298
-84.86197029204237,0.0,-34.21588,2.6385124
-84.86197029204237,1.875,-34.286545,2.6675198
-84.86197029204237,3.75,-34.330883,2.6552548
-84.86197029204237,5.625,-34.410355,2.66748
-84.86197029204237,7.5,-34.46647,2.6840413
-84.86197029204237,9.375,-34.4768,2.7187757
-84.86197029204237,11.25,-34.501095,2.7139728
-84.86197029204237,13.125,-34.507072,2.707165
-84.86197029204237,15.0,-34.554516,2.7227895
-84.86197029204237,16.875,-34.57723,2.7073605
-84.86197029204237,18.75,-34.600315,2.7120042
-84.86197029204237,20.625,-34.665375,2.7040083
-84.86197029204237,22.5,-34.733635,2.669874
-84.86197029204237,24.375,-34.785275,2.644568
-84.86197029204237,26.25,-34.921154,2.6517577
-84.86197029204237,28.125,-35.034653,2.6100612
-84.86197029204237,30.0,-35.194183,2.6188354
-84.86197029204237,31.875,-35.37346,2.6050055
-84.86197029204237,33.75,-35.572094,2.592686
-84.86197029204237,35.625,-35.819065,2.5566113
-84.86197029204237,37.5,-36.072403,2.5556893
-84.86197029204237,39.375,-36.339066,2.528433
-84.86197029204237,41.25,-36.592052,2.5382254
-84.86197029204237,43.125,-36.89881,2.513541
-84.86197029204237,45.0,-37.209496,2.4996822
-84.86197029204237,46.875,-37.51727,2.507428
-84.86197029204237,48.75,-37.839005,2.4951177
-84.86197029204237,50.625,-38.139454,2.4973104
-84.86197029204237,52.5,-38.44084,2.502339
-84.86197029204237,54.375,-38.71635,2.514571
-84.86197029204237,56.25,-39.002228,2.4985824
-84.86197029204237,58.125,-39.24772,2.4805326
-84.86197029204237,60.0,-39.471584,2.4696407
-84.86197029204237,61.875,-39.632423,2.4834442
-84.86197029204237,63.75,-39.76272,2.4618542
-84.86197029204237,65.625,-39.86803,2.4597416
-84.86197029204237,67.5,-39.929867,2.4399726
-84.86197029204237,69.375,-39.93393,2.4271035
-84.86197029204237,71.25,-39.935375,2.3948376
-84.86197029204237,73.125,-39.896877,2.3712494
-84.86197029204237,75.0,-39.794125,2.3771238
-84.86197029204237,76.875,-39.71676,2.358475
-84.86197029204237,78.75,-39.614376,2.3614128
-84.86197029204237,80.625,-39.52733,2.344666
-84.86197029204237,82.5,-39.445236,2.3272493
-84.86197029204237,84.375,-39.35428,2.3467162
-84.86197029204237,86.25,-39.282364,2.334602
-84.86197029204237,88.125,-39.239925,2.3150547
-84.86197029204237,90.0,-39.196644,2.3069124
-84.86197029204237,91.875,-39.165802,2.3248153
-84.86197029204237,93.75,-39.151722,2.331634
-84.86197029204237,95.625,-39.167404,2.32634
-84.86197029204237,97.5,-39.21797,2.3208485
-84.86197029204237,99.375,-39.27162,2.3003862
-84.86197029204237,101.25,-39.352367,2.2796257
-84.86197029204237,103.125,-39.427914,2.2635815
-84.86197029204237,105.0,-39.51188,2.2271025
-84.86197029204237,106.875,-39.59791,2.2393858
-84.86197029204237,108.75,-39.68883,2.1995504
-84.86197029204237,110.625,-39.744415,2.1654186
-84.86197029204237,112.5,-39.81385,2.1043737
-84.86197029204237,114.375,-39.81045,2.0442774
-84.86197029204237,116.25,-39.818363,2.007466
-84.86197029204237,118.125,-39.796215,1.9245615
-84.86197029204237,120.0,-39.68637,1.9063697
-84.86197029204237,121.875,-39.543304,1.8695748
-84.86197029204237,123.75,-39.35422,1.8506613
-84.86197029204237,125.625,-39.10551,1.8186276
-84.86197029204237,127.5,-38.81233,1.769685
-84.86197029204237,129.375,-38.432346,1.7745075
-84.86197029204237,131.25,-38.003517,1.7258112
-84.86197029204237,133.125,-37.519554,1.69161
-84.86197029204237,135.0,-36.960922,1.6793219
-84.86197029204237,136.875,-36.36584,1.65165
-84.86197029204237,138.75,-35.70635,1.6297431
-84.86197029204237,140.625,-34.96475,1.6200368
-84.86197029204237,142.5,-34.171936,1.5936725
-84.86197029204237,144.375,-33.36524,1.5731108
-84.86197029204237,146.25,-32.48471,1.5501684
-84.86197029204237,148.125,-31.604298,1.5543824
-84.86197029204237,150.0,-30.673378,1.5441569
-84.86197029204237,151.875,-29.748945,1.4877704
-84.86197029204237,153.75,-28.77541,1.5154458
-84.86197029204237,155.625,-27.823536,1.5076835
-84.86197029204237,157.5,-26.893476,1.4907999
-84.86197029204237,159.375,-25.94211,1.4806675
-84.86197029204237,161.25,-25.019258,1.5037541
-84.86197029204237,163.125,-24.136055,1.4942895
-84.86197029204237,165.0,-23.27336,1.4876298
-84.86197029204237,166.875,-22.445372,1.5007216
-84.86197029204237,168.75,-21.666523,1.5009056
-84.86197029204237,170.625,-20.94334,1.525811
-84.86197029204237,172.5,-20.269455,1.5297043
-84.86197029204237,174.375,-19.651623,1.5492743
-84.86197029204237,176.25,-19.080938,1.5698814
-84.86197029204237,178.125,-18.540821,1.5905482
-84.86197029204237,180.0,-18.085608,1.6157176
-84.86197029204237,181.875,-17.677675,1.6312604
-84.86197029204237,183.75,-17.339512,1.6444465
-84.86197029204237,185.625,-17.06459,1.657805
-84.86197029204237,187.5,-16.840137,1.6602468
-84.86197029204237,189.375,-16.645742,1.6789389
-84.86197029204237,191.25,-16.481915,1.6855651
-84.86197029204237,193.125,-16.376816,1.69351
-84.86197029204237,195.0,-16.28086,1.7000469
-84.86197029204237,196.875,-16.227892,1.7011346
-84.86197029204237,198.75,-16.202618,1.7088728
-84.86197029204237,200.625,-16.202248,1.7137225
-84.86197029204237,202.5,-16.231173,1.7096181
-84.86197029204237,204.375,-16.28754,1.7119164
-84.86197029204237,206.25,-16.365137,1.7142129
-84.86197029204237,208.125,-16.453438,1.7142185
-84.86197029204237,210.0,-16.566916,1.7170677
-84.86197029204237,211.875,-16.713888,1.714611
-84.86197029204237,213.75,-16.880255,1.7326694
-84.86197029204237,215.625,-17.075079,1.7326673
-84.86197029204237,217.5,-17.293028,1.7399408
-84.86197029204237,219.375,-17.537052,1.7489972
-84.86197029204237,221.25,-17.82168,1.7623808
-84.86197029204237,223.125,-18.139006,1.7819107
-84.86197029204237,225.0,-18.497364,1.783464
-84.86197029204237,226.875,-18.87494,1.8014846
-84.86197029204237,228.75,-19.292364,1.8036947
-84.86197029204237,230.625,-19.744669,1.8319678
-84.86197029204237,232.5,-20.222893,1.8381146
-84.86197029204237,234.375,-20.728437,1.8412077
-84.86197029204237,236.25,-21.26078,1.8562325
-84.86197029204237,238.125,-21.803085,1.8732023
-84.86197029204237,240.0,-22.37922,1.9008802
-84.86197029204237,241.875,-22.952656,1.924348
-84.86197029204237,243.75,-23.530918,1.9483435
-84.86197029204237,245.625,-24.11459,1.968996
-84.86197029204237,247.5,-24.684433,1.9892313
-84.86197029204237,249.375,-25.249004,2.0079
-84.86197029204237,251.25,-25.826973,2.0290544
-84.86197029204237,253.125,-26.385117,2.022674
-84.86197029204237,255.0,-26.876797,2.01784
-84.86197029204237,256.875,-27.317734,2.0072958
-84.86197029204237,258.75,-27.66709,1.9886211
-84.86197029204237,260.625,-27.840626,1.9592779
-84.86197029204237,262.5,-27.846817,1.8818523
-84.86197029204237,264.375,-27.72338,1.8132356
-84.86197029204237,266.25,-27.447481,1.7724695
-84.86197029204237,268.125,-27.058556,1.7128894
-84.86197029204237,270.0,-26.642694,1.6861603
-84.86197029204237,271.875,-26.191856,1.6715441
-84.86197029204237,273.75,-25.731583,1.6649505
-84.86197029204237,275.625,-25.2833,1.6605712
-84.86197029204237,277.5,-24.844122,1.6656
-84.86197029204237,279.375,-24.441933,1.6601903
-84.86197029204237,281.25,-24.039316,1.6684456
-84.86197029204237,283.125,-23.669453,1.6716899
-84.86197029204237,285.0,-23.340723,1.6724116
-84.86197029204237,286.875,-23.072598,1.6887064
-84.86197029204237,288.75,-22.832558,1.705077
-84.86197029204237,290.625,-22.628906,1.7114257
-84.86197029204237,292.5,-22.486465,1.7296054
-84.86197029204237,294.375,-22.380058,1.7452445
-84.86197029204237,296.25,-22.342012,1.7627748
-84.86197029204237,298.125,-22.36037,1.7719783
-84.86197029204237,300.0,-22.426739,1.7669578
-84.86197029204237,301.875,-22.53416,1.781834
-84.86197029204237,303.75,-22.682755,1.7904272
-84.86197029204237,305.625,-22.878008,1.8020386
-84.86197029204237,307.5,-23.129023,1.8161986
-84.86197029204237,309.375,-23.425293,1.8234847
-84.86197029204237,311.25,-23.747578,1.8274424
-84.86197029204237,313.125,-24.120274,1.8311982
-84.86197029204237,315.0,-24.526054,1.8327962
-84.86197029204237,316.875,-24.952852,1.8592466
-84.86197029204237,318.75,-25.422226,1.8752025
-84.86197029204237,320.625,-25.905703,1.8980398
-84.86197029204237,322.5,-26.421934,1.9182208
-84.86197029204237,324.375,-26.95086,1.9315691
-84.86197029204237,326.25,-27.513437,1.9568104
-84.86197029204237,328.125,-28.061895,1.9921867
-84.86197029204237,330.0,-28.615995,2.0189035
-84.86197029204237,331.875,-29.17123,2.067179
-84.86197029204237,333.75,-29.719004,2.1118712
-84.86197029204237,335.625,-30.231524,2.1515787
-84.86197029204237,337.5,-30.746387,2.205379
-84.86197029204237,339.375,-31.22336,2.25456
-84.86197029204237,341.25,-31.668573,2.2990513
-84.86197029204237,343.125,-32.07201,2.337388
-84.86197029204237,345.0,-32.45537,2.3833735
-84.86197029204237,346.875,-32.787582,2.4235559
-84.86197029204237,348.75,-33.08916,2.451351
-84.86197029204237,350.625,-33.352814,2.4929624
-84.86197029204237,352.5,-33.599903,2.5244899
-84.86197029204237,354.375,-33.776566,2.5578089
-84.86197029204237,356.25,-33.939358,2.586747
-84.86197029204237,358.125,-34.077717,2.6284328
-82.99894164283755,0.0,-31.924492,2.432197
-82.99894164283755,1.875,-32.180004,2.4517272
-82.99894164283755,3.75,-32.368362,2.4398794
-82.99894164283755,5.625,-32.581703,2.4724905
-82.99894164283755,7.5,-32.754944,2.4865298
-82.99894164283755,9.375,-32.889416,2.499408
-82.99894164283755,11.25,-33.068344,2.4940147
-82.99894164283755,13.125,-33.188187,2.4901738
-82.99894164283755,15.0,-33.299984,2.4688184
-82.99894164283755,16.875,-33.460392,2.44869
-82.99894164283755,18.75,-33.61231,2.4501271
-82.99894164283755,20.625,-33.795685,2.4182703
-82.99894164283755,22.5,-34.013283,2.425114
-82.99894164283755,24.375,-34.250782,2.3988566
-82.99894164283755,26.25,-34.55813,2.3831198
-82.99894164283755,28.125,-34.921017,2.3784885
-82.99894164283755,30.0,-35.26887,2.3662956
-82.99894164283755,31.875,-35.65387,2.381591
-82.99894164283755,33.75,-36.102345,2.3824515
-82.99894164283755,35.625,-36.571526,2.384875
-82.99894164283755,37.5,-37.061447,2.3868759
-82.99894164283755,39.375,-37.53471,2.3913617
-82.99894164283755,41.25,-38.073265,2.4027424
-82.99894164283755,43.125,-38.57567,2.4101784
-82.99894164283755,45.0,-39.094067,2.4157941
-82.99894164283755,46.875,-39.660862,2.4170187
-82.99894164283755,48.75,-40.153576,2.4181638
-82.99894164283755,50.625,-40.695198,2.4126792
-82.99894164283755,52.5,-41.24873,2.3809285
-82.99894164283755,54.375,-41.791603,2.3975244
-82.99894164283755,56.25,-42.31961,2.405335
-82.99894164283755,58.125,-42.882988,2.384845
-82.99894164283755,60.0,-43.413788,2.3894691
-82.99894164283755,61.875,-43.906055,2.350321
-82.99894164283755,63.75,-44.29881,2.3198726
-82.99894164283755,65.625,-44.62381,2.3038824
-82.99894164283755,67.5,-44.79787,2.2881677
-82.99894164283755,69.375,-44.824806,2.272944
-82.99894164283755,71.25,-44.771603,2.245808
-82.99894164283755,73.125,-44.616856,2.2162194
-82.99894164283755,75.0,-44.40404,2.224477
-82.99894164283755,76.875,-44.1826,2.1715689
-82.99894164283755,78.75,-43.881092,2.1670475
-82.99894164283755,80.625,-43.57254,2.14263
-82.99894164283755,82.5,-43.221268,2.1702433
-82.99894164283755,84.375,-42.922695,2.1394496
-82.99894164283755,86.25,-42.577656,2.1654503
-82.99894164283755,88.125,-42.238068,2.1847456
-82.99894164283755,90.0,-41.918713,2.1981442
-82.99894164283755,91.875,-41.59504,2.1960099
-82.99894164283755,93.75,-41.27678,2.218927
-82.99894164283755,95.625,-40.988514,2.2220814
-82.99894164283755,97.5,-40.693127,2.2296607
-82.99894164283755,99.375,-40.4426,2.2190933
-82.99894164283755,101.25,-40.18555,2.2378888
-82.99894164283755,103.125,-39.967953,2.2314284
-82.99894164283755,105.0,-39.746174,2.237421
-82.99894164283755,106.875,-39.561546,2.198684
-82.99894164283755,108.75,-39.383244,2.1674964
-82.99894164283755,110.625,-39.2326,2.126306
-82.99894164283755,112.5,-39.08002,2.0978303
-82.99894164283755,114.375,-38.919495,2.0393307
-82.99894164283755,116.25,-38.78088,1.989932
-82.99894164283755,118.125,-38.613186,1.9546537
-82.99894164283755,120.0,-38.449825,1.8820949
-82.99894164283755,121.875,-38.24301,1.8442025
-82.99894164283755,123.75,-37.993557,1.7997631
-82.99894164283755,125.625,-37.686897,1.7828586
-82.99894164283755,127.5,-37.345413,1.7325817
-82.99894164283755,129.375,-36.946762,1.6947919
-82.99894164283755,131.25,-36.477737,1.7012197
-82.99894164283755,133.125,-35.934143,1.6977698
-82.99894164283755,135.0,-35.28182,1.6568797
-82.99894164283755,136.875,-34.587013,1.647901
-82.99894164283755,138.75,-33.772873,1.6580572
-82.99894164283755,140.625,-32.87811,1.6293032
-82.99894164283755,142.5,-31.868828,1.6330627
-82.99894164283755,144.375,-30.778946,1.6430842
-82.99894164283755,146.25,-29.599337,1.6358906
-82.99894164283755,148.125,-28.34789,1.6316746
-82.99894164283755,150.0,-27.051172,1.6525838
-82.99894164283755,151.875,-25.703554,1.6510751
-82.99894164283755,153.75,-24.366348,1.633801
-82.99894164283755,155.625,-23.025782,1.655285
-82.99894164283755,157.5,-21.73619,1.6517124
-82.99894164283755,159.375,-20.487383,1.6687915
-82.99894164283755,161.25,-19.34457,1.6788784
-82.99894164283755,163.125,-18.303633,1.6975116
-82.99894164283755,165.0,-17.368536,1.7174888
-82.99894164283755,166.875,-16.542091,1.7484753
-82.99894164283755,168.75,-15.84096,1.7858652
-82.99894164283755,170.625,-15.271604,1.844534
-82.99894164283755,172.5,-14.842327,1.8866389
-82.99894164283755,174.375,-14.5650215,1.9635694
-82.99894164283755,176.25,-14.369183,2.053402
-82.99894164283755,178.125,-14.259241,2.134039
-82.99894164283755,180.0,-14.23719,2.191828
-82.99894164283755,181.875,-14.250959,2.2446215
-82.99894164283755,183.75,-14.305002,2.3113716
-82.99894164283755,185.625,-14.402718,2.3762534
-82.99894164283755,187.5,-14.508284,2.3896832
-82.99894164283755,189.375,-14.620608,2.3820467
-82.99894164283755,191.25,-14.758205,2.3821847
-82.99894164283755,193.125,-14.923498,2.3771174
-82.99894164283755,195.0,-15.088498,2.3773925
-82.99894164283755,196.875,-15.234455,2.3656597
-82.99894164283755,198.75,-15.347854,2.3618655
-82.99894164283755,200.625,-15.4335375,2.3445003
-82.99894164283755,202.5,-15.516487,2.339712
-82.99894164283755,204.375,-15.572346,2.3228548
-82.99894164283755,206.25,-15.62174,2.306499
-82.99894164283755,208.125,-15.655061,2.2942483
-82.99894164283755,210.0,-15.67596,2.270258
-82.99894164283755,211.875,-15.676448,2.2540998
-82.99894164283755,213.75,-15.660139,2.238934
-82.99894164283755,215.625,-15.63924,2.192987
-82.99894164283755,217.5,-15.612327,2.179345
-82.99894164283755,219.375,-15.594573,2.1680026
-82.99894164283755,221.25,-15.586427,2.135566
-82.99894164283755,223.125,-15.594417,2.102833
-82.99894164283755,225.0,-15.640744,2.0662477
-82.99894164283755,226.875,-15.73801,2.0519705
-82.99894164283755,228.75,-15.902091,2.0332806
-82.99894164283755,230.625,-16.114923,2.0128334
-82.99894164283755,232.5,-16.409103,1.9969642
-82.99894164283755,234.375,-16.782307,1.9900279
-82.99894164283755,236.25,-17.234669,1.9730059
-82.99894164283755,238.125,-17.756798,1.9639655
-82.99894164283755,240.0,-18.326466,1.9750085
-82.99894164283755,241.875,-18.954552,1.9784664
-82.99894164283755,243.75,-19.612385,1.9716562
-82.99894164283755,245.625,-20.291563,1.9711142
-82.99894164283755,247.5,-20.938927,1.9840873
-82.99894164283755,249.375,-21.567461,2.013759
-82.99894164283755,251.25,-22.183086,2.0488791
-82.99894164283755,253.125,-22.807655,2.1014786
-82.99894164283755,255.0,-23.407265,2.151927
-82.99894164283755,256.875,-23.971836,2.1444595
-82.99894164283755,258.75,-24.485,2.1180322
-82.99894164283755,260.625,-24.940742,2.0754826
-82.99894164283755,262.5,-25.201466,2.0089815
-82.99894164283755,264.375,-25.283125,1.9102758
-82.99894164283755,266.25,-25.096523,1.7828468
-82.99894164283755,268.125,-24.678595,1.6916823
-82.99894164283755,270.0,-24.101757,1.6144713
-82.99894164283755,271.875,-23.485157,1.589599
-82.99894164283755,273.75,-22.846563,1.5586282
-82.99894164283755,275.625,-22.165255,1.5532314
-82.99894164283755,277.5,-21.535137,1.5608594
-82.99894164283755,279.375,-20.950586,1.590203
-82.99894164283755,281.25,-20.42246,1.6130694
-82.99894164283755,283.125,-19.961388,1.6523086
-82.99894164283755,285.0,-19.58129,1.6915255
-82.99894164283755,286.875,-19.305527,1.7290506
-82.99894164283755,288.75,-19.116623,1.7654417
-82.99894164283755,290.625,-19.031057,1.7847849
-82.99894164283755,292.5,-19.025335,1.8210099
-82.99894164283755,294.375,-19.089025,1.8584081
-82.99894164283755,296.25,-19.185959,1.8817651
-82.99894164283755,298.125,-19.313791,1.8976219
-82.99894164283755,300.0,-19.436115,1.9100617
-82.99894164283755,301.875,-19.569359,1.91836
-82.99894164283755,303.75,-19.701818,1.9205787
-82.99894164283755,305.625,-19.827286,1.9205345
-82.99894164283755,307.5,-19.963594,1.9072055
-82.99894164283755,309.375,-20.111055,1.898818
-82.99894164283755,311.25,-20.278496,1.9015446
-82.99894164283755,313.125,-20.456505,1.8786612
-82.99894164283755,315.0,-20.676952,1.8630924
-82.99894164283755,316.875,-20.935957,1.8515046
-82.99894164283755,318.75,-21.220684,1.8312833
-82.99894164283755,320.625,-21.545586,1.8290944
-82.99894164283755,322.5,-21.910938,1.8178871
-82.99894164283755,324.375,-22.325098,1.8143103
-82.99894164283755,326.25,-22.79254,1.8163047
-82.99894164283755,328.125,-23.295488,1.8356706
-82.99894164283755,330.0,-23.839493,1.8622717
-82.99894164283755,331.875,-24.416075,1.8766938
-82.99894164283755,333.75,-25.02494,1.9060668
-82.99894164283755,335.625,-25.654278,1.938684
-82.99894164283755,337.5,-26.294687,1.9807224
-82.99894164283755,339.375,-26.936054,2.0141675
-82.99894164283755,341.25,-27.570059,2.052418
-82.99894164283755,343.125,-28.18371,2.0854168
-82.99894164283755,345.0,-28.752735,2.12646
-82.99894164283755,346.875,-29.292675,2.1669793
-82.99894164283755,348.75,-29.782871,2.2192526
-82.99894164283755,350.625,-30.254122,2.2616153
-82.99894164283755,352.5,-30.657207,2.309815
-82.99894164283755,354.375,-31.017715,2.347742
-82.99894164283755,356.25,-31.35662,2.3893244
-82.99894164283755,358.125,-31.660294,2.4202397
-81.13497683767741,0.0,-29.898457,2.227149
-81.13497683767741,1.875,-30.237598,2.2368155
-81.13497683767741,3.75,-30.561445,2.237124
-81.13497683767741,5.625,-30.924414,2.2623465
-81.13497683767741,7.5,-31.270313,2.2707777
-81.13497683767741,9.375,-31.621777,2.2536325
-81.13497683767741,11.25,-32.00785,2.2473412
-81.13497683767741,13.125,-32.447132,2.2092283
-81.13497683767741,15.0,-32.8951,2.2263498
-81.13497683767741,16.875,-33.373753,2.1808333
-81.13497683767741,18.75,-33.85971,2.1855707
-81.13497683767741,20.625,-34.390705,2.1924345
-81.13497683767741,22.5,-34.943966,2.164147
-81.13497683767741,24.375,-35.450333,2.1624255
-81.13497683767741,26.25,-36.03836,2.1769342
-81.13497683767741,28.125,-36.63854,2.197406
-81.13497683767741,30.0,-37.198185,2.2306252
-81.13497683767741,31.875,-37.78639,2.1895344
-81.13497683767741,33.75,-38.362404,2.2637522
-81.13497683767741,35.625,-38.95592,2.2563288
-81.13497683767741,37.5,-39.484398,2.295043
-81.13497683767741,39.375,-40.032562,2.3128662
-81.13497683767741,41.25,-40.576466,2.3131695
-81.13497683767741,43.125,-41.103905,2.2995758
-81.13497683767741,45.0,-41.604904,2.2849607
-81.13497683767741,46.875,-42.07715,2.2912614
-81.13497683767741,48.75,-42.55279,2.300393
-81.13497683767741,50.625,-43.00914,2.275736
-81.13497683767741,52.5,-43.480175,2.2650945
-81.13497683767741,54.375,-43.94916,2.2313707
-81.13497683767741,56.25,-44.416836,2.1746516
-81.13497683767741,58.125,-44.85045,2.1443727
-81.13497683767741,60.0,-45.25914,2.0818992
-81.13497683767741,61.875,-45.579414,2.0344443
-81.13497683767741,63.75,-45.89334,1.9481094
-81.13497683767741,65.625,-46.106777,1.887926
-81.13497683767741,67.5,-46.26756,1.8460239
-81.13497683767741,69.375,-46.364532,1.7979311
-81.13497683767741,71.25,-46.40764,1.7766796
-81.13497683767741,73.125,-46.45963,1.7386338
-81.13497683767741,75.0,-46.47797,1.7479104
-81.13497683767741,76.875,-46.50574,1.7152896
-81.13497683767741,78.75,-46.481094,1.7268455
-81.13497683767741,80.625,-46.45961,1.7478337
-81.13497683767741,82.5,-46.390625,1.7664863
-81.13497683767741,84.375,-46.28543,1.802148
-81.13497683767741,86.25,-46.12129,1.8264844
-81.13497683767741,88.125,-45.88373,1.8579096
-81.13497683767741,90.0,-45.613926,1.8861028
-81.13497683767741,91.875,-45.2691,1.9185823
-81.13497683767741,93.75,-44.87125,1.95543
-81.13497683767741,95.625,-44.43072,1.969551
-81.13497683767741,97.5,-43.92588,1.9814056
-81.13497683767741,99.375,-43.425858,2.0176766
-81.13497683767741,101.25,-42.876034,1.9921176
-81.13497683767741,103.125,-42.30084,2.0283508
-81.13497683767741,105.0,-41.75414,2.0068138
-81.13497683767741,106.875,-41.174843,2.0571122
-81.13497683767741,108.75,-40.651196,2.0525115
-81.13497683767741,110.625,-40.14309,2.0330276
-81.13497683767741,112.5,-39.672813,2.0083148
-81.13497683767741,114.375,-39.252033,1.984774
-81.13497683767741,116.25,-38.864788,1.9496561
-81.13497683767741,118.125,-38.50381,1.9472079
-81.13497683767741,120.0,-38.201252,1.9273293
-81.13497683767741,121.875,-37.92303,1.8958087
-81.13497683767741,123.75,-37.661137,1.894268
-81.13497683767741,125.625,-37.46272,1.8782454
-81.13497683767741,127.5,-37.265568,1.8811469
-81.13497683767741,129.375,-37.0785,1.8804277
-81.13497683767741,131.25,-36.909184,1.86241
-81.13497683767741,133.125,-36.693653,1.8571742
-81.13497683767741,135.0,-36.43713,1.8511602
-81.13497683767741,136.875,-36.088127,1.8575232
-81.13497683767741,138.75,-35.645863,1.8207746
-81.13497683767741,140.625,-35.036625,1.8285112
-81.13497683767741,142.5,-34.260433,1.8241168
-81.13497683767741,144.375,-33.299904,1.8323313
-81.13497683767741,146.25,-32.116425,1.8395623
-81.13497683767741,148.125,-30.797579,1.8503147
-81.13497683767741,150.0,-29.307793,1.8700421
-81.13497683767741,151.875,-27.670351,1.8837353
-81.13497683767741,153.75,-25.999062,1.9137852
-81.13497683767741,155.625,-24.2725,1.926253
-81.13497683767741,157.5,-22.551369,1.9343657
-81.13497683767741,159.375,-20.888418,1.972115
-81.13497683767741,161.25,-19.336132,2.008681
-81.13497683767741,163.125,-17.958008,2.0367136
-81.13497683767741,165.0,-16.784378,2.0959234
-81.13497683767741,166.875,-15.868674,2.1505418
-81.13497683767741,168.75,-15.1991825,2.2312684
-81.13497683767741,170.625,-14.801994,2.3191717
-81.13497683767741,172.5,-14.647209,2.4229414
-81.13497683767741,174.375,-14.684026,2.5253053
-81.13497683767741,176.25,-14.86844,2.6131458
-81.13497683767741,178.125,-15.102444,2.6883807
-81.13497683767741,180.0,-15.310511,2.7312298
-81.13497683767741,181.875,-15.4724245,2.7427297
-81.13497683767741,183.75,-15.577209,2.741129
-81.13497683767741,185.625,-15.626116,2.7300754
-81.13497683767741,187.5,-15.678459,2.7219968
-81.13497683767741,189.375,-15.716604,2.7325137
-81.13497683767741,191.25,-15.742873,2.7494714
-81.13497683767741,193.125,-15.770569,2.7585747
-81.13497683767741,195.0,-15.778635,2.7660742
-81.13497683767741,196.875,-15.768968,2.7672706
-81.13497683767741,198.75,-15.750959,2.7725196
-81.13497683767741,200.625,-15.72344,2.7600129
-81.13497683767741,202.5,-15.667873,2.747449
-81.13497683767741,204.375,-15.617815,2.7236404
-81.13497683767741,206.25,-15.579475,2.6839154
-81.13497683767741,208.125,-15.543733,2.6365495
-81.13497683767741,210.0,-15.539826,2.5813658
-81.13497683767741,211.875,-15.529376,2.5322502
-81.13497683767741,213.75,-15.493068,2.465872
-81.13497683767741,215.625,-15.479007,2.3937051
-81.13497683767741,217.5,-15.440276,2.3303456
-81.13497683767741,219.375,-15.376194,2.2688968
-81.13497683767741,221.25,-15.327522,2.2065256
-81.13497683767741,223.125,-15.28053,2.15317
-81.13497683767741,225.0,-15.278635,2.109466
-81.13497683767741,226.875,-15.33629,2.075405
-81.13497683767741,228.75,-15.4636345,2.0526247
-81.13497683767741,230.625,-15.673302,2.02752
-81.13497683767741,232.5,-15.956661,2.0128634
-81.13497683767741,234.375,-16.29381,1.999402
-81.13497683767741,236.25,-16.717325,1.986398
-81.13497683767741,238.125,-17.210255,1.9591205
-81.13497683767741,240.0,-17.745176,1.938458
-81.13497683767741,241.875,-18.331114,1.9215295
-81.13497683767741,243.75,-18.930489,1.9034557
-81.13497683767741,245.625,-19.542639,1.898836
-81.13497683767741,247.5,-20.106016,1.8985918
-81.13497683767741,249.375,-20.63121,1.8972766
-81.13497683767741,251.25,-21.136015,1.9153968
-81.13497683767741,253.125,-21.641523,1.9664189
-81.13497683767741,255.0,-22.118711,1.9757266
-81.13497683767741,256.875,-22.617247,2.008642
-81.13497683767741,258.75,-23.120508,2.0002513
-81.13497683767741,260.625,-23.638945,2.0080266
-81.13497683767741,262.5,-23.996347,1.9582974
-81.13497683767741,264.375,-24.138985,1.8868321
-81.13497683767741,266.25,-23.911427,1.7500787
-81.13497683767741,268.125,-23.363672,1.642757
-81.13497683767741,270.0,-22.583925,1.561722
-81.13497683767741,271.875,-21.681055,1.5189022
-81.13497683767741,273.75,-20.794863,1.4856898
-81.13497683767741,275.625,-19.980253,1.4920057
-81.13497683767741,277.5,-19.261934,1.5262234
-81.13497683767741,279.375,-18.672148,1.57436
-81.13497683767741,281.25,-18.223146,1.657024
-81.13497683767741,283.125,-17.892132,1.7540178
-81.13497683767741,285.0,-17.728226,1.8586788
-81.13497683767741,286.875,-17.725237,1.9702799
-81.13497683767741,288.75,-17.879515,2.0946476
-81.13497683767741,290.625,-18.161213,2.2047136
-81.13497683767741,292.5,-18.51717,2.3064322
-81.13497683767741,294.375,-18.890217,2.3783796
-81.13497683767741,296.25,-19.219904,2.4151375
-81.13497683767741,298.125,-19.46139,2.4485507
-81.13497683767741,300.0,-19.62379,2.4810362
-81.13497683767741,301.875,-19.704338,2.510979
-81.13497683767741,303.75,-19.720432,2.5310287
-81.13497683767741,305.625,-19.683323,2.5285351
-81.13497683767741,307.5,-19.600763,2.521849
-81.13497683767741,309.375,-19.507307,2.486043
-81.13497683767741,311.25,-19.384533,2.4377673
-81.13497683767741,313.125,-19.250452,2.3786337
-81.13497683767741,315.0,-19.12178,2.3201768
-81.13497683767741,316.875,-18.993303,2.2466996
-81.13497683767741,318.75,-18.917757,2.1636415
-81.13497683767741,320.625,-18.859905,2.089912
-81.13497683767741,322.5,-18.881058,2.0279799
-81.13497683767741,324.375,-18.973831,1.9714998
-81.13497683767741,326.25,-19.146679,1.9333539
-81.13497683767741,328.125,-19.411777,1.9084445
-81.13497683767741,330.0,-19.78252,1.8979982
-81.13497683767741,331.875,-20.260996,1.8697176
-81.13497683767741,333.75,-20.821875,1.8745283
-81.13497683767741,335.625,-21.482716,1.8723631
-81.13497683767741,337.5,-22.200117,1.8740734
-81.13497683767741,339.375,-22.976835,1.8888979
-81.13497683767741,341.25,-23.77879,1.9071566
-81.13497683767741,343.125,-24.601093,1.9313182
-81.13497683767741,345.0,-25.41039,1.9597697
-81.13497683767741,346.875,-26.169199,1.9901611
-81.13497683767741,348.75,-26.879688,2.0270145
-81.13497683767741,350.625,-27.558321,2.061606
-81.13497683767741,352.5,-28.132383,2.1004794
-81.13497683767741,354.375,-28.64414,2.1374578
-81.13497683767741,356.25,-29.10834,2.1647832
-81.13497683767741,358.125,-29.532286,2.2008965
-79.27055903485967,0.0,-28.552929,2.0118146
-79.27055903485967,1.875,-29.018007,2.0257125
-79.27055903485967,3.75,-29.497461,2.0615182
-79.27055903485967,5.625,-30.010117,2.0519836
-79.27055903485967,7.5,-30.56416,2.0784285
-79.27055903485967,9.375,-31.178692,2.0870166
-79.27055903485967,11.25,-31.84955,2.0939567
-79.27055903485967,13.125,-32.56012,2.0917528
-79.27055903485967,15.0,-33.30213,2.0888743
-79.27055903485967,16.875,-34.068653,2.090618
-79.27055903485967,18.75,-34.843246,2.1215556
-79.27055903485967,20.625,-35.613712,2.1210902
-79.27055903485967,22.5,-36.448517,2.1037521
-79.27055903485967,24.375,-37.17887,2.164066
-79.27055903485967,26.25,-37.9308,2.1586437
-79.27055903485967,28.125,-38.651505,2.196041
-79.27055903485967,30.0,-39.319515,2.19233
-79.27055903485967,31.875,-39.98764,2.221417
-79.27055903485967,33.75,-40.583733,2.2353787
-79.27055903485967,35.625,-41.15553,2.2431781
-79.27055903485967,37.5,-41.68117,2.2582653
-79.27055903485967,39.375,-42.159435,2.3025057
-79.27055903485967,41.25,-42.633984,2.2611032
-79.27055903485967,43.125,-43.037186,2.3018534
-79.27055903485967,45.0,-43.405373,2.2903152
-79.27055903485967,46.875,-43.723557,2.2467263
-79.27055903485967,48.75,-43.892735,2.2380307
-79.27055903485967,50.625,-43.968887,2.1881416
-79.27055903485967,52.5,-43.84924,2.1384983
-79.27055903485967,54.375,-43.5616,2.0958245
-79.27055903485967,56.25,-43.116173,2.0427532
-79.27055903485967,58.125,-42.57039,1.9943624
-79.27055903485967,60.0,-41.97715,2.0018914
-79.27055903485967,61.875,-41.41676,2.0075276
-79.27055903485967,63.75,-40.968674,2.0049133
-79.27055903485967,65.625,-40.630276,1.9947056
-79.27055903485967,67.5,-40.422756,1.9794424
-79.27055903485967,69.375,-40.370705,1.9715704
-79.27055903485967,71.25,-40.462776,1.9484977
-79.27055903485967,73.125,-40.651253,1.937491
-79.27055903485967,75.0,-40.980858,1.9153378
-79.27055903485967,76.875,-41.407383,1.9111066
-79.27055903485967,78.75,-41.933926,1.9070975
-79.27055903485967,80.625,-42.527187,1.8891354
-79.27055903485967,82.5,-43.150097,1.8979598
-79.27055903485967,84.375,-43.831425,1.8827189
-79.27055903485967,86.25,-44.466564,1.8979316
-79.27055903485967,88.125,-45.06215,1.8866955
-79.27055903485967,90.0,-45.495,1.892243
-79.27055903485967,91.875,-45.797207,1.8722153
-79.27055903485967,93.75,-45.8833,1.8627841
-79.27055903485967,95.625,-45.83709,1.8207967
-79.27055903485967,97.5,-45.542423,1.8354319
-79.27055903485967,99.375,-45.120235,1.823235
-79.27055903485967,101.25,-44.57969,1.8147758
-79.27055903485967,103.125,-43.98008,1.8111535
-79.27055903485967,105.0,-43.38049,1.8013443
-79.27055903485967,106.875,-42.82303,1.8223076
-79.27055903485967,108.75,-42.283497,1.8310674
-79.27055903485967,110.625,-41.81078,1.8485739
-79.27055903485967,112.5,-41.399513,1.8704826
-79.27055903485967,114.375,-40.99242,1.8942455
-79.27055903485967,116.25,-40.605587,1.9195931
-79.27055903485967,118.125,-40.265022,1.9078574
-79.27055903485967,120.0,-39.89893,1.9219093
-79.27055903485967,121.875,-39.543087,1.935953
-79.27055903485967,123.75,-39.227833,1.9338657
-79.27055903485967,125.625,-38.933792,1.9375514
-79.27055903485967,127.5,-38.718887,1.9381434
-79.27055903485967,129.375,-38.558968,1.9344997
-79.27055903485967,131.25,-38.47717,1.9341413
-79.27055903485967,133.125,-38.4318,1.931294
-79.27055903485967,135.0,-38.36756,1.9160542
-79.27055903485967,136.875,-38.306957,1.8887502
-79.27055903485967,138.75,-38.099377,1.9083713
-79.27055903485967,140.625,-37.786293,1.8885566
-79.27055903485967,142.5,-37.254845,1.9152066
-79.27055903485967,144.375,-36.488907,1.9345901
-79.27055903485967,146.25,-35.48926,1.9739883
-79.27055903485967,148.125,-34.235687,1.9861299
-79.27055903485967,150.0,-32.70848,2.0182707
-79.27055903485967,151.875,-30.951094,2.0375319
-79.27055903485967,153.75,-28.995546,2.0232248
-79.27055903485967,155.625,-26.891953,2.0152051
-79.27055903485967,157.5,-24.73203,2.0044587
-79.27055903485967,159.375,-22.625744,1.9859741
-79.27055903485967,161.25,-20.649277,1.98591
-79.27055903485967,163.125,-18.871016,1.9941736
-79.27055903485967,165.0,-17.389437,2.0200548
-79.27055903485967,166.875,-16.214653,2.0699008
-79.27055903485967,168.75,-15.387132,2.1367693
-79.27055903485967,170.625,-14.9129715,2.219322
-79.27055903485967,172.5,-14.763069,2.30987
-79.27055903485967,174.375,-14.840862,2.4012735
-79.27055903485967,176.25,-15.009885,2.4698439
-79.27055903485967,178.125,-15.124826,2.50418
-79.27055903485967,180.0,-15.126468,2.5050347
-79.27055903485967,181.875,-15.03471,2.4797611
-79.27055903485967,183.75,-14.886018,2.4693954
-79.27055903485967,185.625,-14.71719,2.4794412
-79.27055903485967,187.5,-14.520921,2.485101
-79.27055903485967,189.375,-14.303498,2.5130942
-79.27055903485967,191.25,-14.059983,2.5507243
-79.27055903485967,193.125,-13.76762,2.5888457
-79.27055903485967,195.0,-13.43471,2.6382391
-79.27055903485967,196.875,-13.103655,2.6763697
-79.27055903485967,198.75,-12.801838,2.6879182
-79.27055903485967,200.625,-12.53551,2.6958451
-79.27055903485967,202.5,-12.344631,2.6797397
-79.27055903485967,204.375,-12.217053,2.6582093
-79.27055903485967,206.25,-12.221389,2.6186821
-79.27055903485967,208.125,-12.307503,2.5703163
-79.27055903485967,210.0,-12.49926,2.5286777
-79.27055903485967,211.875,-12.750022,2.45394
-79.27055903485967,213.75,-13.102678,2.3586292
-79.27055903485967,215.625,-13.501155,2.2638562
-79.27055903485967,217.5,-13.965784,2.1675427
-79.27055903485967,219.375,-14.514417,2.072347
-79.27055903485967,221.25,-15.109378,2.0105495
-79.27055903485967,223.125,-15.742169,1.9747663
-79.27055903485967,225.0,-16.401466,1.9843576
-79.27055903485967,226.875,-17.051191,1.9545264
-79.27055903485967,228.75,-17.680822,1.9500116
-79.27055903485967,230.625,-18.281288,1.9489766
-79.27055903485967,232.5,-18.815802,1.971687
-79.27055903485967,234.375,-19.295586,1.9842808
-79.27055903485967,236.25,-19.731544,2.0056057
-79.27055903485967,238.125,-20.126251,2.0177252
-79.27055903485967,240.0,-20.486582,2.0393064
-79.27055903485967,241.875,-20.781015,2.0793657
-79.27055903485967,243.75,-21.03336,2.087601
-79.27055903485967,245.625,-21.18,2.0878744
-79.27055903485967,247.5,-21.260508,2.0839994
-79.27055903485967,249.375,-21.305,2.070102
-79.27055903485967,251.25,-21.312813,2.0434928
-79.27055903485967,253.125,-21.346172,1.9919055
-79.27055903485967,255.0,-21.433966,1.9498708
-79.27055903485967,256.875,-21.598007,1.9008837
-79.27055903485967,258.75,-21.86914,1.8936442
-79.27055903485967,260.625,-22.179237,1.8675178
-79.27055903485967,262.5,-22.487364,1.8254343
-79.27055903485967,264.375,-22.628809,1.7697256
-79.27055903485967,266.25,-22.514921,1.6844398
-79.27055903485967,268.125,-22.017324,1.5948067
-79.27055903485967,270.0,-21.324335,1.5192708
-79.27055903485967,271.875,-20.475254,1.4514002
-79.27055903485967,273.75,-19.585546,1.4170655
-79.27055903485967,275.625,-18.803204,1.4271176
-79.27055903485967,277.5,-18.121973,1.4514581
-79.27055903485967,279.375,-17.605862,1.5342351
-79.27055903485967,281.25,-17.261742,1.6464238
-79.27055903485967,283.125,-17.083284,1.7844973
-79.27055903485967,285.0,-17.076878,1.9402044
-79.27055903485967,286.875,-17.218967,2.1114242
-79.27055903485967,288.75,-17.46678,2.2721038
-79.27055903485967,290.625,-17.732952,2.4039512
-79.27055903485967,292.5,-17.970901,2.4803295
-79.27055903485967,294.375,-18.126213,2.5264566
-79.27055903485967,296.25,-18.184456,2.5524693
-79.27055903485967,298.125,-18.103811,2.5569196
-79.27055903485967,300.0,-17.974611,2.5798593
-79.27055903485967,301.875,-17.806585,2.6243978
-79.27055903485967,303.75,-17.624416,2.674709
-79.27055903485967,305.625,-17.420883,2.7402978
-79.27055903485967,307.5,-17.25182,2.794702
-79.27055903485967,309.375,-17.092953,2.8099186
-79.27055903485967,311.25,-16.94309,2.8147569
-79.27055903485967,313.125,-16.820726,2.7634017
-79.27055903485967,315.0,-16.735863,2.7093961
-79.27055903485967,316.875,-16.681253,2.6482332
-79.27055903485967,318.75,-16.685667,2.5614276
-79.27055903485967,320.625,-16.743732,2.4777517
-79.27055903485967,322.5,-16.849241,2.4089544
-79.27055903485967,324.375,-17.010822,2.2951543
-79.27055903485967,326.25,-17.201292,2.2050982
-79.27055903485967,328.125,-17.42971,2.1232703
-79.27055903485967,330.0,-17.717522,2.044934
-79.27055903485967,331.875,-18.083124,2.0013666
-79.27055903485967,333.75,-18.579494,1.9411856
-79.27055903485967,335.625,-19.171543,1.9419962
-79.27055903485967,337.5,-19.87209,1.9358133
-79.27055903485967,339.375,-20.653437,1.9308397
-79.27055903485967,341.25,-21.496563,1.9130656
-79.27055903485967,343.125,-22.382559,1.9121919
-79.27055903485967,345.0,-23.306679,1.9292941
-79.27055903485967,346.875,-24.198868,1.9401973
-79.27055903485967,348.75,-25.004824,1.9455147
-79.27055903485967,350.625,-25.761152,1.9702266
-79.27055903485967,352.5,-26.42959,1.9780426
-79.27055903485967,354.375,-27.026993,1.9772843
-79.27055903485967,356.25,-27.591309,1.9910443
-79.27055903485967,358.125,-28.085255,2.000208
-77.4058880820788,0.0,-29.530489,1.8434092
-77.4058880820788,1.875,-30.029259,1.8156735
-77.4058880820788,3.75,-30.513418,1.871857
-77.4058880820788,5.625,-31.085077,1.910435
-77.4058880820788,7.5,-31.699356,1.9563993
-77.4058880820788,9.375,-32.3876,2.006057
-77.4058880820788,11.25,-33.194202,2.0435772
-77.4058880820788,13.125,-34.02432,2.0604038
-77.4058880820788,15.0,-34.910336,2.0876667
-77.4058880820788,16.875,-35.732307,2.1166446
-77.4058880820788,18.75,-36.565178,2.138675
-77.4058880820788,20.625,-37.35002,2.1506007
-77.4058880820788,22.5,-38.08512,2.180359
-77.4058880820788,24.375,-38.752502,2.212448
-77.4058880820788,26.25,-39.43549,2.2254033
-77.4058880820788,28.125,-40.07723,2.248776
-77.4058880820788,30.0,-40.691174,2.2767446
-77.4058880820788,31.875,-41.281113,2.2512481
-77.4058880820788,33.75,-41.888496,2.1949875
-77.4058880820788,35.625,-42.38129,2.2252982
-77.4058880820788,37.5,-42.718925,2.2329483
-77.4058880820788,39.375,-42.895763,2.2057757
-77.4058880820788,41.25,-42.91701,2.172049
-77.4058880820788,43.125,-42.72539,2.1199882
-77.4058880820788,45.0,-42.355976,2.0963366
-77.4058880820788,46.875,-41.85277,2.0569208
-77.4058880820788,48.75,-41.21256,2.0141234
-77.4058880820788,50.625,-40.432972,1.9721285
-77.4058880820788,52.5,-39.568382,1.9104483
-77.4058880820788,54.375,-38.57721,1.8935323
-77.4058880820788,56.25,-37.543343,1.8973964
-77.4058880820788,58.125,-36.50801,1.9215692
-77.4058880820788,60.0,-35.513966,1.9439435
-77.4058880820788,61.875,-34.6218,1.9967339
-77.4058880820788,63.75,-33.90377,2.0168602
-77.4058880820788,65.625,-33.378754,2.0321102
-77.4058880820788,67.5,-33.04291,2.0323067
-77.4058880820788,69.375,-32.916878,2.0472527
-77.4058880820788,71.25,-33.020157,2.0550766
-77.4058880820788,73.125,-33.334846,2.0692532
-77.4058880820788,75.0,-33.863617,2.1225173
-77.4058880820788,76.875,-34.57758,2.180867
-77.4058880820788,78.75,-35.458656,2.234434
-77.4058880820788,80.625,-36.453636,2.2994578
-77.4058880820788,82.5,-37.569984,2.326963
-77.4058880820788,84.375,-38.70047,2.369356
-77.4058880820788,86.25,-39.851467,2.3685808
-77.4058880820788,88.125,-40.927483,2.335301
-77.4058880820788,90.0,-41.91543,2.2652109
-77.4058880820788,91.875,-42.741367,2.2498903
-77.4058880820788,93.75,-43.42881,2.1625848
-77.4058880820788,95.625,-43.863476,2.0642338
-77.4058880820788,97.5,-44.020508,1.9583917
-77.4058880820788,99.375,-43.91338,1.870034
-77.4058880820788,101.25,-43.630997,1.7976248
-77.4058880820788,103.125,-43.230137,1.7606038
-77.4058880820788,105.0,-42.85588,1.7253561
-77.4058880820788,106.875,-42.573185,1.715231
-77.4058880820788,108.75,-42.40342,1.7279601
-77.4058880820788,110.625,-42.382442,1.6992204
-77.4058880820788,112.5,-42.470547,1.7038794
-77.4058880820788,114.375,-42.62496,1.6957046
-77.4058880820788,116.25,-42.685234,1.7240214
-77.4058880820788,118.125,-42.58826,1.7109861
-77.4058880820788,120.0,-42.247147,1.737257
-77.4058880820788,121.875,-41.73664,1.7640017
-77.4058880820788,123.75,-41.09746,1.7263056
-77.4058880820788,125.625,-40.40961,1.7481099
-77.4058880820788,127.5,-39.735237,1.7375046
-77.4058880820788,129.375,-39.100765,1.7368449
-77.4058880820788,131.25,-38.59209,1.7566473
-77.4058880820788,133.125,-38.261486,1.7603598
-77.4058880820788,135.0,-38.05471,1.7605597
-77.4058880820788,136.875,-37.994083,1.7620084
-77.4058880820788,138.75,-37.968246,1.7572439
-77.4058880820788,140.625,-37.935295,1.7909886
-77.4058880820788,142.5,-37.78557,1.7839327
-77.4058880820788,144.375,-37.357853,1.799158
-77.4058880820788,146.25,-36.635372,1.8214786
-77.4058880820788,148.125,-35.501896,1.8226368
-77.4058880820788,150.0,-34.015003,1.8205487
-77.4058880820788,151.875,-32.117577,1.8479558
-77.4058880820788,153.75,-29.906172,1.8383245
-77.4058880820788,155.625,-27.433243,1.8250825
-77.4058880820788,157.5,-24.822441,1.7904139
-77.4058880820788,159.375,-22.21549,1.743727
-77.4058880820788,161.25,-19.739902,1.717908
-77.4058880820788,163.125,-17.555626,1.7095561
-77.4058880820788,165.0,-4.965921,0.66828316
-77.4058880820788,166.875,-4.2537136,0.62836885
-77.4058880820788,168.75,-3.785784,0.63211447
-77.4058880820788,170.625,-3.6867607,0.6951947
-77.4058880820788,172.5,-3.489026,0.8005795
-77.4058880820788,174.375,-3.605706,0.8919904
-77.4058880820788,176.25,-3.8805497,1.0217316
-77.4058880820788,178.125,-4.071253,1.0490254
-77.4058880820788,180.0,-4.592151,1.1408311
-77.4058880820788,181.875,-4.93094,1.2658205
-77.4058880820788,183.75,-5.069827,1.3601663
-77.4058880820788,185.625,-5.2747483,1.480154
-77.4058880820788,187.5,-5.3780494,1.5744005
-77.4058880820788,189.375,-5.300354,1.6517869
-77.4058880820788,191.25,-5.184514,1.6832736
-77.4058880820788,193.125,-5.081448,1.6914984
-77.4058880820788,195.0,-4.805491,1.6591963
-77.4058880820788,196.875,-4.5366435,1.6344588
-77.4058880820788,198.75,-4.251272,1.6219962
-77.4058880820788,200.625,-3.9755497,1.5641931
-77.4058880820788,202.5,-3.8821511,1.6252257
-77.4058880820788,204.375,-3.6303349,1.6438508
-77.4058880820788,206.25,-3.462952,1.6732786
-77.4058880820788,208.125,-3.3356278,1.653489
-77.4058880820788,210.0,-9.042483,2.3693113
-77.4058880820788,211.875,-9.724592,2.3375816
-77.4058880820788,213.75,-10.479084,2.2425075
-77.4058880820788,215.625,-11.34926,2.1372166
-77.4058880820788,217.5,-12.293127,2.041174
-77.4058880820788,219.375,-13.349866,1.9872977
-77.4058880820788,221.25,-14.499826,1.9531
-77.4058880820788,223.125,-15.680821,1.9552304
-77.4058880820788,225.0,-16.878809,1.9742217
-77.4058880820788,226.875,-18.00086,1.9952524
-77.4058880820788,228.75,-18.979023,2.006913
-77.4058880820788,230.625,-19.7733,2.0370302
-77.4058880820788,232.5,-20.353497,2.0790057
-77.4058880820788,234.375,-20.645039,2.0895834
-77.4058880820788,236.25,-20.744726,2.0724144
-77.4058880820788,238.125,-20.647364,2.0509152
-77.4058880820788,240.0,-20.389084,2.064505
-77.4058880820788,241.875,-20.062443,2.0962567
-77.4058880820788,243.75,-19.652542,2.1477392
-77.4058880820788,245.625,-19.197268,2.1462884
-77.4058880820788,247.5,-18.71135,2.1396627
-77.4058880820788,249.375,-18.275665,2.1404905
-77.4058880820788,251.25,-17.935606,2.12207
-77.4058880820788,253.125,-17.72756,2.1074307
-77.4058880820788,255.0,-17.68754,2.0817053
-77.4058880820788,256.875,-17.82676,2.0431674
-77.4058880820788,258.75,-18.12043,1.9945056
-77.4058880820788,260.625,-18.570625,1.9410554
-77.4058880820788,262.5,-19.132736,1.8766661
-77.4058880820788,264.375,-19.729729,1.8056737
-77.4058880820788,266.25,-20.219257,1.7241049
-77.4058880820788,268.125,-20.47963,1.6681219
-77.4058880820788,270.0,-20.409824,1.6070538
-77.4058880820788,271.875,-20.139473,1.5502841
-77.4058880820788,273.75,-19.748125,1.5224029
-77.4058880820788,275.625,-19.333673,1.5088105
-77.4058880820788,277.5,-18.941757,1.5315686
-77.4058880820788,279.375,-18.588263,1.5544124
-77.4058880820788,281.25,-18.28221,1.5953487
-77.4058880820788,283.125,-18.034065,1.6557164
-77.4058880820788,285.0,-17.782326,1.7277644
-77.4058880820788,286.875,-17.544085,1.8066947
-77.4058880820788,288.75,-17.227795,1.8769768
-77.4058880820788,290.625,-16.85141,1.9172119
-77.4058880820788,292.5,-16.435474,1.9552633
-77.4058880820788,294.375,-15.982758,1.9872602
-77.4058880820788,296.25,-15.466448,2.0356011
-77.4058880820788,298.125,-6.400217,1.8593155
-77.4058880820788,300.0,-6.8538694,1.6905084
-77.4058880820788,301.875,-7.054592,1.5484157
-77.4058880820788,303.75,-7.113772,1.5295415
-77.4058880820788,305.625,-7.0100417,1.4894937
-77.4058880820788,307.5,-6.7281275,1.49731
-77.4058880820788,309.375,-6.652268,1.4879142
-77.4058880820788,311.25,-6.5051785,1.4624852
-77.4058880820788,313.125,-6.522112,1.4366544
-77.4058880820788,315.0,-6.4369555,1.4201444
-77.4058880820788,316.875,-6.298616,1.3828986
-77.4058880820788,318.75,-6.423264,1.3178053
-77.4058880820788,320.625,-6.297659,1.3165271
-77.4058880820788,322.5,-6.288049,1.3474467
-77.4058880820788,324.375,-6.0487523,1.4571484
-77.4058880820788,326.25,-5.8886743,1.6746104
-77.4058880820788,328.125,-14.430373,2.4034991
-77.4058880820788,330.0,-14.93383,2.4183095
-77.4058880820788,331.875,-15.368186,2.3752646
-77.4058880820788,333.75,-15.840471,2.3240068
-77.4058880820788,335.625,-16.397972,2.2364368
-77.4058880820788,337.5,-17.088596,2.1695988
-77.4058880820788,339.375,-17.99467,2.1188238
-77.4058880820788,341.25,-19.085255,2.0605595
-77.4058880820788,343.125,-20.271544,2.0126271
-77.4058880820788,345.0,-21.563457,1.989116
-77.4058880820788,346.875,-22.867735,1.9447591
-77.4058880820788,348.75,-24.16166,1.9275521
-77.4058880820788,350.625,-25.417637,1.9067559
-77.4058880820788,352.5,-26.544727,1.8857214
-77.4058880820788,354.375,-27.521622,1.8453513
-77.4058880820788,356.25,-28.329218,1.8494554
-77.4058880820788,358.125,-28.98211,1.8381022
-75.54106145287895,0.0,-30.368067,1.9871393
-75.54106145287895,1.875,-31.32539,2.0671222
-75.54106145287895,3.75,-32.177914,2.088305
-75.54106145287895,5.625,-33.02383,2.150596
-75.54106145287895,7.5,-33.865646,2.1989133
-75.54106145287895,9.375,-34.7318,2.2755206
-75.54106145287895,11.25,-35.66289,2.3574698
-75.54106145287895,13.125,-36.474865,2.397469
-75.54106145287895,15.0,-37.17963,2.454385
-75.54106145287895,16.875,-37.719982,2.4847395
-75.54106145287895,18.75,-37.991917,2.4728444
-75.54106145287895,20.625,-38.09664,2.465578
-75.54106145287895,22.5,-38.063282,2.49032
-75.54106145287895,24.375,-37.951176,2.455384
-75.54106145287895,26.25,-37.870647,2.4074836
-75.54106145287895,28.125,-37.839592,2.3846912
-75.54106145287895,30.0,-37.95428,2.3471515
-75.54106145287895,31.875,-38.20313,2.3053548
-75.54106145287895,33.75,-38.546097,2.2890236
-75.54106145287895,35.625,-38.940823,2.2857342
-75.54106145287895,37.5,-39.33133,2.2464478
-75.54106145287895,39.375,-39.643166,2.243863
-75.54106145287895,41.25,-39.83481,2.2388768
-75.54106145287895,43.125,-39.836388,2.2150164
-75.54106145287895,45.0,-39.637035,2.1807141
-75.54106145287895,46.875,-39.157307,2.1466315
-75.54106145287895,48.75,-38.404476,2.0779874
-75.54106145287895,50.625,-37.395275,2.0348613
-75.54106145287895,52.5,-36.200256,1.9981471
-75.54106145287895,54.375,-34.87381,1.9595181
-75.54106145287895,56.25,-33.48678,1.9481138
-75.54106145287895,58.125,-32.15635,1.9346266
-75.54106145287895,60.0,-30.939316,1.9279063
-75.54106145287895,61.875,-29.892813,1.9294866
-75.54106145287895,63.75,-29.105253,1.941636
-75.54106145287895,65.625,-28.53832,1.963128
-75.54106145287895,67.5,-28.24539,1.9846339
-75.54106145287895,69.375,-28.15668,2.0205815
-75.54106145287895,71.25,-28.263613,2.052423
-75.54106145287895,73.125,-28.567715,2.085237
-75.54106145287895,75.0,-29.164942,2.1229942
-75.54106145287895,76.875,-30.083477,2.2130013
-75.54106145287895,78.75,-31.25246,2.2775772
-75.54106145287895,80.625,-32.623653,2.325199
-75.54106145287895,82.5,-34.03471,2.379884
-75.54106145287895,84.375,-35.451096,2.4102397
-75.54106145287895,86.25,-36.76834,2.4342637
-75.54106145287895,88.125,-37.93055,2.4414124
-75.54106145287895,90.0,-38.896214,2.3900387
-75.54106145287895,91.875,-39.6925,2.3473008
-75.54106145287895,93.75,-40.37918,2.2131577
-75.54106145287895,95.625,-40.884964,2.1407878
-75.54106145287895,97.5,-41.211426,2.0348308
-75.54106145287895,99.375,-41.33039,1.9440179
-75.54106145287895,101.25,-41.293358,1.8757151
-75.54106145287895,103.125,-41.150604,1.8100892
-75.54106145287895,105.0,-41.028282,1.7626728
-75.54106145287895,106.875,-40.994884,1.7189165
-75.54106145287895,108.75,-41.060623,1.6656736
-75.54106145287895,110.625,-41.254726,1.6458131
-75.54106145287895,112.5,-41.628223,1.6221476
-75.54106145287895,114.375,-42.095566,1.6418899
-75.54106145287895,116.25,-42.572052,1.6607413
-75.54106145287895,118.125,-42.90262,1.6901859
-75.54106145287895,120.0,-42.92588,1.6956581
-75.54106145287895,121.875,-42.67418,1.6804688
-75.54106145287895,123.75,-42.154083,1.6795722
-75.54106145287895,125.625,-41.3743,1.6777599
-75.54106145287895,127.5,-40.36008,1.6633828
-75.54106145287895,129.375,-39.179787,1.6478337
-75.54106145287895,131.25,-37.997677,1.6297786
-75.54106145287895,133.125,-36.912502,1.6040452
-75.54106145287895,135.0,-36.069164,1.6102691
-75.54106145287895,136.875,-35.503403,1.6082679
-75.54106145287895,138.75,-35.198986,1.6088344
-75.54106145287895,140.625,-35.102657,1.6250479
-75.54106145287895,142.5,-35.134144,1.6329424
-75.54106145287895,144.375,-35.157326,1.6548924
-75.54106145287895,146.25,-35.03225,1.6772441
-75.54106145287895,148.125,-34.600822,1.6860877
-75.54106145287895,150.0,-33.71672,1.7022246
-75.54106145287895,151.875,-32.362072,1.6765456
-75.54106145287895,153.75,-30.498262,1.6663228
-75.54106145287895,155.625,-28.227852,1.6290284
-75.54106145287895,157.5,-25.64701,1.6055976
-75.54106145287895,159.375,-22.938614,1.5910661
-75.54106145287895,161.25,-20.259005,1.5776386
-75.54106145287895,163.125,-10.488674,1.4751683
-75.54106145287895,165.0,-9.656311,1.238708
-75.54106145287895,166.875,-8.298382,1.259156
-75.54106145287895,168.75,-6.9827175,1.2572571
-75.54106145287895,170.625,-6.0024047,1.2731552
-75.54106145287895,172.5,-5.374104,1.2949389
-75.54106145287895,174.375,-5.091975,1.3574494
-75.54106145287895,176.25,-4.9820538,1.3528287
-75.54106145287895,178.125,-4.8712916,1.3267194
-75.54106145287895,180.0,-4.8624053,1.2878172
-75.54106145287895,181.875,-4.8824635,1.3195472
-75.54106145287895,183.75,-4.941116,1.403997
-75.54106145287895,185.625,-4.9723268,1.5296667
-75.54106145287895,187.5,-4.8999248,1.6516742
-75.54106145287895,189.375,-4.742288,1.7259486
-75.54106145287895,191.25,-4.4991045,1.7904507
-75.54106145287895,193.125,-4.200979,1.8408748
-75.54106145287895,195.0,-3.9076004,1.861232
-75.54106145287895,196.875,-3.6405888,1.8658463
-75.54106145287895,198.75,-3.3831277,1.8567977
-75.54106145287895,200.625,-3.1505888,1.8515948
-75.54106145287895,202.5,-2.9726396,1.8603978
-75.54106145287895,204.375,-2.8452177,1.8661363
-75.54106145287895,206.25,-2.7893777,1.8351171
-75.54106145287895,208.125,-2.8265262,1.7587637
-75.54106145287895,210.0,-2.9128933,1.6954511
-75.54106145287895,211.875,-3.0326004,1.6184281
-75.54106145287895,213.75,-3.2116823,1.6394746
-75.54106145287895,215.625,-3.2785184,1.6144923
-75.54106145287895,217.5,-3.677913,1.6699362
-75.54106145287895,219.375,-3.9464285,1.8481655
-75.54106145287895,221.25,-10.258459,1.7939655
-75.54106145287895,223.125,-11.226838,1.7611375
-75.54106145287895,225.0,-12.169768,1.7290035
-75.54106145287895,226.875,-13.056038,1.713637
-75.54106145287895,228.75,-13.8973465,1.7143905
-75.54106145287895,230.625,-14.657112,1.7394269
-75.54106145287895,232.5,-15.2464285,1.7902217
-75.54106145287895,234.375,-15.616897,1.8465711
-75.54106145287895,236.25,-15.753304,1.9131908
-75.54106145287895,238.125,-15.648381,1.9501517
-75.54106145287895,240.0,-15.325706,1.9879427
-75.54106145287895,241.875,-14.848987,2.0198538
-75.54106145287895,243.75,-14.254905,2.054092
-75.54106145287895,245.625,-13.618772,2.1021287
-75.54106145287895,247.5,-13.016742,2.1477826
-75.54106145287895,249.375,-12.515081,2.1963713
-75.54106145287895,251.25,-12.196136,2.2359097
-75.54106145287895,253.125,-12.102718,2.262436
-75.54106145287895,255.0,-12.243734,2.2421916
-75.54106145287895,256.875,-12.631176,2.2072294
-75.54106145287895,258.75,-13.262953,2.1558619
-75.54106145287895,260.625,-14.103344,2.1045156
-75.54106145287895,262.5,-15.084338,2.0665092
-75.54106145287895,264.375,-16.109377,2.0152757
-75.54106145287895,266.25,-17.037405,1.9785062
-75.54106145287895,268.125,-17.771526,1.9297804
-75.54106145287895,270.0,-18.262735,1.8767886
-75.54106145287895,271.875,-18.501213,1.8170638
-75.54106145287895,273.75,-18.544044,1.7691092
-75.54106145287895,275.625,-18.45422,1.740171
-75.54106145287895,277.5,-18.300976,1.7128065
-75.54106145287895,279.375,-18.109533,1.7298425
-75.54106145287895,281.25,-17.92264,1.7654942
-75.54106145287895,283.125,-17.682383,1.8345928
-75.54106145287895,285.0,-17.345781,1.9077346
-75.54106145287895,286.875,-16.81309,1.9329017
-75.54106145287895,288.75,-16.21729,1.9387726
-75.54106145287895,290.625,-15.664203,1.913307
-75.54106145287895,292.5,-15.153616,1.875367
-75.54106145287895,294.375,-14.591077,1.8311255
-75.54106145287895,296.25,-13.940393,1.7713286
-75.54106145287895,298.125,-8.139299,1.6755394
-75.54106145287895,300.0,-8.469612,1.4455595
-75.54106145287895,301.875,-8.199065,1.3935826
-75.54106145287895,303.75,-7.7284007,1.3819567
-75.54106145287895,305.625,-7.239319,1.4063256
-75.54106145287895,307.5,-6.8158813,1.4008087
-75.54106145287895,309.375,-6.4962525,1.3850203
-75.54106145287895,311.25,-6.2493773,1.3749123
-75.54106145287895,313.125,-6.0972486,1.3863518
-75.54106145287895,315.0,-6.0342994,1.3781365
-75.54106145287895,316.875,-6.0067015,1.405088
-75.54106145287895,318.75,-5.979436,1.435394
-75.54106145287895,320.625,-5.932053,1.4469362
-75.54106145287895,322.5,-5.8346705,1.456382
-75.54106145287895,324.375,-5.7108617,1.4379473
-75.54106145287895,326.25,-5.579182,1.410379
-75.54106145287895,328.125,-5.4917994,1.397778
-75.54106145287895,330.0,-5.381897,1.3038958
-75.54106145287895,331.875,-5.2875414,1.2361575
-75.54106145287895,333.75,-5.229788,1.251774
-75.54106145287895,335.625,-5.2282643,1.3477781
-75.54106145287895,337.5,-5.002249,1.4419048
-75.54106145287895,339.375,-4.7626004,1.4871958
-75.54106145287895,341.25,-13.893597,1.9994754
-75.54106145287895,343.125,-15.376272,1.9146552
-75.54106145287895,345.0,-17.088675,1.8557152
-75.54106145287895,346.875,-18.982481,1.8356247
-75.54106145287895,348.75,-20.961153,1.8439395
-75.54106145287895,350.625,-22.91914,1.836691
-75.54106145287895,352.5,-24.79203,1.8243167
-75.54106145287895,354.375,-26.501015,1.8460135
-75.54106145287895,356.25,-27.99164,1.8897078
-75.54106145287895,358.125,-29.288048,1.9379482
-73.67613231320912,0.0,-24.29961,2.0236096
-73.67613231320912,1.875,-25.400763,2.0851853
-73.67613231320912,3.75,-26.48043,2.1289036
-73.67613231320912,5.625,-27.532734,2.1857061
-73.67613231320912,7.5,-28.499668,2.2441757
-73.67613231320912,9.375,-29.291016,2.289557
-73.67613231320912,11.25,-29.856699,2.3496919
-73.67613231320912,13.125,-30.112598,2.3646672
-73.67613231320912,15.0,-30.106562,2.3409686
-73.67613231320912,16.875,-29.854824,2.3126884
-73.67613231320912,18.75,-29.436895,2.2712498
-73.67613231320912,20.625,-28.913574,2.2509036
-73.67613231320912,22.5,-28.43375,2.211483
-73.67613231320912,24.375,-28.076601,2.1845636
-73.67613231320912,26.25,-27.92205,2.1627605
-73.67613231320912,28.125,-28.012285,2.1185632
-73.67613231320912,30.0,-28.387579,2.1003928
-73.67613231320912,31.875,-29.015606,2.0871136
-73.67613231320912,33.75,-29.85041,2.090796
-73.67613231320912,35.625,-30.799044,2.1094432
-73.67613231320912,37.5,-31.801992,2.1162043
-73.67613231320912,39.375,-32.7626,2.148437
-73.67613231320912,41.25,-33.629436,2.182151
-73.67613231320912,43.125,-34.381664,2.2117085
-73.67613231320912,45.0,-35.03176,2.2486036
-73.67613231320912,46.875,-35.666233,2.2659633
-73.67613231320912,48.75,-36.250393,2.2474506
-73.67613231320912,50.625,-36.5394,2.1936438
-73.67613231320912,52.5,-35.96141,2.0707207
-73.67613231320912,54.375,-34.560375,1.9407923
-73.67613231320912,56.25,-32.836075,1.9204878
-73.67613231320912,58.125,-31.160528,1.9212965
-73.67613231320912,60.0,-29.601778,1.9256525
-73.67613231320912,61.875,-28.155235,1.9342391
-73.67613231320912,63.75,-26.92502,1.9708163
-73.67613231320912,65.625,-26.054024,2.0311635
-73.67613231320912,67.5,-25.701015,2.135647
-73.67613231320912,69.375,-25.574863,2.2259028
-73.67613231320912,71.25,-25.491602,2.254397
-73.67613231320912,73.125,-25.481718,2.2256155
-73.67613231320912,75.0,-25.935097,2.2001894
-73.67613231320912,76.875,-26.959394,2.2323873
-73.67613231320912,78.75,-28.483593,2.2305932
-73.67613231320912,80.625,-30.341192,2.2168262
-73.67613231320912,82.5,-32.30438,2.172541
-73.67613231320912,84.375,-34.118107,2.1679258
-73.67613231320912,86.25,-35.550198,2.1606266
-73.67613231320912,88.125,-36.530766,2.11407
-73.67613231320912,90.0,-37.090824,2.081274
-73.67613231320912,91.875,-37.395626,2.0754678
-73.67613231320912,93.75,-37.62332,2.0652986
-73.67613231320912,95.625,-37.90338,2.0476758
-73.67613231320912,97.5,-38.183224,2.0421789
-73.67613231320912,99.375,-38.44344,2.0490901
-73.67613231320912,101.25,-38.61149,2.0143554
-73.67613231320912,103.125,-38.650764,1.9679314
-73.67613231320912,105.0,-38.602386,1.9556916
-73.67613231320912,106.875,-38.549477,1.9283935
-73.67613231320912,108.75,-38.541527,1.9197987
-73.67613231320912,110.625,-38.61842,1.8879398
-73.67613231320912,112.5,-38.76262,1.8597542
-73.67613231320912,114.375,-38.941135,1.8601027
-73.67613231320912,116.25,-39.13936,1.8458734
-73.67613231320912,118.125,-39.318363,1.8333399
-73.67613231320912,120.0,-39.48063,1.8052877
-73.67613231320912,121.875,-39.659084,1.7875222
-73.67613231320912,123.75,-39.779476,1.7909458
-73.67613231320912,125.625,-39.757618,1.7784021
-73.67613231320912,127.5,-39.38338,1.7536254
-73.67613231320912,129.375,-38.61018,1.6833078
-73.67613231320912,131.25,-37.580746,1.6541164
-73.67613231320912,133.125,-36.50555,1.5799417
-73.67613231320912,135.0,-35.538692,1.5565561
-73.67613231320912,136.875,-34.785275,1.5539343
-73.67613231320912,138.75,-34.316036,1.5392566
-73.67613231320912,140.625,-34.095238,1.5319495
-73.67613231320912,142.5,-34.073772,1.5211114
-73.67613231320912,144.375,-34.154358,1.5274793
-73.67613231320912,146.25,-34.25334,1.5251123
-73.67613231320912,148.125,-34.245296,1.5418464
-73.67613231320912,150.0,-33.990803,1.5376117
-73.67613231320912,151.875,-33.370373,1.5286702
-73.67613231320912,153.75,-32.286346,1.5089023
-73.67613231320912,155.625,-30.715918,1.4556534
-73.67613231320912,157.5,-28.734121,1.4506125
-73.67613231320912,159.375,-26.39084,1.414682
-73.67613231320912,161.25,-23.865507,1.4128711
-73.67613231320912,163.125,-21.14953,1.3962373
-73.67613231320912,165.0,-18.487207,1.3729557
-73.67613231320912,166.875,-16.189081,1.4098245
-73.67613231320912,168.75,-10.96426,1.1226621
-73.67613231320912,170.625,-9.266038,1.0802828
-73.67613231320912,172.5,-7.7659206,1.1656507
-73.67613231320912,174.375,-6.7084985,1.2279353
-73.67613231320912,176.25,-5.920725,1.2635269
-73.67613231320912,178.125,-5.233694,1.2948227
-73.67613231320912,180.0,-4.742405,1.3189111
-73.67613231320912,181.875,-4.438909,1.3481724
-73.67613231320912,183.75,-4.2461553,1.3901205
-73.67613231320912,185.625,-4.1001005,1.495919
-73.67613231320912,187.5,-3.930237,1.639036
-73.67613231320912,189.375,-3.650374,1.7746978
-73.67613231320912,191.25,-3.3692605,1.8578737
-73.67613231320912,193.125,-3.0920146,1.8960161
-73.67613231320912,195.0,-2.837366,1.9159416
-73.67613231320912,196.875,-2.6213114,1.9209342
-73.67613231320912,198.75,-2.436956,1.8966663
-73.67613231320912,200.625,-2.2727761,1.8641833
-73.67613231320912,202.5,-2.092073,1.8220863
-73.67613231320912,204.375,-1.9152371,1.7612207
-73.67613231320912,206.25,-1.7587137,1.6992502
-73.67613231320912,208.125,-1.6187137,1.6157563
-73.67613231320912,210.0,-1.495823,1.5220393
-73.67613231320912,211.875,-1.3907058,1.4139334
-73.67613231320912,213.75,-1.2986356,1.303841
-73.67613231320912,215.625,-1.2303739,1.208706
-73.67613231320912,217.5,-1.194905,1.1467772
-73.67613231320912,219.375,-1.201409,1.093479
-73.67613231320912,221.25,-1.280159,1.0648323
-73.67613231320912,223.125,-1.3790457,1.0783705
-73.67613231320912,225.0,-1.4752567,1.118406
-73.67613231320912,226.875,-1.681409,1.1382813
-73.67613231320912,228.75,-2.074241,1.1132181
-73.67613231320912,230.625,-2.5269167,1.1138586
-73.67613231320912,232.5,-2.7509599,1.1051352
-73.67613231320912,234.375,-3.0125809,1.0152577
-73.67613231320912,236.25,-4.1088896,1.3502425
-73.67613231320912,238.125,-3.489202,1.3627045
-73.67613231320912,240.0,-3.2804716,1.34198
-73.67613231320912,241.875,-3.1933815,1.3444371
-73.67613231320912,243.75,-3.1553934,1.332302
-73.67613231320912,245.625,-3.1751394,1.2853681
-73.67613231320912,247.5,-3.192659,1.2514471
-73.67613231320912,249.375,-3.215784,1.2334038
-73.67613231320912,251.25,-3.3796902,1.0748867
-73.67613231320912,253.125,-2.6570144,0.87422687
-73.67613231320912,255.0,-2.4434988,0.7135698
-73.67613231320912,256.875,-1.697034,0.3943626
-73.67613231320912,258.75,-8.022366,2.2364602
-73.67613231320912,260.625,-8.868108,2.1952562
-73.67613231320912,262.5,-9.857913,2.152794
-73.67613231320912,264.375,-10.841448,2.1219413
-73.67613231320912,266.25,-11.74846,2.0875907
-73.67613231320912,268.125,-12.450295,2.0273075
-73.67613231320912,270.0,-12.8576,1.9668195
-73.67613231320912,271.875,-12.987424,1.9049305
-73.67613231320912,273.75,-12.819143,1.8706734
-73.67613231320912,275.625,-12.346683,1.8221236
-73.67613231320912,277.5,-3.935862,0.63089633
-73.67613231320912,279.375,-11.897131,1.9768798
-73.67613231320912,281.25,-11.67967,2.0972574
-73.67613231320912,283.125,-11.662991,2.1882627
-73.67613231320912,285.0,-11.787385,2.255201
-73.67613231320912,286.875,-12.121252,2.2774217
-73.67613231320912,288.75,-12.567034,2.2360165
-73.67613231320912,290.625,-13.023401,2.1703382
-73.67613231320912,292.5,-13.408655,2.0820658
-73.67613231320912,294.375,-13.608713,1.9597913
-73.67613231320912,296.25,-13.438147,1.8398005
-73.67613231320912,298.125,-12.799983,1.6558789
-73.67613231320912,300.0,-9.178069,1.4613044
-73.67613231320912,301.875,-8.360608,1.3239586
-73.67613231320912,303.75,-7.5039086,1.282919
-73.67613231320912,305.625,-6.765471,1.2943126
-73.67613231320912,307.5,-6.184514,1.2821018
-73.67613231320912,309.375,-5.745413,1.3189534
-73.67613231320912,311.25,-5.424143,1.4121565
-73.67613231320912,313.125,-5.2295923,1.4907012
-73.67613231320912,315.0,-5.0617604,1.5821403
-73.67613231320912,316.875,-4.8906083,1.6585691
-73.67613231320912,318.75,-4.651409,1.7111773
-73.67613231320912,320.625,-4.3546314,1.7744197
-73.67613231320912,322.5,-3.9852762,1.82057
-73.67613231320912,324.375,-3.5874052,1.8210901
-73.67613231320912,326.25,-3.194534,1.7800441
-73.67613231320912,328.125,-2.8764286,1.7015172
-73.67613231320912,330.0,-2.6443777,1.5986319
-73.67613231320912,331.875,-2.5001395,1.499384
-73.67613231320912,333.75,-2.4768972,1.4117113
-73.67613231320912,335.625,-2.584026,1.3183589
-73.67613231320912,337.5,-2.7906082,1.1872166
-73.67613231320912,339.375,-3.0003347,1.0410928
-73.67613231320912,341.25,-3.1155887,0.9005186
-73.67613231320912,343.125,-3.4973075,1.0289954
-73.67613231320912,345.0,-11.454026,1.8859372
-73.67613231320912,346.875,-13.209709,1.7941054
-73.67613231320912,348.75,-15.122015,1.775361
-73.67613231320912,350.625,-16.973692,1.8020128
-73.67613231320912,352.5,-18.750645,1.8482552
-73.67613231320912,354.375,-20.376562,1.8793923
-73.67613231320912,356.25,-21.817738,1.9258466
-73.67613231320912,358.125,-23.124962,1.9625593
-71.81113211427447,0.0,-13.821292,1.6673054
-71.81113211427447,1.875,-14.485784,1.6624331
-71.81113211427447,3.75,-15.207874,1.6729369
-71.81113211427447,5.625,-15.942327,1.6964651
-71.81113211427447,7.5,-16.634277,1.7265042
-71.81113211427447,9.375,-17.194084,1.7469368
-71.81113211427447,11.25,-17.55469,1.7721709
-71.81113211427447,13.125,-17.673517,1.7923183
-71.81113211427447,15.0,-17.49004,1.7990812
-71.81113211427447,16.875,-17.089218,1.8010085
-71.81113211427447,18.75,-16.529902,1.7845819
-71.81113211427447,20.625,-15.949671,1.76597
-71.81113211427447,22.5,-15.485217,1.7381738
-71.81113211427447,24.375,-15.262346,1.7058051
-71.81113211427447,26.25,-15.325042,1.677844
-71.81113211427447,28.125,-15.756233,1.653258
-71.81113211427447,30.0,-16.52123,1.6383151
-71.81113211427447,31.875,-17.599434,1.6492602
-71.81113211427447,33.75,-18.874199,1.664755
-71.81113211427447,35.625,-20.302052,1.6900964
-71.81113211427447,37.5,-21.784042,1.7213678
-71.81113211427447,39.375,-23.259102,1.7560228
-71.81113211427447,41.25,-24.7009,1.8035284
-71.81113211427447,43.125,-26.11334,1.8440342
-71.81113211427447,45.0,-27.514141,1.8974043
-71.81113211427447,46.875,-28.95291,1.9572067
-71.81113211427447,48.75,-30.483047,2.0044823
-71.81113211427447,50.625,-32.126698,2.0675814
-71.81113211427447,52.5,-33.67385,2.0602782
-71.81113211427447,54.375,-34.35889,1.991225
-71.81113211427447,56.25,-33.34266,1.8414985
-71.81113211427447,58.125,-31.281992,1.7665076
-71.81113211427447,60.0,-29.179316,1.771635
-71.81113211427447,61.875,-27.063261,1.8062955
-71.81113211427447,63.75,-24.889257,1.8556166
-71.81113211427447,65.625,-22.886309,1.9290825
-71.81113211427447,67.5,-21.291973,2.0351243
-71.81113211427447,69.375,-20.631016,2.152972
-71.81113211427447,71.25,-20.388985,2.2863703
-71.81113211427447,73.125,-20.092363,2.240235
-71.81113211427447,75.0,-20.356504,2.117637
-71.81113211427447,76.875,-21.694473,2.0494475
-71.81113211427447,78.75,-23.776329,1.9941908
-71.81113211427447,80.625,-26.22207,1.9653875
-71.81113211427447,82.5,-28.629082,1.9719886
-71.81113211427447,84.375,-30.613672,1.965316
-71.81113211427447,86.25,-31.954945,1.9599669
-71.81113211427447,88.125,-32.806602,1.9442142
-71.81113211427447,90.0,-33.140255,1.9112483
-71.81113211427447,91.875,-33.329575,1.8864225
-71.81113211427447,93.75,-33.58623,1.8738567
-71.81113211427447,95.625,-33.954865,1.8640217
-71.81113211427447,97.5,-34.491817,1.8843002
-71.81113211427447,99.375,-35.04137,1.9170797
-71.81113211427447,101.25,-35.49424,1.9612662
-71.81113211427447,103.125,-35.737152,1.9801872
-71.81113211427447,105.0,-35.75799,2.0033045
-71.81113211427447,106.875,-35.597153,2.0200124
-71.81113211427447,108.75,-35.313107,2.024513
-71.81113211427447,110.625,-34.98602,2.0130808
-71.81113211427447,112.5,-34.64086,1.9629468
-71.81113211427447,114.375,-34.314045,1.8921267
-71.81113211427447,116.25,-33.99672,1.8470677
-71.81113211427447,118.125,-33.75875,1.7879844
-71.81113211427447,120.0,-33.649925,1.7327182
-71.81113211427447,121.875,-33.70795,1.7313353
-71.81113211427447,123.75,-33.90549,1.7194924
-71.81113211427447,125.625,-34.232033,1.7325579
-71.81113211427447,127.5,-34.64801,1.7351214
-71.81113211427447,129.375,-34.987484,1.739439
-71.81113211427447,131.25,-35.16799,1.7002547
-71.81113211427447,133.125,-35.06051,1.6545764
-71.81113211427447,135.0,-34.739338,1.6050111
-71.81113211427447,136.875,-34.30014,1.5589007
-71.81113211427447,138.75,-33.805374,1.5374959
-71.81113211427447,140.625,-33.291,1.53678
-71.81113211427447,142.5,-32.738655,1.5345867
-71.81113211427447,144.375,-32.181313,1.543288
-71.81113211427447,146.25,-31.650995,1.5857095
-71.81113211427447,148.125,-31.115917,1.6213869
-71.81113211427447,150.0,-30.53539,1.6449794
-71.81113211427447,151.875,-29.859512,1.6546942
-71.81113211427447,153.75,-28.9942,1.6415968
-71.81113211427447,155.625,-27.89541,1.6022961
-71.81113211427447,157.5,-26.470469,1.5611664
-71.81113211427447,159.375,-24.746855,1.5095512
-71.81113211427447,161.25,-22.795547,1.4561168
-71.81113211427447,163.125,-20.695293,1.3975018
-71.81113211427447,165.0,-18.559532,1.3507657
-71.81113211427447,166.875,-16.539669,1.3377848
-71.81113211427447,168.75,-14.593655,1.3517746
-71.81113211427447,170.625,-10.086194,1.0074774
-71.81113211427447,172.5,-8.679065,1.0271113
-71.81113211427447,174.375,-7.346956,1.1179163
-71.81113211427447,176.25,-6.1582055,1.3480562
-71.81113211427447,178.125,-5.1256275,1.5064006
-71.81113211427447,180.0,-4.365784,1.4922302
-71.81113211427447,181.875,-3.904202,1.4441112
-71.81113211427447,183.75,-3.597288,1.4104441
-71.81113211427447,185.625,-3.349202,1.4076025
-71.81113211427447,187.5,-3.1320145,1.481241
-71.81113211427447,189.375,-2.8559988,1.5803344
-71.81113211427447,191.25,-2.5533621,1.5969081
-71.81113211427447,193.125,-2.3892019,1.5923326
-71.81113211427447,195.0,-2.2388895,1.5446223
-71.81113211427447,196.875,-2.1420536,1.4948192
-71.81113211427447,198.75,-2.0212333,1.4505974
-71.81113211427447,200.625,-1.9007058,1.3947729
-71.81113211427447,202.5,-1.7861551,1.3363382
-71.81113211427447,204.375,-1.6679324,1.278995
-71.81113211427447,206.25,-1.5424441,1.229609
-71.81113211427447,208.125,-1.4113504,1.1850599
-71.81113211427447,210.0,-1.2785574,1.1288761
-71.81113211427447,211.875,-1.1634598,1.0783888
-71.81113211427447,213.75,-1.0780692,1.023144
-71.81113211427447,215.625,-1.0116239,0.9606261
-71.81113211427447,217.5,-0.96732694,0.89471436
-71.81113211427447,219.375,-0.9332254,0.8350971
-71.81113211427447,221.25,-0.89162385,0.7762126
-71.81113211427447,223.125,-0.8279715,0.7477715
-71.81113211427447,225.0,-0.7466043,0.73995036
-71.81113211427447,226.875,-0.6220535,0.7588177
-71.81113211427447,228.75,-0.4656668,0.7817714
-71.81113211427447,230.625,-0.3693387,0.7889845
-71.81113211427447,232.5,-0.34969026,0.7972005
-71.81113211427447,234.375,-0.38193634,0.84096193
-71.81113211427447,236.25,-0.4031668,0.8849258
-71.81113211427447,238.125,-0.3762918,0.92337877
-71.81113211427447,240.0,-0.35037383,0.9947699
-71.81113211427447,241.875,-0.38963166,1.0727518
-71.81113211427447,243.75,-0.5477176,1.138738
-71.81113211427447,245.625,-0.7637332,1.1802068
-71.81113211427447,247.5,-0.96088165,1.1860538
-71.81113211427447,249.375,-1.1198856,1.1951296
-71.81113211427447,251.25,-1.2886356,1.2147328
-71.81113211427447,253.125,-1.4843582,1.2322874
-71.81113211427447,255.0,-1.783655,1.2067474
-71.81113211427447,256.875,-2.1524637,1.1116567
-71.81113211427447,258.75,-2.3574636,1.1419606
-71.81113211427447,260.625,-2.5780497,1.1823113
-71.81113211427447,262.5,-2.8395145,1.2135941
-71.81113211427447,264.375,-3.2410965,1.2512909
-71.81113211427447,266.25,-3.6647685,1.2021466
-71.81113211427447,268.125,-3.2751784,1.3054007
-71.81113211427447,270.0,-2.590198,1.3979225
-71.81113211427447,271.875,-2.0482645,1.3426585
-71.81113211427447,273.75,-1.739573,1.196429
-71.81113211427447,275.625,-1.3800223,1.0476308
-71.81113211427447,277.5,-0.8868582,0.9378986
-71.81113211427447,279.375,-0.62117463,0.90706503
-71.81113211427447,281.25,-0.63263947,0.8278389
-71.81113211427447,283.125,-0.88738555,0.7988113
-71.81113211427447,285.0,-5.657952,2.207269
-71.81113211427447,286.875,-6.9232054,2.2671447
-71.81113211427447,288.75,-8.530393,2.2973683
-71.81113211427447,290.625,-9.995354,2.2716453
-71.81113211427447,292.5,-11.19885,2.2170045
-71.81113211427447,294.375,-11.962444,2.0684457
-71.81113211427447,296.25,-12.131018,1.8432322
-71.81113211427447,298.125,-11.749846,1.6618023
-71.81113211427447,300.0,-8.561115,1.4261868
-71.81113211427447,301.875,-7.682932,1.3167655
-71.81113211427447,303.75,-6.8061156,1.2514383
-71.81113211427447,305.625,-6.0380297,1.1886882
-71.81113211427447,307.5,-5.397014,1.1945962
-71.81113211427447,309.375,-4.8291044,1.3006922
-71.81113211427447,311.25,-4.3909793,1.4162267
-71.81113211427447,313.125,-4.0785966,1.5423429
-71.81113211427447,315.0,-3.8669364,1.6374549
-71.81113211427447,316.875,-3.6326003,1.7092284
-71.81113211427447,318.75,-3.305823,1.7569606
-71.81113211427447,320.625,-2.9172294,1.7744095
-71.81113211427447,322.5,-2.4764285,1.7436129
-71.81113211427447,324.375,-2.046409,1.6926316
-71.81113211427447,326.25,-1.653323,1.6337115
-71.81113211427447,328.125,-1.3805497,1.547561
-71.81113211427447,330.0,-1.2237918,1.4814395
-71.81113211427447,331.875,-1.1468778,1.4663979
-71.81113211427447,333.75,-1.1135184,1.4895558
-71.81113211427447,335.625,-1.1199832,1.4991531
-71.81113211427447,337.5,-1.2262918,1.4264107
-71.81113211427447,339.375,-1.4829324,1.2769364
-71.81113211427447,341.25,-1.8761551,1.0990615
-71.81113211427447,343.125,-2.2841434,0.94650906
-71.81113211427447,345.0,-2.7371316,0.88571984
-71.81113211427447,346.875,-3.2856667,0.8775295
-71.81113211427447,348.75,-8.704065,1.9782075
-71.81113211427447,350.625,-9.904026,1.932014
-71.81113211427447,352.5,-10.96842,1.8572546
-71.81113211427447,354.375,-11.828792,1.785771
-71.81113211427447,356.25,-12.554553,1.7416302
-71.81113211427447,358.125,-13.184749,1.694144
-69.94608064698343,0.0,-1.9679129,0.87924784
-69.94608064698343,1.875,-2.040999,0.83121526
-69.94608064698343,3.75,-2.010159,0.8568735
-69.94608064698343,5.625,-2.2303152,0.98234963
-69.94608064698343,7.5,-2.6701784,1.1102734
-69.94608064698343,9.375,-3.5464284,1.1233447
-69.94608064698343,11.25,-3.766448,1.0603013
-69.94608064698343,13.125,-3.8758426,1.1107043
-69.94608064698343,15.0,-4.428069,1.0989543
-69.94608064698343,16.875,-4.0104127,1.1051148
-69.94608064698343,18.75,-3.885198,1.1187575
-69.94608064698343,20.625,-3.4547489,1.0826634
-69.94608064698343,22.5,-3.163362,0.9952466
-69.94608064698343,24.375,-3.0980887,0.9321224
-69.94608064698343,26.25,-3.4751785,0.880292
-69.94608064698343,28.125,-4.0649834,0.85575783
-69.94608064698343,30.0,-7.2476,1.574501
-69.94608064698343,31.875,-8.244123,1.5358226
-69.94608064698343,33.75,-9.46344,1.4992515
-69.94608064698343,35.625,-10.760432,1.4518093
-69.94608064698343,37.5,-12.1286545,1.4263874
-69.94608064698343,39.375,-13.571018,1.4085948
-69.94608064698343,41.25,-15.130158,1.4194407
-69.94608064698343,43.125,-16.760859,1.4414201
-69.94608064698343,45.0,-18.494356,1.4841437
-69.94608064698343,46.875,-20.331797,1.5510025
-69.94608064698343,48.75,-22.248203,1.6214163
-69.94608064698343,50.625,-24.188066,1.6997831
-69.94608064698343,52.5,-26.068008,1.7713416
-69.94608064698343,54.375,-27.60666,1.8250674
-69.94608064698343,56.25,-28.567324,1.8280741
-69.94608064698343,58.125,-27.959864,1.8070822
-69.94608064698343,60.0,-26.312403,1.8078778
-69.94608064698343,61.875,-24.110117,1.8101108
-69.94608064698343,63.75,-21.542402,1.826142
-69.94608064698343,65.625,-18.734434,1.8554784
-69.94608064698343,67.5,-16.064104,1.8838867
-69.94608064698343,69.375,-7.7427564,1.4142296
-69.94608064698343,71.25,-4.181409,1.3225695
-69.94608064698343,73.125,-4.5017605,1.5652592
-69.94608064698343,75.0,-13.094846,2.0681913
-69.94608064698343,76.875,-14.024436,1.8853312
-69.94608064698343,78.75,-16.056173,1.7402049
-69.94608064698343,80.625,-18.528086,1.7175189
-69.94608064698343,82.5,-21.0683,1.7566322
-69.94608064698343,84.375,-23.188457,1.7866033
-69.94608064698343,86.25,-24.69752,1.8069025
-69.94608064698343,88.125,-25.609669,1.7880306
-69.94608064698343,90.0,-26.147226,1.744611
-69.94608064698343,91.875,-26.545645,1.7267698
-69.94608064698343,93.75,-27.021544,1.7164572
-69.94608064698343,95.625,-27.706114,1.7126362
-69.94608064698343,97.5,-28.562637,1.7391455
-69.94608064698343,99.375,-29.405235,1.7771269
-69.94608064698343,101.25,-30.112577,1.8213354
-69.94608064698343,103.125,-30.450684,1.8745074
-69.94608064698343,105.0,-30.444962,1.9043589
-69.94608064698343,106.875,-30.071934,1.9200519
-69.94608064698343,108.75,-29.430508,1.919446
-69.94608064698343,110.625,-28.628437,1.9154388
-69.94608064698343,112.5,-27.76666,1.8614982
-69.94608064698343,114.375,-26.925665,1.774478
-69.94608064698343,116.25,-26.160938,1.7081842
-69.94608064698343,118.125,-25.546387,1.658679
-69.94608064698343,120.0,-25.146465,1.634287
-69.94608064698343,121.875,-25.063301,1.6279866
-69.94608064698343,123.75,-25.315762,1.6394821
-69.94608064698343,125.625,-25.94129,1.6560568
-69.94608064698343,127.5,-26.87838,1.6915269
-69.94608064698343,129.375,-28.0134,1.7446905
-69.94608064698343,131.25,-29.192987,1.770996
-69.94608064698343,133.125,-30.124903,1.7649592
-69.94608064698343,135.0,-30.656816,1.7200557
-69.94608064698343,136.875,-30.536816,1.6876899
-69.94608064698343,138.75,-29.876387,1.6385258
-69.94608064698343,140.625,-28.744219,1.5876971
-69.94608064698343,142.5,-27.273027,1.5438472
-69.94608064698343,144.375,-25.632618,1.5418178
-69.94608064698343,146.25,-24.048437,1.5552635
-69.94608064698343,148.125,-22.54586,1.5856318
-69.94608064698343,150.0,-21.215137,1.6166039
-69.94608064698343,151.875,-20.076056,1.6297673
-69.94608064698343,153.75,-19.055605,1.6202601
-69.94608064698343,155.625,-18.094337,1.5777088
-69.94608064698343,157.5,-17.108282,1.503252
-69.94608064698343,159.375,-15.950803,1.3815928
-69.94608064698343,161.25,-10.387717,1.4988867
-69.94608064698343,163.125,-9.152971,1.4404807
-69.94608064698343,165.0,-7.829768,1.1532629
-69.94608064698343,166.875,-7.890608,1.0000279
-69.94608064698343,168.75,-7.5887523,1.0424341
-69.94608064698343,170.625,-6.729104,1.0888914
-69.94608064698343,172.5,-5.8463697,1.1946981
-69.94608064698343,174.375,-4.934573,1.3594877
-69.94608064698343,176.25,-4.108323,1.4826015
-69.94608064698343,178.125,-3.4724245,1.4488351
-69.94608064698343,180.0,-3.0587137,1.3653164
-69.94608064698343,181.875,-2.8039482,1.3244069
-69.94608064698343,183.75,-2.6189284,1.308375
-69.94608064698343,185.625,-2.4481668,1.2889583
-69.94608064698343,187.5,-2.279749,1.2937222
-69.94608064698343,189.375,-2.0760574,1.3243237
-69.94608064698343,191.25,-1.8707645,1.3476847
-69.94608064698343,193.125,-1.7660965,1.3295219
-69.94608064698343,195.0,-1.7252762,1.2723079
-69.94608064698343,196.875,-1.7170926,1.2058625
-69.94608064698343,198.75,-1.6974832,1.1584464
-69.94608064698343,200.625,-1.63803,1.1115795
-69.94608064698343,202.5,-1.5597683,1.0675129
-69.94608064698343,204.375,-1.4723855,1.0132242
-69.94608064698343,206.25,-1.3894168,0.9570889
-69.94608064698343,208.125,-1.3165848,0.9197162
-69.94608064698343,210.0,-1.2647488,0.8905788
-69.94608064698343,211.875,-1.2327957,0.87377405
-69.94608064698343,213.75,-1.2039871,0.8603884
-69.94608064698343,215.625,-1.1756277,0.8430204
-69.94608064698343,217.5,-1.1514676,0.8235859
-69.94608064698343,219.375,-1.1265262,0.7993295
-69.94608064698343,221.25,-1.0924246,0.7747658
-69.94608064698343,223.125,-1.0387528,0.7535219
-69.94608064698343,225.0,-0.9687918,0.74949145
-69.94608064698343,226.875,-0.7873465,0.7746536
-69.94608064698343,228.75,-0.57232696,0.7935555
-69.94608064698343,230.625,-0.47691682,0.77986616
-69.94608064698343,232.5,-0.43873322,0.7581062
-69.94608064698343,234.375,-0.40429962,0.715784
-69.94608064698343,236.25,-0.3552762,0.6509485
-69.94608064698343,238.125,-0.24912384,0.6319427
-69.94608064698343,240.0,-0.15181915,0.6462888
-69.94608064698343,241.875,-0.10449494,0.6672779
-69.94608064698343,243.75,-0.12601838,0.68463415
-69.94608064698343,245.625,-0.1728543,0.7010714
-69.94608064698343,247.5,-0.21881133,0.71807134
-69.94608064698343,249.375,-0.26898712,0.7429495
-69.94608064698343,251.25,-0.34406525,0.7735427
-69.94608064698343,253.125,-0.39375275,0.8390577
-69.94608064698343,255.0,-0.4239676,0.9092119
-69.94608064698343,256.875,-0.47146758,0.95479363
-69.94608064698343,258.75,-0.47320586,0.9858063
-69.94608064698343,260.625,-0.42855743,1.0081298
-69.94608064698343,262.5,-0.3979715,1.0306114
-69.94608064698343,264.375,-0.40224883,1.066392
-69.94608064698343,266.25,-0.401116,1.0983047
-69.94608064698343,268.125,-0.2854129,1.1296998
-69.94608064698343,270.0,-0.055588685,1.1182069
-69.94608064698343,271.875,0.16661835,1.0872573
-69.94608064698343,273.75,0.34937227,1.0562338
-69.94608064698343,275.625,0.5021652,0.9825144
-69.94608064698343,277.5,0.6408566,0.898031
-69.94608064698343,279.375,0.72161835,0.81742775
-69.94608064698343,281.25,0.59529024,0.7415266
-69.94608064698343,283.125,0.021012878,0.6484363
-69.94608064698343,285.0,-0.8801004,0.6089647
-69.94608064698343,286.875,-1.5779129,0.7230032
-69.94608064698343,288.75,-5.1205883,1.988489
-69.94608064698343,290.625,-6.80928,2.141488
-69.94608064698343,292.5,-8.226253,2.1883738
-69.94608064698343,294.375,-9.171643,2.104604
-69.94608064698343,296.25,-9.553733,1.8997192
-69.94608064698343,298.125,-9.303557,1.7245398
-69.94608064698343,300.0,-6.92928,1.531708
-69.94608064698343,301.875,-6.151077,1.3600547
-69.94608064698343,303.75,-5.357014,1.2154304
-69.94608064698343,305.625,-4.6490264,1.0740077
-69.94608064698343,307.5,-4.0728154,1.026951
-69.94608064698343,309.375,-3.5996122,1.1261559
-69.94608064698343,311.25,-3.2311747,1.2657895
-69.94608064698343,313.125,-2.9647293,1.3767421
-69.94608064698343,315.0,-2.683245,1.4290091
-69.94608064698343,316.875,-2.3240457,1.457759
-69.94608064698343,318.75,-1.8951004,1.4374315
-69.94608064698343,320.625,-1.4476981,1.3560203
-69.94608064698343,322.5,-1.0551981,1.2378045
-69.94608064698343,324.375,-0.7913504,1.1361705
-69.94608064698343,326.25,-0.6586746,1.0769831
-69.94608064698343,328.125,-0.6358621,1.0851501
-69.94608064698343,330.0,-0.67724884,1.1214335
-69.94608064698343,331.875,-0.7138895,1.1274121
-69.94608064698343,333.75,-0.7166043,1.108237
-69.94608064698343,335.625,-0.6463309,1.0660709
-69.94608064698343,337.5,-0.5384012,1.0192332
-69.94608064698343,339.375,-0.43414336,0.9444745
-69.94608064698343,341.25,-0.33576447,0.87134147
-69.94608064698343,343.125,-0.28308868,0.8336888
-69.94608064698343,345.0,-0.3047293,0.836344
-69.94608064698343,346.875,-0.51205355,0.84384876
-69.94608064698343,348.75,-0.8144949,0.88222736
-69.94608064698343,350.625,-1.2006278,0.8657567
-69.94608064698343,352.5,-1.621702,0.84035414
-69.94608064698343,354.375,-2.0118582,0.83076763
-69.94608064698343,356.25,-2.0177372,0.8612586
-69.94608064698343,358.125,-2.0554323,0.86663795
-68.08099098565125,0.0,0.38040742,0.38148397
-68.08099098565125,1.875,0.43917695,0.3531437
-68.08099098565125,3.75,0.43263397,0.31575024
-68.08099098565125,5.625,0.38099334,0.30674413
-68.08099098565125,7.5,0.3231613,0.42485985
-68.08099098565125,9.375,0.036716003,0.52581036
-68.08099098565125,11.25,-0.4244168,0.60031027
-68.08099098565125,13.125,-0.88988554,0.6435581
-68.08099098565125,15.0,-0.95482695,0.7022209
-68.08099098565125,16.875,-0.57238555,0.7512602
-68.08099098565125,18.75,-0.056682434,0.64483905
-68.08099098565125,20.625,0.24722381,0.5568888
-68.08099098565125,22.5,0.2922824,0.5635444
-68.08099098565125,24.375,0.23556367,0.65455323
-68.08099098565125,26.25,-0.046174623,0.69049776
-68.08099098565125,28.125,-0.5466434,0.65108603
-68.08099098565125,30.0,-1.2709403,0.61887676
-68.08099098565125,31.875,-2.1020536,0.6405675
-68.08099098565125,33.75,-2.7661161,0.78562343
-68.08099098565125,35.625,-3.2957253,0.8837858
-68.08099098565125,37.5,-3.5981278,0.93043417
-68.08099098565125,39.375,-3.9910965,0.9827502
-68.08099098565125,41.25,-4.7568192,1.0911698
-68.08099098565125,43.125,-5.8940845,1.1849324
-68.08099098565125,45.0,-10.155413,1.3022491
-68.08099098565125,46.875,-11.871136,1.2611134
-68.08099098565125,48.75,-13.589514,1.3078136
-68.08099098565125,50.625,-15.163693,1.3539612
-68.08099098565125,52.5,-16.595978,1.4376591
-68.08099098565125,54.375,-17.800549,1.5162368
-68.08099098565125,56.25,-18.680079,1.598524
-68.08099098565125,58.125,-19.009727,1.6567522
-68.08099098565125,60.0,-18.679981,1.7448977
-68.08099098565125,61.875,-17.658653,1.8287685
-68.08099098565125,63.75,-16.073616,1.8893598
-68.08099098565125,65.625,-14.059749,1.9369228
-68.08099098565125,67.5,-11.847561,1.9805243
-68.08099098565125,69.375,-6.708694,1.2799121
-68.08099098565125,71.25,-5.411819,1.3397847
-68.08099098565125,73.125,-3.964612,1.4628217
-68.08099098565125,75.0,-3.1612527,1.5081003
-68.08099098565125,76.875,-3.239319,1.2802008
-68.08099098565125,78.75,-4.2795143,1.471385
-68.08099098565125,80.625,-10.3593,1.6887064
-68.08099098565125,82.5,-12.00801,1.6249462
-68.08099098565125,84.375,-13.530881,1.5796584
-68.08099098565125,86.25,-14.664006,1.5687361
-68.08099098565125,88.125,-15.447346,1.5470942
-68.08099098565125,90.0,-15.980919,1.526555
-68.08099098565125,91.875,-16.50293,1.5255373
-68.08099098565125,93.75,-17.137169,1.5372399
-68.08099098565125,95.625,-17.971874,1.5490322
-68.08099098565125,97.5,-18.930313,1.5849621
-68.08099098565125,99.375,-19.85623,1.6380174
-68.08099098565125,101.25,-20.52662,1.6854427
-68.08099098565125,103.125,-20.835878,1.7174443
-68.08099098565125,105.0,-20.686113,1.7354276
-68.08099098565125,106.875,-20.151953,1.7406881
-68.08099098565125,108.75,-19.308165,1.7325014
-68.08099098565125,110.625,-18.323145,1.694564
-68.08099098565125,112.5,-17.321016,1.6475518
-68.08099098565125,114.375,-16.468086,1.6071715
-68.08099098565125,116.25,-15.706291,1.5474956
-68.08099098565125,118.125,-15.15137,1.5071175
-68.08099098565125,120.0,-14.814417,1.4893926
-68.08099098565125,121.875,-14.75426,1.4955704
-68.08099098565125,123.75,-15.036213,1.506969
-68.08099098565125,125.625,-15.698987,1.5370717
-68.08099098565125,127.5,-16.7218,1.5887094
-68.08099098565125,129.375,-17.995413,1.6451504
-68.08099098565125,131.25,-19.330097,1.6967558
-68.08099098565125,133.125,-20.4725,1.7287619
-68.08099098565125,135.0,-21.216309,1.725016
-68.08099098565125,136.875,-21.33414,1.6944757
-68.08099098565125,138.75,-20.764961,1.6259018
-68.08099098565125,140.625,-19.6084,1.5477781
-68.08099098565125,142.5,-18.021154,1.490336
-68.08099098565125,144.375,-16.222404,1.4546028
-68.08099098565125,146.25,-9.165236,1.5460896
-68.08099098565125,148.125,-8.495236,1.4571201
-68.08099098565125,150.0,-8.143869,1.2846546
-68.08099098565125,151.875,-7.575979,1.2054173
-68.08099098565125,153.75,-7.4827757,1.1540977
-68.08099098565125,155.625,-7.4117603,1.1874989
-68.08099098565125,157.5,-6.9609594,1.154651
-68.08099098565125,159.375,-6.4454126,1.1262875
-68.08099098565125,161.25,-5.852698,1.1135968
-68.08099098565125,163.125,-5.297522,1.1285081
-68.08099098565125,165.0,-4.681526,1.1355124
-68.08099098565125,166.875,-4.1197295,1.1495919
-68.08099098565125,168.75,-3.654319,1.1566006
-68.08099098565125,170.625,-3.2518387,1.144192
-68.08099098565125,172.5,-2.8635378,1.1447031
-68.08099098565125,174.375,-2.4901981,1.1403017
-68.08099098565125,176.25,-2.179866,1.1341599
-68.08099098565125,178.125,-1.9637527,1.1035931
-68.08099098565125,180.0,-1.81428,1.0696924
-68.08099098565125,181.875,-1.7348075,1.0200127
-68.08099098565125,183.75,-1.7079325,0.97242767
-68.08099098565125,185.625,-1.6446512,0.9512412
-68.08099098565125,187.5,-1.513577,0.97548366
-68.08099098565125,189.375,-1.3277566,1.0745552
-68.08099098565125,191.25,-1.1074051,1.1722944
-68.08099098565125,193.125,-0.9893582,1.2097462
-68.08099098565125,195.0,-0.9913113,1.1638778
-68.08099098565125,196.875,-1.0705692,1.0692328
-68.08099098565125,198.75,-1.1394949,0.98269725
-68.08099098565125,200.625,-1.1511747,0.92781436
-68.08099098565125,202.5,-1.1031082,0.8970961
-68.08099098565125,204.375,-0.9862137,0.87311226
-68.08099098565125,206.25,-0.8456473,0.84233284
-68.08099098565125,208.125,-0.67355746,0.8351891
-68.08099098565125,210.0,-0.6023465,0.8293951
-68.08099098565125,211.875,-0.5968387,0.81122994
-68.08099098565125,213.75,-0.62812775,0.7856648
-68.08099098565125,215.625,-0.629866,0.76204264
-68.08099098565125,217.5,-0.56685823,0.7533044
-68.08099098565125,219.375,-0.46994415,0.7454108
-68.08099098565125,221.25,-0.3861551,0.74293584
-68.08099098565125,223.125,-0.3178934,0.7314977
-68.08099098565125,225.0,-0.22261994,0.7049675
-68.08099098565125,226.875,-0.15347931,0.6506834
-68.08099098565125,228.75,-0.18410431,0.60632217
-68.08099098565125,230.625,-0.23250274,0.59779155
-68.08099098565125,232.5,-0.25043243,0.5938898
-68.08099098565125,234.375,-0.21510041,0.5728923
-68.08099098565125,236.25,-0.12039337,0.5533193
-68.08099098565125,238.125,-0.0053933715,0.53854907
-68.08099098565125,240.0,0.097380064,0.5106957
-68.08099098565125,241.875,0.19679412,0.47540912
-68.08099098565125,243.75,0.28591523,0.46716848
-68.08099098565125,245.625,0.34687224,0.4738606
-68.08099098565125,247.5,0.34880584,0.49298006
-68.08099098565125,249.375,0.28620818,0.5363586
-68.08099098565125,251.25,0.2005246,0.57070374
-68.08099098565125,253.125,0.155466,0.6101545
-68.08099098565125,255.0,0.19652069,0.6474043
-68.08099098565125,256.875,0.316091,0.6729588
-68.08099098565125,258.75,0.45616913,0.6820581
-68.08099098565125,260.625,0.5725754,0.6768204
-68.08099098565125,262.5,0.6525558,0.66417783
-68.08099098565125,264.375,0.6688254,0.65669405
-68.08099098565125,266.25,0.60714567,0.660741
-68.08099098565125,268.125,0.49308318,0.66355735
-68.08099098565125,270.0,0.37374726,0.66461015
-68.08099098565125,271.875,0.2974582,0.65766376
-68.08099098565125,273.75,0.32448944,0.6680756
-68.08099098565125,275.625,0.45243865,0.662318
-68.08099098565125,277.5,0.66480196,0.6316728
-68.08099098565125,279.375,0.8716769,0.61481154
-68.08099098565125,281.25,0.952966,0.615726
-68.08099098565125,283.125,0.7997629,0.6279981
-68.08099098565125,285.0,0.34382537,0.6273745
-68.08099098565125,286.875,-0.4005887,0.5788944
-68.08099098565125,288.75,-1.1138504,0.54178596
-68.08099098565125,290.625,-1.9068387,0.597336
-68.08099098565125,292.5,-2.20137,0.6458338
-68.08099098565125,294.375,-5.539475,1.8460171
-68.08099098565125,296.25,-4.7276783,1.9222351
-68.08099098565125,298.125,-4.9361553,1.7579544
-68.08099098565125,300.0,-4.728772,1.5506326
-68.08099098565125,301.875,-4.3139873,1.3325601
-68.08099098565125,303.75,-3.831663,1.1199995
-68.08099098565125,305.625,-3.438069,0.9495248
-68.08099098565125,307.5,-3.101155,0.8688705
-68.08099098565125,309.375,-2.777991,0.91496414
-68.08099098565125,311.25,-2.4847293,1.0440073
-68.08099098565125,313.125,-2.166702,1.1085876
-68.08099098565125,315.0,-1.8375027,1.1278864
-68.08099098565125,316.875,-1.4961356,1.1073979
-68.08099098565125,318.75,-1.138909,1.018022
-68.08099098565125,320.625,-0.786116,0.8941235
-68.08099098565125,322.5,-0.52019805,0.81474686
-68.08099098565125,324.375,-0.43252227,0.74473643
-68.08099098565125,326.25,-0.45469025,0.67380655
-68.08099098565125,328.125,-0.5246317,0.6231219
-68.08099098565125,330.0,-0.5897879,0.59234816
-68.08099098565125,331.875,-0.61904573,0.5668316
-68.08099098565125,333.75,-0.58158475,0.5711432
-68.08099098565125,335.625,-0.50574493,0.5793346
-68.08099098565125,337.5,-0.42920196,0.56213564
-68.08099098565125,339.375,-0.3692801,0.5266176
-68.08099098565125,341.25,-0.3322879,0.48647472
-68.08099098565125,343.125,-0.2908426,0.4595443
-68.08099098565125,345.0,-0.20638947,0.45041326
-68.08099098565125,346.875,-0.08818634,0.4535143
-68.08099098565125,348.75,0.043903504,0.46440244
-68.08099098565125,350.625,0.15468475,0.4601219
-68.08099098565125,352.5,0.19241913,0.4640309
-68.08099098565125,354.375,0.20450898,0.46384105
-68.08099098565125,356.25,0.2650168,0.45317957
-68.08099098565125,358.125,0.35527068,0.41740373
-66.2158721139987,0.0,0.32374725,0.2830965
-66.2158721139987,1.875,0.30042693,0.28888974
-66.2158721139987,3.75,0.24628632,0.27500036
-66.2158721139987,5.625,0.22626679,0.27845353
-66.2158721139987,7.5,0.34405977,0.31848
-66.2158721139987,9.375,0.35167694,0.38335127
-66.2158721139987,11.25,0.27792695,0.4178629
-66.2158721139987,13.125,0.17657928,0.4402571
-66.2158721139987,15.0,0.10962616,0.47476628
-66.2158721139987,16.875,0.2700168,0.4466861
-66.2158721139987,18.75,0.35675508,0.3455645
-66.2158721139987,20.625,0.39345428,0.31399977
-66.2158721139987,22.5,0.4600363,0.3060555
-66.2158721139987,24.375,0.5254269,0.30889705
-66.2158721139987,26.25,0.65818083,0.31745768
-66.2158721139987,28.125,0.7578293,0.39501244
-66.2158721139987,30.0,0.60476285,0.5494415
-66.2158721139987,31.875,0.16486053,0.65897244
-66.2158721139987,33.75,-0.36097932,0.6906586
-66.2158721139987,35.625,-0.4009012,0.70770335
-66.2158721139987,37.5,0.191716,0.6898701
-66.2158721139987,39.375,0.39491913,0.62857974
-66.2158721139987,41.25,-0.050315246,0.7393169
-66.2158721139987,43.125,-0.8600418,0.8290308
-66.2158721139987,45.0,-1.9413309,0.81773216
-66.2158721139987,46.875,-2.9911356,0.8360434
-66.2158721139987,48.75,-3.919944,0.8843872
-66.2158721139987,50.625,-4.6622877,0.9440575
-66.2158721139987,52.5,-7.58469,1.3989617
-66.2158721139987,54.375,-8.218088,1.4147359
-66.2158721139987,56.25,-6.6670923,1.2082756
-66.2158721139987,58.125,-6.540471,1.3066163
-66.2158721139987,60.0,-5.732483,1.4610697
-66.2158721139987,61.875,-5.2972875,1.4388067
-66.2158721139987,63.75,-4.8596706,1.3894422
-66.2158721139987,65.625,-4.388323,1.4753715
-66.2158721139987,67.5,-3.6382644,1.5844476
-66.2158721139987,69.375,-2.8391433,1.5695924
-66.2158721139987,71.25,-2.051663,1.4692777
-66.2158721139987,73.125,-1.2647098,1.3594918
-66.2158721139987,75.0,-0.8000223,1.2265867
-66.2158721139987,76.875,-0.6888504,1.1034793
-66.2158721139987,78.75,-0.8133817,1.0165914
-66.2158721139987,80.625,-1.2631472,0.9264858
-66.2158721139987,82.5,-1.8729324,0.835279
-66.2158721139987,84.375,-2.2281473,0.8842772
-66.2158721139987,86.25,-2.3308816,0.9615703
-66.2158721139987,88.125,-2.24428,1.0742304
-66.2158721139987,90.0,-2.7076786,1.1184218
-66.2158721139987,91.875,-3.2556667,1.2013117
-66.2158721139987,93.75,-3.8826394,1.2911474
-66.2158721139987,95.625,-4.537034,1.2701519
-66.2158721139987,97.5,-5.169807,1.1498077
-66.2158721139987,99.375,-5.5679126,1.1493016
-66.2158721139987,101.25,-9.964006,1.5930711
-66.2158721139987,103.125,-10.105901,1.6220627
-66.2158721139987,105.0,-9.841994,1.5932578
-66.2158721139987,106.875,-5.551682,1.1254866
-66.2158721139987,108.75,-4.197366,0.8868808
-66.2158721139987,110.625,-4.451585,0.8863651
-66.2158721139987,112.5,-7.3126783,1.59301
-66.2158721139987,114.375,-4.642073,0.943105
-66.2158721139987,116.25,-4.1540847,0.91943985
-66.2158721139987,118.125,-3.6710184,0.7962455
-66.2158721139987,120.0,-3.749612,0.79858047
-66.2158721139987,121.875,-3.8906667,0.8045973
-66.2158721139987,123.75,-4.241897,0.90360516
-66.2158721139987,125.625,-4.702854,1.0013678
-66.2158721139987,127.5,-5.4074244,1.0689387
-66.2158721139987,129.375,-5.775217,1.1131803
-66.2158721139987,131.25,-6.5630884,1.1769603
-66.2158721139987,133.125,-7.261936,1.1986657
-66.2158721139987,135.0,-10.13051,1.4351481
-66.2158721139987,136.875,-7.9215846,1.1967608
-66.2158721139987,138.75,-7.6716237,1.1850094
-66.2158721139987,140.625,-7.0401587,1.123278
-66.2158721139987,142.5,-6.4495335,1.059359
-66.2158721139987,144.375,-5.9745727,1.0511744
-66.2158721139987,146.25,-5.374104,1.0446748
-66.2158721139987,148.125,-4.690784,1.0284635
-66.2158721139987,150.0,-4.2793975,1.046011
-66.2158721139987,151.875,-3.9759598,1.0680124
-66.2158721139987,153.75,-3.7303543,1.0565827
-66.2158721139987,155.625,-3.5249245,1.0454552
-66.2158721139987,157.5,-3.3900223,1.0068872
-66.2158721139987,159.375,-3.2590067,0.92884856
-66.2158721139987,161.25,-3.0712724,0.8995391
-66.2158721139987,163.125,-2.7767801,0.95149505
-66.2158721139987,165.0,-2.442288,0.94624394
-66.2158721139987,166.875,-2.13012,0.9015326
-66.2158721139987,168.75,-1.880784,0.8769168
-66.2158721139987,170.625,-1.6709598,0.8930591
-66.2158721139987,172.5,-1.4609989,0.90999246
-66.2158721139987,174.375,-1.2646903,0.89798445
-66.2158721139987,176.25,-1.1607254,0.8595755
-66.2158721139987,178.125,-1.1229129,0.8165584
-66.2158721139987,180.0,-1.050784,0.8063259
-66.2158721139987,181.875,-0.95844024,0.79683435
-66.2158721139987,183.75,-0.9242801,0.7710949
-66.2158721139987,185.625,-0.9457059,0.73737544
-66.2158721139987,187.5,-0.96199495,0.72120565
-66.2158721139987,189.375,-0.8953348,0.7489491
-66.2158721139987,191.25,-0.7442801,0.8636514
-66.2158721139987,193.125,-0.5758621,0.9582923
-66.2158721139987,195.0,-0.4861551,0.9952903
-66.2158721139987,196.875,-0.5071512,0.9552938
-66.2158721139987,198.75,-0.55607694,0.8761799
-66.2158721139987,200.625,-0.56031525,0.807678
-66.2158721139987,202.5,-0.5031082,0.7878239
-66.2158721139987,204.375,-0.43939728,0.76223755
-66.2158721139987,206.25,-0.28437775,0.6871431
-66.2158721139987,208.125,-0.00043243408,0.6594205
-66.2158721139987,210.0,0.14411835,0.66419274
-66.2158721139987,211.875,0.15673554,0.66770405
-66.2158721139987,213.75,0.1577121,0.6604129
-66.2158721139987,215.625,0.2255246,0.639167
-66.2158721139987,217.5,0.33775115,0.61461854
-66.2158721139987,219.375,0.40355194,0.607287
-66.2158721139987,221.25,0.41003633,0.6022023
-66.2158721139987,223.125,0.39976287,0.5731123
-66.2158721139987,225.0,0.395466,0.5343159
-66.2158721139987,226.875,0.4115988,0.5052012
-66.2158721139987,228.75,0.44702852,0.49121803
-66.2158721139987,230.625,0.48261443,0.4843657
-66.2158721139987,232.5,0.51698947,0.47552794
-66.2158721139987,234.375,0.556716,0.46553537
-66.2158721139987,236.25,0.59655976,0.4538409
-66.2158721139987,238.125,0.63630587,0.4339871
-66.2158721139987,240.0,0.6719504,0.41268075
-66.2158721139987,241.875,0.724216,0.38548672
-66.2158721139987,243.75,0.7812863,0.3743116
-66.2158721139987,245.625,0.82993865,0.37231842
-66.2158721139987,247.5,0.85538787,0.3791785
-66.2158721139987,249.375,0.8393723,0.40099388
-66.2158721139987,251.25,0.80363005,0.4353619
-66.2158721139987,253.125,0.78019255,0.46520784
-66.2158721139987,255.0,0.79337615,0.48536414
-66.2158721139987,256.875,0.84933317,0.500032
-66.2158721139987,258.75,0.95136446,0.5115742
-66.2158721139987,260.625,1.0913839,0.4953797
-66.2158721139987,262.5,1.256423,0.45191374
-66.2158721139987,264.375,1.3972629,0.43137595
-66.2158721139987,266.25,1.4710715,0.44470432
-66.2158721139987,268.125,1.4501926,0.47692287
-66.2158721139987,270.0,1.3081613,0.516435
-66.2158721139987,271.875,1.0929465,0.53296876
-66.2158721139987,273.75,0.8931613,0.54288375
-66.2158721139987,275.625,0.77263397,0.5487592
-66.2158721139987,277.5,0.7782785,0.5187789
-66.2158721139987,279.375,0.9203684,0.47406715
-66.2158721139987,281.25,1.2004074,0.4627536
-66.2158721139987,283.125,1.5159543,0.48079103
-66.2158721139987,285.0,1.655212,0.51987076
-66.2158721139987,286.875,1.5125167,0.6090007
-66.2158721139987,288.75,0.99618864,0.6573474
-66.2158721139987,290.625,0.15513398,0.5613182
-66.2158721139987,292.5,-0.39457306,0.4170407
-66.2158721139987,294.375,-2.7255692,1.3675786
-66.2158721139987,296.25,-3.105159,1.4401832
-66.2158721139987,298.125,-2.981487,1.3662281
-66.2158721139987,300.0,-2.8982644,1.2997003
-66.2158721139987,301.875,-2.927405,1.1397736
-66.2158721139987,303.75,-2.8717802,0.97766566
-66.2158721139987,305.625,-2.7709012,0.8388117
-66.2158721139987,307.5,-2.6378348,0.73662
-66.2158721139987,309.375,-2.4254324,0.7182243
-66.2158721139987,311.25,-2.1897683,0.7954508
-66.2158721139987,313.125,-1.9005886,0.86762935
-66.2158721139987,315.0,-1.6539481,0.8818121
-66.2158721139987,316.875,-1.4333426,0.8446506
-66.2158721139987,318.75,-1.2170535,0.7911077
-66.2158721139987,320.625,-1.0144559,0.6889106
-66.2158721139987,322.5,-0.8669949,0.58352196
-66.2158721139987,324.375,-0.78613555,0.49904376
-66.2158721139987,326.25,-0.73781526,0.44106323
-66.2158721139987,328.125,-0.69019806,0.4121137
-66.2158721139987,330.0,-0.629866,0.40585276
-66.2158721139987,331.875,-0.5503543,0.41199228
-66.2158721139987,333.75,-0.47115508,0.42613426
-66.2158721139987,335.625,-0.39178008,0.43076843
-66.2158721139987,337.5,-0.31599885,0.42053115
-66.2158721139987,339.375,-0.26789337,0.3983975
-66.2158721139987,341.25,-0.24336213,0.3667336
-66.2158721139987,343.125,-0.2389676,0.33571178
-66.2158721139987,345.0,-0.22178009,0.31869313
-66.2158721139987,346.875,-0.18732697,0.3097333
-66.2158721139987,348.75,-0.11955353,0.29978082
-66.2158721139987,350.625,0.027106628,0.29422095
-66.2158721139987,352.5,0.18747772,0.28409806
-66.2158721139987,354.375,0.2901535,0.25768012
-66.2158721139987,356.25,0.34185272,0.24314436
-66.2158721139987,358.125,0.34181365,0.25570628
-64.35073040887207,0.0,0.55134493,0.2406651
-64.35073040887207,1.875,0.5324972,0.25583372
-64.35073040887207,3.75,0.56113005,0.26593837
-64.35073040887207,5.625,0.6287472,0.26736152
-64.35073040887207,7.5,0.66618866,0.27058557
-64.35073040887207,9.375,0.69070035,0.2737738
-64.35073040887207,11.25,0.70206755,0.27412173
-64.35073040887207,13.125,0.6746066,0.28396192
-64.35073040887207,15.0,0.6434738,0.29800126
-64.35073040887207,16.875,0.7000363,0.29096663
-64.35073040887207,18.75,0.8322824,0.27803272
-64.35073040887207,20.625,0.9715402,0.26901266
-64.35073040887207,22.5,0.9928098,0.26044148
-64.35073040887207,24.375,1.0104855,0.25770715
-64.35073040887207,26.25,1.1067941,0.276748
-64.35073040887207,28.125,1.1447043,0.33017644
-64.35073040887207,30.0,1.1113058,0.37970775
-64.35073040887207,31.875,1.0249777,0.4175827
-64.35073040887207,33.75,0.9867355,0.43039078
-64.35073040887207,35.625,1.1283566,0.3907227
-64.35073040887207,37.5,1.2770286,0.35622758
-64.35073040887207,39.375,1.3035519,0.41152465
-64.35073040887207,41.25,1.169255,0.5169017
-64.35073040887207,43.125,0.83111054,0.58270854
-64.35073040887207,45.0,0.42359102,0.6423577
-64.35073040887207,46.875,0.0095480345,0.7319099
-64.35073040887207,48.75,-0.33883086,0.79949266
-64.35073040887207,50.625,-0.57142854,0.834696
-64.35073040887207,52.5,-0.7178738,0.90168697
-64.35073040887207,54.375,-0.6492996,0.9589445
-64.35073040887207,56.25,-0.3249832,0.9724672
-64.35073040887207,58.125,0.11337616,1.0266073
-64.35073040887207,60.0,0.17530975,1.0629926
-64.35073040887207,61.875,-0.13056916,1.0472407
-64.35073040887207,63.75,-0.461409,0.9987681
-64.35073040887207,65.625,-0.7310379,0.9988095
-64.35073040887207,67.5,-0.79357696,1.038721
-64.35073040887207,69.375,-0.62722933,1.0274065
-64.35073040887207,71.25,-0.39068633,1.0007137
-64.35073040887207,73.125,-0.25158477,1.0038918
-64.35073040887207,75.0,-0.17845978,1.006129
-64.35073040887207,76.875,-0.05570587,0.98899686
-64.35073040887207,78.75,0.19488007,0.9954652
-64.35073040887207,80.625,0.40036833,0.9867939
-64.35073040887207,82.5,0.43786836,0.9329834
-64.35073040887207,84.375,0.40913787,0.80379146
-64.35073040887207,86.25,0.65821993,0.76596993
-64.35073040887207,88.125,0.8401144,0.6241527
-64.35073040887207,90.0,0.81786835,0.51357967
-64.35073040887207,91.875,0.679216,0.6070139
-64.35073040887207,93.75,0.29568085,0.7027552
-64.35073040887207,95.625,-0.15504181,0.73457277
-64.35073040887207,97.5,-0.77023715,0.721619
-64.35073040887207,99.375,-1.1327761,0.71888036
-64.35073040887207,101.25,-1.3796903,0.70404506
-64.35073040887207,103.125,-1.3271316,0.72280204
-64.35073040887207,105.0,-0.91037387,0.76893723
-64.35073040887207,106.875,-0.5466434,0.7909991
-64.35073040887207,108.75,-0.2579715,0.8198469
-64.35073040887207,110.625,-0.21418244,0.80394983
-64.35073040887207,112.5,-0.023537902,0.79006594
-64.35073040887207,114.375,0.2483957,0.81201255
-64.35073040887207,116.25,0.3304074,0.8280722
-64.35073040887207,118.125,0.33823943,0.8136205
-64.35073040887207,120.0,0.4800949,0.78945035
-64.35073040887207,121.875,0.60056365,0.78772
-64.35073040887207,123.75,0.50521207,0.76264215
-64.35073040887207,125.625,0.110212095,0.7440177
-64.35073040887207,127.5,-0.24486603,0.7262822
-64.35073040887207,129.375,-0.45883086,0.7229127
-64.35073040887207,131.25,-0.84344023,0.68116987
-64.35073040887207,133.125,-1.2860575,0.6776229
-64.35073040887207,135.0,-1.635159,0.68772703
-64.35073040887207,136.875,-1.7417996,0.7417587
-64.35073040887207,138.75,-1.7110379,0.8141665
-64.35073040887207,140.625,-1.6096708,0.86189467
-64.35073040887207,142.5,-1.3634012,0.8794559
-64.35073040887207,144.375,-1.0103738,0.8949985
-64.35073040887207,146.25,-0.6639285,0.87079996
-64.35073040887207,148.125,-0.46508086,0.80546683
-64.35073040887207,150.0,-0.41814727,0.78331995
-64.35073040887207,151.875,-0.5217215,0.76833814
-64.35073040887207,153.75,-0.71502227,0.7372866
-64.35073040887207,155.625,-0.7034012,0.76688546
-64.35073040887207,157.5,-0.57420194,0.8139066
-64.35073040887207,159.375,-0.66220975,0.7597368
-64.35073040887207,161.25,-0.8949051,0.66276413
-64.35073040887207,163.125,-0.95674103,0.61507535
-64.35073040887207,165.0,-0.8776199,0.6262919
-64.35073040887207,166.875,-0.8415457,0.6050751
-64.35073040887207,168.75,-0.7231473,0.60335153
-64.35073040887207,170.625,-0.46168244,0.6787526
-64.35073040887207,172.5,-0.10732696,0.759281
-64.35073040887207,174.375,0.25542694,0.8628786
-64.35073040887207,176.25,0.48474336,0.91703975
-64.35073040887207,178.125,0.41370818,0.8952322
-64.35073040887207,180.0,0.22611053,0.8112819
-64.35073040887207,181.875,0.15120819,0.7369512
-64.35073040887207,183.75,0.18316132,0.7111617
-64.35073040887207,185.625,0.085348815,0.6822502
-64.35073040887207,187.5,-0.17703399,0.6166416
-64.35073040887207,189.375,-0.3912137,0.55160755
-64.35073040887207,191.25,-0.45642853,0.5404944
-64.35073040887207,193.125,-0.36863557,0.564104
-64.35073040887207,195.0,-0.2232254,0.5880938
-64.35073040887207,196.875,-0.13381134,0.6292928
-64.35073040887207,198.75,-0.11254181,0.6907867
-64.35073040887207,200.625,-0.07713165,0.7248589
-64.35073040887207,202.5,-0.035412904,0.7382645
-64.35073040887207,204.375,-0.03709259,0.7094858
-64.35073040887207,206.25,0.0057785036,0.62456334
-64.35073040887207,208.125,0.22075897,0.56056684
-64.35073040887207,210.0,0.43085662,0.54141134
-64.35073040887207,211.875,0.49562225,0.52709556
-64.35073040887207,213.75,0.52726287,0.5146661
-64.35073040887207,215.625,0.56517303,0.49363464
-64.35073040887207,217.5,0.57206756,0.4767956
-64.35073040887207,219.375,0.539841,0.47675243
-64.35073040887207,221.25,0.5157199,0.4688013
-64.35073040887207,223.125,0.5309738,0.4584392
-64.35073040887207,225.0,0.5757199,0.4467918
-64.35073040887207,226.875,0.64361054,0.42917657
-64.35073040887207,228.75,0.7286496,0.42169884
-64.35073040887207,230.625,0.8283176,0.42534915
-64.35073040887207,232.5,0.95456755,0.41975176
-64.35073040887207,234.375,1.0828488,0.39956647
-64.35073040887207,236.25,1.1635128,0.38644418
-64.35073040887207,238.125,1.1755637,0.38119733
-64.35073040887207,240.0,1.1168723,0.3702194
-64.35073040887207,241.875,1.0297238,0.36040452
-64.35073040887207,243.75,0.9799777,0.35441333
-64.35073040887207,245.625,0.9892355,0.3471257
-64.35073040887207,247.5,1.0446652,0.3440918
-64.35073040887207,249.375,1.1288254,0.34757546
-64.35073040887207,251.25,1.2094699,0.34835032
-64.35073040887207,253.125,1.2672824,0.35168734
-64.35073040887207,255.0,1.2970675,0.36531365
-64.35073040887207,256.875,1.3063449,0.3867632
-64.35073040887207,258.75,1.3370872,0.41213888
-64.35073040887207,260.625,1.4253098,0.40782917
-64.35073040887207,262.5,1.5568918,0.36953548
-64.35073040887207,264.375,1.7068918,0.33605868
-64.35073040887207,266.25,1.8656027,0.3163466
-64.35073040887207,268.125,2.0066378,0.32948688
-64.35073040887207,270.0,2.0790207,0.3498647
-64.35073040887207,271.875,2.0563254,0.37828398
-64.35073040887207,273.75,2.0012083,0.43362167
-64.35073040887207,275.625,1.9586301,0.4697549
-64.35073040887207,277.5,1.8965988,0.48635775
-64.35073040887207,279.375,1.7849777,0.48658425
-64.35073040887207,281.25,1.6425949,0.40157998
-64.35073040887207,283.125,1.6682785,0.34979638
-64.35073040887207,285.0,1.827966,0.38586414
-64.35073040887207,286.875,1.9441184,0.41419435
-64.35073040887207,288.75,1.9865988,0.50469357
-64.35073040887207,290.625,1.7006222,0.6796451
-64.35073040887207,292.5,0.81685275,0.7147804
-64.35073040887207,294.375,-0.10279571,0.445199
-64.35073040887207,296.25,-0.43332306,0.36527634
-64.35073040887207,298.125,-0.53863555,0.47012192
-64.35073040887207,300.0,-1.948538,0.9623796
-64.35073040887207,301.875,-2.0454519,0.9706126
-64.35073040887207,303.75,-2.099495,0.7876714
-64.35073040887207,305.625,-2.1546707,0.7009129
-64.35073040887207,307.5,-2.2053347,0.6414718
-64.35073040887207,309.375,-2.1896708,0.57497746
-64.35073040887207,311.25,-2.1128738,0.51990664
-64.35073040887207,313.125,-1.9735575,0.50053966
-64.35073040887207,315.0,-1.8174832,0.5154134
-64.35073040887207,316.875,-1.6651981,0.56488806
-64.35073040887207,318.75,-1.49637,0.6057501
-64.35073040887207,320.625,-1.3353348,0.61548805
-64.35073040887207,322.5,-1.1990652,0.58800703
-64.35073040887207,324.375,-1.0644754,0.5496554
-64.35073040887207,326.25,-0.94562775,0.514572
-64.35073040887207,328.125,-0.8289676,0.47994274
-64.35073040887207,330.0,-0.71517855,0.45059264
-64.35073040887207,331.875,-0.6084988,0.4308363
-64.35073040887207,333.75,-0.5090653,0.41950792
-64.35073040887207,335.625,-0.40982696,0.41528204
-64.35073040887207,337.5,-0.3212137,0.40099457
-64.35073040887207,339.375,-0.2674246,0.37296218
-64.35073040887207,341.25,-0.217659,0.35289696
-64.35073040887207,343.125,-0.1122879,0.3374899
-64.35073040887207,345.0,0.008512879,0.33512953
-64.35073040887207,346.875,0.10626678,0.32690504
-64.35073040887207,348.75,0.26437226,0.32279074
-64.35073040887207,350.625,0.46058318,0.30084965
-64.35073040887207,352.5,0.6068918,0.2722486
-64.35073040887207,354.375,0.66343474,0.24617118
-64.35073040887207,356.25,0.63679415,0.23173733
-64.35073040887207,358.125,0.58519256,0.23352997
-62.48557052203639,0.0,0.8022043,0.2375486
-62.48557052203639,1.875,0.85714567,0.2380562
-62.48557052203639,3.75,0.8951144,0.23519856
-62.48557052203639,5.625,0.8972824,0.23839948
-62.48557052203639,7.5,0.90392303,0.24779813
-62.48557052203639,9.375,0.9202707,0.24614693
-62.48557052203639,11.25,0.92400116,0.23860426
-62.48557052203639,13.125,0.9307199,0.23850077
-62.48557052203639,15.0,0.9502316,0.24777035
-62.48557052203639,16.875,1.008923,0.24641337
-62.48557052203639,18.75,1.102966,0.23764512
-62.48557052203639,20.625,1.1979464,0.22313918
-62.48557052203639,22.5,1.2285324,0.23718743
-62.48557052203639,24.375,1.2477902,0.24276616
-62.48557052203639,26.25,1.2701926,0.24788044
-62.48557052203639,28.125,1.2775949,0.24301639
-62.48557052203639,30.0,1.2521456,0.24225089
-62.48557052203639,31.875,1.2186301,0.2500923
-62.48557052203639,33.75,1.1736495,0.2607142
-62.48557052203639,35.625,1.1497433,0.27840352
-62.48557052203639,37.5,1.1711496,0.2948281
-62.48557052203639,39.375,1.2573996,0.3173918
-62.48557052203639,41.25,1.3295871,0.34509358
-62.48557052203639,43.125,1.3446652,0.3617124
-62.48557052203639,45.0,1.3061692,0.38135412
-62.48557052203639,46.875,1.2208176,0.4077335
-62.48557052203639,48.75,1.1565793,0.40904567
-62.48557052203639,50.625,1.1402903,0.3769814
-62.48557052203639,52.5,1.1825753,0.36342078
-62.48557052203639,54.375,1.2852902,0.36661625
-62.48557052203639,56.25,1.4411105,0.38133487
-62.48557052203639,58.125,1.6126144,0.39583045
-62.48557052203639,60.0,1.6672825,0.40249535
-62.48557052203639,61.875,1.6785519,0.35287577
-62.48557052203639,63.75,1.6700363,0.38375416
-62.48557052203639,65.625,1.6778684,0.46736294
-62.48557052203639,67.5,1.7526926,0.49347046
-62.48557052203639,69.375,1.7446457,0.5281531
-62.48557052203639,71.25,1.5648996,0.67327523
-62.48557052203639,73.125,1.3303097,0.8042423
-62.48557052203639,75.0,1.088591,0.8690978
-62.48557052203639,76.875,0.95148164,0.88240016
-62.48557052203639,78.75,0.9558371,0.8482172
-62.48557052203639,80.625,0.93863004,0.83099073
-62.48557052203639,82.5,0.8929465,0.89793
-62.48557052203639,84.375,0.6793918,0.8459466
-62.48557052203639,86.25,0.648591,0.6409758
-62.48557052203639,88.125,0.7305832,0.4821034
-62.48557052203639,90.0,0.70759493,0.39007252
-62.48557052203639,91.875,0.7736496,0.37759772
-62.48557052203639,93.75,0.9144504,0.36890957
-62.48557052203639,95.625,1.0068136,0.38439316
-62.48557052203639,97.5,1.0017745,0.43077913
-62.48557052203639,99.375,0.89456755,0.5363499
-62.48557052203639,101.25,0.81320035,0.5743492
-62.48557052203639,103.125,0.8623801,0.5303626
-62.48557052203639,105.0,1.0394894,0.42809677
-62.48557052203639,106.875,1.1414425,0.3892601
-62.48557052203639,108.75,1.1388254,0.38067397
-62.48557052203639,110.625,1.0902512,0.37981054
-62.48557052203639,112.5,1.1060324,0.38986412
-62.48557052203639,114.375,1.1822042,0.41664943
-62.48557052203639,116.25,1.3106027,0.4288102
-62.48557052203639,118.125,1.4399778,0.4254923
-62.48557052203639,120.0,1.5747434,0.446444
-62.48557052203639,121.875,1.7276926,0.46277532
-62.48557052203639,123.75,1.8793722,0.4844893
-62.48557052203639,125.625,1.9441574,0.48036772
-62.48557052203639,127.5,1.9403878,0.46393406
-62.48557052203639,129.375,1.9840598,0.44298264
-62.48557052203639,131.25,2.0894113,0.4240889
-62.48557052203639,133.125,2.1637473,0.40862682
-62.48557052203639,135.0,2.0519896,0.52184427
-62.48557052203639,136.875,1.7234738,0.6878074
-62.48557052203639,138.75,1.4803879,0.7890923
-62.48557052203639,140.625,1.3770089,0.80401564
-62.48557052203639,142.5,1.3077316,0.74419904
-62.48557052203639,144.375,1.4552902,0.65684265
-62.48557052203639,146.25,1.706091,0.5811084
-62.48557052203639,148.125,1.8326731,0.551928
-62.48557052203639,150.0,1.8062668,0.57903504
-62.48557052203639,151.875,1.6366574,0.64388996
-62.48557052203639,153.75,1.270134,0.7439042
-62.48557052203639,155.625,0.9696652,0.7267346
-62.48557052203639,157.5,1.1953683,0.76791465
-62.48557052203639,159.375,1.6271847,0.7698511
-62.48557052203639,161.25,1.7766964,0.8086014
-62.48557052203639,163.125,1.7207589,0.86845505
-62.48557052203639,165.0,1.7092551,0.8749611
-62.48557052203639,166.875,1.8077512,0.87728477
-62.48557052203639,168.75,1.893298,0.8272187
-62.48557052203639,170.625,2.0277317,0.74009234
-62.48557052203639,172.5,2.3113449,0.68588394
-62.48557052203639,174.375,2.6583176,0.64900243
-62.48557052203639,176.25,2.7544894,0.63715804
-62.48557052203639,178.125,2.5803099,0.6925974
-62.48557052203639,180.0,2.264255,0.7675197
-62.48557052203639,181.875,2.0604465,0.7951923
-62.48557052203639,183.75,1.9621261,0.7769655
-62.48557052203639,185.625,1.7543137,0.77984774
-62.48557052203639,187.5,1.2516184,0.7863943
-62.48557052203639,189.375,0.6931613,0.6901713
-62.48557052203639,191.25,0.46948946,0.60717195
-62.48557052203639,193.125,0.57759494,0.60506266
-62.48557052203639,195.0,0.84948945,0.6072732
-62.48557052203639,196.875,1.0281808,0.6026734
-62.48557052203639,198.75,0.8827707,0.5862438
-62.48557052203639,200.625,0.6296066,0.5601741
-62.48557052203639,202.5,0.47253633,0.55300623
-62.48557052203639,204.375,0.33954802,0.58391124
-62.48557052203639,206.25,0.2502707,0.58746374
-62.48557052203639,208.125,0.3284738,0.5432973
-62.48557052203639,210.0,0.5339035,0.5199146
-62.48557052203639,211.875,0.7311496,0.48936933
-62.48557052203639,213.75,0.94191134,0.49573097
-62.48557052203639,215.625,0.988884,0.49085012
-62.48557052203639,217.5,0.9348215,0.47520098
-62.48557052203639,219.375,0.85618865,0.45475915
-62.48557052203639,221.25,0.8119504,0.43501702
-62.48557052203639,223.125,0.80835664,0.4201825
-62.48557052203639,225.0,0.8463449,0.40255034
-62.48557052203639,226.875,0.906716,0.3820299
-62.48557052203639,228.75,0.9739426,0.3779826
-62.48557052203639,230.625,1.0833566,0.39449215
-62.48557052203639,232.5,1.22238,0.39398038
-62.48557052203639,234.375,1.3348019,0.3816186
-62.48557052203639,236.25,1.4159738,0.37574083
-62.48557052203639,238.125,1.5088449,0.38787058
-62.48557052203639,240.0,1.5978879,0.41227496
-62.48557052203639,241.875,1.6014426,0.40808278
-62.48557052203639,243.75,1.5224386,0.3824153
-62.48557052203639,245.625,1.4499191,0.37499204
-62.48557052203639,247.5,1.4312472,0.3807305
-62.48557052203639,249.375,1.474548,0.38263232
-62.48557052203639,251.25,1.5486301,0.37905282
-62.48557052203639,253.125,1.6373606,0.36777112
-62.48557052203639,255.0,1.7168722,0.36010623
-62.48557052203639,256.875,1.770212,0.35728025
-62.48557052203639,258.75,1.786091,0.35070866
-62.48557052203639,260.625,1.7866575,0.35669228
-62.48557052203639,262.5,1.8037863,0.35630736
-62.48557052203639,264.375,1.840466,0.33838755
-62.48557052203639,266.25,1.9230832,0.3330364
-62.48557052203639,268.125,2.05029,0.34864527
-62.48557052203639,270.0,2.2064817,0.3543644
-62.48557052203639,271.875,2.3389425,0.35362214
-62.48557052203639,273.75,2.4109738,0.37373722
-62.48557052203639,275.625,2.4674778,0.40402958
-62.48557052203639,277.5,2.5307395,0.45792007
-62.48557052203639,279.375,2.545349,0.46042573
-62.48557052203639,281.25,2.4713254,0.4292635
-62.48557052203639,283.125,2.2803097,0.38030726
-62.48557052203639,285.0,2.1065989,0.3376626
-62.48557052203639,286.875,2.0440598,0.34425235
-62.48557052203639,288.75,2.1742942,0.3810292
-62.48557052203639,290.625,2.4046848,0.43643263
-62.48557052203639,292.5,2.3659933,0.5419284
-62.48557052203639,294.375,1.9324582,0.67200714
-62.48557052203639,296.25,1.2415402,0.7018374
-62.48557052203639,298.125,0.46044648,0.62941855
-62.48557052203639,300.0,-0.20334259,0.58524615
-62.48557052203639,301.875,-0.73570585,0.6177615
-62.48557052203639,303.75,-1.0115848,0.63734025
-62.48557052203639,305.625,-1.179534,0.6155154
-62.48557052203639,307.5,-1.5023661,0.51959616
-62.48557052203639,309.375,-1.6213309,0.48948726
-62.48557052203639,311.25,-1.6111941,0.47467008
-62.48557052203639,313.125,-1.5581278,0.45822528
-62.48557052203639,315.0,-1.5102175,0.4173797
-62.48557052203639,316.875,-1.4696317,0.39692113
-62.48557052203639,318.75,-1.4049246,0.41504973
-62.48557052203639,320.625,-1.3232449,0.44106916
-62.48557052203639,322.5,-1.2275614,0.46549213
-62.48557052203639,324.375,-1.1248075,0.4810562
-62.48557052203639,326.25,-0.998284,0.49174827
-62.48557052203639,328.125,-0.8690848,0.50380534
-62.48557052203639,330.0,-0.73539335,0.50528795
-62.48557052203639,331.875,-0.6168973,0.49036086
-62.48557052203639,333.75,-0.49777618,0.45570022
-62.48557052203639,335.625,-0.3813504,0.4310969
-62.48557052203639,337.5,-0.26170197,0.40585646
-62.48557052203639,339.375,-0.13488556,0.3833039
-62.48557052203639,341.25,-0.048733216,0.3733927
-62.48557052203639,343.125,0.05243866,0.35710648
-62.48557052203639,345.0,0.18450898,0.34973916
-62.48557052203639,346.875,0.3143332,0.34962663
-62.48557052203639,348.75,0.4875168,0.33481494
-62.48557052203639,350.625,0.6502707,0.30059862
-62.48557052203639,352.5,0.7335129,0.26527908
-62.48557052203639,354.375,0.7722433,0.24678911
-62.48557052203639,356.25,0.79593474,0.24639949
-62.48557052203639,358.125,0.7943332,0.24190837
-60.62039592682648,0.0,0.84587616,0.21805586
-60.62039592682648,1.875,0.8876926,0.21989034
-60.62039592682648,3.75,0.9483176,0.22598818
-60.62039592682648,5.625,0.9966379,0.22107801
-60.62039592682648,7.5,0.98538786,0.20997335
-60.62039592682648,9.375,0.9457785,0.21266367
-60.62039592682648,11.25,0.9402512,0.22316705
-60.62039592682648,13.125,0.98130584,0.22544958
-60.62039592682648,15.0,1.0516379,0.22619243
-60.62039592682648,16.875,1.1193722,0.22587107
-60.62039592682648,18.75,1.1848606,0.2346687
-60.62039592682648,20.625,1.2239231,0.23035645
-60.62039592682648,22.5,1.2218528,0.23364684
-60.62039592682648,24.375,1.2150168,0.23312905
-60.62039592682648,26.25,1.2281613,0.22619784
-60.62039592682648,28.125,1.2818136,0.23910771
-60.62039592682648,30.0,1.3647043,0.25766978
-60.62039592682648,31.875,1.4762082,0.27455327
-60.62039592682648,33.75,1.5336106,0.27509964
-60.62039592682648,35.625,1.5484543,0.295144
-60.62039592682648,37.5,1.5144504,0.30598575
-60.62039592682648,39.375,1.4907784,0.3050418
-60.62039592682648,41.25,1.5253292,0.29921773
-60.62039592682648,43.125,1.5885714,0.30559832
-60.62039592682648,45.0,1.675798,0.34676516
-60.62039592682648,46.875,1.7622434,0.37614635
-60.62039592682648,48.75,1.8219113,0.386351
-60.62039592682648,50.625,1.8552902,0.38530174
-60.62039592682648,52.5,1.8741183,0.40812
-60.62039592682648,54.375,1.8927317,0.4251385
-60.62039592682648,56.25,1.9127707,0.37950712
-60.62039592682648,58.125,1.948591,0.35777837
-60.62039592682648,60.0,1.9744503,0.3767962
-60.62039592682648,61.875,1.9915597,0.3781863
-60.62039592682648,63.75,2.0621066,0.3834208
-60.62039592682648,65.625,2.126345,0.38475046
-60.62039592682648,67.5,2.229001,0.4053168
-60.62039592682648,69.375,2.388591,0.42426252
-60.62039592682648,71.25,2.3178098,0.45701584
-60.62039592682648,73.125,1.7229074,0.68855596
-60.62039592682648,75.0,1.3778098,0.67030185
-60.62039592682648,76.875,1.2724582,0.6110327
-60.62039592682648,78.75,1.1785519,0.590027
-60.62039592682648,80.625,1.0826144,0.653974
-60.62039592682648,82.5,1.0091965,0.75348365
-60.62039592682648,84.375,0.8358176,0.782039
-60.62039592682648,86.25,0.70056367,0.59214026
-60.62039592682648,88.125,0.8536691,0.45673707
-60.62039592682648,90.0,1.0166574,0.43314853
-60.62039592682648,91.875,1.0362864,0.42812425
-60.62039592682648,93.75,1.0659738,0.443759
-60.62039592682648,95.625,1.1681223,0.45809233
-60.62039592682648,97.5,1.2645481,0.45683992
-60.62039592682648,99.375,1.3226144,0.44320327
-60.62039592682648,101.25,1.3905832,0.42410833
-60.62039592682648,103.125,1.4999582,0.41864035
-60.62039592682648,105.0,1.6425167,0.44120026
-60.62039592682648,106.875,1.7689035,0.443369
-60.62039592682648,108.75,1.810095,0.42098743
-60.62039592682648,110.625,1.7677512,0.4032059
-60.62039592682648,112.5,1.7360324,0.38971063
-60.62039592682648,114.375,1.8314621,0.4099947
-60.62039592682648,116.25,1.9652902,0.45614126
-60.62039592682648,118.125,2.0532198,0.48592135
-60.62039592682648,120.0,2.09238,0.45535794
-60.62039592682648,121.875,2.20613,0.47938123
-60.62039592682648,123.75,2.39404,0.57214963
-60.62039592682648,125.625,2.6249192,0.5708365
-60.62039592682648,127.5,2.8065207,0.55790025
-60.62039592682648,129.375,2.9124777,0.53115714
-60.62039592682648,131.25,3.0169113,0.53666615
-60.62039592682648,133.125,3.115681,0.504996
-60.62039592682648,135.0,3.0956223,0.45016667
-60.62039592682648,136.875,2.9743137,0.43031728
-60.62039592682648,138.75,2.8488839,0.41852352
-60.62039592682648,140.625,2.8100948,0.4228588
-60.62039592682648,142.5,2.8576925,0.4723397
-60.62039592682648,144.375,2.9462278,0.4669123
-60.62039592682648,146.25,3.000134,0.42324176
-60.62039592682648,148.125,2.9889426,0.3896812
-60.62039592682648,150.0,2.9224777,0.41288358
-60.62039592682648,151.875,2.8011692,0.48148686
-60.62039592682648,153.75,2.5035129,0.5911266
-60.62039592682648,155.625,2.1553683,0.57963616
-60.62039592682648,157.5,2.1818333,0.60012144
-60.62039592682648,159.375,2.4959347,0.57342404
-60.62039592682648,161.25,2.891423,0.5300431
-60.62039592682648,163.125,3.167927,0.52632594
-60.62039592682648,165.0,3.3047824,0.56260073
-60.62039592682648,166.875,3.4588645,0.5426135
-60.62039592682648,168.75,3.6959152,0.46454728
-60.62039592682648,170.625,3.9650755,0.3704126
-60.62039592682648,172.5,4.0739427,0.36062872
-60.62039592682648,174.375,4.0277705,0.37607107
-60.62039592682648,176.25,3.907888,0.37299442
-60.62039592682648,178.125,3.672966,0.3808546
-60.62039592682648,180.0,3.3174973,0.46665698
-60.62039592682648,181.875,3.0062668,0.55592954
-60.62039592682648,183.75,2.8550167,0.5605775
-60.62039592682648,185.625,2.8043528,0.52462417
-60.62039592682648,187.5,2.7780442,0.5360082
-60.62039592682648,189.375,2.6635714,0.5816395
-60.62039592682648,191.25,2.5113645,0.5927324
-60.62039592682648,193.125,2.478591,0.574123
-60.62039592682648,195.0,2.5478294,0.55286366
-60.62039592682648,196.875,2.56988,0.57835364
-60.62039592682648,198.75,2.3875167,0.5939782
-60.62039592682648,200.625,2.0201535,0.5490383
-60.62039592682648,202.5,1.7275949,0.503178
-60.62039592682648,204.375,1.4177902,0.4849753
-60.62039592682648,206.25,1.0592746,0.4904839
-60.62039592682648,208.125,0.9212277,0.50333583
-60.62039592682648,210.0,1.0088254,0.4936468
-60.62039592682648,211.875,1.3291574,0.5753886
-60.62039592682648,213.75,1.99363,0.61897707
-60.62039592682648,215.625,2.334587,0.5577191
-60.62039592682648,217.5,2.3903878,0.53260386
-60.62039592682648,219.375,2.3042355,0.5347693
-60.62039592682648,221.25,2.1773605,0.5682215
-60.62039592682648,223.125,2.0681221,0.5842952
-60.62039592682648,225.0,1.9699386,0.56287575
-60.62039592682648,226.875,1.9216574,0.5347367
-60.62039592682648,228.75,1.9170871,0.5470038
-60.62039592682648,230.625,1.9039426,0.6061376
-60.62039592682648,232.5,1.8852707,0.63247883
-60.62039592682648,234.375,1.813259,0.60805863
-60.62039592682648,236.25,1.7582004,0.55634445
-60.62039592682648,238.125,1.8643332,0.5693461
-60.62039592682648,240.0,2.0711105,0.61150986
-60.62039592682648,241.875,2.2006419,0.60245675
-60.62039592682648,243.75,2.172263,0.5321463
-60.62039592682648,245.625,2.0812864,0.43291268
-60.62039592682648,247.5,2.0410128,0.40443617
-60.62039592682648,249.375,2.0590012,0.42435673
-60.62039592682648,251.25,2.073884,0.44710866
-60.62039592682648,253.125,2.0735323,0.43037948
-60.62039592682648,255.0,2.0977707,0.4001086
-60.62039592682648,256.875,2.1493137,0.38232797
-60.62039592682648,258.75,2.204255,0.38041034
-60.62039592682648,260.625,2.2541184,0.38603678
-60.62039592682648,262.5,2.2899778,0.39088154
-60.62039592682648,264.375,2.3216379,0.38163346
-60.62039592682648,266.25,2.3690207,0.37663502
-60.62039592682648,268.125,2.453806,0.390802
-60.62039592682648,270.0,2.5693722,0.38702825
-60.62039592682648,271.875,2.6827903,0.39847404
-60.62039592682648,273.75,2.771091,0.42335805
-60.62039592682648,275.625,2.8863645,0.4489776
-60.62039592682648,277.5,3.0122433,0.47454724
-60.62039592682648,279.375,3.0465207,0.47730884
-60.62039592682648,281.25,3.0258956,0.4276787
-60.62039592682648,283.125,2.9564621,0.39409915
-60.62039592682648,285.0,2.8754466,0.40040585
-60.62039592682648,286.875,2.848259,0.4165527
-60.62039592682648,288.75,2.8022432,0.37343183
-60.62039592682648,290.625,2.7724776,0.32654285
-60.62039592682648,292.5,2.881091,0.34349328
-60.62039592682648,294.375,3.0557394,0.42769688
-60.62039592682648,296.25,2.97988,0.58738035
-60.62039592682648,298.125,2.578298,0.76676494
-60.62039592682648,300.0,1.942087,0.809583
-60.62039592682648,301.875,1.4925168,0.6095106
-60.62039592682648,303.75,1.2480441,0.55555683
-60.62039592682648,305.625,0.6998215,0.61463803
-60.62039592682648,307.5,0.04054413,0.64034903
-60.62039592682648,309.375,-0.35144806,0.6490851
-60.62039592682648,311.25,-0.6623465,0.56899965
-60.62039592682648,313.125,-0.8192215,0.5005472
-60.62039592682648,315.0,-0.82832307,0.44869393
-60.62039592682648,316.875,-0.83381134,0.40667105
-60.62039592682648,318.75,-0.8410965,0.3796264
-60.62039592682648,320.625,-0.7666629,0.41565016
-60.62039592682648,322.5,-0.64318633,0.45869622
-60.62039592682648,324.375,-0.5392996,0.47996473
-60.62039592682648,326.25,-0.4281668,0.5130092
-60.62039592682648,328.125,-0.35625276,0.5282667
-60.62039592682648,330.0,-0.30709258,0.5238455
-60.62039592682648,331.875,-0.29789338,0.5200641
-60.62039592682648,333.75,-0.298909,0.50722796
-60.62039592682648,335.625,-0.21929961,0.467151
-60.62039592682648,337.5,-0.046428528,0.4366757
-60.62039592682648,339.375,0.11974335,0.4125044
-60.62039592682648,341.25,0.17786835,0.398566
-60.62039592682648,343.125,0.19767304,0.3781821
-60.62039592682648,345.0,0.2352707,0.34988317
-60.62039592682648,346.875,0.2872043,0.3351169
-60.62039592682648,348.75,0.34738007,0.32186532
-60.62039592682648,350.625,0.46441132,0.29849392
-60.62039592682648,352.5,0.5914816,0.2619672
-60.62039592682648,354.375,0.6796652,0.23516995
-60.62039592682648,356.25,0.7441769,0.22133636
-60.62039592682648,358.125,0.79974335,0.21734458
-58.75520926937993,0.0,0.9393918,0.22259249
-58.75520926937993,1.875,1.0147238,0.21998218
-58.75520926937993,3.75,1.0976144,0.23898976
-58.75520926937993,5.625,1.1952511,0.22543544
-58.75520926937993,7.5,1.2398801,0.21304537
-58.75520926937993,9.375,1.2815988,0.21102569
-58.75520926937993,11.25,1.2937863,0.22274908
-58.75520926937993,13.125,1.3208566,0.232327
-58.75520926937993,15.0,1.3547434,0.23532355
-58.75520926937993,16.875,1.3899972,0.23402111
-58.75520926937993,18.75,1.427966,0.2386125
-58.75520926937993,20.625,1.4667941,0.25550476
-58.75520926937993,22.5,1.5061691,0.26937774
-58.75520926937993,24.375,1.5275949,0.2818918
-58.75520926937993,26.25,1.518923,0.2879926
-58.75520926937993,28.125,1.5438254,0.29156896
-58.75520926937993,30.0,1.657048,0.32011244
-58.75520926937993,31.875,1.8359348,0.32553008
-58.75520926937993,33.75,2.0552902,0.32152167
-58.75520926937993,35.625,2.180759,0.33141184
-58.75520926937993,37.5,2.220681,0.33629146
-58.75520926937993,39.375,2.2196457,0.32732862
-58.75520926937993,41.25,2.1913254,0.319519
-58.75520926937993,43.125,2.154763,0.34077805
-58.75520926937993,45.0,2.1262083,0.35657272
-58.75520926937993,46.875,2.1458175,0.35280672
-58.75520926937993,48.75,2.2775168,0.3418587
-58.75520926937993,50.625,2.4411497,0.35368177
-58.75520926937993,52.5,2.6073802,0.36145538
-58.75520926937993,54.375,2.7110715,0.36113277
-58.75520926937993,56.25,2.7634933,0.35418767
-58.75520926937993,58.125,2.722849,0.39688313
-58.75520926937993,60.0,2.6584349,0.413993
-58.75520926937993,61.875,2.6063254,0.4040957
-58.75520926937993,63.75,2.626501,0.39825788
-58.75520926937993,65.625,2.7512276,0.38999578
-58.75520926937993,67.5,2.8957784,0.3924154
-58.75520926937993,69.375,3.010095,0.40862498
-58.75520926937993,71.25,3.0274973,0.37515324
-58.75520926937993,73.125,2.3973215,0.40793124
-58.75520926937993,75.0,1.7490402,0.45399275
-58.75520926937993,76.875,1.833884,0.40939412
-58.75520926937993,78.75,1.7126926,0.49617365
-58.75520926937993,80.625,1.4337473,0.5798691
-58.75520926937993,82.5,1.233962,0.60070914
-58.75520926937993,84.375,1.056091,0.6014271
-58.75520926937993,86.25,0.968298,0.53047824
-58.75520926937993,88.125,1.1547433,0.49787804
-58.75520926937993,90.0,1.4281613,0.48387596
-58.75520926937993,91.875,1.6034348,0.44609678
-58.75520926937993,93.75,1.6819113,0.42472026
-58.75520926937993,95.625,1.7195286,0.42927554
-58.75520926937993,97.5,1.8118527,0.4703553
-58.75520926937993,99.375,1.951091,0.51608175
-58.75520926937993,101.25,2.1198215,0.5093715
-58.75520926937993,103.125,2.2749581,0.46998566
-58.75520926937993,105.0,2.393923,0.4652787
-58.75520926937993,106.875,2.480681,0.4854466
-58.75520926937993,108.75,2.4908566,0.4879929
-58.75520926937993,110.625,2.510251,0.50521547
-58.75520926937993,112.5,2.6349583,0.54400635
-58.75520926937993,114.375,2.8865988,0.58185005
-58.75520926937993,116.25,3.1871848,0.577311
-58.75520926937993,118.125,3.336423,0.5461781
-58.75520926937993,120.0,3.3476145,0.5396242
-58.75520926937993,121.875,3.3734152,0.5169798
-58.75520926937993,123.75,3.5034738,0.5043749
-58.75520926937993,125.625,3.6630638,0.49249443
-58.75520926937993,127.5,3.7395089,0.5100781
-58.75520926937993,129.375,3.7381613,0.53061396
-58.75520926937993,131.25,3.7531223,0.500876
-58.75520926937993,133.125,3.7693722,0.4545447
-58.75520926937993,135.0,3.794841,0.4103401
-58.75520926937993,136.875,3.8539035,0.39919233
-58.75520926937993,138.75,3.9596066,0.39714137
-58.75520926937993,140.625,4.0536885,0.38165337
-58.75520926937993,142.5,4.129333,0.36886638
-58.75520926937993,144.375,4.130466,0.3816902
-58.75520926937993,146.25,3.9477706,0.40180665
-58.75520926937993,148.125,3.7167747,0.39605734
-58.75520926937993,150.0,3.699216,0.39889207
-58.75520926937993,151.875,3.8541574,0.35787383
-58.75520926937993,153.75,3.9616575,0.3352951
-58.75520926937993,155.625,3.8312473,0.45576954
-58.75520926937993,157.5,3.6006222,0.47671956
-58.75520926937993,159.375,3.6334739,0.46403098
-58.75520926937993,161.25,3.9596848,0.43795747
-58.75520926937993,163.125,4.195642,0.45053324
-58.75520926937993,165.0,4.2417746,0.45670918
-58.75520926937993,166.875,4.1805053,0.47370085
-58.75520926937993,168.75,4.21779,0.41992244
-58.75520926937993,170.625,4.357771,0.32996634
-58.75520926937993,172.5,4.5421066,0.3225681
-58.75520926937993,174.375,4.64154,0.3718935
-58.75520926937993,176.25,4.64238,0.39384514
-58.75520926937993,178.125,4.514626,0.38786003
-58.75520926937993,180.0,4.2279463,0.36408034
-58.75520926937993,181.875,3.8555636,0.34877884
-58.75520926937993,183.75,3.5961301,0.38282534
-58.75520926937993,185.625,3.5727317,0.3984095
-58.75520926937993,187.5,3.6912863,0.44238743
-58.75520926937993,189.375,3.846462,0.4808594
-58.75520926937993,191.25,3.9141574,0.4947427
-58.75520926937993,193.125,3.8468723,0.4704509
-58.75520926937993,195.0,3.7045481,0.43460375
-58.75520926937993,196.875,3.539333,0.4589536
-58.75520926937993,198.75,3.3418722,0.49293354
-58.75520926937993,200.625,3.087048,0.48276582
-58.75520926937993,202.5,2.8191574,0.4704818
-58.75520926937993,204.375,2.5761106,0.43340054
-58.75520926937993,206.25,2.284919,0.42015016
-58.75520926937993,208.125,2.002341,0.4316589
-58.75520926937993,210.0,1.922341,0.446229
-58.75520926937993,211.875,2.371091,0.47017634
-58.75520926937993,213.75,2.985759,0.39131433
-58.75520926937993,215.625,3.267263,0.35996428
-58.75520926937993,217.5,3.3987863,0.3624851
-58.75520926937993,219.375,3.4482784,0.40480563
-58.75520926937993,221.25,3.4501731,0.46234435
-58.75520926937993,223.125,3.4440794,0.46738973
-58.75520926937993,225.0,3.5420284,0.4581535
-58.75520926937993,226.875,3.767341,0.4694517
-58.75520926937993,228.75,4.057712,0.5012163
-58.75520926937993,230.625,4.2373996,0.53699625
-58.75520926937993,232.5,4.2015014,0.57459265
-58.75520926937993,234.375,3.9252317,0.6510402
-58.75520926937993,236.25,3.582341,0.6131294
-58.75520926937993,238.125,3.5014036,0.5619327
-58.75520926937993,240.0,3.5884542,0.54555035
-58.75520926937993,241.875,3.6605246,0.5185724
-58.75520926937993,243.75,3.63363,0.4813807
-58.75520926937993,245.625,3.5291183,0.44538808
-58.75520926937993,247.5,3.4571261,0.44257364
-58.75520926937993,249.375,3.4684153,0.45750877
-58.75520926937993,251.25,3.4884348,0.4870816
-58.75520926937993,253.125,3.4896457,0.47729748
-58.75520926937993,255.0,3.499724,0.43903306
-58.75520926937993,256.875,3.5375364,0.40356842
-58.75520926937993,258.75,3.582888,0.3859175
-58.75520926937993,260.625,3.6115208,0.3845286
-58.75520926937993,262.5,3.6194894,0.38315618
-58.75520926937993,264.375,3.620056,0.38297158
-58.75520926937993,266.25,3.6496263,0.38803723
-58.75520926937993,268.125,3.7367942,0.3889331
-58.75520926937993,270.0,3.8582785,0.3944872
-58.75520926937993,271.875,3.9312863,0.45065302
-58.75520926937993,273.75,3.9196458,0.49724844
-58.75520926937993,275.625,3.8987277,0.53236884
-58.75520926937993,277.5,3.898884,0.5466037
-58.75520926937993,279.375,3.9028878,0.5249079
-58.75520926937993,281.25,3.8712864,0.48451212
-58.75520926937993,283.125,3.8251731,0.45336384
-58.75520926937993,285.0,3.8939621,0.43776706
-58.75520926937993,286.875,4.096677,0.41848776
-58.75520926937993,288.75,4.3328876,0.44543388
-58.75520926937993,290.625,4.3412666,0.45535892
-58.75520926937993,292.5,3.9036105,0.43975547
-58.75520926937993,294.375,3.3745675,0.28685185
-58.75520926937993,296.25,3.3756614,0.28910354
-58.75520926937993,298.125,3.464763,0.3200562
-58.75520926937993,300.0,3.5893137,0.31878653
-58.75520926937993,301.875,3.7407784,0.32201242
-58.75520926937993,303.75,3.8290207,0.4020639
-58.75520926937993,305.625,3.607634,0.5302369
-58.75520926937993,307.5,2.9212668,0.7894789
-58.75520926937993,309.375,2.0443528,0.78784436
-58.75520926937993,311.25,1.2764621,0.7427744
-58.75520926937993,313.125,0.6363449,0.58827335
-58.75520926937993,315.0,0.28593475,0.44116387
-58.75520926937993,316.875,0.22107147,0.42779043
-58.75520926937993,318.75,0.016852722,0.4216201
-58.75520926937993,320.625,-0.319534,0.3434493
-58.75520926937993,322.5,-0.19283478,0.41118023
-58.75520926937993,324.375,0.10695038,0.46933404
-58.75520926937993,326.25,0.26456755,0.4665109
-58.75520926937993,328.125,0.369841,0.42762217
-58.75520926937993,330.0,0.42130584,0.38487303
-58.75520926937993,331.875,0.40335664,0.3724545
-58.75520926937993,333.75,0.40650117,0.383153
-58.75520926937993,335.625,0.4784738,0.4244471
-58.75520926937993,337.5,0.5858957,0.442379
-58.75520926937993,339.375,0.67128634,0.4183161
-58.75520926937993,341.25,0.68331754,0.3925879
-58.75520926937993,343.125,0.72905976,0.37100127
-58.75520926937993,345.0,0.78980196,0.35493827
-58.75520926937993,346.875,0.7984933,0.32896394
-58.75520926937993,348.75,0.7747238,0.3153658
-58.75520926937993,350.625,0.7427512,0.30441508
-58.75520926937993,352.5,0.68618864,0.2920069
-58.75520926937993,354.375,0.6164035,0.2782816
-58.75520926937993,356.25,0.64392304,0.26238456
-58.75520926937993,358.125,0.79587615,0.23963217
-56.89001260135711,0.0,0.90460664,0.2591564
-56.89001260135711,1.875,0.9868332,0.24443014
-56.89001260135711,3.75,1.0424386,0.23246212
-56.89001260135711,5.625,1.1159934,0.22122304
-56.89001260135711,7.5,1.2438449,0.22080241
-56.89001260135711,9.375,1.3721067,0.22499883
-56.89001260135711,11.25,1.4967746,0.22917518
-56.89001260135711,13.125,1.5829074,0.22488542
-56.89001260135711,15.0,1.6345676,0.22612697
-56.89001260135711,16.875,1.663591,0.24446741
-56.89001260135711,18.75,1.7078292,0.27346134
-56.89001260135711,20.625,1.7431809,0.29794213
-56.89001260135711,22.5,1.8124777,0.26372108
-56.89001260135711,24.375,1.8718917,0.245751
-56.89001260135711,26.25,1.9284934,0.25541067
-56.89001260135711,28.125,1.9626926,0.26347232
-56.89001260135711,30.0,1.9887277,0.2775165
-56.89001260135711,31.875,2.0482395,0.30027825
-56.89001260135711,33.75,2.17197,0.32719418
-56.89001260135711,35.625,2.3327317,0.31337026
-56.89001260135711,37.5,2.4678488,0.34186894
-56.89001260135711,39.375,2.570134,0.36401123
-56.89001260135711,41.25,2.6504855,0.3495546
-56.89001260135711,43.125,2.719509,0.3232199
-56.89001260135711,45.0,2.7024581,0.32915124
-56.89001260135711,46.875,2.6305246,0.34853303
-56.89001260135711,48.75,2.577556,0.3150436
-56.89001260135711,50.625,2.653083,0.3175144
-56.89001260135711,52.5,2.792751,0.33808175
-56.89001260135711,54.375,2.939001,0.36080074
-56.89001260135711,56.25,3.0849388,0.3512939
-56.89001260135711,58.125,3.2373605,0.34819755
-56.89001260135711,60.0,3.3807003,0.36666644
-56.89001260135711,61.875,3.587165,0.39830345
-56.89001260135711,63.75,3.8258176,0.39027688
-56.89001260135711,65.625,4.0442357,0.3649178
-56.89001260135711,67.5,4.1880245,0.3320966
-56.89001260135711,69.375,4.181618,0.31539917
-56.89001260135711,71.25,4.10072,0.30327857
-56.89001260135711,73.125,3.9210129,0.3094334
-56.89001260135711,75.0,3.4332004,0.35628712
-56.89001260135711,76.875,2.4852903,0.35214734
-56.89001260135711,78.75,2.1326144,0.366244
-56.89001260135711,80.625,2.2271457,0.5415247
-56.89001260135711,82.5,2.2918723,0.6774906
-56.89001260135711,84.375,2.028337,0.71379894
-56.89001260135711,86.25,1.7964231,0.6368461
-56.89001260135711,88.125,1.6980442,0.60621285
-56.89001260135711,90.0,1.7271066,0.64180714
-56.89001260135711,91.875,1.8171066,0.6824053
-56.89001260135711,93.75,1.9346848,0.6510205
-56.89001260135711,95.625,2.0855637,0.5959432
-56.89001260135711,97.5,2.2152317,0.5603433
-56.89001260135711,99.375,2.3612669,0.5437387
-56.89001260135711,101.25,2.5363255,0.5414676
-56.89001260135711,103.125,2.7137277,0.4867079
-56.89001260135711,105.0,2.845505,0.46727982
-56.89001260135711,106.875,2.9705245,0.47120574
-56.89001260135711,108.75,3.0831027,0.4716957
-56.89001260135711,110.625,3.1631222,0.4606606
-56.89001260135711,112.5,3.2203097,0.44221345
-56.89001260135711,114.375,3.3365793,0.45922786
-56.89001260135711,116.25,3.5957198,0.48836887
-56.89001260135711,118.125,3.8778684,0.46700743
-56.89001260135711,120.0,4.0706615,0.46156663
-56.89001260135711,121.875,4.2106223,0.43665
-56.89001260135711,123.75,4.316931,0.45801088
-56.89001260135711,125.625,4.4060326,0.5103542
-56.89001260135711,127.5,4.4901924,0.5587598
-56.89001260135711,129.375,4.5286884,0.5878655
-56.89001260135711,131.25,4.53654,0.5641036
-56.89001260135711,133.125,4.5880637,0.49671024
-56.89001260135711,135.0,4.727595,0.41980177
-56.89001260135711,136.875,4.920232,0.40093157
-56.89001260135711,138.75,5.136775,0.4381456
-56.89001260135711,140.625,5.308806,0.45615485
-56.89001260135711,142.5,5.339939,0.45545465
-56.89001260135711,144.375,5.1127315,0.47262272
-56.89001260135711,146.25,4.752732,0.49963024
-56.89001260135711,148.125,4.4561496,0.4709938
-56.89001260135711,150.0,4.394001,0.36342794
-56.89001260135711,151.875,4.5504465,0.33520636
-56.89001260135711,153.75,4.795271,0.3553137
-56.89001260135711,155.625,5.0830636,0.4243953
-56.89001260135711,157.5,5.343279,0.46125373
-56.89001260135711,159.375,5.6571655,0.46857664
-56.89001260135711,161.25,5.937224,0.4691422
-56.89001260135711,163.125,6.1316576,0.47466257
-56.89001260135711,165.0,6.1808376,0.45454258
-56.89001260135711,166.875,6.024802,0.40809765
-56.89001260135711,168.75,5.6810718,0.44188833
-56.89001260135711,170.625,5.2388844,0.39441174
-56.89001260135711,172.5,4.936228,0.32273674
-56.89001260135711,174.375,5.0281224,0.3089647
-56.89001260135711,176.25,5.2591186,0.31856027
-56.89001260135711,178.125,5.4398217,0.3464863
-56.89001260135711,180.0,5.4724584,0.38102093
-56.89001260135711,181.875,5.224802,0.39578915
-56.89001260135711,183.75,4.801931,0.4064988
-56.89001260135711,185.625,4.5448213,0.4156128
-56.89001260135711,187.5,4.555622,0.45294473
-56.89001260135711,189.375,4.711833,0.46847183
-56.89001260135711,191.25,4.8251143,0.46737412
-56.89001260135711,193.125,4.7672825,0.45818698
-56.89001260135711,195.0,4.59279,0.44747943
-56.89001260135711,196.875,4.4104466,0.42720786
-56.89001260135711,198.75,4.275368,0.4530157
-56.89001260135711,200.625,4.1457005,0.49018887
-56.89001260135711,202.5,3.9467552,0.49997976
-56.89001260135711,204.375,3.677927,0.47847298
-56.89001260135711,206.25,3.390212,0.45283046
-56.89001260135711,208.125,3.073923,0.4469405
-56.89001260135711,210.0,2.8028293,0.40315503
-56.89001260135711,211.875,2.8887277,0.3837975
-56.89001260135711,213.75,3.1784153,0.3766968
-56.89001260135711,215.625,3.3936496,0.36824787
-56.89001260135711,217.5,3.606638,0.36511177
-56.89001260135711,219.375,3.7734933,0.35816443
-56.89001260135711,221.25,3.878005,0.38116735
-56.89001260135711,223.125,3.9411106,0.38680476
-56.89001260135711,225.0,4.0502315,0.3804655
-56.89001260135711,226.875,4.280388,0.40551007
-56.89001260135711,228.75,4.6456223,0.4615435
-56.89001260135711,230.625,5.0576534,0.49909577
-56.89001260135711,232.5,5.2944508,0.4652697
-56.89001260135711,234.375,5.265896,0.44053665
-56.89001260135711,236.25,5.0569897,0.4379843
-56.89001260135711,238.125,4.877497,0.42844328
-56.89001260135711,240.0,4.826579,0.43984798
-56.89001260135711,241.875,4.8273606,0.4355118
-56.89001260135711,243.75,4.854997,0.42312795
-56.89001260135711,245.625,4.8778095,0.4072865
-56.89001260135711,247.5,4.881286,0.39446884
-56.89001260135711,249.375,4.868747,0.3783238
-56.89001260135711,251.25,4.8634543,0.37281296
-56.89001260135711,253.125,4.869841,0.36995733
-56.89001260135711,255.0,4.884509,0.35294136
-56.89001260135711,256.875,4.919216,0.33165956
-56.89001260135711,258.75,4.965466,0.32207876
-56.89001260135711,260.625,5.001638,0.3114977
-56.89001260135711,262.5,5.0068135,0.2964123
-56.89001260135711,264.375,4.9912863,0.29388168
-56.89001260135711,266.25,4.9819307,0.30817738
-56.89001260135711,268.125,5.029255,0.31084958
-56.89001260135711,270.0,5.1283765,0.31679982
-56.89001260135711,271.875,5.2173023,0.3211352
-56.89001260135711,273.75,5.234099,0.35071078
-56.89001260135711,275.625,5.2270093,0.3738888
-56.89001260135711,277.5,5.248689,0.394726
-56.89001260135711,279.375,5.320603,0.39081624
-56.89001260135711,281.25,5.4212475,0.39711604
-56.89001260135711,283.125,5.5534153,0.35069227
-56.89001260135711,285.0,5.7260327,0.31374618
-56.89001260135711,286.875,6.094607,0.28941143
-56.89001260135711,288.75,6.641931,0.25514564
-56.89001260135711,290.625,6.7544703,0.24730372
-56.89001260135711,292.5,6.503181,0.2801434
-56.89001260135711,294.375,5.6500564,0.40811253
-56.89001260135711,296.25,4.7839427,0.41139582
-56.89001260135711,298.125,4.370466,0.3725756
-56.89001260135711,300.0,4.2570677,0.34737882
-56.89001260135711,301.875,4.29738,0.3417247
-56.89001260135711,303.75,4.3527904,0.34067535
-56.89001260135711,305.625,4.393493,0.33405927
-56.89001260135711,307.5,4.2982006,0.40029085
-56.89001260135711,309.375,3.630466,0.64024436
-56.89001260135711,311.25,2.6019895,0.72423124
-56.89001260135711,313.125,1.7428879,0.5244644
-56.89001260135711,315.0,1.6096262,0.4611778
-56.89001260135711,316.875,1.8469504,0.51533633
-56.89001260135711,318.75,1.4312863,0.5784146
-56.89001260135711,320.625,0.4704074,0.44216827
-56.89001260135711,322.5,0.19796601,0.37391275
-56.89001260135711,324.375,0.2093332,0.37707335
-56.89001260135711,326.25,0.3008371,0.40624616
-56.89001260135711,328.125,0.5142746,0.40089753
-56.89001260135711,330.0,0.76722383,0.3406809
-56.89001260135711,331.875,0.98437226,0.30769685
-56.89001260135711,333.75,1.243298,0.32232797
-56.89001260135711,335.625,1.4386301,0.39369425
-56.89001260135711,337.5,1.4851536,0.43488574
-56.89001260135711,339.375,1.4233956,0.41964886
-56.89001260135711,341.25,1.3798996,0.3666704
-56.89001260135711,343.125,1.4338645,0.34133378
-56.89001260135711,345.0,1.5960519,0.3284498
-56.89001260135711,346.875,1.7678878,0.32629505
-56.89001260135711,348.75,1.8531809,0.36077595
-56.89001260135711,350.625,1.9507785,0.35489175
-56.89001260135711,352.5,1.8732394,0.34725606
-56.89001260135711,354.375,1.473259,0.36514306
-56.89001260135711,356.25,1.0164036,0.31340453
-56.89001260135711,358.125,0.84960663,0.2770809
-55.02480753831166,0.0,1.4911886,0.29270786
-55.02480753831166,1.875,1.4862473,0.2794063
-55.02480753831166,3.75,1.3892355,0.27515584
-55.02480753831166,5.625,1.2185714,0.2628384
-55.02480753831166,7.5,1.2557003,0.2549239
-55.02480753831166,9.375,1.4579464,0.261599
-55.02480753831166,11.25,1.682341,0.28158024
-55.02480753831166,13.125,1.8547629,0.28873938
-55.02480753831166,15.0,1.9727902,0.32785544
-55.02480753831166,16.875,2.2043917,0.3779915
-55.02480753831166,18.75,2.5177512,0.42518708
-55.02480753831166,20.625,2.6756809,0.4308585
-55.02480753831166,22.5,2.645544,0.40547162
-55.02480753831166,24.375,2.606638,0.4222735
-55.02480753831166,26.25,2.571091,0.42090556
-55.02480753831166,28.125,2.5714817,0.39129093
-55.02480753831166,30.0,2.5471067,0.32982373
-55.02480753831166,31.875,2.5752316,0.302129
-55.02480753831166,33.75,2.727087,0.36144605
-55.02480753831166,35.625,3.0036886,0.45397213
-55.02480753831166,37.5,3.3034348,0.44421604
-55.02480753831166,39.375,3.3665206,0.36506552
-55.02480753831166,41.25,3.4572043,0.37266284
-55.02480753831166,43.125,3.5930245,0.3927913
-55.02480753831166,45.0,3.612673,0.3841966
-55.02480753831166,46.875,3.564138,0.39858538
-55.02480753831166,48.75,3.5121067,0.3737312
-55.02480753831166,50.625,3.4881222,0.3365944
-55.02480753831166,52.5,3.5649776,0.36709863
-55.02480753831166,54.375,3.6854856,0.38502178
-55.02480753831166,56.25,3.7859151,0.38498232
-55.02480753831166,58.125,3.9170089,0.3985799
-55.02480753831166,60.0,4.0950365,0.39907426
-55.02480753831166,61.875,4.373044,0.384527
-55.02480753831166,63.75,4.709275,0.37149563
-55.02480753831166,65.625,4.9326925,0.3217049
-55.02480753831166,67.5,5.107048,0.26599434
-55.02480753831166,69.375,5.1902905,0.25860962
-55.02480753831166,71.25,5.26947,0.2664419
-55.02480753831166,73.125,5.347966,0.24509904
-55.02480753831166,75.0,5.251853,0.25758475
-55.02480753831166,76.875,4.2293334,0.37253308
-55.02480753831166,78.75,2.9907198,0.33997726
-55.02480753831166,80.625,2.793298,0.38383338
-55.02480753831166,82.5,3.07113,0.5737544
-55.02480753831166,84.375,3.177888,0.61604273
-55.02480753831166,86.25,3.152048,0.5161128
-55.02480753831166,88.125,3.0865207,0.50562817
-55.02480753831166,90.0,3.0085518,0.53580034
-55.02480753831166,91.875,2.9298997,0.66511834
-55.02480753831166,93.75,2.912048,0.7169909
-55.02480753831166,95.625,2.9666965,0.7416772
-55.02480753831166,97.5,3.0765402,0.7668813
-55.02480753831166,99.375,3.150212,0.78176004
-55.02480753831166,101.25,3.1980636,0.818766
-55.02480753831166,103.125,3.3008175,0.81834835
-55.02480753831166,105.0,3.4727316,0.836695
-55.02480753831166,106.875,3.661599,0.84203833
-55.02480753831166,108.75,3.8603878,0.7809887
-55.02480753831166,110.625,3.9875364,0.72697526
-55.02480753831166,112.5,4.0163646,0.613852
-55.02480753831166,114.375,3.9269505,0.4715547
-55.02480753831166,116.25,3.8718138,0.41680008
-55.02480753831166,118.125,3.9286888,0.42732993
-55.02480753831166,120.0,4.094021,0.44241554
-55.02480753831166,121.875,4.348396,0.47980073
-55.02480753831166,123.75,4.6916184,0.5406784
-55.02480753831166,125.625,4.9770675,0.5743045
-55.02480753831166,127.5,5.247478,0.56028837
-55.02480753831166,129.375,5.5606813,0.5935237
-55.02480753831166,131.25,5.8682985,0.57834995
-55.02480753831166,133.125,6.1317554,0.50827384
-55.02480753831166,135.0,6.3332396,0.398708
-55.02480753831166,136.875,6.543357,0.34551775
-55.02480753831166,138.75,6.7456617,0.3560542
-55.02480753831166,140.625,6.8919897,0.3564221
-55.02480753831166,142.5,6.8274975,0.36161718
-55.02480753831166,144.375,6.5395484,0.49392733
-55.02480753831166,146.25,6.2515407,0.6370674
-55.02480753831166,148.125,6.132771,0.6539072
-55.02480753831166,150.0,6.1846657,0.50888395
-55.02480753831166,151.875,6.274216,0.35772464
-55.02480753831166,153.75,6.465896,0.38204202
-55.02480753831166,155.625,6.6966968,0.39732322
-55.02480753831166,157.5,6.970779,0.34457746
-55.02480753831166,159.375,7.234978,0.2876051
-55.02480753831166,161.25,7.4039235,0.28465572
-55.02480753831166,163.125,7.4865794,0.28339642
-55.02480753831166,165.0,7.532927,0.2700404
-55.02480753831166,166.875,7.5249,0.25105524
-55.02480753831166,168.75,7.353162,0.25223225
-55.02480753831166,170.625,7.100056,0.29516348
-55.02480753831166,172.5,6.6613064,0.32897583
-55.02480753831166,174.375,5.997927,0.31642812
-55.02480753831166,176.25,5.715935,0.30072278
-55.02480753831166,178.125,5.838943,0.31470883
-55.02480753831166,180.0,6.1024976,0.33665374
-55.02480753831166,181.875,6.1891384,0.3249441
-55.02480753831166,183.75,6.0677905,0.34110337
-55.02480753831166,185.625,5.829841,0.37158197
-55.02480753831166,187.5,5.728162,0.41750762
-55.02480753831166,189.375,5.7816186,0.4276063
-55.02480753831166,191.25,5.82531,0.4146123
-55.02480753831166,193.125,5.7509546,0.42667025
-55.02480753831166,195.0,5.5506225,0.43950814
-55.02480753831166,196.875,5.352888,0.43090856
-55.02480753831166,198.75,5.248982,0.4423923
-55.02480753831166,200.625,5.1827126,0.4848627
-55.02480753831166,202.5,5.086267,0.5159573
-55.02480753831166,204.375,4.9044504,0.53188384
-55.02480753831166,206.25,4.6702514,0.5434954
-55.02480753831166,208.125,4.485505,0.538735
-55.02480753831166,210.0,4.2974386,0.502609
-55.02480753831166,211.875,4.11697,0.48611704
-55.02480753831166,213.75,4.0645676,0.48939127
-55.02480753831166,215.625,4.1659737,0.5031404
-55.02480753831166,217.5,4.3516965,0.508894
-55.02480753831166,219.375,4.416853,0.47021317
-55.02480753831166,221.25,4.3765206,0.4120833
-55.02480753831166,223.125,4.384763,0.3922957
-55.02480753831166,225.0,4.512673,0.40972406
-55.02480753831166,226.875,4.813923,0.48740456
-55.02480753831166,228.75,5.2481227,0.54547054
-55.02480753831166,230.625,5.720427,0.54046685
-55.02480753831166,232.5,6.029783,0.49671796
-55.02480753831166,234.375,6.0927906,0.4637694
-55.02480753831166,236.25,5.970154,0.44620693
-55.02480753831166,238.125,5.79572,0.45179683
-55.02480753831166,240.0,5.7039623,0.4676776
-55.02480753831166,241.875,5.7374,0.47195676
-55.02480753831166,243.75,5.82947,0.46438044
-55.02480753831166,245.625,5.9036303,0.44069725
-55.02480753831166,247.5,5.9109154,0.41077173
-55.02480753831166,249.375,5.8662086,0.38198397
-55.02480753831166,251.25,5.8332005,0.36284846
-55.02480753831166,253.125,5.8438454,0.35043308
-55.02480753831166,255.0,5.8845677,0.34227034
-55.02480753831166,256.875,5.944763,0.33147094
-55.02480753831166,258.75,6.0170484,0.31536233
-55.02480753831166,260.625,6.0756226,0.29343227
-55.02480753831166,262.5,6.101248,0.27738273
-55.02480753831166,264.375,6.0892553,0.2749568
-55.02480753831166,266.25,6.077146,0.2796938
-55.02480753831166,268.125,6.103259,0.28317434
-55.02480753831166,270.0,6.1611695,0.27684638
-55.02480753831166,271.875,6.2192163,0.26396486
-55.02480753831166,273.75,6.2419896,0.2627997
-55.02480753831166,275.625,6.2465796,0.2644091
-55.02480753831166,277.5,6.2743335,0.2639337
-55.02480753831166,279.375,6.3403883,0.26459342
-55.02480753831166,281.25,6.5023413,0.29403654
-55.02480753831166,283.125,6.6831813,0.29299444
-55.02480753831166,285.0,7.268982,0.24804084
-55.02480753831166,286.875,7.6120872,0.2527959
-55.02480753831166,288.75,7.559939,0.27140304
-55.02480753831166,290.625,6.4959154,0.8374802
-55.02480753831166,292.5,6.930564,0.8873101
-55.02480753831166,294.375,6.964099,0.30015916
-55.02480753831166,296.25,6.8586106,0.3266461
-55.02480753831166,298.125,6.716912,0.30157223
-55.02480753831166,300.0,6.5495872,0.28822488
-55.02480753831166,301.875,6.3847632,0.30305845
-55.02480753831166,303.75,6.1838255,0.32258096
-55.02480753831166,305.625,5.9099975,0.3071695
-55.02480753831166,307.5,5.622986,0.30687493
-55.02480753831166,309.375,5.1193333,0.3474841
-55.02480753831166,311.25,4.182126,0.5028059
-55.02480753831166,313.125,2.9462862,0.6059747
-55.02480753831166,315.0,2.453298,0.45212486
-55.02480753831166,316.875,2.7286496,0.42300382
-55.02480753831166,318.75,2.308884,0.5128492
-55.02480753831166,320.625,1.5881418,0.48826003
-55.02480753831166,322.5,1.382673,0.42443043
-55.02480753831166,324.375,1.1421652,0.40145424
-55.02480753831166,326.25,0.8947433,0.39460507
-55.02480753831166,328.125,0.8931613,0.37270644
-55.02480753831166,330.0,1.0766183,0.32260796
-55.02480753831166,331.875,1.2671262,0.29472885
-55.02480753831166,333.75,1.5713644,0.31878904
-55.02480753831166,335.625,1.9124973,0.36611605
-55.02480753831166,337.5,2.1566575,0.3760825
-55.02480753831166,339.375,2.1543722,0.34258693
-55.02480753831166,341.25,2.1054854,0.35263067
-55.02480753831166,343.125,2.2414231,0.37258017
-55.02480753831166,345.0,2.4703488,0.3803342
-55.02480753831166,346.875,2.6456223,0.37933788
-55.02480753831166,348.75,2.773845,0.3679048
-55.02480753831166,350.625,2.806169,0.34652212
-55.02480753831166,352.5,2.66238,0.35660052
-55.02480753831166,354.375,2.2896261,0.3749007
-55.02480753831166,356.25,1.8744503,0.3582803
-55.02480753831166,358.125,1.592302,0.32981116
-53.15959537001968,0.0,2.3433566,0.3022146
-53.15959537001968,1.875,2.286052,0.2820589
-53.15959537001968,3.75,2.2634346,0.2828625
-53.15959537001968,5.625,2.1578488,0.30802098
-53.15959537001968,7.5,2.3083372,0.40955153
-53.15959537001968,9.375,2.5553293,0.46541244
-53.15959537001968,11.25,2.599548,0.4260588
-53.15959537001968,13.125,2.4761887,0.3911247
-53.15959537001968,15.0,2.5806417,0.35316363
-53.15959537001968,16.875,3.0343723,0.42772415
-53.15959537001968,18.75,3.427224,0.40668032
-53.15959537001968,20.625,3.6569505,0.38765177
-53.15959537001968,22.5,3.9104269,0.4057308
-53.15959537001968,24.375,4.1603293,0.441953
-53.15959537001968,26.25,4.2640014,0.49558192
-53.15959537001968,28.125,4.1365013,0.49979767
-53.15959537001968,30.0,3.8764036,0.47653314
-53.15959537001968,31.875,3.8412669,0.41897133
-53.15959537001968,33.75,4.213825,0.39507794
-53.15959537001968,35.625,4.7450557,0.43181068
-53.15959537001968,37.5,5.067966,0.40772966
-53.15959537001968,39.375,5.0304465,0.36025324
-53.15959537001968,41.25,5.0266185,0.33736572
-53.15959537001968,43.125,5.1045284,0.32093433
-53.15959537001968,45.0,5.138318,0.29810664
-53.15959537001968,46.875,5.150134,0.28025752
-53.15959537001968,48.75,5.1172824,0.25573513
-53.15959537001968,50.625,5.1317163,0.24845548
-53.15959537001968,52.5,5.2180443,0.26646748
-53.15959537001968,54.375,5.347009,0.26239958
-53.15959537001968,56.25,5.4405055,0.2910848
-53.15959537001968,58.125,5.480173,0.2865906
-53.15959537001968,60.0,5.5107007,0.2581474
-53.15959537001968,61.875,5.5766187,0.25919068
-53.15959537001968,63.75,5.6728296,0.24092467
-53.15959537001968,65.625,5.7257595,0.22595361
-53.15959537001968,67.5,5.7586303,0.21627241
-53.15959537001968,69.375,5.7844505,0.2095925
-53.15959537001968,71.25,5.7913256,0.21131812
-53.15959537001968,73.125,5.7242165,0.21154442
-53.15959537001968,75.0,5.73281,0.21107727
-53.15959537001968,76.875,5.440173,0.2762935
-53.15959537001968,78.75,4.4450364,0.4018726
-53.15959537001968,80.625,3.8345675,0.33944494
-53.15959537001968,82.5,3.679802,0.44835964
-53.15959537001968,84.375,3.8128097,0.54527557
-53.15959537001968,86.25,4.053122,0.5532982
-53.15959537001968,88.125,4.309665,0.5029466
-53.15959537001968,90.0,4.50656,0.5208835
-53.15959537001968,91.875,4.5707784,0.65915924
-53.15959537001968,93.75,4.5864034,0.72302574
-53.15959537001968,95.625,4.605759,0.6398689
-53.15959537001968,97.5,4.6881223,0.6081296
-53.15959537001968,99.375,4.803005,0.6345755
-53.15959537001968,101.25,4.8070674,0.6887612
-53.15959537001968,103.125,4.8138256,0.6931785
-53.15959537001968,105.0,4.897595,0.7295761
-53.15959537001968,106.875,5.106501,0.8296431
-53.15959537001968,108.75,5.4929466,0.96070355
-53.15959537001968,110.625,5.9124975,1.0423744
-53.15959537001968,112.5,6.0416965,0.9658877
-53.15959537001968,114.375,5.985525,0.76312387
-53.15959537001968,116.25,5.8080053,0.5929943
-53.15959537001968,118.125,5.650935,0.526376
-53.15959537001968,120.0,5.5807786,0.5341429
-53.15959537001968,121.875,5.7794895,0.58619756
-53.15959537001968,123.75,6.137439,0.6559185
-53.15959537001968,125.625,6.660427,0.6456983
-53.15959537001968,127.5,7.148357,0.49843845
-53.15959537001968,129.375,7.524431,0.3476898
-53.15959537001968,131.25,7.7387085,0.2821499
-53.15959537001968,133.125,7.7973022,0.25815922
-53.15959537001968,135.0,7.8371263,0.22225356
-53.15959537001968,136.875,7.8660913,0.21389788
-53.15959537001968,138.75,7.908181,0.21609034
-53.15959537001968,140.625,7.9341774,0.2151394
-53.15959537001968,142.5,7.908884,0.2149255
-53.15959537001968,144.375,7.8580837,0.21647999
-53.15959537001968,146.25,7.792673,0.24407816
-53.15959537001968,148.125,7.7894897,0.23964591
-53.15959537001968,150.0,7.7890015,0.2260686
-53.15959537001968,151.875,7.78697,0.23974931
-53.15959537001968,153.75,7.7839622,0.26943284
-53.15959537001968,155.625,7.7982593,0.26117083
-53.15959537001968,157.5,7.8416576,0.24060827
-53.15959537001968,159.375,7.905134,0.24672928
-53.15959537001968,161.25,7.9472632,0.2733662
-53.15959537001968,163.125,8.012752,0.27442276
-53.15959537001968,165.0,8.158064,0.2461957
-53.15959537001968,166.875,8.158649,0.2392827
-53.15959537001968,168.75,8.090407,0.24330127
-53.15959537001968,170.625,7.970564,0.2512298
-53.15959537001968,172.5,7.797185,0.2862035
-53.15959537001968,174.375,7.2385716,0.29800192
-53.15959537001968,176.25,6.6649976,0.31744653
-53.15959537001968,178.125,6.60572,0.3363377
-53.15959537001968,180.0,6.7588844,0.34183916
-53.15959537001968,181.875,6.899646,0.33210617
-53.15959537001968,183.75,6.91238,0.32125473
-53.15959537001968,185.625,6.8202515,0.33437625
-53.15959537001968,187.5,6.7547045,0.34180972
-53.15959537001968,189.375,6.774978,0.36559495
-53.15959537001968,191.25,6.7712083,0.3669297
-53.15959537001968,193.125,6.653494,0.37942207
-53.15959537001968,195.0,6.431521,0.38697988
-53.15959537001968,196.875,6.2440796,0.40066466
-53.15959537001968,198.75,6.182693,0.4209244
-53.15959537001968,200.625,6.176853,0.45404243
-53.15959537001968,202.5,6.1617556,0.50159395
-53.15959537001968,204.375,6.1046267,0.5312353
-53.15959537001968,206.25,5.9859548,0.537729
-53.15959537001968,208.125,5.88697,0.5277029
-53.15959537001968,210.0,5.882869,0.5173655
-53.15959537001968,211.875,5.9387474,0.5317816
-53.15959537001968,213.75,5.984236,0.53286207
-53.15959537001968,215.625,6.0444508,0.5202515
-53.15959537001968,217.5,6.1037865,0.5109983
-53.15959537001968,219.375,6.1176147,0.47624883
-53.15959537001968,221.25,6.0328884,0.43049392
-53.15959537001968,223.125,5.9934545,0.4176571
-53.15959537001968,225.0,6.0987673,0.4297204
-53.15959537001968,226.875,6.343474,0.46614498
-53.15959537001968,228.75,6.616931,0.48244193
-53.15959537001968,230.625,6.782048,0.48659208
-53.15959537001968,232.5,6.8384156,0.47398484
-53.15959537001968,234.375,6.8040795,0.46026334
-53.15959537001968,236.25,6.6998024,0.4528771
-53.15959537001968,238.125,6.580759,0.4641374
-53.15959537001968,240.0,6.527439,0.4743796
-53.15959537001968,241.875,6.555681,0.47285137
-53.15959537001968,243.75,6.642986,0.46087626
-53.15959537001968,245.625,6.710271,0.43634346
-53.15959537001968,247.5,6.7169313,0.40780967
-53.15959537001968,249.375,6.667732,0.38937813
-53.15959537001968,251.25,6.6249194,0.3710659
-53.15959537001968,253.125,6.6235523,0.34825316
-53.15959537001968,255.0,6.6672044,0.326747
-53.15959537001968,256.875,6.7370677,0.31035691
-53.15959537001968,258.75,6.8029466,0.29661077
-53.15959537001968,260.625,6.856775,0.28045526
-53.15959537001968,262.5,6.8835716,0.2659667
-53.15959537001968,264.375,6.8601146,0.2514945
-53.15959537001968,266.25,6.820818,0.24249327
-53.15959537001968,268.125,6.8027124,0.23497987
-53.15959537001968,270.0,6.8174195,0.23146158
-53.15959537001968,271.875,6.8623805,0.22917306
-53.15959537001968,273.75,6.9010715,0.24814516
-53.15959537001968,275.625,6.9623413,0.28360352
-53.15959537001968,277.5,7.1108766,0.35677212
-53.15959537001968,279.375,7.450271,0.42746243
-53.15959537001968,281.25,7.876169,0.39341608
-53.15959537001968,283.125,8.132439,0.30235615
-53.15959537001968,285.0,8.174705,0.26670718
-53.15959537001968,286.875,7.04281,0.76101565
-53.15959537001968,288.75,7.4867163,0.8866227
-53.15959537001968,290.625,8.342166,0.9807799
-53.15959537001968,292.5,7.5798216,0.40939066
-53.15959537001968,294.375,7.4492946,0.3646857
-53.15959537001968,296.25,7.5222044,0.3270169
-53.15959537001968,298.125,7.401404,0.3079719
-53.15959537001968,300.0,7.270896,0.308679
-53.15959537001968,301.875,7.1631813,0.30409083
-53.15959537001968,303.75,6.830349,0.30278993
-53.15959537001968,305.625,6.6149,0.30184394
-53.15959537001968,307.5,6.3274975,0.29995006
-53.15959537001968,309.375,5.6881227,0.340358
-53.15959537001968,311.25,4.8066964,0.46064356
-53.15959537001968,313.125,3.6449974,0.53202623
-53.15959537001968,315.0,3.1405833,0.45828268
-53.15959537001968,316.875,3.462634,0.43084726
-53.15959537001968,318.75,3.6193528,0.4381888
-53.15959537001968,320.625,3.4764035,0.48303804
-53.15959537001968,322.5,3.3085716,0.49441344
-53.15959537001968,324.375,3.1582003,0.53066325
-53.15959537001968,326.25,2.537048,0.6274195
-53.15959537001968,328.125,2.2576535,0.60744697
-53.15959537001968,330.0,2.2818527,0.5878674
-53.15959537001968,331.875,2.316384,0.5493191
-53.15959537001968,333.75,2.3143332,0.550684
-53.15959537001968,335.625,2.5350559,0.54201746
-53.15959537001968,337.5,2.8333566,0.4670786
-53.15959537001968,339.375,2.8782198,0.3679774
-53.15959537001968,341.25,2.9034543,0.37899363
-53.15959537001968,343.125,3.0349386,0.40386567
-53.15959537001968,345.0,3.2858956,0.41558278
-53.15959537001968,346.875,3.5298605,0.46390128
-53.15959537001968,348.75,3.5274386,0.44245633
-53.15959537001968,350.625,3.3387864,0.37297693
-53.15959537001968,352.5,3.3220675,0.34367523
-53.15959537001968,354.375,3.525349,0.32635918
-53.15959537001968,356.25,3.484763,0.3164645
-53.15959537001968,358.125,2.9386106,0.33427596
-51.29437713895115,0.0,4.5269504,0.3876367
-51.29437713895115,1.875,4.225759,0.38354963
-51.29437713895115,3.75,4.0080442,0.36352792
-51.29437713895115,5.625,4.069704,0.41140783
-51.29437713895115,7.5,4.3924193,0.42750293
-51.29437713895115,9.375,4.677517,0.42395708
-51.29437713895115,11.25,4.58738,0.41854116
-51.29437713895115,13.125,4.1211886,0.38600662
-51.29437713895115,15.0,3.5215402,0.35262316
-51.29437713895115,16.875,3.4564426,0.32773805
-51.29437713895115,18.75,3.7446847,0.3330929
-51.29437713895115,20.625,4.084919,0.39068207
-51.29437713895115,22.5,4.3978877,0.51101035
-51.29437713895115,24.375,4.771091,0.45461208
-51.29437713895115,26.25,5.2291384,0.45840925
-51.29437713895115,28.125,5.5837865,0.5709942
-51.29437713895115,30.0,5.5812473,0.5299065
-51.29437713895115,31.875,5.3138647,0.40875885
-51.29437713895115,33.75,5.274216,0.37209505
-51.29437713895115,35.625,5.5920286,0.43060407
-51.29437713895115,37.5,5.824861,0.44502896
-51.29437713895115,39.375,5.808572,0.37627727
-51.29437713895115,41.25,5.7885914,0.33391196
-51.29437713895115,43.125,5.872556,0.31868464
-51.29437713895115,45.0,5.9520874,0.29594257
-51.29437713895115,46.875,5.9797044,0.2884558
-51.29437713895115,48.75,5.929314,0.26069728
-51.29437713895115,50.625,5.911228,0.23794751
-51.29437713895115,52.5,5.98449,0.23382573
-51.29437713895115,54.375,6.130994,0.22877346
-51.29437713895115,56.25,6.2087865,0.21848778
-51.29437713895115,58.125,6.191521,0.21245348
-51.29437713895115,60.0,6.1771264,0.22717431
-51.29437713895115,61.875,6.1665015,0.23208429
-51.29437713895115,63.75,6.137146,0.22674455
-51.29437713895115,65.625,6.0794897,0.2233352
-51.29437713895115,67.5,6.020154,0.21852902
-51.29437713895115,69.375,6.0010915,0.22021122
-51.29437713895115,71.25,5.928005,0.22565481
-51.29437713895115,73.125,5.839451,0.22172225
-51.29437713895115,75.0,6.111677,0.21318898
-51.29437713895115,76.875,6.6332397,0.29170328
-51.29437713895115,78.75,6.706072,0.42339924
-51.29437713895115,80.625,6.3165407,0.50613755
-51.29437713895115,82.5,5.5951734,0.4521576
-51.29437713895115,84.375,5.101345,0.49259278
-51.29437713895115,86.25,5.1509156,0.60372704
-51.29437713895115,88.125,5.5167165,0.6038602
-51.29437713895115,90.0,6.002537,0.61380684
-51.29437713895115,91.875,6.381892,0.6476126
-51.29437713895115,93.75,6.5551147,0.71005887
-51.29437713895115,95.625,6.614353,0.66870385
-51.29437713895115,97.5,6.7337475,0.57868266
-51.29437713895115,99.375,6.9031224,0.5027941
-51.29437713895115,101.25,7.0316772,0.46132192
-51.29437713895115,103.125,7.079646,0.479464
-51.29437713895115,105.0,7.112263,0.49904472
-51.29437713895115,106.875,7.1963844,0.5171302
-51.29437713895115,108.75,7.348279,0.55067813
-51.29437713895115,110.625,7.5754075,0.60573894
-51.29437713895115,112.5,7.7562866,0.55370736
-51.29437713895115,114.375,7.8639817,0.44262764
-51.29437713895115,116.25,7.8974586,0.35086438
-51.29437713895115,118.125,7.8968334,0.3057031
-51.29437713895115,120.0,7.876228,0.29394427
-51.29437713895115,121.875,7.8953686,0.29439744
-51.29437713895115,123.75,8.032048,0.28426474
-51.29437713895115,125.625,8.1914425,0.25871488
-51.29437713895115,127.5,8.293982,0.2157732
-51.29437713895115,129.375,8.316912,0.21121253
-51.29437713895115,131.25,8.306853,0.20939502
-51.29437713895115,133.125,8.304802,0.20960583
-51.29437713895115,135.0,8.312752,0.21897632
-51.29437713895115,136.875,8.323904,0.22814597
-51.29437713895115,138.75,8.350212,0.2415144
-51.29437713895115,140.625,8.375974,0.25519612
-51.29437713895115,142.5,8.399666,0.2512956
-51.29437713895115,144.375,8.423767,0.25108284
-51.29437713895115,146.25,8.437165,0.2591588
-51.29437713895115,148.125,8.428553,0.26684725
-51.29437713895115,150.0,8.415837,0.28213975
-51.29437713895115,151.875,8.416072,0.29481596
-51.29437713895115,153.75,8.423943,0.2952934
-51.29437713895115,155.625,8.44074,0.28604868
-51.29437713895115,157.5,8.4269705,0.28748342
-51.29437713895115,159.375,8.391267,0.29937994
-51.29437713895115,161.25,8.3789425,0.30123663
-51.29437713895115,163.125,8.543513,0.31483096
-51.29437713895115,165.0,8.840193,0.3167936
-51.29437713895115,166.875,8.749881,0.27721617
-51.29437713895115,168.75,8.46865,0.288199
-51.29437713895115,170.625,8.307732,0.29732898
-51.29437713895115,172.5,8.195642,0.31035796
-51.29437713895115,174.375,7.9653687,0.32071906
-51.29437713895115,176.25,7.6033177,0.3349155
-51.29437713895115,178.125,7.527947,0.36825883
-51.29437713895115,180.0,7.668611,0.38096446
-51.29437713895115,181.875,7.813162,0.3877822
-51.29437713895115,183.75,7.84531,0.38907963
-51.29437713895115,185.625,7.76447,0.38297305
-51.29437713895115,187.5,7.6615405,0.35428953
-51.29437713895115,189.375,7.6585717,0.33752778
-51.29437713895115,191.25,7.6573806,0.34249714
-51.29437713895115,193.125,7.5862474,0.35451868
-51.29437713895115,195.0,7.455857,0.3681071
-51.29437713895115,196.875,7.3161497,0.38851735
-51.29437713895115,198.75,7.2812085,0.4211171
-51.29437713895115,200.625,7.3340797,0.48855546
-51.29437713895115,202.5,7.3508763,0.54334587
-51.29437713895115,204.375,7.306287,0.5539613
-51.29437713895115,206.25,7.2714624,0.5130146
-51.29437713895115,208.125,7.236189,0.47161764
-51.29437713895115,210.0,7.223689,0.47982642
-51.29437713895115,211.875,7.3321657,0.5385983
-51.29437713895115,213.75,7.4630446,0.57408017
-51.29437713895115,215.625,7.5459156,0.56091255
-51.29437713895115,217.5,7.5689626,0.52978456
-51.29437713895115,219.375,7.569099,0.49759468
-51.29437713895115,221.25,7.572283,0.46351925
-51.29437713895115,223.125,7.5637865,0.47048357
-51.29437713895115,225.0,7.601814,0.5088948
-51.29437713895115,226.875,7.6957006,0.53647536
-51.29437713895115,228.75,7.7334743,0.5337421
-51.29437713895115,230.625,7.6727123,0.52897525
-51.29437713895115,232.5,7.615935,0.52608156
-51.29437713895115,234.375,7.5764623,0.52553815
-51.29437713895115,236.25,7.5209155,0.52434987
-51.29437713895115,238.125,7.4331226,0.52617234
-51.29437713895115,240.0,7.3492165,0.51268214
-51.29437713895115,241.875,7.320232,0.4857661
-51.29437713895115,243.75,7.369568,0.4631982
-51.29437713895115,245.625,7.4269896,0.44797283
-51.29437713895115,247.5,7.4416184,0.4341713
-51.29437713895115,249.375,7.4044895,0.41590917
-51.29437713895115,251.25,7.356482,0.3876226
-51.29437713895115,253.125,7.350525,0.36423805
-51.29437713895115,255.0,7.3766966,0.3565232
-51.29437713895115,256.875,7.40531,0.34591523
-51.29437713895115,258.75,7.41781,0.32861072
-51.29437713895115,260.625,7.422986,0.30847493
-51.29437713895115,262.5,7.405974,0.2832434
-51.29437713895115,264.375,7.3419313,0.26755902
-51.29437713895115,266.25,7.2827907,0.26517016
-51.29437713895115,268.125,7.2908764,0.27898237
-51.29437713895115,270.0,7.4049587,0.3563006
-51.29437713895115,271.875,7.583611,0.45863172
-51.29437713895115,273.75,7.7467556,0.53414595
-51.29437713895115,275.625,7.995798,0.5881053
-51.29437713895115,277.5,8.427049,0.5530154
-51.29437713895115,279.375,8.884646,0.3922786
-51.29437713895115,281.25,8.943768,0.31761357
-51.29437713895115,283.125,8.658338,0.29151827
-51.29437713895115,285.0,8.183963,0.3234009
-51.29437713895115,286.875,6.8125954,0.8868913
-51.29437713895115,288.75,8.50906,1.0063552
-51.29437713895115,290.625,11.094412,1.143843
-51.29437713895115,292.5,9.057595,0.50524896
-51.29437713895115,294.375,8.733943,0.47396845
-51.29437713895115,296.25,8.275876,0.3943605
-51.29437713895115,298.125,8.009353,0.36179775
-51.29437713895115,300.0,7.9218335,0.3433801
-51.29437713895115,301.875,7.843005,0.33739057
-51.29437713895115,303.75,7.4784546,0.32282233
-51.29437713895115,305.625,6.9535522,0.3107655
-51.29437713895115,307.5,6.375603,0.33201107
-51.29437713895115,309.375,5.5269704,0.40134862
-51.29437713895115,311.25,4.87363,0.5155839
-51.29437713895115,313.125,4.2796845,0.5086391
-51.29437713895115,315.0,4.0980053,0.51019937
-51.29437713895115,316.875,4.206911,0.54010737
-51.29437713895115,318.75,4.4827514,0.5396672
-51.29437713895115,320.625,4.7100754,0.5471375
-51.29437713895115,322.5,4.8557005,0.55448675
-51.29437713895115,324.375,4.903513,0.5693061
-51.29437713895115,326.25,4.7358174,0.55578
-51.29437713895115,328.125,4.5520678,0.6408282
-51.29437713895115,330.0,4.4958763,0.632774
-51.29437713895115,331.875,4.4021263,0.60844636
-51.29437713895115,333.75,4.1827316,0.63479656
-51.29437713895115,335.625,4.0843916,0.60387975
-51.29437713895115,337.5,4.1459737,0.63021016
-51.29437713895115,339.375,4.217849,0.6154962
-51.29437713895115,341.25,4.2662864,0.51415277
-51.29437713895115,343.125,4.3228683,0.48251778
-51.29437713895115,345.0,4.4008174,0.50106436
-51.29437713895115,346.875,4.400466,0.46763223
-51.29437713895115,348.75,4.1849384,0.45028824
-51.29437713895115,350.625,3.9300363,0.35627422
-51.29437713895115,352.5,4.104177,0.38815746
-51.29437713895115,354.375,4.4904466,0.35734084
-51.29437713895115,356.25,4.748005,0.33597726
-51.29437713895115,358.125,4.812048,0.35412085
-49.42915369712305,0.0,5.6371264,0.48251888
-49.42915369712305,1.875,5.8689036,0.5344901
-49.42915369712305,3.75,5.818357,0.4600425
-49.42915369712305,5.625,5.633728,0.43327674
-49.42915369712305,7.5,5.745974,0.3967954
-49.42915369712305,9.375,6.108865,0.40412867
-49.42915369712305,11.25,6.358357,0.3825661
-49.42915369712305,13.125,6.343513,0.3930219
-49.42915369712305,15.0,5.9571853,0.43587992
-49.42915369712305,16.875,5.6043334,0.4668857
-49.42915369712305,18.75,5.6014233,0.4718217
-49.42915369712305,20.625,5.868142,0.48736325
-49.42915369712305,22.5,5.9933567,0.5600974
-49.42915369712305,24.375,6.018396,0.51471394
-49.42915369712305,26.25,6.1568336,0.44527966
-49.42915369712305,28.125,6.5326147,0.5252826
-49.42915369712305,30.0,6.7874,0.5383096
-49.42915369712305,31.875,6.7545094,0.4782549
-49.42915369712305,33.75,6.6479077,0.4507924
-49.42915369712305,35.625,6.704275,0.4515863
-49.42915369712305,37.5,6.8066187,0.4412547
-49.42915369712305,39.375,6.776521,0.4010456
-49.42915369712305,41.25,6.704568,0.36608294
-49.42915369712305,43.125,6.736775,0.36342996
-49.42915369712305,45.0,6.8360524,0.3645363
-49.42915369712305,46.875,6.81906,0.35140327
-49.42915369712305,48.75,6.6724586,0.31615922
-49.42915369712305,50.625,6.519705,0.2769453
-49.42915369712305,52.5,6.4574194,0.2628015
-49.42915369712305,54.375,6.5692163,0.2507853
-49.42915369712305,56.25,6.627224,0.23794879
-49.42915369712305,58.125,6.5978103,0.24141236
-49.42915369712305,60.0,6.6309547,0.2581014
-49.42915369712305,61.875,6.6185913,0.26330534
-49.42915369712305,63.75,6.5324974,0.25730947
-49.42915369712305,65.625,6.405271,0.25467506
-49.42915369712305,67.5,6.3899975,0.2550832
-49.42915369712305,69.375,7.776033,0.547153
-49.42915369712305,71.25,6.480173,0.24351102
-49.42915369712305,73.125,6.8554273,0.24769129
-49.42915369712305,75.0,7.512888,0.30427265
-49.42915369712305,76.875,7.8983765,0.33106032
-49.42915369712305,78.75,8.143005,0.36315474
-49.42915369712305,80.625,8.140212,0.39426503
-49.42915369712305,82.5,7.795603,0.41378912
-49.42915369712305,84.375,7.355818,0.48626065
-49.42915369712305,86.25,7.213259,0.5639821
-49.42915369712305,88.125,7.3901734,0.5806477
-49.42915369712305,90.0,7.7491384,0.5806748
-49.42915369712305,91.875,8.018084,0.5275322
-49.42915369712305,93.75,8.119763,0.4786932
-49.42915369712305,95.625,8.10156,0.47237056
-49.42915369712305,97.5,8.136892,0.45832598
-49.42915369712305,99.375,8.260739,0.43085063
-49.42915369712305,101.25,8.382244,0.38728657
-49.42915369712305,103.125,8.447263,0.34082434
-49.42915369712305,105.0,8.472888,0.31416237
-49.42915369712305,106.875,8.449782,0.30566776
-49.42915369712305,108.75,8.448572,0.32214096
-49.42915369712305,110.625,8.499724,0.3262692
-49.42915369712305,112.5,8.583884,0.3012082
-49.42915369712305,114.375,8.645681,0.27314937
-49.42915369712305,116.25,8.648787,0.24649183
-49.42915369712305,118.125,8.5782,0.244761
-49.42915369712305,120.0,8.523123,0.24201216
-49.42915369712305,121.875,8.504939,0.23574093
-49.42915369712305,123.75,8.522126,0.23852926
-49.42915369712305,125.625,8.513747,0.2477689
-49.42915369712305,127.5,8.480544,0.2504035
-49.42915369712305,129.375,8.456247,0.25711033
-49.42915369712305,131.25,8.491931,0.27508417
-49.42915369712305,133.125,8.572283,0.32127815
-49.42915369712305,135.0,8.654646,0.3614916
-49.42915369712305,136.875,8.699216,0.360156
-49.42915369712305,138.75,8.739881,0.37286922
-49.42915369712305,140.625,8.779959,0.3642446
-49.42915369712305,142.5,8.813142,0.3403167
-49.42915369712305,144.375,8.821521,0.3257153
-49.42915369712305,146.25,8.82365,0.33046544
-49.42915369712305,148.125,8.833942,0.33591425
-49.42915369712305,150.0,8.829685,0.32974327
-49.42915369712305,151.875,8.866404,0.32320693
-49.42915369712305,153.75,8.914471,0.3230687
-49.42915369712305,155.625,8.940799,0.32374007
-49.42915369712305,157.5,8.919958,0.32088035
-49.42915369712305,159.375,8.85988,0.3277518
-49.42915369712305,161.25,8.852361,0.34112468
-49.42915369712305,163.125,9.143885,0.39353234
-49.42915369712305,165.0,9.75408,0.43679798
-49.42915369712305,166.875,9.813923,0.38527575
-49.42915369712305,168.75,9.157576,0.3474656
-49.42915369712305,170.625,8.898318,0.3803728
-49.42915369712305,172.5,8.921814,0.39942953
-49.42915369712305,174.375,8.8477125,0.41657197
-49.42915369712305,176.25,8.843298,0.4575212
-49.42915369712305,178.125,8.786951,0.50027573
-49.42915369712305,180.0,8.887908,0.5493838
-49.42915369712305,181.875,9.23283,0.66022104
-49.42915369712305,183.75,9.46824,0.7499865
-49.42915369712305,185.625,9.480799,0.78303736
-49.42915369712305,187.5,9.357068,0.7827742
-49.42915369712305,189.375,9.214607,0.7496169
-49.42915369712305,191.25,9.19699,0.73844993
-49.42915369712305,193.125,9.13988,0.75002867
-49.42915369712305,195.0,9.030231,0.7044898
-49.42915369712305,196.875,9.018806,0.6990122
-49.42915369712305,198.75,9.074216,0.70921606
-49.42915369712305,200.625,9.093357,0.73643184
-49.42915369712305,202.5,9.102087,0.7221867
-49.42915369712305,204.375,9.043161,0.6824844
-49.42915369712305,206.25,8.988787,0.6548794
-49.42915369712305,208.125,9.008103,0.65646476
-49.42915369712305,210.0,9.033689,0.7007597
-49.42915369712305,211.875,9.019998,0.71943897
-49.42915369712305,213.75,9.046775,0.6873105
-49.42915369712305,215.625,9.102634,0.6190319
-49.42915369712305,217.5,9.133806,0.5522337
-49.42915369712305,219.375,9.100525,0.5210391
-49.42915369712305,221.25,9.023747,0.5076555
-49.42915369712305,223.125,8.9704275,0.5182646
-49.42915369712305,225.0,8.937869,0.53390086
-49.42915369712305,226.875,8.834158,0.5318769
-49.42915369712305,228.75,8.643357,0.52488434
-49.42915369712305,230.625,8.447341,0.51931864
-49.42915369712305,232.5,8.382595,0.5134374
-49.42915369712305,234.375,8.4124,0.51743513
-49.42915369712305,236.25,8.410857,0.52510834
-49.42915369712305,238.125,8.33736,0.5215352
-49.42915369712305,240.0,8.225408,0.5060063
-49.42915369712305,241.875,8.1537285,0.48972988
-49.42915369712305,243.75,8.159451,0.4818966
-49.42915369712305,245.625,8.149998,0.47447407
-49.42915369712305,247.5,8.093474,0.46375322
-49.42915369712305,249.375,8.026912,0.44656143
-49.42915369712305,251.25,8.016404,0.4235752
-49.42915369712305,253.125,8.089841,0.40818292
-49.42915369712305,255.0,8.143611,0.39408362
-49.42915369712305,256.875,8.113669,0.37476423
-49.42915369712305,258.75,8.020935,0.35716024
-49.42915369712305,260.625,7.936697,0.33579516
-49.42915369712305,262.5,7.8808374,0.31697363
-49.42915369712305,264.375,7.7894506,0.29669213
-49.42915369712305,266.25,7.7325954,0.29913294
-49.42915369712305,268.125,7.8176537,0.4023328
-49.42915369712305,270.0,8.069217,0.5735041
-49.42915369712305,271.875,8.325369,0.6350936
-49.42915369712305,273.75,8.462693,0.6784341
-49.42915369712305,275.625,8.667244,0.71321523
-49.42915369712305,277.5,9.084177,0.59618664
-49.42915369712305,279.375,9.579607,0.34739965
-49.42915369712305,281.25,9.560583,0.3294501
-49.42915369712305,283.125,9.0248995,0.38379148
-49.42915369712305,285.0,6.591404,0.7985248
-49.42915369712305,286.875,6.132693,1.0261943
-49.42915369712305,288.75,8.796423,1.1321187
-49.42915369712305,290.625,12.616521,1.218022
-49.42915369712305,292.5,10.167107,0.5289121
-49.42915369712305,294.375,10.311287,0.5152075
-49.42915369712305,296.25,9.472947,0.47262636
-49.42915369712305,298.125,8.851833,0.4070817
-49.42915369712305,300.0,8.60865,0.3910462
-49.42915369712305,301.875,8.346971,0.38420734
-49.42915369712305,303.75,7.7150173,0.3529807
-49.42915369712305,305.625,7.100857,0.34444803
-49.42915369712305,307.5,6.291931,0.3968294
-49.42915369712305,309.375,5.838025,0.42710036
-49.42915369712305,311.25,6.161853,0.45245674
-49.42915369712305,313.125,6.4822435,0.49005747
-49.42915369712305,315.0,6.434236,0.611618
-49.42915369712305,316.875,6.220974,0.714533
-49.42915369712305,318.75,6.1229467,0.8142141
-49.42915369712305,320.625,6.2184353,0.7890554
-49.42915369712305,322.5,6.279509,0.72598994
-49.42915369712305,324.375,6.2321653,0.75387216
-49.42915369712305,326.25,6.077849,0.6950089
-49.42915369712305,328.125,5.956267,0.69796383
-49.42915369712305,330.0,5.8933177,0.5788735
-49.42915369712305,331.875,5.779685,0.6106422
-49.42915369712305,333.75,5.542615,0.64943725
-49.42915369712305,335.625,5.375662,0.5851654
-49.42915369712305,337.5,5.407322,0.59284776
-49.42915369712305,339.375,5.601521,0.70110905
-49.42915369712305,341.25,5.8040013,0.70033014
-49.42915369712305,343.125,5.9140015,0.54696524
-49.42915369712305,345.0,5.867146,0.54232544
-49.42915369712305,346.875,5.632849,0.5155788
-49.42915369712305,348.75,5.18865,0.4793089
-49.42915369712305,350.625,4.7983956,0.4387192
-49.42915369712305,352.5,4.7472434,0.36322454
-49.42915369712305,354.375,4.933181,0.37257424
-49.42915369712305,356.25,5.238513,0.41164973
-49.42915369712305,358.125,5.3940406,0.438959
-47.56392574797867,0.0,6.692478,0.5051804
-47.56392574797867,1.875,6.8655443,0.51765513
-47.56392574797867,3.75,6.969236,0.5055177
-47.56392574797867,5.625,6.7474194,0.48788515
-47.56392574797867,7.5,6.5692163,0.42656854
-47.56392574797867,9.375,6.7978687,0.4393606
-47.56392574797867,11.25,7.3493333,0.41457283
-47.56392574797867,13.125,7.690974,0.4852023
-47.56392574797867,15.0,7.600525,0.51859826
-47.56392574797867,16.875,7.3627906,0.49135083
-47.56392574797867,18.75,7.416814,0.4857236
-47.56392574797867,20.625,7.6271267,0.47754976
-47.56392574797867,22.5,7.8318725,0.4983789
-47.56392574797867,24.375,7.722849,0.47739068
-47.56392574797867,26.25,7.647517,0.5020716
-47.56392574797867,28.125,7.7594314,0.48928326
-47.56392574797867,30.0,7.9249973,0.46596855
-47.56392574797867,31.875,7.9669704,0.43555897
-47.56392574797867,33.75,7.9851146,0.411394
-47.56392574797867,35.625,8.089002,0.39749026
-47.56392574797867,37.5,8.212439,0.38863578
-47.56392574797867,39.375,8.135271,0.3849169
-47.56392574797867,41.25,8.010506,0.37333444
-47.56392574797867,43.125,7.945095,0.37112442
-47.56392574797867,45.0,7.9257984,0.3759531
-47.56392574797867,46.875,7.8285327,0.37235788
-47.56392574797867,48.75,7.6748805,0.35186252
-47.56392574797867,50.625,7.494197,0.33536148
-47.56392574797867,52.5,7.242517,0.3172657
-47.56392574797867,54.375,7.0932007,0.28730103
-47.56392574797867,56.25,7.115935,0.2657776
-47.56392574797867,58.125,7.2015796,0.30076006
-47.56392574797867,60.0,7.3144116,0.36238292
-47.56392574797867,61.875,7.3176928,0.38053602
-47.56392574797867,63.75,7.236482,0.38365972
-47.56392574797867,65.625,7.1089234,0.35537103
-47.56392574797867,67.5,6.9955835,0.3062504
-47.56392574797867,69.375,7.032146,0.28048617
-47.56392574797867,71.25,7.371853,0.27063674
-47.56392574797867,73.125,7.792615,0.3184122
-47.56392574797867,75.0,8.114353,0.34654352
-47.56392574797867,76.875,8.273455,0.35036603
-47.56392574797867,78.75,8.487107,0.357426
-47.56392574797867,80.625,8.747028,0.4101046
-47.56392574797867,82.5,8.849275,0.43842122
-47.56392574797867,84.375,8.74115,0.45595154
-47.56392574797867,86.25,8.737868,0.49895662
-47.56392574797867,88.125,8.917127,0.538299
-47.56392574797867,90.0,9.128728,0.51817876
-47.56392574797867,91.875,9.171911,0.45634943
-47.56392574797867,93.75,9.077087,0.4134245
-47.56392574797867,95.625,8.988533,0.39858612
-47.56392574797867,97.5,8.990935,0.3901916
-47.56392574797867,99.375,9.033357,0.37464872
-47.56392574797867,101.25,9.027927,0.37012914
-47.56392574797867,103.125,8.992478,0.3690808
-47.56392574797867,105.0,8.960213,0.35573003
-47.56392574797867,106.875,8.941189,0.3434273
-47.56392574797867,108.75,8.92324,0.33060446
-47.56392574797867,110.625,8.90951,0.33050328
-47.56392574797867,112.5,8.914509,0.31526244
-47.56392574797867,114.375,8.923728,0.28290302
-47.56392574797867,116.25,8.881833,0.2943663
-47.56392574797867,118.125,8.790075,0.31038252
-47.56392574797867,120.0,8.726365,0.30666494
-47.56392574797867,121.875,8.726638,0.29928398
-47.56392574797867,123.75,8.760662,0.2966399
-47.56392574797867,125.625,8.7707,0.3008676
-47.56392574797867,127.5,8.770115,0.33137864
-47.56392574797867,129.375,8.811775,0.37504265
-47.56392574797867,131.25,8.952537,0.44423062
-47.56392574797867,133.125,9.130252,0.5033563
-47.56392574797867,135.0,9.253864,0.508306
-47.56392574797867,136.875,9.365115,0.5117491
-47.56392574797867,138.75,9.532576,0.5660963
-47.56392574797867,140.625,9.745291,0.70415896
-47.56392574797867,142.5,9.9955635,0.79968774
-47.56392574797867,144.375,10.192693,0.7903981
-47.56392574797867,146.25,10.176384,0.75997484
-47.56392574797867,148.125,10.0099,0.7671242
-47.56392574797867,150.0,9.752771,0.6138722
-47.56392574797867,151.875,9.666853,0.4587022
-47.56392574797867,153.75,9.828318,0.474538
-47.56392574797867,155.625,10.105838,0.51546043
-47.56392574797867,157.5,10.266482,0.52421254
-47.56392574797867,159.375,10.154763,0.52888167
-47.56392574797867,161.25,9.939588,0.4822483
-47.56392574797867,163.125,10.210193,0.4750394
-47.56392574797867,165.0,10.995837,0.43273005
-47.56392574797867,166.875,11.143826,0.450866
-47.56392574797867,168.75,10.399549,0.4403273
-47.56392574797867,170.625,9.840525,0.46264493
-47.56392574797867,172.5,9.929783,0.48485202
-47.56392574797867,174.375,10.191032,0.5241187
-47.56392574797867,176.25,10.696247,0.7595146
-47.56392574797867,178.125,11.036033,0.9906833
-47.56392574797867,180.0,11.291853,1.0165949
-47.56392574797867,181.875,11.6918335,0.936315
-47.56392574797867,183.75,11.968728,0.8166799
-47.56392574797867,185.625,11.930173,0.6781766
-47.56392574797867,187.5,11.784471,0.5734443
-47.56392574797867,189.375,11.651267,0.5691826
-47.56392574797867,191.25,11.404841,0.6386027
-47.56392574797867,193.125,11.163396,0.6407577
-47.56392574797867,195.0,11.014705,0.5857811
-47.56392574797867,196.875,10.948748,0.5811348
-47.56392574797867,198.75,10.976248,0.552578
-47.56392574797867,200.625,10.953083,0.52311057
-47.56392574797867,202.5,10.802302,0.5032466
-47.56392574797867,204.375,10.625252,0.4946397
-47.56392574797867,206.25,10.540252,0.50687516
-47.56392574797867,208.125,10.514275,0.5179798
-47.56392574797867,210.0,10.418787,0.5131585
-47.56392574797867,211.875,10.2840605,0.50558126
-47.56392574797867,213.75,10.191658,0.49221978
-47.56392574797867,215.625,10.101599,0.47324038
-47.56392574797867,217.5,10.005564,0.45620137
-47.56392574797867,219.375,9.867478,0.44921792
-47.56392574797867,221.25,9.689685,0.44210503
-47.56392574797867,223.125,9.607556,0.461248
-47.56392574797867,225.0,9.589197,0.48773545
-47.56392574797867,226.875,9.518806,0.51210177
-47.56392574797867,228.75,9.379626,0.5223061
-47.56392574797867,230.625,9.21408,0.514334
-47.56392574797867,232.5,9.142732,0.4998565
-47.56392574797867,234.375,9.136833,0.5087942
-47.56392574797867,236.25,9.127244,0.5196556
-47.56392574797867,238.125,9.075153,0.52919406
-47.56392574797867,240.0,9.018162,0.5324139
-47.56392574797867,241.875,9.023376,0.53457445
-47.56392574797867,243.75,9.0588455,0.52787995
-47.56392574797867,245.625,9.014002,0.5119969
-47.56392574797867,247.5,8.9006815,0.48953688
-47.56392574797867,249.375,8.810818,0.47438344
-47.56392574797867,251.25,8.81904,0.46114028
-47.56392574797867,253.125,8.906443,0.4551216
-47.56392574797867,255.0,8.921697,0.45042422
-47.56392574797867,256.875,8.815583,0.43248996
-47.56392574797867,258.75,8.693123,0.40665016
-47.56392574797867,260.625,8.650661,0.37116247
-47.56392574797867,262.5,8.695486,0.34007022
-47.56392574797867,264.375,8.672205,0.31980833
-47.56392574797867,266.25,8.574197,0.33208013
-47.56392574797867,268.125,8.547009,0.40630805
-47.56392574797867,270.0,8.713435,0.5424771
-47.56392574797867,271.875,9.004314,0.6323811
-47.56392574797867,273.75,9.153474,0.690379
-47.56392574797867,275.625,9.33408,0.732346
-47.56392574797867,277.5,9.7550955,0.6038502
-47.56392574797867,279.375,10.3534155,0.39146814
-47.56392574797867,281.25,10.420896,0.3955193
-47.56392574797867,283.125,9.883064,0.40987164
-47.56392574797867,285.0,7.527322,0.8130818
-47.56392574797867,286.875,6.4987473,1.1414362
-47.56392574797867,288.75,8.450837,1.2365851
-47.56392574797867,290.625,13.081111,1.2939975
-47.56392574797867,292.5,16.966698,1.2569612
-47.56392574797867,294.375,11.349334,0.5466106
-47.56392574797867,296.25,10.605173,0.55941904
-47.56392574797867,298.125,9.72363,0.50808746
-47.56392574797867,300.0,9.469002,0.5156305
-47.56392574797867,301.875,9.240954,0.69613
-47.56392574797867,303.75,8.340545,0.48223296
-47.56392574797867,305.625,7.5726733,0.4217931
-47.56392574797867,307.5,6.9517946,0.4584829
-47.56392574797867,309.375,6.853884,0.46516347
-47.56392574797867,311.25,7.3215013,0.4673957
-47.56392574797867,313.125,7.887224,0.6179509
-47.56392574797867,315.0,8.41654,0.92002267
-47.56392574797867,316.875,8.22947,0.94842094
-47.56392574797867,318.75,7.7597632,0.7905673
-47.56392574797867,320.625,7.5343533,0.756134
-47.56392574797867,322.5,7.5637865,0.8276177
-47.56392574797867,324.375,7.5649195,0.809342
-47.56392574797867,326.25,7.4613843,0.7793381
-47.56392574797867,328.125,7.334275,0.8558719
-47.56392574797867,330.0,7.194587,0.7044224
-47.56392574797867,331.875,7.0049195,0.6510393
-47.56392574797867,333.75,6.839939,0.6915456
-47.56392574797867,335.625,6.708845,0.6711736
-47.56392574797867,337.5,6.8551345,0.70909256
-47.56392574797867,339.375,7.1851344,0.84246016
-47.56392574797867,341.25,7.5320287,0.88705695
-47.56392574797867,343.125,7.562029,0.6751294
-47.56392574797867,345.0,7.333298,0.4965605
-47.56392574797867,346.875,6.958396,0.4955522
-47.56392574797867,348.75,6.57156,0.51921076
-47.56392574797867,350.625,6.3989625,0.5603913
-47.56392574797867,352.5,6.635232,0.59005696
-47.56392574797867,354.375,7.148494,0.6061745
-47.56392574797867,356.25,7.1998415,0.578024
-47.56392574797867,358.125,6.865642,0.50224394
-45.698693877701785,0.0,8.630486,0.5834437
-45.698693877701785,1.875,8.614841,0.5787131
-45.698693877701785,3.75,8.660271,0.5779347
-45.698693877701785,5.625,8.583044,0.52974516
-45.698693877701785,7.5,8.410427,0.5209661
-45.698693877701785,9.375,8.516971,0.5771149
-45.698693877701785,11.25,8.897478,0.5743031
-45.698693877701785,13.125,9.175603,0.5676765
-45.698693877701785,15.0,9.087107,0.55681163
-45.698693877701785,16.875,8.90738,0.45364186
-45.698693877701785,18.75,8.990681,0.5159907
-45.698693877701785,20.625,9.247869,0.55588746
-45.698693877701785,22.5,9.411756,0.53504735
-45.698693877701785,24.375,9.311306,0.5187453
-45.698693877701785,26.25,9.193416,0.51545423
-45.698693877701785,28.125,9.301911,0.50265604
-45.698693877701785,30.0,9.464939,0.5036592
-45.698693877701785,31.875,9.409704,0.4860454
-45.698693877701785,33.75,9.289607,0.4301393
-45.698693877701785,35.625,9.261443,0.3882261
-45.698693877701785,37.5,9.276013,0.38622826
-45.698693877701785,39.375,9.2274,0.38801667
-45.698693877701785,41.25,9.095955,0.37624276
-45.698693877701785,43.125,8.975935,0.3622967
-45.698693877701785,45.0,8.887439,0.36850706
-45.698693877701785,46.875,8.683084,0.37405938
-45.698693877701785,48.75,8.483982,0.3578671
-45.698693877701785,50.625,8.418513,0.3538012
-45.698693877701785,52.5,8.317322,0.37045848
-45.698693877701785,54.375,8.073904,0.36365512
-45.698693877701785,56.25,7.9186306,0.326883
-45.698693877701785,58.125,7.9423413,0.314058
-45.698693877701785,60.0,8.0066185,0.33643165
-45.698693877701785,61.875,8.00031,0.37399408
-45.698693877701785,63.75,7.991892,0.40181637
-45.698693877701785,65.625,8.051755,0.41906273
-45.698693877701785,67.5,8.117244,0.4152099
-45.698693877701785,69.375,8.113103,0.40160176
-45.698693877701785,71.25,8.186541,0.4001239
-45.698693877701785,73.125,8.503181,0.42330286
-45.698693877701785,75.0,8.839177,0.40768453
-45.698693877701785,76.875,8.832185,0.39515686
-45.698693877701785,78.75,8.821873,0.3812182
-45.698693877701785,80.625,9.01701,0.39195675
-45.698693877701785,82.5,9.407458,0.44719878
-45.698693877701785,84.375,9.642185,0.4623576
-45.698693877701785,86.25,9.731619,0.46163958
-45.698693877701785,88.125,9.775525,0.4428199
-45.698693877701785,90.0,9.785232,0.42013246
-45.698693877701785,91.875,9.728826,0.40504268
-45.698693877701785,93.75,9.6144705,0.39849153
-45.698693877701785,95.625,9.542283,0.39644757
-45.698693877701785,97.5,9.516775,0.3970877
-45.698693877701785,99.375,9.440583,0.4128357
-45.698693877701785,101.25,9.307732,0.4263904
-45.698693877701785,103.125,9.191658,0.41884065
-45.698693877701785,105.0,9.171911,0.39252394
-45.698693877701785,106.875,9.199197,0.3712191
-45.698693877701785,108.75,9.211775,0.3555644
-45.698693877701785,110.625,9.190896,0.34016642
-45.698693877701785,112.5,9.162478,0.3237062
-45.698693877701785,114.375,9.135545,0.319775
-45.698693877701785,116.25,9.093337,0.33311796
-45.698693877701785,118.125,9.057517,0.3437237
-45.698693877701785,120.0,9.047947,0.3344685
-45.698693877701785,121.875,9.090994,0.3250531
-45.698693877701785,123.75,9.162712,0.3278658
-45.698693877701785,125.625,9.235798,0.3539823
-45.698693877701785,127.5,9.304802,0.38306895
-45.698693877701785,129.375,9.43201,0.41495296
-45.698693877701785,131.25,9.629119,0.47651577
-45.698693877701785,133.125,9.819529,0.5270813
-45.698693877701785,135.0,9.9628105,0.53670114
-45.698693877701785,136.875,10.195505,0.55929106
-45.698693877701785,138.75,10.620779,0.6592838
-45.698693877701785,140.625,11.229548,0.77054834
-45.698693877701785,142.5,11.721814,0.8204068
-45.698693877701785,144.375,12.203552,0.8419606
-45.698693877701785,146.25,12.759158,0.8715279
-45.698693877701785,148.125,13.01617,1.0322475
-45.698693877701785,150.0,12.510193,1.1271209
-45.698693877701785,151.875,11.485876,0.9591271
-45.698693877701785,153.75,11.130271,0.6515031
-45.698693877701785,155.625,11.508318,0.62607276
-45.698693877701785,157.5,12.020974,0.59637994
-45.698693877701785,159.375,12.13242,0.57874745
-45.698693877701785,161.25,11.902497,0.5701116
-45.698693877701785,163.125,11.816755,0.53746223
-45.698693877701785,165.0,11.919002,0.47673392
-45.698693877701785,166.875,11.842127,0.46794203
-45.698693877701785,168.75,11.519802,0.9892195
-45.698693877701785,170.625,10.95779,0.52881634
-45.698693877701785,172.5,11.211208,0.54469156
-45.698693877701785,174.375,11.98197,0.75168306
-45.698693877701785,176.25,12.827302,1.0846907
-45.698693877701785,178.125,13.031463,1.0614849
-45.698693877701785,180.0,13.112635,0.9236588
-45.698693877701785,181.875,13.3732,0.75607777
-45.698693877701785,183.75,13.545368,0.65394056
-45.698693877701785,185.625,13.420271,0.68517977
-45.698693877701785,187.5,13.034881,0.6600781
-45.698693877701785,189.375,12.672927,0.55094355
-45.698693877701785,191.25,12.537947,0.5223426
-45.698693877701785,193.125,12.377556,0.52069485
-45.698693877701785,195.0,12.141033,0.49912742
-45.698693877701785,196.875,11.961111,0.45685726
-45.698693877701785,198.75,11.891541,0.42412424
-45.698693877701785,200.625,11.799177,0.4085106
-45.698693877701785,202.5,11.637088,0.41067177
-45.698693877701785,204.375,11.47783,0.4247953
-45.698693877701785,206.25,11.351658,0.4338643
-45.698693877701785,208.125,11.246424,0.43426508
-45.698693877701785,210.0,11.096287,0.4404316
-45.698693877701785,211.875,10.901345,0.43984422
-45.698693877701785,213.75,10.806306,0.4411047
-45.698693877701785,215.625,10.759568,0.43955427
-45.698693877701785,217.5,10.678162,0.4408916
-45.698693877701785,219.375,10.506482,0.44323003
-45.698693877701785,221.25,10.320056,0.4566018
-45.698693877701785,223.125,10.239841,0.4732624
-45.698693877701785,225.0,10.245915,0.49729204
-45.698693877701785,226.875,10.204568,0.5252229
-45.698693877701785,228.75,10.146442,0.54497415
-45.698693877701785,230.625,10.133806,0.54470444
-45.698693877701785,232.5,10.179216,0.54320186
-45.698693877701785,234.375,10.186345,0.54584587
-45.698693877701785,236.25,10.079822,0.5569825
-45.698693877701785,238.125,9.982713,0.55671805
-45.698693877701785,240.0,9.944705,0.5525513
-45.698693877701785,241.875,9.978357,0.5515303
-45.698693877701785,243.75,10.007282,0.5492202
-45.698693877701785,245.625,9.927712,0.5397183
-45.698693877701785,247.5,9.818396,0.5246166
-45.698693877701785,249.375,9.747361,0.5079775
-45.698693877701785,251.25,9.729431,0.49845657
-45.698693877701785,253.125,9.728513,0.48788103
-45.698693877701785,255.0,9.687185,0.47248688
-45.698693877701785,256.875,9.61908,0.45049858
-45.698693877701785,258.75,9.575291,0.4238275
-45.698693877701785,260.625,9.584842,0.39198118
-45.698693877701785,262.5,9.661385,0.37038332
-45.698693877701785,264.375,9.678845,0.3569753
-45.698693877701785,266.25,9.564919,0.3500628
-45.698693877701785,268.125,9.391462,0.36727569
-45.698693877701785,270.0,9.362087,0.42057776
-45.698693877701785,271.875,9.68111,0.5200571
-45.698693877701785,273.75,10.070271,0.6201118
-45.698693877701785,275.625,10.3869705,0.68610805
-45.698693877701785,277.5,10.680642,0.6525125
-45.698693877701785,279.375,11.000075,0.48978537
-45.698693877701785,281.25,11.27031,0.44222304
-45.698693877701785,283.125,11.127693,0.4667681
-45.698693877701785,285.0,10.877185,0.45065865
-45.698693877701785,286.875,7.7423997,1.071355
-45.698693877701785,288.75,8.639548,1.3234802
-45.698693877701785,290.625,13.454041,1.4437548
-45.698693877701785,292.5,17.70281,1.3858333
-45.698693877701785,294.375,12.451541,0.6595876
-45.698693877701785,296.25,11.929861,0.68760866
-45.698693877701785,298.125,11.896931,0.61797386
-45.698693877701785,300.0,12.140818,1.0648764
-45.698693877701785,301.875,14.032224,1.8188288
-45.698693877701785,303.75,13.822322,1.7104157
-45.698693877701785,305.625,11.823357,1.2030537
-45.698693877701785,307.5,9.934079,0.84554625
-45.698693877701785,309.375,8.81824,0.71552426
-45.698693877701785,311.25,8.740466,0.72694457
-45.698693877701785,313.125,9.935603,1.0596484
-45.698693877701785,315.0,11.649568,1.3336917
-45.698693877701785,316.875,11.975661,1.2958372
-45.698693877701785,318.75,11.349567,1.2388053
-45.698693877701785,320.625,10.580271,1.1378195
-45.698693877701785,322.5,10.167927,1.2146834
-45.698693877701785,324.375,10.019489,1.2346556
-45.698693877701785,326.25,9.939509,1.1495043
-45.698693877701785,328.125,9.7036495,1.2186077
-45.698693877701785,330.0,9.494822,1.1465255
-45.698693877701785,331.875,9.20406,1.0002117
-45.698693877701785,333.75,8.924958,0.98242366
-45.698693877701785,335.625,8.874197,0.91041124
-45.698693877701785,337.5,9.175955,0.9159323
-45.698693877701785,339.375,9.6613455,0.98458743
-45.698693877701785,341.25,9.834724,0.9472249
-45.698693877701785,343.125,9.499432,0.73808885
-45.698693877701785,345.0,8.962986,0.54166996
-45.698693877701785,346.875,8.546423,0.5302992
-45.698693877701785,348.75,8.302869,0.56493807
-45.698693877701785,350.625,8.299958,0.6166336
-45.698693877701785,352.5,8.682204,0.65097815
-45.698693877701785,354.375,9.27447,0.6337593
-45.698693877701785,356.25,9.350818,0.56056017
-45.698693877701785,358.125,8.962166,0.5523937
-43.83345857895126,0.0,11.130291,0.5879699
-43.83345857895126,1.875,11.194372,0.6225068
-43.83345857895126,3.75,11.397595,0.6630388
-43.83345857895126,5.625,11.517361,0.67058986
-43.83345857895126,7.5,11.544958,0.6595149
-43.83345857895126,9.375,11.699411,0.6700852
-43.83345857895126,11.25,11.915584,0.6256268
-43.83345857895126,13.125,11.95451,0.6467205
-43.83345857895126,15.0,11.59197,0.60022074
-43.83345857895126,16.875,11.251208,0.49538556
-43.83345857895126,18.75,11.158377,0.52240515
-43.83345857895126,20.625,11.214529,0.5214742
-43.83345857895126,22.5,11.110193,0.5308912
-43.83345857895126,24.375,10.926755,0.5293851
-43.83345857895126,26.25,10.834275,0.50145257
-43.83345857895126,28.125,11.048786,0.5027688
-43.83345857895126,30.0,11.281072,0.5033211
-43.83345857895126,31.875,11.23576,0.4957323
-43.83345857895126,33.75,10.975193,0.46137848
-43.83345857895126,35.625,10.734099,0.45281264
-43.83345857895126,37.5,10.587146,0.45264974
-43.83345857895126,39.375,10.518552,0.44665578
-43.83345857895126,41.25,10.45947,0.43100947
-43.83345857895126,43.125,10.413416,0.41894662
-43.83345857895126,45.0,10.369704,0.42337048
-43.83345857895126,46.875,10.246502,0.43825036
-43.83345857895126,48.75,10.0736885,0.44155148
-43.83345857895126,50.625,10.04365,0.4391274
-43.83345857895126,52.5,10.077712,0.43996868
-43.83345857895126,54.375,9.989372,0.4375394
-43.83345857895126,56.25,9.822126,0.42311513
-43.83345857895126,58.125,9.6872635,0.40981138
-43.83345857895126,60.0,9.583942,0.4283299
-43.83345857895126,61.875,9.412087,0.45196
-43.83345857895126,63.75,9.275193,0.46009725
-43.83345857895126,65.625,9.284372,0.45896354
-43.83345857895126,67.5,9.378201,0.45668364
-43.83345857895126,69.375,9.475115,0.45466834
-43.83345857895126,71.25,9.561912,0.46010005
-43.83345857895126,73.125,9.932908,0.46589273
-43.83345857895126,75.0,10.159021,0.45325628
-43.83345857895126,76.875,9.878474,0.4438138
-43.83345857895126,78.75,9.6468725,0.42536002
-43.83345857895126,80.625,9.794919,0.44187525
-43.83345857895126,82.5,10.116325,0.4398096
-43.83345857895126,84.375,10.261326,0.37104282
-43.83345857895126,86.25,10.232849,0.3951275
-43.83345857895126,88.125,10.142536,0.41523963
-43.83345857895126,90.0,10.073533,0.41060483
-43.83345857895126,91.875,9.998044,0.4140366
-43.83345857895126,93.75,9.902693,0.40736002
-43.83345857895126,95.625,9.841287,0.40488917
-43.83345857895126,97.5,9.812087,0.3992493
-43.83345857895126,99.375,9.762615,0.38776582
-43.83345857895126,101.25,9.668942,0.3869416
-43.83345857895126,103.125,9.609549,0.38758567
-43.83345857895126,105.0,9.625017,0.3719397
-43.83345857895126,106.875,9.681599,0.35844678
-43.83345857895126,108.75,9.701169,0.3499509
-43.83345857895126,110.625,9.660759,0.36394516
-43.83345857895126,112.5,9.633064,0.3729272
-43.83345857895126,114.375,9.616443,0.36958617
-43.83345857895126,116.25,9.596677,0.37092295
-43.83345857895126,118.125,9.603865,0.36255056
-43.83345857895126,120.0,9.627908,0.35433054
-43.83345857895126,121.875,9.6579075,0.36228916
-43.83345857895126,123.75,9.732888,0.39049464
-43.83345857895126,125.625,9.872127,0.4332302
-43.83345857895126,127.5,10.060544,0.46942627
-43.83345857895126,129.375,10.282283,0.48818797
-43.83345857895126,131.25,10.53031,0.48718515
-43.83345857895126,133.125,10.717049,0.47960746
-43.83345857895126,135.0,10.78238,0.47481987
-43.83345857895126,136.875,10.9662285,0.49344352
-43.83345857895126,138.75,11.311619,0.5221908
-43.83345857895126,140.625,11.77029,0.53331876
-43.83345857895126,142.5,12.194549,0.56269103
-43.83345857895126,144.375,12.633493,0.6130379
-43.83345857895126,146.25,13.248923,0.76332265
-43.83345857895126,148.125,14.786247,0.8628057
-43.83345857895126,150.0,14.8503685,0.86999714
-43.83345857895126,151.875,14.004919,0.9803388
-43.83345857895126,153.75,13.049919,0.82296914
-43.83345857895126,155.625,13.114685,0.677381
-43.83345857895126,157.5,13.495075,0.5532347
-43.83345857895126,159.375,13.512556,0.5210482
-43.83345857895126,161.25,13.291385,0.5305636
-43.83345857895126,163.125,13.094685,0.51871693
-43.83345857895126,165.0,13.064392,0.51420975
-43.83345857895126,166.875,12.521091,0.50673705
-43.83345857895126,168.75,12.170896,0.53862846
-43.83345857895126,170.625,12.4726925,0.9547182
-43.83345857895126,172.5,13.33867,0.6153619
-43.83345857895126,174.375,14.254138,0.65885526
-43.83345857895126,176.25,14.893591,0.71093774
-43.83345857895126,178.125,15.039568,0.6945146
-43.83345857895126,180.0,14.660486,0.64322126
-43.83345857895126,181.875,14.424177,0.5621172
-43.83345857895126,183.75,14.514353,0.5368306
-43.83345857895126,185.625,14.702654,0.536867
-43.83345857895126,187.5,14.51115,0.6225381
-43.83345857895126,189.375,13.668631,0.63879764
-43.83345857895126,191.25,13.218259,0.53187925
-43.83345857895126,193.125,13.032557,0.50411594
-43.83345857895126,195.0,12.829158,0.48943564
-43.83345857895126,196.875,12.679958,0.46686798
-43.83345857895126,198.75,12.572693,0.44871092
-43.83345857895126,200.625,12.450037,0.45262292
-43.83345857895126,202.5,12.218924,0.46018857
-43.83345857895126,204.375,12.030798,0.46879324
-43.83345857895126,206.25,11.961795,0.4650588
-43.83345857895126,208.125,11.934334,0.46973923
-43.83345857895126,210.0,11.839861,0.4860918
-43.83345857895126,211.875,11.672986,0.49227002
-43.83345857895126,213.75,11.588963,0.48324025
-43.83345857895126,215.625,11.603767,0.48539817
-43.83345857895126,217.5,11.5851145,0.503983
-43.83345857895126,219.375,11.523396,0.5335781
-43.83345857895126,221.25,11.499353,0.5617637
-43.83345857895126,223.125,11.547908,0.57187176
-43.83345857895126,225.0,11.511736,0.5775875
-43.83345857895126,226.875,11.34281,0.59119815
-43.83345857895126,228.75,11.217282,0.5903197
-43.83345857895126,230.625,11.241677,0.58443207
-43.83345857895126,232.5,11.327928,0.58232576
-43.83345857895126,234.375,11.307537,0.5803535
-43.83345857895126,236.25,11.15074,0.5708826
-43.83345857895126,238.125,11.089177,0.56025684
-43.83345857895126,240.0,11.080681,0.5559962
-43.83345857895126,241.875,11.01611,0.5478402
-43.83345857895126,243.75,10.871931,0.53776675
-43.83345857895126,245.625,10.7787285,0.52732456
-43.83345857895126,247.5,10.814256,0.52467823
-43.83345857895126,249.375,10.8408375,0.51724374
-43.83345857895126,251.25,10.810212,0.500067
-43.83345857895126,253.125,10.704001,0.47729748
-43.83345857895126,255.0,10.651638,0.46169478
-43.83345857895126,256.875,10.710818,0.4546012
-43.83345857895126,258.75,10.720994,0.44184867
-43.83345857895126,260.625,10.623279,0.42128843
-43.83345857895126,262.5,10.501989,0.40041924
-43.83345857895126,264.375,10.521131,0.39050984
-43.83345857895126,266.25,10.608279,0.39544854
-43.83345857895126,268.125,10.550662,0.41163608
-43.83345857895126,270.0,10.342049,0.41852438
-43.83345857895126,271.875,10.379626,0.43406656
-43.83345857895126,273.75,10.755896,0.5115985
-43.83345857895126,275.625,11.275466,0.6279147
-43.83345857895126,277.5,11.778474,0.63019294
-43.83345857895126,279.375,11.876736,0.5305872
-43.83345857895126,281.25,12.03574,0.4744451
-43.83345857895126,283.125,12.235369,0.48615342
-43.83345857895126,285.0,11.969646,0.44195384
-43.83345857895126,286.875,9.695721,1.0958081
-43.83345857895126,288.75,9.153513,1.432404
-43.83345857895126,290.625,13.039646,1.6340024
-43.83345857895126,292.5,17.42613,1.574075
-43.83345857895126,294.375,20.274763,1.4142296
-43.83345857895126,296.25,13.537967,0.76786315
-43.83345857895126,298.125,13.135096,0.69861245
-43.83345857895126,300.0,14.140076,0.8113986
-43.83345857895126,301.875,17.28154,0.5952081
-43.83345857895126,303.75,17.994392,0.5007502
-43.83345857895126,305.625,17.503845,0.5114833
-43.83345857895126,307.5,16.454235,0.5899969
-43.83345857895126,309.375,15.224275,0.7944919
-43.83345857895126,311.25,14.481482,0.92435926
-43.83345857895126,313.125,14.763162,0.9437378
-43.83345857895126,315.0,15.201014,0.7682013
-43.83345857895126,316.875,15.026697,0.6240275
-43.83345857895126,318.75,14.596248,0.59672976
-43.83345857895126,320.625,14.072967,0.68311304
-43.83345857895126,322.5,13.773708,0.76140785
-43.83345857895126,324.375,13.709861,0.7529756
-43.83345857895126,326.25,13.678337,0.7487476
-43.83345857895126,328.125,13.537419,0.766349
-43.83345857895126,330.0,13.282635,0.73092866
-43.83345857895126,331.875,12.984627,0.759706
-43.83345857895126,333.75,12.704471,0.8120894
-43.83345857895126,335.625,12.726384,0.7874441
-43.83345857895126,337.5,13.021365,0.71241426
-43.83345857895126,339.375,13.181658,0.560735
-43.83345857895126,341.25,12.904255,0.5722884
-43.83345857895126,343.125,12.327341,0.5901481
-43.83345857895126,345.0,11.755486,0.6720482
-43.83345857895126,346.875,11.416657,0.6861518
-43.83345857895126,348.75,11.231365,0.70455736
-43.83345857895126,350.625,11.136677,0.72472835
-43.83345857895126,352.5,11.377673,0.75453013
-43.83345857895126,354.375,11.684392,0.7032673
-43.83345857895126,356.25,11.70158,0.61329985
-43.83345857895126,358.125,11.35447,0.6154978
-41.96822026907538,0.0,13.954822,0.6880191
-41.96822026907538,1.875,14.413513,0.6547775
-41.96822026907538,3.75,14.8530445,0.5605183
-41.96822026907538,5.625,14.823006,0.44749153
-41.96822026907538,7.5,14.662576,0.36818793
-41.96822026907538,9.375,14.583962,0.36278355
-41.96822026907538,11.25,14.61076,0.40275615
-41.96822026907538,13.125,14.4936695,0.40786156
-41.96822026907538,15.0,14.3049,0.37669846
-41.96822026907538,16.875,14.133864,0.3981583
-41.96822026907538,18.75,14.067458,0.41653255
-41.96822026907538,20.625,13.984724,0.41859964
-41.96822026907538,22.5,13.739314,0.40328816
-41.96822026907538,24.375,13.33908,0.41181713
-41.96822026907538,26.25,12.962439,0.42849788
-41.96822026907538,28.125,12.863689,0.44495034
-41.96822026907538,30.0,13.013963,0.45205086
-41.96822026907538,31.875,13.065447,0.45798674
-41.96822026907538,33.75,12.978259,0.45176655
-41.96822026907538,35.625,12.890467,0.45001876
-41.96822026907538,37.5,12.812849,0.45821363
-41.96822026907538,39.375,12.764744,0.4770748
-41.96822026907538,41.25,12.750603,0.4804937
-41.96822026907538,43.125,12.718083,0.47379702
-41.96822026907538,45.0,12.623435,0.4763991
-41.96822026907538,46.875,12.510584,0.48487625
-41.96822026907538,48.75,12.421111,0.47988892
-41.96822026907538,50.625,12.412986,0.4723108
-41.96822026907538,52.5,12.399978,0.47548065
-41.96822026907538,54.375,12.2949,0.47628146
-41.96822026907538,56.25,12.104118,0.4755364
-41.96822026907538,58.125,11.914665,0.49327394
-41.96822026907538,60.0,11.7223215,0.50464773
-41.96822026907538,61.875,11.537908,0.50448155
-41.96822026907538,63.75,11.459783,0.5073676
-41.96822026907538,65.625,11.528317,0.52625656
-41.96822026907538,67.5,11.555857,0.5175802
-41.96822026907538,69.375,11.409314,0.48610902
-41.96822026907538,71.25,11.228885,0.46904907
-41.96822026907538,73.125,11.245213,0.42960536
-41.96822026907538,75.0,11.136482,0.4049971
-41.96822026907538,76.875,10.802068,0.44381732
-41.96822026907538,78.75,10.748142,0.4905052
-41.96822026907538,80.625,10.982966,0.4913333
-41.96822026907538,82.5,11.085623,0.44991878
-41.96822026907538,84.375,10.97611,0.4351147
-41.96822026907538,86.25,10.7932005,0.4661825
-41.96822026907538,88.125,10.66785,0.45660904
-41.96822026907538,90.0,10.591619,0.43196985
-41.96822026907538,91.875,10.513514,0.40655214
-41.96822026907538,93.75,10.440427,0.39728662
-41.96822026907538,95.625,10.410681,0.39918497
-41.96822026907538,97.5,10.424412,0.40725103
-41.96822026907538,99.375,10.414333,0.40764284
-41.96822026907538,101.25,10.378864,0.399123
-41.96822026907538,103.125,10.3755245,0.39553717
-41.96822026907538,105.0,10.3941965,0.39224976
-41.96822026907538,106.875,10.361794,0.3746087
-41.96822026907538,108.75,10.307732,0.3720629
-41.96822026907538,110.625,10.321892,0.39622897
-41.96822026907538,112.5,10.392517,0.41143948
-41.96822026907538,114.375,10.45906,0.41880918
-41.96822026907538,116.25,10.477283,0.42114568
-41.96822026907538,118.125,10.479236,0.42010793
-41.96822026907538,120.0,10.527264,0.42627737
-41.96822026907538,121.875,10.650993,0.46767175
-41.96822026907538,123.75,10.796872,0.5189638
-41.96822026907538,125.625,10.949314,0.5491232
-41.96822026907538,127.5,11.147165,0.5492119
-41.96822026907538,129.375,11.383298,0.53695244
-41.96822026907538,131.25,11.620408,0.5311097
-41.96822026907538,133.125,11.839275,0.5147415
-41.96822026907538,135.0,11.991657,0.5451558
-41.96822026907538,136.875,12.112341,0.53101593
-41.96822026907538,138.75,12.285388,0.5279735
-41.96822026907538,140.625,12.594529,0.5032443
-41.96822026907538,142.5,13.007849,0.49580294
-41.96822026907538,144.375,13.342927,0.554471
-41.96822026907538,146.25,15.238474,1.0353359
-41.96822026907538,148.125,16.055544,0.6819421
-41.96822026907538,150.0,16.215212,0.69087964
-41.96822026907538,151.875,15.887752,0.72646934
-41.96822026907538,153.75,14.812966,0.77301496
-41.96822026907538,155.625,14.437536,0.6121259
-41.96822026907538,157.5,14.647458,0.5203246
-41.96822026907538,159.375,14.57656,0.5322133
-41.96822026907538,161.25,14.162048,0.553581
-41.96822026907538,163.125,13.982224,0.5344225
-41.96822026907538,165.0,14.073181,0.5555189
-41.96822026907538,166.875,13.963806,0.6012973
-41.96822026907538,168.75,13.504841,0.6220402
-41.96822026907538,170.625,13.449294,0.62345815
-41.96822026907538,172.5,14.502615,0.9565204
-41.96822026907538,174.375,15.371736,0.66666734
-41.96822026907538,176.25,15.854744,0.6353176
-41.96822026907538,178.125,16.490173,0.58712435
-41.96822026907538,180.0,16.461071,0.54910386
-41.96822026907538,181.875,16.018337,0.53041685
-41.96822026907538,183.75,15.789978,0.5262357
-41.96822026907538,185.625,15.788962,0.5023872
-41.96822026907538,187.5,15.5782,0.5447577
-41.96822026907538,189.375,14.846111,0.64911926
-41.96822026907538,191.25,14.32992,0.5938866
-41.96822026907538,193.125,14.003689,0.577073
-41.96822026907538,195.0,13.679021,0.5796948
-41.96822026907538,196.875,13.486286,0.56786853
-41.96822026907538,198.75,13.436189,0.5553143
-41.96822026907538,200.625,13.408982,0.5552897
-41.96822026907538,202.5,13.271071,0.5552182
-41.96822026907538,204.375,13.052088,0.552728
-41.96822026907538,206.25,12.959783,0.5332744
-41.96822026907538,208.125,12.942791,0.52444994
-41.96822026907538,210.0,12.886209,0.5292752
-41.96822026907538,211.875,12.765583,0.5357351
-41.96822026907538,213.75,12.731521,0.5380972
-41.96822026907538,215.625,12.769392,0.5371284
-41.96822026907538,217.5,12.692791,0.54841053
-41.96822026907538,219.375,12.567087,0.55603004
-41.96822026907538,221.25,12.545935,0.55341154
-41.96822026907538,223.125,12.650017,0.5532703
-41.96822026907538,225.0,12.676833,0.56098366
-41.96822026907538,226.875,12.4902315,0.5707544
-41.96822026907538,228.75,12.383396,0.569348
-41.96822026907538,230.625,12.422166,0.5620309
-41.96822026907538,232.5,12.415134,0.555009
-41.96822026907538,234.375,12.2676735,0.5565585
-41.96822026907538,236.25,12.095154,0.54741895
-41.96822026907538,238.125,12.138825,0.5355186
-41.96822026907538,240.0,12.211717,0.5406653
-41.96822026907538,241.875,12.132478,0.5470701
-41.96822026907538,243.75,11.952263,0.53682
-41.96822026907538,245.625,11.899724,0.51928633
-41.96822026907538,247.5,12.0538845,0.5169422
-41.96822026907538,249.375,12.109295,0.4930409
-41.96822026907538,251.25,11.997595,0.47147298
-41.96822026907538,253.125,11.838318,0.465049
-41.96822026907538,255.0,11.845486,0.46849895
-41.96822026907538,256.875,12.040485,0.48485333
-41.96822026907538,258.75,12.074568,0.47861186
-41.96822026907538,260.625,11.859431,0.46988413
-41.96822026907538,262.5,11.548611,0.4557117
-41.96822026907538,264.375,11.61656,0.45217186
-41.96822026907538,266.25,12.011853,0.451978
-41.96822026907538,268.125,12.194705,0.46438682
-41.96822026907538,270.0,11.954432,0.49109057
-41.96822026907538,271.875,11.590974,0.5125617
-41.96822026907538,273.75,11.748435,0.56433165
-41.96822026907538,275.625,12.482204,0.6753038
-41.96822026907538,277.5,13.272713,0.5493641
-41.96822026907538,279.375,13.194568,0.47613662
-41.96822026907538,281.25,13.055603,0.48327082
-41.96822026907538,283.125,13.230915,0.48204386
-41.96822026907538,285.0,13.191892,0.4643473
-41.96822026907538,286.875,11.421169,1.2011567
-41.96822026907538,288.75,9.864333,1.5312812
-41.96822026907538,290.625,13.248299,1.7265432
-41.96822026907538,292.5,18.52492,1.659526
-41.96822026907538,294.375,21.353123,1.4330459
-41.96822026907538,296.25,15.735017,0.7063263
-41.96822026907538,298.125,15.381639,0.660824
-41.96822026907538,300.0,15.32117,0.8255665
-41.96822026907538,301.875,17.126247,0.5491004
-41.96822026907538,303.75,18.623436,0.5371656
-41.96822026907538,305.625,18.412086,0.5584486
-41.96822026907538,307.5,16.98484,0.5593774
-41.96822026907538,309.375,16.364626,0.5099443
-41.96822026907538,311.25,16.149569,0.5434734
-41.96822026907538,313.125,15.879783,0.5535294
-41.96822026907538,315.0,15.529724,0.49224186
-41.96822026907538,316.875,15.242439,0.43743163
-41.96822026907538,318.75,15.006268,0.40620953
-41.96822026907538,320.625,14.816892,0.42157722
-41.96822026907538,322.5,14.687126,0.43266755
-41.96822026907538,324.375,14.590545,0.41930136
-41.96822026907538,326.25,14.512537,0.40110362
-41.96822026907538,328.125,14.44074,0.37884888
-41.96822026907538,330.0,14.358865,0.3650503
-41.96822026907538,331.875,14.262615,0.3577844
-41.96822026907538,333.75,14.175213,0.34462848
-41.96822026907538,335.625,14.141814,0.3386041
-41.96822026907538,337.5,14.143064,0.32607248
-41.96822026907538,339.375,14.093493,0.31122732
-41.96822026907538,341.25,13.954704,0.30345193
-41.96822026907538,343.125,13.777829,0.34372652
-41.96822026907538,345.0,13.689744,0.37366664
-41.96822026907538,346.875,13.696951,0.3708444
-41.96822026907538,348.75,13.638669,0.36623693
-41.96822026907538,350.625,13.57908,0.3643441
-41.96822026907538,352.5,13.604256,0.36360344
-41.96822026907538,354.375,13.65781,0.3718978
-41.96822026907538,356.25,13.701892,0.52689165
-41.96822026907538,358.125,13.7070875,0.6443099
-40.1029793042494,0.0,15.516462,0.6088655
-40.1029793042494,1.875,15.79406,0.38484955
-40.1029793042494,3.75,15.713044,0.3709779
-40.1029793042494,5.625,15.51154,0.34123138
-40.1029793042494,7.5,15.477732,0.4345909
-40.1029793042494,9.375,15.882576,0.6163218
-40.1029793042494,11.25,16.34455,0.86752623
-40.1029793042494,13.125,16.582087,0.8123787
-40.1029793042494,15.0,16.598904,0.6088252
-40.1029793042494,16.875,16.667225,0.5576106
-40.1029793042494,18.75,16.995369,0.53248143
-40.1029793042494,20.625,17.111208,0.53128356
-40.1029793042494,22.5,16.896599,0.5220176
-40.1029793042494,24.375,16.034313,0.48272926
-40.1029793042494,26.25,15.287693,0.42091924
-40.1029793042494,28.125,14.929861,0.40074527
-40.1029793042494,30.0,14.718767,0.41368458
-40.1029793042494,31.875,14.672107,0.40923905
-40.1029793042494,33.75,14.892693,0.41956198
-40.1029793042494,35.625,15.088903,0.4201048
-40.1029793042494,37.5,15.0893135,0.42716262
-40.1029793042494,39.375,14.98406,0.4213124
-40.1029793042494,41.25,14.85322,0.4040714
-40.1029793042494,43.125,14.677381,0.39077437
-40.1029793042494,45.0,14.421072,0.40023762
-40.1029793042494,46.875,14.223318,0.41263488
-40.1029793042494,48.75,14.148611,0.43269533
-40.1029793042494,50.625,14.143396,0.44141185
-40.1029793042494,52.5,14.023962,0.44285268
-40.1029793042494,54.375,13.792986,0.45995817
-40.1029793042494,56.25,13.615603,0.476849
-40.1029793042494,58.125,13.471091,0.49678692
-40.1029793042494,60.0,13.346931,0.5006468
-40.1029793042494,61.875,13.240974,0.49022257
-40.1029793042494,63.75,13.159588,0.48106983
-40.1029793042494,65.625,13.093845,0.4986858
-40.1029793042494,67.5,12.899549,0.4930145
-40.1029793042494,69.375,12.509197,0.45786688
-40.1029793042494,71.25,12.241619,0.44532838
-40.1029793042494,73.125,12.123493,0.42357254
-40.1029793042494,75.0,12.001189,0.44476295
-40.1029793042494,76.875,11.9738455,0.47573948
-40.1029793042494,78.75,12.060642,0.4643835
-40.1029793042494,80.625,12.0574,0.4458458
-40.1029793042494,82.5,11.905682,0.47604972
-40.1029793042494,84.375,11.695779,0.48366666
-40.1029793042494,86.25,11.543064,0.48919913
-40.1029793042494,88.125,11.516853,0.49508142
-40.1029793042494,90.0,11.535642,0.48442444
-40.1029793042494,91.875,11.505056,0.46371642
-40.1029793042494,93.75,11.472634,0.45369458
-40.1029793042494,95.625,11.455114,0.45633322
-40.1029793042494,97.5,11.421678,0.45135137
-40.1029793042494,99.375,11.340154,0.4433826
-40.1029793042494,101.25,11.272985,0.43172076
-40.1029793042494,103.125,11.276755,0.4252978
-40.1029793042494,105.0,11.286267,0.41721967
-40.1029793042494,106.875,11.231775,0.41393977
-40.1029793042494,108.75,11.204743,0.42309177
-40.1029793042494,110.625,11.265818,0.43958992
-40.1029793042494,112.5,11.36908,0.46380952
-40.1029793042494,114.375,11.419665,0.4809062
-40.1029793042494,116.25,11.42154,0.49644694
-40.1029793042494,118.125,11.504822,0.5411396
-40.1029793042494,120.0,11.669665,0.6022663
-40.1029793042494,121.875,11.934666,0.6593932
-40.1029793042494,123.75,12.212595,0.69378185
-40.1029793042494,125.625,12.450915,0.67243
-40.1029793042494,127.5,12.583005,0.6094812
-40.1029793042494,129.375,12.656345,0.5531796
-40.1029793042494,131.25,12.750837,0.5711369
-40.1029793042494,133.125,12.9753685,0.5612065
-40.1029793042494,135.0,13.257029,0.59383196
-40.1029793042494,136.875,13.490349,0.58251655
-40.1029793042494,138.75,13.740974,0.5386402
-40.1029793042494,140.625,14.247498,0.4934655
-40.1029793042494,142.5,14.650271,0.5209052
-40.1029793042494,144.375,14.680251,0.6568994
-40.1029793042494,146.25,15.11699,0.6609365
-40.1029793042494,148.125,16.062517,0.76670945
-40.1029793042494,150.0,17.753807,0.86744434
-40.1029793042494,151.875,17.749958,0.7881334
-40.1029793042494,153.75,16.335955,0.70655024
-40.1029793042494,155.625,15.52445,0.5975771
-40.1029793042494,157.5,15.622595,0.5405202
-40.1029793042494,159.375,15.781404,0.5397802
-40.1029793042494,161.25,15.518846,0.594533
-40.1029793042494,163.125,15.163571,0.61685145
-40.1029793042494,165.0,15.218864,0.6161326
-40.1029793042494,166.875,15.3778105,0.6406144
-40.1029793042494,168.75,15.151892,0.69262815
-40.1029793042494,170.625,14.753864,0.7425113
-40.1029793042494,172.5,15.050798,0.7033913
-40.1029793042494,174.375,16.297459,1.0194526
-40.1029793042494,176.25,17.176014,1.0446374
-40.1029793042494,178.125,17.415545,0.6060835
-40.1029793042494,180.0,17.582693,0.5891309
-40.1029793042494,181.875,17.422302,0.54560655
-40.1029793042494,183.75,17.0699,0.51845276
-40.1029793042494,185.625,16.753319,0.5086143
-40.1029793042494,187.5,16.362068,0.54974806
-40.1029793042494,189.375,15.763728,0.63216454
-40.1029793042494,191.25,15.422927,0.6289629
-40.1029793042494,193.125,15.280173,0.6271451
-40.1029793042494,195.0,15.067888,0.6386465
-40.1029793042494,196.875,14.826208,0.64340615
-40.1029793042494,198.75,14.687185,0.6255932
-40.1029793042494,200.625,14.609607,0.60304976
-40.1029793042494,202.5,14.518259,0.5940807
-40.1029793042494,204.375,14.394412,0.5860576
-40.1029793042494,206.25,14.360056,0.5653924
-40.1029793042494,208.125,14.368045,0.5482848
-40.1029793042494,210.0,14.224509,0.5452054
-40.1029793042494,211.875,14.019744,0.5507271
-40.1029793042494,213.75,13.949353,0.5513338
-40.1029793042494,215.625,14.04449,0.5424116
-40.1029793042494,217.5,14.005817,0.54526615
-40.1029793042494,219.375,13.761209,0.5535536
-40.1029793042494,221.25,13.677049,0.5465293
-40.1029793042494,223.125,13.698162,0.5429742
-40.1029793042494,225.0,13.656735,0.54399854
-40.1029793042494,226.875,13.456912,0.54992574
-40.1029793042494,228.75,13.391404,0.54095846
-40.1029793042494,230.625,13.513904,0.53544533
-40.1029793042494,232.5,13.5176735,0.5492315
-40.1029793042494,234.375,13.367497,0.5664346
-40.1029793042494,236.25,13.284216,0.5568298
-40.1029793042494,238.125,13.406111,0.54905415
-40.1029793042494,240.0,13.498748,0.5467997
-40.1029793042494,241.875,13.408689,0.553593
-40.1029793042494,243.75,13.2650175,0.5432702
-40.1029793042494,245.625,13.235603,0.5263678
-40.1029793042494,247.5,13.327947,0.5240725
-40.1029793042494,249.375,13.288103,0.5143706
-40.1029793042494,251.25,13.237244,0.5236352
-40.1029793042494,253.125,13.235896,0.54374564
-40.1029793042494,255.0,13.283181,0.54926157
-40.1029793042494,256.875,13.281735,0.5372453
-40.1029793042494,258.75,13.309783,0.5098131
-40.1029793042494,260.625,13.337068,0.49690756
-40.1029793042494,262.5,13.26406,0.5177047
-40.1029793042494,264.375,13.194821,0.5215681
-40.1029793042494,266.25,13.306814,0.5125646
-40.1029793042494,268.125,13.519412,0.49612218
-40.1029793042494,270.0,13.589783,0.51929694
-40.1029793042494,271.875,13.385329,0.565688
-40.1029793042494,273.75,13.488201,0.62692183
-40.1029793042494,275.625,14.129138,0.6322877
-40.1029793042494,277.5,14.688298,0.5107121
-40.1029793042494,279.375,14.349548,0.49497798
-40.1029793042494,281.25,13.8907,0.4684425
-40.1029793042494,283.125,13.972927,0.4333037
-40.1029793042494,285.0,14.109001,0.43058062
-40.1029793042494,286.875,13.726541,0.4978771
-40.1029793042494,288.75,11.919177,1.5059239
-40.1029793042494,290.625,15.273396,1.6949537
-40.1029793042494,292.5,21.201286,1.5960922
-40.1029793042494,294.375,24.762009,1.5070541
-40.1029793042494,296.25,24.277634,1.3155276
-40.1029793042494,298.125,16.908318,0.5654517
-40.1029793042494,300.0,16.691404,0.767089
-40.1029793042494,301.875,17.231287,0.8067722
-40.1029793042494,303.75,18.81367,0.6732185
-40.1029793042494,305.625,19.649256,0.5372381
-40.1029793042494,307.5,18.35953,0.6318129
-40.1029793042494,309.375,16.467224,0.5163449
-40.1029793042494,311.25,16.262518,0.46949998
-40.1029793042494,313.125,16.043669,0.46086445
-40.1029793042494,315.0,15.820427,0.43354857
-40.1029793042494,316.875,15.603552,0.41831312
-40.1029793042494,318.75,15.337966,0.41112792
-40.1029793042494,320.625,15.185037,0.41793773
-40.1029793042494,322.5,15.060017,0.42490593
-40.1029793042494,324.375,14.954255,0.41159204
-40.1029793042494,326.25,14.87783,0.3909732
-40.1029793042494,328.125,14.821834,0.39177337
-40.1029793042494,330.0,14.745408,0.39664972
-40.1029793042494,331.875,14.630564,0.38026154
-40.1029793042494,333.75,14.552302,0.35611945
-40.1029793042494,335.625,14.548279,0.34301326
-40.1029793042494,337.5,14.52738,0.34453022
-40.1029793042494,339.375,14.442341,0.34751788
-40.1029793042494,341.25,14.386521,0.3708028
-40.1029793042494,343.125,14.410857,0.4074074
-40.1029793042494,345.0,14.57281,0.4274114
-40.1029793042494,346.875,14.738767,0.4646772
-40.1029793042494,348.75,14.724802,0.49299976
-40.1029793042494,350.625,14.690701,0.57155514
-40.1029793042494,352.5,14.675935,0.6396736
-40.1029793042494,354.375,14.814001,0.7621556
-40.1029793042494,356.25,14.967166,0.8964081
-40.1029793042494,358.125,15.162947,0.8517236
-38.23773599056483,0.0,16.395096,0.49433595
-38.23773599056483,1.875,16.547497,0.5735568
-38.23773599056483,3.75,16.537146,0.6324851
-38.23773599056483,5.625,16.525232,0.70579726
-38.23773599056483,7.5,16.853104,0.80304927
-38.23773599056483,9.375,17.775702,0.9584337
-38.23773599056483,11.25,18.59361,0.8974503
-38.23773599056483,13.125,19.32367,0.62956995
-38.23773599056483,15.0,19.67033,0.4757245
-38.23773599056483,16.875,20.189392,0.3994494
-38.23773599056483,18.75,20.76244,0.37869698
-38.23773599056483,20.625,21.279665,0.38657415
-38.23773599056483,22.5,21.1766,0.45508754
-38.23773599056483,24.375,19.860506,0.5451199
-38.23773599056483,26.25,17.91656,0.55059433
-38.23773599056483,28.125,16.837244,0.47869256
-38.23773599056483,30.0,16.297283,0.43011415
-38.23773599056483,31.875,16.311268,0.41707447
-38.23773599056483,33.75,16.55154,0.4233068
-38.23773599056483,35.625,16.379822,0.44083944
-38.23773599056483,37.5,16.09949,0.43067786
-38.23773599056483,39.375,15.927224,0.42370072
-38.23773599056483,41.25,15.85072,0.44087029
-38.23773599056483,43.125,15.7390995,0.46447077
-38.23773599056483,45.0,15.548631,0.47142306
-38.23773599056483,46.875,15.364627,0.46213058
-38.23773599056483,48.75,15.226971,0.45311326
-38.23773599056483,50.625,15.152009,0.4596272
-38.23773599056483,52.5,15.006033,0.45516226
-38.23773599056483,54.375,14.811541,0.44657457
-38.23773599056483,56.25,14.656306,0.44434252
-38.23773599056483,58.125,14.587341,0.44242823
-38.23773599056483,60.0,14.523846,0.4393246
-38.23773599056483,61.875,14.34654,0.42335862
-38.23773599056483,63.75,14.146502,0.4114792
-38.23773599056483,65.625,14.00531,0.41157362
-38.23773599056483,67.5,13.818006,0.41715503
-38.23773599056483,69.375,13.544626,0.43242013
-38.23773599056483,71.25,13.429939,0.44976482
-38.23773599056483,73.125,13.510388,0.4702956
-38.23773599056483,75.0,13.580896,0.48691332
-38.23773599056483,76.875,13.54824,0.5038965
-38.23773599056483,78.75,13.385838,0.48149347
-38.23773599056483,80.625,13.1628685,0.4582758
-38.23773599056483,82.5,12.946541,0.48052135
-38.23773599056483,84.375,12.775525,0.53036344
-38.23773599056483,86.25,12.709138,0.57474
-38.23773599056483,88.125,12.738826,0.5730088
-38.23773599056483,90.0,12.717302,0.5267914
-38.23773599056483,91.875,12.607146,0.49105614
-38.23773599056483,93.75,12.528435,0.48575765
-38.23773599056483,95.625,12.472537,0.49141866
-38.23773599056483,97.5,12.375388,0.4892153
-38.23773599056483,99.375,12.280759,0.4971978
-38.23773599056483,101.25,12.239372,0.5025342
-38.23773599056483,103.125,12.264606,0.4883266
-38.23773599056483,105.0,12.297634,0.4774076
-38.23773599056483,106.875,12.319568,0.48160905
-38.23773599056483,108.75,12.418493,0.5152945
-38.23773599056483,110.625,12.516248,0.5814234
-38.23773599056483,112.5,12.737283,0.7798146
-38.23773599056483,114.375,12.953435,0.9501779
-38.23773599056483,116.25,12.973982,0.78142905
-38.23773599056483,118.125,13.143279,0.7749663
-38.23773599056483,120.0,13.262966,0.75110954
-38.23773599056483,121.875,13.2996855,0.73860973
-38.23773599056483,123.75,13.446638,0.6739471
-38.23773599056483,125.625,13.695486,0.6315478
-38.23773599056483,127.5,13.85447,0.6064374
-38.23773599056483,129.375,13.995291,0.5825672
-38.23773599056483,131.25,14.145466,0.61827636
-38.23773599056483,133.125,14.348123,0.6194896
-38.23773599056483,135.0,14.662732,0.5966171
-38.23773599056483,136.875,14.975603,0.5878795
-38.23773599056483,138.75,15.401482,0.53603
-38.23773599056483,140.625,15.564099,0.49738362
-38.23773599056483,142.5,20.376385,1.4369631
-38.23773599056483,144.375,20.806072,1.5928992
-38.23773599056483,146.25,20.74113,1.5697328
-38.23773599056483,148.125,17.197342,0.8010813
-38.23773599056483,150.0,19.491833,0.7531261
-38.23773599056483,151.875,19.86531,0.70071363
-38.23773599056483,153.75,18.495056,0.7623796
-38.23773599056483,155.625,16.87117,0.63907725
-38.23773599056483,157.5,16.623493,0.54957694
-38.23773599056483,159.375,16.843826,0.5401779
-38.23773599056483,161.25,16.89945,0.5717595
-38.23773599056483,163.125,16.617634,0.6484056
-38.23773599056483,165.0,16.399294,0.65443474
-38.23773599056483,166.875,16.545994,0.63691884
-38.23773599056483,168.75,16.654608,0.65516543
-38.23773599056483,170.625,16.441032,0.74530697
-38.23773599056483,172.5,16.249313,0.8166333
-38.23773599056483,174.375,16.862654,0.81886005
-38.23773599056483,176.25,17.433962,0.92567956
-38.23773599056483,178.125,17.816267,0.63006157
-38.23773599056483,180.0,18.046385,0.60749274
-38.23773599056483,181.875,18.016834,0.5624291
-38.23773599056483,183.75,17.625486,0.5257776
-38.23773599056483,185.625,17.267107,0.52455395
-38.23773599056483,187.5,17.062849,0.5685619
-38.23773599056483,189.375,16.803728,0.60841674
-38.23773599056483,191.25,16.569548,0.62520164
-38.23773599056483,193.125,16.475487,0.6431123
-38.23773599056483,195.0,16.4015,0.65305215
-38.23773599056483,196.875,16.269821,0.6406966
-38.23773599056483,198.75,16.143787,0.60110986
-38.23773599056483,200.625,16.108631,0.5709322
-38.23773599056483,202.5,15.98029,0.5726088
-38.23773599056483,204.375,15.753318,0.56621647
-38.23773599056483,206.25,15.617615,0.55316204
-38.23773599056483,208.125,15.610505,0.55165374
-38.23773599056483,210.0,15.538416,0.5420987
-38.23773599056483,211.875,15.344451,0.5335069
-38.23773599056483,213.75,15.295291,0.5338802
-38.23773599056483,215.625,15.345778,0.5315502
-38.23773599056483,217.5,15.290701,0.53495884
-38.23773599056483,219.375,15.033084,0.5469631
-38.23773599056483,221.25,14.911267,0.5543397
-38.23773599056483,223.125,14.985427,0.54875267
-38.23773599056483,225.0,14.97781,0.55520064
-38.23773599056483,226.875,14.85529,0.5627253
-38.23773599056483,228.75,14.81658,0.5633417
-38.23773599056483,230.625,14.90697,0.56417954
-38.23773599056483,232.5,14.908278,0.5863449
-38.23773599056483,234.375,14.7962675,0.60178304
-38.23773599056483,236.25,14.752341,0.5889758
-38.23773599056483,238.125,14.869646,0.58830804
-38.23773599056483,240.0,14.853474,0.59675795
-38.23773599056483,241.875,14.708826,0.6118867
-38.23773599056483,243.75,14.725583,0.60574174
-38.23773599056483,245.625,14.824743,0.60268325
-38.23773599056483,247.5,14.809373,0.6150611
-38.23773599056483,249.375,14.650486,0.62367505
-38.23773599056483,251.25,14.767068,0.63324803
-38.23773599056483,253.125,14.99279,0.6519481
-38.23773599056483,255.0,15.034724,0.66495
-38.23773599056483,256.875,14.702166,0.65781814
-38.23773599056483,258.75,14.590368,0.6008586
-38.23773599056483,260.625,14.82863,0.58061
-38.23773599056483,262.5,15.082283,0.6000269
-38.23773599056483,264.375,15.016423,0.60599166
-38.23773599056483,266.25,14.767517,0.574854
-38.23773599056483,268.125,14.807107,0.55551153
-38.23773599056483,270.0,15.089197,0.56662726
-38.23773599056483,271.875,15.2226925,0.5719951
-38.23773599056483,273.75,15.224431,0.55447143
-38.23773599056483,275.625,15.44699,0.5347551
-38.23773599056483,277.5,15.661931,0.50458735
-38.23773599056483,279.375,15.170662,0.5191382
-38.23773599056483,281.25,14.512498,0.43902943
-38.23773599056483,283.125,14.472752,0.37908888
-38.23773599056483,285.0,14.866424,0.42168653
-38.23773599056483,286.875,14.836423,0.46715772
-38.23773599056483,288.75,15.355095,1.5979359
-38.23773599056483,290.625,18.19783,1.6372024
-38.23773599056483,292.5,24.187185,1.4881297
-38.23773599056483,294.375,28.295622,1.554886
-38.23773599056483,296.25,28.197517,1.5809159
-38.23773599056483,298.125,24.771599,1.4885706
-38.23773599056483,300.0,22.320564,1.3668535
-38.23773599056483,301.875,18.192478,0.7885549
-38.23773599056483,303.75,19.310858,0.66730636
-38.23773599056483,305.625,20.308416,0.5438076
-38.23773599056483,307.5,20.12744,0.56095576
-38.23773599056483,309.375,18.125877,0.61515117
-38.23773599056483,311.25,16.898338,0.5004362
-38.23773599056483,313.125,16.601326,0.4575312
-38.23773599056483,315.0,16.479626,0.45982912
-38.23773599056483,316.875,16.238201,0.4598669
-38.23773599056483,318.75,15.978103,0.4601484
-38.23773599056483,320.625,15.844373,0.46546075
-38.23773599056483,322.5,15.745779,0.4673081
-38.23773599056483,324.375,15.580486,0.45327005
-38.23773599056483,326.25,15.489549,0.4620722
-38.23773599056483,328.125,15.485193,0.50671774
-38.23773599056483,330.0,15.436365,0.52659607
-38.23773599056483,331.875,15.334431,0.5057448
-38.23773599056483,333.75,15.283494,0.47654015
-38.23773599056483,335.625,15.291814,0.4959572
-38.23773599056483,337.5,15.257517,0.51298267
-38.23773599056483,339.375,15.236092,0.5441592
-38.23773599056483,341.25,15.292107,0.5918576
-38.23773599056483,343.125,15.394783,0.57818466
-38.23773599056483,345.0,15.586033,0.5417288
-38.23773599056483,346.875,15.702166,0.6030315
-38.23773599056483,348.75,15.761091,0.71080106
-38.23773599056483,350.625,15.701325,0.7443422
-38.23773599056483,352.5,15.602927,0.67978793
-38.23773599056483,354.375,15.601658,0.7422844
-38.23773599056483,356.25,15.755564,0.78235257
-38.23773599056483,358.125,16.063494,0.6885771
-36.37249059281224,0.0,17.436522,0.5719838
-36.37249059281224,1.875,17.53902,0.6941573
-36.37249059281224,3.75,17.553669,0.77915984
-36.37249059281224,5.625,17.615467,0.849214
-36.37249059281224,7.5,18.005877,0.83488506
-36.37249059281224,9.375,18.731853,0.6687653
-36.37249059281224,11.25,19.501032,0.4772448
-36.37249059281224,13.125,20.204197,0.36467305
-36.37249059281224,15.0,20.801813,0.3340736
-36.37249059281224,16.875,21.320856,0.3237054
-36.37249059281224,18.75,21.612028,0.34173906
-36.37249059281224,20.625,21.91324,0.38238752
-36.37249059281224,22.5,22.601423,0.38651723
-36.37249059281224,24.375,23.070446,0.3926942
-36.37249059281224,26.25,22.68615,0.44274262
-36.37249059281224,28.125,21.69404,0.5763631
-36.37249059281224,30.0,19.911444,0.6676839
-36.37249059281224,31.875,18.077595,0.629993
-36.37249059281224,33.75,17.517536,0.5040272
-36.37249059281224,35.625,17.419724,0.56449336
-36.37249059281224,37.5,17.214842,0.5992556
-36.37249059281224,39.375,16.955389,0.5542525
-36.37249059281224,41.25,16.765076,0.525936
-36.37249059281224,43.125,16.763767,0.5576121
-36.37249059281224,45.0,16.751188,0.5924319
-36.37249059281224,46.875,16.66869,0.6111241
-36.37249059281224,48.75,16.553102,0.6295099
-36.37249059281224,50.625,16.508709,0.63503265
-36.37249059281224,52.5,16.475544,0.62499803
-36.37249059281224,54.375,16.285622,0.58897126
-36.37249059281224,56.25,16.126366,0.5844386
-36.37249059281224,58.125,16.160057,0.5966737
-36.37249059281224,60.0,16.201971,0.59916556
-36.37249059281224,61.875,16.02994,0.5734065
-36.37249059281224,63.75,15.746228,0.5435071
-36.37249059281224,65.625,15.471716,0.54664415
-36.37249059281224,67.5,15.182049,0.5610945
-36.37249059281224,69.375,15.010818,0.57153
-36.37249059281224,71.25,15.063474,0.5804511
-36.37249059281224,73.125,15.293142,0.59155166
-36.37249059281224,75.0,15.400525,0.55852497
-36.37249059281224,76.875,15.214236,0.51413256
-36.37249059281224,78.75,14.925877,0.4954396
-36.37249059281224,80.625,14.692264,0.50420743
-36.37249059281224,82.5,14.494353,0.5422438
-36.37249059281224,84.375,14.354841,0.5829525
-36.37249059281224,86.25,14.280954,0.5981226
-36.37249059281224,88.125,14.1998415,0.5933361
-36.37249059281224,90.0,14.013963,0.5554978
-36.37249059281224,91.875,13.827048,0.5469067
-36.37249059281224,93.75,13.796169,0.5667442
-36.37249059281224,95.625,13.775154,0.5776804
-36.37249059281224,97.5,13.679216,0.58874595
-36.37249059281224,99.375,13.592556,0.57771134
-36.37249059281224,101.25,13.56324,0.56933194
-36.37249059281224,103.125,13.5942745,0.56970626
-36.37249059281224,105.0,13.730427,0.59807384
-36.37249059281224,106.875,14.050603,0.609978
-36.37249059281224,108.75,14.475525,0.81670225
-36.37249059281224,110.625,14.837459,1.0095446
-36.37249059281224,112.5,15.492263,1.2821354
-36.37249059281224,114.375,15.970368,1.1710448
-36.37249059281224,116.25,15.999529,0.9114021
-36.37249059281224,118.125,16.350662,0.872675
-36.37249059281224,120.0,16.406834,0.74561423
-36.37249059281224,121.875,15.888747,0.7863131
-36.37249059281224,123.75,15.505506,0.77568096
-36.37249059281224,125.625,15.5432005,0.6807085
-36.37249059281224,127.5,15.5150175,0.5983873
-36.37249059281224,129.375,15.552537,0.59000415
-36.37249059281224,131.25,15.767517,0.58730865
-36.37249059281224,133.125,16.224821,0.5772107
-36.37249059281224,135.0,16.66447,0.5174418
-36.37249059281224,136.875,17.016521,0.5345481
-36.37249059281224,138.75,16.793358,0.5418098
-36.37249059281224,140.625,22.595192,1.5820022
-36.37249059281224,142.5,24.564295,1.9445616
-36.37249059281224,144.375,24.555622,2.1302705
-36.37249059281224,146.25,23.518278,2.1286976
-36.37249059281224,148.125,22.736893,1.8677063
-36.37249059281224,150.0,22.338434,1.5447518
-36.37249059281224,151.875,21.24617,0.61940575
-36.37249059281224,153.75,20.824783,0.70044816
-36.37249059281224,155.625,19.191677,0.8427599
-36.37249059281224,157.5,17.832146,0.751616
-36.37249059281224,159.375,17.698807,0.658895
-36.37249059281224,161.25,17.94994,0.6108126
-36.37249059281224,163.125,18.015858,0.62069553
-36.37249059281224,165.0,17.766756,0.6588264
-36.37249059281224,166.875,17.630135,0.6797609
-36.37249059281224,168.75,17.610369,0.658121
-36.37249059281224,170.625,17.538357,0.6975622
-36.37249059281224,172.5,17.409569,0.77399755
-36.37249059281224,174.375,17.497692,0.79966086
-36.37249059281224,176.25,18.048435,0.7751367
-36.37249059281224,178.125,18.423805,0.7136363
-36.37249059281224,180.0,18.77197,0.6147692
-36.37249059281224,181.875,18.594725,0.55273145
-36.37249059281224,183.75,18.173943,0.55017024
-36.37249059281224,185.625,17.941072,0.58437747
-36.37249059281224,187.5,17.950838,0.62872565
-36.37249059281224,189.375,17.889606,0.6619694
-36.37249059281224,191.25,17.700466,0.6736341
-36.37249059281224,193.125,17.644314,0.65779305
-36.37249059281224,195.0,17.636463,0.6486925
-36.37249059281224,196.875,17.502752,0.6217929
-36.37249059281224,198.75,17.314314,0.58320117
-36.37249059281224,200.625,17.270231,0.56287324
-36.37249059281224,202.5,17.205036,0.56497747
-36.37249059281224,204.375,17.01117,0.55323875
-36.37249059281224,206.25,16.860252,0.52214456
-36.37249059281224,208.125,16.869959,0.5026238
-36.37249059281224,210.0,16.828787,0.51962614
-36.37249059281224,211.875,16.553259,0.5354886
-36.37249059281224,213.75,16.38117,0.528431
-36.37249059281224,215.625,16.400114,0.5227699
-36.37249059281224,217.5,16.40238,0.5139986
-36.37249059281224,219.375,16.308962,0.5132523
-36.37249059281224,221.25,16.300037,0.5138692
-36.37249059281224,223.125,16.373142,0.5359773
-36.37249059281224,225.0,16.34738,0.5618716
-36.37249059281224,226.875,16.23283,0.5851748
-36.37249059281224,228.75,16.20662,0.5809147
-36.37249059281224,230.625,16.31113,0.58794576
-36.37249059281224,232.5,16.326736,0.6039621
-36.37249059281224,234.375,16.336384,0.61181146
-36.37249059281224,236.25,16.42906,0.60026723
-36.37249059281224,238.125,16.452166,0.6063166
-36.37249059281224,240.0,16.293415,0.63749117
-36.37249059281224,241.875,16.11072,0.672298
-36.37249059281224,243.75,16.200232,0.6802305
-36.37249059281224,245.625,16.350779,0.6889119
-36.37249059281224,247.5,16.366266,0.6978422
-36.37249059281224,249.375,16.261541,0.69904673
-36.37249059281224,251.25,16.450838,0.7059648
-36.37249059281224,253.125,16.71652,0.70932543
-36.37249059281224,255.0,16.776775,0.7105338
-36.37249059281224,256.875,16.536755,0.7075018
-36.37249059281224,258.75,16.409782,0.69555295
-36.37249059281224,260.625,16.593317,0.69519037
-36.37249059281224,262.5,16.801208,0.669651
-36.37249059281224,264.375,16.752653,0.6511657
-36.37249059281224,266.25,16.5532,0.6204806
-36.37249059281224,268.125,16.64277,0.61382216
-36.37249059281224,270.0,16.910622,0.5801593
-36.37249059281224,271.875,16.869196,0.5639064
-36.37249059281224,273.75,16.489998,0.5213715
-36.37249059281224,275.625,16.424978,0.50538284
-36.37249059281224,277.5,16.497204,0.52783227
-36.37249059281224,279.375,15.852888,0.5203422
-36.37249059281224,281.25,15.039177,0.40892136
-36.37249059281224,283.125,14.964119,0.39134613
-36.37249059281224,285.0,15.78738,0.42623842
-36.37249059281224,286.875,15.910134,0.3958129
-36.37249059281224,288.75,18.357712,1.7187005
-36.37249059281224,290.625,19.642029,1.641997
-36.37249059281224,292.5,25.0574,1.4616028
-36.37249059281224,294.375,29.483767,1.6130767
-36.37249059281224,296.25,30.260681,1.69861
-36.37249059281224,298.125,27.065603,1.6928195
-36.37249059281224,300.0,24.34156,1.7379864
-36.37249059281224,301.875,23.162067,1.5287913
-36.37249059281224,303.75,19.782478,0.6885271
-36.37249059281224,305.625,20.689587,0.6267795
-36.37249059281224,307.5,21.355232,0.55287826
-36.37249059281224,309.375,20.501385,0.59777254
-36.37249059281224,311.25,18.589567,0.6064156
-36.37249059281224,313.125,17.76449,0.5489228
-36.37249059281224,315.0,17.476618,0.5421222
-36.37249059281224,316.875,17.203943,0.5599418
-36.37249059281224,318.75,17.005623,0.60437244
-36.37249059281224,320.625,16.922205,0.63532007
-36.37249059281224,322.5,16.787477,0.61437213
-36.37249059281224,324.375,16.54328,0.5662873
-36.37249059281224,326.25,16.396833,0.53809077
-36.37249059281224,328.125,16.415075,0.55581725
-36.37249059281224,330.0,16.436813,0.5773436
-36.37249059281224,331.875,16.411287,0.61215657
-36.37249059281224,333.75,16.36988,0.61679435
-36.37249059281224,335.625,16.35158,0.6179737
-36.37249059281224,337.5,16.291327,0.62853694
-36.37249059281224,339.375,16.301521,0.64523995
-36.37249059281224,341.25,16.407028,0.6457872
-36.37249059281224,343.125,16.543318,0.62695515
-36.37249059281224,345.0,16.631227,0.63290304
-36.37249059281224,346.875,16.766481,0.6722453
-36.37249059281224,348.75,16.900837,0.7614857
-36.37249059281224,350.625,16.820076,0.7516526
-36.37249059281224,352.5,16.613592,0.67647576
-36.37249059281224,354.375,16.482029,0.723363
-36.37249059281224,356.25,16.759607,0.7186434
-36.37249059281224,358.125,17.154783,0.60088897
-34.50724334150103,0.0,18.353182,0.54078096
-34.50724334150103,1.875,18.344841,0.6003403
-34.50724334150103,3.75,18.418161,0.6429177
-34.50724334150103,5.625,18.561638,0.61088246
-34.50724334150103,7.5,18.85912,0.5734002
-34.50724334150103,9.375,19.22785,0.48104608
-34.50724334150103,11.25,19.630993,0.38346863
-34.50724334150103,13.125,20.1041,0.35435966
-34.50724334150103,15.0,20.510408,0.37134823
-34.50724334150103,16.875,20.577381,0.41421047
-34.50724334150103,18.75,25.856619,1.0191772
-34.50724334150103,20.625,25.395153,1.0999157
-34.50724334150103,22.5,25.330975,1.1581398
-34.50724334150103,24.375,25.3532,1.1196029
-34.50724334150103,26.25,23.666346,0.42474928
-34.50724334150103,28.125,24.106228,0.46721587
-34.50724334150103,30.0,23.841677,0.5462247
-34.50724334150103,31.875,22.27531,0.65630144
-34.50724334150103,33.75,19.707674,0.7416778
-34.50724334150103,35.625,19.078083,0.64712316
-34.50724334150103,37.5,19.852556,0.7245224
-34.50724334150103,39.375,19.736189,0.81110156
-34.50724334150103,41.25,18.859549,0.7737517
-34.50724334150103,43.125,18.29658,0.67776763
-34.50724334150103,45.0,18.382282,0.69887835
-34.50724334150103,46.875,18.643747,0.75571764
-34.50724334150103,48.75,18.828806,0.8282599
-34.50724334150103,50.625,19.02912,0.879731
-34.50724334150103,52.5,19.112322,0.9065027
-34.50724334150103,54.375,18.753181,0.84915596
-34.50724334150103,56.25,18.313337,0.7499387
-34.50724334150103,58.125,18.379784,0.6644622
-34.50724334150103,60.0,18.66613,0.6602433
-34.50724334150103,61.875,18.462849,0.66889524
-34.50724334150103,63.75,17.993729,0.61655825
-34.50724334150103,65.625,17.66484,0.6095193
-34.50724334150103,67.5,17.437145,0.6266997
-34.50724334150103,69.375,17.164177,0.6235531
-34.50724334150103,71.25,17.027576,0.57964724
-34.50724334150103,73.125,17.056404,0.53897697
-34.50724334150103,75.0,16.98412,0.51820564
-34.50724334150103,76.875,16.615505,0.51684564
-34.50724334150103,78.75,16.303865,0.5220641
-34.50724334150103,80.625,16.111189,0.53720003
-34.50724334150103,82.5,15.898611,0.57656413
-34.50724334150103,84.375,15.762439,0.5885924
-34.50724334150103,86.25,15.770095,0.6117336
-34.50724334150103,88.125,15.744549,0.6344428
-34.50724334150103,90.0,15.598572,0.63739145
-34.50724334150103,91.875,15.484959,0.6506159
-34.50724334150103,93.75,15.477497,0.6795016
-34.50724334150103,95.625,15.440486,0.65685874
-34.50724334150103,97.5,15.286111,0.6287539
-34.50724334150103,99.375,15.151873,0.5961459
-34.50724334150103,101.25,15.118826,0.5876746
-34.50724334150103,103.125,15.144021,0.53300464
-34.50724334150103,105.0,15.264763,0.59392095
-34.50724334150103,106.875,15.656873,0.7889947
-34.50724334150103,108.75,16.213259,0.84974825
-34.50724334150103,110.625,17.103338,0.72317815
-34.50724334150103,112.5,18.316092,0.6890057
-34.50724334150103,114.375,18.849022,0.5459945
-34.50724334150103,116.25,21.703962,1.1282884
-34.50724334150103,118.125,21.850876,1.1417701
-34.50724334150103,120.0,21.83617,1.1010451
-34.50724334150103,121.875,17.907732,0.5250053
-34.50724334150103,123.75,17.449608,0.54641944
-34.50724334150103,125.625,17.715544,0.51469284
-34.50724334150103,127.5,17.413044,0.49777818
-34.50724334150103,129.375,17.188923,0.49189043
-34.50724334150103,131.25,17.367771,0.4764479
-34.50724334150103,133.125,17.785154,0.48729149
-34.50724334150103,135.0,17.965897,0.50565934
-34.50724334150103,136.875,24.650759,1.4998131
-34.50724334150103,138.75,26.009724,1.7007368
-34.50724334150103,140.625,27.098866,1.8726445
-34.50724334150103,142.5,28.23787,2.1718452
-34.50724334150103,144.375,28.078611,2.4315307
-34.50724334150103,146.25,26.58074,2.6167214
-34.50724334150103,148.125,25.014256,2.4740915
-34.50724334150103,150.0,24.184725,1.9151778
-34.50724334150103,151.875,22.014061,0.59355557
-34.50724334150103,153.75,22.295387,0.63194376
-34.50724334150103,155.625,21.576618,0.6451357
-34.50724334150103,157.5,20.124783,0.7544576
-34.50724334150103,159.375,19.072107,0.7391082
-34.50724334150103,161.25,19.043474,0.6653331
-34.50724334150103,163.125,19.181952,0.6564661
-34.50724334150103,165.0,19.134764,0.6789714
-34.50724334150103,166.875,19.02574,0.71819186
-34.50724334150103,168.75,18.938591,0.7395012
-34.50724334150103,170.625,18.782303,0.7525135
-34.50724334150103,172.5,18.820877,0.76830155
-34.50724334150103,174.375,19.11236,0.76492494
-34.50724334150103,176.25,19.629196,0.6665392
-34.50724334150103,178.125,19.752556,0.5853001
-34.50724334150103,180.0,19.53246,0.57186586
-34.50724334150103,181.875,19.141481,0.59366095
-34.50724334150103,183.75,18.815388,0.6334882
-34.50724334150103,185.625,18.847986,0.7081463
-34.50724334150103,187.5,19.135174,0.7542381
-34.50724334150103,189.375,19.16402,0.76024383
-34.50724334150103,191.25,18.848963,0.7103667
-34.50724334150103,193.125,18.737888,0.62570554
-34.50724334150103,195.0,18.733454,0.5924999
-34.50724334150103,196.875,18.555857,0.5908308
-34.50724334150103,198.75,18.339626,0.6020912
-34.50724334150103,200.625,18.321638,0.56292754
-34.50724334150103,202.5,18.362087,0.5519503
-34.50724334150103,204.375,18.149334,0.55059355
-34.50724334150103,206.25,17.962439,0.532913
-34.50724334150103,208.125,17.912361,0.52209705
-34.50724334150103,210.0,17.872478,0.5285435
-34.50724334150103,211.875,17.740192,0.5460084
-34.50724334150103,213.75,17.629177,0.5331919
-34.50724334150103,215.625,17.65447,0.5343642
-34.50724334150103,217.5,17.613123,0.5318671
-34.50724334150103,219.375,17.525389,0.53916806
-34.50724334150103,221.25,17.516638,0.5596406
-34.50724334150103,223.125,17.599314,0.5762614
-34.50724334150103,225.0,17.608963,0.59599334
-34.50724334150103,226.875,17.610369,0.61843
-34.50724334150103,228.75,17.690525,0.6240207
-34.50724334150103,230.625,17.7315,0.65003556
-34.50724334150103,232.5,17.658611,0.67751974
-34.50724334150103,234.375,17.619822,0.678296
-34.50724334150103,236.25,17.7333,0.662638
-34.50724334150103,238.125,17.821012,0.6646881
-34.50724334150103,240.0,17.77908,0.69014066
-34.50724334150103,241.875,17.788044,0.7213608
-34.50724334150103,243.75,17.922712,0.7286811
-34.50724334150103,245.625,17.972889,0.7213711
-34.50724334150103,247.5,17.958473,0.7102441
-34.50724334150103,249.375,17.99363,0.708239
-34.50724334150103,251.25,18.041306,0.7075742
-34.50724334150103,253.125,17.998415,0.70362276
-34.50724334150103,255.0,18.011013,0.70528716
-34.50724334150103,256.875,18.132889,0.73978376
-34.50724334150103,258.75,18.218748,0.7313026
-34.50724334150103,260.625,18.08701,0.68789065
-34.50724334150103,262.5,17.999763,0.6395044
-34.50724334150103,264.375,18.101032,0.6491741
-34.50724334150103,266.25,18.186481,0.6738254
-34.50724334150103,268.125,18.095251,0.6263071
-34.50724334150103,270.0,18.018944,0.5650974
-34.50724334150103,271.875,17.821444,0.5771392
-34.50724334150103,273.75,17.48277,0.58248794
-34.50724334150103,275.625,17.40285,0.5232694
-34.50724334150103,277.5,17.314587,0.533601
-34.50724334150103,279.375,16.338299,0.5328399
-34.50724334150103,281.25,15.389822,0.44197997
-34.50724334150103,283.125,15.649334,0.4394533
-34.50724334150103,285.0,17.015661,0.36261174
-34.50724334150103,286.875,17.10908,0.38260564
-34.50724334150103,288.75,20.883747,1.6723528
-34.50724334150103,290.625,20.685818,1.5659775
-34.50724334150103,292.5,25.441736,1.4567232
-34.50724334150103,294.375,30.038708,1.7414292
-34.50724334150103,296.25,31.31775,1.8302618
-34.50724334150103,298.125,28.180584,2.012652
-34.50724334150103,300.0,26.19619,1.9111257
-34.50724334150103,301.875,25.310467,1.7816125
-34.50724334150103,303.75,23.028728,1.4168695
-34.50724334150103,305.625,21.592772,1.0398836
-34.50724334150103,307.5,21.898083,0.5778244
-34.50724334150103,309.375,22.06906,0.57572514
-34.50724334150103,311.25,21.054392,0.63433105
-34.50724334150103,313.125,19.521677,0.6271332
-34.50724334150103,315.0,18.840876,0.59006786
-34.50724334150103,316.875,18.502888,0.6164272
-34.50724334150103,318.75,18.23951,0.6401509
-34.50724334150103,320.625,18.174274,0.6430493
-34.50724334150103,322.5,18.06654,0.6428252
-34.50724334150103,324.375,17.783884,0.6066784
-34.50724334150103,326.25,17.611443,0.5651717
-34.50724334150103,328.125,17.651482,0.560477
-34.50724334150103,330.0,17.657635,0.5904123
-34.50724334150103,331.875,17.549763,0.6115332
-34.50724334150103,333.75,17.535427,0.6132531
-34.50724334150103,335.625,17.533669,0.6342865
-34.50724334150103,337.5,17.468416,0.6526641
-34.50724334150103,339.375,17.492126,0.6756234
-34.50724334150103,341.25,17.592186,0.6920298
-34.50724334150103,343.125,17.685524,0.7041272
-34.50724334150103,345.0,17.720877,0.7200289
-34.50724334150103,346.875,17.880583,0.6756938
-34.50724334150103,348.75,18.077341,0.70218074
-34.50724334150103,350.625,18.114666,0.7458409
-34.50724334150103,352.5,17.855154,0.72344637
-34.50724334150103,354.375,17.72279,0.7058023
-34.50724334150103,356.25,17.960272,0.64565164
-34.50724334150103,358.125,18.266443,0.5298104
-32.64199443851768,0.0,19.09531,0.45794386
-32.64199443851768,1.875,19.10111,0.4457507
-32.64199443851768,3.75,19.211052,0.43893796
-32.64199443851768,5.625,19.336071,0.40272284
-32.64199443851768,7.5,19.375837,0.3713085
-32.64199443851768,9.375,19.387459,0.38882318
-32.64199443851768,11.25,19.530935,0.39835244
-32.64199443851768,13.125,19.829704,0.37939006
-32.64199443851768,15.0,20.050817,0.41438755
-32.64199443851768,16.875,19.913807,0.48567152
-32.64199443851768,18.75,28.074509,1.2477268
-32.64199443851768,20.625,26.273806,1.4077797
-32.64199443851768,22.5,25.002264,1.5781845
-32.64199443851768,24.375,24.025564,1.6312579
-32.64199443851768,26.25,22.528631,1.4177358
-32.64199443851768,28.125,24.161306,0.46918392
-32.64199443851768,30.0,24.930368,0.5369778
-32.64199443851768,31.875,24.99736,0.5879822
-32.64199443851768,33.75,23.467712,0.67828745
-32.64199443851768,35.625,20.879684,0.7339059
-32.64199443851768,37.5,21.275934,0.69141316
-32.64199443851768,39.375,21.912556,0.6980632
-32.64199443851768,41.25,21.367537,0.74141216
-32.64199443851768,43.125,20.48242,0.75242114
-32.64199443851768,45.0,20.383337,0.7520587
-32.64199443851768,46.875,20.747849,0.80223525
-32.64199443851768,48.75,20.93701,0.79312605
-32.64199443851768,50.625,21.21359,0.7496039
-32.64199443851768,52.5,21.511696,0.71284455
-32.64199443851768,54.375,21.33279,0.7069824
-32.64199443851768,56.25,20.819529,0.68424785
-32.64199443851768,58.125,20.5582,0.6078439
-32.64199443851768,60.0,20.527596,0.5574768
-32.64199443851768,61.875,20.167692,0.5390967
-32.64199443851768,63.75,19.658064,0.5292522
-32.64199443851768,65.625,19.278963,0.5597348
-32.64199443851768,67.5,19.024626,0.5886716
-32.64199443851768,69.375,18.692654,0.5868857
-32.64199443851768,71.25,18.597752,0.5561848
-32.64199443851768,73.125,18.74824,0.574851
-32.64199443851768,75.0,18.766794,0.62333196
-32.64199443851768,76.875,18.427614,0.6205587
-32.64199443851768,78.75,18.052069,0.6108684
-32.64199443851768,80.625,17.82199,0.6342543
-32.64199443851768,82.5,17.648104,0.64928705
-32.64199443851768,84.375,17.545916,0.61901224
-32.64199443851768,86.25,17.551247,0.6154384
-32.64199443851768,88.125,17.5341,0.6387851
-32.64199443851768,90.0,17.374022,0.6315257
-32.64199443851768,91.875,17.2574,0.5912782
-32.64199443851768,93.75,17.198513,0.5705836
-32.64199443851768,95.625,17.07701,0.5673437
-32.64199443851768,97.5,16.885056,0.5245873
-32.64199443851768,99.375,16.749567,0.5849814
-32.64199443851768,101.25,16.684431,0.6225587
-32.64199443851768,103.125,16.646423,0.5782888
-32.64199443851768,105.0,16.763767,0.7116221
-32.64199443851768,106.875,17.217497,1.0059487
-32.64199443851768,108.75,17.648474,0.99319977
-32.64199443851768,110.625,18.30531,0.75382924
-32.64199443851768,112.5,19.504784,0.5580944
-32.64199443851768,114.375,20.227028,0.43958554
-32.64199443851768,116.25,25.57361,1.3322096
-32.64199443851768,118.125,26.129353,1.3191013
-32.64199443851768,120.0,26.041227,1.3427948
-32.64199443851768,121.875,25.568493,1.3507819
-32.64199443851768,123.75,24.982536,1.3323194
-32.64199443851768,125.625,23.943083,1.2255483
-32.64199443851768,127.5,18.317986,0.42441037
-32.64199443851768,129.375,18.429743,0.4342809
-32.64199443851768,131.25,18.44908,0.43590128
-32.64199443851768,133.125,18.68779,0.46343687
-32.64199443851768,135.0,27.624823,1.6268696
-32.64199443851768,136.875,28.768532,1.7669383
-32.64199443851768,138.75,29.510643,1.9013232
-32.64199443851768,140.625,29.471169,2.008837
-32.64199443851768,142.5,30.103981,2.1655543
-32.64199443851768,144.375,31.059412,2.4118063
-32.64199443851768,146.25,29.601286,2.4324408
-32.64199443851768,148.125,27.818748,2.6590276
-32.64199443851768,150.0,25.76203,2.368995
-32.64199443851768,151.875,24.438337,1.8448868
-32.64199443851768,153.75,23.07447,0.65101045
-32.64199443851768,155.625,22.395174,0.6869663
-32.64199443851768,157.5,21.178728,0.7504167
-32.64199443851768,159.375,20.225563,0.7208036
-32.64199443851768,161.25,20.22904,0.6848507
-32.64199443851768,163.125,20.501736,0.7067036
-32.64199443851768,165.0,20.466774,0.7318905
-32.64199443851768,166.875,20.296072,0.7467514
-32.64199443851768,168.75,20.255505,0.7265099
-32.64199443851768,170.625,20.254938,0.70243895
-32.64199443851768,172.5,20.248903,0.64629024
-32.64199443851768,174.375,20.393044,0.5786685
-32.64199443851768,176.25,20.424314,0.5568255
-32.64199443851768,178.125,20.1974,0.5990604
-32.64199443851768,180.0,19.97242,0.64087766
-32.64199443851768,181.875,19.896072,0.7009383
-32.64199443851768,183.75,19.928572,0.7697512
-32.64199443851768,185.625,20.146051,0.78502226
-32.64199443851768,187.5,20.32027,0.7755796
-32.64199443851768,189.375,20.2049,0.7881048
-32.64199443851768,191.25,19.942497,0.7300087
-32.64199443851768,193.125,19.900389,0.61495775
-32.64199443851768,195.0,20.02238,0.58818585
-32.64199443851768,196.875,20.000427,0.6063876
-32.64199443851768,198.75,19.827654,0.6014752
-32.64199443851768,200.625,19.714157,0.5644082
-32.64199443851768,202.5,19.73113,0.5562947
-32.64199443851768,204.375,19.638884,0.57845366
-32.64199443851768,206.25,19.510271,0.5924022
-32.64199443851768,208.125,19.443611,0.5953936
-32.64199443851768,210.0,19.36574,0.5951012
-32.64199443851768,211.875,19.259958,0.58836406
-32.64199443851768,213.75,19.244255,0.58993196
-32.64199443851768,215.625,19.323591,0.58875465
-32.64199443851768,217.5,19.346424,0.60949874
-32.64199443851768,219.375,19.3191,0.6302427
-32.64199443851768,221.25,19.289139,0.65179604
-32.64199443851768,223.125,19.266872,0.65105945
-32.64199443851768,225.0,19.209862,0.6513557
-32.64199443851768,226.875,19.22277,0.64560723
-32.64199443851768,228.75,19.311169,0.6608845
-32.64199443851768,230.625,19.348494,0.68860555
-32.64199443851768,232.5,19.329235,0.7071114
-32.64199443851768,234.375,19.33068,0.709737
-32.64199443851768,236.25,19.383669,0.71300554
-32.64199443851768,238.125,19.387712,0.7162776
-32.64199443851768,240.0,19.380272,0.7142532
-32.64199443851768,241.875,19.429724,0.72075313
-32.64199443851768,243.75,19.42367,0.7534063
-32.64199443851768,245.625,19.292986,0.7430474
-32.64199443851768,247.5,19.32156,0.691786
-32.64199443851768,249.375,19.556091,0.6615074
-32.64199443851768,251.25,19.640038,0.6611129
-32.64199443851768,253.125,19.360231,0.67516524
-32.64199443851768,255.0,19.317537,0.6607677
-32.64199443851768,256.875,19.614353,0.6559082
-32.64199443851768,258.75,19.643415,0.66136473
-32.64199443851768,260.625,19.185759,0.6791187
-32.64199443851768,262.5,19.078318,0.6352667
-32.64199443851768,264.375,19.338083,0.6227942
-32.64199443851768,266.25,19.187145,0.6451981
-32.64199443851768,268.125,18.688553,0.5787149
-32.64199443851768,270.0,18.598318,0.5527667
-32.64199443851768,271.875,18.647068,0.58777034
-32.64199443851768,273.75,18.276482,0.5700648
-32.64199443851768,275.625,17.884802,0.50889564
-32.64199443851768,277.5,17.62984,0.5492533
-32.64199443851768,279.375,16.765602,0.61521465
-32.64199443851768,281.25,15.788299,0.49842444
-32.64199443851768,283.125,16.028221,0.43861574
-32.64199443851768,285.0,17.59199,0.36426377
-32.64199443851768,286.875,17.852537,0.40061328
-32.64199443851768,288.75,22.931385,1.4615551
-32.64199443851768,290.625,23.306229,1.4628266
-32.64199443851768,292.5,27.027693,1.5259553
-32.64199443851768,294.375,32.54572,1.8245001
-32.64199443851768,296.25,33.726364,1.8191054
-32.64199443851768,298.125,28.757185,2.0215921
-32.64199443851768,300.0,26.286854,1.9537933
-32.64199443851768,301.875,26.482477,1.8901169
-32.64199443851768,303.75,24.188143,1.5355519
-32.64199443851768,305.625,22.035368,1.0286642
-32.64199443851768,307.5,22.524372,0.9664413
-32.64199443851768,309.375,22.57072,0.57498175
-32.64199443851768,311.25,22.586697,0.586536
-32.64199443851768,313.125,21.72869,0.65058017
-32.64199443851768,315.0,20.31828,0.6119395
-32.64199443851768,316.875,19.887615,0.6168752
-32.64199443851768,318.75,19.616072,0.63124526
-32.64199443851768,320.625,19.511795,0.60548913
-32.64199443851768,322.5,19.410467,0.6034925
-32.64199443851768,324.375,19.141287,0.62545013
-32.64199443851768,326.25,19.039295,0.6334256
-32.64199443851768,328.125,19.057478,0.6384512
-32.64199443851768,330.0,18.88318,0.6367241
-32.64199443851768,331.875,18.665329,0.61744916
-32.64199443851768,333.75,18.705233,0.5915743
-32.64199443851768,335.625,18.798883,0.6103784
-32.64199443851768,337.5,18.786522,0.6395699
-32.64199443851768,339.375,18.78205,0.6691178
-32.64199443851768,341.25,18.880466,0.6879658
-32.64199443851768,343.125,18.926268,0.7121586
-32.64199443851768,345.0,18.92281,0.71112114
-32.64199443851768,346.875,19.036385,0.66038936
-32.64199443851768,348.75,19.155428,0.6146483
-32.64199443851768,350.625,19.118786,0.6812496
-32.64199443851768,352.5,19.003767,0.7428944
-32.64199443851768,354.375,19.01783,0.7153257
-32.64199443851768,356.25,19.110369,0.5970648
-32.64199443851768,358.125,19.142244,0.4914883
-30.77674406172325,0.0,20.058924,0.44239575
-30.77674406172325,1.875,19.988552,0.41593277
-30.77674406172325,3.75,19.947048,0.39587635
-30.77674406172325,5.625,19.92992,0.37443867
-30.77674406172325,7.5,19.862947,0.3517695
-30.77674406172325,9.375,19.741444,0.35255125
-30.77674406172325,11.25,19.760271,0.37819496
-30.77674406172325,13.125,20.096697,0.3674459
-30.77674406172325,15.0,20.291658,0.38369796
-30.77674406172325,16.875,20.186775,0.4571564
-30.77674406172325,18.75,29.944666,1.3011776
-30.77674406172325,20.625,27.643963,1.5397941
-30.77674406172325,22.5,26.585037,1.9859275
-30.77674406172325,24.375,25.485193,2.18989
-30.77674406172325,26.25,22.607458,1.9735122
-30.77674406172325,28.125,19.421423,1.2583183
-30.77674406172325,30.0,20.52193,0.92226386
-30.77674406172325,31.875,25.752966,0.6099085
-30.77674406172325,33.75,25.440779,0.73917764
-30.77674406172325,35.625,23.188278,0.82664305
-30.77674406172325,37.5,22.62988,0.73279345
-30.77674406172325,39.375,23.120037,0.685289
-30.77674406172325,41.25,23.016735,0.7350876
-30.77674406172325,43.125,22.846872,0.7639532
-30.77674406172325,45.0,23.032557,0.7654779
-30.77674406172325,46.875,23.069275,0.7724152
-30.77674406172325,48.75,22.841658,0.7687217
-30.77674406172325,50.625,22.693455,0.7139493
-30.77674406172325,52.5,22.72412,0.67011595
-30.77674406172325,54.375,22.499334,0.67931104
-30.77674406172325,56.25,22.04662,0.6227033
-30.77674406172325,58.125,21.779255,0.5726772
-30.77674406172325,60.0,21.577576,0.5817695
-30.77674406172325,61.875,21.138416,0.5819581
-30.77674406172325,63.75,20.729393,0.552635
-30.77674406172325,65.625,20.52324,0.5747587
-30.77674406172325,67.5,20.434393,0.5946353
-30.77674406172325,69.375,20.317146,0.6266441
-30.77674406172325,71.25,20.35449,0.6841755
-30.77674406172325,73.125,20.527224,0.7259177
-30.77674406172325,75.0,20.510231,0.75524193
-30.77674406172325,76.875,20.173279,0.7727344
-30.77674406172325,78.75,19.819763,0.75428534
-30.77674406172325,80.625,19.644665,0.72288996
-30.77674406172325,82.5,19.500193,0.70580393
-30.77674406172325,84.375,19.389606,0.6562261
-30.77674406172325,86.25,19.269217,0.649468
-30.77674406172325,88.125,19.101091,0.6384341
-30.77674406172325,90.0,18.853083,0.615906
-30.77674406172325,91.875,18.659704,0.6035181
-30.77674406172325,93.75,18.485857,0.56807864
-30.77674406172325,95.625,18.30449,0.5434335
-30.77674406172325,97.5,18.146051,0.5991018
-30.77674406172325,99.375,18.038122,0.6960312
-30.77674406172325,101.25,17.947887,0.761198
-30.77674406172325,103.125,17.836716,0.7651896
-30.77674406172325,105.0,18.243904,0.8549399
-30.77674406172325,106.875,18.992361,0.9315928
-30.77674406172325,108.75,19.355602,0.85509443
-30.77674406172325,110.625,19.773064,0.72191936
-30.77674406172325,112.5,20.672518,0.50939333
-30.77674406172325,114.375,21.299587,0.4274112
-30.77674406172325,116.25,28.608591,1.393159
-30.77674406172325,118.125,29.529705,1.4325391
-30.77674406172325,120.0,29.368475,1.4781249
-30.77674406172325,121.875,28.711931,1.5262938
-30.77674406172325,123.75,28.467243,1.494661
-30.77674406172325,125.625,28.45785,1.5079268
-30.77674406172325,127.5,28.379196,1.5571675
-30.77674406172325,129.375,28.021385,1.5089301
-30.77674406172325,131.25,28.949041,1.6025863
-30.77674406172325,133.125,29.963356,1.7308892
-30.77674406172325,135.0,30.98406,1.8520386
-30.77674406172325,136.875,31.170311,1.8614058
-30.77674406172325,138.75,31.748728,1.9532659
-30.77674406172325,140.625,30.853416,2.0602324
-30.77674406172325,142.5,31.771658,2.1642437
-30.77674406172325,144.375,33.04697,2.2922254
-30.77674406172325,146.25,33.237263,2.5511644
-30.77674406172325,148.125,30.903162,2.6972325
-30.77674406172325,150.0,27.314411,2.712278
-30.77674406172325,151.875,24.76695,2.0839524
-30.77674406172325,153.75,23.718592,0.6186345
-30.77674406172325,155.625,23.094822,0.67291373
-30.77674406172325,157.5,21.799881,0.7165631
-30.77674406172325,159.375,21.348806,0.6619793
-30.77674406172325,161.25,21.796852,0.7346894
-30.77674406172325,163.125,22.061306,0.77103406
-30.77674406172325,165.0,21.830994,0.7447801
-30.77674406172325,166.875,21.467302,0.6779465
-30.77674406172325,168.75,21.36949,0.63200355
-30.77674406172325,170.625,21.326677,0.6518167
-30.77674406172325,172.5,21.113943,0.6486968
-30.77674406172325,174.375,21.03445,0.62230223
-30.77674406172325,176.25,21.039959,0.6769611
-30.77674406172325,178.125,20.994587,0.7548322
-30.77674406172325,180.0,21.049158,0.76600873
-30.77674406172325,181.875,21.215778,0.74565184
-30.77674406172325,183.75,21.417595,0.73492616
-30.77674406172325,185.625,21.490173,0.7217721
-30.77674406172325,187.5,21.477713,0.70007735
-30.77674406172325,189.375,21.354137,0.7164003
-30.77674406172325,191.25,21.258102,0.68989223
-30.77674406172325,193.125,21.263279,0.59379786
-30.77674406172325,195.0,21.301443,0.5419737
-30.77674406172325,196.875,21.298573,0.5477703
-30.77674406172325,198.75,21.202438,0.55209696
-30.77674406172325,200.625,21.104315,0.5273375
-30.77674406172325,202.5,21.08945,0.5048019
-30.77674406172325,204.375,21.033455,0.5229274
-30.77674406172325,206.25,20.918709,0.5188586
-30.77674406172325,208.125,20.90033,0.51141524
-30.77674406172325,210.0,20.873728,0.51963216
-30.77674406172325,211.875,20.79113,0.5221009
-30.77674406172325,213.75,20.746483,0.5154499
-30.77674406172325,215.625,20.771717,0.5160368
-30.77674406172325,217.5,20.712751,0.53425705
-30.77674406172325,219.375,20.638142,0.53893715
-30.77674406172325,221.25,20.642282,0.55443394
-30.77674406172325,223.125,20.666033,0.5667719
-30.77674406172325,225.0,20.639118,0.58038515
-30.77674406172325,226.875,20.633904,0.5831067
-30.77674406172325,228.75,20.660017,0.6040844
-30.77674406172325,230.625,20.664333,0.61542624
-30.77674406172325,232.5,20.66322,0.6310733
-30.77674406172325,234.375,20.719412,0.648135
-30.77674406172325,236.25,20.752888,0.6659597
-30.77674406172325,238.125,20.680077,0.6701684
-30.77674406172325,240.0,20.61783,0.6490376
-30.77674406172325,241.875,20.65863,0.6408307
-30.77674406172325,243.75,20.68609,0.6513226
-30.77674406172325,245.625,20.592634,0.65558803
-30.77674406172325,247.5,20.57201,0.6286377
-30.77674406172325,249.375,20.677635,0.5972535
-30.77674406172325,251.25,20.746286,0.59296036
-30.77674406172325,253.125,20.533728,0.61277544
-30.77674406172325,255.0,20.43367,0.5918107
-30.77674406172325,256.875,20.51279,0.5686802
-30.77674406172325,258.75,20.392458,0.5699252
-30.77674406172325,260.625,20.09947,0.54788667
-30.77674406172325,262.5,20.185896,0.5139959
-30.77674406172325,264.375,20.316092,0.5554801
-30.77674406172325,266.25,19.946522,0.59731525
-30.77674406172325,268.125,19.434626,0.5511848
-30.77674406172325,270.0,19.495388,0.5165051
-30.77674406172325,271.875,19.543337,0.5563947
-30.77674406172325,273.75,18.722927,0.57216614
-30.77674406172325,275.625,18.0441,0.5292094
-30.77674406172325,277.5,17.934177,0.54924023
-30.77674406172325,279.375,17.63488,0.61611044
-30.77674406172325,281.25,16.517479,0.5646732
-30.77674406172325,283.125,16.286598,0.43830842
-30.77674406172325,285.0,17.740524,0.37689975
-30.77674406172325,286.875,18.22652,0.40663195
-30.77674406172325,288.75,24.365192,1.1921905
-30.77674406172325,290.625,23.995369,1.2865363
-30.77674406172325,292.5,26.395563,1.4700283
-30.77674406172325,294.375,33.49033,1.7527916
-30.77674406172325,296.25,36.84072,1.7920752
-30.77674406172325,298.125,30.387049,2.0578225
-30.77674406172325,300.0,26.15658,1.7663987
-30.77674406172325,301.875,26.818005,1.9719874
-30.77674406172325,303.75,25.51697,1.5096421
-30.77674406172325,305.625,22.834099,0.9191082
-30.77674406172325,307.5,22.349041,0.9036972
-30.77674406172325,309.375,22.910467,0.6041472
-30.77674406172325,311.25,23.093805,0.5941199
-30.77674406172325,313.125,23.269001,0.62249124
-30.77674406172325,315.0,21.981697,0.70612735
-30.77674406172325,316.875,21.246696,0.6643672
-30.77674406172325,318.75,21.07488,0.63861275
-30.77674406172325,320.625,21.042791,0.6169126
-30.77674406172325,322.5,20.845564,0.6272573
-30.77674406172325,324.375,20.434744,0.63694376
-30.77674406172325,326.25,20.283865,0.6559276
-30.77674406172325,328.125,20.32033,0.68186504
-30.77674406172325,330.0,20.105467,0.6949133
-30.77674406172325,331.875,19.882322,0.6718224
-30.77674406172325,333.75,19.90236,0.6191235
-30.77674406172325,335.625,20.001228,0.6204423
-30.77674406172325,337.5,19.988474,0.6290635
-30.77674406172325,339.375,20.05738,0.62717223
-30.77674406172325,341.25,20.198923,0.61581135
-30.77674406172325,343.125,20.242283,0.62161946
-30.77674406172325,345.0,20.287361,0.5992798
-30.77674406172325,346.875,20.33029,0.5497951
-30.77674406172325,348.75,20.300213,0.52559096
-30.77674406172325,350.625,20.213669,0.5725129
-30.77674406172325,352.5,20.205622,0.6045418
-30.77674406172325,354.375,20.224098,0.58327174
-30.77674406172325,356.25,20.155212,0.51394343
-30.77674406172325,358.125,20.096443,0.47293815
-28.91149236871774,0.0,20.89453,0.42560643
-28.91149236871774,1.875,20.708416,0.4221926
-28.91149236871774,3.75,20.538376,0.3979973
-28.91149236871774,5.625,20.497225,0.3886668
-28.91149236871774,7.5,20.341032,0.37884182
-28.91149236871774,9.375,20.124666,0.3703264
-28.91149236871774,11.25,20.016169,0.37479967
-28.91149236871774,13.125,19.906794,0.39725605
-28.91149236871774,15.0,19.748142,0.45404968
-28.91149236871774,16.875,29.229803,1.2478093
-28.91149236871774,18.75,31.11613,1.3071289
-28.91149236871774,20.625,30.439665,1.611795
-28.91149236871774,22.5,29.958904,2.2702765
-28.91149236871774,24.375,28.513649,2.512099
-28.91149236871774,26.25,23.526209,2.3168843
-28.91149236871774,28.125,19.406305,1.6814325
-28.91149236871774,30.0,19.043396,0.99542207
-28.91149236871774,31.875,23.083729,1.0030223
-28.91149236871774,33.75,26.580368,0.69850624
-28.91149236871774,35.625,24.966188,0.857516
-28.91149236871774,37.5,24.257126,0.7524959
-28.91149236871774,39.375,24.610954,0.71985763
-28.91149236871774,41.25,24.912361,0.7712195
-28.91149236871774,43.125,24.942516,0.74466306
-28.91149236871774,45.0,24.884295,0.68549275
-28.91149236871774,46.875,24.737206,0.65553176
-28.91149236871774,48.75,24.390858,0.6190275
-28.91149236871774,50.625,23.959646,0.65072423
-28.91149236871774,52.5,23.730251,0.66078156
-28.91149236871774,54.375,23.493513,0.6580556
-28.91149236871774,56.25,23.018084,0.58367795
-28.91149236871774,58.125,22.67111,0.56730735
-28.91149236871774,60.0,22.515896,0.5583749
-28.91149236871774,61.875,22.348122,0.53703856
-28.91149236871774,63.75,22.158884,0.5697393
-28.91149236871774,65.625,22.079782,0.60554343
-28.91149236871774,67.5,22.05283,0.6370653
-28.91149236871774,69.375,22.026403,0.6787778
-28.91149236871774,71.25,21.992186,0.71509486
-28.91149236871774,73.125,21.938747,0.73594517
-28.91149236871774,75.0,21.646852,0.7648661
-28.91149236871774,76.875,21.210135,0.78906906
-28.91149236871774,78.75,20.903728,0.76891726
-28.91149236871774,80.625,20.753767,0.7203467
-28.91149236871774,82.5,20.579802,0.6936492
-28.91149236871774,84.375,20.391443,0.6895542
-28.91149236871774,86.25,20.196344,0.66749597
-28.91149236871774,88.125,20.057165,0.6386186
-28.91149236871774,90.0,19.865974,0.6296802
-28.91149236871774,91.875,19.632635,0.6115103
-28.91149236871774,93.75,19.48367,0.6105288
-28.91149236871774,95.625,19.38902,0.6667363
-28.91149236871774,97.5,19.286951,0.73287576
-28.91149236871774,99.375,19.250994,0.7909133
-28.91149236871774,101.25,19.258434,0.80111104
-28.91149236871774,103.125,19.317713,0.7141335
-28.91149236871774,105.0,19.745974,0.73631227
-28.91149236871774,106.875,20.23746,0.67747796
-28.91149236871774,108.75,20.541481,0.6123719
-28.91149236871774,110.625,21.154627,0.5701261
-28.91149236871774,112.5,21.85826,0.51619285
-28.91149236871774,114.375,22.008142,0.4363003
-28.91149236871774,116.25,31.62281,1.4255751
-28.91149236871774,118.125,33.071304,1.5646936
-28.91149236871774,120.0,32.81613,1.6207607
-28.91149236871774,121.875,32.067127,1.6251287
-28.91149236871774,123.75,31.575798,1.6259637
-28.91149236871774,125.625,31.710407,1.6960992
-28.91149236871774,127.5,31.879623,1.7237103
-28.91149236871774,129.375,31.610954,1.6830848
-28.91149236871774,131.25,31.622635,1.8110908
-28.91149236871774,133.125,32.712654,1.9964277
-28.91149236871774,135.0,33.13121,1.9517702
-28.91149236871774,136.875,33.600136,1.921135
-28.91149236871774,138.75,33.804295,1.8890269
-28.91149236871774,140.625,34.176365,2.0524004
-28.91149236871774,142.5,34.214996,2.2398508
-28.91149236871774,144.375,34.79152,2.4118788
-28.91149236871774,146.25,34.576637,2.6151023
-28.91149236871774,148.125,33.13312,2.8474345
-28.91149236871774,150.0,29.841892,3.0696182
-28.91149236871774,151.875,25.655272,2.0081944
-28.91149236871774,153.75,24.615349,0.5451076
-28.91149236871774,155.625,24.226696,0.61340266
-28.91149236871774,157.5,22.963259,0.7333636
-28.91149236871774,159.375,22.743591,0.71989393
-28.91149236871774,161.25,23.232887,0.7120599
-28.91149236871774,163.125,23.258045,0.72212684
-28.91149236871774,165.0,22.833063,0.71830386
-28.91149236871774,166.875,22.466286,0.68015766
-28.91149236871774,168.75,22.410545,0.6956783
-28.91149236871774,170.625,22.344275,0.7646354
-28.91149236871774,172.5,22.180466,0.7841682
-28.91149236871774,174.375,22.18531,0.74988234
-28.91149236871774,176.25,22.35654,0.73764324
-28.91149236871774,178.125,22.49658,0.74495006
-28.91149236871774,180.0,22.576052,0.71223164
-28.91149236871774,181.875,22.666248,0.6526587
-28.91149236871774,183.75,22.714489,0.59894645
-28.91149236871774,185.625,22.610193,0.5925367
-28.91149236871774,187.5,22.511696,0.59121114
-28.91149236871774,189.375,22.482595,0.59279984
-28.91149236871774,191.25,22.415974,0.57850075
-28.91149236871774,193.125,22.378689,0.5229272
-28.91149236871774,195.0,22.364763,0.49731246
-28.91149236871774,196.875,22.314821,0.5109083
-28.91149236871774,198.75,22.216307,0.53672
-28.91149236871774,200.625,22.161873,0.52684253
-28.91149236871774,202.5,22.125994,0.5107584
-28.91149236871774,204.375,22.062302,0.51870567
-28.91149236871774,206.25,21.980545,0.52425444
-28.91149236871774,208.125,21.94074,0.53062207
-28.91149236871774,210.0,21.905075,0.5276906
-28.91149236871774,211.875,21.870955,0.5176238
-28.91149236871774,213.75,21.854197,0.5103944
-28.91149236871774,215.625,21.810915,0.5096144
-28.91149236871774,217.5,21.70863,0.5137613
-28.91149236871774,219.375,21.625662,0.5277898
-28.91149236871774,221.25,21.640017,0.55484754
-28.91149236871774,223.125,21.674763,0.565531
-28.91149236871774,225.0,21.672478,0.56930864
-28.91149236871774,226.875,21.69281,0.5898546
-28.91149236871774,228.75,21.697927,0.6083375
-28.91149236871774,230.625,21.630974,0.61426294
-28.91149236871774,232.5,21.601952,0.62611294
-28.91149236871774,234.375,21.637302,0.6390661
-28.91149236871774,236.25,21.66156,0.6488362
-28.91149236871774,238.125,21.63025,0.65274847
-28.91149236871774,240.0,21.62656,0.6437777
-28.91149236871774,241.875,21.587517,0.6243171
-28.91149236871774,243.75,21.607477,0.6072195
-28.91149236871774,245.625,21.676384,0.61516553
-28.91149236871774,247.5,21.567713,0.61656994
-28.91149236871774,249.375,21.364744,0.58120173
-28.91149236871774,251.25,21.325056,0.5510263
-28.91149236871774,253.125,21.370232,0.53225756
-28.91149236871774,255.0,21.26408,0.51368105
-28.91149236871774,256.875,21.081482,0.48789036
-28.91149236871774,258.75,21.012712,0.48387703
-28.91149236871774,260.625,21.004255,0.47911754
-28.91149236871774,262.5,20.806814,0.5163767
-28.91149236871774,264.375,20.579391,0.5298305
-28.91149236871774,266.25,20.325193,0.5412588
-28.91149236871774,268.125,20.03451,0.5233834
-28.91149236871774,270.0,19.87025,0.5455768
-28.91149236871774,271.875,19.62115,0.588511
-28.91149236871774,273.75,18.81197,0.54789835
-28.91149236871774,275.625,18.349686,0.4956306
-28.91149236871774,277.5,18.338064,0.53939426
-28.91149236871774,279.375,18.021189,0.61344206
-28.91149236871774,281.25,16.871971,0.53945947
-28.91149236871774,283.125,16.619314,0.41906008
-28.91149236871774,285.0,18.269333,0.378851
-28.91149236871774,286.875,18.935623,0.38788646
-28.91149236871774,288.75,25.125837,0.9557048
-28.91149236871774,290.625,22.194998,1.1426815
-28.91149236871774,292.5,24.20945,1.1155758
-28.91149236871774,294.375,27.375427,1.9438637
-28.91149236871774,296.25,37.11699,1.839672
-28.91149236871774,298.125,33.595974,1.8554511
-28.91149236871774,300.0,27.03488,1.7581654
-28.91149236871774,301.875,27.333961,1.8490394
-28.91149236871774,303.75,26.829313,1.6439462
-28.91149236871774,305.625,23.67697,0.99617535
-28.91149236871774,307.5,21.700682,0.9184772
-28.91149236871774,309.375,21.767088,0.9609697
-28.91149236871774,311.25,23.638338,0.63923347
-28.91149236871774,313.125,24.466736,0.6533041
-28.91149236871774,315.0,24.154802,0.6836117
-28.91149236871774,316.875,23.11205,0.76644635
-28.91149236871774,318.75,22.45527,0.69434243
-28.91149236871774,320.625,22.38363,0.6756261
-28.91149236871774,322.5,22.244606,0.7085353
-28.91149236871774,324.375,21.81488,0.7312042
-28.91149236871774,326.25,21.58076,0.7372816
-28.91149236871774,328.125,21.61449,0.7631326
-28.91149236871774,330.0,21.502264,0.78197896
-28.91149236871774,331.875,21.378923,0.74776983
-28.91149236871774,333.75,21.315271,0.6957587
-28.91149236871774,335.625,21.268944,0.6636866
-28.91149236871774,337.5,21.196735,0.63256764
-28.91149236871774,339.375,21.26824,0.5815244
-28.91149236871774,341.25,21.349451,0.57878774
-28.91149236871774,343.125,21.287361,0.5720612
-28.91149236871774,345.0,21.30281,0.55397993
-28.91149236871774,346.875,21.313963,0.53474015
-28.91149236871774,348.75,21.227594,0.50427973
-28.91149236871774,350.625,21.154255,0.47592908
-28.91149236871774,352.5,21.171423,0.46579504
-28.91149236871774,354.375,21.063591,0.45366603
-28.91149236871774,356.25,20.904861,0.4444248
-28.91149236871774,358.125,20.922186,0.43394968
-27.04623949994481,0.0,21.292341,0.44783142
-27.04623949994481,1.875,20.90447,0.42504445
-27.04623949994481,3.75,20.68234,0.40475622
-27.04623949994481,5.625,20.582283,0.40961275
-27.04623949994481,7.5,20.31402,0.39934072
-27.04623949994481,9.375,20.068981,0.38719094
-27.04623949994481,11.25,19.899529,0.41944307
-27.04623949994481,13.125,19.613142,0.5253688
-27.04623949994481,15.0,19.233942,0.6201832
-27.04623949994481,16.875,29.74992,1.1857022
-27.04623949994481,18.75,30.41818,1.2343823
-27.04623949994481,20.625,31.165388,1.6123055
-27.04623949994481,22.5,32.40031,2.0774353
-27.04623949994481,24.375,31.666851,2.5768158
-27.04623949994481,26.25,26.342361,2.7030835
-27.04623949994481,28.125,20.650955,1.9060678
-27.04623949994481,30.0,19.59951,1.262634
-27.04623949994481,31.875,23.038826,1.1015191
-27.04623949994481,33.75,27.29734,0.65493584
-27.04623949994481,35.625,27.128532,0.7882008
-27.04623949994481,37.5,26.272497,0.8374464
-27.04623949994481,39.375,25.813591,0.763635
-27.04623949994481,41.25,26.23367,0.80716634
-27.04623949994481,43.125,26.380604,0.8201225
-27.04623949994481,45.0,25.990915,0.6993837
-27.04623949994481,46.875,25.664099,0.53521824
-27.04623949994481,48.75,25.52984,0.4820414
-27.04623949994481,50.625,24.912067,0.57736385
-27.04623949994481,52.5,24.43279,0.64775795
-27.04623949994481,54.375,24.3757,0.5887955
-27.04623949994481,56.25,24.182459,0.5748345
-27.04623949994481,58.125,23.87404,0.5744619
-27.04623949994481,60.0,23.66027,0.5613869
-27.04623949994481,61.875,23.582575,0.5697728
-27.04623949994481,63.75,23.491697,0.58715254
-27.04623949994481,65.625,23.345486,0.60537267
-27.04623949994481,67.5,23.215797,0.6226227
-27.04623949994481,69.375,23.104841,0.6499338
-27.04623949994481,71.25,22.92076,0.6839244
-27.04623949994481,73.125,22.666365,0.6944537
-27.04623949994481,75.0,22.353064,0.70340455
-27.04623949994481,76.875,22.092108,0.7161277
-27.04623949994481,78.75,21.925348,0.7061851
-27.04623949994481,80.625,21.763786,0.68084973
-27.04623949994481,82.5,21.60738,0.6791597
-27.04623949994481,84.375,21.386286,0.6742657
-27.04623949994481,86.25,21.133493,0.66927683
-27.04623949994481,88.125,20.959177,0.6632432
-27.04623949994481,90.0,20.789919,0.66071135
-27.04623949994481,91.875,20.679216,0.6575917
-27.04623949994481,93.75,20.711872,0.67726123
-27.04623949994481,95.625,20.714685,0.70739794
-27.04623949994481,97.5,20.622498,0.69121027
-27.04623949994481,99.375,20.560173,0.62452084
-27.04623949994481,101.25,20.57285,0.5623833
-27.04623949994481,103.125,20.669157,0.5535504
-27.04623949994481,105.0,20.97494,0.67362237
-27.04623949994481,106.875,21.270037,0.64479107
-27.04623949994481,108.75,21.602772,0.56864536
-27.04623949994481,110.625,22.52906,0.5087284
-27.04623949994481,112.5,23.336443,0.4931577
-27.04623949994481,114.375,30.96281,1.3619446
-27.04623949994481,116.25,33.060467,1.4076426
-27.04623949994481,118.125,33.914257,1.5146892
-27.04623949994481,120.0,34.184765,1.5998887
-27.04623949994481,121.875,34.77574,1.6642966
-27.04623949994481,123.75,34.497204,1.723715
-27.04623949994481,125.625,34.621716,1.8518653
-27.04623949994481,127.5,34.3224,1.9153798
-27.04623949994481,129.375,33.448982,1.8854094
-27.04623949994481,131.25,33.289295,1.9735895
-27.04623949994481,133.125,34.168377,2.0833442
-27.04623949994481,135.0,35.418278,2.133684
-27.04623949994481,136.875,35.375877,1.9360881
-27.04623949994481,138.75,36.10293,1.9324657
-27.04623949994481,140.625,36.487595,2.0661833
-27.04623949994481,142.5,36.25494,2.4027958
-27.04623949994481,144.375,35.386013,2.7341394
-27.04623949994481,146.25,34.294666,2.8064673
-27.04623949994481,148.125,33.09488,2.8870883
-27.04623949994481,150.0,31.101286,2.7867916
-27.04623949994481,151.875,27.315096,1.8495265
-27.04623949994481,153.75,25.359705,0.5382573
-27.04623949994481,155.625,25.124645,0.5752368
-27.04623949994481,157.5,24.318317,0.68478084
-27.04623949994481,159.375,24.034782,0.67082113
-27.04623949994481,161.25,24.173962,0.6414332
-27.04623949994481,163.125,23.999432,0.6903964
-27.04623949994481,165.0,23.720896,0.72010374
-27.04623949994481,166.875,23.606462,0.70603985
-27.04623949994481,168.75,23.658298,0.6748003
-27.04623949994481,170.625,23.623377,0.6875202
-27.04623949994481,172.5,23.53826,0.6918801
-27.04623949994481,174.375,23.512068,0.66514575
-27.04623949994481,176.25,23.58326,0.6373349
-27.04623949994481,178.125,23.668083,0.63129604
-27.04623949994481,180.0,23.644098,0.6079079
-27.04623949994481,181.875,23.545876,0.5630878
-27.04623949994481,183.75,23.445017,0.5429021
-27.04623949994481,185.625,23.34445,0.56497085
-27.04623949994481,187.5,23.268064,0.5649159
-27.04623949994481,189.375,23.280193,0.55163723
-27.04623949994481,191.25,23.262928,0.5264332
-27.04623949994481,193.125,23.207731,0.5053611
-27.04623949994481,195.0,23.186735,0.5145794
-27.04623949994481,196.875,23.156618,0.54592323
-27.04623949994481,198.75,23.043024,0.5557145
-27.04623949994481,200.625,22.986893,0.55012184
-27.04623949994481,202.5,22.98908,0.5513107
-27.04623949994481,204.375,22.9091,0.55846393
-27.04623949994481,206.25,22.825388,0.56953645
-27.04623949994481,208.125,22.790545,0.57690454
-27.04623949994481,210.0,22.713512,0.55932945
-27.04623949994481,211.875,22.660856,0.54482895
-27.04623949994481,213.75,22.67742,0.5543864
-27.04623949994481,215.625,22.645897,0.553828
-27.04623949994481,217.5,22.608025,0.5526795
-27.04623949994481,219.375,22.662674,0.5643244
-27.04623949994481,221.25,22.69451,0.59719795
-27.04623949994481,223.125,22.5774,0.610827
-27.04623949994481,225.0,22.521755,0.6241612
-27.04623949994481,226.875,22.563826,0.65689486
-27.04623949994481,228.75,22.571854,0.67443913
-27.04623949994481,230.625,22.542927,0.6621315
-27.04623949994481,232.5,22.595526,0.66240674
-27.04623949994481,234.375,22.554197,0.65917283
-27.04623949994481,236.25,22.46199,0.64040476
-27.04623949994481,238.125,22.498571,0.6428382
-27.04623949994481,240.0,22.531013,0.6525864
-27.04623949994481,241.875,22.327948,0.617972
-27.04623949994481,243.75,22.239723,0.59415936
-27.04623949994481,245.625,22.356813,0.58795416
-27.04623949994481,247.5,22.273045,0.57313603
-27.04623949994481,249.375,21.986305,0.5225469
-27.04623949994481,251.25,22.010096,0.48722488
-27.04623949994481,253.125,22.172205,0.49271908
-27.04623949994481,255.0,21.987791,0.51634765
-27.04623949994481,256.875,21.67574,0.49914908
-27.04623949994481,258.75,21.639528,0.4847414
-27.04623949994481,260.625,21.61779,0.5296998
-27.04623949994481,262.5,21.087595,0.5658666
-27.04623949994481,264.375,20.717361,0.52196974
-27.04623949994481,266.25,20.665232,0.5189355
-27.04623949994481,268.125,20.330446,0.58201563
-27.04623949994481,270.0,19.70943,0.5750826
-27.04623949994481,271.875,19.368298,0.535671
-27.04623949994481,273.75,19.016209,0.5273999
-27.04623949994481,275.625,18.582361,0.53691673
-27.04623949994481,277.5,18.386013,0.5558631
-27.04623949994481,279.375,18.011189,0.5474634
-27.04623949994481,281.25,17.41906,0.48186132
-27.04623949994481,283.125,17.486305,0.42834616
-27.04623949994481,285.0,19.13115,0.42120242
-27.04623949994481,286.875,20.133669,0.37085372
-27.04623949994481,288.75,20.165936,0.2901385
-27.04623949994481,290.625,20.28449,0.9914853
-27.04623949994481,292.5,20.491795,0.9630996
-27.04623949994481,294.375,21.164274,1.5191631
-27.04623949994481,296.25,33.37621,1.8399802
-27.04623949994481,298.125,35.580917,1.7806187
-27.04623949994481,300.0,28.511091,1.6880106
-27.04623949994481,301.875,27.804588,1.7313703
-27.04623949994481,303.75,28.312223,1.6894033
-27.04623949994481,305.625,24.696833,1.111242
-27.04623949994481,307.5,21.379803,0.90914065
-27.04623949994481,309.375,20.763884,0.9917152
-27.04623949994481,311.25,22.192244,0.8969309
-27.04623949994481,313.125,25.278337,0.72474384
-27.04623949994481,315.0,25.30863,0.69183767
-27.04623949994481,316.875,24.766891,0.7018389
-27.04623949994481,318.75,23.983728,0.70825446
-27.04623949994481,320.625,23.693727,0.68716586
-27.04623949994481,322.5,23.486853,0.69942486
-27.04623949994481,324.375,23.3032,0.73260194
-27.04623949994481,326.25,23.219275,0.7368131
-27.04623949994481,328.125,23.136345,0.7390729
-27.04623949994481,330.0,22.950623,0.74011594
-27.04623949994481,331.875,22.880348,0.7215326
-27.04623949994481,333.75,22.888025,0.73413455
-27.04623949994481,335.625,22.80615,0.7142351
-27.04623949994481,337.5,22.668728,0.6626899
-27.04623949994481,339.375,22.74201,0.6138058
-27.04623949994481,341.25,22.716755,0.6133795
-27.04623949994481,343.125,22.480192,0.5681001
-27.04623949994481,345.0,22.393494,0.53165424
-27.04623949994481,346.875,22.366522,0.52474827
-27.04623949994481,348.75,22.09947,0.5155733
-27.04623949994481,350.625,21.893572,0.49080983
-27.04623949994481,352.5,21.85033,0.47625822
-27.04623949994481,354.375,21.649275,0.46956906
-27.04623949994481,356.25,21.467674,0.4504976
-27.04623949994481,358.125,21.48535,0.4484359
-25.180985581270594,0.0,21.56615,0.415619
-25.180985581270594,1.875,21.141384,0.38928455
-25.180985581270594,3.75,21.002966,0.3984916
-25.180985581270594,5.625,20.852009,0.4093186
-25.180985581270594,7.5,20.493475,0.37069085
-25.180985581270594,9.375,20.343163,0.38254693
-25.180985581270594,11.25,20.55658,0.4647116
-25.180985581270594,13.125,21.179665,0.68780035
-25.180985581270594,15.0,21.1882,0.88130236
-25.180985581270594,16.875,30.967966,1.1570879
-25.180985581270594,18.75,30.719822,1.2839478
-25.180985581270594,20.625,30.893318,1.7147157
-25.180985581270594,22.5,31.533436,1.7376113
-25.180985581270594,24.375,31.106716,2.302154
-25.180985581270594,26.25,28.382692,2.9342005
-25.180985581270594,28.125,25.065876,2.5692153
-25.180985581270594,30.0,23.391502,1.7938938
-25.180985581270594,31.875,25.950857,1.390177
-25.180985581270594,33.75,27.696854,0.6384677
-25.180985581270594,35.625,28.17076,0.6199579
-25.180985581270594,37.5,27.67244,0.6680455
-25.180985581270594,39.375,26.89279,0.72604954
-25.180985581270594,41.25,27.431013,0.72776186
-25.180985581270594,43.125,28.163807,0.74034727
-25.180985581270594,45.0,29.668434,1.8237181
-25.180985581270594,46.875,28.796364,1.4389805
-25.180985581270594,48.75,25.977594,0.42477408
-25.180985581270594,50.625,25.742088,0.47509718
-25.180985581270594,52.5,25.108006,0.5532874
-25.180985581270594,54.375,25.105076,0.53024405
-25.180985581270594,56.25,25.123943,0.5536733
-25.180985581270594,58.125,24.913748,0.5606037
-25.180985581270594,60.0,24.599586,0.55782723
-25.180985581270594,61.875,24.401052,0.56244206
-25.180985581270594,63.75,24.324001,0.5821328
-25.180985581270594,65.625,24.138063,0.6119407
-25.180985581270594,67.5,23.908514,0.637598
-25.180985581270594,69.375,23.714333,0.65681183
-25.180985581270594,71.25,23.446735,0.67807513
-25.180985581270594,73.125,23.150993,0.6754331
-25.180985581270594,75.0,23.013552,0.6663528
-25.180985581270594,76.875,22.967283,0.6484671
-25.180985581270594,78.75,22.836306,0.6197891
-25.180985581270594,80.625,22.655663,0.60016936
-25.180985581270594,82.5,22.564627,0.6063549
-25.180985581270594,84.375,22.376287,0.59495145
-25.180985581270594,86.25,22.097479,0.5756026
-25.180985581270594,88.125,21.94029,0.5754021
-25.180985581270594,90.0,21.858435,0.6029106
-25.180985581270594,91.875,21.815662,0.5975105
-25.180985581270594,93.75,21.857868,0.5834217
-25.180985581270594,95.625,21.842321,0.5594648
-25.180985581270594,97.5,21.714842,0.55688584
-25.180985581270594,99.375,21.594315,0.5354498
-25.180985581270594,101.25,21.59238,0.47912112
-25.180985581270594,103.125,21.738493,0.5296418
-25.180985581270594,105.0,22.030663,0.5976954
-25.180985581270594,106.875,22.24945,0.571545
-25.180985581270594,108.75,22.569744,0.5637602
-25.180985581270594,110.625,23.608143,0.51742417
-25.180985581270594,112.5,24.595798,0.5019791
-25.180985581270594,114.375,33.098885,1.3120389
-25.180985581270594,116.25,35.3781,1.3784326
-25.180985581270594,118.125,36.016052,1.6298307
-25.180985581270594,120.0,37.168358,1.8612685
-25.180985581270594,121.875,36.462166,1.8122844
-25.180985581270594,123.75,36.401833,1.8789824
-25.180985581270594,125.625,36.42986,1.9779857
-25.180985581270594,127.5,36.002323,2.043409
-25.180985581270594,129.375,35.5658,2.2047155
-25.180985581270594,131.25,34.905777,2.140818
-25.180985581270594,133.125,35.26808,2.095338
-25.180985581270594,135.0,35.70123,2.0157163
-25.180985581270594,136.875,36.598473,1.9635142
-25.180985581270594,138.75,36.65779,1.9509039
-25.180985581270594,140.625,36.990074,2.1419604
-25.180985581270594,142.5,37.11119,2.4423637
-25.180985581270594,144.375,36.418903,2.761751
-25.180985581270594,146.25,34.287243,2.8300452
-25.180985581270594,148.125,32.707478,2.7003112
-25.180985581270594,150.0,31.158884,2.2309358
-25.180985581270594,151.875,28.204607,1.2543275
-25.180985581270594,153.75,25.911463,0.5604856
-25.180985581270594,155.625,25.718142,0.603733
-25.180985581270594,157.5,25.120506,0.6471707
-25.180985581270594,159.375,24.99156,0.64022285
-25.180985581270594,161.25,25.063103,0.64518815
-25.180985581270594,163.125,24.827732,0.6743321
-25.180985581270594,165.0,24.636541,0.66698366
-25.180985581270594,166.875,24.666462,0.6343183
-25.180985581270594,168.75,24.718962,0.614932
-25.180985581270594,170.625,24.696775,0.626801
-25.180985581270594,172.5,24.584352,0.63709694
-25.180985581270594,174.375,24.515467,0.6300011
-25.180985581270594,176.25,24.49443,0.6278441
-25.180985581270594,178.125,24.427088,0.62933385
-25.180985581270594,180.0,24.280779,0.6241366
-25.180985581270594,181.875,24.18531,0.60308623
-25.180985581270594,183.75,24.16285,0.6052842
-25.180985581270594,185.625,24.191736,0.60507476
-25.180985581270594,187.5,24.226774,0.5950721
-25.180985581270594,189.375,24.218924,0.5799256
-25.180985581270594,191.25,24.144587,0.5464718
-25.180985581270594,193.125,24.102615,0.5457447
-25.180985581270594,195.0,24.07945,0.5723559
-25.180985581270594,196.875,24.029861,0.5943793
-25.180985581270594,198.75,23.96955,0.6040943
-25.180985581270594,200.625,23.947655,0.61983967
-25.180985581270594,202.5,23.942732,0.630845
-25.180985581270594,204.375,23.873903,0.6336832
-25.180985581270594,206.25,23.824196,0.6392127
-25.180985581270594,208.125,23.802752,0.6438163
-25.180985581270594,210.0,23.736383,0.62740016
-25.180985581270594,211.875,23.644508,0.5980955
-25.180985581270594,213.75,23.651169,0.6089878
-25.180985581270594,215.625,23.65324,0.61509496
-25.180985581270594,217.5,23.629314,0.6219652
-25.180985581270594,219.375,23.628748,0.64590913
-25.180985581270594,221.25,23.611677,0.69160134
-25.180985581270594,223.125,23.461052,0.7137376
-25.180985581270594,225.0,23.417381,0.73171556
-25.180985581270594,226.875,23.466228,0.74716324
-25.180985581270594,228.75,23.43451,0.74322695
-25.180985581270594,230.625,23.372927,0.7134523
-25.180985581270594,232.5,23.432049,0.6990644
-25.180985581270594,234.375,23.316618,0.6776422
-25.180985581270594,236.25,23.14535,0.60901463
-25.180985581270594,238.125,23.172674,0.58517873
-25.180985581270594,240.0,23.308514,0.5973024
-25.180985581270594,241.875,23.132107,0.60512674
-25.180985581270594,243.75,22.944725,0.56500673
-25.180985581270594,245.625,23.011911,0.52852106
-25.180985581270594,247.5,23.100954,0.5214881
-25.180985581270594,249.375,22.912165,0.5136981
-25.180985581270594,251.25,22.797693,0.49008852
-25.180985581270594,253.125,22.730877,0.48988792
-25.180985581270594,255.0,22.474567,0.52274007
-25.180985581270594,256.875,22.072927,0.49409726
-25.180985581270594,258.75,21.946873,0.4798744
-25.180985581270594,260.625,21.845661,0.5395028
-25.180985581270594,262.5,21.26777,0.5836694
-25.180985581270594,264.375,21.008572,0.5290226
-25.180985581270594,266.25,20.995193,0.5444626
-25.180985581270594,268.125,20.474977,0.62594074
-25.180985581270594,270.0,19.69283,0.5428101
-25.180985581270594,271.875,19.579744,0.5016472
-25.180985581270594,273.75,19.406599,0.5624985
-25.180985581270594,275.625,18.733065,0.5570249
-25.180985581270594,277.5,18.45697,0.4909578
-25.180985581270594,279.375,18.558182,0.47348842
-25.180985581270594,281.25,18.820818,0.46754068
-25.180985581270594,283.125,19.16322,0.43816724
-25.180985581270594,285.0,19.960154,0.4614639
-25.180985581270594,286.875,20.800858,0.44071904
-25.180985581270594,288.75,20.948807,0.37412807
-25.180985581270594,290.625,20.960037,0.93565476
-25.180985581270594,292.5,17.542225,1.049051
-25.180985581270594,294.375,18.185486,1.3810487
-25.180985581270594,296.25,28.544958,1.5571873
-25.180985581270594,298.125,38.105175,1.825292
-25.180985581270594,300.0,30.192986,1.633408
-25.180985581270594,301.875,27.813416,1.4742906
-25.180985581270594,303.75,28.9208,1.6613218
-25.180985581270594,305.625,26.136951,1.3011158
-25.180985581270594,307.5,22.789568,0.85672456
-25.180985581270594,309.375,21.984138,0.96906394
-25.180985581270594,311.25,22.600603,0.92382073
-25.180985581270594,313.125,23.891872,0.82560027
-25.180985581270594,315.0,25.70449,0.73556787
-25.180985581270594,316.875,25.616873,0.66549003
-25.180985581270594,318.75,25.529314,0.6226909
-25.180985581270594,320.625,25.33402,0.61880684
-25.180985581270594,322.5,24.746033,0.66139275
-25.180985581270594,324.375,24.321932,0.67764544
-25.180985581270594,326.25,24.428806,0.67320377
-25.180985581270594,328.125,24.398827,0.6919746
-25.180985581270594,330.0,24.07199,0.65154284
-25.180985581270594,331.875,23.963669,0.60324734
-25.180985581270594,333.75,24.093805,0.59375817
-25.180985581270594,335.625,23.968435,0.5836729
-25.180985581270594,337.5,23.709724,0.5523662
-25.180985581270594,339.375,23.713903,0.51402944
-25.180985581270594,341.25,23.629393,0.49450582
-25.180985581270594,343.125,23.295252,0.47769675
-25.180985581270594,345.0,23.192106,0.46766552
-25.180985581270594,346.875,23.177595,0.46167666
-25.180985581270594,348.75,22.840193,0.46941516
-25.180985581270594,350.625,22.59076,0.45367202
-25.180985581270594,352.5,22.55113,0.44711602
-25.180985581270594,354.375,22.238182,0.44820702
-25.180985581270594,356.25,22.011286,0.43296826
-25.180985581270594,358.125,21.914724,0.4213116
-23.31573072614093,0.0,21.863825,0.3580682
-23.31573072614093,1.875,21.612986,0.34576508
-23.31573072614093,3.75,21.708103,0.3673099
-23.31573072614093,5.625,21.639606,0.38545004
-23.31573072614093,7.5,21.191229,0.36223564
-23.31573072614093,9.375,21.09117,0.37531027
-23.31573072614093,11.25,21.63406,0.5393226
-23.31573072614093,13.125,22.815525,0.7477594
-23.31573072614093,15.0,28.705408,1.014829
-23.31573072614093,16.875,32.35533,1.2775028
-23.31573072614093,18.75,31.643944,1.8784508
-23.31573072614093,20.625,31.370018,1.9133397
-23.31573072614093,22.5,32.01853,1.8489254
-23.31573072614093,24.375,30.233435,2.2638474
-23.31573072614093,26.25,28.819372,2.5549324
-23.31573072614093,28.125,29.384022,2.753212
-23.31573072614093,30.0,28.91699,2.1310365
-23.31573072614093,31.875,29.728806,1.6977009
-23.31573072614093,33.75,31.922693,1.2083966
-23.31573072614093,35.625,28.994762,0.5555177
-23.31573072614093,37.5,28.347282,0.52465975
-23.31573072614093,39.375,27.730759,0.54776937
-23.31573072614093,41.25,28.296755,0.5483669
-23.31573072614093,43.125,28.958357,0.6179401
-23.31573072614093,45.0,30.112694,2.0735214
-23.31573072614093,46.875,27.692848,1.6166072
-23.31573072614093,48.75,26.056852,0.39726976
-23.31573072614093,50.625,26.713825,0.41722035
-23.31573072614093,52.5,26.18947,0.5215494
-23.31573072614093,54.375,25.786228,0.5294773
-23.31573072614093,56.25,25.634958,0.4963679
-23.31573072614093,58.125,25.577713,0.50124955
-23.31573072614093,60.0,25.235447,0.55178374
-23.31573072614093,61.875,24.985485,0.5473892
-23.31573072614093,63.75,24.93357,0.5707086
-23.31573072614093,65.625,24.701267,0.5980784
-23.31573072614093,67.5,24.404978,0.59101194
-23.31573072614093,69.375,24.26994,0.6011906
-23.31573072614093,71.25,24.079645,0.6227867
-23.31573072614093,73.125,23.834978,0.6094596
-23.31573072614093,75.0,23.734217,0.56422573
-23.31573072614093,76.875,23.73693,0.5384824
-23.31573072614093,78.75,23.58365,0.545953
-23.31573072614093,80.625,23.412537,0.538164
-23.31573072614093,82.5,23.346111,0.52428997
-23.31573072614093,84.375,23.181639,0.49268544
-23.31573072614093,86.25,22.932693,0.45862967
-23.31573072614093,88.125,22.883512,0.48003024
-23.31573072614093,90.0,22.96949,0.5448308
-23.31573072614093,91.875,22.996462,0.5398984
-23.31573072614093,93.75,22.990154,0.50712806
-23.31573072614093,95.625,22.873024,0.5207512
-23.31573072614093,97.5,22.650818,0.5577347
-23.31573072614093,99.375,22.479822,0.5160736
-23.31573072614093,101.25,22.513006,0.48920196
-23.31573072614093,103.125,22.79527,0.541133
-23.31573072614093,105.0,23.19408,0.5563384
-23.31573072614093,106.875,23.55322,0.5331552
-23.31573072614093,108.75,24.013805,0.55775994
-23.31573072614093,110.625,24.999626,0.56217337
-23.31573072614093,112.5,26.037615,0.5438485
-23.31573072614093,114.375,34.828297,1.3948879
-23.31573072614093,116.25,37.91248,1.4980581
-23.31573072614093,118.125,37.8465,1.6300076
-23.31573072614093,120.0,37.44937,1.6692215
-23.31573072614093,121.875,37.70371,1.7515754
-23.31573072614093,123.75,38.058983,1.8479626
-23.31573072614093,125.625,38.11197,1.8862425
-23.31573072614093,127.5,37.684452,1.9474924
-23.31573072614093,129.375,36.921658,2.05408
-23.31573072614093,131.25,35.427067,2.1894977
-23.31573072614093,133.125,35.462242,2.1634042
-23.31573072614093,135.0,36.30691,2.0146084
-23.31573072614093,136.875,37.22902,2.019984
-23.31573072614093,138.75,36.85824,1.9933069
-23.31573072614093,140.625,37.32826,2.2639434
-23.31573072614093,142.5,37.24773,2.3514152
-23.31573072614093,144.375,36.45326,2.3174038
-23.31573072614093,146.25,34.694218,2.3090205
-23.31573072614093,148.125,32.598045,1.9903753
-23.31573072614093,150.0,30.093416,1.3529061
-23.31573072614093,151.875,26.323553,0.56440353
-23.31573072614093,153.75,26.574158,0.6170433
-23.31573072614093,155.625,26.231775,0.6537915
-23.31573072614093,157.5,25.765974,0.6618633
-23.31573072614093,159.375,25.880466,0.6663456
-23.31573072614093,161.25,25.921463,0.67335784
-23.31573072614093,163.125,25.646051,0.6741898
-23.31573072614093,165.0,25.509764,0.6532723
-23.31573072614093,166.875,25.578552,0.65150464
-23.31573072614093,168.75,25.593727,0.6616117
-23.31573072614093,170.625,25.52738,0.66105986
-23.31573072614093,172.5,25.491755,0.6639154
-23.31573072614093,174.375,25.445213,0.66976535
-23.31573072614093,176.25,25.392868,0.6828495
-23.31573072614093,178.125,25.378181,0.69376767
-23.31573072614093,180.0,25.323689,0.6812868
-23.31573072614093,181.875,25.280857,0.65930265
-23.31573072614093,183.75,25.321444,0.6429373
-23.31573072614093,185.625,25.33363,0.6249083
-23.31573072614093,187.5,25.318981,0.613915
-23.31573072614093,189.375,25.33449,0.60376996
-23.31573072614093,191.25,25.3174,0.60846406
-23.31573072614093,193.125,25.25197,0.61067325
-23.31573072614093,195.0,25.252634,0.6172458
-23.31573072614093,196.875,25.246443,0.62881774
-23.31573072614093,198.75,25.190096,0.6357818
-23.31573072614093,200.625,25.215055,0.6506779
-23.31573072614093,202.5,25.235584,0.66045123
-23.31573072614093,204.375,25.142323,0.6546871
-23.31573072614093,206.25,25.118025,0.6552696
-23.31573072614093,208.125,25.130173,0.6674184
-23.31573072614093,210.0,25.032263,0.6548513
-23.31573072614093,211.875,24.964567,0.62291116
-23.31573072614093,213.75,25.038708,0.6286466
-23.31573072614093,215.625,25.041014,0.63953465
-23.31573072614093,217.5,24.90992,0.65120405
-23.31573072614093,219.375,24.846834,0.6614464
-23.31573072614093,221.25,24.814724,0.68161136
-23.31573072614093,223.125,24.749783,0.66813934
-23.31573072614093,225.0,24.767595,0.68242884
-23.31573072614093,226.875,24.813923,0.70781374
-23.31573072614093,228.75,24.707087,0.67783105
-23.31573072614093,230.625,24.565563,0.63165396
-23.31573072614093,232.5,24.595192,0.5879111
-23.31573072614093,234.375,24.5932,0.5560801
-23.31573072614093,236.25,24.395798,0.50439113
-23.31573072614093,238.125,24.337732,0.49990752
-23.31573072614093,240.0,24.412342,0.5062139
-23.31573072614093,241.875,24.373337,0.50250435
-23.31573072614093,243.75,24.160583,0.49278823
-23.31573072614093,245.625,23.897459,0.49362904
-23.31573072614093,247.5,23.727772,0.48458996
-23.31573072614093,249.375,23.489569,0.5095159
-23.31573072614093,251.25,23.175426,0.5174278
-23.31573072614093,253.125,22.888805,0.51287746
-23.31573072614093,255.0,22.652477,0.5356098
-23.31573072614093,256.875,22.326483,0.53694135
-23.31573072614093,258.75,21.995134,0.5416407
-23.31573072614093,260.625,21.755095,0.5546336
-23.31573072614093,262.5,21.346092,0.5560108
-23.31573072614093,264.375,21.022165,0.530304
-23.31573072614093,266.25,20.847185,0.55546755
-23.31573072614093,268.125,20.29492,0.5973797
-23.31573072614093,270.0,19.739939,0.51324505
-23.31573072614093,271.875,19.786385,0.50677925
-23.31573072614093,273.75,19.645134,0.5700622
-23.31573072614093,275.625,18.840036,0.5457804
-23.31573072614093,277.5,18.676619,0.46540675
-23.31573072614093,279.375,19.535192,0.5239114
-23.31573072614093,281.25,20.36568,0.47990516
-23.31573072614093,283.125,20.474977,0.41168588
-23.31573072614093,285.0,20.493103,0.44309005
-23.31573072614093,286.875,20.932127,0.4988157
-23.31573072614093,288.75,20.994099,0.4343865
-23.31573072614093,290.625,23.213512,0.7211067
-23.31573072614093,292.5,17.351229,0.9695306
-23.31573072614093,294.375,16.57822,1.1827338
-23.31573072614093,296.25,25.740818,1.1926992
-23.31573072614093,298.125,39.109432,1.7124113
-23.31573072614093,300.0,31.923086,1.6994742
-23.31573072614093,301.875,28.359997,1.4422994
-23.31573072614093,303.75,28.974705,1.6826836
-23.31573072614093,305.625,27.418396,1.190948
-23.31573072614093,307.5,25.15443,0.86799073
-23.31573072614093,309.375,24.904743,1.0612125
-23.31573072614093,311.25,24.311012,1.0719545
-23.31573072614093,313.125,22.921814,0.9040081
-23.31573072614093,315.0,23.381678,0.97416186
-23.31573072614093,316.875,25.803923,0.689877
-23.31573072614093,318.75,26.052946,0.6243492
-23.31573072614093,320.625,26.274431,0.5765605
-23.31573072614093,322.5,25.854704,0.61537886
-23.31573072614093,324.375,25.253748,0.6434315
-23.31573072614093,326.25,25.337713,0.6216314
-23.31573072614093,328.125,25.449627,0.6101216
-23.31573072614093,330.0,25.046911,0.55140156
-23.31573072614093,331.875,24.87287,0.52498066
-23.31573072614093,333.75,24.971912,0.5099124
-23.31573072614093,335.625,24.731033,0.50110793
-23.31573072614093,337.5,24.368065,0.493677
-23.31573072614093,339.375,24.364002,0.46258157
-23.31573072614093,341.25,24.18367,0.43577462
-23.31573072614093,343.125,23.77117,0.42082036
-23.31573072614093,345.0,23.616854,0.42223793
-23.31573072614093,346.875,23.487926,0.42216754
-23.31573072614093,348.75,23.135954,0.41559634
-23.31573072614093,350.625,22.94529,0.4116708
-23.31573072614093,352.5,22.867752,0.4155104
-23.31573072614093,354.375,22.511717,0.39965644
-23.31573072614093,356.25,22.323103,0.37405232
-23.31573072614093,358.125,22.204197,0.36183587
-21.450475037398185,0.0,22.324001,0.34078884
-21.450475037398185,1.875,22.214548,0.35620898
-21.450475037398185,3.75,22.280916,0.39210063
-21.450475037398185,5.625,22.181795,0.43427497
-21.450475037398185,7.5,21.98408,0.4579069
-21.450475037398185,9.375,22.278963,0.58638835
-21.450475037398185,11.25,23.029978,0.7999843
-21.450475037398185,13.125,23.690838,0.9108896
-21.450475037398185,15.0,29.27322,0.8860998
-21.450475037398185,16.875,32.320877,1.8525965
-21.450475037398185,18.75,30.746696,2.6640372
-21.450475037398185,20.625,32.202045,2.3510764
-21.450475037398185,22.5,32.448746,2.0298932
-21.450475037398185,24.375,31.100897,2.389387
-21.450475037398185,26.25,29.94408,2.3970633
-21.450475037398185,28.125,29.62076,2.17703
-21.450475037398185,30.0,28.136677,1.9765627
-21.450475037398185,31.875,27.85117,1.7403586
-21.450475037398185,33.75,30.624529,1.3530152
-21.450475037398185,35.625,29.685095,0.50627303
-21.450475037398185,37.5,28.84947,0.43383422
-21.450475037398185,39.375,28.52072,0.44651484
-21.450475037398185,41.25,29.275915,0.48201194
-21.450475037398185,43.125,29.826424,0.47870108
-21.450475037398185,45.0,29.415545,1.8946422
-21.450475037398185,46.875,25.564295,1.445727
-21.450475037398185,48.75,25.958864,0.40482393
-21.450475037398185,50.625,27.43779,0.41011724
-21.450475037398185,52.5,27.284178,0.50304127
-21.450475037398185,54.375,26.271208,0.53350884
-21.450475037398185,56.25,25.974665,0.4825238
-21.450475037398185,58.125,26.024334,0.5050685
-21.450475037398185,60.0,25.716736,0.53472394
-21.450475037398185,61.875,25.456287,0.5110426
-21.450475037398185,63.75,25.40986,0.526889
-21.450475037398185,65.625,25.177927,0.54369354
-21.450475037398185,67.5,24.911873,0.52014035
-21.450475037398185,69.375,24.886286,0.51034147
-21.450475037398185,71.25,24.865896,0.51207834
-21.450475037398185,73.125,24.684822,0.4959291
-21.450475037398185,75.0,24.579002,0.4748744
-21.450475037398185,76.875,24.59824,0.47320113
-21.450475037398185,78.75,24.50361,0.47032598
-21.450475037398185,80.625,24.37615,0.45277932
-21.450475037398185,82.5,24.301481,0.43387353
-21.450475037398185,84.375,24.150213,0.4149327
-21.450475037398185,86.25,23.99699,0.42759046
-21.450475037398185,88.125,24.053944,0.4806107
-21.450475037398185,90.0,24.199627,0.52565056
-21.450475037398185,91.875,24.249392,0.5066324
-21.450475037398185,93.75,24.193846,0.48297745
-21.450475037398185,95.625,23.98324,0.51912826
-21.450475037398185,97.5,23.690895,0.5371073
-21.450475037398185,99.375,23.453825,0.513717
-21.450475037398185,101.25,23.426033,0.50568235
-21.450475037398185,103.125,23.68322,0.543312
-21.450475037398185,105.0,24.112127,0.54793894
-21.450475037398185,106.875,24.647243,0.50734985
-21.450475037398185,108.75,25.276932,0.5180351
-21.450475037398185,110.625,26.160467,0.55506414
-21.450475037398185,112.5,27.314354,0.5695282
-21.450475037398185,114.375,28.147184,0.60560215
-21.450475037398185,116.25,37.742672,1.3793958
-21.450475037398185,118.125,37.63439,1.3744566
-21.450475037398185,120.0,37.27521,1.4004176
-21.450475037398185,121.875,37.971756,1.5174601
-21.450475037398185,123.75,38.889664,1.6065629
-21.450475037398185,125.625,38.713318,1.6937228
-21.450475037398185,127.5,38.407772,1.78834
-21.450475037398185,129.375,37.36029,1.9215597
-21.450475037398185,131.25,35.85537,2.0405152
-21.450475037398185,133.125,35.661755,2.0360749
-21.450475037398185,135.0,36.160954,1.850222
-21.450475037398185,136.875,38.376617,2.0950527
-21.450475037398185,138.75,38.330956,1.8954097
-21.450475037398185,140.625,37.82662,2.2336862
-21.450475037398185,142.5,36.613476,2.1252367
-21.450475037398185,144.375,35.042477,2.0637105
-21.450475037398185,146.25,33.20918,1.74202
-21.450475037398185,148.125,31.380661,1.3767118
-21.450475037398185,150.0,26.920427,0.6034288
-21.450475037398185,151.875,27.00326,0.63434833
-21.450475037398185,153.75,27.229666,0.68149114
-21.450475037398185,155.625,26.899275,0.7060384
-21.450475037398185,157.5,26.561813,0.7154503
-21.450475037398185,159.375,26.647362,0.71487397
-21.450475037398185,161.25,26.683805,0.7175767
-21.450475037398185,163.125,26.468163,0.7131666
-21.450475037398185,165.0,26.3999,0.69326633
-21.450475037398185,166.875,26.45283,0.6838172
-21.450475037398185,168.75,26.473885,0.6757617
-21.450475037398185,170.625,26.468983,0.66589236
-21.450475037398185,172.5,26.492458,0.6759781
-21.450475037398185,174.375,26.506268,0.6847354
-21.450475037398185,176.25,26.518904,0.6947917
-21.450475037398185,178.125,26.496756,0.692857
-21.450475037398185,180.0,26.476423,0.67723346
-21.450475037398185,181.875,26.459139,0.65152425
-21.450475037398185,183.75,26.429998,0.6143057
-21.450475037398185,185.625,26.386091,0.5936645
-21.450475037398185,187.5,26.445173,0.59673864
-21.450475037398185,189.375,26.526033,0.6039251
-21.450475037398185,191.25,26.542908,0.6049404
-21.450475037398185,193.125,26.487616,0.59834224
-21.450475037398185,195.0,26.463669,0.60570776
-21.450475037398185,196.875,26.491423,0.6101021
-21.450475037398185,198.75,26.524803,0.609381
-21.450475037398185,200.625,26.535408,0.6185474
-21.450475037398185,202.5,26.526052,0.62694615
-21.450475037398185,204.375,26.41494,0.6321013
-21.450475037398185,206.25,26.267752,0.6169811
-21.450475037398185,208.125,26.246286,0.6171375
-21.450475037398185,210.0,26.223806,0.6111459
-21.450475037398185,211.875,26.177692,0.58150715
-21.450475037398185,213.75,26.218924,0.5675531
-21.450475037398185,215.625,26.244862,0.5798723
-21.450475037398185,217.5,26.084627,0.59362626
-21.450475037398185,219.375,26.041893,0.57554716
-21.450475037398185,221.25,26.097322,0.5404143
-21.450475037398185,223.125,26.0541,0.51079714
-21.450475037398185,225.0,25.973513,0.4935326
-21.450475037398185,226.875,26.008806,0.49137685
-21.450475037398185,228.75,25.933064,0.47442794
-21.450475037398185,230.625,25.75031,0.44273376
-21.450475037398185,232.5,25.650545,0.41182566
-21.450475037398185,234.375,25.643084,0.40817478
-21.450475037398185,236.25,25.599705,0.41256016
-21.450475037398185,238.125,25.45863,0.44840613
-21.450475037398185,240.0,25.151716,0.4769766
-21.450475037398185,241.875,24.912165,0.46145472
-21.450475037398185,243.75,24.814783,0.4708813
-21.450475037398185,245.625,24.444275,0.512811
-21.450475037398185,247.5,24.04072,0.50363094
-21.450475037398185,249.375,23.826637,0.5174863
-21.450475037398185,251.25,23.51203,0.5519293
-21.450475037398185,253.125,23.088572,0.5480517
-21.450475037398185,255.0,22.87365,0.5555453
-21.450475037398185,256.875,22.640232,0.58085245
-21.450475037398185,258.75,22.127459,0.57046705
-21.450475037398185,260.625,21.831228,0.5421992
-21.450475037398185,262.5,21.547146,0.55210674
-21.450475037398185,264.375,20.979334,0.5480898
-21.450475037398185,266.25,20.595955,0.53094465
-21.450475037398185,268.125,20.190037,0.52220255
-21.450475037398185,270.0,19.950623,0.5042843
-21.450475037398185,271.875,19.98078,0.47856644
-21.450475037398185,273.75,19.863436,0.4775183
-21.450475037398185,275.625,19.651443,0.49791387
-21.450475037398185,277.5,20.046638,0.5069377
-21.450475037398185,279.375,20.776463,0.48263058
-21.450475037398185,281.25,21.318903,0.49046344
-21.450475037398185,283.125,21.475641,0.44243172
-21.450475037398185,285.0,21.595545,0.5392575
-21.450475037398185,286.875,21.56742,0.6263227
-21.450475037398185,288.75,20.95744,0.4757378
-21.450475037398185,290.625,23.777752,0.6746852
-21.450475037398185,292.5,16.289997,0.77414423
-21.450475037398185,294.375,15.306365,1.0714259
-21.450475037398185,296.25,23.399294,0.9810508
-21.450475037398185,298.125,36.212517,1.8389214
-21.450475037398185,300.0,32.05127,1.9062331
-21.450475037398185,301.875,29.26322,1.7081391
-21.450475037398185,303.75,29.492477,1.7490437
-21.450475037398185,305.625,27.701658,1.1944118
-21.450475037398185,307.5,26.579744,1.0241289
-21.450475037398185,309.375,27.045681,1.1007324
-21.450475037398185,311.25,25.62908,1.0522138
-21.450475037398185,313.125,22.351639,0.95647275
-21.450475037398185,315.0,21.643688,1.0559239
-21.450475037398185,316.875,22.889568,1.1038979
-21.450475037398185,318.75,24.883923,1.103761
-21.450475037398185,320.625,26.783298,0.5562724
-21.450475037398185,322.5,26.590797,0.6007318
-21.450475037398185,324.375,25.930681,0.5974106
-21.450475037398185,326.25,25.964294,0.5525138
-21.450475037398185,328.125,26.08818,0.5250771
-21.450475037398185,330.0,25.718826,0.5068343
-21.450475037398185,331.875,25.538729,0.48666558
-21.450475037398185,333.75,25.567926,0.45154026
-21.450475037398185,335.625,25.295017,0.44828123
-21.450475037398185,337.5,24.907557,0.44264847
-21.450475037398185,339.375,24.862967,0.42680937
-21.450475037398185,341.25,24.620623,0.42839676
-21.450475037398185,343.125,24.23488,0.4206903
-21.450475037398185,345.0,24.050426,0.40706775
-21.450475037398185,346.875,23.865564,0.41120845
-21.450475037398185,348.75,23.474743,0.3849431
-21.450475037398185,350.625,23.283493,0.3714787
-21.450475037398185,352.5,23.107576,0.36931533
-21.450475037398185,354.375,22.802088,0.34944797
-21.450475037398185,356.25,22.665154,0.32067472
-21.450475037398185,358.125,22.564821,0.32472906
-19.58521860882233,0.0,23.038357,0.37599686
-19.58521860882233,1.875,23.074411,0.41993177
-19.58521860882233,3.75,23.062517,0.48873645
-19.58521860882233,5.625,22.97611,0.55843794
-19.58521860882233,7.5,23.394138,0.6555047
-19.58521860882233,9.375,24.664997,0.8301294
-19.58521860882233,11.25,25.469685,0.9070504
-19.58521860882233,13.125,27.68789,0.9624291
-19.58521860882233,15.0,30.658747,0.9573696
-19.58521860882233,16.875,31.280018,2.5708096
-19.58521860882233,18.75,30.14906,2.7715924
-19.58521860882233,20.625,31.037888,2.529114
-19.58521860882233,22.5,31.153591,2.2197824
-19.58521860882233,24.375,30.899822,2.1655366
-19.58521860882233,26.25,30.172731,2.002047
-19.58521860882233,28.125,28.587614,1.9045401
-19.58521860882233,30.0,25.899939,1.815128
-19.58521860882233,31.875,25.291794,1.7581265
-19.58521860882233,33.75,28.573122,1.5895324
-19.58521860882233,35.625,31.388786,1.201621
-19.58521860882233,37.5,29.42199,0.4137233
-19.58521860882233,39.375,29.204548,0.43611735
-19.58521860882233,41.25,30.119352,0.5036749
-19.58521860882233,43.125,30.517693,0.47042844
-19.58521860882233,45.0,30.349216,1.5470318
-19.58521860882233,46.875,26.126598,1.5456413
-19.58521860882233,48.75,26.037556,0.4124005
-19.58521860882233,50.625,27.32992,0.4288065
-19.58521860882233,52.5,27.529861,0.4993182
-19.58521860882233,54.375,26.55857,0.49860334
-19.58521860882233,56.25,26.392204,0.48061284
-19.58521860882233,58.125,26.447107,0.487081
-19.58521860882233,60.0,26.194353,0.4925788
-19.58521860882233,61.875,25.966599,0.47367868
-19.58521860882233,63.75,25.949392,0.47309732
-19.58521860882233,65.625,25.823416,0.49255833
-19.58521860882233,67.5,25.622225,0.48320207
-19.58521860882233,69.375,25.61574,0.47156483
-19.58521860882233,71.25,25.650232,0.45348814
-19.58521860882233,73.125,25.558182,0.42488948
-19.58521860882233,75.0,25.559528,0.40943578
-19.58521860882233,76.875,25.629938,0.4030048
-19.58521860882233,78.75,25.609997,0.40058059
-19.58521860882233,80.625,25.569216,0.40021008
-19.58521860882233,82.5,25.54359,0.3996371
-19.58521860882233,84.375,25.495213,0.42544928
-19.58521860882233,86.25,25.479431,0.47612947
-19.58521860882233,88.125,25.521833,0.50434685
-19.58521860882233,90.0,25.526657,0.5133985
-19.58521860882233,91.875,25.468239,0.51177377
-19.58521860882233,93.75,25.323708,0.51891303
-19.58521860882233,95.625,25.073923,0.53767836
-19.58521860882233,97.5,24.814978,0.5176555
-19.58521860882233,99.375,24.613728,0.5110817
-19.58521860882233,101.25,24.534588,0.54171896
-19.58521860882233,103.125,24.633709,0.5719397
-19.58521860882233,105.0,24.916052,0.58088523
-19.58521860882233,106.875,25.353943,0.5551916
-19.58521860882233,108.75,25.926384,0.5326147
-19.58521860882233,110.625,26.637537,0.5548515
-19.58521860882233,112.5,27.86865,0.57861197
-19.58521860882233,114.375,29.20945,0.5987922
-19.58521860882233,116.25,30.321754,0.5796969
-19.58521860882233,118.125,30.70406,0.49778965
-19.58521860882233,120.0,31.209724,0.4725081
-19.58521860882233,121.875,37.121346,1.2036458
-19.58521860882233,123.75,38.740562,1.2934434
-19.58521860882233,125.625,37.87619,1.6924814
-19.58521860882233,127.5,37.330544,1.9597579
-19.58521860882233,129.375,37.349117,1.9359094
-19.58521860882233,131.25,37.223473,1.677562
-19.58521860882233,133.125,36.82449,1.6017144
-19.58521860882233,135.0,36.785233,1.6031086
-19.58521860882233,136.875,38.20605,1.6860273
-19.58521860882233,138.75,38.370934,1.721748
-19.58521860882233,140.625,37.50205,1.8956838
-19.58521860882233,142.5,35.393963,1.7629869
-19.58521860882233,144.375,32.7774,1.6565386
-19.58521860882233,146.25,31.651072,1.3242874
-19.58521860882233,148.125,31.173864,1.0434735
-19.58521860882233,150.0,27.792322,0.6524832
-19.58521860882233,151.875,27.72734,0.683577
-19.58521860882233,153.75,27.795994,0.70311356
-19.58521860882233,155.625,27.637947,0.7254916
-19.58521860882233,157.5,27.45076,0.740665
-19.58521860882233,159.375,27.521307,0.73445284
-19.58521860882233,161.25,27.594938,0.7255637
-19.58521860882233,163.125,27.455896,0.70259947
-19.58521860882233,165.0,27.40828,0.68906504
-19.58521860882233,166.875,27.450096,0.67255294
-19.58521860882233,168.75,27.483376,0.6526915
-19.58521860882233,170.625,27.533747,0.64994365
-19.58521860882233,172.5,27.645388,0.6598639
-19.58521860882233,174.375,27.635077,0.65522724
-19.58521860882233,176.25,27.567713,0.63916487
-19.58521860882233,178.125,27.535837,0.6300316
-19.58521860882233,180.0,27.499939,0.6177042
-19.58521860882233,181.875,27.498474,0.5975627
-19.58521860882233,183.75,27.585213,0.57245576
-19.58521860882233,185.625,27.660583,0.5528195
-19.58521860882233,187.5,27.673395,0.55233276
-19.58521860882233,189.375,27.687868,0.5516918
-19.58521860882233,191.25,27.659119,0.5643571
-19.58521860882233,193.125,27.586618,0.56837136
-19.58521860882233,195.0,27.617088,0.5629979
-19.58521860882233,196.875,27.699997,0.5554652
-19.58521860882233,198.75,27.645779,0.5606883
-19.58521860882233,200.625,27.588533,0.5586427
-19.58521860882233,202.5,27.575584,0.5635312
-19.58521860882233,204.375,27.493181,0.57247114
-19.58521860882233,206.25,27.377478,0.5461649
-19.58521860882233,208.125,27.339783,0.51782227
-19.58521860882233,210.0,27.318455,0.51495165
-19.58521860882233,211.875,27.229412,0.50720376
-19.58521860882233,213.75,27.183983,0.5025831
-19.58521860882233,215.625,27.173182,0.5144419
-19.58521860882233,217.5,27.108122,0.5020944
-19.58521860882233,219.375,27.086618,0.46091586
-19.58521860882233,221.25,27.095642,0.44516304
-19.58521860882233,223.125,26.989548,0.4465035
-19.58521860882233,225.0,26.814978,0.43627328
-19.58521860882233,226.875,26.722498,0.42311394
-19.58521860882233,228.75,26.73195,0.42381164
-19.58521860882233,230.625,26.70158,0.41441998
-19.58521860882233,232.5,26.533846,0.44159734
-19.58521860882233,234.375,26.253395,0.47001192
-19.58521860882233,236.25,26.133396,0.45800647
-19.58521860882233,238.125,26.091032,0.47086036
-19.58521860882233,240.0,25.746443,0.505643
-19.58521860882233,241.875,25.355173,0.49030152
-19.58521860882233,243.75,25.280096,0.48526874
-19.58521860882233,245.625,24.93244,0.51027334
-19.58521860882233,247.5,24.538904,0.487777
-19.58521860882233,249.375,24.403826,0.48211372
-19.58521860882233,251.25,24.171677,0.53912604
-19.58521860882233,253.125,23.670174,0.5331234
-19.58521860882233,255.0,23.477243,0.51814026
-19.58521860882233,256.875,23.320192,0.5266392
-19.58521860882233,258.75,22.692556,0.5206982
-19.58521860882233,260.625,22.39697,0.53112364
-19.58521860882233,262.5,22.164919,0.54715866
-19.58521860882233,264.375,21.607986,0.5698014
-19.58521860882233,266.25,21.40078,0.54930556
-19.58521860882233,268.125,21.317595,0.5242058
-19.58521860882233,270.0,21.142967,0.48140803
-19.58521860882233,271.875,20.986404,0.4162075
-19.58521860882233,273.75,21.088787,0.3790161
-19.58521860882233,275.625,21.32695,0.38258407
-19.58521860882233,277.5,21.28195,0.3967217
-19.58521860882233,279.375,21.439978,0.41322342
-19.58521860882233,281.25,21.938084,0.41315693
-19.58521860882233,283.125,22.487888,0.43702018
-19.58521860882233,285.0,23.057205,0.57753843
-19.58521860882233,286.875,22.47656,0.63127625
-19.58521860882233,288.75,21.452185,0.50524545
-19.58521860882233,290.625,22.126091,0.66922057
-19.58521860882233,292.5,13.755974,0.6949343
-19.58521860882233,294.375,14.292537,1.0706835
-19.58521860882233,296.25,22.800896,1.1718854
-19.58521860882233,298.125,32.151756,1.7931947
-19.58521860882233,300.0,30.798416,2.0252442
-19.58521860882233,301.875,30.77199,2.09242
-19.58521860882233,303.75,30.114958,1.785204
-19.58521860882233,305.625,27.541893,1.1312934
-19.58521860882233,307.5,26.459099,1.0536865
-19.58521860882233,309.375,26.771658,1.277279
-19.58521860882233,311.25,25.536697,1.2171328
-19.58521860882233,313.125,23.0966,1.0164738
-19.58521860882233,315.0,22.35406,1.1101443
-19.58521860882233,316.875,22.843357,1.1523415
-19.58521860882233,318.75,24.369392,1.1697432
-19.58521860882233,320.625,27.159569,0.5277357
-19.58521860882233,322.5,27.20529,0.5498727
-19.58521860882233,324.375,26.569588,0.52900547
-19.58521860882233,326.25,26.539509,0.49104896
-19.58521860882233,328.125,26.587751,0.4896891
-19.58521860882233,330.0,26.208885,0.49433228
-19.58521860882233,331.875,25.907185,0.45548096
-19.58521860882233,333.75,25.862244,0.41857103
-19.58521860882233,335.625,25.612732,0.4198954
-19.58521860882233,337.5,25.27279,0.4118391
-19.58521860882233,339.375,25.14283,0.40912527
-19.58521860882233,341.25,24.894176,0.42390254
-19.58521860882233,343.125,24.592772,0.39629126
-19.58521860882233,345.0,24.41109,0.3824036
-19.58521860882233,346.875,24.215174,0.38008896
-19.58521860882233,348.75,23.867264,0.3595268
-19.58521860882233,350.625,23.676325,0.3406197
-19.58521860882233,352.5,23.474821,0.33357048
-19.58521860882233,354.375,23.247927,0.31550267
-19.58521860882233,356.25,23.124529,0.3071991
-19.58521860882233,358.125,23.085526,0.33378947
-17.719961526447428,0.0,23.900642,0.40502307
-17.719961526447428,1.875,23.887184,0.44178677
-17.719961526447428,3.75,23.741873,0.5086689
-17.719961526447428,5.625,23.721169,0.5615808
-17.719961526447428,7.5,24.635134,0.5913171
-17.719961526447428,9.375,26.595758,0.6140949
-17.719961526447428,11.25,28.174274,0.6262861
-17.719961526447428,13.125,30.611814,0.88117003
-17.719961526447428,15.0,31.175993,2.0910487
-17.719961526447428,16.875,30.620955,2.822627
-17.719961526447428,18.75,30.411072,2.591755
-17.719961526447428,20.625,29.898376,2.4993455
-17.719961526447428,22.5,29.404139,2.3433814
-17.719961526447428,24.375,29.572927,2.0936534
-17.719961526447428,26.25,29.251307,2.1208963
-17.719961526447428,28.125,28.288494,1.9435045
-17.719961526447428,30.0,27.289919,1.9308434
-17.719961526447428,31.875,26.960388,1.8863462
-17.719961526447428,33.75,28.973122,1.7929097
-17.719961526447428,35.625,31.589567,1.6096117
-17.719961526447428,37.5,29.646618,0.40577424
-17.719961526447428,39.375,29.137127,0.41135857
-17.719961526447428,41.25,29.755213,0.49052912
-17.719961526447428,43.125,30.503826,0.499248
-17.719961526447428,45.0,31.311033,1.3728915
-17.719961526447428,46.875,28.14402,1.5130692
-17.719961526447428,48.75,24.922947,0.8427777
-17.719961526447428,50.625,26.987967,0.44349846
-17.719961526447428,52.5,27.529041,0.49128622
-17.719961526447428,54.375,27.131912,0.4889688
-17.719961526447428,56.25,26.946287,0.48447028
-17.719961526447428,58.125,26.911247,0.49258173
-17.719961526447428,60.0,26.73033,0.49688473
-17.719961526447428,61.875,26.559666,0.48735914
-17.719961526447428,63.75,26.610329,0.47136524
-17.719961526447428,65.625,26.635622,0.47561917
-17.719961526447428,67.5,26.569313,0.46833864
-17.719961526447428,69.375,26.599686,0.46002004
-17.719961526447428,71.25,26.622087,0.44835168
-17.719961526447428,73.125,26.58281,0.42932323
-17.719961526447428,75.0,26.608826,0.42479324
-17.719961526447428,76.875,26.667751,0.42212853
-17.719961526447428,78.75,26.699333,0.4184356
-17.719961526447428,80.625,26.724977,0.41911724
-17.719961526447428,82.5,26.772419,0.4301504
-17.719961526447428,84.375,26.831345,0.46100485
-17.719961526447428,86.25,26.857145,0.49523216
-17.719961526447428,88.125,26.83986,0.5131916
-17.719961526447428,90.0,26.754393,0.5305619
-17.719961526447428,91.875,26.65865,0.5441824
-17.719961526447428,93.75,26.520037,0.53252894
-17.719961526447428,95.625,26.329079,0.50666434
-17.719961526447428,97.5,26.180603,0.49132138
-17.719961526447428,99.375,26.090622,0.52675134
-17.719961526447428,101.25,26.07525,0.5878891
-17.719961526447428,103.125,26.17781,0.60157543
-17.719961526447428,105.0,26.388357,0.6062842
-17.719961526447428,106.875,26.628473,0.60174376
-17.719961526447428,108.75,26.932634,0.5733894
-17.719961526447428,110.625,27.306677,0.5726314
-17.719961526447428,112.5,28.078318,0.5793352
-17.719961526447428,114.375,29.370506,0.604414
-17.719961526447428,116.25,30.381813,0.606481
-17.719961526447428,118.125,30.783005,0.5132723
-17.719961526447428,120.0,31.629606,0.43752506
-17.719961526447428,121.875,35.035507,0.9985276
-17.719961526447428,123.75,35.88904,1.1757272
-17.719961526447428,125.625,34.79277,2.138982
-17.719961526447428,127.5,35.412148,2.3676097
-17.719961526447428,129.375,36.35201,1.9639974
-17.719961526447428,131.25,37.31578,1.7394873
-17.719961526447428,133.125,37.672752,1.5197601
-17.719961526447428,135.0,36.10994,1.3450518
-17.719961526447428,136.875,34.356365,0.99191535
-17.719961526447428,138.75,34.647945,1.084496
-17.719961526447428,140.625,36.340916,1.376638
-17.719961526447428,142.5,34.46355,1.321875
-17.719961526447428,144.375,31.016033,1.0576484
-17.719961526447428,146.25,28.174236,0.6076639
-17.719961526447428,148.125,28.474686,0.6193237
-17.719961526447428,150.0,28.609236,0.659045
-17.719961526447428,151.875,28.350819,0.6652643
-17.719961526447428,153.75,28.406033,0.66482115
-17.719961526447428,155.625,28.470213,0.6728716
-17.719961526447428,157.5,28.442478,0.67883813
-17.719961526447428,159.375,28.46492,0.69334334
-17.719961526447428,161.25,28.492752,0.6970715
-17.719961526447428,163.125,28.41197,0.6794827
-17.719961526447428,165.0,28.358044,0.6564216
-17.719961526447428,166.875,28.399431,0.6402838
-17.719961526447428,168.75,28.498571,0.6249891
-17.719961526447428,170.625,28.652517,0.62708354
-17.719961526447428,172.5,28.713533,0.6183098
-17.719961526447428,174.375,28.66363,0.5907432
-17.719961526447428,176.25,28.57109,0.5555892
-17.719961526447428,178.125,28.548689,0.54220104
-17.719961526447428,180.0,28.53287,0.54605806
-17.719961526447428,181.875,28.631111,0.5336072
-17.719961526447428,183.75,28.734392,0.52032506
-17.719961526447428,185.625,28.778748,0.5227784
-17.719961526447428,187.5,28.736423,0.5189715
-17.719961526447428,189.375,28.717928,0.5178041
-17.719961526447428,191.25,28.68322,0.5269813
-17.719961526447428,193.125,28.685623,0.523952
-17.719961526447428,195.0,28.690407,0.5130642
-17.719961526447428,196.875,28.69369,0.51320183
-17.719961526447428,198.75,28.606522,0.51374996
-17.719961526447428,200.625,28.498903,0.494438
-17.719961526447428,202.5,28.476658,0.47718716
-17.719961526447428,204.375,28.475134,0.45880753
-17.719961526447428,206.25,28.374783,0.44403553
-17.719961526447428,208.125,28.300896,0.43641534
-17.719961526447428,210.0,28.2907,0.4322367
-17.719961526447428,211.875,28.191814,0.4430362
-17.719961526447428,213.75,28.104881,0.45938137
-17.719961526447428,215.625,28.059938,0.4778782
-17.719961526447428,217.5,27.98156,0.47232527
-17.719961526447428,219.375,27.881346,0.45955837
-17.719961526447428,221.25,27.819118,0.45531636
-17.719961526447428,223.125,27.727556,0.45449802
-17.719961526447428,225.0,27.668728,0.4417393
-17.719961526447428,226.875,27.563826,0.45557106
-17.719961526447428,228.75,27.310858,0.46382368
-17.719961526447428,230.625,27.245564,0.4452166
-17.719961526447428,232.5,27.159178,0.47943348
-17.719961526447428,234.375,26.792263,0.5251801
-17.719961526447428,236.25,26.548552,0.488185
-17.719961526447428,238.125,26.593864,0.50059956
-17.719961526447428,240.0,26.237516,0.523451
-17.719961526447428,241.875,25.857927,0.49107128
-17.719961526447428,243.75,25.76736,0.4896993
-17.719961526447428,245.625,25.50031,0.51009184
-17.719961526447428,247.5,25.114763,0.47711453
-17.719961526447428,249.375,25.044626,0.46263653
-17.719961526447428,251.25,24.903221,0.47865242
-17.719961526447428,253.125,24.35695,0.45559523
-17.719961526447428,255.0,24.14367,0.43766755
-17.719961526447428,256.875,23.981697,0.44612923
-17.719961526447428,258.75,23.359568,0.43630967
-17.719961526447428,260.625,23.05949,0.43395245
-17.719961526447428,262.5,22.943064,0.43809035
-17.719961526447428,264.375,22.558592,0.4302961
-17.719961526447428,266.25,22.315954,0.39514
-17.719961526447428,268.125,22.201561,0.38412124
-17.719961526447428,270.0,21.932713,0.38137987
-17.719961526447428,271.875,21.649841,0.37538984
-17.719961526447428,273.75,21.681618,0.39187837
-17.719961526447428,275.625,21.714157,0.4163808
-17.719961526447428,277.5,21.442225,0.4192977
-17.719961526447428,279.375,21.44533,0.4192573
-17.719961526447428,281.25,21.95738,0.4593475
-17.719961526447428,283.125,22.399979,0.5301759
-17.719961526447428,285.0,22.628962,0.579617
-17.719961526447428,286.875,22.115915,0.6315963
-17.719961526447428,288.75,23.792126,0.744023
-17.719961526447428,290.625,18.46197,0.7661648
-17.719961526447428,292.5,13.207166,0.86481524
-17.719961526447428,294.375,17.417967,0.5714626
-17.719961526447428,296.25,26.386599,1.389141
-17.719961526447428,298.125,31.576794,1.7006087
-17.719961526447428,300.0,30.056189,2.0792115
-17.719961526447428,301.875,30.982439,2.2534785
-17.719961526447428,303.75,30.506248,1.912297
-17.719961526447428,305.625,27.479353,1.1553036
-17.719961526447428,307.5,25.94574,1.0550627
-17.719961526447428,309.375,25.865135,1.2145461
-17.719961526447428,311.25,25.332283,1.1985433
-17.719961526447428,313.125,24.678455,1.2611126
-17.719961526447428,315.0,24.771893,1.4370267
-17.719961526447428,316.875,24.472557,1.3640394
-17.719961526447428,318.75,25.152908,1.3582621
-17.719961526447428,320.625,27.528904,1.2286255
-17.719961526447428,322.5,27.597946,0.48201564
-17.719961526447428,324.375,27.12445,0.48740745
-17.719961526447428,326.25,27.025915,0.4439401
-17.719961526447428,328.125,26.985329,0.4395442
-17.719961526447428,330.0,26.624197,0.44890025
-17.719961526447428,331.875,26.242674,0.42531198
-17.719961526447428,333.75,26.173063,0.4121062
-17.719961526447428,335.625,25.986423,0.4016762
-17.719961526447428,337.5,25.701815,0.39145035
-17.719961526447428,339.375,25.464666,0.3747344
-17.719961526447428,341.25,25.229237,0.3692865
-17.719961526447428,343.125,24.944685,0.34689477
-17.719961526447428,345.0,24.751131,0.32878047
-17.719961526447428,346.875,24.568924,0.31563917
-17.719961526447428,348.75,24.340055,0.31570897
-17.719961526447428,350.625,24.176443,0.31047806
-17.719961526447428,352.5,24.023571,0.3224808
-17.719961526447428,354.375,23.842693,0.3174211
-17.719961526447428,356.25,23.778885,0.33338642
-17.719961526447428,358.125,23.828474,0.37640366
-15.854703869694873,0.0,24.781677,0.466386
-15.854703869694873,1.875,24.674002,0.50911313
-15.854703869694873,3.75,24.563337,0.5795915
-15.854703869694873,5.625,24.501404,0.65517616
-15.854703869694873,7.5,25.032967,0.6685658
-15.854703869694873,9.375,27.271442,0.6631683
-15.854703869694873,11.25,29.39783,0.52465177
-15.854703869694873,13.125,29.780272,1.5313774
-15.854703869694873,15.0,26.797712,2.1479838
-15.854703869694873,16.875,26.627419,2.3136525
-15.854703869694873,18.75,28.253298,2.202126
-15.854703869694873,20.625,28.042147,2.2227743
-15.854703869694873,22.5,27.736345,2.0458663
-15.854703869694873,24.375,27.985115,1.9316963
-15.854703869694873,26.25,27.745407,1.9923798
-15.854703869694873,28.125,28.668474,2.109368
-15.854703869694873,30.0,30.106794,2.0700026
-15.854703869694873,31.875,30.268456,2.0189497
-15.854703869694873,33.75,29.518103,1.9319564
-15.854703869694873,35.625,30.083494,1.7927656
-15.854703869694873,37.5,31.727983,1.6101273
-15.854703869694873,39.375,30.91361,1.1897047
-15.854703869694873,41.25,29.242947,0.4305425
-15.854703869694873,43.125,29.940622,0.48037148
-15.854703869694873,45.0,30.609041,0.44467813
-15.854703869694873,46.875,31.169392,1.2264023
-15.854703869694873,48.75,27.66285,0.83819705
-15.854703869694873,50.625,27.11156,0.46230623
-15.854703869694873,52.5,27.836287,0.48849362
-15.854703869694873,54.375,27.77783,0.48462385
-15.854703869694873,56.25,27.591188,0.4807934
-15.854703869694873,58.125,27.584938,0.48600465
-15.854703869694873,60.0,27.58613,0.47458208
-15.854703869694873,61.875,27.505272,0.46212497
-15.854703869694873,63.75,27.463064,0.45595625
-15.854703869694873,65.625,27.457108,0.4615244
-15.854703869694873,67.5,27.436169,0.46725628
-15.854703869694873,69.375,27.507166,0.45792314
-15.854703869694873,71.25,27.607498,0.4488825
-15.854703869694873,73.125,27.692087,0.4346186
-15.854703869694873,75.0,27.775993,0.41990143
-15.854703869694873,76.875,27.852184,0.40264258
-15.854703869694873,78.75,27.915134,0.38742003
-15.854703869694873,80.625,27.928553,0.3881308
-15.854703869694873,82.5,27.904392,0.39825258
-15.854703869694873,84.375,27.845467,0.42788607
-15.854703869694873,86.25,27.777771,0.4619013
-15.854703869694873,88.125,27.702673,0.49211624
-15.854703869694873,90.0,27.61654,0.5071599
-15.854703869694873,91.875,27.563963,0.49015707
-15.854703869694873,93.75,27.508787,0.4518707
-15.854703869694873,95.625,27.470623,0.43945733
-15.854703869694873,97.5,27.531775,0.4549023
-15.854703869694873,99.375,27.641111,0.49055097
-15.854703869694873,101.25,27.835016,0.5276944
-15.854703869694873,103.125,28.139431,0.52180654
-15.854703869694873,105.0,28.416092,0.5105721
-15.854703869694873,106.875,28.5932,0.50013536
-15.854703869694873,108.75,28.73027,0.49014565
-15.854703869694873,110.625,28.901892,0.5058415
-15.854703869694873,112.5,29.22195,0.5613217
-15.854703869694873,114.375,29.917654,0.61221033
-15.854703869694873,116.25,30.661638,0.6380027
-15.854703869694873,118.125,31.12906,0.60343146
-15.854703869694873,120.0,31.821678,0.52319556
-15.854703869694873,121.875,32.08244,0.51058644
-15.854703869694873,123.75,32.28621,0.46216634
-15.854703869694873,125.625,32.501072,1.4466141
-15.854703869694873,127.5,34.45285,1.6179545
-15.854703869694873,129.375,35.08703,1.645237
-15.854703869694873,131.25,35.390995,1.8990792
-15.854703869694873,133.125,36.60187,1.5004815
-15.854703869694873,135.0,34.774178,1.0870243
-15.854703869694873,136.875,31.992006,0.4300722
-15.854703869694873,138.75,32.190525,0.4387361
-15.854703869694873,140.625,32.574646,0.45954758
-15.854703869694873,142.5,34.211952,0.9936897
-15.854703869694873,144.375,30.614529,0.8185447
-15.854703869694873,146.25,28.53906,0.6181363
-15.854703869694873,148.125,29.085936,0.6243103
-15.854703869694873,150.0,29.211794,0.65765935
-15.854703869694873,151.875,29.049763,0.6448085
-15.854703869694873,153.75,29.124372,0.6133587
-15.854703869694873,155.625,29.235369,0.5937343
-15.854703869694873,157.5,29.223572,0.5943547
-15.854703869694873,159.375,29.218864,0.6290033
-15.854703869694873,161.25,29.235563,0.65440553
-15.854703869694873,163.125,29.230076,0.6452779
-15.854703869694873,165.0,29.206795,0.6219318
-15.854703869694873,166.875,29.270428,0.59799427
-15.854703869694873,168.75,29.370485,0.582418
-15.854703869694873,170.625,29.461931,0.5675887
-15.854703869694873,172.5,29.524256,0.5549902
-15.854703869694873,174.375,29.53949,0.534181
-15.854703869694873,176.25,29.525915,0.5096388
-15.854703869694873,178.125,29.544373,0.4941247
-15.854703869694873,180.0,29.608885,0.48815423
-15.854703869694873,181.875,29.628103,0.47957826
-15.854703869694873,183.75,29.63734,0.48002505
-15.854703869694873,185.625,29.627537,0.49038142
-15.854703869694873,187.5,29.585272,0.49119657
-15.854703869694873,189.375,29.574705,0.4826528
-15.854703869694873,191.25,29.648104,0.46677262
-15.854703869694873,193.125,29.622557,0.47131592
-15.854703869694873,195.0,29.527536,0.47207826
-15.854703869694873,196.875,29.464157,0.46589664
-15.854703869694873,198.75,29.419939,0.45865062
-15.854703869694873,200.625,29.35533,0.44188982
-15.854703869694873,202.5,29.338024,0.4317039
-15.854703869694873,204.375,29.24777,0.42099062
-15.854703869694873,206.25,29.126698,0.41337535
-15.854703869694873,208.125,29.017067,0.4150387
-15.854703869694873,210.0,28.957186,0.4265184
-15.854703869694873,211.875,28.87154,0.44818643
-15.854703869694873,213.75,28.82203,0.46794426
-15.854703869694873,215.625,28.750036,0.48968795
-15.854703869694873,217.5,28.661873,0.494023
-15.854703869694873,219.375,28.551619,0.49425805
-15.854703869694873,221.25,28.359627,0.51669717
-15.854703869694873,223.125,28.240192,0.5074007
-15.854703869694873,225.0,28.25402,0.4939554
-15.854703869694873,226.875,28.12658,0.5238767
-15.854703869694873,228.75,27.71703,0.5217822
-15.854703869694873,230.625,27.571169,0.47780606
-15.854703869694873,232.5,27.605446,0.50210774
-15.854703869694873,234.375,27.305174,0.53244424
-15.854703869694873,236.25,26.95205,0.49950528
-15.854703869694873,238.125,26.877674,0.5102084
-15.854703869694873,240.0,26.627653,0.5187495
-15.854703869694873,241.875,26.347439,0.48617557
-15.854703869694873,243.75,26.249939,0.4856213
-15.854703869694873,245.625,26.071522,0.49103257
-15.854703869694873,247.5,25.701815,0.45597288
-15.854703869694873,249.375,25.524137,0.44521973
-15.854703869694873,251.25,25.354548,0.45214084
-15.854703869694873,253.125,24.89449,0.42900994
-15.854703869694873,255.0,24.659939,0.42269367
-15.854703869694873,256.875,24.477888,0.42696908
-15.854703869694873,258.75,24.093689,0.40866795
-15.854703869694873,260.625,23.833279,0.3961766
-15.854703869694873,262.5,23.620193,0.38424608
-15.854703869694873,264.375,23.297693,0.3801044
-15.854703869694873,266.25,23.02328,0.37931514
-15.854703869694873,268.125,22.806658,0.38120252
-15.854703869694873,270.0,22.595192,0.39730573
-15.854703869694873,271.875,22.398436,0.40035006
-15.854703869694873,273.75,22.33535,0.4119319
-15.854703869694873,275.625,22.067165,0.42499197
-15.854703869694873,277.5,21.710993,0.43469208
-15.854703869694873,279.375,21.672419,0.52305347
-15.854703869694873,281.25,21.521912,0.6221058
-15.854703869694873,283.125,20.927908,0.53725624
-15.854703869694873,285.0,20.73443,0.49035844
-15.854703869694873,286.875,18.430525,0.5787326
-15.854703869694873,288.75,15.234275,1.120345
-15.854703869694873,290.625,13.7499,0.9479577
-15.854703869694873,292.5,17.5441,0.53852075
-15.854703869694873,294.375,26.127596,1.1379483
-15.854703869694873,296.25,32.401775,1.5277095
-15.854703869694873,298.125,30.682829,1.7308407
-15.854703869694873,300.0,28.865505,1.8017799
-15.854703869694873,301.875,29.402048,1.9451783
-15.854703869694873,303.75,28.804392,1.4355506
-15.854703869694873,305.625,27.417498,1.1341257
-15.854703869694873,307.5,27.032791,1.3141009
-15.854703869694873,309.375,26.256659,1.3219231
-15.854703869694873,311.25,25.849998,1.4089247
-15.854703869694873,313.125,26.452087,1.6520467
-15.854703869694873,315.0,26.362185,1.5635315
-15.854703869694873,316.875,25.904274,1.5196619
-15.854703869694873,318.75,25.849998,1.442355
-15.854703869694873,320.625,27.450193,1.1231278
-15.854703869694873,322.5,27.885466,0.4816298
-15.854703869694873,324.375,27.30699,0.45157194
-15.854703869694873,326.25,27.296072,0.40316957
-15.854703869694873,328.125,27.250174,0.40340087
-15.854703869694873,330.0,26.95908,0.40641734
-15.854703869694873,331.875,26.659216,0.3865548
-15.854703869694873,333.75,26.563688,0.38192767
-15.854703869694873,335.625,26.412752,0.3635659
-15.854703869694873,337.5,26.168865,0.34920132
-15.854703869694873,339.375,25.946209,0.33037204
-15.854703869694873,341.25,25.822048,0.320183
-15.854703869694873,343.125,25.620388,0.3084622
-15.854703869694873,345.0,25.441893,0.3073909
-15.854703869694873,346.875,25.281013,0.31570536
-15.854703869694873,348.75,25.120388,0.3271223
-15.854703869694873,350.625,24.975153,0.33791512
-15.854703869694873,352.5,24.892849,0.3428437
-15.854703869694873,354.375,24.839392,0.3461847
-15.854703869694873,356.25,24.832947,0.3706949
-15.854703869694873,358.125,24.851072,0.4240289
-13.989445712356673,0.0,25.852634,0.55397046
-13.989445712356673,1.875,25.59031,0.586835
-13.989445712356673,3.75,25.563494,0.606334
-13.989445712356673,5.625,25.999704,0.68345624
-13.989445712356673,7.5,26.67361,0.780027
-13.989445712356673,9.375,28.35115,0.7710318
-13.989445712356673,11.25,29.833923,0.55407333
-13.989445712356673,13.125,27.667654,1.2268858
-13.989445712356673,15.0,22.798729,0.903567
-13.989445712356673,16.875,21.739626,0.8216931
-13.989445712356673,18.75,24.250368,1.3122044
-13.989445712356673,20.625,26.257147,1.782026
-13.989445712356673,22.5,26.054705,1.7170646
-13.989445712356673,24.375,25.964314,1.6653595
-13.989445712356673,26.25,26.16613,1.7314646
-13.989445712356673,28.125,27.20697,1.9387261
-13.989445712356673,30.0,28.90236,2.0165355
-13.989445712356673,31.875,29.430252,1.9444317
-13.989445712356673,33.75,28.145641,1.8183764
-13.989445712356673,35.625,27.694782,1.6462969
-13.989445712356673,37.5,29.525818,1.4535019
-13.989445712356673,39.375,30.509295,1.0551594
-13.989445712356673,41.25,29.21906,0.4014001
-13.989445712356673,43.125,29.640135,0.45214748
-13.989445712356673,45.0,30.344196,0.44679278
-13.989445712356673,46.875,29.350153,0.45230946
-13.989445712356673,48.75,30.306618,0.63464904
-13.989445712356673,50.625,27.2641,0.46203843
-13.989445712356673,52.5,28.214666,0.46785086
-13.989445712356673,54.375,28.423689,0.4116249
-13.989445712356673,56.25,28.252321,0.41347477
-13.989445712356673,58.125,28.266071,0.42215782
-13.989445712356673,60.0,28.381891,0.42061746
-13.989445712356673,61.875,28.370876,0.41977283
-13.989445712356673,63.75,28.315662,0.41016272
-13.989445712356673,65.625,28.295252,0.40086603
-13.989445712356673,67.5,28.297127,0.403184
-13.989445712356673,69.375,28.288435,0.41061628
-13.989445712356673,71.25,28.312712,0.41214567
-13.989445712356673,73.125,28.359705,0.40904891
-13.989445712356673,75.0,28.42654,0.40072405
-13.989445712356673,76.875,28.502771,0.38207823
-13.989445712356673,78.75,28.601873,0.35550407
-13.989445712356673,80.625,28.67484,0.34065753
-13.989445712356673,82.5,28.677732,0.34521282
-13.989445712356673,84.375,28.614588,0.37259373
-13.989445712356673,86.25,28.550915,0.39067551
-13.989445712356673,88.125,28.485096,0.41151837
-13.989445712356673,90.0,28.444334,0.41637367
-13.989445712356673,91.875,28.464705,0.3934276
-13.989445712356673,93.75,28.514412,0.37480634
-13.989445712356673,95.625,28.631638,0.37807086
-13.989445712356673,97.5,28.847986,0.3881088
-13.989445712356673,99.375,29.099354,0.3879871
-13.989445712356673,101.25,29.378494,0.375749
-13.989445712356673,103.125,29.702713,0.34206694
-13.989445712356673,105.0,29.978045,0.33708304
-13.989445712356673,106.875,30.179176,0.34930718
-13.989445712356673,108.75,30.3541,0.36988062
-13.989445712356673,110.625,30.5791,0.3996027
-13.989445712356673,112.5,30.86281,0.4518963
-13.989445712356673,114.375,31.293846,0.5071852
-13.989445712356673,116.25,31.706911,0.5674234
-13.989445712356673,118.125,31.943394,0.6159104
-13.989445712356673,120.0,32.26959,0.6219517
-13.989445712356673,121.875,32.426014,0.60631186
-13.989445712356673,123.75,32.49318,0.5727083
-13.989445712356673,125.625,33.139744,0.504085
-13.989445712356673,127.5,34.361343,0.82711726
-13.989445712356673,129.375,33.312576,0.3208837
-13.989445712356673,131.25,33.995956,1.6515287
-13.989445712356673,133.125,35.120388,1.2006866
-13.989445712356673,135.0,33.74853,0.93234825
-13.989445712356673,136.875,31.799646,0.43135542
-13.989445712356673,138.75,31.322887,0.45974568
-13.989445712356673,140.625,31.624588,0.5267224
-13.989445712356673,142.5,32.56992,0.9228828
-13.989445712356673,144.375,29.178024,0.635289
-13.989445712356673,146.25,28.977985,0.5945711
-13.989445712356673,148.125,29.402283,0.60034907
-13.989445712356673,150.0,29.662888,0.6326909
-13.989445712356673,151.875,29.684431,0.6563212
-13.989445712356673,153.75,29.804821,0.64448696
-13.989445712356673,155.625,29.91361,0.6053747
-13.989445712356673,157.5,29.949196,0.57592934
-13.989445712356673,159.375,29.946287,0.58697003
-13.989445712356673,161.25,29.94275,0.60014397
-13.989445712356673,163.125,30.002888,0.5910489
-13.989445712356673,165.0,30.1165,0.58137304
-13.989445712356673,166.875,30.15326,0.575774
-13.989445712356673,168.75,30.181717,0.54869246
-13.989445712356673,170.625,30.24324,0.5233753
-13.989445712356673,172.5,30.292517,0.506327
-13.989445712356673,174.375,30.333298,0.49007192
-13.989445712356673,176.25,30.403357,0.47034213
-13.989445712356673,178.125,30.440662,0.4514044
-13.989445712356673,180.0,30.393377,0.42052507
-13.989445712356673,181.875,30.43326,0.40546602
-13.989445712356673,183.75,30.469372,0.42077446
-13.989445712356673,185.625,30.426208,0.44023556
-13.989445712356673,187.5,30.357302,0.44188762
-13.989445712356673,189.375,30.356892,0.44474128
-13.989445712356673,191.25,30.357477,0.45481426
-13.989445712356673,193.125,30.2766,0.4631466
-13.989445712356673,195.0,30.142088,0.47130796
-13.989445712356673,196.875,30.03363,0.47046942
-13.989445712356673,198.75,29.984646,0.45178738
-13.989445712356673,200.625,29.934021,0.43507412
-13.989445712356673,202.5,29.791931,0.4333288
-13.989445712356673,204.375,29.694958,0.43455568
-13.989445712356673,206.25,29.626366,0.4346752
-13.989445712356673,208.125,29.49613,0.44827276
-13.989445712356673,210.0,29.335682,0.45984924
-13.989445712356673,211.875,29.245544,0.46453732
-13.989445712356673,213.75,29.18609,0.48490503
-13.989445712356673,215.625,29.06281,0.5152433
-13.989445712356673,217.5,28.96037,0.51083666
-13.989445712356673,219.375,28.902145,0.5181589
-13.989445712356673,221.25,28.71699,0.5464537
-13.989445712356673,223.125,28.422283,0.5231347
-13.989445712356673,225.0,28.375427,0.5122567
-13.989445712356673,226.875,28.270115,0.5373864
-13.989445712356673,228.75,27.94115,0.5303295
-13.989445712356673,230.625,27.769724,0.50773406
-13.989445712356673,232.5,27.773533,0.52883416
-13.989445712356673,234.375,27.535446,0.52609944
-13.989445712356673,236.25,27.272184,0.5017174
-13.989445712356673,238.125,27.132576,0.50186396
-13.989445712356673,240.0,26.928513,0.49285483
-13.989445712356673,241.875,26.698162,0.47287503
-13.989445712356673,243.75,26.56154,0.46673018
-13.989445712356673,245.625,26.414919,0.46020362
-13.989445712356673,247.5,26.142498,0.44254568
-13.989445712356673,249.375,25.914274,0.44308558
-13.989445712356673,251.25,25.69613,0.43441477
-13.989445712356673,253.125,25.446266,0.4174241
-13.989445712356673,255.0,25.228123,0.4240868
-13.989445712356673,256.875,24.935036,0.41836062
-13.989445712356673,258.75,24.692087,0.3925202
-13.989445712356673,260.625,24.476833,0.38165742
-13.989445712356673,262.5,24.169373,0.39322436
-13.989445712356673,264.375,23.94408,0.387258
-13.989445712356673,266.25,23.797674,0.39439955
-13.989445712356673,268.125,23.503983,0.41560674
-13.989445712356673,270.0,23.39652,0.41403937
-13.989445712356673,271.875,23.463982,0.41957617
-13.989445712356673,273.75,23.254997,0.43986663
-13.989445712356673,275.625,22.671755,0.46008012
-13.989445712356673,277.5,22.093376,0.47042763
-13.989445712356673,279.375,21.871227,0.5758609
-13.989445712356673,281.25,21.671228,0.60768336
-13.989445712356673,283.125,21.111383,0.5614635
-13.989445712356673,285.0,18.252985,0.72861236
-13.989445712356673,286.875,13.752615,0.9529961
-13.989445712356673,288.75,13.062536,0.6789813
-13.989445712356673,290.625,17.348005,0.5086718
-13.989445712356673,292.5,25.990583,1.1480523
-13.989445712356673,294.375,33.69988,1.7432355
-13.989445712356673,296.25,31.747282,1.7918257
-13.989445712356673,298.125,27.993904,1.3807598
-13.989445712356673,300.0,27.681326,1.6454884
-13.989445712356673,301.875,28.117243,1.7179222
-13.989445712356673,303.75,27.258064,1.290181
-13.989445712356673,305.625,27.522284,1.2810779
-13.989445712356673,307.5,29.060642,1.8536901
-13.989445712356673,309.375,29.099665,2.1326218
-13.989445712356673,311.25,28.131891,2.0008023
-13.989445712356673,313.125,27.812126,1.7143129
-13.989445712356673,315.0,27.145134,1.6070563
-13.989445712356673,316.875,26.6449,1.483876
-13.989445712356673,318.75,26.138395,1.2579745
-13.989445712356673,320.625,26.869606,0.9120841
-13.989445712356673,322.5,27.913181,0.43844986
-13.989445712356673,324.375,27.583807,0.41738215
-13.989445712356673,326.25,27.58777,0.3711942
-13.989445712356673,328.125,27.574587,0.3640794
-13.989445712356673,330.0,27.29822,0.37302098
-13.989445712356673,331.875,27.0107,0.36134762
-13.989445712356673,333.75,26.951794,0.34312946
-13.989445712356673,335.625,26.9282,0.31874
-13.989445712356673,337.5,26.780134,0.30483246
-13.989445712356673,339.375,26.644098,0.29735082
-13.989445712356673,341.25,26.565563,0.29556543
-13.989445712356673,343.125,26.432947,0.30139872
-13.989445712356673,345.0,26.289568,0.32121652
-13.989445712356673,346.875,26.214275,0.33380985
-13.989445712356673,348.75,26.163298,0.3405373
-13.989445712356673,350.625,26.091364,0.3628113
-13.989445712356673,352.5,25.974333,0.377055
-13.989445712356673,354.375,25.881325,0.38205174
-13.989445712356673,356.25,25.903767,0.40901592
-13.989445712356673,358.125,25.986032,0.49349725
-12.124187123455766,0.0,26.84738,0.6324215
-12.124187123455766,1.875,26.713747,0.6500887
-12.124187123455766,3.75,27.078962,0.63645405
-12.124187123455766,5.625,27.886951,0.6486437
-12.124187123455766,7.5,28.717928,0.7221587
-12.124187123455766,9.375,29.486248,0.77996063
-12.124187123455766,11.25,30.49156,0.5608204
-12.124187123455766,13.125,30.849646,0.35825548
-12.124187123455766,15.0,22.981346,0.48223713
-12.124187123455766,16.875,21.310759,0.47090414
-12.124187123455766,18.75,22.903337,0.7845741
-12.124187123455766,20.625,24.600662,1.2558033
-12.124187123455766,22.5,24.64783,1.1659157
-12.124187123455766,24.375,24.654352,1.2569344
-12.124187123455766,26.25,24.934782,1.4148372
-12.124187123455766,28.125,24.967361,1.4582528
-12.124187123455766,30.0,25.923416,1.6684892
-12.124187123455766,31.875,27.13158,1.8025299
-12.124187123455766,33.75,27.655407,1.7286936
-12.124187123455766,35.625,27.740856,1.508129
-12.124187123455766,37.5,29.308416,1.2118514
-12.124187123455766,39.375,30.48447,0.93085563
-12.124187123455766,41.25,29.237907,0.37559742
-12.124187123455766,43.125,29.229158,0.4103598
-12.124187123455766,45.0,29.175056,0.438901
-12.124187123455766,46.875,28.440388,0.4217887
-12.124187123455766,48.75,28.048826,0.4359307
-12.124187123455766,50.625,28.114588,0.4179438
-12.124187123455766,52.5,28.854607,0.346346
-12.124187123455766,54.375,28.995272,0.33417508
-12.124187123455766,56.25,28.846306,0.3391396
-12.124187123455766,58.125,28.785446,0.34436938
-12.124187123455766,60.0,28.866932,0.34853935
-12.124187123455766,61.875,28.86197,0.35531208
-12.124187123455766,63.75,28.851229,0.36351496
-12.124187123455766,65.625,28.89109,0.3807111
-12.124187123455766,67.5,28.919645,0.3887516
-12.124187123455766,69.375,28.915407,0.39166898
-12.124187123455766,71.25,28.901033,0.38916013
-12.124187123455766,73.125,28.919899,0.39724836
-12.124187123455766,75.0,28.928318,0.40207604
-12.124187123455766,76.875,28.917576,0.38859457
-12.124187123455766,78.75,28.93361,0.35703093
-12.124187123455766,80.625,28.985329,0.33459917
-12.124187123455766,82.5,29.008299,0.33633918
-12.124187123455766,84.375,29.006697,0.3403816
-12.124187123455766,86.25,29.020271,0.33396998
-12.124187123455766,88.125,29.030329,0.33019716
-12.124187123455766,90.0,29.060154,0.32355633
-12.124187123455766,91.875,29.186716,0.31105533
-12.124187123455766,93.75,29.363026,0.30628082
-12.124187123455766,95.625,29.56531,0.3107582
-12.124187123455766,97.5,29.78246,0.31203982
-12.124187123455766,99.375,30.003103,0.30829027
-12.124187123455766,101.25,30.227165,0.3010981
-12.124187123455766,103.125,30.463787,0.28342846
-12.124187123455766,105.0,30.719841,0.26680973
-12.124187123455766,106.875,30.95322,0.2719245
-12.124187123455766,108.75,31.15658,0.30411664
-12.124187123455766,110.625,31.373436,0.33658826
-12.124187123455766,112.5,31.594568,0.37004352
-12.124187123455766,114.375,31.827635,0.41387758
-12.124187123455766,116.25,32.056385,0.47086367
-12.124187123455766,118.125,32.229256,0.517874
-12.124187123455766,120.0,32.39691,0.5410362
-12.124187123455766,121.875,32.67361,0.54284704
-12.124187123455766,123.75,32.869022,0.5274921
-12.124187123455766,125.625,33.052948,0.4876573
-12.124187123455766,127.5,33.08158,0.4221727
-12.124187123455766,129.375,33.247047,0.38249958
-12.124187123455766,131.25,33.02828,0.43601725
-12.124187123455766,133.125,33.65197,0.70423824
-12.124187123455766,135.0,30.997595,0.4947366
-12.124187123455766,136.875,30.95404,0.5048709
-12.124187123455766,138.75,30.401522,0.57361466
-12.124187123455766,140.625,30.364822,0.63776153
-12.124187123455766,142.5,31.234764,0.7540549
-12.124187123455766,144.375,29.376307,0.6578228
-12.124187123455766,146.25,29.341482,0.6276334
-12.124187123455766,148.125,29.501795,0.59452873
-12.124187123455766,150.0,29.91941,0.56962436
-12.124187123455766,151.875,30.184881,0.6260504
-12.124187123455766,153.75,30.487322,0.67255116
-12.124187123455766,155.625,30.623455,0.6624409
-12.124187123455766,157.5,30.676424,0.60779864
-12.124187123455766,159.375,30.679842,0.57391644
-12.124187123455766,161.25,30.674822,0.53644747
-12.124187123455766,163.125,30.752575,0.49879
-12.124187123455766,165.0,30.858942,0.49184725
-12.124187123455766,166.875,30.89531,0.4904475
-12.124187123455766,168.75,30.881697,0.46044862
-12.124187123455766,170.625,30.940779,0.43264514
-12.124187123455766,172.5,30.988787,0.41300273
-12.124187123455766,174.375,31.01822,0.39311752
-12.124187123455766,176.25,31.054977,0.37484777
-12.124187123455766,178.125,31.042692,0.3749247
-12.124187123455766,180.0,30.98906,0.38316885
-12.124187123455766,181.875,31.016657,0.38130125
-12.124187123455766,183.75,31.033552,0.40180847
-12.124187123455766,185.625,30.96328,0.42445725
-12.124187123455766,187.5,30.894821,0.43862605
-12.124187123455766,189.375,30.80451,0.46403947
-12.124187123455766,191.25,30.689314,0.48523974
-12.124187123455766,193.125,30.57949,0.4831887
-12.124187123455766,195.0,30.465643,0.47702166
-12.124187123455766,196.875,30.341404,0.4774684
-12.124187123455766,198.75,30.239998,0.47585815
-12.124187123455766,200.625,30.123512,0.46655902
-12.124187123455766,202.5,29.981384,0.46761954
-12.124187123455766,204.375,29.891365,0.4735343
-12.124187123455766,206.25,29.84951,0.48216957
-12.124187123455766,208.125,29.731071,0.49626938
-12.124187123455766,210.0,29.564997,0.50332516
-12.124187123455766,211.875,29.460896,0.50850844
-12.124187123455766,213.75,29.3482,0.5300996
-12.124187123455766,215.625,29.10572,0.53966475
-12.124187123455766,217.5,28.958454,0.5192483
-12.124187123455766,219.375,28.93156,0.5351097
-12.124187123455766,221.25,28.776403,0.5527729
-12.124187123455766,223.125,28.483688,0.53444886
-12.124187123455766,225.0,28.359802,0.52766216
-12.124187123455766,226.875,28.301424,0.53455305
-12.124187123455766,228.75,28.086678,0.5294987
-12.124187123455766,230.625,27.86113,0.52466226
-12.124187123455766,232.5,27.70865,0.521712
-12.124187123455766,234.375,27.56615,0.5072575
-12.124187123455766,236.25,27.410524,0.4984744
-12.124187123455766,238.125,27.26451,0.49189776
-12.124187123455766,240.0,27.084139,0.47815564
-12.124187123455766,241.875,26.893005,0.47074428
-12.124187123455766,243.75,26.693514,0.46927157
-12.124187123455766,245.625,26.54824,0.462617
-12.124187123455766,247.5,26.405876,0.45240366
-12.124187123455766,249.375,26.203825,0.44895044
-12.124187123455766,251.25,25.97611,0.44120428
-12.124187123455766,253.125,25.793806,0.43398294
-12.124187123455766,255.0,25.54697,0.4348334
-12.124187123455766,256.875,25.176775,0.42909455
-12.124187123455766,258.75,25.024256,0.41491568
-12.124187123455766,260.625,24.934412,0.41804767
-12.124187123455766,262.5,24.62826,0.43367746
-12.124187123455766,264.375,24.536795,0.43074176
-12.124187123455766,266.25,24.566267,0.43688643
-12.124187123455766,268.125,24.234861,0.43208796
-12.124187123455766,270.0,24.018866,0.43268797
-12.124187123455766,271.875,24.106247,0.47055614
-12.124187123455766,273.75,23.979647,0.5156816
-12.124187123455766,275.625,23.259314,0.53960776
-12.124187123455766,277.5,22.480446,0.56263185
-12.124187123455766,279.375,22.142868,0.6095692
-12.124187123455766,281.25,22.207243,0.53047425
-12.124187123455766,283.125,21.053278,0.69101006
-12.124187123455766,285.0,17.592087,0.8712032
-12.124187123455766,286.875,18.045055,0.4364871
-12.124187123455766,288.75,21.508709,0.56100756
-12.124187123455766,290.625,26.103884,1.1006593
-12.124187123455766,292.5,31.188084,1.610398
-12.124187123455766,294.375,30.525408,1.5822574
-12.124187123455766,296.25,27.188766,0.91276324
-12.124187123455766,298.125,26.77328,1.1182146
-12.124187123455766,300.0,28.536951,1.764474
-12.124187123455766,301.875,27.930077,1.5032724
-12.124187123455766,303.75,26.632263,1.1443336
-12.124187123455766,305.625,27.311638,1.2760229
-12.124187123455766,307.5,29.066051,1.8257526
-12.124187123455766,309.375,30.502653,2.2423253
-12.124187123455766,311.25,29.862028,2.1371312
-12.124187123455766,313.125,28.65156,1.6852375
-12.124187123455766,315.0,27.99566,1.4946651
-12.124187123455766,316.875,27.661228,1.3063018
-12.124187123455766,318.75,26.800194,1.0381182
-12.124187123455766,320.625,26.356834,0.73901147
-12.124187123455766,322.5,28.042751,0.4026095
-12.124187123455766,324.375,27.972868,0.38426867
-12.124187123455766,326.25,27.854744,0.35954466
-12.124187123455766,328.125,27.942732,0.3363595
-12.124187123455766,330.0,27.828825,0.32846665
-12.124187123455766,331.875,27.575212,0.33178538
-12.124187123455766,333.75,27.52691,0.31790254
-12.124187123455766,335.625,27.570877,0.29763547
-12.124187123455766,337.5,27.473377,0.29362994
-12.124187123455766,339.375,27.3391,0.29908478
-12.124187123455766,341.25,27.265057,0.30722183
-12.124187123455766,343.125,27.218239,0.31603715
-12.124187123455766,345.0,27.202635,0.32856762
-12.124187123455766,346.875,27.162966,0.33841726
-12.124187123455766,348.75,27.07367,0.3420932
-12.124187123455766,350.625,27.020662,0.35990533
-12.124187123455766,352.5,27.070389,0.38522232
-12.124187123455766,354.375,27.055779,0.41694862
-12.124187123455766,356.25,27.003883,0.46728888
-12.124187123455766,358.125,26.998981,0.5609696
-10.258928168006376,0.0,28.333376,0.59179085
-10.258928168006376,1.875,28.25533,0.63656205
-10.258928168006376,3.75,28.542673,0.620623
-10.258928168006376,5.625,29.409178,0.592248
-10.258928168006376,7.5,30.338337,0.5928996
-10.258928168006376,9.375,30.690798,0.6629179
-10.258928168006376,11.25,31.283337,0.49370447
-10.258928168006376,13.125,31.348434,0.3503122
-10.258928168006376,15.0,24.34367,0.38154972
-10.258928168006376,16.875,22.48484,0.43923885
-10.258928168006376,18.75,23.2274,0.5746442
-10.258928168006376,20.625,24.638708,0.97767407
-10.258928168006376,22.5,24.013338,0.7832048
-10.258928168006376,24.375,23.882048,0.75207794
-10.258928168006376,26.25,24.485485,1.110038
-10.258928168006376,28.125,24.532166,1.3997954
-10.258928168006376,30.0,24.814919,1.5682628
-10.258928168006376,31.875,26.265564,1.7263979
-10.258928168006376,33.75,27.530994,1.6013858
-10.258928168006376,35.625,28.374275,1.313537
-10.258928168006376,37.5,30.32658,1.0186518
-10.258928168006376,39.375,31.504528,0.7363047
-10.258928168006376,41.25,29.316736,0.35253507
-10.258928168006376,43.125,29.127108,0.36442295
-10.258928168006376,45.0,29.014236,0.37652108
-10.258928168006376,46.875,28.875584,0.3738603
-10.258928168006376,48.75,28.863571,0.361557
-10.258928168006376,50.625,29.097204,0.34309736
-10.258928168006376,52.5,29.259548,0.34147906
-10.258928168006376,54.375,29.361658,0.3355409
-10.258928168006376,56.25,29.318787,0.3279018
-10.258928168006376,58.125,29.220016,0.3466761
-10.258928168006376,60.0,29.228182,0.36539993
-10.258928168006376,61.875,29.260584,0.37231869
-10.258928168006376,63.75,29.312029,0.37226632
-10.258928168006376,65.625,29.312477,0.38600075
-10.258928168006376,67.5,29.315369,0.3963553
-10.258928168006376,69.375,29.32029,0.3929412
-10.258928168006376,71.25,29.316189,0.38102397
-10.258928168006376,73.125,29.356657,0.37278882
-10.258928168006376,75.0,29.430408,0.36411196
-10.258928168006376,76.875,29.46775,0.34926248
-10.258928168006376,78.75,29.45904,0.3391596
-10.258928168006376,80.625,29.44447,0.32786977
-10.258928168006376,82.5,29.444216,0.32852578
-10.258928168006376,84.375,29.442438,0.31865075
-10.258928168006376,86.25,29.491892,0.30387872
-10.258928168006376,88.125,29.547459,0.29453653
-10.258928168006376,90.0,29.584803,0.28887007
-10.258928168006376,91.875,29.679646,0.2857604
-10.258928168006376,93.75,29.81406,0.29311526
-10.258928168006376,95.625,29.93197,0.30783582
-10.258928168006376,97.5,30.055212,0.31165338
-10.258928168006376,99.375,30.238026,0.31499752
-10.258928168006376,101.25,30.496014,0.32681248
-10.258928168006376,103.125,30.766287,0.3336379
-10.258928168006376,105.0,31.043571,0.3275588
-10.258928168006376,106.875,31.342615,0.3111856
-10.258928168006376,108.75,31.56277,0.28697398
-10.258928168006376,110.625,31.598944,0.31190225
-10.258928168006376,112.5,31.64529,0.35671127
-10.258928168006376,114.375,31.724236,0.41069523
-10.258928168006376,116.25,31.773514,0.45325506
-10.258928168006376,118.125,31.816208,0.47268632
-10.258928168006376,120.0,31.914509,0.47916296
-10.258928168006376,121.875,32.09191,0.48909295
-10.258928168006376,123.75,32.184647,0.48477745
-10.258928168006376,125.625,32.11412,0.48632723
-10.258928168006376,127.5,32.180485,0.47440797
-10.258928168006376,129.375,32.13492,0.45611563
-10.258928168006376,131.25,31.79865,0.46619767
-10.258928168006376,133.125,31.185877,0.48696396
-10.258928168006376,135.0,30.780018,0.4947567
-10.258928168006376,136.875,30.621227,0.5834661
-10.258928168006376,138.75,30.524275,0.7163224
-10.258928168006376,140.625,30.40406,0.79852206
-10.258928168006376,142.5,29.803944,0.81426525
-10.258928168006376,144.375,29.300858,0.7147672
-10.258928168006376,146.25,29.121227,0.650633
-10.258928168006376,148.125,29.3957,0.579665
-10.258928168006376,150.0,30.075447,0.49611983
-10.258928168006376,151.875,30.714588,0.5021058
-10.258928168006376,153.75,31.156208,0.5680868
-10.258928168006376,155.625,31.292673,0.58798516
-10.258928168006376,157.5,31.306833,0.56962305
-10.258928168006376,159.375,31.314354,0.50359136
-10.258928168006376,161.25,31.24611,0.43145925
-10.258928168006376,163.125,31.275702,0.38503534
-10.258928168006376,165.0,31.390602,0.3666367
-10.258928168006376,166.875,31.435349,0.34592137
-10.258928168006376,168.75,31.380993,0.33243075
-10.258928168006376,170.625,31.401854,0.32733384
-10.258928168006376,172.5,31.407557,0.31396693
-10.258928168006376,174.375,31.37119,0.32288763
-10.258928168006376,176.25,31.375154,0.34341583
-10.258928168006376,178.125,31.354275,0.38501465
-10.258928168006376,180.0,31.289373,0.41219956
-10.258928168006376,181.875,31.261696,0.4183369
-10.258928168006376,183.75,31.168787,0.4460213
-10.258928168006376,185.625,31.018475,0.46391904
-10.258928168006376,187.5,30.950115,0.4785485
-10.258928168006376,189.375,30.840233,0.5022923
-10.258928168006376,191.25,30.695135,0.5125394
-10.258928168006376,193.125,30.605057,0.509985
-10.258928168006376,195.0,30.53369,0.5095567
-10.258928168006376,196.875,30.35691,0.51740116
-10.258928168006376,198.75,30.220173,0.5143052
-10.258928168006376,200.625,30.118786,0.51387036
-10.258928168006376,202.5,29.99242,0.5202238
-10.258928168006376,204.375,29.875818,0.52553105
-10.258928168006376,206.25,29.769333,0.53424954
-10.258928168006376,208.125,29.638084,0.5484042
-10.258928168006376,210.0,29.472633,0.5570153
-10.258928168006376,211.875,29.35275,0.5613625
-10.258928168006376,213.75,29.246286,0.56949353
-10.258928168006376,215.625,29.061247,0.562396
-10.258928168006376,217.5,28.852985,0.5617843
-10.258928168006376,219.375,28.763239,0.57179165
-10.258928168006376,221.25,28.62947,0.5727625
-10.258928168006376,223.125,28.42533,0.5595536
-10.258928168006376,225.0,28.26197,0.5538313
-10.258928168006376,226.875,28.150057,0.5517605
-10.258928168006376,228.75,27.994217,0.54501534
-10.258928168006376,230.625,27.796658,0.53806436
-10.258928168006376,232.5,27.617126,0.52658606
-10.258928168006376,234.375,27.498884,0.5181986
-10.258928168006376,236.25,27.392302,0.51880056
-10.258928168006376,238.125,27.213202,0.5140153
-10.258928168006376,240.0,27.08111,0.5045171
-10.258928168006376,241.875,26.985056,0.49895227
-10.258928168006376,243.75,26.800116,0.49184886
-10.258928168006376,245.625,26.642282,0.4844801
-10.258928168006376,247.5,26.562223,0.4788963
-10.258928168006376,249.375,26.397184,0.47267875
-10.258928168006376,251.25,26.1374,0.4700804
-10.258928168006376,253.125,26.063845,0.4703245
-10.258928168006376,255.0,25.953026,0.4671209
-10.258928168006376,256.875,25.638357,0.45784438
-10.258928168006376,258.75,25.58447,0.45853466
-10.258928168006376,260.625,25.585407,0.4715858
-10.258928168006376,262.5,25.297556,0.4753539
-10.258928168006376,264.375,25.15412,0.4753897
-10.258928168006376,266.25,25.177029,0.48767918
-10.258928168006376,268.125,24.96195,0.46334064
-10.258928168006376,270.0,24.692673,0.47417507
-10.258928168006376,271.875,24.801931,0.56603414
-10.258928168006376,273.75,24.630291,0.6564111
-10.258928168006376,275.625,23.575272,0.6477409
-10.258928168006376,277.5,22.438221,0.6911725
-10.258928168006376,279.375,22.125252,0.6576317
-10.258928168006376,281.25,22.42947,0.6334349
-10.258928168006376,283.125,19.68783,0.7655888
-10.258928168006376,285.0,20.334724,0.4562458
-10.258928168006376,286.875,26.845604,1.1183393
-10.258928168006376,288.75,30.673006,1.6391953
-10.258928168006376,290.625,29.21621,1.3859015
-10.258928168006376,292.5,27.66701,0.72150403
-10.258928168006376,294.375,27.088572,0.54795635
-10.258928168006376,296.25,26.864548,0.7653608
-10.258928168006376,298.125,28.370075,1.6446908
-10.258928168006376,300.0,29.660192,1.8361565
-10.258928168006376,301.875,28.008415,1.1781045
-10.258928168006376,303.75,27.242321,1.1248692
-10.258928168006376,305.625,27.42496,1.1628698
-10.258928168006376,307.5,28.54943,1.6053938
-10.258928168006376,309.375,29.94703,2.0011606
-10.258928168006376,311.25,30.163435,2.006494
-10.258928168006376,313.125,29.46322,1.6652089
-10.258928168006376,315.0,28.83197,1.4089307
-10.258928168006376,316.875,29.048708,1.1885281
-10.258928168006376,318.75,28.445076,1.011073
-10.258928168006376,320.625,26.86328,0.8153397
-10.258928168006376,322.5,27.184704,0.6788839
-10.258928168006376,324.375,28.097967,0.35191995
-10.258928168006376,326.25,28.04744,0.34851205
-10.258928168006376,328.125,28.271502,0.3288876
-10.258928168006376,330.0,28.349802,0.30800456
-10.258928168006376,331.875,28.165993,0.31253546
-10.258928168006376,333.75,28.091286,0.31392133
-10.258928168006376,335.625,28.134588,0.30802903
-10.258928168006376,337.5,28.128395,0.31015915
-10.258928168006376,339.375,28.128826,0.31969213
-10.258928168006376,341.25,28.099333,0.32080212
-10.258928168006376,343.125,28.009783,0.32036492
-10.258928168006376,345.0,27.997068,0.33123764
-10.258928168006376,346.875,28.03205,0.33943453
-10.258928168006376,348.75,27.994217,0.34081605
-10.258928168006376,350.625,27.993591,0.34494108
-10.258928168006376,352.5,28.153162,0.36345103
-10.258928168006376,354.375,28.115467,0.3978433
-10.258928168006376,356.25,27.998259,0.47134563
-10.258928168006376,358.125,28.129217,0.52758193
-8.393668907692383,0.0,29.44902,0.45903096
-8.393668907692383,1.875,29.617987,0.5008318
-8.393668907692383,3.75,29.815447,0.5272063
-8.393668907692383,5.625,30.377537,0.47763652
-8.393668907692383,7.5,30.988865,0.44340214
-8.393668907692383,9.375,31.327948,0.43392107
-8.393668907692383,11.25,31.331833,0.37067375
-8.393668907692383,13.125,31.21863,0.3307679
-8.393668907692383,15.0,24.625643,0.32043752
-8.393668907692383,16.875,23.284704,0.4130987
-8.393668907692383,18.75,24.140661,0.55830187
-8.393668907692383,20.625,24.846716,0.610055
-8.393668907692383,22.5,23.99447,0.47513434
-8.393668907692383,24.375,24.058474,0.52446085
-8.393668907692383,26.25,25.333454,0.99786115
-8.393668907692383,28.125,25.531462,1.3569902
-8.393668907692383,30.0,25.139334,1.5502988
-8.393668907692383,31.875,26.112322,1.6932169
-8.393668907692383,33.75,26.957653,1.5368773
-8.393668907692383,35.625,27.044432,1.160976
-8.393668907692383,37.5,29.380974,0.80357146
-8.393668907692383,39.375,31.80707,0.6246676
-8.393668907692383,41.25,29.563766,0.3467809
-8.393668907692383,43.125,29.590271,0.36818781
-8.393668907692383,45.0,29.543669,0.37251028
-8.393668907692383,46.875,29.360954,0.36763296
-8.393668907692383,48.75,29.278904,0.3584117
-8.393668907692383,50.625,29.366013,0.35666803
-8.393668907692383,52.5,29.40656,0.37668896
-8.393668907692383,54.375,29.49824,0.40129972
-8.393668907692383,56.25,29.712536,0.36832365
-8.393668907692383,58.125,29.753298,0.35658258
-8.393668907692383,60.0,29.683592,0.37402707
-8.393668907692383,61.875,29.67863,0.38789502
-8.393668907692383,63.75,29.702204,0.4034989
-8.393668907692383,65.625,29.673063,0.4189593
-8.393668907692383,67.5,29.65281,0.44330677
-8.393668907692383,69.375,29.696306,0.44501525
-8.393668907692383,71.25,29.697771,0.41899467
-8.393668907692383,73.125,29.69451,0.38561708
-8.393668907692383,75.0,29.7508,0.3601425
-8.393668907692383,76.875,29.813084,0.33838737
-8.393668907692383,78.75,29.850506,0.33869842
-8.393668907692383,80.625,29.882946,0.33924294
-8.393668907692383,82.5,29.923748,0.337432
-8.393668907692383,84.375,29.951443,0.32798028
-8.393668907692383,86.25,29.950466,0.31197804
-8.393668907692383,88.125,29.998825,0.31031194
-8.393668907692383,90.0,30.090096,0.31145832
-8.393668907692383,91.875,30.181892,0.30587325
-8.393668907692383,93.75,30.275934,0.3113
-8.393668907692383,95.625,30.379158,0.33444786
-8.393668907692383,97.5,30.495779,0.35186905
-8.393668907692383,99.375,30.621462,0.36386204
-8.393668907692383,101.25,30.786814,0.3780904
-8.393668907692383,103.125,31.022888,0.37405157
-8.393668907692383,105.0,31.25779,0.34961817
-8.393668907692383,106.875,31.536266,0.4027557
-8.393668907692383,108.75,31.872927,0.42972657
-8.393668907692383,110.625,30.332888,2.205617
-8.393668907692383,112.5,31.651228,0.34592173
-8.393668907692383,114.375,31.742067,0.38916683
-8.393668907692383,116.25,31.887379,0.4551455
-8.393668907692383,118.125,31.779295,0.47797537
-8.393668907692383,120.0,31.696306,0.44819263
-8.393668907692383,121.875,31.667107,0.42271778
-8.393668907692383,123.75,31.540838,0.43087152
-8.393668907692383,125.625,31.479704,0.43917006
-8.393668907692383,127.5,31.57525,0.44720507
-8.393668907692383,129.375,31.472967,0.4528882
-8.393668907692383,131.25,31.239138,0.45995784
-8.393668907692383,133.125,31.097673,0.47207302
-8.393668907692383,135.0,31.114021,0.5050877
-8.393668907692383,136.875,31.283903,0.48019183
-8.393668907692383,138.75,31.976362,0.5189618
-8.393668907692383,140.625,33.21324,1.2623646
-8.393668907692383,142.5,29.020954,1.2397467
-8.393668907692383,144.375,26.013767,0.47538915
-8.393668907692383,146.25,28.794685,0.5858417
-8.393668907692383,148.125,29.809528,0.34545055
-8.393668907692383,150.0,30.297907,0.3912262
-8.393668907692383,151.875,31.18568,0.39041856
-8.393668907692383,153.75,31.573826,0.42602184
-8.393668907692383,155.625,31.72865,0.4253302
-8.393668907692383,157.5,31.778748,0.41203997
-8.393668907692383,159.375,31.764841,0.36824772
-8.393668907692383,161.25,31.69492,0.3305377
-8.393668907692383,163.125,31.710094,0.3231219
-8.393668907692383,165.0,31.766657,0.32795185
-8.393668907692383,166.875,31.73367,0.33662426
-8.393668907692383,168.75,31.650017,0.35438886
-8.393668907692383,170.625,31.64867,0.37539184
-8.393668907692383,172.5,31.584684,0.40563795
-8.393668907692383,174.375,31.482733,0.42670077
-8.393668907692383,176.25,31.444118,0.45147297
-8.393668907692383,178.125,31.352615,0.48892495
-8.393668907692383,180.0,31.244919,0.50315577
-8.393668907692383,181.875,31.15285,0.51811564
-8.393668907692383,183.75,30.993786,0.54464513
-8.393668907692383,185.625,30.877497,0.5480442
-8.393668907692383,187.5,30.821423,0.5565706
-8.393668907692383,189.375,30.69406,0.56618035
-8.393668907692383,191.25,30.561619,0.56656164
-8.393668907692383,193.125,30.46195,0.571274
-8.393668907692383,195.0,30.31236,0.57772636
-8.393668907692383,196.875,30.125486,0.5762917
-8.393668907692383,198.75,29.986483,0.57450384
-8.393668907692383,200.625,29.891403,0.5797578
-8.393668907692383,202.5,29.767946,0.58737385
-8.393668907692383,204.375,29.561913,0.5923313
-8.393668907692383,206.25,29.398571,0.5996391
-8.393668907692383,208.125,29.27902,0.61731863
-8.393668907692383,210.0,29.116404,0.6283758
-8.393668907692383,211.875,28.97156,0.62265503
-8.393668907692383,213.75,28.872381,0.6302891
-8.393668907692383,215.625,28.74654,0.6389977
-8.393668907692383,217.5,28.548845,0.63256454
-8.393668907692383,219.375,28.36527,0.6188006
-8.393668907692383,221.25,28.281483,0.6136328
-8.393668907692383,223.125,28.170095,0.60674626
-8.393668907692383,225.0,27.965994,0.6000719
-8.393668907692383,226.875,27.80699,0.59208125
-8.393668907692383,228.75,27.736696,0.5873326
-8.393668907692383,230.625,27.662868,0.5795295
-8.393668907692383,232.5,27.52287,0.56577957
-8.393668907692383,234.375,27.375408,0.56107104
-8.393668907692383,236.25,27.257166,0.5552387
-8.393668907692383,238.125,27.094646,0.5459004
-8.393668907692383,240.0,27.00402,0.5409409
-8.393668907692383,241.875,26.980486,0.53857416
-8.393668907692383,243.75,26.850134,0.5314236
-8.393668907692383,245.625,26.645153,0.52716535
-8.393668907692383,247.5,26.607712,0.52090925
-8.393668907692383,249.375,26.53701,0.51312524
-8.393668907692383,251.25,26.298376,0.5059499
-8.393668907692383,253.125,26.243826,0.50820386
-8.393668907692383,255.0,26.224138,0.5059952
-8.393668907692383,256.875,26.060349,0.5022742
-8.393668907692383,258.75,25.952927,0.5085082
-8.393668907692383,260.625,25.952381,0.5129767
-8.393668907692383,262.5,25.852009,0.5167508
-8.393668907692383,264.375,25.754333,0.5250634
-8.393668907692383,266.25,25.758709,0.5559407
-8.393668907692383,268.125,25.656267,0.56633604
-8.393668907692383,270.0,25.531364,0.60088754
-8.393668907692383,271.875,25.47031,0.68845034
-8.393668907692383,273.75,24.819372,0.7094212
-8.393668907692383,275.625,23.40232,0.7002457
-8.393668907692383,277.5,22.558279,0.7364132
-8.393668907692383,279.375,22.827635,0.6929581
-8.393668907692383,281.25,22.862087,0.6841645
-8.393668907692383,283.125,20.399607,0.59059864
-8.393668907692383,285.0,24.077068,0.629695
-8.393668907692383,286.875,30.435896,1.7456015
-8.393668907692383,288.75,29.479998,1.4432708
-8.393668907692383,290.625,26.461931,0.5714273
-8.393668907692383,292.5,26.263962,0.48974314
-8.393668907692383,294.375,27.518143,0.7214408
-8.393668907692383,296.25,29.301071,1.5327181
-8.393668907692383,298.125,29.453709,1.749763
-8.393668907692383,300.0,27.922947,1.1271335
-8.393668907692383,301.875,27.762184,1.1631126
-8.393668907692383,303.75,28.096365,1.2972217
-8.393668907692383,305.625,27.931072,1.3029388
-8.393668907692383,307.5,27.710447,1.3425957
-8.393668907692383,309.375,28.69865,1.6875917
-8.393668907692383,311.25,30.103592,1.7887369
-8.393668907692383,313.125,29.945818,1.621008
-8.393668907692383,315.0,29.827538,1.4116396
-8.393668907692383,316.875,30.306696,1.1610193
-8.393668907692383,318.75,30.761229,1.1228762
-8.393668907692383,320.625,29.366795,0.97316307
-8.393668907692383,322.5,28.306658,0.7210112
-8.393668907692383,324.375,28.367577,0.52208525
-8.393668907692383,326.25,28.08535,0.3560778
-8.393668907692383,328.125,28.484861,0.3326349
-8.393668907692383,330.0,28.659216,0.30962119
-8.393668907692383,331.875,28.589705,0.30349627
-8.393668907692383,333.75,28.600409,0.31438813
-8.393668907692383,335.625,28.634645,0.31985036
-8.393668907692383,337.5,28.605427,0.32404825
-8.393668907692383,339.375,28.658571,0.33060732
-8.393668907692383,341.25,28.710232,0.3266975
-8.393668907692383,343.125,28.658787,0.32464224
-8.393668907692383,345.0,28.681423,0.32642558
-8.393668907692383,346.875,28.824158,0.32762045
-8.393668907692383,348.75,28.81412,0.3249224
-8.393668907692383,350.625,28.763416,0.3325464
-8.393668907692383,352.5,28.921091,0.34757695
-8.393668907692383,354.375,29.073982,0.36058056
-8.393668907692383,356.25,29.061522,0.40057912
-8.393668907692383,358.125,29.162086,0.44021812
-6.5284094014799905,0.0,30.134861,0.36949366
-6.5284094014799905,1.875,30.338787,0.35678867
-6.5284094014799905,3.75,30.460642,0.3772138
-6.5284094014799905,5.625,30.678844,0.36892137
-6.5284094014799905,7.5,30.96119,0.38572928
-6.5284094014799905,9.375,31.103045,0.34161934
-6.5284094014799905,11.25,30.245682,0.41764575
-6.5284094014799905,13.125,26.362381,0.2955095
-6.5284094014799905,15.0,24.532028,0.30761737
-6.5284094014799905,16.875,24.122263,0.37951818
-6.5284094014799905,18.75,25.133123,0.47396213
-6.5284094014799905,20.625,25.414139,0.47076592
-6.5284094014799905,22.5,24.684647,0.40284458
-6.5284094014799905,24.375,24.936384,0.45318443
-6.5284094014799905,26.25,26.171698,0.8745583
-6.5284094014799905,28.125,25.701326,1.1802678
-6.5284094014799905,30.0,25.117634,1.4893965
-6.5284094014799905,31.875,26.608084,1.7054337
-6.5284094014799905,33.75,27.80404,1.5411717
-6.5284094014799905,35.625,26.119411,1.0058722
-6.5284094014799905,37.5,27.636385,0.65262103
-6.5284094014799905,39.375,30.011345,0.33175036
-6.5284094014799905,41.25,29.759842,0.36089677
-6.5284094014799905,43.125,29.944626,0.4016523
-6.5284094014799905,45.0,29.955994,0.4086713
-6.5284094014799905,46.875,29.8424,0.40319598
-6.5284094014799905,48.75,29.655876,0.3981454
-6.5284094014799905,50.625,29.575329,0.3879714
-6.5284094014799905,52.5,29.62492,0.38462776
-6.5284094014799905,54.375,29.70576,0.4051836
-6.5284094014799905,56.25,29.946247,0.40606308
-6.5284094014799905,58.125,30.151072,0.39982387
-6.5284094014799905,60.0,30.16201,0.4098033
-6.5284094014799905,61.875,30.113123,0.421613
-6.5284094014799905,63.75,30.093552,0.43671158
-6.5284094014799905,65.625,30.06318,0.45248204
-6.5284094014799905,67.5,30.03115,0.48507574
-6.5284094014799905,69.375,30.05857,0.50724137
-6.5284094014799905,71.25,30.084196,0.5069007
-6.5284094014799905,73.125,30.068846,0.48260036
-6.5284094014799905,75.0,29.989548,0.4520043
-6.5284094014799905,76.875,29.974861,0.40986428
-6.5284094014799905,78.75,30.005545,0.39105907
-6.5284094014799905,80.625,30.038435,0.38668522
-6.5284094014799905,82.5,30.076736,0.3841361
-6.5284094014799905,84.375,30.136677,0.380161
-6.5284094014799905,86.25,30.169744,0.3741057
-6.5284094014799905,88.125,30.216639,0.3892621
-6.5284094014799905,90.0,30.365955,0.40760946
-6.5284094014799905,91.875,30.5149,0.39641213
-6.5284094014799905,93.75,30.540232,0.39252102
-6.5284094014799905,95.625,30.634607,0.4118055
-6.5284094014799905,97.5,30.826561,0.44866836
-6.5284094014799905,99.375,31.009392,0.46490186
-6.5284094014799905,101.25,31.124626,0.45778927
-6.5284094014799905,103.125,31.33156,0.44419834
-6.5284094014799905,105.0,31.424803,0.44455042
-6.5284094014799905,106.875,27.84871,1.2652742
-6.5284094014799905,108.75,32.113827,0.59655166
-6.5284094014799905,110.625,31.943298,0.4908131
-6.5284094014799905,112.5,31.81658,0.42172897
-6.5284094014799905,114.375,31.841736,0.41395378
-6.5284094014799905,116.25,32.06871,0.45023662
-6.5284094014799905,118.125,32.090683,0.48832533
-6.5284094014799905,120.0,32.073025,0.4442849
-6.5284094014799905,121.875,32.083553,0.40786192
-6.5284094014799905,123.75,31.91869,0.41573095
-6.5284094014799905,125.625,31.653376,0.43116668
-6.5284094014799905,127.5,31.623728,0.42648977
-6.5284094014799905,129.375,31.576462,0.41207558
-6.5284094014799905,131.25,31.76654,0.39653477
-6.5284094014799905,133.125,32.05121,0.42927513
-6.5284094014799905,135.0,31.802557,0.4886836
-6.5284094014799905,136.875,31.153942,0.4427673
-6.5284094014799905,138.75,31.863396,0.43787786
-6.5284094014799905,140.625,27.06613,0.71054316
-6.5284094014799905,142.5,25.244274,0.4919121
-6.5284094014799905,144.375,23.387283,0.33574247
-6.5284094014799905,146.25,24.334822,0.29911268
-6.5284094014799905,148.125,30.161736,0.5786276
-6.5284094014799905,150.0,30.720427,0.52934784
-6.5284094014799905,151.875,31.3649,0.45512855
-6.5284094014799905,153.75,31.632986,0.47379497
-6.5284094014799905,155.625,31.81738,0.46665913
-6.5284094014799905,157.5,31.941425,0.41557616
-6.5284094014799905,159.375,31.971642,0.38391632
-6.5284094014799905,161.25,31.897438,0.38962573
-6.5284094014799905,163.125,31.84742,0.4070899
-6.5284094014799905,165.0,31.814354,0.43553296
-6.5284094014799905,166.875,31.74402,0.45962813
-6.5284094014799905,168.75,31.662575,0.48528945
-6.5284094014799905,170.625,31.582888,0.51781833
-6.5284094014799905,172.5,31.438845,0.5546952
-6.5284094014799905,174.375,31.307009,0.5775647
-6.5284094014799905,176.25,31.228981,0.6010518
-6.5284094014799905,178.125,31.093826,0.6171121
-6.5284094014799905,180.0,30.984276,0.61943775
-6.5284094014799905,181.875,30.870642,0.64661515
-6.5284094014799905,183.75,30.742243,0.6596777
-6.5284094014799905,185.625,30.602028,0.6660858
-6.5284094014799905,187.5,30.478493,0.67470706
-6.5284094014799905,189.375,30.339197,0.6716775
-6.5284094014799905,191.25,30.194021,0.6728852
-6.5284094014799905,193.125,29.984568,0.68381596
-6.5284094014799905,195.0,29.802614,0.6774077
-6.5284094014799905,196.875,29.641052,0.67959374
-6.5284094014799905,198.75,29.490057,0.68509644
-6.5284094014799905,200.625,29.351032,0.6801059
-6.5284094014799905,202.5,29.175993,0.6886019
-6.5284094014799905,204.375,28.992987,0.692721
-6.5284094014799905,206.25,28.835115,0.6904711
-6.5284094014799905,208.125,28.71078,0.693086
-6.5284094014799905,210.0,28.596092,0.6985226
-6.5284094014799905,211.875,28.40488,0.69095755
-6.5284094014799905,213.75,28.243025,0.69324344
-6.5284094014799905,215.625,28.158611,0.69480604
-6.5284094014799905,217.5,28.048573,0.6914861
-6.5284094014799905,219.375,27.896658,0.6818418
-6.5284094014799905,221.25,27.782616,0.67574596
-6.5284094014799905,223.125,27.700954,0.6788238
-6.5284094014799905,225.0,27.598747,0.67737705
-6.5284094014799905,226.875,27.449762,0.6750139
-6.5284094014799905,228.75,27.351501,0.6734765
-6.5284094014799905,230.625,27.324217,0.6611911
-6.5284094014799905,232.5,27.173044,0.6585397
-6.5284094014799905,234.375,27.044998,0.6480534
-6.5284094014799905,236.25,27.001717,0.63113993
-6.5284094014799905,238.125,26.91566,0.61867166
-6.5284094014799905,240.0,26.763748,0.61410266
-6.5284094014799905,241.875,26.702848,0.61970025
-6.5284094014799905,243.75,26.65154,0.61959285
-6.5284094014799905,245.625,26.483553,0.60946393
-6.5284094014799905,247.5,26.459724,0.6027985
-6.5284094014799905,249.375,26.489685,0.58466566
-6.5284094014799905,251.25,26.35322,0.57604074
-6.5284094014799905,253.125,26.192926,0.5851244
-6.5284094014799905,255.0,26.126307,0.58511096
-6.5284094014799905,256.875,26.054567,0.5838593
-6.5284094014799905,258.75,25.973806,0.5859549
-6.5284094014799905,260.625,25.9582,0.5794345
-6.5284094014799905,262.5,25.97867,0.57559544
-6.5284094014799905,264.375,26.051052,0.59374094
-6.5284094014799905,266.25,26.04824,0.60851055
-6.5284094014799905,268.125,25.92738,0.6220229
-6.5284094014799905,270.0,25.871443,0.6583797
-6.5284094014799905,271.875,25.745037,0.7227523
-6.5284094014799905,273.75,24.899118,0.6648952
-6.5284094014799905,275.625,23.741169,0.6580709
-6.5284094014799905,277.5,23.623611,0.63912165
-6.5284094014799905,279.375,24.455133,0.5438516
-6.5284094014799905,281.25,24.117517,0.8009995
-6.5284094014799905,283.125,23.298786,0.7414713
-6.5284094014799905,285.0,27.407322,1.1609719
-6.5284094014799905,286.875,28.711033,1.3656588
-6.5284094014799905,288.75,26.442087,0.56869704
-6.5284094014799905,290.625,26.403845,0.47992274
-6.5284094014799905,292.5,28.149002,0.9215739
-6.5284094014799905,294.375,29.338825,1.3285302
-6.5284094014799905,296.25,29.324646,1.6306252
-6.5284094014799905,298.125,28.500778,1.4440811
-6.5284094014799905,300.0,27.631325,1.2413175
-6.5284094014799905,301.875,27.989412,1.3840771
-6.5284094014799905,303.75,29.098318,1.8495066
-6.5284094014799905,305.625,28.872654,1.8203863
-6.5284094014799905,307.5,28.241463,1.7589341
-6.5284094014799905,309.375,29.163357,1.8911744
-6.5284094014799905,311.25,30.347633,1.9693637
-6.5284094014799905,313.125,30.257126,1.7324456
-6.5284094014799905,315.0,30.161814,1.5322587
-6.5284094014799905,316.875,30.719646,1.3869352
-6.5284094014799905,318.75,31.222692,1.2331891
-6.5284094014799905,320.625,32.123062,1.0122668
-6.5284094014799905,322.5,31.116209,0.57808614
-6.5284094014799905,324.375,29.616522,0.45238563
-6.5284094014799905,326.25,28.2591,0.36047047
-6.5284094014799905,328.125,28.726618,0.34079218
-6.5284094014799905,330.0,28.851814,0.33646324
-6.5284094014799905,331.875,28.8532,0.3207079
-6.5284094014799905,333.75,28.970564,0.3258395
-6.5284094014799905,335.625,29.040895,0.3263939
-6.5284094014799905,337.5,29.014137,0.32821974
-6.5284094014799905,339.375,29.085915,0.33508667
-6.5284094014799905,341.25,29.206463,0.3321242
-6.5284094014799905,343.125,29.158768,0.3333563
-6.5284094014799905,345.0,29.108454,0.33383963
-6.5284094014799905,346.875,29.257282,0.32956296
-6.5284094014799905,348.75,29.35947,0.33545268
-6.5284094014799905,350.625,29.40531,0.34796554
-6.5284094014799905,352.5,29.512321,0.3599233
-6.5284094014799905,354.375,29.664352,0.36441407
-6.5284094014799905,356.25,29.677752,0.37316057
-6.5284094014799905,358.125,29.853317,0.3848772
-4.663149706177884,0.0,30.199978,0.3397017
-4.663149706177884,1.875,30.37703,0.33766025
-4.663149706177884,3.75,30.518024,0.3484851
-4.663149706177884,5.625,30.568806,0.38541773
-4.663149706177884,7.5,30.83988,0.39929998
-4.663149706177884,9.375,31.141872,0.34041587
-4.663149706177884,11.25,30.765486,0.32400346
-4.663149706177884,13.125,25.74607,0.28792736
-4.663149706177884,15.0,24.976267,0.30565104
-4.663149706177884,16.875,25.264666,0.34952182
-4.663149706177884,18.75,25.92197,0.4012853
-4.663149706177884,20.625,25.736208,0.38361624
-4.663149706177884,22.5,25.368553,0.3857011
-4.663149706177884,24.375,25.760798,0.40399757
-4.663149706177884,26.25,25.235838,0.38341525
-4.663149706177884,28.125,23.106112,0.5336041
-4.663149706177884,30.0,23.074783,1.1763786
-4.663149706177884,31.875,26.494627,1.6883613
-4.663149706177884,33.75,28.820955,1.7020333
-4.663149706177884,35.625,26.487028,1.0752107
-4.663149706177884,37.5,27.36324,0.7796801
-4.663149706177884,39.375,29.758278,0.35167155
-4.663149706177884,41.25,29.80693,0.36606875
-4.663149706177884,43.125,29.83525,0.39563024
-4.663149706177884,45.0,29.818336,0.41381934
-4.663149706177884,46.875,29.984627,0.4270098
-4.663149706177884,48.75,30.10072,0.43438104
-4.663149706177884,50.625,30.04984,0.4160352
-4.663149706177884,52.5,30.162342,0.3920905
-4.663149706177884,54.375,30.280153,0.4086098
-4.663149706177884,56.25,30.316326,0.4223863
-4.663149706177884,58.125,30.336853,0.43965667
-4.663149706177884,60.0,30.346228,0.45401257
-4.663149706177884,61.875,30.332146,0.4829958
-4.663149706177884,63.75,30.327244,0.50858146
-4.663149706177884,65.625,30.32611,0.5259474
-4.663149706177884,67.5,30.326033,0.5488162
-4.663149706177884,69.375,30.31154,0.5597071
-4.663149706177884,71.25,30.280212,0.57844806
-4.663149706177884,73.125,30.273865,0.59439856
-4.663149706177884,75.0,30.259254,0.59437495
-4.663149706177884,76.875,30.241365,0.5729252
-4.663149706177884,78.75,30.247849,0.5529292
-4.663149706177884,80.625,30.23285,0.5292767
-4.663149706177884,82.5,30.206598,0.51142484
-4.663149706177884,84.375,30.262108,0.5041735
-4.663149706177884,86.25,30.339724,0.51393145
-4.663149706177884,88.125,30.369236,0.53693426
-4.663149706177884,90.0,30.455486,0.56600744
-4.663149706177884,91.875,30.593006,0.5797328
-4.663149706177884,93.75,30.64574,0.57454634
-4.663149706177884,95.625,30.761267,0.56750745
-4.663149706177884,97.5,30.938475,0.57680184
-4.663149706177884,99.375,31.118767,0.56973946
-4.663149706177884,101.25,31.232752,0.49865934
-4.663149706177884,103.125,31.397516,0.46138507
-4.663149706177884,105.0,27.641756,0.8561923
-4.663149706177884,106.875,32.10152,0.65954876
-4.663149706177884,108.75,32.03539,0.66317385
-4.663149706177884,110.625,32.08746,0.6290375
-4.663149706177884,112.5,32.026913,0.59285307
-4.663149706177884,114.375,29.48576,2.0226598
-4.663149706177884,116.25,32.333767,0.5723891
-4.663149706177884,118.125,32.13814,0.48363027
-4.663149706177884,120.0,32.066364,0.4261747
-4.663149706177884,121.875,32.19408,0.3741756
-4.663149706177884,123.75,32.178043,0.37423542
-4.663149706177884,125.625,32.02533,0.3849888
-4.663149706177884,127.5,31.78488,0.4049165
-4.663149706177884,129.375,31.862127,0.3793066
-4.663149706177884,131.25,32.19914,0.34672654
-4.663149706177884,133.125,32.310486,0.3664146
-4.663149706177884,135.0,27.022575,0.548061
-4.663149706177884,136.875,25.511814,0.41243833
-4.663149706177884,138.75,24.445036,0.38198677
-4.663149706177884,140.625,24.399353,0.36774042
-4.663149706177884,142.5,24.568317,0.30081874
-4.663149706177884,144.375,30.97279,0.28145126
-4.663149706177884,146.25,31.15869,0.3363316
-4.663149706177884,148.125,31.129236,0.56603646
-4.663149706177884,150.0,31.2974,0.57666343
-4.663149706177884,151.875,31.468552,0.54742503
-4.663149706177884,153.75,31.592575,0.5543905
-4.663149706177884,155.625,31.73242,0.5228907
-4.663149706177884,157.5,31.817732,0.5038611
-4.663149706177884,159.375,31.794079,0.52595437
-4.663149706177884,161.25,31.673708,0.57479733
-4.663149706177884,163.125,31.53572,0.60947794
-4.663149706177884,165.0,31.421541,0.62908757
-4.663149706177884,166.875,31.293142,0.6641977
-4.663149706177884,168.75,31.181833,0.7042641
-4.663149706177884,170.625,31.048395,0.72992754
-4.663149706177884,172.5,30.891306,0.740956
-4.663149706177884,174.375,30.765388,0.75449365
-4.663149706177884,176.25,30.660036,0.7700944
-4.663149706177884,178.125,30.531424,0.7775854
-4.663149706177884,180.0,30.359705,0.80105424
-4.663149706177884,181.875,30.215643,0.81148875
-4.663149706177884,183.75,30.069666,0.8101713
-4.663149706177884,185.625,29.911854,0.80289483
-4.663149706177884,187.5,29.746872,0.798093
-4.663149706177884,189.375,29.575369,0.7923499
-4.663149706177884,191.25,29.364021,0.8007983
-4.663149706177884,193.125,29.202303,0.7939987
-4.663149706177884,195.0,29.057478,0.7828579
-4.663149706177884,196.875,28.92281,0.7830596
-4.663149706177884,198.75,28.772575,0.78673625
-4.663149706177884,200.625,28.551716,0.78728664
-4.663149706177884,202.5,28.36943,0.79560053
-4.663149706177884,204.375,28.249157,0.80385506
-4.663149706177884,206.25,28.096813,0.7913733
-4.663149706177884,208.125,27.975231,0.77204555
-4.663149706177884,210.0,27.856834,0.77936894
-4.663149706177884,211.875,27.699196,0.8109154
-4.663149706177884,213.75,27.53824,0.81526256
-4.663149706177884,215.625,27.426931,0.8118871
-4.663149706177884,217.5,27.366034,0.79845285
-4.663149706177884,219.375,27.281502,0.80439866
-4.663149706177884,221.25,27.12158,0.82601833
-4.663149706177884,223.125,26.994333,0.82558775
-4.663149706177884,225.0,26.935896,0.8154094
-4.663149706177884,226.875,26.861774,0.8056681
-4.663149706177884,228.75,26.762321,0.8026707
-4.663149706177884,230.625,26.648767,0.80480677
-4.663149706177884,232.5,26.550076,0.79590756
-4.663149706177884,234.375,26.419823,0.776742
-4.663149706177884,236.25,26.401012,0.75924677
-4.663149706177884,238.125,26.41945,0.7471334
-4.663149706177884,240.0,26.265759,0.7531932
-4.663149706177884,241.875,26.156013,0.7474084
-4.663149706177884,243.75,26.14488,0.737181
-4.663149706177884,245.625,26.080036,0.7331806
-4.663149706177884,247.5,25.968805,0.7280004
-4.663149706177884,249.375,25.913494,0.72994
-4.663149706177884,251.25,25.891071,0.736865
-4.663149706177884,253.125,25.807985,0.73902637
-4.663149706177884,255.0,25.73828,0.7340678
-4.663149706177884,256.875,25.75906,0.7207529
-4.663149706177884,258.75,25.842049,0.70982677
-4.663149706177884,260.625,25.807556,0.698998
-4.663149706177884,262.5,25.75613,0.6790343
-4.663149706177884,264.375,25.838024,0.68068564
-4.663149706177884,266.25,25.88826,0.68559235
-4.663149706177884,268.125,25.80078,0.67923415
-4.663149706177884,270.0,25.725563,0.6830335
-4.663149706177884,271.875,25.515505,0.69579464
-4.663149706177884,273.75,24.956873,0.63945484
-4.663149706177884,275.625,24.735798,0.6233032
-4.663149706177884,277.5,25.035368,0.57770765
-4.663149706177884,279.375,25.405369,0.6186625
-4.663149706177884,281.25,23.939783,0.86913013
-4.663149706177884,283.125,25.883572,0.99496895
-4.663149706177884,285.0,29.920954,1.8171235
-4.663149706177884,286.875,28.109997,0.93099576
-4.663149706177884,288.75,26.514587,0.34972456
-4.663149706177884,290.625,28.791424,1.0808859
-4.663149706177884,292.5,30.6907,1.70902
-4.663149706177884,294.375,28.133787,1.1485698
-4.663149706177884,296.25,27.59988,0.85905427
-4.663149706177884,298.125,29.033318,1.4347161
-4.663149706177884,300.0,29.61035,1.7885793
-4.663149706177884,301.875,29.657692,1.8459605
-4.663149706177884,303.75,30.23904,2.2970319
-4.663149706177884,305.625,30.120506,2.4629328
-4.663149706177884,307.5,30.224977,2.3567288
-4.663149706177884,309.375,31.470486,2.3686292
-4.663149706177884,311.25,31.71281,2.190055
-4.663149706177884,313.125,30.895174,1.7817096
-4.663149706177884,315.0,30.231813,1.3412477
-4.663149706177884,316.875,29.65705,1.1328536
-4.663149706177884,318.75,29.924782,1.1351135
-4.663149706177884,320.625,31.347673,0.9503635
-4.663149706177884,322.5,31.042303,0.6076537
-4.663149706177884,324.375,28.584763,0.35751835
-4.663149706177884,326.25,28.620525,0.35357735
-4.663149706177884,328.125,28.898924,0.36354783
-4.663149706177884,330.0,28.9649,0.37772828
-4.663149706177884,331.875,29.066755,0.36338043
-4.663149706177884,333.75,29.275915,0.36957413
-4.663149706177884,335.625,29.378942,0.37965846
-4.663149706177884,337.5,29.397926,0.375348
-4.663149706177884,339.375,29.46156,0.37518343
-4.663149706177884,341.25,29.51275,0.37459502
-4.663149706177884,343.125,29.569256,0.3757043
-4.663149706177884,345.0,29.644157,0.37978134
-4.663149706177884,346.875,29.77613,0.3661305
-4.663149706177884,348.75,29.854979,0.37404332
-4.663149706177884,350.625,29.859783,0.38012806
-4.663149706177884,352.5,29.896091,0.3675137
-4.663149706177884,354.375,30.050993,0.35839018
-4.663149706177884,356.25,30.153494,0.36359894
-4.663149706177884,358.125,30.144783,0.36197233
-2.797889876956741,0.0,30.266697,0.33958322
-2.797889876956741,1.875,30.284256,0.3463895
-2.797889876956741,3.75,30.33658,0.3515459
-2.797889876956741,5.625,30.36408,0.3544505
-2.797889876956741,7.5,30.55201,0.34214088
-2.797889876956741,9.375,30.770466,0.31440952
-2.797889876956741,11.25,25.81951,0.2946059
-2.797889876956741,13.125,24.97195,0.29172692
-2.797889876956741,15.0,25.458532,0.30543765
-2.797889876956741,16.875,25.985603,0.34161887
-2.797889876956741,18.75,26.256638,0.35941568
-2.797889876956741,20.625,25.874704,0.34655282
-2.797889876956741,22.5,25.587225,0.35508272
-2.797889876956741,24.375,25.81824,0.35648596
-2.797889876956741,26.25,24.564724,0.3205867
-2.797889876956741,28.125,21.660057,0.36988166
-2.797889876956741,30.0,21.654587,0.8440757
-2.797889876956741,31.875,26.07201,1.7996426
-2.797889876956741,33.75,28.292263,2.1466358
-2.797889876956741,35.625,24.336092,1.3798738
-2.797889876956741,37.5,25.05908,0.83065516
-2.797889876956741,39.375,33.010387,0.9943207
-2.797889876956741,41.25,29.898493,0.35889167
-2.797889876956741,43.125,29.724157,0.3824498
-2.797889876956741,45.0,29.667517,0.40961403
-2.797889876956741,46.875,30.024998,0.4302561
-2.797889876956741,48.75,30.341482,0.44667456
-2.797889876956741,50.625,30.46363,0.44956923
-2.797889876956741,52.5,30.551912,0.43229857
-2.797889876956741,54.375,30.57572,0.43974218
-2.797889876956741,56.25,30.543474,0.4611528
-2.797889876956741,58.125,30.538826,0.4820286
-2.797889876956741,60.0,30.56746,0.5036544
-2.797889876956741,61.875,30.61363,0.53004533
-2.797889876956741,63.75,30.613358,0.54394615
-2.797889876956741,65.625,30.58281,0.5545912
-2.797889876956741,67.5,30.570623,0.55942273
-2.797889876956741,69.375,30.54949,0.5653699
-2.797889876956741,71.25,30.506306,0.5820141
-2.797889876956741,73.125,30.535233,0.5980591
-2.797889876956741,75.0,30.581932,0.602033
-2.797889876956741,76.875,30.600466,0.5953254
-2.797889876956741,78.75,30.617771,0.603545
-2.797889876956741,80.625,30.617264,0.6090718
-2.797889876956741,82.5,30.55826,0.6087885
-2.797889876956741,84.375,30.510506,0.60003424
-2.797889876956741,86.25,30.561071,0.6040719
-2.797889876956741,88.125,30.580975,0.6058282
-2.797889876956741,90.0,30.61367,0.6051351
-2.797889876956741,91.875,30.699196,0.609337
-2.797889876956741,93.75,30.770563,0.6020772
-2.797889876956741,95.625,30.840466,0.5989841
-2.797889876956741,97.5,30.951033,0.60959554
-2.797889876956741,99.375,31.107048,0.56900233
-2.797889876956741,101.25,31.206404,0.48819056
-2.797889876956741,103.125,26.465525,0.29798838
-2.797889876956741,105.0,32.25695,0.71443826
-2.797889876956741,106.875,31.679998,0.63022774
-2.797889876956741,108.75,31.54369,0.7141114
-2.797889876956741,110.625,32.100212,0.70744056
-2.797889876956741,112.5,27.557478,0.8031643
-2.797889876956741,114.375,27.66607,1.0017596
-2.797889876956741,116.25,28.113846,0.8529361
-2.797889876956741,118.125,32.043434,0.59855187
-2.797889876956741,120.0,26.317791,0.8476774
-2.797889876956741,121.875,27.048494,0.8574483
-2.797889876956741,123.75,31.95365,0.332361
-2.797889876956741,125.625,32.004898,0.32999593
-2.797889876956741,127.5,31.903845,0.31802467
-2.797889876956741,129.375,31.91615,0.3087726
-2.797889876956741,131.25,32.089333,0.312864
-2.797889876956741,133.125,27.377146,0.5945223
-2.797889876956741,135.0,26.587185,0.5182485
-2.797889876956741,136.875,31.386833,0.30146682
-2.797889876956741,138.75,31.265858,0.30857936
-2.797889876956741,140.625,31.332067,0.33123463
-2.797889876956741,142.5,31.438337,0.34814563
-2.797889876956741,144.375,31.504744,0.3645213
-2.797889876956741,146.25,31.644646,0.40488937
-2.797889876956741,148.125,31.670193,0.477916
-2.797889876956741,150.0,31.55611,0.57827824
-2.797889876956741,151.875,31.428474,0.6706427
-2.797889876956741,153.75,31.43865,0.6716575
-2.797889876956741,155.625,31.437302,0.67314714
-2.797889876956741,157.5,31.372849,0.72390157
-2.797889876956741,159.375,31.239979,0.79335284
-2.797889876956741,161.25,31.068182,0.849388
-2.797889876956741,163.125,30.900036,0.86732036
-2.797889876956741,165.0,30.706013,0.88221323
-2.797889876956741,166.875,30.522459,0.9114104
-2.797889876956741,168.75,30.363924,0.93968946
-2.797889876956741,170.625,30.198065,0.949716
-2.797889876956741,172.5,30.041716,0.9513001
-2.797889876956741,174.375,29.90777,0.95870763
-2.797889876956741,176.25,29.786345,0.96719646
-2.797889876956741,178.125,29.607166,0.9778678
-2.797889876956741,180.0,29.44619,0.9742264
-2.797889876956741,181.875,29.269842,0.96570665
-2.797889876956741,183.75,29.094315,0.9610736
-2.797889876956741,185.625,28.930779,0.9559242
-2.797889876956741,187.5,28.771091,0.94852966
-2.797889876956741,189.375,28.572731,0.94635564
-2.797889876956741,191.25,28.442184,0.93417925
-2.797889876956741,193.125,28.294685,0.9270073
-2.797889876956741,195.0,28.12658,0.9172289
-2.797889876956741,196.875,28.00039,0.9121228
-2.797889876956741,198.75,27.865564,0.9247056
-2.797889876956741,200.625,27.692009,0.93749696
-2.797889876956741,202.5,27.575153,0.94004077
-2.797889876956741,204.375,27.456676,0.95395213
-2.797889876956741,206.25,27.28533,0.9603512
-2.797889876956741,208.125,27.124666,0.9525608
-2.797889876956741,210.0,27.003572,0.95279044
-2.797889876956741,211.875,26.942556,0.95247895
-2.797889876956741,213.75,26.834978,0.9595866
-2.797889876956741,215.625,26.68031,0.9542898
-2.797889876956741,217.5,26.562712,0.9402838
-2.797889876956741,219.375,26.481169,0.9279693
-2.797889876956741,221.25,26.409157,0.91630787
-2.797889876956741,223.125,26.295036,0.91187334
-2.797889876956741,225.0,26.214256,0.9080323
-2.797889876956741,226.875,26.143532,0.8985637
-2.797889876956741,228.75,26.04445,0.8866323
-2.797889876956741,230.625,25.99859,0.87620807
-2.797889876956741,232.5,25.945915,0.87352824
-2.797889876956741,234.375,25.827185,0.8701353
-2.797889876956741,236.25,25.723064,0.869138
-2.797889876956741,238.125,25.648182,0.87353927
-2.797889876956741,240.0,25.592829,0.8696408
-2.797889876956741,241.875,25.499216,0.85752344
-2.797889876956741,243.75,25.454235,0.8508141
-2.797889876956741,245.625,25.38318,0.8580924
-2.797889876956741,247.5,25.2765,0.86141187
-2.797889876956741,249.375,25.23119,0.8436141
-2.797889876956741,251.25,25.26449,0.8331807
-2.797889876956741,253.125,25.310448,0.8369076
-2.797889876956741,255.0,25.287067,0.8284045
-2.797889876956741,256.875,25.272438,0.8063188
-2.797889876956741,258.75,25.354704,0.79263455
-2.797889876956741,260.625,25.438221,0.77429116
-2.797889876956741,262.5,25.463318,0.7572333
-2.797889876956741,264.375,25.5616,0.75397253
-2.797889876956741,266.25,25.692966,0.7402738
-2.797889876956741,268.125,25.639997,0.72489387
-2.797889876956741,270.0,25.540564,0.7092973
-2.797889876956741,271.875,25.454002,0.6840819
-2.797889876956741,273.75,25.292185,0.62813425
-2.797889876956741,275.625,25.596209,0.5719911
-2.797889876956741,277.5,26.532322,0.48698622
-2.797889876956741,279.375,27.168709,0.44055519
-2.797889876956741,281.25,22.003845,0.39334977
-2.797889876956741,283.125,25.114529,0.67623585
-2.797889876956741,285.0,29.750525,1.6848896
-2.797889876956741,286.875,28.050661,0.5701051
-2.797889876956741,288.75,26.695993,0.30837625
-2.797889876956741,290.625,28.310448,0.46413976
-2.797889876956741,292.5,28.541931,0.8775565
-2.797889876956741,294.375,26.752165,0.4653908
-2.797889876956741,296.25,27.526209,0.8948167
-2.797889876956741,298.125,30.182087,1.8062658
-2.797889876956741,300.0,30.366344,1.9200178
-2.797889876956741,301.875,29.901403,2.2053387
-2.797889876956741,303.75,30.859255,2.6294847
-2.797889876956741,305.625,31.39992,2.5549586
-2.797889876956741,307.5,32.346832,2.3627489
-2.797889876956741,309.375,33.52652,2.1552048
-2.797889876956741,311.25,33.024315,1.7216374
-2.797889876956741,313.125,31.843046,1.2274966
-2.797889876956741,315.0,30.685135,0.78552574
-2.797889876956741,316.875,29.392633,0.34027022
-2.797889876956741,318.75,28.835955,0.33969998
-2.797889876956741,320.625,28.853474,0.34927505
-2.797889876956741,322.5,28.815819,0.35656524
-2.797889876956741,324.375,28.677458,0.3646883
-2.797889876956741,326.25,28.852928,0.38235673
-2.797889876956741,328.125,29.035545,0.4085408
-2.797889876956741,330.0,29.054861,0.4276751
-2.797889876956741,331.875,29.254763,0.4322731
-2.797889876956741,333.75,29.420076,0.44039834
-2.797889876956741,335.625,29.466326,0.44539908
-2.797889876956741,337.5,29.561325,0.4482315
-2.797889876956741,339.375,29.717537,0.45884454
-2.797889876956741,341.25,29.817184,0.4557697
-2.797889876956741,343.125,29.976442,0.439041
-2.797889876956741,345.0,30.097439,0.43381035
-2.797889876956741,346.875,30.148317,0.4149687
-2.797889876956741,348.75,30.25404,0.39332548
-2.797889876956741,350.625,30.39031,0.39065123
-2.797889876956741,352.5,30.408298,0.381001
-2.797889876956741,354.375,30.38238,0.35507792
-2.797889876956741,356.25,30.417068,0.3461356
-2.797889876956741,358.125,30.382673,0.34824252
-0.932629967837991,0.0,30.609217,0.32167006
-0.932629967837991,1.875,30.53529,0.32282877
-0.932629967837991,3.75,30.418123,0.32610846
-0.932629967837991,5.625,30.349392,0.32141742
-0.932629967837991,7.5,30.295856,0.30114594
-0.932629967837991,9.375,29.500427,0.2858802
-0.932629967837991,11.25,24.973806,0.2798602
-0.932629967837991,13.125,24.419216,0.291143
-0.932629967837991,15.0,25.463612,0.29318607
-0.932629967837991,16.875,26.211227,0.32911983
-0.932629967837991,18.75,26.392576,0.3471289
-0.932629967837991,20.625,26.254938,0.34231582
-0.932629967837991,22.5,25.853748,0.3467898
-0.932629967837991,24.375,25.784645,0.37648666
-0.932629967837991,26.25,25.030134,0.37676165
-0.932629967837991,28.125,22.821404,0.42278275
-0.932629967837991,30.0,25.96574,2.173028
-0.932629967837991,31.875,30.836618,0.42584163
-0.932629967837991,33.75,29.922674,0.42363
-0.932629967837991,35.625,22.646677,1.7744318
-0.932629967837991,37.5,24.08406,1.1400089
-0.932629967837991,39.375,32.84445,0.966809
-0.932629967837991,41.25,38.329117,1.1667968
-0.932629967837991,43.125,29.862967,0.4019263
-0.932629967837991,45.0,29.71492,0.41710743
-0.932629967837991,46.875,29.94111,0.42510813
-0.932629967837991,48.75,30.115799,0.41262493
-0.932629967837991,50.625,30.393278,0.39148495
-0.932629967837991,52.5,30.65154,0.39689514
-0.932629967837991,54.375,30.74656,0.4200607
-0.932629967837991,56.25,30.763279,0.42952076
-0.932629967837991,58.125,30.797771,0.44614878
-0.932629967837991,60.0,30.855057,0.46071008
-0.932629967837991,61.875,30.897772,0.46583474
-0.932629967837991,63.75,30.913319,0.46494916
-0.932629967837991,65.625,30.894646,0.46104366
-0.932629967837991,67.5,30.903454,0.45790464
-0.932629967837991,69.375,30.935974,0.4472024
-0.932629967837991,71.25,30.95318,0.4282235
-0.932629967837991,73.125,30.951286,0.434221
-0.932629967837991,75.0,30.95201,0.4398177
-0.932629967837991,76.875,30.932634,0.4285644
-0.932629967837991,78.75,30.905134,0.4163762
-0.932629967837991,80.625,30.902029,0.41307184
-0.932629967837991,82.5,30.883162,0.41263372
-0.932629967837991,84.375,30.82443,0.42175245
-0.932629967837991,86.25,30.804548,0.44849968
-0.932629967837991,88.125,30.77492,0.46676463
-0.932629967837991,90.0,30.732986,0.48346558
-0.932629967837991,91.875,30.734373,0.507679
-0.932629967837991,93.75,30.751657,0.53338593
-0.932629967837991,95.625,30.771677,0.5613417
-0.932629967837991,97.5,30.910545,0.5641904
-0.932629967837991,99.375,31.105486,0.4889607
-0.932629967837991,101.25,26.003904,0.21958156
-0.932629967837991,103.125,26.36949,0.24372935
-0.932629967837991,105.0,31.607283,0.53128475
-0.932629967837991,106.875,30.69906,0.52222496
-0.932629967837991,108.75,30.96822,0.63426346
-0.932629967837991,110.625,26.669744,0.3121704
-0.932629967837991,112.5,25.795876,0.36365306
-0.932629967837991,114.375,25.894333,0.37859395
-0.932629967837991,116.25,27.233631,0.3495674
-0.932629967837991,118.125,31.991693,0.4668041
-0.932629967837991,120.0,26.421188,0.50271034
-0.932629967837991,121.875,31.50158,0.29221827
-0.932629967837991,123.75,31.591345,0.3289479
-0.932629967837991,125.625,31.701971,0.35693687
-0.932629967837991,127.5,31.687868,0.3429226
-0.932629967837991,129.375,31.652771,0.32859877
-0.932629967837991,131.25,31.608397,0.33863807
-0.932629967837991,133.125,31.423376,0.39122012
-0.932629967837991,135.0,31.465134,0.36814007
-0.932629967837991,136.875,31.451305,0.38798824
-0.932629967837991,138.75,31.428865,0.4210178
-0.932629967837991,140.625,31.511892,0.47410244
-0.932629967837991,142.5,31.61824,0.51938117
-0.932629967837991,144.375,31.632225,0.57089823
-0.932629967837991,146.25,31.570934,0.62514347
-0.932629967837991,148.125,31.473963,0.6932238
-0.932629967837991,150.0,31.366423,0.7761646
-0.932629967837991,151.875,31.267517,0.8359205
-0.932629967837991,153.75,31.170387,0.879302
-0.932629967837991,155.625,31.024178,0.91992414
-0.932629967837991,157.5,30.857634,0.9732522
-0.932629967837991,159.375,30.65986,1.0408958
-0.932629967837991,161.25,30.447577,1.0943943
-0.932629967837991,163.125,30.229998,1.1270564
-0.932629967837991,165.0,30.040037,1.1293783
-0.932629967837991,166.875,29.870134,1.139268
-0.932629967837991,168.75,29.70984,1.1623182
-0.932629967837991,170.625,29.543571,1.1687173
-0.932629967837991,172.5,29.36246,1.1812742
-0.932629967837991,174.375,29.16574,1.2057047
-0.932629967837991,176.25,28.962868,1.2325605
-0.932629967837991,178.125,28.818727,1.2130731
-0.932629967837991,180.0,28.707264,1.1731443
-0.932629967837991,181.875,28.549294,1.1416032
-0.932629967837991,183.75,28.386442,1.125211
-0.932629967837991,185.625,28.217869,1.1174358
-0.932629967837991,187.5,28.014256,1.1026014
-0.932629967837991,189.375,27.869274,1.0795134
-0.932629967837991,191.25,27.770681,1.0635766
-0.932629967837991,193.125,27.657438,1.0538602
-0.932629967837991,195.0,27.4891,1.0389117
-0.932629967837991,196.875,27.322166,1.0354693
-0.932629967837991,198.75,27.180622,1.0334529
-0.932629967837991,200.625,27.116385,1.0254722
-0.932629967837991,202.5,27.04699,1.0228012
-0.932629967837991,204.375,26.957205,1.0208617
-0.932629967837991,206.25,26.812342,1.0168917
-0.932629967837991,208.125,26.648396,1.0023551
-0.932629967837991,210.0,26.55281,0.9822233
-0.932629967837991,211.875,26.510231,0.97098017
-0.932629967837991,213.75,26.4549,0.96561
-0.932629967837991,215.625,26.339567,0.95003647
-0.932629967837991,217.5,26.203318,0.92136645
-0.932629967837991,219.375,26.154627,0.9061076
-0.932629967837991,221.25,26.100271,0.89922035
-0.932629967837991,223.125,26.013805,0.8977624
-0.932629967837991,225.0,25.945545,0.8884783
-0.932629967837991,226.875,25.894255,0.8803152
-0.932629967837991,228.75,25.808064,0.8748252
-0.932629967837991,230.625,25.764196,0.8736668
-0.932629967837991,232.5,25.724314,0.87972254
-0.932629967837991,234.375,25.65236,0.88367736
-0.932629967837991,236.25,25.55869,0.8991145
-0.932629967837991,238.125,25.495857,0.91438276
-0.932629967837991,240.0,25.415857,0.9206992
-0.932629967837991,241.875,25.32027,0.9128234
-0.932629967837991,243.75,25.323553,0.90308887
-0.932629967837991,245.625,25.319782,0.9071128
-0.932629967837991,247.5,25.294724,0.91255003
-0.932629967837991,249.375,25.242517,0.9005372
-0.932629967837991,251.25,25.223475,0.8820973
-0.932629967837991,253.125,25.300915,0.86697894
-0.932629967837991,255.0,25.34363,0.8451381
-0.932629967837991,256.875,25.417126,0.81008846
-0.932629967837991,258.75,25.583298,0.78907037
-0.932629967837991,260.625,25.72242,0.7833107
-0.932629967837991,262.5,25.834528,0.74840677
-0.932629967837991,264.375,26.070036,0.73517585
-0.932629967837991,266.25,26.374216,0.7206003
-0.932629967837991,268.125,26.49695,0.70586663
-0.932629967837991,270.0,26.553299,0.7293819
-0.932629967837991,271.875,26.614822,0.73275155
-0.932629967837991,273.75,26.650192,0.6339308
-0.932629967837991,275.625,26.893553,0.5237759
-0.932629967837991,277.5,27.723122,0.467808
-0.932629967837991,279.375,28.061775,0.42096207
-0.932629967837991,281.25,21.033161,0.288696
-0.932629967837991,283.125,23.36201,0.49997258
-0.932629967837991,285.0,27.9815,1.1943277
-0.932629967837991,286.875,27.9682,0.59498066
-0.932629967837991,288.75,26.638805,0.33338425
-0.932629967837991,290.625,26.995682,0.33246422
-0.932629967837991,292.5,27.342459,0.34098515
-0.932629967837991,294.375,27.519958,0.696
-0.932629967837991,296.25,29.11994,1.5144165
-0.932629967837991,298.125,29.77367,1.9302138
-0.932629967837991,300.0,28.509783,2.0143836
-0.932629967837991,301.875,29.28738,2.4607177
-0.932629967837991,303.75,31.065544,2.649081
-0.932629967837991,305.625,31.702106,2.1772296
-0.932629967837991,307.5,32.69738,1.646969
-0.932629967837991,309.375,33.83658,1.2406362
-0.932629967837991,311.25,32.784744,0.89629656
-0.932629967837991,313.125,31.968256,0.56589663
-0.932629967837991,315.0,29.16109,0.37673977
-0.932629967837991,316.875,28.626795,0.36437553
-0.932629967837991,318.75,28.397068,0.36720496
-0.932629967837991,320.625,28.45449,0.37247488
-0.932629967837991,322.5,28.525915,0.38098618
-0.932629967837991,324.375,28.820213,0.38457164
-0.932629967837991,326.25,29.24617,0.38037425
-0.932629967837991,328.125,29.396873,0.40815863
-0.932629967837991,330.0,29.373436,0.44334733
-0.932629967837991,331.875,29.575388,0.4535337
-0.932629967837991,333.75,29.696444,0.45776862
-0.932629967837991,335.625,29.778532,0.46453047
-0.932629967837991,337.5,29.953571,0.46465766
-0.932629967837991,339.375,30.064724,0.46421045
-0.932629967837991,341.25,30.113298,0.4567822
-0.932629967837991,343.125,30.260778,0.43436348
-0.932629967837991,345.0,30.445955,0.42702383
-0.932629967837991,346.875,30.497028,0.41343284
-0.932629967837991,348.75,30.58531,0.3829391
-0.932629967837991,350.625,30.688044,0.36599022
-0.932629967837991,352.5,30.724567,0.35576382
-0.932629967837991,354.375,30.733591,0.3431335
-0.932629967837991,356.25,30.764372,0.33286214
-0.932629967837991,358.125,30.728981,0.3246583
0.932629967837991,0.0,30.739704,0.35534048
0.932629967837991,1.875,30.721931,0.3535782
0.932629967837991,3.75,30.589079,0.3410639
0.932629967837991,5.625,30.56443,0.33724827
0.932629967837991,7.5,30.762184,0.32063448
0.932629967837991,9.375,30.37904,0.28445423
0.932629967837991,11.25,25.26486,0.27398732
0.932629967837991,13.125,25.047575,0.29412666
0.932629967837991,15.0,25.990524,0.29581213
0.932629967837991,16.875,26.313044,0.32818907
0.932629967837991,18.75,26.31863,0.3517688
0.932629967837991,20.625,26.624256,0.3626919
0.932629967837991,22.5,26.336521,0.37304074
0.932629967837991,24.375,26.089333,0.40289488
0.932629967837991,26.25,25.899137,0.38692656
0.932629967837991,28.125,24.435955,0.40826786
0.932629967837991,30.0,23.624178,0.9451717
0.932629967837991,31.875,27.150291,2.4860642
0.932629967837991,33.75,31.571949,3.0229762
0.932629967837991,35.625,26.605192,1.9313287
0.932629967837991,37.5,27.530739,1.5671865
0.932629967837991,39.375,33.260406,1.3170595
0.932629967837991,41.25,35.81769,1.3834045
0.932629967837991,43.125,32.208847,1.624902
0.932629967837991,45.0,29.818161,0.393957
0.932629967837991,46.875,29.88113,0.39836314
0.932629967837991,48.75,29.992283,0.38956574
0.932629967837991,50.625,30.322908,0.35802945
0.932629967837991,52.5,30.697887,0.363447
0.932629967837991,54.375,30.831444,0.3863521
0.932629967837991,56.25,30.886229,0.40462646
0.932629967837991,58.125,30.931463,0.4068153
0.932629967837991,60.0,30.897478,0.41017535
0.932629967837991,61.875,30.869724,0.41731453
0.932629967837991,63.75,30.89654,0.42924833
0.932629967837991,65.625,30.906248,0.42571235
0.932629967837991,67.5,30.939627,0.42414907
0.932629967837991,69.375,30.969471,0.42660615
0.932629967837991,71.25,30.961071,0.42765993
0.932629967837991,73.125,30.945057,0.4307163
0.932629967837991,75.0,30.937166,0.42732146
0.932629967837991,76.875,30.90285,0.4042674
0.932629967837991,78.75,30.860603,0.38048866
0.932629967837991,80.625,30.853182,0.38531542
0.932629967837991,82.5,30.85199,0.40437466
0.932629967837991,84.375,30.80119,0.44545236
0.932629967837991,86.25,30.77609,0.4946908
0.932629967837991,88.125,30.7466,0.52012444
0.932629967837991,90.0,30.681541,0.51640874
0.932629967837991,91.875,30.620369,0.52259916
0.932629967837991,93.75,30.608788,0.5220052
0.932629967837991,95.625,30.658298,0.50843275
0.932629967837991,97.5,30.854666,0.47145456
0.932629967837991,99.375,26.161776,0.23810787
0.932629967837991,101.25,26.054607,0.21988803
0.932629967837991,103.125,26.844587,0.2456112
0.932629967837991,105.0,30.989391,0.51035595
0.932629967837991,106.875,30.345701,0.5295836
0.932629967837991,108.75,30.667908,0.5217062
0.932629967837991,110.625,26.735134,0.27087212
0.932629967837991,112.5,25.543259,0.27346513
0.932629967837991,114.375,24.50951,0.23332676
0.932629967837991,116.25,26.17738,0.29563704
0.932629967837991,118.125,31.976068,0.36772853
0.932629967837991,120.0,31.45662,0.36908722
0.932629967837991,121.875,31.240778,0.38264048
0.932629967837991,123.75,31.160759,0.41973415
0.932629967837991,125.625,31.261911,0.4638812
0.932629967837991,127.5,31.326893,0.4516383
0.932629967837991,129.375,31.353025,0.41402495
0.932629967837991,131.25,31.35197,0.4080799
0.932629967837991,133.125,31.363161,0.44512665
0.932629967837991,135.0,31.426424,0.50238186
0.932629967837991,136.875,31.5132,0.5357237
0.932629967837991,138.75,31.543259,0.5412864
0.932629967837991,140.625,31.535017,0.56503475
0.932629967837991,142.5,31.517986,0.59047365
0.932629967837991,144.375,31.47033,0.64106816
0.932629967837991,146.25,31.423904,0.700543
0.932629967837991,148.125,31.362576,0.7656976
0.932629967837991,150.0,31.27902,0.8417932
0.932629967837991,151.875,31.178045,0.9102384
0.932629967837991,153.75,31.041033,0.96326816
0.932629967837991,155.625,30.853357,1.0184822
0.932629967837991,157.5,30.690506,1.0707834
0.932629967837991,159.375,30.515955,1.1199007
0.932629967837991,161.25,30.335682,1.1495905
0.932629967837991,163.125,30.15365,1.1618625
0.932629967837991,165.0,29.969568,1.1698563
0.932629967837991,166.875,29.79195,1.1967813
0.932629967837991,168.75,29.606775,1.2313529
0.932629967837991,170.625,29.422419,1.2450708
0.932629967837991,172.5,29.236305,1.2532511
0.932629967837991,174.375,29.072498,1.2653122
0.932629967837991,176.25,28.943064,1.2637566
0.932629967837991,178.125,28.81033,1.2411263
0.932629967837991,180.0,28.669256,1.2141867
0.932629967837991,181.875,28.494236,1.1976191
0.932629967837991,183.75,28.298962,1.1780995
0.932629967837991,185.625,28.163551,1.1523875
0.932629967837991,187.5,28.057362,1.1155972
0.932629967837991,189.375,27.937517,1.0885036
0.932629967837991,191.25,27.80699,1.0786463
0.932629967837991,193.125,27.65611,1.0806879
0.932629967837991,195.0,27.47652,1.0718786
0.932629967837991,196.875,27.399529,1.0487852
0.932629967837991,198.75,27.36152,1.0301379
0.932629967837991,200.625,27.288044,1.0245922
0.932629967837991,202.5,27.160622,1.0286802
0.932629967837991,204.375,27.002048,1.0309668
0.932629967837991,206.25,26.965427,1.010709
0.932629967837991,208.125,26.962635,0.98440325
0.932629967837991,210.0,26.89236,0.9592024
0.932629967837991,211.875,26.80281,0.9370547
0.932629967837991,213.75,26.695993,0.9302431
0.932629967837991,215.625,26.725368,0.89955425
0.932629967837991,217.5,26.744099,0.8650835
0.932629967837991,219.375,26.737087,0.83598137
0.932629967837991,221.25,26.68527,0.8267177
0.932629967837991,223.125,26.63617,0.80907613
0.932629967837991,225.0,26.744549,0.78886545
0.932629967837991,226.875,26.783903,0.7853955
0.932629967837991,228.75,26.714802,0.77119064
0.932629967837991,230.625,26.663338,0.7689772
0.932629967837991,232.5,26.742088,0.7735143
0.932629967837991,234.375,26.763552,0.7855833
0.932629967837991,236.25,26.701014,0.7896785
0.932629967837991,238.125,26.687088,0.78441596
0.932629967837991,240.0,26.677673,0.79315305
0.932629967837991,241.875,26.794022,0.79434675
0.932629967837991,243.75,26.781033,0.79361457
0.932629967837991,245.625,26.780525,0.7617996
0.932629967837991,247.5,26.825506,0.74053645
0.932629967837991,249.375,26.916092,0.72200775
0.932629967837991,251.25,26.959978,0.70093256
0.932629967837991,253.125,26.990389,0.6814397
0.932629967837991,255.0,27.047478,0.660215
0.932629967837991,256.875,27.036716,0.6360297
0.932629967837991,258.75,27.204275,0.61752415
0.932629967837991,260.625,27.406794,0.60763377
0.932629967837991,262.5,27.414236,0.5968334
0.932629967837991,264.375,27.548279,0.6013935
0.932629967837991,266.25,27.754978,0.6152794
0.932629967837991,268.125,27.7199,0.6007912
0.932629967837991,270.0,27.717653,0.59393686
0.932629967837991,271.875,28.00777,0.61345816
0.932629967837991,273.75,28.050837,0.5939052
0.932629967837991,275.625,27.824158,0.54345584
0.932629967837991,277.5,28.355173,0.53852874
0.932629967837991,279.375,29.032204,0.48448592
0.932629967837991,281.25,22.552868,0.287176
0.932629967837991,283.125,22.634588,0.43071878
0.932629967837991,285.0,26.116034,1.0506784
0.932629967837991,286.875,27.712225,1.1203611
0.932629967837991,288.75,27.477087,0.42464453
0.932629967837991,290.625,27.32199,0.3107652
0.932629967837991,292.5,27.280838,0.29853496
0.932629967837991,294.375,27.91365,0.7720076
0.932629967837991,296.25,29.531815,1.9211011
0.932629967837991,298.125,29.543083,2.4155118
0.932629967837991,300.0,29.153572,2.4487035
0.932629967837991,301.875,30.882654,2.7006583
0.932629967837991,303.75,32.154625,2.4463637
0.932629967837991,305.625,31.771894,1.59733
0.932629967837991,307.5,31.389177,1.0442197
0.932629967837991,309.375,31.836931,0.6423799
0.932629967837991,311.25,28.833786,0.32563588
0.932629967837991,313.125,28.771248,0.36155975
0.932629967837991,315.0,28.41111,0.35684627
0.932629967837991,316.875,28.293806,0.3671867
0.932629967837991,318.75,28.405329,0.37490013
0.932629967837991,320.625,28.620857,0.37876585
0.932629967837991,322.5,28.96031,0.3840353
0.932629967837991,324.375,29.514471,0.35603684
0.932629967837991,326.25,30.049217,0.3375342
0.932629967837991,328.125,30.15617,0.36173353
0.932629967837991,330.0,30.144627,0.39027804
0.932629967837991,331.875,30.3674,0.38489988
0.932629967837991,333.75,30.46693,0.3837418
0.932629967837991,335.625,30.519138,0.38392434
0.932629967837991,337.5,30.641111,0.38958356
0.932629967837991,339.375,30.672518,0.40124992
0.932629967837991,341.25,30.688278,0.39307696
0.932629967837991,343.125,30.802204,0.38160098
0.932629967837991,345.0,30.887459,0.38006344
0.932629967837991,346.875,30.884743,0.37077287
0.932629967837991,348.75,30.932829,0.3524479
0.932629967837991,350.625,30.970661,0.34348425
0.932629967837991,352.5,30.917536,0.3424507
0.932629967837991,354.375,30.901209,0.35049868
0.932629967837991,356.25,30.88031,0.34808797
0.932629967837991,358.125,30.791384,0.3461707
2.797889876956741,0.0,30.51031,0.45609877
2.797889876956741,1.875,30.638767,0.45066285
2.797889876956741,3.75,30.686403,0.41253212
2.797889876956741,5.625,30.812107,0.38334218
2.797889876956741,7.5,30.87111,0.36267114
2.797889876956741,9.375,30.242361,0.32060468
2.797889876956741,11.25,25.3924,0.28187922
2.797889876956741,13.125,25.4557,0.2952437
2.797889876956741,15.0,26.189802,0.2975177
2.797889876956741,16.875,26.36867,0.32870173
2.797889876956741,18.75,26.3308,0.363561
2.797889876956741,20.625,26.824099,0.43831977
2.797889876956741,22.5,26.740602,0.43329868
2.797889876956741,24.375,26.407907,0.4361779
2.797889876956741,26.25,26.251032,0.44825158
2.797889876956741,28.125,24.829998,0.38420433
2.797889876956741,30.0,23.600876,0.59730345
2.797889876956741,31.875,25.333904,1.2130907
2.797889876956741,33.75,29.850409,2.504792
2.797889876956741,35.625,31.622967,1.9339355
2.797889876956741,37.5,31.559021,1.5490072
2.797889876956741,39.375,32.080566,1.4971033
2.797889876956741,41.25,32.225662,1.6323225
2.797889876956741,43.125,32.683514,2.1334455
2.797889876956741,45.0,33.422245,1.6572765
2.797889876956741,46.875,29.873318,0.37165055
2.797889876956741,48.75,29.99656,0.37560433
2.797889876956741,50.625,30.357655,0.3919208
2.797889876956741,52.5,30.604118,0.41762275
2.797889876956741,54.375,30.531872,0.45176914
2.797889876956741,56.25,30.60902,0.48410645
2.797889876956741,58.125,30.71908,0.4736266
2.797889876956741,60.0,30.700193,0.4464497
2.797889876956741,61.875,30.674685,0.4396067
2.797889876956741,63.75,30.708454,0.457912
2.797889876956741,65.625,30.663532,0.4745729
2.797889876956741,67.5,30.609724,0.4969389
2.797889876956741,69.375,30.619295,0.5228177
2.797889876956741,71.25,30.593298,0.53676045
2.797889876956741,73.125,30.554665,0.5385574
2.797889876956741,75.0,30.53867,0.54399675
2.797889876956741,76.875,30.52902,0.55862224
2.797889876956741,78.75,30.477028,0.59180176
2.797889876956741,80.625,30.470896,0.6144796
2.797889876956741,82.5,30.475212,0.6439968
2.797889876956741,84.375,30.445545,0.6711976
2.797889876956741,86.25,30.443787,0.68328863
2.797889876956741,88.125,30.453123,0.66712564
2.797889876956741,90.0,30.443592,0.6183296
2.797889876956741,91.875,30.486696,0.58635044
2.797889876956741,93.75,30.51818,0.5234249
2.797889876956741,95.625,30.496834,0.42561787
2.797889876956741,97.5,26.11742,0.320448
2.797889876956741,99.375,25.599802,0.2676409
2.797889876956741,101.25,25.935936,0.26189536
2.797889876956741,103.125,27.066853,0.30201054
2.797889876956741,105.0,30.35867,0.55073994
2.797889876956741,106.875,30.13617,0.5341188
2.797889876956741,108.75,30.396286,0.5215505
2.797889876956741,110.625,31.267927,0.51499146
2.797889876956741,112.5,26.818298,0.26704037
2.797889876956741,114.375,24.832771,0.2555298
2.797889876956741,116.25,24.895212,0.2460294
2.797889876956741,118.125,31.875212,0.2622454
2.797889876956741,120.0,31.281227,0.4553801
2.797889876956741,121.875,30.920778,0.5083246
2.797889876956741,123.75,30.808865,0.52906996
2.797889876956741,125.625,30.93902,0.53829396
2.797889876956741,127.5,31.11365,0.5033062
2.797889876956741,129.375,31.275877,0.48535198
2.797889876956741,131.25,31.35574,0.48849598
2.797889876956741,133.125,31.389587,0.51066405
2.797889876956741,135.0,31.451227,0.543188
2.797889876956741,136.875,31.516932,0.55151904
2.797889876956741,138.75,31.525076,0.5566548
2.797889876956741,140.625,31.524704,0.58924526
2.797889876956741,142.5,31.566345,0.62814313
2.797889876956741,144.375,31.593884,0.6662731
2.797889876956741,146.25,31.586384,0.7010482
2.797889876956741,148.125,31.523865,0.7353507
2.797889876956741,150.0,31.432146,0.779418
2.797889876956741,151.875,31.345837,0.820795
2.797889876956741,153.75,31.252243,0.8629843
2.797889876956741,155.625,31.13318,0.9004486
2.797889876956741,157.5,31.026756,0.9517117
2.797889876956741,159.375,30.91699,0.9823485
2.797889876956741,161.25,30.765232,1.0048925
2.797889876956741,163.125,30.60984,1.0277078
2.797889876956741,165.0,30.465935,1.0466199
2.797889876956741,166.875,30.324743,1.0725498
2.797889876956741,168.75,30.183983,1.0975679
2.797889876956741,170.625,30.029802,1.1292107
2.797889876956741,172.5,29.851364,1.1516852
2.797889876956741,174.375,29.764372,1.1401796
2.797889876956741,176.25,29.671814,1.1321979
2.797889876956741,178.125,29.581873,1.1201776
2.797889876956741,180.0,29.491873,1.1081996
2.797889876956741,181.875,29.373865,1.1043216
2.797889876956741,183.75,29.208376,1.0978074
2.797889876956741,185.625,29.092478,1.0543213
2.797889876956741,187.5,28.983845,1.0248721
2.797889876956741,189.375,28.907341,1.0062025
2.797889876956741,191.25,28.83537,0.9959617
2.797889876956741,193.125,28.740192,0.9922101
2.797889876956741,195.0,28.688904,0.97475207
2.797889876956741,196.875,28.640896,0.94876724
2.797889876956741,198.75,28.567926,0.9407502
2.797889876956741,200.625,28.51156,0.94417435
2.797889876956741,202.5,28.461462,0.9524082
2.797889876956741,204.375,28.431307,0.92957467
2.797889876956741,206.25,28.39115,0.89811236
2.797889876956741,208.125,28.349,0.8822811
2.797889876956741,210.0,28.335094,0.8613936
2.797889876956741,211.875,28.302166,0.8115494
2.797889876956741,213.75,28.413416,0.7438594
2.797889876956741,215.625,28.446638,0.7070817
2.797889876956741,217.5,28.456444,0.6749156
2.797889876956741,219.375,28.495075,0.6500566
2.797889876956741,221.25,28.55863,0.6248748
2.797889876956741,223.125,28.663708,0.5739418
2.797889876956741,225.0,28.637829,0.55660295
2.797889876956741,226.875,28.641268,0.53475326
2.797889876956741,228.75,28.700018,0.52071667
2.797889876956741,230.625,28.790682,0.5201189
2.797889876956741,232.5,28.748533,0.512744
2.797889876956741,234.375,28.651209,0.4997472
2.797889876956741,236.25,28.651522,0.47892594
2.797889876956741,238.125,28.69486,0.4842177
2.797889876956741,240.0,28.722614,0.4727809
2.797889876956741,241.875,28.639118,0.48602882
2.797889876956741,243.75,28.586267,0.48582792
2.797889876956741,245.625,28.493826,0.4675834
2.797889876956741,247.5,28.56283,0.4695007
2.797889876956741,249.375,28.621483,0.4929541
2.797889876956741,251.25,28.534548,0.5167199
2.797889876956741,253.125,28.44158,0.5215997
2.797889876956741,255.0,28.465096,0.5333609
2.797889876956741,256.875,28.52736,0.55644983
2.797889876956741,258.75,28.553612,0.5670695
2.797889876956741,260.625,28.583084,0.5863553
2.797889876956741,262.5,28.419607,0.60026616
2.797889876956741,264.375,28.393356,0.60569495
2.797889876956741,266.25,28.725252,0.6390479
2.797889876956741,268.125,28.939508,0.6762629
2.797889876956741,270.0,28.840525,0.6867799
2.797889876956741,271.875,28.921188,0.6911649
2.797889876956741,273.75,29.061462,0.65794164
2.797889876956741,275.625,28.884178,0.6104822
2.797889876956741,277.5,28.976912,0.57846665
2.797889876956741,279.375,29.377928,0.5227248
2.797889876956741,281.25,28.70154,0.40336776
2.797889876956741,283.125,22.56156,0.37557644
2.797889876956741,285.0,22.808064,0.5096143
2.797889876956741,286.875,25.478455,0.9229074
2.797889876956741,288.75,27.980799,1.1290934
2.797889876956741,290.625,27.974432,0.42330062
2.797889876956741,292.5,26.30699,0.3908137
2.797889876956741,294.375,25.497498,0.7357475
2.797889876956741,296.25,27.558786,2.052452
2.797889876956741,298.125,29.620544,2.3318355
2.797889876956741,300.0,30.94572,2.1787364
2.797889876956741,301.875,32.496246,2.0134673
2.797889876956741,303.75,32.382225,1.6261541
2.797889876956741,305.625,31.54445,1.2264094
2.797889876956741,307.5,31.34203,0.76950264
2.797889876956741,309.375,29.173532,0.32472703
2.797889876956741,311.25,28.571209,0.33167702
2.797889876956741,313.125,28.447634,0.3421502
2.797889876956741,315.0,28.538122,0.35349983
2.797889876956741,316.875,28.766932,0.36164656
2.797889876956741,318.75,29.066618,0.36305353
2.797889876956741,320.625,29.278982,0.3548384
2.797889876956741,322.5,29.477556,0.34529987
2.797889876956741,324.375,29.818045,0.335421
2.797889876956741,326.25,30.256756,0.33149374
2.797889876956741,328.125,30.430115,0.3303891
2.797889876956741,330.0,30.56402,0.33690745
2.797889876956741,331.875,30.851463,0.33716726
2.797889876956741,333.75,30.949549,0.34600613
2.797889876956741,335.625,30.982399,0.34273213
2.797889876956741,337.5,31.070955,0.3524319
2.797889876956741,339.375,31.068493,0.36900815
2.797889876956741,341.25,31.143084,0.37414625
2.797889876956741,343.125,31.260954,0.37752375
2.797889876956741,345.0,31.257692,0.37974522
2.797889876956741,346.875,31.267166,0.39026353
2.797889876956741,348.75,31.294998,0.4040692
2.797889876956741,350.625,31.03328,0.41551572
2.797889876956741,352.5,30.766657,0.4597306
2.797889876956741,354.375,30.705994,0.48036242
2.797889876956741,356.25,30.65279,0.47109047
2.797889876956741,358.125,30.501404,0.4517852
4.663149706177884,0.0,31.01861,0.42950913
4.663149706177884,1.875,31.072966,0.40522072
4.663149706177884,3.75,30.743904,0.40515155
4.663149706177884,5.625,30.556952,0.4046661
4.663149706177884,7.5,27.211208,0.37214705
4.663149706177884,9.375,25.914352,0.28229123
4.663149706177884,11.25,24.665993,0.2849907
4.663149706177884,13.125,24.254705,0.3247599
4.663149706177884,15.0,25.201736,0.3803975
4.663149706177884,16.875,26.30318,0.40852305
4.663149706177884,18.75,26.878063,0.47903287
4.663149706177884,20.625,26.950935,0.5424208
4.663149706177884,22.5,26.622614,0.49147844
4.663149706177884,24.375,26.508553,0.5649671
4.663149706177884,26.25,26.955505,0.7639927
4.663149706177884,28.125,26.501814,0.65332335
4.663149706177884,30.0,26.65865,0.755528
4.663149706177884,31.875,29.654821,1.6852529
4.663149706177884,33.75,35.120075,2.191858
4.663149706177884,35.625,32.727615,1.8262354
4.663149706177884,37.5,29.332869,1.5385307
4.663149706177884,39.375,28.073494,1.3645532
4.663149706177884,41.25,29.502127,1.6794796
4.663149706177884,43.125,32.458298,1.7373092
4.663149706177884,45.0,33.987244,1.6702288
4.663149706177884,46.875,33.75363,0.9956823
4.663149706177884,48.75,29.856247,0.38162088
4.663149706177884,50.625,29.859255,0.40694377
4.663149706177884,52.5,29.867224,0.41518393
4.663149706177884,54.375,30.02367,0.43801415
4.663149706177884,56.25,30.3216,0.47814202
4.663149706177884,58.125,30.54074,0.45922008
4.663149706177884,60.0,30.599041,0.42431203
4.663149706177884,61.875,30.575506,0.43360415
4.663149706177884,63.75,30.525427,0.4706733
4.663149706177884,65.625,30.432106,0.4745731
4.663149706177884,67.5,30.331873,0.48267666
4.663149706177884,69.375,30.33152,0.5090319
4.663149706177884,71.25,30.33982,0.52217495
4.663149706177884,73.125,30.295506,0.53438914
4.663149706177884,75.0,30.255564,0.56026584
4.663149706177884,76.875,30.141735,0.6403508
4.663149706177884,78.75,29.996794,0.6637305
4.663149706177884,80.625,29.882204,0.6985572
4.663149706177884,82.5,29.93527,0.61510116
4.663149706177884,84.375,29.988104,0.6234017
4.663149706177884,86.25,30.086815,0.65028524
4.663149706177884,88.125,30.165173,0.62113607
4.663149706177884,90.0,30.23074,0.56151813
4.663149706177884,91.875,30.3716,0.5220965
4.663149706177884,93.75,30.437107,0.45679137
4.663149706177884,95.625,30.422283,0.37613273
4.663149706177884,97.5,26.50068,0.5964206
4.663149706177884,99.375,31.42818,0.40590483
4.663149706177884,101.25,26.318571,0.39225194
4.663149706177884,103.125,30.148727,0.489354
4.663149706177884,105.0,30.028278,0.5123776
4.663149706177884,106.875,29.752459,0.5200266
4.663149706177884,108.75,29.869919,0.52589905
4.663149706177884,110.625,30.741404,0.58278054
4.663149706177884,112.5,31.32988,0.45637873
4.663149706177884,114.375,26.25695,0.3393876
4.663149706177884,116.25,25.26402,0.3034418
4.663149706177884,118.125,26.55611,0.308622
4.663149706177884,120.0,30.94783,0.5729857
4.663149706177884,121.875,30.751541,0.60063785
4.663149706177884,123.75,30.680193,0.5951153
4.663149706177884,125.625,30.797752,0.5882984
4.663149706177884,127.5,30.990076,0.5573517
4.663149706177884,129.375,31.202438,0.5596425
4.663149706177884,131.25,31.34199,0.5691353
4.663149706177884,133.125,31.401344,0.5797654
4.663149706177884,135.0,31.440134,0.5893286
4.663149706177884,136.875,31.460194,0.58565265
4.663149706177884,138.75,31.48443,0.5816113
4.663149706177884,140.625,31.545311,0.58432025
4.663149706177884,142.5,31.612635,0.58952194
4.663149706177884,144.375,31.667635,0.60056734
4.663149706177884,146.25,31.714977,0.6088032
4.663149706177884,148.125,31.688688,0.6059386
4.663149706177884,150.0,31.641834,0.6176268
4.663149706177884,151.875,31.656443,0.64633197
4.663149706177884,153.75,31.691189,0.66739506
4.663149706177884,155.625,31.680252,0.67305297
4.663149706177884,157.5,31.662634,0.6600243
4.663149706177884,159.375,31.622517,0.66854733
4.663149706177884,161.25,31.515526,0.69849944
4.663149706177884,163.125,31.405994,0.7138282
4.663149706177884,165.0,31.311071,0.7154482
4.663149706177884,166.875,31.217478,0.7256662
4.663149706177884,168.75,31.135466,0.741255
4.663149706177884,170.625,31.079294,0.75957865
4.663149706177884,172.5,31.003298,0.7684151
4.663149706177884,174.375,30.901403,0.7994017
4.663149706177884,176.25,30.80359,0.8186276
4.663149706177884,178.125,30.704782,0.8201496
4.663149706177884,180.0,30.617126,0.81717384
4.663149706177884,181.875,30.55404,0.81051314
4.663149706177884,183.75,30.53486,0.7912638
4.663149706177884,185.625,30.42617,0.7870971
4.663149706177884,187.5,30.282692,0.7752893
4.663149706177884,189.375,30.187693,0.75319105
4.663149706177884,191.25,30.131287,0.7423562
4.663149706177884,193.125,30.088356,0.72873247
4.663149706177884,195.0,30.045856,0.70867306
4.663149706177884,196.875,29.943317,0.706877
4.663149706177884,198.75,29.85738,0.7032568
4.663149706177884,200.625,29.752653,0.69827175
4.663149706177884,202.5,29.74406,0.6787794
4.663149706177884,204.375,29.779549,0.6734614
4.663149706177884,206.25,29.682575,0.6861626
4.663149706177884,208.125,29.549587,0.67746145
4.663149706177884,210.0,29.471502,0.65529275
4.663149706177884,211.875,29.533865,0.61357236
4.663149706177884,213.75,29.567184,0.5824744
4.663149706177884,215.625,29.506403,0.57646346
4.663149706177884,217.5,29.428534,0.5518636
4.663149706177884,219.375,29.401854,0.50925654
4.663149706177884,221.25,29.484743,0.48312986
4.663149706177884,223.125,29.47068,0.49619383
4.663149706177884,225.0,29.385134,0.51406604
4.663149706177884,226.875,29.295565,0.48902053
4.663149706177884,228.75,29.327106,0.45631516
4.663149706177884,230.625,29.379372,0.46164697
4.663149706177884,232.5,29.38195,0.4862992
4.663149706177884,234.375,29.285368,0.49562275
4.663149706177884,236.25,29.279762,0.47804362
4.663149706177884,238.125,29.358532,0.46589783
4.663149706177884,240.0,29.323494,0.45645273
4.663149706177884,241.875,29.242596,0.47438854
4.663149706177884,243.75,29.221638,0.49503264
4.663149706177884,245.625,29.259295,0.4975876
4.663149706177884,247.5,29.213844,0.48378247
4.663149706177884,249.375,29.242966,0.4900754
4.663149706177884,251.25,29.262087,0.5128763
4.663149706177884,253.125,29.296228,0.53154
4.663149706177884,255.0,29.312536,0.5379049
4.663149706177884,256.875,29.23285,0.53179646
4.663149706177884,258.75,29.168768,0.5408429
4.663149706177884,260.625,29.25486,0.56072646
4.663149706177884,262.5,29.353827,0.57019496
4.663149706177884,264.375,29.382927,0.5763949
4.663149706177884,266.25,29.489607,0.59658694
4.663149706177884,268.125,29.568161,0.6256498
4.663149706177884,270.0,29.416502,0.63649845
4.663149706177884,271.875,29.383024,0.63854015
4.663149706177884,273.75,29.402674,0.5902934
4.663149706177884,275.625,29.049803,0.5035651
4.663149706177884,277.5,28.912615,0.52097106
4.663149706177884,279.375,29.350193,0.56425804
4.663149706177884,281.25,29.450682,0.4836254
4.663149706177884,283.125,28.491072,0.47736734
4.663149706177884,285.0,20.520096,0.4094028
4.663149706177884,286.875,22.644743,0.61899656
4.663149706177884,288.75,27.968864,1.48518
4.663149706177884,290.625,28.522127,0.98578703
4.663149706177884,292.5,25.676462,0.89746433
4.663149706177884,294.375,23.958885,1.5229733
4.663149706177884,296.25,25.670837,1.8795238
4.663149706177884,298.125,28.653044,1.565318
4.663149706177884,300.0,30.7865,0.91394746
4.663149706177884,301.875,30.844002,0.8062596
4.663149706177884,303.75,30.55453,0.9849132
4.663149706177884,305.625,31.18994,0.8486679
4.663149706177884,307.5,32.179333,0.632533
4.663149706177884,309.375,28.874939,0.31702343
4.663149706177884,311.25,28.534256,0.3248948
4.663149706177884,313.125,28.665857,0.3248467
4.663149706177884,315.0,28.935837,0.3277559
4.663149706177884,316.875,29.117205,0.3298721
4.663149706177884,318.75,29.296288,0.3283644
4.663149706177884,320.625,29.453768,0.32769108
4.663149706177884,322.5,29.55816,0.32949653
4.663149706177884,324.375,29.8366,0.3327588
4.663149706177884,326.25,30.186756,0.3333417
4.663149706177884,328.125,30.358747,0.3303805
4.663149706177884,330.0,30.598982,0.31552696
4.663149706177884,331.875,30.847654,0.30778125
4.663149706177884,333.75,30.911463,0.3157031
4.663149706177884,335.625,30.962751,0.31625986
4.663149706177884,337.5,31.052322,0.33791858
4.663149706177884,339.375,31.081266,0.36427426
4.663149706177884,341.25,31.21119,0.38470444
4.663149706177884,343.125,31.320759,0.40905553
4.663149706177884,345.0,31.293358,0.41764823
4.663149706177884,346.875,31.393963,0.43326595
4.663149706177884,348.75,31.180565,0.48375472
4.663149706177884,350.625,30.659157,0.5353449
4.663149706177884,352.5,30.327538,0.5505684
4.663149706177884,354.375,30.046131,0.49486548
4.663149706177884,356.25,30.405485,0.5056289
4.663149706177884,358.125,30.605192,0.46622375
6.5284094014799905,0.0,27.685408,0.41814318
6.5284094014799905,1.875,28.10328,0.47682026
6.5284094014799905,3.75,31.287928,0.39289874
6.5284094014799905,5.625,29.542282,0.71686447
6.5284094014799905,7.5,28.704763,0.6259659
6.5284094014799905,9.375,26.55908,0.44553834
6.5284094014799905,11.25,24.866404,0.43578488
6.5284094014799905,13.125,23.947655,0.5064536
6.5284094014799905,15.0,24.505213,0.5290706
6.5284094014799905,16.875,26.500622,0.5121599
6.5284094014799905,18.75,27.809216,0.6056257
6.5284094014799905,20.625,27.20205,0.62900805
6.5284094014799905,22.5,26.488142,0.60643244
6.5284094014799905,24.375,26.874392,0.8616095
6.5284094014799905,26.25,30.091091,1.3643562
6.5284094014799905,28.125,31.814394,1.3959122
6.5284094014799905,30.0,33.249332,1.452738
6.5284094014799905,31.875,37.468143,1.4223793
6.5284094014799905,33.75,35.092655,1.5536716
6.5284094014799905,35.625,26.350838,1.4318069
6.5284094014799905,37.5,23.31656,1.215088
6.5284094014799905,39.375,24.002752,1.0502429
6.5284094014799905,41.25,28.284431,1.3370981
6.5284094014799905,43.125,31.027946,1.2607018
6.5284094014799905,45.0,31.272694,1.3457315
6.5284094014799905,46.875,32.46189,1.1057994
6.5284094014799905,48.75,31.474373,0.8367926
6.5284094014799905,50.625,29.53158,0.39810562
6.5284094014799905,52.5,29.462204,0.3788446
6.5284094014799905,54.375,29.860056,0.39069837
6.5284094014799905,56.25,30.147575,0.47366914
6.5284094014799905,58.125,30.376013,0.48948798
6.5284094014799905,60.0,30.416775,0.43792206
6.5284094014799905,61.875,30.30656,0.44210202
6.5284094014799905,63.75,30.234821,0.45726594
6.5284094014799905,65.625,30.284569,0.4545721
6.5284094014799905,67.5,30.283709,0.45636475
6.5284094014799905,69.375,30.293512,0.47917676
6.5284094014799905,71.25,30.318104,0.4865638
6.5284094014799905,73.125,30.238064,0.4898639
6.5284094014799905,75.0,30.035095,0.5455083
6.5284094014799905,76.875,29.813122,0.5640207
6.5284094014799905,78.75,29.854118,0.4285301
6.5284094014799905,80.625,29.729607,0.51706856
6.5284094014799905,82.5,29.936638,0.42189813
6.5284094014799905,84.375,29.820192,0.46034124
6.5284094014799905,86.25,29.885544,0.49704447
6.5284094014799905,88.125,29.998358,0.486589
6.5284094014799905,90.0,30.092575,0.46422702
6.5284094014799905,91.875,30.245682,0.44326693
6.5284094014799905,93.75,30.30197,0.40418214
6.5284094014799905,95.625,30.355623,0.37394437
6.5284094014799905,97.5,30.895641,0.3434199
6.5284094014799905,99.375,27.292341,0.9930426
6.5284094014799905,101.25,27.394705,0.72111666
6.5284094014799905,103.125,29.912752,0.4746119
6.5284094014799905,105.0,29.775505,0.49187365
6.5284094014799905,106.875,29.521032,0.5049103
6.5284094014799905,108.75,29.320251,0.49322298
6.5284094014799905,110.625,29.588512,0.49445316
6.5284094014799905,112.5,30.400213,0.49151525
6.5284094014799905,114.375,31.040075,0.4512808
6.5284094014799905,116.25,27.28826,0.45271847
6.5284094014799905,118.125,30.990427,0.51663536
6.5284094014799905,120.0,30.724705,0.61128753
6.5284094014799905,121.875,30.529821,0.6230009
6.5284094014799905,123.75,30.49572,0.58261555
6.5284094014799905,125.625,30.606169,0.57775056
6.5284094014799905,127.5,30.780954,0.5689047
6.5284094014799905,129.375,30.952478,0.57433206
6.5284094014799905,131.25,31.083826,0.58548826
6.5284094014799905,133.125,31.201561,0.6052168
6.5284094014799905,135.0,31.294197,0.6135245
6.5284094014799905,136.875,31.342186,0.6137757
6.5284094014799905,138.75,31.398005,0.6012623
6.5284094014799905,140.625,31.49201,0.58709544
6.5284094014799905,142.5,31.55115,0.5786176
6.5284094014799905,144.375,31.562107,0.5685469
6.5284094014799905,146.25,31.62529,0.5574457
6.5284094014799905,148.125,31.658083,0.54479855
6.5284094014799905,150.0,31.656364,0.5511716
6.5284094014799905,151.875,31.705095,0.5639386
6.5284094014799905,153.75,31.78863,0.5640978
6.5284094014799905,155.625,31.782146,0.553669
6.5284094014799905,157.5,31.732283,0.54438776
6.5284094014799905,159.375,31.723845,0.5267769
6.5284094014799905,161.25,31.687342,0.5107857
6.5284094014799905,163.125,31.641424,0.49184552
6.5284094014799905,165.0,31.610641,0.4693359
6.5284094014799905,166.875,31.56695,0.46119583
6.5284094014799905,168.75,31.507439,0.46193978
6.5284094014799905,170.625,31.444569,0.4541788
6.5284094014799905,172.5,31.372068,0.47070557
6.5284094014799905,174.375,31.271385,0.5070285
6.5284094014799905,176.25,31.200817,0.5425495
6.5284094014799905,178.125,31.154997,0.5540915
6.5284094014799905,180.0,31.104275,0.5526043
6.5284094014799905,181.875,31.041775,0.5430812
6.5284094014799905,183.75,30.951502,0.5447587
6.5284094014799905,185.625,30.866053,0.55239147
6.5284094014799905,187.5,30.802908,0.5502595
6.5284094014799905,189.375,30.73529,0.54510224
6.5284094014799905,191.25,30.678337,0.546446
6.5284094014799905,193.125,30.624842,0.5468749
6.5284094014799905,195.0,30.517654,0.5489223
6.5284094014799905,196.875,30.448513,0.5267901
6.5284094014799905,198.75,30.426716,0.51418716
6.5284094014799905,200.625,30.376854,0.52983844
6.5284094014799905,202.5,30.25156,0.5274218
6.5284094014799905,204.375,30.215876,0.5039654
6.5284094014799905,206.25,30.227068,0.48908448
6.5284094014799905,208.125,30.200272,0.48472595
6.5284094014799905,210.0,30.142439,0.49278408
6.5284094014799905,211.875,30.113943,0.4893575
6.5284094014799905,213.75,30.06031,0.4803229
6.5284094014799905,215.625,30.008377,0.46798816
6.5284094014799905,217.5,30.006618,0.46084607
6.5284094014799905,219.375,30.012712,0.47231352
6.5284094014799905,221.25,29.96037,0.46767813
6.5284094014799905,223.125,29.92322,0.46099424
6.5284094014799905,225.0,29.940018,0.46376026
6.5284094014799905,226.875,29.99695,0.46083477
6.5284094014799905,228.75,29.907146,0.45858064
6.5284094014799905,230.625,29.820135,0.44676408
6.5284094014799905,232.5,29.870838,0.44355687
6.5284094014799905,234.375,29.892458,0.44575718
6.5284094014799905,236.25,29.813278,0.44125473
6.5284094014799905,238.125,29.783201,0.41513187
6.5284094014799905,240.0,29.825075,0.39834496
6.5284094014799905,241.875,29.810192,0.3952376
6.5284094014799905,243.75,29.764177,0.39317033
6.5284094014799905,245.625,29.691893,0.399707
6.5284094014799905,247.5,29.68572,0.4133384
6.5284094014799905,249.375,29.72451,0.42175266
6.5284094014799905,251.25,29.71738,0.4203262
6.5284094014799905,253.125,29.647224,0.43233132
6.5284094014799905,255.0,29.650446,0.4535203
6.5284094014799905,256.875,29.642342,0.46846882
6.5284094014799905,258.75,29.662283,0.4723266
6.5284094014799905,260.625,29.774939,0.47739246
6.5284094014799905,262.5,29.79447,0.49952912
6.5284094014799905,264.375,29.711521,0.5324501
6.5284094014799905,266.25,29.645897,0.5787086
6.5284094014799905,268.125,29.522635,0.6036856
6.5284094014799905,270.0,29.295233,0.6130205
6.5284094014799905,271.875,29.360973,0.65001494
6.5284094014799905,273.75,29.400114,0.62149036
6.5284094014799905,275.625,29.057127,0.57586074
6.5284094014799905,277.5,29.10568,0.60670567
6.5284094014799905,279.375,29.789705,0.6054843
6.5284094014799905,281.25,30.519548,0.56641585
6.5284094014799905,283.125,25.079723,0.3902662
6.5284094014799905,285.0,21.765448,0.40732187
6.5284094014799905,286.875,22.176716,0.5686502
6.5284094014799905,288.75,27.860682,1.4664586
6.5284094014799905,290.625,30.725271,2.4274971
6.5284094014799905,292.5,28.435251,2.1972766
6.5284094014799905,294.375,26.936443,1.9312642
6.5284094014799905,296.25,28.190506,1.4776021
6.5284094014799905,298.125,29.645369,0.86249685
6.5284094014799905,300.0,30.068787,0.7496479
6.5284094014799905,301.875,32.76371,1.0143164
6.5284094014799905,303.75,27.941404,0.39702037
6.5284094014799905,305.625,27.933708,0.35815316
6.5284094014799905,307.5,28.81195,0.32908785
6.5284094014799905,309.375,28.55404,0.31701574
6.5284094014799905,311.25,28.684002,0.31555042
6.5284094014799905,313.125,29.000584,0.32217443
6.5284094014799905,315.0,29.055387,0.33266255
6.5284094014799905,316.875,29.100271,0.3308285
6.5284094014799905,318.75,29.23324,0.3260311
6.5284094014799905,320.625,29.360525,0.33699304
6.5284094014799905,322.5,29.53158,0.35000956
6.5284094014799905,324.375,29.807673,0.3516794
6.5284094014799905,326.25,29.988884,0.34512097
6.5284094014799905,328.125,30.114412,0.33622867
6.5284094014799905,330.0,30.403864,0.31042796
6.5284094014799905,331.875,30.617243,0.30554107
6.5284094014799905,333.75,30.679665,0.31397417
6.5284094014799905,335.625,30.8174,0.31755823
6.5284094014799905,337.5,30.978981,0.3405767
6.5284094014799905,339.375,31.090603,0.35970286
6.5284094014799905,341.25,31.248436,0.3798314
6.5284094014799905,343.125,31.41162,0.40883052
6.5284094014799905,345.0,31.474157,0.44279945
6.5284094014799905,346.875,31.372751,0.48375323
6.5284094014799905,348.75,30.967049,0.5120041
6.5284094014799905,350.625,26.628338,0.3605214
6.5284094014799905,352.5,26.925291,0.39851224
6.5284094014799905,354.375,27.446522,0.4579249
6.5284094014799905,356.25,27.396873,0.44916907
6.5284094014799905,358.125,27.506891,0.4104386
8.393668907692383,0.0,26.98027,0.48692325
8.393668907692383,1.875,27.210426,0.515548
8.393668907692383,3.75,28.823786,0.70727587
8.393668907692383,5.625,29.740505,0.769513
8.393668907692383,7.5,29.502459,0.7324306
8.393668907692383,9.375,28.967615,0.8313293
8.393668907692383,11.25,27.178045,0.94572806
8.393668907692383,13.125,25.712536,0.9223503
8.393668907692383,15.0,26.192595,0.8253977
8.393668907692383,16.875,29.033005,0.9799907
8.393668907692383,18.75,29.376463,1.1990696
8.393668907692383,20.625,27.694391,0.8342158
8.393668907692383,22.5,26.730661,0.71820015
8.393668907692383,24.375,29.604256,1.0644146
8.393668907692383,26.25,32.468163,1.2253181
8.393668907692383,28.125,32.934353,1.3862761
8.393668907692383,30.0,33.30025,1.3282897
8.393668907692383,31.875,35.16613,1.5550529
8.393668907692383,33.75,30.675526,1.3402498
8.393668907692383,35.625,23.94033,0.92962503
8.393668907692383,37.5,20.146423,1.026968
8.393668907692383,39.375,20.08158,0.8862464
8.393668907692383,41.25,28.182653,1.3270237
8.393668907692383,43.125,30.743923,1.0318471
8.393668907692383,45.0,29.177967,0.99081546
8.393668907692383,46.875,30.433006,0.9926245
8.393668907692383,48.75,30.620018,0.8431986
8.393668907692383,50.625,29.148846,0.3773504
8.393668907692383,52.5,29.359705,0.3764198
8.393668907692383,54.375,29.7057,0.37733182
8.393668907692383,56.25,29.585426,0.42373964
8.393668907692383,58.125,29.77785,0.48043346
8.393668907692383,60.0,30.041893,0.42016605
8.393668907692383,61.875,29.985682,0.41555437
8.393668907692383,63.75,29.903904,0.45098656
8.393668907692383,65.625,30.143356,0.4472521
8.393668907692383,67.5,30.253319,0.44690803
8.393668907692383,69.375,30.189665,0.47440702
8.393668907692383,71.25,30.249607,0.4873632
8.393668907692383,73.125,30.349276,0.49788326
8.393668907692383,75.0,30.209217,0.5519093
8.393668907692383,76.875,29.8499,1.3072801
8.393668907692383,78.75,30.145018,0.4221606
8.393668907692383,80.625,29.365036,1.1251302
8.393668907692383,82.5,29.905018,0.43193433
8.393668907692383,84.375,29.758356,0.45683825
8.393668907692383,86.25,29.82746,0.47476172
8.393668907692383,88.125,29.964529,0.4612374
8.393668907692383,90.0,30.047049,0.44919518
8.393668907692383,91.875,30.123436,0.4271884
8.393668907692383,93.75,30.142868,0.40880877
8.393668907692383,95.625,30.165583,0.399593
8.393668907692383,97.5,30.518415,0.38404366
8.393668907692383,99.375,28.545446,1.4491504
8.393668907692383,101.25,28.789139,1.3702253
8.393668907692383,103.125,30.33615,0.50256956
8.393668907692383,105.0,29.947693,0.49681267
8.393668907692383,106.875,29.759861,0.5279894
8.393668907692383,108.75,29.217068,0.566105
8.393668907692383,110.625,29.027126,0.61972165
8.393668907692383,112.5,29.473963,0.57133067
8.393668907692383,114.375,30.282303,0.529447
8.393668907692383,116.25,30.476755,0.49858117
8.393668907692383,118.125,30.31615,0.5693053
8.393668907692383,120.0,30.178318,0.66677994
8.393668907692383,121.875,30.25121,0.60472596
8.393668907692383,123.75,30.210485,0.5376408
8.393668907692383,125.625,30.399958,0.50262725
8.393668907692383,127.5,30.644686,0.5392554
8.393668907692383,129.375,30.904997,0.5568489
8.393668907692383,131.25,30.947048,0.5494512
8.393668907692383,133.125,30.974665,0.55299294
8.393668907692383,135.0,31.06488,0.5595148
8.393668907692383,136.875,31.135876,0.55015993
8.393668907692383,138.75,31.192225,0.5335563
8.393668907692383,140.625,31.284313,0.5190861
8.393668907692383,142.5,31.37113,0.5174359
8.393668907692383,144.375,31.39281,0.5180622
8.393668907692383,146.25,31.454216,0.49342468
8.393668907692383,148.125,31.526678,0.47552857
8.393668907692383,150.0,31.559587,0.48580238
8.393668907692383,151.875,31.570583,0.49332353
8.393668907692383,153.75,31.556463,0.4838048
8.393668907692383,155.625,31.54242,0.4728747
8.393668907692383,157.5,31.535915,0.45973665
8.393668907692383,159.375,31.56697,0.44199967
8.393668907692383,161.25,31.559547,0.42244694
8.393668907692383,163.125,31.528318,0.4006126
8.393668907692383,165.0,31.521364,0.36776146
8.393668907692383,166.875,31.498123,0.33639425
8.393668907692383,168.75,31.429977,0.31996888
8.393668907692383,170.625,31.366404,0.32035652
8.393668907692383,172.5,31.331326,0.32899413
8.393668907692383,174.375,31.291658,0.34681022
8.393668907692383,176.25,31.252869,0.37151477
8.393668907692383,178.125,31.218006,0.39218855
8.393668907692383,180.0,31.173513,0.39834362
8.393668907692383,181.875,31.113337,0.39203528
8.393668907692383,183.75,31.050251,0.3973366
8.393668907692383,185.625,30.996971,0.4022657
8.393668907692383,187.5,30.957127,0.4104423
8.393668907692383,189.375,30.906189,0.41615587
8.393668907692383,191.25,30.830915,0.42210573
8.393668907692383,193.125,30.819313,0.4271105
8.393668907692383,195.0,30.80406,0.43149203
8.393668907692383,196.875,30.740837,0.4326459
8.393668907692383,198.75,30.717674,0.42635515
8.393668907692383,200.625,30.72322,0.41102377
8.393668907692383,202.5,30.665838,0.40139395
8.393668907692383,204.375,30.54119,0.40333644
8.393668907692383,206.25,30.49617,0.39991122
8.393668907692383,208.125,30.509,0.4025143
8.393668907692383,210.0,30.50203,0.40790203
8.393668907692383,211.875,30.453611,0.40745056
8.393668907692383,213.75,30.39361,0.3990997
8.393668907692383,215.625,30.349138,0.39551133
8.393668907692383,217.5,30.343552,0.3915342
8.393668907692383,219.375,30.333532,0.38314253
8.393668907692383,221.25,30.304646,0.3785719
8.393668907692383,223.125,30.26822,0.38119638
8.393668907692383,225.0,30.24529,0.39125258
8.393668907692383,226.875,30.255232,0.39560753
8.393668907692383,228.75,30.232166,0.39743868
8.393668907692383,230.625,30.169313,0.4015932
8.393668907692383,232.5,30.139647,0.4102476
8.393668907692383,234.375,30.112263,0.4238541
8.393668907692383,236.25,29.977928,0.4160214
8.393668907692383,238.125,29.920916,0.40105265
8.393668907692383,240.0,29.941696,0.40221176
8.393668907692383,241.875,29.927498,0.40872967
8.393668907692383,243.75,29.796482,0.40146485
8.393668907692383,245.625,29.721424,0.39871618
8.393668907692383,247.5,29.731932,0.41177517
8.393668907692383,249.375,29.726032,0.42718658
8.393668907692383,251.25,29.61738,0.43499765
8.393668907692383,253.125,29.582302,0.46449023
8.393668907692383,255.0,29.738728,0.49694663
8.393668907692383,256.875,29.882029,0.50366217
8.393668907692383,258.75,29.85357,0.49694014
8.393668907692383,260.625,29.817322,0.50893533
8.393668907692383,262.5,29.779802,0.5402611
8.393668907692383,264.375,29.649391,0.5789804
8.393668907692383,266.25,29.578825,0.63815933
8.393668907692383,268.125,29.581697,0.6796854
8.393668907692383,270.0,29.651384,0.71176577
8.393668907692383,271.875,29.844606,0.70467585
8.393668907692383,273.75,29.906912,0.6815515
8.393668907692383,275.625,29.692595,0.6694081
8.393668907692383,277.5,29.646677,0.67557764
8.393668907692383,279.375,26.403337,0.53776515
8.393668907692383,281.25,27.999666,1.1843063
8.393668907692383,283.125,32.50402,0.40486982
8.393668907692383,285.0,25.080524,0.44018555
8.393668907692383,286.875,24.202654,0.6701196
8.393668907692383,288.75,27.999842,1.559948
8.393668907692383,290.625,31.921621,2.524205
8.393668907692383,292.5,31.254372,2.41141
8.393668907692383,294.375,31.461071,1.7840283
8.393668907692383,296.25,31.994238,1.0489864
8.393668907692383,298.125,31.767868,0.67172545
8.393668907692383,300.0,31.422186,0.7772186
8.393668907692383,301.875,28.627752,0.3420968
8.393668907692383,303.75,28.11654,0.3777971
8.393668907692383,305.625,28.196209,0.34903914
8.393668907692383,307.5,28.444412,0.32798004
8.393668907692383,309.375,28.491034,0.31627432
8.393668907692383,311.25,28.763689,0.32548678
8.393668907692383,313.125,28.895506,0.3343974
8.393668907692383,315.0,28.929022,0.34203014
8.393668907692383,316.875,29.058748,0.33482707
8.393668907692383,318.75,29.265173,0.334141
8.393668907692383,320.625,29.359217,0.34238747
8.393668907692383,322.5,29.508202,0.33390787
8.393668907692383,324.375,29.699802,0.32623175
8.393668907692383,326.25,29.780779,0.32551837
8.393668907692383,328.125,29.853806,0.31768712
8.393668907692383,330.0,30.067127,0.29731327
8.393668907692383,331.875,30.196423,0.2836171
8.393668907692383,333.75,30.326775,0.28767815
8.393668907692383,335.625,30.638573,0.31299257
8.393668907692383,337.5,30.882048,0.3402506
8.393668907692383,339.375,31.084002,0.36601692
8.393668907692383,341.25,31.351755,0.38300675
8.393668907692383,343.125,31.569704,0.41288838
8.393668907692383,345.0,31.573532,0.44149652
8.393668907692383,346.875,27.86697,0.42315093
8.393668907692383,348.75,26.38656,0.4790966
8.393668907692383,350.625,25.38699,0.6085212
8.393668907692383,352.5,26.21656,0.63380045
8.393668907692383,354.375,27.058592,0.6082713
8.393668907692383,356.25,27.081932,0.5948005
8.393668907692383,358.125,26.98734,0.51739156
10.258928168006376,0.0,27.917204,0.74350446
10.258928168006376,1.875,27.549881,0.7155239
10.258928168006376,3.75,28.513514,0.83424014
10.258928168006376,5.625,28.850153,0.8815294
10.258928168006376,7.5,27.921873,0.95398456
10.258928168006376,9.375,27.923141,1.1611817
10.258928168006376,11.25,29.033337,1.3808266
10.258928168006376,13.125,27.970037,1.5370927
10.258928168006376,15.0,28.72617,1.5397283
10.258928168006376,16.875,30.82818,1.3591721
10.258928168006376,18.75,30.753279,1.2782859
10.258928168006376,20.625,29.977419,1.2676753
10.258928168006376,22.5,28.629528,1.1624993
10.258928168006376,24.375,29.773317,0.94769907
10.258928168006376,26.25,30.657635,1.0957359
10.258928168006376,28.125,32.37529,1.3640511
10.258928168006376,30.0,32.62037,1.5480741
10.258928168006376,31.875,34.073612,1.5633756
10.258928168006376,33.75,33.53031,1.2767906
10.258928168006376,35.625,25.415037,1.1150177
10.258928168006376,37.5,21.410564,1.1448871
10.258928168006376,39.375,20.817732,0.9618081
10.258928168006376,41.25,27.263025,0.9037641
10.258928168006376,43.125,32.023903,0.8912677
10.258928168006376,45.0,30.212263,0.84389156
10.258928168006376,46.875,29.898182,0.8359686
10.258928168006376,48.75,30.680153,0.8002313
10.258928168006376,50.625,29.192516,0.63750285
10.258928168006376,52.5,29.005407,0.36781102
10.258928168006376,54.375,29.30324,0.36448252
10.258928168006376,56.25,29.041111,0.4044531
10.258928168006376,58.125,29.20488,0.46752134
10.258928168006376,60.0,29.873552,0.42852682
10.258928168006376,61.875,29.804176,0.41167325
10.258928168006376,63.75,29.66072,0.44622776
10.258928168006376,65.625,30.101774,0.4507469
10.258928168006376,67.5,30.195545,0.44112435
10.258928168006376,69.375,30.044666,0.46011418
10.258928168006376,71.25,30.21318,0.48594096
10.258928168006376,73.125,30.485193,0.5406139
10.258928168006376,75.0,30.144197,0.6344101
10.258928168006376,76.875,27.711306,1.356741
10.258928168006376,78.75,29.94486,0.40260077
10.258928168006376,80.625,29.662634,0.40476897
10.258928168006376,82.5,29.403864,0.4446447
10.258928168006376,84.375,29.295622,0.45355347
10.258928168006376,86.25,29.502419,0.46089733
10.258928168006376,88.125,29.697458,0.45391634
10.258928168006376,90.0,29.782185,0.4268108
10.258928168006376,91.875,29.785564,0.39067456
10.258928168006376,93.75,29.764002,0.38552332
10.258928168006376,95.625,29.868786,0.40316704
10.258928168006376,97.5,30.19867,0.40296036
10.258928168006376,99.375,27.797596,1.1501727
10.258928168006376,101.25,31.067165,0.4210228
10.258928168006376,103.125,30.670916,0.48995456
10.258928168006376,105.0,27.067303,0.7437012
10.258928168006376,106.875,26.886326,0.71993405
10.258928168006376,108.75,28.841228,0.57416826
10.258928168006376,110.625,28.43406,0.6663413
10.258928168006376,112.5,28.844587,0.7065299
10.258928168006376,114.375,29.470661,0.6458353
10.258928168006376,116.25,29.697947,0.59978694
10.258928168006376,118.125,29.732439,0.6098344
10.258928168006376,120.0,29.998768,0.5987575
10.258928168006376,121.875,30.134354,0.56242955
10.258928168006376,123.75,30.125017,0.5345761
10.258928168006376,125.625,30.210526,0.5053941
10.258928168006376,127.5,30.480192,0.5339687
10.258928168006376,129.375,30.816326,0.5492719
10.258928168006376,131.25,30.845798,0.54050374
10.258928168006376,133.125,30.803434,0.5203084
10.258928168006376,135.0,30.882282,0.49490884
10.258928168006376,136.875,30.95945,0.46902427
10.258928168006376,138.75,30.990915,0.4548172
10.258928168006376,140.625,31.051268,0.4429911
10.258928168006376,142.5,31.146404,0.44145963
10.258928168006376,144.375,31.191462,0.44527626
10.258928168006376,146.25,31.231384,0.42954814
10.258928168006376,148.125,31.269567,0.41750294
10.258928168006376,150.0,31.258669,0.42617124
10.258928168006376,151.875,31.235935,0.43758324
10.258928168006376,153.75,31.230486,0.43953052
10.258928168006376,155.625,31.231325,0.43071303
10.258928168006376,157.5,31.248962,0.41690826
10.258928168006376,159.375,31.28615,0.40099686
10.258928168006376,161.25,31.287518,0.38975647
10.258928168006376,163.125,31.259724,0.3742018
10.258928168006376,165.0,31.264158,0.3426763
10.258928168006376,166.875,31.232264,0.3099251
10.258928168006376,168.75,31.1874,0.28762394
10.258928168006376,170.625,31.154919,0.28058174
10.258928168006376,172.5,31.128435,0.28276983
10.258928168006376,174.375,31.11193,0.28943276
10.258928168006376,176.25,31.102673,0.30097812
10.258928168006376,178.125,31.079216,0.31460553
10.258928168006376,180.0,31.005194,0.329725
10.258928168006376,181.875,30.964802,0.34597275
10.258928168006376,183.75,30.914333,0.35697174
10.258928168006376,185.625,30.877419,0.36055073
10.258928168006376,187.5,30.869158,0.36172757
10.258928168006376,189.375,30.83615,0.37126568
10.258928168006376,191.25,30.7508,0.3885537
10.258928168006376,193.125,30.711834,0.40316117
10.258928168006376,195.0,30.722849,0.41353247
10.258928168006376,196.875,30.68361,0.4195401
10.258928168006376,198.75,30.606853,0.42231068
10.258928168006376,200.625,30.542889,0.41800848
10.258928168006376,202.5,30.527264,0.41477895
10.258928168006376,204.375,30.494665,0.41845527
10.258928168006376,206.25,30.448454,0.42357883
10.258928168006376,208.125,30.390915,0.4335354
10.258928168006376,210.0,30.402536,0.4323949
10.258928168006376,211.875,30.393787,0.43329492
10.258928168006376,213.75,30.361502,0.43134004
10.258928168006376,215.625,30.32988,0.43043885
10.258928168006376,217.5,30.317635,0.42424834
10.258928168006376,219.375,30.296951,0.41115913
10.258928168006376,221.25,30.298552,0.4009993
10.258928168006376,223.125,30.277283,0.39999923
10.258928168006376,225.0,30.205036,0.40276372
10.258928168006376,226.875,30.170486,0.40230832
10.258928168006376,228.75,30.20824,0.40234601
10.258928168006376,230.625,30.215017,0.41493315
10.258928168006376,232.5,30.159939,0.43509644
10.258928168006376,234.375,30.11074,0.44611546
10.258928168006376,236.25,30.04693,0.45451653
10.258928168006376,238.125,29.97322,0.45710057
10.258928168006376,240.0,29.92404,0.46099555
10.258928168006376,241.875,29.867868,0.45940182
10.258928168006376,243.75,29.797829,0.4675411
10.258928168006376,245.625,29.791208,0.47138727
10.258928168006376,247.5,29.758904,0.4775168
10.258928168006376,249.375,29.67779,0.49338236
10.258928168006376,251.25,29.650213,0.51865
10.258928168006376,253.125,29.718376,0.5317863
10.258928168006376,255.0,29.740934,0.53079295
10.258928168006376,256.875,29.740915,0.51416045
10.258928168006376,258.75,29.610153,0.5267501
10.258928168006376,260.625,29.379744,0.5606584
10.258928168006376,262.5,29.320486,0.6263318
10.258928168006376,264.375,29.570837,0.692876
10.258928168006376,266.25,29.926619,0.7247966
10.258928168006376,268.125,30.296032,0.72557473
10.258928168006376,270.0,30.559334,0.6779179
10.258928168006376,271.875,30.462986,0.6230062
10.258928168006376,273.75,30.259373,0.6357335
10.258928168006376,275.625,28.63816,1.1612992
10.258928168006376,277.5,30.967888,0.44334832
10.258928168006376,279.375,30.642244,0.4655066
10.258928168006376,281.25,30.678944,0.46845618
10.258928168006376,283.125,31.493279,0.43176964
10.258928168006376,285.0,31.475975,0.34320447
10.258928168006376,286.875,26.674236,0.8406295
10.258928168006376,288.75,27.578806,1.3364881
10.258928168006376,290.625,29.434881,1.7384286
10.258928168006376,292.5,30.415134,1.6525252
10.258928168006376,294.375,32.6674,1.3160172
10.258928168006376,296.25,35.035213,0.9219893
10.258928168006376,298.125,29.04822,0.36511675
10.258928168006376,300.0,28.489666,0.3585199
10.258928168006376,301.875,28.932575,0.33369684
10.258928168006376,303.75,28.9774,0.36899805
10.258928168006376,305.625,28.799881,0.3938998
10.258928168006376,307.5,28.70236,0.36595455
10.258928168006376,309.375,28.82986,0.3577838
10.258928168006376,311.25,29.06443,0.35741678
10.258928168006376,313.125,29.135408,0.34868225
10.258928168006376,315.0,29.111483,0.34439322
10.258928168006376,316.875,29.233532,0.32954848
10.258928168006376,318.75,29.342888,0.32433397
10.258928168006376,320.625,29.255936,0.31335384
10.258928168006376,322.5,29.1824,0.29040375
10.258928168006376,324.375,29.192244,0.29821897
10.258928168006376,326.25,29.161228,0.32121027
10.258928168006376,328.125,29.153904,0.33849642
10.258928168006376,330.0,29.231735,0.34996247
10.258928168006376,331.875,29.382166,0.35131663
10.258928168006376,333.75,29.668201,0.34986106
10.258928168006376,335.625,30.161951,0.346324
10.258928168006376,337.5,30.450096,0.3604897
10.258928168006376,339.375,30.693436,0.381677
10.258928168006376,341.25,31.018513,0.39933482
10.258928168006376,343.125,31.349958,0.41810718
10.258928168006376,345.0,31.793787,0.438786
10.258928168006376,346.875,27.76322,0.6514187
10.258928168006376,348.75,26.078377,0.64330345
10.258928168006376,350.625,25.81826,0.70845443
10.258928168006376,352.5,26.921541,0.80548954
10.258928168006376,354.375,27.681385,0.8214253
10.258928168006376,356.25,28.084997,0.77545494
10.258928168006376,358.125,28.005915,0.7565145
12.124187123455766,0.0,29.277477,1.5524827
12.124187123455766,1.875,29.672712,1.4033952
12.124187123455766,3.75,29.937048,1.4023521
12.124187123455766,5.625,28.651012,1.2699674
12.124187123455766,7.5,27.67281,1.4585845
12.124187123455766,9.375,27.77406,1.4836528
12.124187123455766,11.25,28.88775,1.6020885
12.124187123455766,13.125,29.884861,1.6063477
12.124187123455766,15.0,30.761833,1.7640527
12.124187123455766,16.875,31.549353,1.5985941
12.124187123455766,18.75,31.5424,1.4888167
12.124187123455766,20.625,31.381424,1.5438099
12.124187123455766,22.5,29.426794,1.5882969
12.124187123455766,24.375,30.553455,1.2463942
12.124187123455766,26.25,30.208551,1.3448113
12.124187123455766,28.125,32.76324,1.4212974
12.124187123455766,30.0,33.661327,1.4258523
12.124187123455766,31.875,35.790565,1.2192885
12.124187123455766,33.75,37.970543,1.3655328
12.124187123455766,35.625,29.375916,1.4034908
12.124187123455766,37.5,24.143728,1.2474418
12.124187123455766,39.375,22.943436,0.8836792
12.124187123455766,41.25,29.745466,0.7890674
12.124187123455766,43.125,30.176208,0.50749815
12.124187123455766,45.0,28.347479,0.5843165
12.124187123455766,46.875,27.682362,0.56952316
12.124187123455766,48.75,27.535467,0.53529036
12.124187123455766,50.625,27.951149,0.42845893
12.124187123455766,52.5,28.879803,0.38080472
12.124187123455766,54.375,29.08162,0.39257187
12.124187123455766,56.25,28.86369,0.43711984
12.124187123455766,58.125,29.025661,0.4506219
12.124187123455766,60.0,29.62986,0.4119925
12.124187123455766,61.875,29.490389,0.40049842
12.124187123455766,63.75,29.449862,0.43258893
12.124187123455766,65.625,30.012127,0.4269415
12.124187123455766,67.5,30.100487,0.43137157
12.124187123455766,69.375,30.016716,0.44935703
12.124187123455766,71.25,30.4474,0.49210036
12.124187123455766,73.125,30.54447,0.5660696
12.124187123455766,75.0,30.110096,0.65173084
12.124187123455766,76.875,23.779686,0.86824465
12.124187123455766,78.75,24.466188,0.62662894
12.124187123455766,80.625,29.738981,0.33325848
12.124187123455766,82.5,29.20865,0.39704305
12.124187123455766,84.375,28.836853,0.4291211
12.124187123455766,86.25,29.026697,0.421122
12.124187123455766,88.125,29.324684,0.4235896
12.124187123455766,90.0,29.48951,0.4003615
12.124187123455766,91.875,29.46154,0.3649844
12.124187123455766,93.75,29.403006,0.36947376
12.124187123455766,95.625,29.538864,0.41493198
12.124187123455766,97.5,29.701715,0.44120735
12.124187123455766,99.375,26.44158,1.0906644
12.124187123455766,101.25,25.923006,1.0167196
12.124187123455766,103.125,26.657127,0.91548806
12.124187123455766,105.0,26.053299,0.8931742
12.124187123455766,106.875,24.771286,0.830381
12.124187123455766,108.75,25.121267,0.6516564
12.124187123455766,110.625,27.986032,0.59871554
12.124187123455766,112.5,28.520388,0.7086523
12.124187123455766,114.375,29.074978,0.69973755
12.124187123455766,116.25,29.296442,0.6431599
12.124187123455766,118.125,29.636091,0.6019346
12.124187123455766,120.0,29.87904,0.5527046
12.124187123455766,121.875,29.913591,0.54753935
12.124187123455766,123.75,29.86115,0.56396085
12.124187123455766,125.625,29.995506,0.54510665
12.124187123455766,127.5,30.242361,0.538241
12.124187123455766,129.375,30.517517,0.5305132
12.124187123455766,131.25,30.592693,0.51898336
12.124187123455766,133.125,30.583864,0.47557786
12.124187123455766,135.0,30.668337,0.42884094
12.124187123455766,136.875,30.729841,0.40793902
12.124187123455766,138.75,30.729704,0.4012414
12.124187123455766,140.625,30.75404,0.3954278
12.124187123455766,142.5,30.81289,0.39692736
12.124187123455766,144.375,30.805681,0.40251106
12.124187123455766,146.25,30.724197,0.40562397
12.124187123455766,148.125,30.664862,0.41402504
12.124187123455766,150.0,30.682653,0.41515872
12.124187123455766,151.875,30.734314,0.41646525
12.124187123455766,153.75,30.777576,0.41329885
12.124187123455766,155.625,30.806677,0.40589082
12.124187123455766,157.5,30.815895,0.39699596
12.124187123455766,159.375,30.802967,0.39049327
12.124187123455766,161.25,30.766756,0.3872706
12.124187123455766,163.125,30.727694,0.38152543
12.124187123455766,165.0,30.673416,0.36449024
12.124187123455766,166.875,30.61367,0.34933838
12.124187123455766,168.75,30.624178,0.33758667
12.124187123455766,170.625,30.63156,0.33785433
12.124187123455766,172.5,30.59363,0.34505284
12.124187123455766,174.375,30.558533,0.35415763
12.124187123455766,176.25,30.546482,0.36336926
12.124187123455766,178.125,30.489958,0.3781957
12.124187123455766,180.0,30.448631,0.38975403
12.124187123455766,181.875,30.465584,0.3935874
12.124187123455766,183.75,30.443865,0.40841314
12.124187123455766,185.625,30.386482,0.42174804
12.124187123455766,187.5,30.364626,0.4291995
12.124187123455766,189.375,30.285427,0.43578085
12.124187123455766,191.25,30.21406,0.44018778
12.124187123455766,193.125,30.150486,0.44832703
12.124187123455766,195.0,30.127693,0.46235752
12.124187123455766,196.875,30.065857,0.49114603
12.124187123455766,198.75,29.957615,0.50675195
12.124187123455766,200.625,29.917498,0.49237
12.124187123455766,202.5,29.927732,0.49134943
12.124187123455766,204.375,29.96031,0.50823224
12.124187123455766,206.25,29.910778,0.5287575
12.124187123455766,208.125,29.850037,0.52054566
12.124187123455766,210.0,29.887712,0.5069741
12.124187123455766,211.875,29.921598,0.513809
12.124187123455766,213.75,29.882439,0.53818375
12.124187123455766,215.625,29.846424,0.53918976
12.124187123455766,217.5,29.846384,0.51725197
12.124187123455766,219.375,29.802048,0.51303667
12.124187123455766,221.25,29.833767,0.5218239
12.124187123455766,223.125,29.906384,0.5088815
12.124187123455766,225.0,29.833826,0.49814928
12.124187123455766,226.875,29.854315,0.49719357
12.124187123455766,228.75,29.96785,0.4949412
12.124187123455766,230.625,29.974373,0.48191914
12.124187123455766,232.5,29.92361,0.48609066
12.124187123455766,234.375,30.01361,0.5007375
12.124187123455766,236.25,30.055487,0.50909936
12.124187123455766,238.125,29.974548,0.5131524
12.124187123455766,240.0,29.882692,0.5190776
12.124187123455766,241.875,29.845173,0.54665345
12.124187123455766,243.75,29.857399,0.5599867
12.124187123455766,245.625,29.879665,0.5398714
12.124187123455766,247.5,29.768728,0.5473939
12.124187123455766,249.375,29.770271,0.5621498
12.124187123455766,251.25,29.901482,0.5272629
12.124187123455766,253.125,29.80822,0.50290173
12.124187123455766,255.0,29.590387,0.5238554
12.124187123455766,256.875,29.47949,0.5404456
12.124187123455766,258.75,29.368982,0.5845142
12.124187123455766,260.625,29.298317,0.6558538
12.124187123455766,262.5,29.505701,0.73390394
12.124187123455766,264.375,30.041327,0.77399576
12.124187123455766,266.25,30.425661,0.70692205
12.124187123455766,268.125,30.644276,0.6076172
12.124187123455766,270.0,30.789549,0.57530713
12.124187123455766,271.875,30.708162,0.5693035
12.124187123455766,273.75,26.94369,0.9834067
12.124187123455766,275.625,27.98822,1.1876615
12.124187123455766,277.5,30.708885,0.46495843
12.124187123455766,279.375,30.347048,0.4969715
12.124187123455766,281.25,30.211306,0.47527218
12.124187123455766,283.125,30.695818,0.5183867
12.124187123455766,285.0,30.12404,0.74537027
12.124187123455766,286.875,28.914217,0.9768801
12.124187123455766,288.75,28.688221,0.75373256
12.124187123455766,290.625,29.062595,0.7136951
12.124187123455766,292.5,28.530584,0.8145683
12.124187123455766,294.375,27.97947,0.70448357
12.124187123455766,296.25,28.186306,0.43179813
12.124187123455766,298.125,28.74617,0.34667474
12.124187123455766,300.0,29.071795,0.33792365
12.124187123455766,301.875,29.44115,0.31411967
12.124187123455766,303.75,29.513239,0.30964583
12.124187123455766,305.625,29.516697,0.335203
12.124187123455766,307.5,29.49828,0.36215106
12.124187123455766,309.375,29.44824,0.36704192
12.124187123455766,311.25,29.184158,0.35009098
12.124187123455766,313.125,29.026287,0.3138791
12.124187123455766,315.0,29.101326,0.30975422
12.124187123455766,316.875,29.165115,0.300685
12.124187123455766,318.75,29.029997,0.3008977
12.124187123455766,320.625,28.736073,0.30658013
12.124187123455766,322.5,28.484861,0.32037315
12.124187123455766,324.375,28.29445,0.35166356
12.124187123455766,326.25,28.12369,0.39453495
12.124187123455766,328.125,28.051638,0.43898535
12.124187123455766,330.0,28.023396,0.49031222
12.124187123455766,331.875,28.1824,0.50604093
12.124187123455766,333.75,28.586697,0.4901623
12.124187123455766,335.625,29.040504,0.48578462
12.124187123455766,337.5,29.448807,0.4502834
12.124187123455766,339.375,29.961618,0.42647904
12.124187123455766,341.25,30.388435,0.44842133
12.124187123455766,343.125,30.830389,0.45978194
12.124187123455766,345.0,28.418747,0.8578901
12.124187123455766,346.875,28.687712,0.9412831
12.124187123455766,348.75,28.295233,0.8586096
12.124187123455766,350.625,28.8499,1.068184
12.124187123455766,352.5,28.494959,1.0425993
12.124187123455766,354.375,28.185408,1.0725343
12.124187123455766,356.25,27.656073,1.2022965
12.124187123455766,358.125,28.187067,1.4485981
13.989445712356673,0.0,30.151814,1.7373782
13.989445712356673,1.875,31.353552,1.6773479
13.989445712356673,3.75,31.148903,1.777943
13.989445712356673,5.625,30.224646,1.7039071
13.989445712356673,7.5,29.610662,1.7453774
13.989445712356673,9.375,29.951326,1.5816439
13.989445712356673,11.25,30.08449,1.4983554
13.989445712356673,13.125,30.10865,1.5405293
13.989445712356673,15.0,30.4282,1.6034044
13.989445712356673,16.875,30.827713,1.622322
13.989445712356673,18.75,31.72078,1.5685941
13.989445712356673,20.625,31.243553,1.6917074
13.989445712356673,22.5,29.762985,1.3578516
13.989445712356673,24.375,26.338318,1.7069067
13.989445712356673,26.25,27.80117,1.5287393
13.989445712356673,28.125,31.024548,1.5631497
13.989445712356673,30.0,31.794939,1.3458837
13.989445712356673,31.875,33.874195,1.1291814
13.989445712356673,33.75,38.20945,1.1419256
13.989445712356673,35.625,32.332577,1.4877455
13.989445712356673,37.5,25.920935,1.1603984
13.989445712356673,39.375,26.320114,0.78271884
13.989445712356673,41.25,30.476208,0.6237281
13.989445712356673,43.125,32.601208,0.829983
13.989445712356673,45.0,28.27988,0.7128708
13.989445712356673,46.875,27.07988,0.62532586
13.989445712356673,48.75,28.647184,0.4701801
13.989445712356673,50.625,28.547947,0.41155508
13.989445712356673,52.5,28.775389,0.43420947
13.989445712356673,54.375,28.825407,0.46266547
13.989445712356673,56.25,28.697264,0.46917596
13.989445712356673,58.125,28.759724,0.4006741
13.989445712356673,60.0,29.168884,0.3722321
13.989445712356673,61.875,29.044899,0.38960677
13.989445712356673,63.75,29.292692,0.39316416
13.989445712356673,65.625,29.782791,0.37214226
13.989445712356673,67.5,29.851814,0.3946424
13.989445712356673,69.375,29.958923,0.41753075
13.989445712356673,71.25,30.546717,0.4817353
13.989445712356673,73.125,30.412498,0.5635716
13.989445712356673,75.0,26.057478,0.884471
13.989445712356673,76.875,23.395779,0.95780253
13.989445712356673,78.75,25.39238,0.9730841
13.989445712356673,80.625,30.039236,0.31722075
13.989445712356673,82.5,29.417967,0.37391922
13.989445712356673,84.375,28.913141,0.4291154
13.989445712356673,86.25,28.973162,0.4268118
13.989445712356673,88.125,29.2674,0.4242673
13.989445712356673,90.0,29.448826,0.40149167
13.989445712356673,91.875,29.457458,0.37072355
13.989445712356673,93.75,29.543415,0.38163564
13.989445712356673,95.625,29.850662,0.43379244
13.989445712356673,97.5,30.032791,0.47145653
13.989445712356673,99.375,25.240934,1.2782739
13.989445712356673,101.25,24.623747,1.246823
13.989445712356673,103.125,25.396442,1.1211733
13.989445712356673,105.0,25.139002,1.0360047
13.989445712356673,106.875,23.89986,1.0395011
13.989445712356673,108.75,24.458279,0.7289161
13.989445712356673,110.625,27.79283,0.56281364
13.989445712356673,112.5,28.388943,0.68406415
13.989445712356673,114.375,28.896696,0.67913276
13.989445712356673,116.25,29.2474,0.63893133
13.989445712356673,118.125,29.633045,0.5814642
13.989445712356673,120.0,29.713825,0.54253197
13.989445712356673,121.875,29.650583,0.5410856
13.989445712356673,123.75,29.633944,0.559993
13.989445712356673,125.625,29.747673,0.5801373
13.989445712356673,127.5,29.976658,0.5340777
13.989445712356673,129.375,30.19953,0.4968883
13.989445712356673,131.25,30.31906,0.48152506
13.989445712356673,133.125,30.333513,0.4411434
13.989445712356673,135.0,30.363337,0.40610945
13.989445712356673,136.875,30.394411,0.39632383
13.989445712356673,138.75,30.38492,0.39250317
13.989445712356673,140.625,30.371405,0.38533655
13.989445712356673,142.5,30.362848,0.39075103
13.989445712356673,144.375,30.323904,0.4117108
13.989445712356673,146.25,30.298279,0.43038693
13.989445712356673,148.125,30.3215,0.43413055
13.989445712356673,150.0,30.338005,0.42955503
13.989445712356673,151.875,30.31867,0.42118126
13.989445712356673,153.75,30.304373,0.40705207
13.989445712356673,155.625,30.289627,0.3993487
13.989445712356673,157.5,30.241463,0.40671238
13.989445712356673,159.375,30.185232,0.41710556
13.989445712356673,161.25,30.157106,0.42281398
13.989445712356673,163.125,30.09203,0.42458352
13.989445712356673,165.0,29.942263,0.4177921
13.989445712356673,166.875,29.849802,0.40122822
13.989445712356673,168.75,29.895994,0.39465204
13.989445712356673,170.625,29.903748,0.40486842
13.989445712356673,172.5,29.85074,0.41253445
13.989445712356673,174.375,29.859158,0.41930693
13.989445712356673,176.25,29.830095,0.4349725
13.989445712356673,178.125,29.738787,0.4470324
13.989445712356673,180.0,29.694275,0.44973418
13.989445712356673,181.875,29.711424,0.45561886
13.989445712356673,183.75,29.656364,0.4778487
13.989445712356673,185.625,29.522049,0.4797131
13.989445712356673,187.5,29.441286,0.4675159
13.989445712356673,189.375,29.440271,0.47228506
13.989445712356673,191.25,29.395134,0.4813362
13.989445712356673,193.125,29.3474,0.4818388
13.989445712356673,195.0,29.359138,0.49545252
13.989445712356673,196.875,29.319548,0.52344054
13.989445712356673,198.75,29.246853,0.5353015
13.989445712356673,200.625,29.11699,0.53500533
13.989445712356673,202.5,29.075056,0.5397012
13.989445712356673,204.375,29.12615,0.55136657
13.989445712356673,206.25,29.071657,0.5574227
13.989445712356673,208.125,29.093826,0.55360365
13.989445712356673,210.0,29.162127,0.5559819
13.989445712356673,211.875,29.180603,0.56882036
13.989445712356673,213.75,29.08531,0.581984
13.989445712356673,215.625,29.104881,0.5818727
13.989445712356673,217.5,29.090096,0.57940406
13.989445712356673,219.375,29.088202,0.57901806
13.989445712356673,221.25,29.133202,0.5725258
13.989445712356673,223.125,29.234978,0.5698153
13.989445712356673,225.0,29.288141,0.5820698
13.989445712356673,226.875,29.441502,0.5870475
13.989445712356673,228.75,29.50326,0.57503766
13.989445712356673,230.625,29.555916,0.56397945
13.989445712356673,232.5,29.634432,0.56076926
13.989445712356673,234.375,29.792322,0.5250128
13.989445712356673,236.25,29.792244,0.5140026
13.989445712356673,238.125,29.805935,0.53695774
13.989445712356673,240.0,29.823729,0.5585118
13.989445712356673,241.875,29.81074,0.5678425
13.989445712356673,243.75,29.841248,0.57694286
13.989445712356673,245.625,29.886072,0.56804127
13.989445712356673,247.5,29.848356,0.57501674
13.989445712356673,249.375,29.968279,0.533719
13.989445712356673,251.25,30.05986,0.46074027
13.989445712356673,253.125,29.899647,0.46687827
13.989445712356673,255.0,29.838434,0.5246013
13.989445712356673,256.875,30.121092,0.5377574
13.989445712356673,258.75,30.127342,0.5426667
13.989445712356673,260.625,29.716228,0.5886257
13.989445712356673,262.5,29.609373,0.62969166
13.989445712356673,264.375,30.049274,0.6941633
13.989445712356673,266.25,30.267498,0.6877635
13.989445712356673,268.125,25.785759,0.7680688
13.989445712356673,270.0,26.512459,1.2028836
13.989445712356673,271.875,27.802673,1.345897
13.989445712356673,273.75,27.212614,1.3162131
13.989445712356673,275.625,27.958551,0.9680931
13.989445712356673,277.5,30.705564,0.44075954
13.989445712356673,279.375,30.14824,0.47901577
13.989445712356673,281.25,29.811775,0.50747895
13.989445712356673,283.125,29.843084,0.5501514
13.989445712356673,285.0,29.790545,0.6292234
13.989445712356673,286.875,29.670252,0.61653364
13.989445712356673,288.75,29.669489,0.55162966
13.989445712356673,290.625,29.746365,0.48765993
13.989445712356673,292.5,29.568571,0.43298203
13.989445712356673,294.375,29.444782,0.39895564
13.989445712356673,296.25,29.44076,0.36639234
13.989445712356673,298.125,29.511658,0.35384604
13.989445712356673,300.0,29.701794,0.33957526
13.989445712356673,301.875,29.637907,0.3413579
13.989445712356673,303.75,29.547596,0.34167725
13.989445712356673,305.625,29.47281,0.33982223
13.989445712356673,307.5,29.306364,0.35263294
13.989445712356673,309.375,28.918903,0.3581662
13.989445712356673,311.25,28.609314,0.32758084
13.989445712356673,313.125,28.644276,0.31938538
13.989445712356673,315.0,28.664803,0.31891698
13.989445712356673,316.875,28.439314,0.30994472
13.989445712356673,318.75,28.22119,0.3174573
13.989445712356673,320.625,28.078709,0.34535918
13.989445712356673,322.5,27.869665,0.37616667
13.989445712356673,324.375,27.579666,0.40342292
13.989445712356673,326.25,27.306599,0.4420053
13.989445712356673,328.125,27.128551,0.48113927
13.989445712356673,330.0,26.980623,0.54233456
13.989445712356673,331.875,27.134842,0.57389057
13.989445712356673,333.75,27.442049,0.56868374
13.989445712356673,335.625,27.814138,0.5844327
13.989445712356673,337.5,28.512712,0.54951817
13.989445712356673,339.375,29.11197,0.51497287
13.989445712356673,341.25,29.552439,0.46534792
13.989445712356673,343.125,30.1615,0.46757475
13.989445712356673,345.0,30.9649,1.0941427
13.989445712356673,346.875,29.930584,1.3167834
13.989445712356673,348.75,30.419977,1.2670044
13.989445712356673,350.625,30.453026,1.5074
13.989445712356673,352.5,30.025505,1.6472533
13.989445712356673,354.375,28.976814,1.3830595
13.989445712356673,356.25,28.62568,1.6745076
13.989445712356673,358.125,29.375095,1.6624081
15.854703869694873,0.0,31.294313,1.5133971
15.854703869694873,1.875,31.074177,1.5022243
15.854703869694873,3.75,30.886345,1.4717678
15.854703869694873,5.625,30.14199,1.540522
15.854703869694873,7.5,29.053474,1.4466907
15.854703869694873,9.375,28.545115,1.4383204
15.854703869694873,11.25,28.570623,1.3958446
15.854703869694873,13.125,28.753786,1.4374955
15.854703869694873,15.0,29.001833,1.5835154
15.854703869694873,16.875,29.768337,1.6348032
15.854703869694873,18.75,30.678513,1.6072247
15.854703869694873,20.625,30.380798,1.5629902
15.854703869694873,22.5,26.881872,1.5508084
15.854703869694873,24.375,24.284021,1.5528485
15.854703869694873,26.25,25.744705,1.6515185
15.854703869694873,28.125,28.007654,1.7186263
15.854703869694873,30.0,29.251833,1.5758586
15.854703869694873,31.875,31.890387,1.1748012
15.854703869694873,33.75,37.053707,0.9339667
15.854703869694873,35.625,34.009686,0.8492702
15.854703869694873,37.5,29.11783,0.74676216
15.854703869694873,39.375,31.511814,0.7770018
15.854703869694873,41.25,31.56576,0.5499156
15.854703869694873,43.125,28.34404,0.9659029
15.854703869694873,45.0,24.315231,1.0425192
15.854703869694873,46.875,23.851599,0.8493111
15.854703869694873,48.75,27.829157,0.8094427
15.854703869694873,50.625,27.556267,0.64930886
15.854703869694873,52.5,28.070076,0.48174578
15.854703869694873,54.375,28.14449,0.4900924
15.854703869694873,56.25,28.22949,0.47097975
15.854703869694873,58.125,28.374645,0.40202606
15.854703869694873,60.0,28.707008,0.36852384
15.854703869694873,61.875,28.8841,0.391996
15.854703869694873,63.75,29.27691,0.36727142
15.854703869694873,65.625,29.471853,0.35867554
15.854703869694873,67.5,29.50445,0.36727282
15.854703869694873,69.375,29.876541,0.3844499
15.854703869694873,71.25,30.360916,0.44541895
15.854703869694873,73.125,30.231462,0.55561084
15.854703869694873,75.0,25.90742,1.0746275
15.854703869694873,76.875,24.79996,1.1431897
15.854703869694873,78.75,26.828005,1.1353552
15.854703869694873,80.625,30.297009,0.32724857
15.854703869694873,82.5,29.700779,0.33645862
15.854703869694873,84.375,29.280174,0.3886206
15.854703869694873,86.25,29.089256,0.42189687
15.854703869694873,88.125,29.270037,0.40661606
15.854703869694873,90.0,29.454235,0.3943508
15.854703869694873,91.875,29.684471,0.38486782
15.854703869694873,93.75,30.072966,0.39336812
15.854703869694873,95.625,26.48072,0.96978104
15.854703869694873,97.5,25.1282,1.1660631
15.854703869694873,99.375,23.948767,1.3517512
15.854703869694873,101.25,23.643103,1.3556278
15.854703869694873,103.125,23.799646,1.3087459
15.854703869694873,105.0,23.696344,1.2524431
15.854703869694873,106.875,23.804998,1.0189613
15.854703869694873,108.75,27.57443,0.4748742
15.854703869694873,110.625,27.681442,0.50676805
15.854703869694873,112.5,28.15869,0.63465786
15.854703869694873,114.375,28.73656,0.6468924
15.854703869694873,116.25,29.13535,0.64457816
15.854703869694873,118.125,29.462263,0.62091666
15.854703869694873,120.0,29.573006,0.620417
15.854703869694873,121.875,26.177322,0.47662345
15.854703869694873,123.75,29.390526,0.56206316
15.854703869694873,125.625,29.427479,0.60054576
15.854703869694873,127.5,29.708551,0.520537
15.854703869694873,129.375,29.955486,0.47439784
15.854703869694873,131.25,30.084509,0.4698803
15.854703869694873,133.125,30.083357,0.45442945
15.854703869694873,135.0,30.05201,0.423908
15.854703869694873,136.875,30.09033,0.4078985
15.854703869694873,138.75,30.107908,0.40035826
15.854703869694873,140.625,30.076893,0.39386705
15.854703869694873,142.5,30.051756,0.39838922
15.854703869694873,144.375,30.062674,0.40857118
15.854703869694873,146.25,30.057049,0.42034483
15.854703869694873,148.125,30.005857,0.42266822
15.854703869694873,150.0,29.92279,0.4119538
15.854703869694873,151.875,29.847301,0.400663
15.854703869694873,153.75,29.812145,0.38970184
15.854703869694873,155.625,29.798395,0.39274976
15.854703869694873,157.5,29.757595,0.4102625
15.854703869694873,159.375,29.696072,0.4213145
15.854703869694873,161.25,29.609627,0.42116836
15.854703869694873,163.125,29.49447,0.41541067
15.854703869694873,165.0,29.397907,0.40755686
15.854703869694873,166.875,29.343376,0.40421727
15.854703869694873,168.75,29.339157,0.4053105
15.854703869694873,170.625,29.309978,0.40773726
15.854703869694873,172.5,29.264294,0.41134715
15.854703869694873,174.375,29.23611,0.41799426
15.854703869694873,176.25,29.153904,0.43090725
15.854703869694873,178.125,29.085604,0.44267002
15.854703869694873,180.0,29.047674,0.45400813
15.854703869694873,181.875,29.024137,0.46495515
15.854703869694873,183.75,28.963299,0.46932548
15.854703869694873,185.625,28.857517,0.46312657
15.854703869694873,187.5,28.797771,0.4597082
15.854703869694873,189.375,28.788845,0.462992
15.854703869694873,191.25,28.785408,0.46478513
15.854703869694873,193.125,28.738903,0.46894318
15.854703869694873,195.0,28.670233,0.48231745
15.854703869694873,196.875,28.642048,0.5034281
15.854703869694873,198.75,28.59908,0.51857805
15.854703869694873,200.625,28.51199,0.52853227
15.854703869694873,202.5,28.445896,0.5361828
15.854703869694873,204.375,28.407537,0.5479733
15.854703869694873,206.25,28.428259,0.55804366
15.854703869694873,208.125,28.489391,0.561521
15.854703869694873,210.0,28.531013,0.5623071
15.854703869694873,211.875,28.43781,0.57108426
15.854703869694873,213.75,28.394041,0.5862824
15.854703869694873,215.625,28.41367,0.5876523
15.854703869694873,217.5,28.440056,0.5810295
15.854703869694873,219.375,28.400524,0.5827617
15.854703869694873,221.25,28.479841,0.5931247
15.854703869694873,223.125,28.61152,0.61325
15.854703869694873,225.0,28.744373,0.6264527
15.854703869694873,226.875,28.88242,0.62862664
15.854703869694873,228.75,29.030115,0.61803025
15.854703869694873,230.625,29.175486,0.6010381
15.854703869694873,232.5,29.280369,0.57536244
15.854703869694873,234.375,29.360466,0.5524315
15.854703869694873,236.25,29.41863,0.561125
15.854703869694873,238.125,29.575369,0.5680757
15.854703869694873,240.0,29.641365,0.5451298
15.854703869694873,241.875,29.635271,0.5406844
15.854703869694873,243.75,29.706657,0.5574457
15.854703869694873,245.625,29.883944,0.5428336
15.854703869694873,247.5,29.99615,0.514527
15.854703869694873,249.375,30.083826,0.46884876
15.854703869694873,251.25,30.147516,0.41756606
15.854703869694873,253.125,30.211306,0.41776726
15.854703869694873,255.0,30.459568,0.43667376
15.854703869694873,256.875,30.807732,0.42975372
15.854703869694873,258.75,30.516287,0.48738608
15.854703869694873,260.625,29.648376,0.61483943
15.854703869694873,262.5,29.136267,0.5776536
15.854703869694873,264.375,27.831482,0.925356
15.854703869694873,266.25,27.38656,1.13813
15.854703869694873,268.125,24.531893,1.3445308
15.854703869694873,270.0,24.334784,1.2549667
15.854703869694873,271.875,26.864353,0.9365219
15.854703869694873,273.75,30.108435,0.33688045
15.854703869694873,275.625,30.53025,0.34208828
15.854703869694873,277.5,30.5849,0.3924027
15.854703869694873,279.375,30.330389,0.43233952
15.854703869694873,281.25,30.251287,0.3907885
15.854703869694873,283.125,30.321209,0.3487101
15.854703869694873,285.0,30.336111,0.32955655
15.854703869694873,286.875,30.21693,0.33012575
15.854703869694873,288.75,30.168922,0.32984093
15.854703869694873,290.625,30.138748,0.32582158
15.854703869694873,292.5,30.093845,0.33648416
15.854703869694873,294.375,30.035427,0.34797162
15.854703869694873,296.25,29.982555,0.3590741
15.854703869694873,298.125,29.790838,0.35572782
15.854703869694873,300.0,29.520954,0.3479861
15.854703869694873,301.875,29.302439,0.35538667
15.854703869694873,303.75,29.152655,0.35699138
15.854703869694873,305.625,28.925798,0.36127728
15.854703869694873,307.5,28.662283,0.36203802
15.854703869694873,309.375,28.468533,0.3642727
15.854703869694873,311.25,28.454391,0.36648953
15.854703869694873,313.125,28.355759,0.36800966
15.854703869694873,315.0,28.034958,0.3531034
15.854703869694873,316.875,27.79908,0.34294894
15.854703869694873,318.75,27.745838,0.3685445
15.854703869694873,320.625,27.59029,0.4017319
15.854703869694873,322.5,27.268318,0.40177098
15.854703869694873,324.375,27.074587,0.4111035
15.854703869694873,326.25,26.947498,0.43834573
15.854703869694873,328.125,26.748533,0.45857155
15.854703869694873,330.0,26.611677,0.49699962
15.854703869694873,331.875,26.68742,0.5401045
15.854703869694873,333.75,26.795994,0.5726154
15.854703869694873,335.625,27.022068,0.61443144
15.854703869694873,337.5,27.607986,0.6108722
15.854703869694873,339.375,27.971638,0.5650459
15.854703869694873,341.25,28.302322,0.5734046
15.854703869694873,343.125,28.881268,0.6209153
15.854703869694873,345.0,32.848846,1.0403523
15.854703869694873,346.875,32.81291,1.38719
15.854703869694873,348.75,32.534958,1.3095876
15.854703869694873,350.625,31.342596,1.6715711
15.854703869694873,352.5,31.011774,1.6864372
15.854703869694873,354.375,30.790329,1.3266778
15.854703869694873,356.25,31.358435,1.4109008
15.854703869694873,358.125,31.48402,1.544121
17.719961526447428,0.0,30.688728,1.323411
17.719961526447428,1.875,29.852283,1.4525541
17.719961526447428,3.75,29.486248,1.4882541
17.719961526447428,5.625,29.216852,1.5504853
17.719961526447428,7.5,27.944647,1.6250952
17.719961526447428,9.375,26.369978,1.6414139
17.719961526447428,11.25,25.501854,1.4613956
17.719961526447428,13.125,26.383474,1.3928698
17.719961526447428,15.0,27.475134,1.4958694
17.719961526447428,16.875,28.24154,1.544554
17.719961526447428,18.75,28.10777,1.6319338
17.719961526447428,20.625,27.674274,1.6757847
17.719961526447428,22.5,27.147362,1.6597652
17.719961526447428,24.375,24.209627,1.6082827
17.719961526447428,26.25,25.193884,1.7288389
17.719961526447428,28.125,27.341463,1.9258444
17.719961526447428,30.0,29.013298,1.7583063
17.719961526447428,31.875,31.983593,1.4190607
17.719961526447428,33.75,34.74621,0.982272
17.719961526447428,35.625,33.471325,0.87025213
17.719961526447428,37.5,32.970367,0.9191159
17.719961526447428,39.375,31.70865,0.47221357
17.719961526447428,41.25,31.92742,0.540286
17.719961526447428,43.125,27.429567,1.1743267
17.719961526447428,45.0,23.373981,1.3577672
17.719961526447428,46.875,24.53908,1.2840937
17.719961526447428,48.75,26.973825,1.103114
17.719961526447428,50.625,27.024822,1.1038946
17.719961526447428,52.5,27.978943,0.9551115
17.719961526447428,54.375,29.429432,0.8815869
17.719961526447428,56.25,28.020641,0.518902
17.719961526447428,58.125,28.182087,0.460526
17.719961526447428,60.0,28.462479,0.43480724
17.719961526447428,61.875,28.74363,0.43469498
17.719961526447428,63.75,28.948376,0.42089832
17.719961526447428,65.625,28.968708,0.385681
17.719961526447428,67.5,29.515448,0.39528012
17.719961526447428,69.375,30.061619,0.4108942
17.719961526447428,71.25,30.323689,0.4416837
17.719961526447428,73.125,26.679665,0.69573855
17.719961526447428,75.0,23.787888,0.8126663
17.719961526447428,76.875,23.040232,0.8318822
17.719961526447428,78.75,23.930544,0.7279503
17.719961526447428,80.625,24.322947,0.69299936
17.719961526447428,82.5,25.023201,0.6246644
17.719961526447428,84.375,29.801481,0.38382187
17.719961526447428,86.25,29.531658,0.4228063
17.719961526447428,88.125,29.583376,0.39982963
17.719961526447428,90.0,29.690935,0.38752666
17.719961526447428,91.875,30.150154,0.37684324
17.719961526447428,93.75,30.648748,0.37300408
17.719961526447428,95.625,25.339802,1.154928
17.719961526447428,97.5,23.499,1.2825195
17.719961526447428,99.375,22.523317,1.3446152
17.719961526447428,101.25,22.27322,1.3220807
17.719961526447428,103.125,21.947596,1.3595034
17.719961526447428,105.0,21.76234,1.3979188
17.719961526447428,106.875,22.729137,1.2340184
17.719961526447428,108.75,27.403904,0.51512194
17.719961526447428,110.625,27.657438,0.4462989
17.719961526447428,112.5,27.709862,0.5074333
17.719961526447428,114.375,28.132713,0.57634825
17.719961526447428,116.25,28.415447,0.65176886
17.719961526447428,118.125,28.841404,0.7367756
17.719961526447428,120.0,29.121971,0.82459736
17.719961526447428,121.875,26.183279,0.5527746
17.719961526447428,123.75,29.09865,0.58063823
17.719961526447428,125.625,29.019743,0.64993215
17.719961526447428,127.5,29.307556,0.55141497
17.719961526447428,129.375,29.564236,0.48305377
17.719961526447428,131.25,29.692926,0.4778146
17.719961526447428,133.125,29.723045,0.46395358
17.719961526447428,135.0,29.718338,0.43589267
17.719961526447428,136.875,29.80195,0.41228178
17.719961526447428,138.75,29.845076,0.39440992
17.719961526447428,140.625,29.792908,0.38460612
17.719961526447428,142.5,29.737068,0.3792077
17.719961526447428,144.375,29.704002,0.37728617
17.719961526447428,146.25,29.650583,0.3774944
17.719961526447428,148.125,29.589022,0.3712307
17.719961526447428,150.0,29.56697,0.36172026
17.719961526447428,151.875,29.55863,0.35545513
17.719961526447428,153.75,29.528318,0.35297823
17.719961526447428,155.625,29.506638,0.35418126
17.719961526447428,157.5,29.442303,0.36040905
17.719961526447428,159.375,29.294432,0.36352012
17.719961526447428,161.25,29.176208,0.35266072
17.719961526447428,163.125,29.136755,0.34124622
17.719961526447428,165.0,29.108162,0.3403873
17.719961526447428,166.875,29.056463,0.34559655
17.719961526447428,168.75,28.997732,0.351768
17.719961526447428,170.625,28.937946,0.3618059
17.719961526447428,172.5,28.861599,0.3753972
17.719961526447428,174.375,28.770935,0.37652862
17.719961526447428,176.25,28.744665,0.3853619
17.719961526447428,178.125,28.725525,0.39468405
17.719961526447428,180.0,28.677673,0.4038807
17.719961526447428,181.875,28.63238,0.4121701
17.719961526447428,183.75,28.594315,0.41964006
17.719961526447428,185.625,28.528025,0.42357194
17.719961526447428,187.5,28.443727,0.42901117
17.719961526447428,189.375,28.37611,0.43667462
17.719961526447428,191.25,28.357693,0.44783118
17.719961526447428,193.125,28.29201,0.46246976
17.719961526447428,195.0,28.17699,0.48101807
17.719961526447428,196.875,28.17115,0.49675336
17.719961526447428,198.75,28.190622,0.50571156
17.719961526447428,200.625,28.12328,0.5184211
17.719961526447428,202.5,27.963747,0.53823406
17.719961526447428,204.375,27.901072,0.5580835
17.719961526447428,206.25,27.94238,0.56910133
17.719961526447428,208.125,28.004196,0.57615525
17.719961526447428,210.0,27.952244,0.5862777
17.719961526447428,211.875,27.873846,0.6011118
17.719961526447428,213.75,27.86783,0.6084234
17.719961526447428,215.625,27.890251,0.60789686
17.719961526447428,217.5,27.841345,0.61867696
17.719961526447428,219.375,27.847263,0.63553953
17.719961526447428,221.25,27.924763,0.650892
17.719961526447428,223.125,28.04029,0.67441255
17.719961526447428,225.0,28.107946,0.6939176
17.719961526447428,226.875,28.225525,0.6933514
17.719961526447428,228.75,28.338377,0.6743889
17.719961526447428,230.625,28.493181,0.6326374
17.719961526447428,232.5,28.658981,0.5916741
17.719961526447428,234.375,28.739412,0.5742822
17.719961526447428,236.25,28.82566,0.56713414
17.719961526447428,238.125,29.091852,0.55663985
17.719961526447428,240.0,29.29236,0.5361209
17.719961526447428,241.875,29.248024,0.52261364
17.719961526447428,243.75,29.286228,0.5121622
17.719961526447428,245.625,29.763025,0.49225536
17.719961526447428,247.5,30.009432,0.47472212
17.719961526447428,249.375,30.066383,0.4383051
17.719961526447428,251.25,30.245153,0.42949364
17.719961526447428,253.125,30.68818,0.47329846
17.719961526447428,255.0,30.935114,0.44056046
17.719961526447428,256.875,30.749119,0.47180653
17.719961526447428,258.75,29.78615,0.58705145
17.719961526447428,260.625,21.371267,0.8381954
17.719961526447428,262.5,19.91783,1.1546336
17.719961526447428,264.375,23.622166,1.160897
17.719961526447428,266.25,27.069529,1.2970144
17.719961526447428,268.125,26.551891,1.4931188
17.719961526447428,270.0,26.888395,1.2312474
17.719961526447428,271.875,30.254705,0.3135601
17.719961526447428,273.75,30.262712,0.31022486
17.719961526447428,275.625,30.47744,0.31863612
17.719961526447428,277.5,30.517927,0.32439187
17.719961526447428,279.375,30.509645,0.33166116
17.719961526447428,281.25,30.493572,0.3379273
17.719961526447428,283.125,30.503923,0.34360725
17.719961526447428,285.0,30.351639,0.34236783
17.719961526447428,286.875,29.94826,0.32442656
17.719961526447428,288.75,29.773123,0.30804095
17.719961526447428,290.625,29.787477,0.33099774
17.719961526447428,292.5,29.886345,0.34579322
17.719961526447428,294.375,29.81453,0.3593999
17.719961526447428,296.25,29.637518,0.36095664
17.719961526447428,298.125,29.44947,0.3583496
17.719961526447428,300.0,29.284235,0.3650118
17.719961526447428,301.875,29.113787,0.37609714
17.719961526447428,303.75,28.927282,0.37533808
17.719961526447428,305.625,28.764118,0.37795883
17.719961526447428,307.5,28.671755,0.37847573
17.719961526447428,309.375,28.57068,0.37131107
17.719961526447428,311.25,28.332518,0.37317756
17.719961526447428,313.125,27.940428,0.37937608
17.719961526447428,315.0,27.640818,0.37865335
17.719961526447428,316.875,27.54574,0.39087647
17.719961526447428,318.75,27.35365,0.41232362
17.719961526447428,320.625,27.013983,0.40644193
17.719961526447428,322.5,26.826561,0.40614274
17.719961526447428,324.375,26.7749,0.42573315
17.719961526447428,326.25,26.6516,0.44426212
17.719961526447428,328.125,26.451971,0.45662782
17.719961526447428,330.0,26.37943,0.47580302
17.719961526447428,331.875,26.367556,0.50868154
17.719961526447428,333.75,26.343884,0.5656394
17.719961526447428,335.625,26.508396,0.62111205
17.719961526447428,337.5,26.86908,0.63796526
17.719961526447428,339.375,27.10035,0.6323437
17.719961526447428,341.25,27.259705,0.730272
17.719961526447428,343.125,27.572674,0.80281454
17.719961526447428,345.0,32.137634,0.8005054
17.719961526447428,346.875,31.609276,1.0604316
17.719961526447428,348.75,30.779861,1.1343484
17.719961526447428,350.625,30.225994,1.1704226
17.719961526447428,352.5,30.019724,1.164696
17.719961526447428,354.375,29.630701,1.0984517
17.719961526447428,356.25,30.522635,1.1187009
17.719961526447428,358.125,31.111677,1.1414782
19.58521860882233,0.0,29.383024,1.2247931
19.58521860882233,1.875,28.555271,1.4322898
19.58521860882233,3.75,28.333767,1.6777505
19.58521860882233,5.625,28.162518,1.7931557
19.58521860882233,7.5,26.941814,1.8285202
19.58521860882233,9.375,25.114801,1.7838156
19.58521860882233,11.25,25.06289,1.6420577
19.58521860882233,13.125,26.71535,1.4977257
19.58521860882233,15.0,26.737478,1.4578435
19.58521860882233,16.875,26.586327,1.6353241
19.58521860882233,18.75,24.856775,1.755724
19.58521860882233,20.625,24.453806,1.7606508
19.58521860882233,22.5,25.34701,1.7381119
19.58521860882233,24.375,24.691442,1.7292509
19.58521860882233,26.25,24.605154,1.8265381
19.58521860882233,28.125,26.75203,1.9419483
19.58521860882233,30.0,30.006424,1.9898703
19.58521860882233,31.875,31.68701,1.6561631
19.58521860882233,33.75,30.962303,1.2565268
19.58521860882233,35.625,29.536697,0.789005
19.58521860882233,37.5,31.41619,0.33487424
19.58521860882233,39.375,31.756092,0.41362682
19.58521860882233,41.25,30.360115,1.0079591
19.58521860882233,43.125,25.49156,1.3473434
19.58521860882233,45.0,24.53613,1.5168628
19.58521860882233,46.875,26.847849,1.498122
19.58521860882233,48.75,29.207712,1.3703766
19.58521860882233,50.625,28.702244,1.1971812
19.58521860882233,52.5,28.418161,1.0235981
19.58521860882233,54.375,29.919764,1.0073891
19.58521860882233,56.25,30.390017,0.9383572
19.58521860882233,58.125,30.374939,0.7120648
19.58521860882233,60.0,28.353104,0.5466314
19.58521860882233,61.875,28.175583,0.5655826
19.58521860882233,63.75,28.07203,0.54368305
19.58521860882233,65.625,28.538162,0.45516375
19.58521860882233,67.5,29.567694,0.4266551
19.58521860882233,69.375,30.201248,0.46313527
19.58521860882233,71.25,30.269608,0.53043383
19.58521860882233,73.125,26.600994,0.94885844
19.58521860882233,75.0,23.578611,0.8843772
19.58521860882233,76.875,22.878416,0.84408873
19.58521860882233,78.75,23.656443,0.7803658
19.58521860882233,80.625,24.094372,0.7360655
19.58521860882233,82.5,24.058025,0.742581
19.58521860882233,84.375,25.253376,0.717045
19.58521860882233,86.25,29.211403,0.59067994
19.58521860882233,88.125,29.105837,0.57779276
19.58521860882233,90.0,30.778864,0.3776205
19.58521860882233,91.875,31.110563,0.37418282
19.58521860882233,93.75,27.407948,1.1180786
19.58521860882233,95.625,24.964607,1.1451277
19.58521860882233,97.5,22.548279,1.210089
19.58521860882233,99.375,21.00617,1.2647027
19.58521860882233,101.25,20.018826,1.2689624
19.58521860882233,103.125,19.683083,1.2556291
19.58521860882233,105.0,20.158104,1.3603392
19.58521860882233,106.875,21.528904,1.5436559
19.58521860882233,108.75,23.890915,1.2738364
19.58521860882233,110.625,27.568533,0.50725013
19.58521860882233,112.5,27.56746,0.45338362
19.58521860882233,114.375,27.630194,0.50187904
19.58521860882233,116.25,27.639412,0.6350809
19.58521860882233,118.125,27.821678,0.7519855
19.58521860882233,120.0,28.014061,0.75345826
19.58521860882233,121.875,28.330114,0.646303
19.58521860882233,123.75,28.572067,0.6942967
19.58521860882233,125.625,28.51486,0.74886835
19.58521860882233,127.5,28.776306,0.6461982
19.58521860882233,129.375,29.01992,0.5642397
19.58521860882233,131.25,29.205427,0.5281632
19.58521860882233,133.125,29.359978,0.48244897
19.58521860882233,135.0,29.439548,0.43882897
19.58521860882233,136.875,29.515877,0.40787056
19.58521860882233,138.75,29.534626,0.39537996
19.58521860882233,140.625,29.48783,0.38843304
19.58521860882233,142.5,29.451931,0.37680838
19.58521860882233,144.375,29.426912,0.3626654
19.58521860882233,146.25,29.375505,0.35049763
19.58521860882233,148.125,29.346346,0.3395187
19.58521860882233,150.0,29.380135,0.32385314
19.58521860882233,151.875,29.400505,0.31826934
19.58521860882233,153.75,29.326658,0.31610122
19.58521860882233,155.625,29.23072,0.31334823
19.58521860882233,157.5,29.14326,0.3143305
19.58521860882233,159.375,29.040369,0.31504247
19.58521860882233,161.25,28.957947,0.29932758
19.58521860882233,163.125,28.915857,0.2851043
19.58521860882233,165.0,28.878904,0.2876254
19.58521860882233,166.875,28.804998,0.29688832
19.58521860882233,168.75,28.733025,0.306942
19.58521860882233,170.625,28.690466,0.31761768
19.58521860882233,172.5,28.629784,0.3247204
19.58521860882233,174.375,28.553669,0.32909948
19.58521860882233,176.25,28.503435,0.33338463
19.58521860882233,178.125,28.494196,0.3403219
19.58521860882233,180.0,28.43279,0.3492956
19.58521860882233,181.875,28.31113,0.36044765
19.58521860882233,183.75,28.234724,0.36936724
19.58521860882233,185.625,28.19234,0.38853148
19.58521860882233,187.5,28.077673,0.40813348
19.58521860882233,189.375,27.97283,0.42589152
19.58521860882233,191.25,27.94246,0.4473141
19.58521860882233,193.125,27.893278,0.47073635
19.58521860882233,195.0,27.81617,0.48843268
19.58521860882233,196.875,27.764782,0.50432086
19.58521860882233,198.75,27.748552,0.5108305
19.58521860882233,200.625,27.554764,0.5154495
19.58521860882233,202.5,27.310602,0.529511
19.58521860882233,204.375,27.220837,0.54774034
19.58521860882233,206.25,27.269236,0.5735286
19.58521860882233,208.125,27.313103,0.584643
19.58521860882233,210.0,27.255545,0.5912738
19.58521860882233,211.875,27.197302,0.59824973
19.58521860882233,213.75,27.190231,0.61615086
19.58521860882233,215.625,27.115076,0.6285115
19.58521860882233,217.5,27.063923,0.6452898
19.58521860882233,219.375,27.116755,0.6750475
19.58521860882233,221.25,27.19988,0.7034088
19.58521860882233,223.125,27.180681,0.74028146
19.58521860882233,225.0,27.219412,0.7589679
19.58521860882233,226.875,27.297224,0.76022243
19.58521860882233,228.75,27.313845,0.7487668
19.58521860882233,230.625,27.421698,0.72100586
19.58521860882233,232.5,27.661676,0.67485243
19.58521860882233,234.375,27.800095,0.6364736
19.58521860882233,236.25,27.92203,0.6125591
19.58521860882233,238.125,28.277126,0.60981053
19.58521860882233,240.0,28.540798,0.60787207
19.58521860882233,241.875,28.513494,0.5714739
19.58521860882233,243.75,28.741873,0.53646225
19.58521860882233,245.625,29.27035,0.51707983
19.58521860882233,247.5,29.668612,0.5011104
19.58521860882233,249.375,29.861483,0.47681817
19.58521860882233,251.25,30.498768,0.52851593
19.58521860882233,253.125,31.380836,0.4476836
19.58521860882233,255.0,27.212088,0.9251554
19.58521860882233,256.875,23.68656,0.87332726
19.58521860882233,258.75,19.599197,1.0174693
19.58521860882233,260.625,16.632557,1.2898642
19.58521860882233,262.5,18.431307,1.2034316
19.58521860882233,264.375,29.190096,0.40937582
19.58521860882233,266.25,29.309725,0.5054552
19.58521860882233,268.125,29.312868,0.55856985
19.58521860882233,270.0,29.586248,1.0932467
19.58521860882233,271.875,30.516502,0.33530724
19.58521860882233,273.75,30.26578,0.32092246
19.58521860882233,275.625,30.346228,0.33805102
19.58521860882233,277.5,30.413416,0.36217454
19.58521860882233,279.375,30.478474,0.37848666
19.58521860882233,281.25,30.349333,0.37438414
19.58521860882233,283.125,30.31734,0.37298787
19.58521860882233,285.0,30.161366,0.37963092
19.58521860882233,286.875,29.847712,0.37959024
19.58521860882233,288.75,29.450115,0.40484092
19.58521860882233,290.625,29.521774,0.36787274
19.58521860882233,292.5,29.865135,0.33176684
19.58521860882233,294.375,29.772694,0.34867746
19.58521860882233,296.25,29.58443,0.35080096
19.58521860882233,298.125,29.483982,0.34270847
19.58521860882233,300.0,29.420311,0.34164348
19.58521860882233,301.875,29.311697,0.35279346
19.58521860882233,303.75,29.117517,0.35709202
19.58521860882233,305.625,28.931696,0.34018445
19.58521860882233,307.5,28.786873,0.3401706
19.58521860882233,309.375,28.530329,0.3572366
19.58521860882233,311.25,28.1341,0.3586552
19.58521860882233,313.125,27.845955,0.3725759
19.58521860882233,315.0,27.68111,0.4047569
19.58521860882233,316.875,27.43197,0.42086872
19.58521860882233,318.75,27.059782,0.41949463
19.58521860882233,320.625,26.775934,0.42276675
19.58521860882233,322.5,26.547596,0.43813595
19.58521860882233,324.375,26.315916,0.44920805
19.58521860882233,326.25,26.079723,0.45845133
19.58521860882233,328.125,25.876287,0.4792258
19.58521860882233,330.0,25.763357,0.5119334
19.58521860882233,331.875,25.664549,0.55883574
19.58521860882233,333.75,25.545446,0.6363571
19.58521860882233,335.625,25.598534,0.7007006
19.58521860882233,337.5,25.826305,0.7409033
19.58521860882233,339.375,25.972145,0.7983214
19.58521860882233,341.25,25.750095,0.9525981
19.58521860882233,343.125,26.004725,1.0446479
19.58521860882233,345.0,30.133572,0.76724315
19.58521860882233,346.875,29.60736,0.99494857
19.58521860882233,348.75,28.556658,1.086835
19.58521860882233,350.625,28.659939,1.1235064
19.58521860882233,352.5,28.543377,1.1223147
19.58521860882233,354.375,28.297596,1.1116174
19.58521860882233,356.25,28.827087,1.1350012
19.58521860882233,358.125,29.666658,1.1316345
21.450475037398185,0.0,29.176756,1.1814624
21.450475037398185,1.875,28.498436,1.2547494
21.450475037398185,3.75,26.125622,1.4601979
21.450475037398185,5.625,25.596052,1.6724956
21.450475037398185,7.5,24.365524,1.832809
21.450475037398185,9.375,23.32949,1.8465296
21.450475037398185,11.25,24.179235,1.8284028
21.450475037398185,13.125,25.815428,1.7711108
21.450475037398185,15.0,25.296404,1.7367796
21.450475037398185,16.875,24.11865,1.8678601
21.450475037398185,18.75,23.004372,1.9298538
21.450475037398185,20.625,22.608963,1.814244
21.450475037398185,22.5,23.773317,1.769951
21.450475037398185,24.375,23.61111,1.7897063
21.450475037398185,26.25,22.839626,1.8249437
21.450475037398185,28.125,24.428299,1.9475822
21.450475037398185,30.0,27.66654,2.0641398
21.450475037398185,31.875,29.321833,1.8830533
21.450475037398185,33.75,28.697556,1.4310251
21.450475037398185,35.625,30.252419,1.230921
21.450475037398185,37.5,31.679607,0.4340204
21.450475037398185,39.375,31.704607,0.45606315
21.450475037398185,41.25,27.079275,1.1036171
21.450475037398185,43.125,24.545681,1.3409395
21.450475037398185,45.0,25.389763,1.3511447
21.450475037398185,46.875,27.621286,1.247064
21.450475037398185,48.75,28.97242,1.2372007
21.450475037398185,50.625,29.147009,1.1663206
21.450475037398185,52.5,29.45865,1.0175197
21.450475037398185,54.375,31.05488,1.1300372
21.450475037398185,56.25,29.460388,1.0078278
21.450475037398185,58.125,29.21744,0.8575398
21.450475037398185,60.0,28.400993,0.59127396
21.450475037398185,61.875,28.28113,0.60806555
21.450475037398185,63.75,28.523455,0.5869953
21.450475037398185,65.625,29.094841,0.5642065
21.450475037398185,67.5,29.418493,0.5510045
21.450475037398185,69.375,29.900661,0.56289035
21.450475037398185,71.25,29.85152,1.586895
21.450475037398185,73.125,27.211912,1.44303
21.450475037398185,75.0,24.629763,1.141642
21.450475037398185,76.875,23.628025,0.9272235
21.450475037398185,78.75,23.469002,0.8481798
21.450475037398185,80.625,23.36205,0.790439
21.450475037398185,82.5,22.529158,0.7845348
21.450475037398185,84.375,22.382282,0.80098635
21.450475037398185,86.25,23.583689,0.7831236
21.450475037398185,88.125,26.638395,0.9943489
21.450475037398185,90.0,31.092615,0.43032184
21.450475037398185,91.875,25.826618,0.8696286
21.450475037398185,93.75,24.235682,0.9116759
21.450475037398185,95.625,23.179176,1.1418971
21.450475037398185,97.5,21.72406,1.1814677
21.450475037398185,99.375,19.964745,1.2511032
21.450475037398185,101.25,18.224295,1.2885567
21.450475037398185,103.125,18.013025,1.2220031
21.450475037398185,105.0,19.085213,1.2321427
21.450475037398185,106.875,21.05027,1.3251952
21.450475037398185,108.75,22.210974,1.4429276
21.450475037398185,110.625,22.258064,1.3786018
21.450475037398185,112.5,23.421736,1.1970226
21.450475037398185,114.375,27.627321,0.46586975
21.450475037398185,116.25,27.414295,0.53138095
21.450475037398185,118.125,27.288963,0.60210097
21.450475037398185,120.0,27.362616,0.7020888
21.450475037398185,121.875,27.638338,0.7631198
21.450475037398185,123.75,27.799334,0.87134933
21.450475037398185,125.625,27.96238,0.83795923
21.450475037398185,127.5,28.284021,0.7453299
21.450475037398185,129.375,28.518044,0.70204765
21.450475037398185,131.25,28.762362,0.63504297
21.450475037398185,133.125,29.030388,0.5569243
21.450475037398185,135.0,29.169178,0.48175764
21.450475037398185,136.875,29.223787,0.43897268
21.450475037398185,138.75,29.24986,0.41464633
21.450475037398185,140.625,29.24611,0.41064242
21.450475037398185,142.5,29.241169,0.40656337
21.450475037398185,144.375,29.23822,0.3888824
21.450475037398185,146.25,29.220486,0.37100387
21.450475037398185,148.125,29.21943,0.35998985
21.450475037398185,150.0,29.251873,0.3371351
21.450475037398185,151.875,29.234587,0.31723562
21.450475037398185,153.75,29.093962,0.30862394
21.450475037398185,155.625,28.952106,0.30930725
21.450475037398185,157.5,28.8857,0.32047325
21.450475037398185,159.375,28.839745,0.32123423
21.450475037398185,161.25,28.75283,0.30829635
21.450475037398185,163.125,28.657244,0.291461
21.450475037398185,165.0,28.591833,0.28943098
21.450475037398185,166.875,28.5166,0.29357466
21.450475037398185,168.75,28.446814,0.3023924
21.450475037398185,170.625,28.409645,0.31586745
21.450475037398185,172.5,28.377321,0.3237758
21.450475037398185,174.375,28.286951,0.3232751
21.450475037398185,176.25,28.178982,0.32204646
21.450475037398185,178.125,28.119314,0.3236038
21.450475037398185,180.0,28.069431,0.3295192
21.450475037398185,181.875,27.920935,0.33913925
21.450475037398185,183.75,27.822927,0.35656223
21.450475037398185,185.625,27.780544,0.37453067
21.450475037398185,187.5,27.69865,0.39414224
21.450475037398185,189.375,27.580584,0.41971654
21.450475037398185,191.25,27.503338,0.44233194
21.450475037398185,193.125,27.454567,0.4643455
21.450475037398185,195.0,27.37621,0.48578352
21.450475037398185,196.875,27.294275,0.50577044
21.450475037398185,198.75,27.175661,0.51220834
21.450475037398185,200.625,26.948122,0.5226489
21.450475037398185,202.5,26.620916,0.53782177
21.450475037398185,204.375,26.489313,0.5360151
21.450475037398185,206.25,26.569841,0.55114275
21.450475037398185,208.125,26.562244,0.5822051
21.450475037398185,210.0,26.44949,0.5962814
21.450475037398185,211.875,26.34074,0.6044898
21.450475037398185,213.75,26.277517,0.63020027
21.450475037398185,215.625,26.1766,0.6518245
21.450475037398185,217.5,26.065681,0.6664433
21.450475037398185,219.375,26.086052,0.6909724
21.450475037398185,221.25,26.078571,0.7343463
21.450475037398185,223.125,26.079607,0.75565344
21.450475037398185,225.0,26.04365,0.76561403
21.450475037398185,226.875,26.056248,0.77097094
21.450475037398185,228.75,26.1082,0.77809685
21.450475037398185,230.625,26.234001,0.7580098
21.450475037398185,232.5,26.39904,0.7266169
21.450475037398185,234.375,26.58656,0.7108638
21.450475037398185,236.25,27.002068,0.7131956
21.450475037398185,238.125,27.309471,0.77051854
21.450475037398185,240.0,27.307262,0.82510144
21.450475037398185,241.875,27.413904,0.7199123
21.450475037398185,243.75,28.032537,0.6321243
21.450475037398185,245.625,28.698689,0.5976087
21.450475037398185,247.5,29.20945,0.5547286
21.450475037398185,249.375,29.732244,0.5270725
21.450475037398185,251.25,30.797556,0.49542803
21.450475037398185,253.125,31.318884,0.38900387
21.450475037398185,255.0,24.032791,0.79186624
21.450475037398185,256.875,18.672888,1.1442828
21.450475037398185,258.75,16.598455,1.416073
21.450475037398185,260.625,18.088612,1.3959603
21.450475037398185,262.5,23.684393,1.214647
21.450475037398185,264.375,29.580446,0.5057103
21.450475037398185,266.25,29.077557,0.56766176
21.450475037398185,268.125,28.895134,0.50917596
21.450475037398185,270.0,29.048279,0.5558711
21.450475037398185,271.875,29.1632,0.4843614
21.450475037398185,273.75,29.920994,0.34400865
21.450475037398185,275.625,29.952303,0.34602386
21.450475037398185,277.5,29.944782,0.38670397
21.450475037398185,279.375,30.285486,0.40656787
21.450475037398185,281.25,30.20287,0.3882819
21.450475037398185,283.125,30.125877,0.3867709
21.450475037398185,285.0,29.907654,0.41328788
21.450475037398185,286.875,29.653084,0.41259846
21.450475037398185,288.75,29.530428,0.3943624
21.450475037398185,290.625,29.595623,0.36902973
21.450475037398185,292.5,29.686697,0.34609896
21.450475037398185,294.375,29.622068,0.34259355
21.450475037398185,296.25,29.536266,0.33327776
21.450475037398185,298.125,29.48535,0.33569396
21.450475037398185,300.0,29.38826,0.32945633
21.450475037398185,301.875,29.2591,0.3162788
21.450475037398185,303.75,29.101189,0.3232372
21.450475037398185,305.625,28.918512,0.3246771
21.450475037398185,307.5,28.768826,0.3196662
21.450475037398185,309.375,28.556774,0.34298974
21.450475037398185,311.25,28.303377,0.33642754
21.450475037398185,313.125,28.174782,0.33942005
21.450475037398185,315.0,27.991013,0.38144356
21.450475037398185,316.875,27.556013,0.41154116
21.450475037398185,318.75,27.1666,0.41618493
21.450475037398185,320.625,26.953943,0.42585933
21.450475037398185,322.5,26.649002,0.45210752
21.450475037398185,324.375,26.197361,0.44623062
21.450475037398185,326.25,25.86703,0.45408377
21.450475037398185,328.125,25.615778,0.4941701
21.450475037398185,330.0,25.36117,0.53208196
21.450475037398185,331.875,25.081287,0.5551187
21.450475037398185,333.75,24.816912,0.58012116
21.450475037398185,335.625,24.59572,0.646292
21.450475037398185,337.5,24.400524,0.75858694
21.450475037398185,339.375,24.281305,0.9122228
21.450475037398185,341.25,23.959158,1.1712577
21.450475037398185,343.125,24.009432,1.4808226
21.450475037398185,345.0,28.489782,0.86214113
21.450475037398185,346.875,27.972654,0.99031794
21.450475037398185,348.75,27.301346,1.0991635
21.450475037398185,350.625,27.543358,1.123153
21.450475037398185,352.5,28.375193,1.1905475
21.450475037398185,354.375,29.076073,1.2593014
21.450475037398185,356.25,29.520973,1.2581153
21.450475037398185,358.125,29.493767,1.2413642
23.31573072614093,0.0,27.965935,1.2839153
23.31573072614093,1.875,28.22826,1.2325482
23.31573072614093,3.75,25.797653,1.3079041
23.31573072614093,5.625,24.147068,1.5006542
23.31573072614093,7.5,21.744627,1.7446804
23.31573072614093,9.375,20.656305,1.846082
23.31573072614093,11.25,21.593103,1.8737429
23.31573072614093,13.125,22.143143,1.8104231
23.31573072614093,15.0,22.943083,1.8753012
23.31573072614093,16.875,21.442263,1.8835449
23.31573072614093,18.75,22.6083,1.9031076
23.31573072614093,20.625,22.684353,1.7964904
23.31573072614093,22.5,22.958084,1.767228
23.31573072614093,24.375,22.497107,1.7783694
23.31573072614093,26.25,22.25283,1.7683935
23.31573072614093,28.125,23.066599,1.8393085
23.31573072614093,30.0,25.542849,2.0252864
23.31573072614093,31.875,27.303553,1.964096
23.31573072614093,33.75,29.50068,1.610771
23.31573072614093,35.625,32.992027,1.1756915
23.31573072614093,37.5,31.551014,0.542504
23.31573072614093,39.375,32.10734,0.9861169
23.31573072614093,41.25,27.571657,1.2752037
23.31573072614093,43.125,25.752693,1.3851883
23.31573072614093,45.0,26.535975,1.2419161
23.31573072614093,46.875,26.03621,1.1229237
23.31573072614093,48.75,26.067322,1.1488165
23.31573072614093,50.625,28.088747,1.2072129
23.31573072614093,52.5,30.514196,1.1610141
23.31573072614093,54.375,30.289528,1.2389375
23.31573072614093,56.25,29.655682,1.1858377
23.31573072614093,58.125,29.02906,0.73265725
23.31573072614093,60.0,29.228123,0.62952775
23.31573072614093,61.875,29.318981,0.64239544
23.31573072614093,63.75,29.599802,0.6199097
23.31573072614093,65.625,29.606522,0.6337184
23.31573072614093,67.5,29.047634,0.6888709
23.31573072614093,69.375,28.980349,1.5162364
23.31573072614093,71.25,28.204782,1.8063017
23.31573072614093,73.125,25.839275,1.6856489
23.31573072614093,75.0,23.877459,1.2621862
23.31573072614093,76.875,22.043612,0.97536296
23.31573072614093,78.75,20.848083,0.90071356
23.31573072614093,80.625,20.99656,0.90159845
23.31573072614093,82.5,21.544977,0.9244261
23.31573072614093,84.375,21.61994,0.9674933
23.31573072614093,86.25,22.904411,1.0337003
23.31573072614093,88.125,26.082127,1.7292122
23.31573072614093,90.0,26.735252,1.5169364
23.31573072614093,91.875,23.833279,0.96382993
23.31573072614093,93.75,23.384802,1.0540582
23.31573072614093,95.625,23.156736,1.2028232
23.31573072614093,97.5,21.73908,1.0929947
23.31573072614093,99.375,18.748611,1.0953454
23.31573072614093,101.25,17.063162,1.2120664
23.31573072614093,103.125,16.851952,1.3130912
23.31573072614093,105.0,17.307459,1.270929
23.31573072614093,106.875,19.034842,1.2138942
23.31573072614093,108.75,19.9949,1.3205276
23.31573072614093,110.625,19.374157,1.4835811
23.31573072614093,112.5,19.26451,1.4955368
23.31573072614093,114.375,21.1299,1.4376516
23.31573072614093,116.25,23.196814,1.3235288
23.31573072614093,118.125,26.900349,0.54785794
23.31573072614093,120.0,26.671833,0.60044503
23.31573072614093,121.875,27.02781,0.7680132
23.31573072614093,123.75,27.059196,0.8868098
23.31573072614093,125.625,27.380896,0.81930244
23.31573072614093,127.5,27.754295,0.76662546
23.31573072614093,129.375,27.931072,0.79820883
23.31573072614093,131.25,28.175116,0.7480055
23.31573072614093,133.125,28.506248,0.65116984
23.31573072614093,135.0,28.726892,0.5607886
23.31573072614093,136.875,28.84033,0.5165373
23.31573072614093,138.75,28.934841,0.48616856
23.31573072614093,140.625,28.97992,0.47851682
23.31573072614093,142.5,28.952848,0.47276372
23.31573072614093,144.375,28.90693,0.45958313
23.31573072614093,146.25,28.895231,0.43860635
23.31573072614093,148.125,28.904743,0.41972163
23.31573072614093,150.0,28.904627,0.39660457
23.31573072614093,151.875,28.871014,0.36602846
23.31573072614093,153.75,28.828318,0.35143968
23.31573072614093,155.625,28.756716,0.3525873
23.31573072614093,157.5,28.627459,0.36361665
23.31573072614093,159.375,28.510798,0.37086958
23.31573072614093,161.25,28.407028,0.36416265
23.31573072614093,163.125,28.259373,0.3471061
23.31573072614093,165.0,28.192205,0.32866907
23.31573072614093,166.875,28.212166,0.32569894
23.31573072614093,168.75,28.158064,0.33811843
23.31573072614093,170.625,28.043396,0.35004225
23.31573072614093,172.5,27.955095,0.3483204
23.31573072614093,174.375,27.87947,0.34377113
23.31573072614093,176.25,27.734295,0.34227434
23.31573072614093,178.125,27.592556,0.34185043
23.31573072614093,180.0,27.539568,0.34356454
23.31573072614093,181.875,27.534666,0.3488188
23.31573072614093,183.75,27.426619,0.36140585
23.31573072614093,185.625,27.323416,0.3676451
23.31573072614093,187.5,27.293415,0.3777912
23.31573072614093,189.375,27.20617,0.39800286
23.31573072614093,191.25,27.072243,0.42311215
23.31573072614093,193.125,26.948532,0.44713956
23.31573072614093,195.0,26.797928,0.4713512
23.31573072614093,196.875,26.661892,0.48470783
23.31573072614093,198.75,26.572224,0.50091016
23.31573072614093,200.625,26.483963,0.5260222
23.31573072614093,202.5,26.245428,0.54662967
23.31573072614093,204.375,26.102556,0.5444342
23.31573072614093,206.25,26.083063,0.5525488
23.31573072614093,208.125,25.997576,0.5906752
23.31573072614093,210.0,25.761911,0.6107721
23.31573072614093,211.875,25.514528,0.6119825
23.31573072614093,213.75,25.37902,0.633699
23.31573072614093,215.625,25.296442,0.67093277
23.31573072614093,217.5,25.109959,0.68820393
23.31573072614093,219.375,24.937029,0.6975581
23.31573072614093,221.25,24.941755,0.7212844
23.31573072614093,223.125,24.891071,0.752776
23.31573072614093,225.0,24.74787,0.76092696
23.31573072614093,226.875,24.719412,0.75544596
23.31573072614093,228.75,24.899763,0.7724518
23.31573072614093,230.625,25.005291,0.7765794
23.31573072614093,232.5,25.140818,0.75538635
23.31573072614093,234.375,25.59777,0.76012
23.31573072614093,236.25,26.084978,0.8395012
23.31573072614093,238.125,26.178045,0.94702864
23.31573072614093,240.0,26.144157,0.8788597
23.31573072614093,241.875,26.463612,0.77715003
23.31573072614093,243.75,27.332302,0.7243662
23.31573072614093,245.625,28.420818,0.6405317
23.31573072614093,247.5,29.445662,0.5440463
23.31573072614093,249.375,30.184547,0.519571
23.31573072614093,251.25,30.994217,0.42887363
23.31573072614093,253.125,30.877302,0.37177446
23.31573072614093,255.0,19.940973,0.95230156
23.31573072614093,256.875,16.674528,1.3902918
23.31573072614093,258.75,16.238552,1.4870138
23.31573072614093,260.625,21.213102,1.4634434
23.31573072614093,262.5,29.544899,0.5285962
23.31573072614093,264.375,29.26572,0.57392603
23.31573072614093,266.25,28.612165,0.5229557
23.31573072614093,268.125,28.437634,0.46921727
23.31573072614093,270.0,28.467596,0.49964526
23.31573072614093,271.875,28.637869,0.46909955
23.31573072614093,273.75,29.110018,0.38727355
23.31573072614093,275.625,29.4341,0.36316776
23.31573072614093,277.5,29.23119,0.39238483
23.31573072614093,279.375,29.592634,0.393742
23.31573072614093,281.25,29.672243,0.4552166
23.31573072614093,283.125,29.77195,0.45315897
23.31573072614093,285.0,29.332909,0.46219167
23.31573072614093,286.875,29.083141,0.42377412
23.31573072614093,288.75,29.190603,0.40077624
23.31573072614093,290.625,29.311424,0.41737852
23.31573072614093,292.5,29.251911,0.42390957
23.31573072614093,294.375,29.148611,0.40860116
23.31573072614093,296.25,29.097849,0.39317775
23.31573072614093,298.125,29.06535,0.38638026
23.31573072614093,300.0,28.972145,0.3796748
23.31573072614093,301.875,28.880447,0.35438508
23.31573072614093,303.75,28.824392,0.3508435
23.31573072614093,305.625,28.71949,0.34817436
23.31573072614093,307.5,28.61906,0.33868372
23.31573072614093,309.375,28.516794,0.338691
23.31573072614093,311.25,28.347536,0.34334275
23.31573072614093,313.125,28.22113,0.34181333
23.31573072614093,315.0,28.055641,0.34675068
23.31573072614093,316.875,27.702244,0.35480934
23.31573072614093,318.75,27.413006,0.37618303
23.31573072614093,320.625,27.305994,0.39511874
23.31573072614093,322.5,26.995428,0.41408664
23.31573072614093,324.375,26.437048,0.43115672
23.31573072614093,326.25,26.146852,0.44792864
23.31573072614093,328.125,25.92783,0.4833309
23.31573072614093,330.0,25.56033,0.4864595
23.31573072614093,331.875,25.169529,0.5172606
23.31573072614093,333.75,24.839138,0.5442438
23.31573072614093,335.625,24.504549,0.5610252
23.31573072614093,337.5,23.967615,0.6141349
23.31573072614093,339.375,23.257517,0.73761874
23.31573072614093,341.25,22.358337,1.0948638
23.31573072614093,343.125,21.15535,1.4271421
23.31573072614093,345.0,26.462048,1.1019053
23.31573072614093,346.875,26.359217,1.0612361
23.31573072614093,348.75,25.737225,1.1278074
23.31573072614093,350.625,26.07705,1.2071124
23.31573072614093,352.5,27.409958,1.3279301
23.31573072614093,354.375,27.904274,1.3341985
23.31573072614093,356.25,27.62539,1.3610519
23.31573072614093,358.125,27.436384,1.3527491
25.180985581270594,0.0,25.676228,1.3993597
25.180985581270594,1.875,27.455603,1.3900523
25.180985581270594,3.75,25.81531,1.3815184
25.180985581270594,5.625,22.61201,1.4943649
25.180985581270594,7.5,21.392185,1.6952306
25.180985581270594,9.375,21.374372,1.7771223
25.180985581270594,11.25,21.163044,1.7815278
25.180985581270594,13.125,20.188396,1.6833372
25.180985581270594,15.0,21.698006,1.7380488
25.180985581270594,16.875,22.547966,1.7802789
25.180985581270594,18.75,22.12652,1.723384
25.180985581270594,20.625,21.951872,1.6873735
25.180985581270594,22.5,22.418747,1.7223845
25.180985581270594,24.375,22.990934,1.7547599
25.180985581270594,26.25,21.771696,1.6815286
25.180985581270594,28.125,23.14412,1.6823939
25.180985581270594,30.0,24.16701,1.8717479
25.180985581270594,31.875,25.448942,1.9204781
25.180985581270594,33.75,29.31037,1.6741812
25.180985581270594,35.625,29.987694,0.630621
25.180985581270594,37.5,30.98701,1.082489
25.180985581270594,39.375,28.356775,1.1770186
25.180985581270594,41.25,25.899548,1.3493106
25.180985581270594,43.125,26.177185,1.3780804
25.180985581270594,45.0,26.173826,1.2999474
25.180985581270594,46.875,25.467888,1.2556131
25.180985581270594,48.75,25.988358,1.3299755
25.180985581270594,50.625,29.181072,1.2002558
25.180985581270594,52.5,31.548395,0.59877414
25.180985581270594,54.375,30.517204,0.715535
25.180985581270594,56.25,29.856657,0.97496074
25.180985581270594,58.125,29.370739,0.89394134
25.180985581270594,60.0,29.277498,0.8373393
25.180985581270594,61.875,28.16701,1.0379442
25.180985581270594,63.75,28.72074,0.70354277
25.180985581270594,65.625,28.922009,0.7395684
25.180985581270594,67.5,28.178143,1.4737834
25.180985581270594,69.375,29.854431,1.7511636
25.180985581270594,71.25,28.51822,1.7167367
25.180985581270594,73.125,24.544,1.7201993
25.180985581270594,75.0,22.274704,1.3903008
25.180985581270594,76.875,20.633747,1.1212021
25.180985581270594,78.75,20.792322,1.0231462
25.180985581270594,80.625,22.474373,0.92599267
25.180985581270594,82.5,24.538904,1.1317142
25.180985581270594,84.375,27.483103,1.8775386
25.180985581270594,86.25,28.078943,2.063022
25.180985581270594,88.125,26.386463,1.7032962
25.180985581270594,90.0,23.349607,1.0572388
25.180985581270594,91.875,22.26111,0.9374921
25.180985581270594,93.75,24.0166,1.1662123
25.180985581270594,95.625,25.057634,1.2475551
25.180985581270594,97.5,19.890837,0.9620254
25.180985581270594,99.375,14.813943,0.8856185
25.180985581270594,101.25,13.50908,1.1491903
25.180985581270594,103.125,14.102908,1.3797479
25.180985581270594,105.0,14.376169,1.4497399
25.180985581270594,106.875,15.403103,1.3356249
25.180985581270594,108.75,17.01742,1.2775382
25.180985581270594,110.625,17.312439,1.4255481
25.180985581270594,112.5,16.736052,1.4825399
25.180985581270594,114.375,17.387653,1.4963303
25.180985581270594,116.25,18.366053,1.5657394
25.180985581270594,118.125,19.278728,1.4471445
25.180985581270594,120.0,20.734783,1.1844506
25.180985581270594,121.875,25.746346,0.61838096
25.180985581270594,123.75,26.395466,0.77380973
25.180985581270594,125.625,26.781755,0.76218766
25.180985581270594,127.5,27.249744,0.69479287
25.180985581270594,129.375,27.39156,0.7732075
25.180985581270594,131.25,27.543123,0.7715968
25.180985581270594,133.125,27.831892,0.6802152
25.180985581270594,135.0,28.08615,0.5976714
25.180985581270594,136.875,28.283962,0.5565209
25.180985581270594,138.75,28.483864,0.5427
25.180985581270594,140.625,28.603474,0.54490614
25.180985581270594,142.5,28.586403,0.5382108
25.180985581270594,144.375,28.500017,0.51477313
25.180985581270594,146.25,28.45947,0.49142456
25.180985581270594,148.125,28.453884,0.4781542
25.180985581270594,150.0,28.427908,0.45867422
25.180985581270594,151.875,28.44152,0.42419866
25.180985581270594,153.75,28.499235,0.4067966
25.180985581270594,155.625,28.489275,0.41186315
25.180985581270594,157.5,28.317028,0.4276585
25.180985581270594,159.375,28.104256,0.43051165
25.180985581270594,161.25,27.962849,0.42296755
25.180985581270594,163.125,27.79158,0.4098966
25.180985581270594,165.0,27.671364,0.38777876
25.180985581270594,166.875,27.722927,0.38357732
25.180985581270594,168.75,27.737087,0.39432034
25.180985581270594,170.625,27.545525,0.39974037
25.180985581270594,172.5,27.36988,0.38253084
25.180985581270594,174.375,27.328123,0.37335873
25.180985581270594,176.25,27.252321,0.37598974
25.180985581270594,178.125,27.053885,0.3769904
25.180985581270594,180.0,26.965387,0.3686175
25.180985581270594,181.875,26.970798,0.3748741
25.180985581270594,183.75,26.88822,0.39158574
25.180985581270594,185.625,26.713102,0.39201674
25.180985581270594,187.5,26.57156,0.38506487
25.180985581270594,189.375,26.54451,0.39228597
25.180985581270594,191.25,26.468122,0.4180161
25.180985581270594,193.125,26.348728,0.44407934
25.180985581270594,195.0,26.226189,0.4603392
25.180985581270594,196.875,26.075563,0.46883687
25.180985581270594,198.75,25.99197,0.4818331
25.180985581270594,200.625,25.94697,0.5076753
25.180985581270594,202.5,25.839745,0.536934
25.180985581270594,204.375,25.621971,0.5470979
25.180985581270594,206.25,25.466442,0.56178373
25.180985581270594,208.125,25.314724,0.60031915
25.180985581270594,210.0,25.05775,0.6248895
25.180985581270594,211.875,24.784842,0.6201127
25.180985581270594,213.75,24.63441,0.62647194
25.180985581270594,215.625,24.472595,0.66364396
25.180985581270594,217.5,24.181072,0.6889046
25.180985581270594,219.375,23.977009,0.6997845
25.180985581270594,221.25,23.88531,0.7297946
25.180985581270594,223.125,23.734646,0.7808332
25.180985581270594,225.0,23.566267,0.8207001
25.180985581270594,226.875,23.559978,0.8249482
25.180985581270594,228.75,23.61742,0.81829035
25.180985581270594,230.625,23.64279,0.7994963
25.180985581270594,232.5,23.964373,0.81813496
25.180985581270594,234.375,24.48191,0.86542374
25.180985581270594,236.25,24.894451,0.9483555
25.180985581270594,238.125,25.016891,0.9779213
25.180985581270594,240.0,25.052322,0.9158907
25.180985581270594,241.875,25.813435,0.81795144
25.180985581270594,243.75,27.196716,0.6931461
25.180985581270594,245.625,28.628006,0.61215943
25.180985581270594,247.5,29.792068,0.5617481
25.180985581270594,249.375,30.90822,0.41329792
25.180985581270594,251.25,30.899725,0.3848841
25.180985581270594,253.125,21.716032,1.1180094
25.180985581270594,255.0,17.850447,1.4772123
25.180985581270594,256.875,16.47451,1.6682291
25.180985581270594,258.75,18.519333,1.8243212
25.180985581270594,260.625,23.552498,1.9263228
25.180985581270594,262.5,28.64949,0.61794895
25.180985581270594,264.375,28.47611,0.5090444
25.180985581270594,266.25,28.238514,0.48409772
25.180985581270594,268.125,28.576618,0.44033998
25.180985581270594,270.0,28.778963,0.46919048
25.180985581270594,271.875,28.494041,0.5073888
25.180985581270594,273.75,28.389002,0.4363002
25.180985581270594,275.625,28.529587,0.39543864
25.180985581270594,277.5,28.338865,0.43107232
25.180985581270594,279.375,28.631775,0.40619323
25.180985581270594,281.25,29.270388,0.40236256
25.180985581270594,283.125,29.238182,0.473638
25.180985581270594,285.0,28.491404,0.49518955
25.180985581270594,286.875,28.36822,0.43407258
25.180985581270594,288.75,28.636091,0.41982567
25.180985581270594,290.625,28.759295,0.45154995
25.180985581270594,292.5,28.713415,0.48097727
25.180985581270594,294.375,28.685701,0.47192824
25.180985581270594,296.25,28.64113,0.43881458
25.180985581270594,298.125,28.529724,0.42708364
25.180985581270594,300.0,28.461678,0.4151865
25.180985581270594,301.875,28.461052,0.40722233
25.180985581270594,303.75,28.44242,0.40645665
25.180985581270594,305.625,28.357536,0.39485654
25.180985581270594,307.5,28.279997,0.37692246
25.180985581270594,309.375,28.181892,0.36675462
25.180985581270594,311.25,27.99326,0.3765471
25.180985581270594,313.125,27.801247,0.38981587
25.180985581270594,315.0,27.680544,0.3631103
25.180985581270594,316.875,27.531794,0.34961942
25.180985581270594,318.75,27.372595,0.35589013
25.180985581270594,320.625,27.2699,0.37834495
25.180985581270594,322.5,26.990389,0.407976
25.180985581270594,324.375,26.505348,0.40458396
25.180985581270594,326.25,26.317673,0.40078524
25.180985581270594,328.125,26.115057,0.4566444
25.180985581270594,330.0,25.602575,0.49142954
25.180985581270594,331.875,25.173552,0.5016297
25.180985581270594,333.75,24.939646,0.53127533
25.180985581270594,335.625,24.61115,0.56327444
25.180985581270594,337.5,24.059118,0.6010783
25.180985581270594,339.375,23.374645,0.6404732
25.180985581270594,341.25,22.45656,0.7725491
25.180985581270594,343.125,20.83406,1.013912
25.180985581270594,345.0,24.427752,1.3112534
25.180985581270594,346.875,24.669022,1.2348733
25.180985581270594,348.75,25.056814,1.2261728
25.180985581270594,350.625,25.283728,1.2280096
25.180985581270594,352.5,25.05453,1.3593475
25.180985581270594,354.375,25.927967,1.4628938
25.180985581270594,356.25,25.232244,1.4979556
25.180985581270594,358.125,24.299177,1.437971
27.04623949994481,0.0,23.651072,1.4304001
27.04623949994481,1.875,24.03611,1.4639086
27.04623949994481,3.75,23.290329,1.4709824
27.04623949994481,5.625,22.381618,1.482899
27.04623949994481,7.5,21.811579,1.5133466
27.04623949994481,9.375,21.974392,1.5603333
27.04623949994481,11.25,20.924236,1.5931361
27.04623949994481,13.125,20.620525,1.6129899
27.04623949994481,15.0,20.905876,1.5904434
27.04623949994481,16.875,22.787107,1.5532675
27.04623949994481,18.75,22.380682,1.4912877
27.04623949994481,20.625,22.250896,1.499754
27.04623949994481,22.5,22.250916,1.5840436
27.04623949994481,24.375,22.325193,1.6211959
27.04623949994481,26.25,21.520388,1.5293558
27.04623949994481,28.125,22.607107,1.4762393
27.04623949994481,30.0,22.771442,1.6094989
27.04623949994481,31.875,23.979315,1.7839692
27.04623949994481,33.75,26.644783,1.7222862
27.04623949994481,35.625,29.39449,0.65595275
27.04623949994481,37.5,26.13703,1.325449
27.04623949994481,39.375,22.717674,1.3523171
27.04623949994481,41.25,23.455818,1.4426283
27.04623949994481,43.125,24.346228,1.4166952
27.04623949994481,45.0,24.38453,1.4308813
27.04623949994481,46.875,25.307497,1.424568
27.04623949994481,48.75,27.822126,1.3747239
27.04623949994481,50.625,31.038885,0.5240128
27.04623949994481,52.5,28.312185,1.0426351
27.04623949994481,54.375,26.150467,1.239562
27.04623949994481,56.25,26.385387,1.3446506
27.04623949994481,58.125,26.881872,1.3707235
27.04623949994481,60.0,25.837967,1.4724717
27.04623949994481,61.875,24.403631,1.5996051
27.04623949994481,63.75,22.388748,1.5819145
27.04623949994481,65.625,23.707928,1.5269135
27.04623949994481,67.5,26.384588,1.6236097
27.04623949994481,69.375,28.351795,1.5768965
27.04623949994481,71.25,26.630232,1.5153837
27.04623949994481,73.125,22.91951,1.4873468
27.04623949994481,75.0,21.649607,1.4865775
27.04623949994481,76.875,22.759197,1.4545101
27.04623949994481,78.75,24.0282,1.3068951
27.04623949994481,80.625,24.134373,1.2232741
27.04623949994481,82.5,21.667614,0.98768765
27.04623949994481,84.375,18.398533,0.87381434
27.04623949994481,86.25,15.8309355,0.83507323
27.04623949994481,88.125,13.8911495,0.8069608
27.04623949994481,90.0,12.63449,0.8009124
27.04623949994481,91.875,13.810818,0.6871675
27.04623949994481,93.75,17.386307,0.67913043
27.04623949994481,95.625,18.786266,0.906464
27.04623949994481,97.5,13.681833,0.7956109
27.04623949994481,99.375,8.733943,0.8514103
27.04623949994481,101.25,8.061404,0.96150327
27.04623949994481,103.125,11.465778,1.1536752
27.04623949994481,105.0,12.863278,1.5907893
27.04623949994481,106.875,13.0973215,1.5507855
27.04623949994481,108.75,14.337283,1.3218318
27.04623949994481,110.625,15.414959,1.3283707
27.04623949994481,112.5,15.521619,1.378725
27.04623949994481,114.375,15.877634,1.3610872
27.04623949994481,116.25,16.293512,1.4705125
27.04623949994481,118.125,16.536795,1.5065408
27.04623949994481,120.0,18.21738,1.2848582
27.04623949994481,121.875,24.952068,0.67998976
27.04623949994481,123.75,25.43322,0.68060225
27.04623949994481,125.625,26.05658,0.70484525
27.04623949994481,127.5,26.771502,0.64874274
27.04623949994481,129.375,27.02572,0.6613246
27.04623949994481,131.25,27.105036,0.707713
27.04623949994481,133.125,27.262672,0.6796368
27.04623949994481,135.0,27.391932,0.623019
27.04623949994481,136.875,27.540936,0.598952
27.04623949994481,138.75,27.72652,0.6013796
27.04623949994481,140.625,27.895641,0.58987594
27.04623949994481,142.5,27.98945,0.55582577
27.04623949994481,144.375,27.993044,0.5407225
27.04623949994481,146.25,27.999802,0.53129286
27.04623949994481,148.125,28.012419,0.529188
27.04623949994481,150.0,27.960936,0.5174889
27.04623949994481,151.875,27.901932,0.48727167
27.04623949994481,153.75,27.91242,0.47497404
27.04623949994481,155.625,27.904549,0.48450267
27.04623949994481,157.5,27.765896,0.4923272
27.04623949994481,159.375,27.6066,0.48534143
27.04623949994481,161.25,27.549978,0.48049876
27.04623949994481,163.125,27.418024,0.4881078
27.04623949994481,165.0,27.167614,0.467769
27.04623949994481,166.875,27.05738,0.44071496
27.04623949994481,168.75,27.077848,0.44830456
27.04623949994481,170.625,26.950876,0.45554397
27.04623949994481,172.5,26.74027,0.43400446
27.04623949994481,174.375,26.672459,0.42162302
27.04623949994481,176.25,26.574919,0.43401417
27.04623949994481,178.125,26.385487,0.43671852
27.04623949994481,180.0,26.236814,0.42514905
27.04623949994481,181.875,26.18234,0.4276382
27.04623949994481,183.75,26.116697,0.43582034
27.04623949994481,185.625,25.970837,0.42943022
27.04623949994481,187.5,25.869452,0.41602603
27.04623949994481,189.375,25.797264,0.4103384
27.04623949994481,191.25,25.674782,0.41822782
27.04623949994481,193.125,25.591717,0.42631817
27.04623949994481,195.0,25.56195,0.44645703
27.04623949994481,196.875,25.468239,0.467641
27.04623949994481,198.75,25.270271,0.48632568
27.04623949994481,200.625,25.1457,0.49583277
27.04623949994481,202.5,25.051678,0.5146276
27.04623949994481,204.375,24.928337,0.54005
27.04623949994481,206.25,24.71914,0.5640941
27.04623949994481,208.125,24.52363,0.5828628
27.04623949994481,210.0,24.364979,0.60531074
27.04623949994481,211.875,24.204782,0.64156187
27.04623949994481,213.75,23.934315,0.6693035
27.04623949994481,215.625,23.61906,0.6796467
27.04623949994481,217.5,23.345818,0.7084966
27.04623949994481,219.375,23.080915,0.7481753
27.04623949994481,221.25,22.83117,0.7709964
27.04623949994481,223.125,22.585798,0.8175264
27.04623949994481,225.0,22.427711,0.87150526
27.04623949994481,226.875,22.258884,0.8938425
27.04623949994481,228.75,22.156715,0.86640286
27.04623949994481,230.625,22.373533,0.8244456
27.04623949994481,232.5,22.642693,0.8446437
27.04623949994481,234.375,22.945856,0.8978715
27.04623949994481,236.25,23.579842,0.9652915
27.04623949994481,238.125,23.83992,0.98818743
27.04623949994481,240.0,23.631775,0.96876866
27.04623949994481,241.875,24.821833,0.9178859
27.04623949994481,243.75,27.262537,0.67848897
27.04623949994481,245.625,28.799236,0.6141034
27.04623949994481,247.5,30.939724,0.47496825
27.04623949994481,249.375,31.165895,0.40924433
27.04623949994481,251.25,22.082458,1.2397846
27.04623949994481,253.125,17.408806,1.5535268
27.04623949994481,255.0,16.58449,1.8709059
27.04623949994481,256.875,18.320154,2.0579412
27.04623949994481,258.75,22.024118,2.3445663
27.04623949994481,260.625,24.57988,2.355955
27.04623949994481,262.5,25.707108,1.9579341
27.04623949994481,264.375,28.431677,0.50771576
27.04623949994481,266.25,28.29867,0.46438184
27.04623949994481,268.125,28.375095,0.4733018
27.04623949994481,270.0,28.26949,0.49943736
27.04623949994481,271.875,28.10328,0.48477376
27.04623949994481,273.75,27.956366,0.47871488
27.04623949994481,275.625,27.844704,0.4715725
27.04623949994481,277.5,27.79533,0.5619637
27.04623949994481,279.375,28.670975,0.37720975
27.04623949994481,281.25,29.020544,0.38209924
27.04623949994481,283.125,28.40701,0.48068675
27.04623949994481,285.0,27.441912,0.5171183
27.04623949994481,286.875,27.673435,0.47964182
27.04623949994481,288.75,28.035799,0.48311606
27.04623949994481,290.625,27.934118,0.5223092
27.04623949994481,292.5,27.753338,0.5133534
27.04623949994481,294.375,27.99242,0.522424
27.04623949994481,296.25,28.076658,0.50413954
27.04623949994481,298.125,27.909294,0.50768495
27.04623949994481,300.0,27.796053,0.47873452
27.04623949994481,301.875,27.860447,0.445037
27.04623949994481,303.75,27.799236,0.4479657
27.04623949994481,305.625,27.652342,0.44169337
27.04623949994481,307.5,27.59818,0.40244868
27.04623949994481,309.375,27.556852,0.3889941
27.04623949994481,311.25,27.3816,0.38413343
27.04623949994481,313.125,27.22863,0.40086856
27.04623949994481,315.0,27.215487,0.38788733
27.04623949994481,316.875,27.13281,0.37352443
27.04623949994481,318.75,26.940916,0.3668768
27.04623949994481,320.625,26.778553,0.39267248
27.04623949994481,322.5,26.580505,0.41517872
27.04623949994481,324.375,26.324762,0.40904924
27.04623949994481,326.25,26.166208,0.3976521
27.04623949994481,328.125,25.909939,0.44407597
27.04623949994481,330.0,25.463943,0.48133275
27.04623949994481,331.875,25.146833,0.46814454
27.04623949994481,333.75,24.907478,0.5085492
27.04623949994481,335.625,24.475603,0.5620401
27.04623949994481,337.5,23.939236,0.61354643
27.04623949994481,339.375,23.41576,0.66635054
27.04623949994481,341.25,22.673063,0.7236412
27.04623949994481,343.125,21.698963,0.7989512
27.04623949994481,345.0,20.622791,0.87777114
27.04623949994481,346.875,20.072987,0.95498425
27.04623949994481,348.75,24.187576,1.2365509
27.04623949994481,350.625,24.25027,1.2068144
27.04623949994481,352.5,23.554607,1.3300369
27.04623949994481,354.375,23.768475,1.4220062
27.04623949994481,356.25,23.68074,1.4781778
27.04623949994481,358.125,22.892067,1.4454721
28.91149236871774,0.0,21.851482,1.3773999
28.91149236871774,1.875,21.823103,1.439552
28.91149236871774,3.75,21.090818,1.439306
28.91149236871774,5.625,20.825018,1.3797292
28.91149236871774,7.5,21.205956,1.3863152
28.91149236871774,9.375,20.888435,1.4227146
28.91149236871774,11.25,19.88951,1.4684759
28.91149236871774,13.125,20.001736,1.5257232
28.91149236871774,15.0,20.689802,1.5059243
28.91149236871774,16.875,21.037966,1.3920456
28.91149236871774,18.75,21.12574,1.2940243
28.91149236871774,20.625,21.990643,1.3360872
28.91149236871774,22.5,21.76244,1.4143485
28.91149236871774,24.375,21.373455,1.4267582
28.91149236871774,26.25,21.738474,1.3302568
28.91149236871774,28.125,22.607946,1.2357669
28.91149236871774,30.0,22.903982,1.3101044
28.91149236871774,31.875,22.89072,1.5147662
28.91149236871774,33.75,23.502342,1.6500051
28.91149236871774,35.625,23.85568,1.672314
28.91149236871774,37.5,22.895231,1.613783
28.91149236871774,39.375,21.445934,1.5710539
28.91149236871774,41.25,21.898045,1.5853935
28.91149236871774,43.125,23.049217,1.6070653
28.91149236871774,45.0,24.17451,1.6139419
28.91149236871774,46.875,26.624763,1.5741404
28.91149236871774,48.75,29.914001,0.6025706
28.91149236871774,50.625,26.416794,1.3477222
28.91149236871774,52.5,20.868141,1.5255154
28.91149236871774,54.375,18.164274,1.7007097
28.91149236871774,56.25,19.890701,1.8290343
28.91149236871774,58.125,21.607595,1.871539
28.91149236871774,60.0,21.876131,1.8914441
28.91149236871774,61.875,22.139685,1.9504361
28.91149236871774,63.75,22.41484,1.8819983
28.91149236871774,65.625,21.810583,1.636695
28.91149236871774,67.5,22.253162,1.4756968
28.91149236871774,69.375,24.121424,1.4699812
28.91149236871774,71.25,25.267927,1.5265015
28.91149236871774,73.125,24.739763,1.5107546
28.91149236871774,75.0,23.78826,1.5774151
28.91149236871774,76.875,22.858454,1.4323902
28.91149236871774,78.75,20.58822,1.1532452
28.91149236871774,80.625,14.8649,0.89822507
28.91149236871774,82.5,7.7950563,0.9142862
28.91149236871774,84.375,1.2585324,1.0224173
28.91149236871774,86.25,-1.1220926,1.2444775
28.91149236871774,88.125,0.26417693,1.3788913
28.91149236871774,90.0,-1.7496121,1.0387422
28.91149236871774,91.875,1.2513645,0.9668878
28.91149236871774,93.75,5.236228,0.82417804
28.91149236871774,95.625,7.1906614,0.75465804
28.91149236871774,97.5,4.840095,0.81634855
28.91149236871774,99.375,1.9025558,0.8833589
28.91149236871774,101.25,3.9680636,0.8759711
28.91149236871774,103.125,10.042224,0.99136245
28.91149236871774,105.0,13.219119,1.6936222
28.91149236871774,106.875,13.034216,1.6917033
28.91149236871774,108.75,12.89406,1.2979717
28.91149236871774,110.625,13.74031,1.2474715
28.91149236871774,112.5,14.353533,1.3970239
28.91149236871774,114.375,15.120876,1.3378958
28.91149236871774,116.25,15.41738,1.3143839
28.91149236871774,118.125,15.487674,1.384699
28.91149236871774,120.0,16.47779,1.2781746
28.91149236871774,121.875,23.23236,0.77582216
28.91149236871774,123.75,24.024782,0.72164387
28.91149236871774,125.625,25.07283,0.76267004
28.91149236871774,127.5,26.088259,0.7235558
28.91149236871774,129.375,26.655075,0.63952637
28.91149236871774,131.25,26.800388,0.63901025
28.91149236871774,133.125,26.789196,0.6459374
28.91149236871774,135.0,26.772575,0.61991954
28.91149236871774,136.875,26.758455,0.5935862
28.91149236871774,138.75,26.782282,0.58506024
28.91149236871774,140.625,26.838005,0.5642952
28.91149236871774,142.5,26.938807,0.539423
28.91149236871774,144.375,27.000721,0.5474332
28.91149236871774,146.25,27.046541,0.5403555
28.91149236871774,148.125,27.14822,0.5312985
28.91149236871774,150.0,27.17949,0.54818356
28.91149236871774,151.875,27.090115,0.5403073
28.91149236871774,153.75,27.01486,0.52071023
28.91149236871774,155.625,27.001736,0.5211243
28.91149236871774,157.5,26.951052,0.5286232
28.91149236871774,159.375,26.86158,0.5246104
28.91149236871774,161.25,26.798357,0.5287688
28.91149236871774,163.125,26.73951,0.54606575
28.91149236871774,165.0,26.531052,0.5385425
28.91149236871774,166.875,26.332283,0.5019136
28.91149236871774,168.75,26.28699,0.48874846
28.91149236871774,170.625,26.266346,0.50692713
28.91149236871774,172.5,26.105837,0.5152937
28.91149236871774,174.375,25.854137,0.5143626
28.91149236871774,176.25,25.690876,0.50859606
28.91149236871774,178.125,25.54441,0.5008678
28.91149236871774,180.0,25.408533,0.49056438
28.91149236871774,181.875,25.320837,0.48476082
28.91149236871774,183.75,25.226091,0.49390677
28.91149236871774,185.625,25.13574,0.5000711
28.91149236871774,187.5,25.06236,0.49905172
28.91149236871774,189.375,24.94029,0.4919012
28.91149236871774,191.25,24.774216,0.4732389
28.91149236871774,193.125,24.611736,0.45994276
28.91149236871774,195.0,24.588806,0.46677473
28.91149236871774,196.875,24.51238,0.48881972
28.91149236871774,198.75,24.347069,0.50305825
28.91149236871774,200.625,24.217712,0.49981698
28.91149236871774,202.5,24.21949,0.5216651
28.91149236871774,204.375,24.149529,0.55375046
28.91149236871774,206.25,24.008923,0.5650132
28.91149236871774,208.125,23.838669,0.56270903
28.91149236871774,210.0,23.710623,0.5916441
28.91149236871774,211.875,23.529139,0.6358957
28.91149236871774,213.75,23.232477,0.66383594
28.91149236871774,215.625,22.956482,0.6947734
28.91149236871774,217.5,22.714607,0.72353697
28.91149236871774,219.375,22.378845,0.74473196
28.91149236871774,221.25,22.002693,0.72725135
28.91149236871774,223.125,21.78277,0.73036456
28.91149236871774,225.0,21.564764,0.76059335
28.91149236871774,226.875,21.261833,0.7918838
28.91149236871774,228.75,21.140545,0.80992335
28.91149236871774,230.625,21.348045,0.79096377
28.91149236871774,232.5,21.524237,0.8030427
28.91149236871774,234.375,21.469685,0.86313254
28.91149236871774,236.25,21.523806,0.851897
28.91149236871774,238.125,21.724548,0.8557756
28.91149236871774,240.0,22.005526,0.91675854
28.91149236871774,241.875,23.703064,1.001943
28.91149236871774,243.75,26.647146,0.9516015
28.91149236871774,245.625,25.190641,1.4302205
28.91149236871774,247.5,25.609001,1.5124929
28.91149236871774,249.375,22.99031,1.4497114
28.91149236871774,251.25,17.953903,1.4744047
28.91149236871774,253.125,15.335174,1.759585
28.91149236871774,255.0,16.388924,2.117804
28.91149236871774,256.875,19.746677,2.374612
28.91149236871774,258.75,22.74156,2.5987985
28.91149236871774,260.625,23.114412,2.56688
28.91149236871774,262.5,23.869997,2.33611
28.91149236871774,264.375,24.449099,2.0496938
28.91149236871774,266.25,26.881618,0.7277373
28.91149236871774,268.125,26.992517,0.664886
28.91149236871774,270.0,26.917479,0.5987008
28.91149236871774,271.875,27.451443,0.48597923
28.91149236871774,273.75,27.609098,0.47617167
28.91149236871774,275.625,27.087986,0.6641201
28.91149236871774,277.5,23.923494,1.52469
28.91149236871774,279.375,28.159294,0.39594603
28.91149236871774,281.25,28.573591,0.37933052
28.91149236871774,283.125,27.258455,0.46936092
28.91149236871774,285.0,26.466404,0.52249146
28.91149236871774,286.875,26.94783,0.45562926
28.91149236871774,288.75,27.339842,0.479414
28.91149236871774,290.625,27.086208,0.6178307
28.91149236871774,292.5,26.5907,0.5615163
28.91149236871774,294.375,26.881891,0.50793964
28.91149236871774,296.25,27.137928,0.5048078
28.91149236871774,298.125,27.031305,0.5110679
28.91149236871774,300.0,26.935291,0.526632
28.91149236871774,301.875,27.011911,0.50357914
28.91149236871774,303.75,27.019608,0.4761169
28.91149236871774,305.625,26.889256,0.45488197
28.91149236871774,307.5,26.862206,0.43440405
28.91149236871774,309.375,26.866423,0.41264424
28.91149236871774,311.25,26.715837,0.41351408
28.91149236871774,313.125,26.572517,0.41149536
28.91149236871774,315.0,26.584333,0.41208112
28.91149236871774,316.875,26.46531,0.42252854
28.91149236871774,318.75,26.218552,0.42694962
28.91149236871774,320.625,26.119997,0.4299853
28.91149236871774,322.5,26.114626,0.4187172
28.91149236871774,324.375,25.964354,0.45952395
28.91149236871774,326.25,25.753513,0.44406757
28.91149236871774,328.125,25.531912,0.44608516
28.91149236871774,330.0,25.247889,0.43268248
28.91149236871774,331.875,25.0424,0.43548313
28.91149236871774,333.75,24.79074,0.4637014
28.91149236871774,335.625,24.385077,0.48730728
28.91149236871774,337.5,24.010096,0.513231
28.91149236871774,339.375,23.80279,0.55128264
28.91149236871774,341.25,23.413591,0.6501756
28.91149236871774,343.125,22.715662,0.7181947
28.91149236871774,345.0,21.974977,0.8252749
28.91149236871774,346.875,21.18363,0.89220864
28.91149236871774,348.75,20.422752,0.8883038
28.91149236871774,350.625,23.280895,1.2667496
28.91149236871774,352.5,21.433962,1.3137369
28.91149236871774,354.375,20.989822,1.3563589
28.91149236871774,356.25,21.757946,1.3638824
28.91149236871774,358.125,22.216755,1.3578955
30.77674406172325,0.0,18.094118,1.3716267
30.77674406172325,1.875,18.19246,1.3540975
30.77674406172325,3.75,19.321678,1.3302916
30.77674406172325,5.625,20.30656,1.2575449
30.77674406172325,7.5,20.386345,1.2644114
30.77674406172325,9.375,19.05441,1.3009632
30.77674406172325,11.25,18.619743,1.3482344
30.77674406172325,13.125,19.312204,1.3799525
30.77674406172325,15.0,20.689568,1.3140391
30.77674406172325,16.875,21.76451,1.1971898
30.77674406172325,18.75,25.791306,0.51046604
30.77674406172325,20.625,21.89402,1.2316815
30.77674406172325,22.5,21.683514,1.2306045
30.77674406172325,24.375,21.411444,1.1990311
30.77674406172325,26.25,21.781834,1.1542459
30.77674406172325,28.125,25.96738,0.6535961
30.77674406172325,30.0,26.49988,0.59352875
30.77674406172325,31.875,23.707537,1.3753552
30.77674406172325,33.75,21.6807,1.5143318
30.77674406172325,35.625,20.975193,1.6648189
30.77674406172325,37.5,20.2574,1.6723526
30.77674406172325,39.375,20.223825,1.6623892
30.77674406172325,41.25,21.098259,1.6976774
30.77674406172325,43.125,22.844471,1.7390374
30.77674406172325,45.0,25.203533,1.7065823
30.77674406172325,46.875,27.431833,1.6293261
30.77674406172325,48.75,25.930487,1.6255553
30.77674406172325,50.625,20.180935,1.7137108
30.77674406172325,52.5,15.033767,1.7668718
30.77674406172325,54.375,14.814353,1.9071537
30.77674406172325,56.25,17.873142,2.0609782
30.77674406172325,58.125,19.684431,2.0347679
30.77674406172325,60.0,21.04947,2.0388527
30.77674406172325,61.875,22.073416,1.923074
30.77674406172325,63.75,21.911053,1.7455565
30.77674406172325,65.625,18.148026,1.5684094
30.77674406172325,67.5,16.461618,1.517846
30.77674406172325,69.375,19.579178,1.4928846
30.77674406172325,71.25,26.368141,1.5220888
30.77674406172325,73.125,30.283005,1.4481424
30.77674406172325,75.0,27.04945,1.3707677
30.77674406172325,76.875,17.629803,1.1902031
30.77674406172325,78.75,7.645896,1.0801938
30.77674406172325,80.625,0.043512877,1.3594097
30.77674406172325,82.5,-5.286018,1.5838768
30.77674406172325,84.375,-7.6196313,1.2792856
30.77674406172325,86.25,-6.749241,1.1807138
30.77674406172325,88.125,-5.5861745,1.1017199
30.77674406172325,90.0,-5.2676196,1.062635
30.77674406172325,91.875,-4.7412724,1.0541745
30.77674406172325,93.75,-2.994827,1.1132668
30.77674406172325,95.625,-1.5830692,1.0792483
30.77674406172325,97.5,-1.6025223,1.0381709
30.77674406172325,99.375,-1.4738895,1.184147
30.77674406172325,101.25,1.1574777,1.0461552
30.77674406172325,103.125,7.7205443,0.9613072
30.77674406172325,105.0,11.911033,1.6083186
30.77674406172325,106.875,12.817966,1.8152488
30.77674406172325,108.75,12.1074,1.3320343
30.77674406172325,110.625,12.3846855,1.2689475
30.77674406172325,112.5,13.569529,1.5932602
30.77674406172325,114.375,14.666657,1.5563421
30.77674406172325,116.25,14.922888,1.3164518
30.77674406172325,118.125,14.849295,1.2791812
30.77674406172325,120.0,15.805896,1.2064887
30.77674406172325,121.875,21.278864,0.8185866
30.77674406172325,123.75,22.8149,0.72124964
30.77674406172325,125.625,24.49447,0.74505955
30.77674406172325,127.5,25.548573,0.76876855
30.77674406172325,129.375,26.178766,0.691297
30.77674406172325,131.25,26.374842,0.63374984
30.77674406172325,133.125,26.31037,0.59594136
30.77674406172325,135.0,26.23992,0.5921307
30.77674406172325,136.875,26.238258,0.5800652
30.77674406172325,138.75,26.256384,0.58119506
30.77674406172325,140.625,26.15572,0.5802221
30.77674406172325,142.5,26.090271,0.543351
30.77674406172325,144.375,26.061247,0.5078601
30.77674406172325,146.25,26.012146,0.46521086
30.77674406172325,148.125,26.077381,0.46082672
30.77674406172325,150.0,26.225544,0.4875929
30.77674406172325,151.875,26.250465,0.53412116
30.77674406172325,153.75,26.170818,0.5473208
30.77674406172325,155.625,26.14371,0.536756
30.77674406172325,157.5,26.09574,0.532139
30.77674406172325,159.375,25.953436,0.5322102
30.77674406172325,161.25,25.827068,0.52832574
30.77674406172325,163.125,25.812048,0.5341033
30.77674406172325,165.0,25.80359,0.54668784
30.77674406172325,166.875,25.693201,0.55242795
30.77674406172325,168.75,25.563044,0.5578385
30.77674406172325,170.625,25.440153,0.5726879
30.77674406172325,172.5,25.252966,0.5915501
30.77674406172325,174.375,25.051443,0.5913274
30.77674406172325,176.25,24.875994,0.5841815
30.77674406172325,178.125,24.779158,0.5812393
30.77674406172325,180.0,24.714432,0.5838904
30.77674406172325,181.875,24.53164,0.584089
30.77674406172325,183.75,24.30816,0.57423514
30.77674406172325,185.625,24.151619,0.5629184
30.77674406172325,187.5,24.069256,0.5637832
30.77674406172325,189.375,24.025173,0.56125784
30.77674406172325,191.25,23.86822,0.5548823
30.77674406172325,193.125,23.73361,0.5321879
30.77674406172325,195.0,23.621405,0.51099813
30.77674406172325,196.875,23.555565,0.50178736
30.77674406172325,198.75,23.477224,0.49947098
30.77674406172325,200.625,23.419645,0.50013685
30.77674406172325,202.5,23.331638,0.5179624
30.77674406172325,204.375,23.217693,0.54036236
30.77674406172325,206.25,23.072731,0.53106266
30.77674406172325,208.125,22.971657,0.5373155
30.77674406172325,210.0,22.781912,0.56346625
30.77674406172325,211.875,22.57654,0.5847947
30.77674406172325,213.75,22.45908,0.5954227
30.77674406172325,215.625,22.361755,0.6145784
30.77674406172325,217.5,22.171951,0.64289546
30.77674406172325,219.375,21.854803,0.6522477
30.77674406172325,221.25,21.60156,0.64391464
30.77674406172325,223.125,21.39611,0.6390915
30.77674406172325,225.0,21.099138,0.68090564
30.77674406172325,226.875,20.730955,0.74983096
30.77674406172325,228.75,20.462048,0.7747981
30.77674406172325,230.625,20.409822,0.7964864
30.77674406172325,232.5,20.339373,0.83891726
30.77674406172325,234.375,19.909548,0.83499855
30.77674406172325,236.25,19.7415,0.78775734
30.77674406172325,238.125,20.246248,0.8024998
30.77674406172325,240.0,21.0424,0.9279362
30.77674406172325,241.875,23.134783,1.0776552
30.77674406172325,243.75,25.168709,1.1165905
30.77674406172325,245.625,23.35736,1.6273264
30.77674406172325,247.5,22.75199,1.8573239
30.77674406172325,249.375,19.454939,1.716696
30.77674406172325,251.25,15.871912,1.6356225
30.77674406172325,253.125,14.771716,1.8103507
30.77674406172325,255.0,17.030388,2.170872
30.77674406172325,256.875,18.660389,2.3099003
30.77674406172325,258.75,19.166327,2.485763
30.77674406172325,260.625,19.69527,2.553775
30.77674406172325,262.5,21.075056,2.51961
30.77674406172325,264.375,21.439842,2.3551507
30.77674406172325,266.25,20.615505,2.1885872
30.77674406172325,268.125,20.092693,2.1804245
30.77674406172325,270.0,20.19953,2.1667585
30.77674406172325,271.875,20.40191,2.0856376
30.77674406172325,273.75,20.091658,1.9695675
30.77674406172325,275.625,20.132029,1.9428353
30.77674406172325,277.5,20.862616,1.8932797
30.77674406172325,279.375,27.12451,0.5027389
30.77674406172325,281.25,28.195662,0.35154253
30.77674406172325,283.125,27.136541,0.4129775
30.77674406172325,285.0,26.025524,0.4346175
30.77674406172325,286.875,25.936932,0.4477662
30.77674406172325,288.75,26.131638,0.4293123
30.77674406172325,290.625,26.218494,0.5442712
30.77674406172325,292.5,25.843122,0.5480419
30.77674406172325,294.375,25.858885,0.48256794
30.77674406172325,296.25,25.95576,0.49767283
30.77674406172325,298.125,25.848396,0.52039284
30.77674406172325,300.0,25.792849,0.54094225
30.77674406172325,301.875,25.882557,0.54914296
30.77674406172325,303.75,25.950525,0.5202934
30.77674406172325,305.625,25.928806,0.49697626
30.77674406172325,307.5,25.984705,0.5072616
30.77674406172325,309.375,26.049822,0.50613725
30.77674406172325,311.25,25.986248,0.48158708
30.77674406172325,313.125,25.831032,0.4822055
30.77674406172325,315.0,25.76736,0.46974126
30.77674406172325,316.875,25.686853,0.46729243
30.77674406172325,318.75,25.501873,0.44336197
30.77674406172325,320.625,25.422537,0.43210095
30.77674406172325,322.5,25.407888,0.44966668
30.77674406172325,324.375,25.24199,0.5168144
30.77674406172325,326.25,25.003141,0.51600313
30.77674406172325,328.125,24.902596,0.4725495
30.77674406172325,330.0,24.784645,0.44477296
30.77674406172325,331.875,24.5999,0.48941657
30.77674406172325,333.75,24.343904,0.52831256
30.77674406172325,335.625,24.054686,0.51275516
30.77674406172325,337.5,23.858532,0.50779605
30.77674406172325,339.375,23.729998,0.5083744
30.77674406172325,341.25,23.475798,0.5713173
30.77674406172325,343.125,23.040428,0.6319475
30.77674406172325,345.0,22.613533,0.71693873
30.77674406172325,346.875,22.131481,0.8354091
30.77674406172325,348.75,21.180994,0.92394865
30.77674406172325,350.625,19.998358,0.97051036
30.77674406172325,352.5,19.775524,1.4972476
30.77674406172325,354.375,18.397284,1.4321165
30.77674406172325,356.25,18.027908,1.3583461
30.77674406172325,358.125,18.457008,1.3544008
32.64199443851768,0.0,14.78531,1.4940826
32.64199443851768,1.875,15.485251,1.3935958
32.64199443851768,3.75,17.525545,1.2749982
32.64199443851768,5.625,18.661911,1.1994973
32.64199443851768,7.5,19.0749,1.1705154
32.64199443851768,9.375,19.142048,1.1665984
32.64199443851768,11.25,19.568865,1.1670444
32.64199443851768,13.125,20.962517,1.1207285
32.64199443851768,15.0,24.492537,0.62809294
32.64199443851768,16.875,24.323923,0.70264524
32.64199443851768,18.75,24.124588,0.7015507
32.64199443851768,20.625,23.786932,0.716795
32.64199443851768,22.5,23.89365,0.73212594
32.64199443851768,24.375,24.173513,0.75129676
32.64199443851768,26.25,23.80533,0.79661673
32.64199443851768,28.125,23.841326,0.8576462
32.64199443851768,30.0,24.408924,0.79817265
32.64199443851768,31.875,25.034216,0.683888
32.64199443851768,33.75,26.160934,0.5938114
32.64199443851768,35.625,21.35197,1.7203046
32.64199443851768,37.5,18.442322,1.7485391
32.64199443851768,39.375,18.488083,1.6961133
32.64199443851768,41.25,20.686071,1.7415115
32.64199443851768,43.125,23.007614,1.7406572
32.64199443851768,45.0,24.871384,1.662873
32.64199443851768,46.875,23.013279,1.6792563
32.64199443851768,48.75,18.878416,1.8651025
32.64199443851768,50.625,14.82238,1.8323945
32.64199443851768,52.5,14.516501,1.9468461
32.64199443851768,54.375,17.471638,2.0089927
32.64199443851768,56.25,19.209627,2.03225
32.64199443851768,58.125,19.322634,2.0259106
32.64199443851768,60.0,19.131306,2.013498
32.64199443851768,61.875,19.174236,1.9373138
32.64199443851768,63.75,16.951424,1.8051652
32.64199443851768,65.625,11.182849,1.7417041
32.64199443851768,67.5,9.986403,1.7405307
32.64199443851768,69.375,14.9163065,1.6483678
32.64199443851768,71.25,23.366657,1.5717647
32.64199443851768,73.125,26.27527,1.5392708
32.64199443851768,75.0,17.868748,1.4003832
32.64199443851768,76.875,3.4886887,1.5150591
32.64199443851768,78.75,-8.360784,2.8510416
32.64199443851768,80.625,-9.949299,2.7180624
32.64199443851768,82.5,-8.418108,1.4368463
32.64199443851768,84.375,-6.184729,1.2196693
32.64199443851768,86.25,-4.4549246,1.0878547
32.64199443851768,88.125,-3.4263504,1.0344265
32.64199443851768,90.0,-3.6320732,1.0219026
32.64199443851768,91.875,-4.5034404,1.056562
32.64199443851768,93.75,-4.1379128,1.1133476
32.64199443851768,95.625,-2.8127565,1.1540145
32.64199443851768,97.5,-2.1633232,1.2492563
32.64199443851768,99.375,-2.2245536,1.4677241
32.64199443851768,101.25,-0.8526981,1.3311657
32.64199443851768,103.125,3.2869503,0.9687426
32.64199443851768,105.0,7.690115,1.2690157
32.64199443851768,106.875,9.631111,1.4874991
32.64199443851768,108.75,10.438337,1.3976442
32.64199443851768,110.625,11.376228,1.495384
32.64199443851768,112.5,12.363377,1.5812265
32.64199443851768,114.375,13.626462,1.5919515
32.64199443851768,116.25,13.983084,1.3813009
32.64199443851768,118.125,14.002869,1.2222583
32.64199443851768,120.0,15.27197,1.0682985
32.64199443851768,121.875,21.690603,0.7453247
32.64199443851768,123.75,22.619997,0.70053434
32.64199443851768,125.625,23.925251,0.7086093
32.64199443851768,127.5,23.940252,0.8011967
32.64199443851768,129.375,24.50525,0.79262704
32.64199443851768,131.25,25.667185,0.6907159
32.64199443851768,133.125,26.017263,0.6226664
32.64199443851768,135.0,25.927868,0.55535865
32.64199443851768,136.875,25.930544,0.5331584
32.64199443851768,138.75,25.97529,0.52796346
32.64199443851768,140.625,25.91613,0.55488634
32.64199443851768,142.5,25.792673,0.565762
32.64199443851768,144.375,25.739197,0.5654349
32.64199443851768,146.25,25.620895,0.5677948
32.64199443851768,148.125,25.468689,0.54865164
32.64199443851768,150.0,25.423416,0.51339126
32.64199443851768,151.875,25.356071,0.50414896
32.64199443851768,153.75,25.181892,0.5344749
32.64199443851768,155.625,25.064919,0.54146785
32.64199443851768,157.5,25.103727,0.531335
32.64199443851768,159.375,25.091599,0.5229763
32.64199443851768,161.25,24.983942,0.5174851
32.64199443851768,163.125,24.940037,0.5130589
32.64199443851768,165.0,24.999119,0.5269305
32.64199443851768,166.875,24.979393,0.559525
32.64199443851768,168.75,24.733513,0.5852656
32.64199443851768,170.625,24.48865,0.5995349
32.64199443851768,172.5,24.374353,0.6101504
32.64199443851768,174.375,24.263533,0.62647754
32.64199443851768,176.25,24.126463,0.6477106
32.64199443851768,178.125,23.990955,0.6741636
32.64199443851768,180.0,23.771873,0.6922963
32.64199443851768,181.875,23.613962,0.6870966
32.64199443851768,183.75,23.500486,0.6663782
32.64199443851768,185.625,23.354704,0.6452971
32.64199443851768,187.5,23.182049,0.6314486
32.64199443851768,189.375,23.0074,0.62332463
32.64199443851768,191.25,23.019997,0.6055717
32.64199443851768,193.125,23.01451,0.58523375
32.64199443851768,195.0,22.898142,0.56493944
32.64199443851768,196.875,22.701149,0.5449776
32.64199443851768,198.75,22.65576,0.528108
32.64199443851768,200.625,22.619762,0.5177848
32.64199443851768,202.5,22.437536,0.5154402
32.64199443851768,204.375,22.210272,0.5075221
32.64199443851768,206.25,22.20486,0.4996808
32.64199443851768,208.125,22.173748,0.5064151
32.64199443851768,210.0,21.949684,0.51073384
32.64199443851768,211.875,21.798983,0.5043309
32.64199443851768,213.75,21.818514,0.52172166
32.64199443851768,215.625,21.689041,0.55290645
32.64199443851768,217.5,21.398455,0.5874303
32.64199443851768,219.375,21.245876,0.61550313
32.64199443851768,221.25,21.125095,0.62257177
32.64199443851768,223.125,20.920427,0.63672537
32.64199443851768,225.0,20.632868,0.6858562
32.64199443851768,226.875,20.164822,0.7335216
32.64199443851768,228.75,19.727928,0.7703318
32.64199443851768,230.625,19.467575,0.801671
32.64199443851768,232.5,19.011189,0.80325526
32.64199443851768,234.375,18.512497,0.7692829
32.64199443851768,236.25,18.742987,0.768857
32.64199443851768,238.125,20.032282,0.96005815
32.64199443851768,240.0,21.64279,1.1198033
32.64199443851768,241.875,23.049725,1.1301818
32.64199443851768,243.75,21.433474,1.6773479
32.64199443851768,245.625,20.862087,1.7843336
32.64199443851768,247.5,18.993708,1.8035837
32.64199443851768,249.375,15.724334,1.7678163
32.64199443851768,251.25,12.684724,1.7063607
32.64199443851768,253.125,12.862497,1.8057258
32.64199443851768,255.0,15.0332,2.0557663
32.64199443851768,256.875,16.111717,2.2959032
32.64199443851768,258.75,16.682478,2.4947753
32.64199443851768,260.625,17.902126,2.6534736
32.64199443851768,262.5,19.29611,2.6709697
32.64199443851768,264.375,19.479021,2.6496294
32.64199443851768,266.25,18.369802,2.4554458
32.64199443851768,268.125,17.862713,2.4426916
32.64199443851768,270.0,18.000252,2.377217
32.64199443851768,271.875,17.288572,2.1839886
32.64199443851768,273.75,16.198767,2.0347695
32.64199443851768,275.625,15.960623,1.9892176
32.64199443851768,277.5,16.983767,1.9749371
32.64199443851768,279.375,19.284119,1.9593468
32.64199443851768,281.25,26.809685,0.41973528
32.64199443851768,283.125,27.327225,0.35203364
32.64199443851768,285.0,26.554607,0.3716544
32.64199443851768,286.875,25.645994,0.4574404
32.64199443851768,288.75,25.468006,0.49639297
32.64199443851768,290.625,25.172693,0.502484
32.64199443851768,292.5,24.938377,0.5385224
32.64199443851768,294.375,24.91818,0.5300608
32.64199443851768,296.25,24.833338,0.52083117
32.64199443851768,298.125,24.690485,0.5136922
32.64199443851768,300.0,24.65746,0.5361513
32.64199443851768,301.875,24.746893,0.54600656
32.64199443851768,303.75,24.740154,0.53477013
32.64199443851768,305.625,24.712479,0.53463614
32.64199443851768,307.5,24.750544,0.57107913
32.64199443851768,309.375,24.80658,0.5665491
32.64199443851768,311.25,24.848825,0.5342802
32.64199443851768,313.125,24.850231,0.53719264
32.64199443851768,315.0,24.847633,0.52882093
32.64199443851768,316.875,24.831638,0.51331985
32.64199443851768,318.75,24.800348,0.50127196
32.64199443851768,320.625,24.706326,0.46655247
32.64199443851768,322.5,24.561813,0.4710156
32.64199443851768,324.375,24.375349,0.49335825
32.64199443851768,326.25,24.24787,0.4736752
32.64199443851768,328.125,24.221111,0.5102828
32.64199443851768,330.0,24.097244,0.5379847
32.64199443851768,331.875,23.898045,0.5204711
32.64199443851768,333.75,23.704275,0.5383712
32.64199443851768,335.625,23.46867,0.58074504
32.64199443851768,337.5,23.22238,0.5856028
32.64199443851768,339.375,23.003395,0.5899583
32.64199443851768,341.25,22.792849,0.61238384
32.64199443851768,343.125,22.584978,0.62965685
32.64199443851768,345.0,22.38031,0.6483052
32.64199443851768,346.875,22.03574,0.7796644
32.64199443851768,348.75,20.983923,0.8983591
32.64199443851768,350.625,19.729822,0.8904882
32.64199443851768,352.5,19.310974,1.6385778
32.64199443851768,354.375,17.542341,1.8058941
32.64199443851768,356.25,15.836911,1.6010598
32.64199443851768,358.125,15.071228,1.50996
34.50724334150103,0.0,15.60617,1.6894219
34.50724334150103,1.875,15.164978,1.520538
34.50724334150103,3.75,15.440896,1.3743615
34.50724334150103,5.625,16.366053,1.2883294
34.50724334150103,7.5,17.89238,1.2264544
34.50724334150103,9.375,19.6607,1.1627524
34.50724334150103,11.25,24.407673,0.6408992
34.50724334150103,13.125,23.648571,0.67961097
34.50724334150103,15.0,23.195036,0.791709
34.50724334150103,16.875,22.499666,0.9055361
34.50724334150103,18.75,22.218084,0.8330218
34.50724334150103,20.625,22.365583,0.798679
34.50724334150103,22.5,22.528278,0.8370414
34.50724334150103,24.375,22.152655,0.92136955
34.50724334150103,26.25,21.980135,0.94982255
34.50724334150103,28.125,22.670017,0.9108658
34.50724334150103,30.0,23.441364,0.84104747
34.50724334150103,31.875,24.631872,0.7360531
34.50724334150103,33.75,25.488571,0.6956678
34.50724334150103,35.625,25.930056,0.6673255
34.50724334150103,37.5,19.13949,1.7949297
34.50724334150103,39.375,19.055876,1.7625866
34.50724334150103,41.25,21.278181,1.7403117
34.50724334150103,43.125,22.169392,1.6748401
34.50724334150103,45.0,20.269783,1.702176
34.50724334150103,46.875,15.729802,1.8661007
34.50724334150103,48.75,11.891619,1.9728777
34.50724334150103,50.625,12.281696,2.1299748
34.50724334150103,52.5,15.373435,2.1805508
34.50724334150103,54.375,18.16449,2.157623
34.50724334150103,56.25,17.871521,2.126056
34.50724334150103,58.125,15.809275,2.1168141
34.50724334150103,60.0,15.005837,2.17356
34.50724334150103,61.875,14.806287,2.207036
34.50724334150103,63.75,12.560037,2.0973735
34.50724334150103,65.625,8.021521,1.9113653
34.50724334150103,67.5,7.753767,1.8640233
34.50724334150103,69.375,9.71574,1.8012576
34.50724334150103,71.25,13.101189,1.8419573
34.50724334150103,73.125,10.319001,1.7291052
34.50724334150103,75.0,1.451677,1.8090616
34.50724334150103,76.875,-8.7159395,2.6871784
34.50724334150103,78.75,-11.141488,2.498785
34.50724334150103,80.625,-9.280588,1.5701889
34.50724334150103,82.5,-6.532952,1.3474245
34.50724334150103,84.375,-5.897795,1.2580155
34.50724334150103,86.25,-7.3197484,1.1613952
34.50724334150103,88.125,-8.796839,1.2148466
34.50724334150103,90.0,-7.670432,1.2017577
34.50724334150103,91.875,-5.9308033,1.1652569
34.50724334150103,93.75,-3.5874245,1.178259
34.50724334150103,95.625,-1.8200613,1.2532573
34.50724334150103,97.5,-1.7535379,1.30195
34.50724334150103,99.375,-2.4826005,1.3153238
34.50724334150103,101.25,-2.1158621,1.2509704
34.50724334150103,103.125,1.0301144,1.0191672
34.50724334150103,105.0,4.995095,1.1160132
34.50724334150103,106.875,7.5180445,1.4395981
34.50724334150103,108.75,8.741541,1.4365692
34.50724334150103,110.625,9.503376,1.4281601
34.50724334150103,112.5,10.849705,1.5075191
34.50724334150103,114.375,12.397361,1.562062
34.50724334150103,116.25,12.807302,1.4611982
34.50724334150103,118.125,12.646853,1.3144002
34.50724334150103,120.0,20.461618,0.7394489
34.50724334150103,121.875,20.345057,0.6524475
34.50724334150103,123.75,20.308006,0.61929256
34.50724334150103,125.625,14.873455,1.0348312
34.50724334150103,127.5,14.2841,1.1896594
34.50724334150103,129.375,23.304333,0.8228811
34.50724334150103,131.25,16.441229,0.91282123
34.50724334150103,133.125,15.787224,0.8751094
34.50724334150103,135.0,15.06404,0.9375304
34.50724334150103,136.875,15.6422825,0.99744976
34.50724334150103,138.75,25.56533,0.51124716
34.50724334150103,140.625,25.641697,0.5109575
34.50724334150103,142.5,25.690973,0.5307522
34.50724334150103,144.375,25.624392,0.5353199
34.50724334150103,146.25,25.426638,0.56280756
34.50724334150103,148.125,25.093494,0.5748634
34.50724334150103,150.0,24.831776,0.59675634
34.50724334150103,151.875,24.587614,0.59456915
34.50724334150103,153.75,24.325817,0.5680607
34.50724334150103,155.625,24.08279,0.5489199
34.50724334150103,157.5,23.95529,0.545886
34.50724334150103,159.375,23.923141,0.5465724
34.50724334150103,161.25,23.906345,0.5354205
34.50724334150103,163.125,23.916405,0.5200631
34.50724334150103,165.0,23.903572,0.51246053
34.50724334150103,166.875,23.777088,0.5249988
34.50724334150103,168.75,23.636442,0.54760796
34.50724334150103,170.625,23.510077,0.5684842
34.50724334150103,172.5,23.402536,0.59362257
34.50724334150103,174.375,23.27111,0.6256863
34.50724334150103,176.25,23.06533,0.66091627
34.50724334150103,178.125,22.755075,0.6995224
34.50724334150103,180.0,22.54328,0.7338918
34.50724334150103,181.875,22.418142,0.7537537
34.50724334150103,183.75,22.41244,0.75978345
34.50724334150103,185.625,22.412458,0.75453746
34.50724334150103,187.5,22.211384,0.74979544
34.50724334150103,189.375,22.019978,0.7230428
34.50724334150103,191.25,21.92941,0.68352896
34.50724334150103,193.125,21.923943,0.64736104
34.50724334150103,195.0,21.75203,0.63759315
34.50724334150103,196.875,21.606384,0.6244682
34.50724334150103,198.75,21.579334,0.5988695
34.50724334150103,200.625,21.590487,0.5870663
34.50724334150103,202.5,21.465525,0.5876259
34.50724334150103,204.375,21.425016,0.5768063
34.50724334150103,206.25,21.490799,0.5680445
34.50724334150103,208.125,21.361092,0.57354337
34.50724334150103,210.0,21.157068,0.56942815
34.50724334150103,211.875,21.122908,0.5382505
34.50724334150103,213.75,21.09199,0.5098889
34.50724334150103,215.625,20.881325,0.5174082
34.50724334150103,217.5,20.66162,0.5479363
34.50724334150103,219.375,20.501698,0.5622146
34.50724334150103,221.25,20.436794,0.58621234
34.50724334150103,223.125,20.302048,0.62881756
34.50724334150103,225.0,19.982204,0.6501843
34.50724334150103,226.875,19.662771,0.68063414
34.50724334150103,228.75,19.197145,0.7861615
34.50724334150103,230.625,18.384783,0.8038637
34.50724334150103,232.5,17.747732,0.7397218
34.50724334150103,234.375,17.487888,0.71152514
34.50724334150103,236.25,18.119041,0.8688294
34.50724334150103,238.125,19.440779,1.1507357
34.50724334150103,240.0,18.141853,1.6117632
34.50724334150103,241.875,17.245115,1.8053242
34.50724334150103,243.75,16.822517,1.8485591
34.50724334150103,245.625,16.785017,1.8528666
34.50724334150103,247.5,15.4284935,1.8742433
34.50724334150103,249.375,11.732536,1.7718917
34.50724334150103,251.25,9.068494,1.7336059
34.50724334150103,253.125,9.148611,1.7766023
34.50724334150103,255.0,11.0683565,1.8989129
34.50724334150103,256.875,13.391794,2.1761162
34.50724334150103,258.75,15.348318,2.515044
34.50724334150103,260.625,17.014841,2.722278
34.50724334150103,262.5,17.83619,2.817553
34.50724334150103,264.375,17.095192,2.6806018
34.50724334150103,266.25,16.138865,2.4947352
34.50724334150103,268.125,15.863552,2.4010346
34.50724334150103,270.0,15.633709,2.334534
34.50724334150103,271.875,14.74947,2.1351776
34.50724334150103,273.75,13.408025,2.0141697
34.50724334150103,275.625,12.726736,1.9419187
34.50724334150103,277.5,13.1182785,1.9464204
34.50724334150103,279.375,14.565721,1.9584023
34.50724334150103,281.25,16.847633,1.9363016
34.50724334150103,283.125,25.643553,0.50734043
34.50724334150103,285.0,26.51367,0.37378433
34.50724334150103,286.875,25.831676,0.41941938
34.50724334150103,288.75,25.531033,0.43969476
34.50724334150103,290.625,25.267048,0.49861446
34.50724334150103,292.5,24.467518,0.5978017
34.50724334150103,294.375,24.011873,0.5713998
34.50724334150103,296.25,24.066599,0.51221085
34.50724334150103,298.125,24.062752,0.48667666
34.50724334150103,300.0,23.864197,0.52002877
34.50724334150103,301.875,23.708435,0.55172527
34.50724334150103,303.75,23.635565,0.5453151
34.50724334150103,305.625,23.581598,0.55299634
34.50724334150103,307.5,23.591911,0.5747672
34.50724334150103,309.375,23.633553,0.560633
34.50724334150103,311.25,23.703846,0.5427386
34.50724334150103,313.125,23.792692,0.55624187
34.50724334150103,315.0,23.78697,0.5591102
34.50724334150103,316.875,23.675213,0.5749406
34.50724334150103,318.75,23.643532,0.5920114
34.50724334150103,320.625,23.648903,0.5577696
34.50724334150103,322.5,23.55613,0.5410633
34.50724334150103,324.375,23.407204,0.57076967
34.50724334150103,326.25,23.369862,0.54577553
34.50724334150103,328.125,23.35406,0.53549993
34.50724334150103,330.0,23.223299,0.5967944
34.50724334150103,331.875,23.034275,0.5662423
34.50724334150103,333.75,23.025524,0.59005725
34.50724334150103,335.625,22.911306,0.6282404
34.50724334150103,337.5,22.55574,0.5991874
34.50724334150103,339.375,22.23197,0.59768623
34.50724334150103,341.25,22.063532,0.61182415
34.50724334150103,343.125,21.877693,0.7057059
34.50724334150103,345.0,21.542048,0.7888331
34.50724334150103,346.875,21.277966,0.7641884
34.50724334150103,348.75,21.391813,0.73132235
34.50724334150103,350.625,21.606268,0.74202865
34.50724334150103,352.5,20.889137,0.7691146
34.50724334150103,354.375,20.064783,1.7582822
34.50724334150103,356.25,18.103182,1.7254792
34.50724334150103,358.125,16.580154,1.7022643
36.37249059281224,0.0,20.649782,0.7190206
36.37249059281224,1.875,20.462069,0.68810266
36.37249059281224,3.75,20.838825,0.7784075
36.37249059281224,5.625,16.481346,1.5665467
36.37249059281224,7.5,17.384743,1.4462749
36.37249059281224,9.375,19.11908,1.2669569
36.37249059281224,11.25,22.118454,0.7083271
36.37249059281224,13.125,21.969353,0.8506308
36.37249059281224,15.0,21.888983,0.8389396
36.37249059281224,16.875,21.395994,0.90237474
36.37249059281224,18.75,21.1666,0.8713951
36.37249059281224,20.625,21.77113,0.7943421
36.37249059281224,22.5,22.106071,0.77040637
36.37249059281224,24.375,21.65787,0.88969797
36.37249059281224,26.25,21.883123,0.9251044
36.37249059281224,28.125,22.782595,0.86392814
36.37249059281224,30.0,16.68404,1.9034566
36.37249059281224,31.875,16.660524,2.0708268
36.37249059281224,33.75,17.58285,2.0601685
36.37249059281224,35.625,18.142223,2.1391337
36.37249059281224,37.5,17.221697,2.1020997
36.37249059281224,39.375,17.545721,1.9485662
36.37249059281224,41.25,18.822186,1.786365
36.37249059281224,43.125,17.98449,1.7584018
36.37249059281224,45.0,14.587478,1.9118632
36.37249059281224,46.875,11.087869,2.0961254
36.37249059281224,48.75,11.011228,2.2815514
36.37249059281224,50.625,13.899841,2.468194
36.37249059281224,52.5,17.56533,2.4996681
36.37249059281224,54.375,17.522165,2.4118056
36.37249059281224,56.25,14.992771,2.3186455
36.37249059281224,58.125,13.508415,2.248532
36.37249059281224,60.0,14.348767,2.3055947
36.37249059281224,61.875,15.035291,2.3982897
36.37249059281224,63.75,14.427888,2.3303533
36.37249059281224,65.625,12.233455,2.1874158
36.37249059281224,67.5,10.080388,1.9912773
36.37249059281224,69.375,7.009685,1.8169578
36.37249059281224,71.25,2.8915207,1.7944067
36.37249059281224,73.125,-4.4966826,2.2008307
36.37249059281224,75.0,-6.286194,2.0512998
36.37249059281224,76.875,-3.702874,1.681909
36.37249059281224,78.75,-0.87355745,1.5563927
36.37249059281224,80.625,0.7529074,1.4959041
36.37249059281224,82.5,0.08165741,1.4479599
36.37249059281224,84.375,-3.626409,1.4572392
36.37249059281224,86.25,-7.878518,1.6878264
36.37249059281224,88.125,-10.600354,1.5746576
36.37249059281224,90.0,-8.678616,1.2842977
36.37249059281224,91.875,-5.852327,1.292595
36.37249059281224,93.75,-3.3326395,1.2599778
36.37249059281224,95.625,-3.0759401,1.3164054
36.37249059281224,97.5,-3.8335574,1.3413248
36.37249059281224,99.375,-3.271956,1.294589
36.37249059281224,101.25,-0.92230743,1.1202796
36.37249059281224,103.125,2.4903488,1.0387143
36.37249059281224,105.0,5.2335525,1.2195688
36.37249059281224,106.875,6.5922437,1.3556951
36.37249059281224,108.75,6.929509,1.3718256
36.37249059281224,110.625,7.2580247,1.3442842
36.37249059281224,112.5,8.809567,1.3987534
36.37249059281224,114.375,10.697615,1.4439745
36.37249059281224,116.25,11.670427,1.4675187
36.37249059281224,118.125,11.523787,1.4564251
36.37249059281224,120.0,12.029333,1.2627441
36.37249059281224,121.875,18.7507,0.62528646
36.37249059281224,123.75,18.796795,0.61346
36.37249059281224,125.625,19.59486,0.60526246
36.37249059281224,127.5,12.083005,1.145227
36.37249059281224,129.375,23.458982,0.7633727
36.37249059281224,131.25,23.55863,0.66631335
36.37249059281224,133.125,23.110525,0.6193309
36.37249059281224,135.0,23.166443,0.61745554
36.37249059281224,136.875,13.273747,0.83040845
36.37249059281224,138.75,13.603123,0.79675335
36.37249059281224,140.625,24.63199,0.5272962
36.37249059281224,142.5,24.93275,0.52789855
36.37249059281224,144.375,25.099802,0.49564013
36.37249059281224,146.25,24.906013,0.48190472
36.37249059281224,148.125,24.485895,0.46642634
36.37249059281224,150.0,24.20406,0.48666143
36.37249059281224,151.875,24.05238,0.5220164
36.37249059281224,153.75,23.847322,0.5691918
36.37249059281224,155.625,23.538572,0.60488784
36.37249059281224,157.5,23.18031,0.6242179
36.37249059281224,159.375,22.885506,0.6313359
36.37249059281224,161.25,22.724977,0.62215334
36.37249059281224,163.125,22.635387,0.6118767
36.37249059281224,165.0,22.598534,0.5898002
36.37249059281224,166.875,22.570505,0.5730388
36.37249059281224,168.75,22.536522,0.57235867
36.37249059281224,170.625,22.51699,0.5825812
36.37249059281224,172.5,22.414743,0.6051447
36.37249059281224,174.375,22.122889,0.63765603
36.37249059281224,176.25,21.805252,0.68368125
36.37249059281224,178.125,21.656912,0.7230285
36.37249059281224,180.0,21.492596,0.74434185
36.37249059281224,181.875,21.300896,0.77338016
36.37249059281224,183.75,21.135408,0.8128006
36.37249059281224,185.625,20.994236,0.84854734
36.37249059281224,187.5,20.924706,0.8604765
36.37249059281224,189.375,20.772146,0.84949493
36.37249059281224,191.25,20.648026,0.797761
36.37249059281224,193.125,20.526989,0.7503974
36.37249059281224,195.0,20.506346,0.725426
36.37249059281224,196.875,20.45861,0.70436144
36.37249059281224,198.75,20.398083,0.68351847
36.37249059281224,200.625,20.321012,0.68990105
36.37249059281224,202.5,20.348259,0.7054208
36.37249059281224,204.375,20.328474,0.72173285
36.37249059281224,206.25,20.148962,0.7457431
36.37249059281224,208.125,20.015602,0.75222117
36.37249059281224,210.0,19.917692,0.7239465
36.37249059281224,211.875,19.819256,0.6888948
36.37249059281224,213.75,19.773104,0.6462813
36.37249059281224,215.625,19.766268,0.6122859
36.37249059281224,217.5,19.642908,0.5991168
36.37249059281224,219.375,19.605818,0.60124385
36.37249059281224,221.25,19.684372,0.6194079
36.37249059281224,223.125,19.466267,0.6545439
36.37249059281224,225.0,19.24906,0.6553068
36.37249059281224,226.875,19.249567,0.6541138
36.37249059281224,228.75,18.640057,0.7462307
36.37249059281224,230.625,17.350506,0.732806
36.37249059281224,232.5,16.624275,0.6771799
36.37249059281224,234.375,16.595818,0.7109234
36.37249059281224,236.25,17.061872,0.9773264
36.37249059281224,238.125,17.636072,1.2020913
36.37249059281224,240.0,14.3789425,1.9160982
36.37249059281224,241.875,11.401853,1.9684582
36.37249059281224,243.75,10.369568,1.9390241
36.37249059281224,245.625,10.787634,1.8784671
36.37249059281224,247.5,10.532751,1.8461736
36.37249059281224,249.375,8.324529,1.7601751
36.37249059281224,251.25,5.9834547,1.7359548
36.37249059281224,253.125,5.787029,1.7456551
36.37249059281224,255.0,7.6925173,1.8207307
36.37249059281224,256.875,10.62113,2.0530903
36.37249059281224,258.75,13.515271,2.4161773
36.37249059281224,260.625,15.0549,2.7178695
36.37249059281224,262.5,15.056384,2.7572887
36.37249059281224,264.375,14.253787,2.6788483
36.37249059281224,266.25,13.743572,2.4716277
36.37249059281224,268.125,13.6323805,2.4024088
36.37249059281224,270.0,13.523416,2.310084
36.37249059281224,271.875,12.808865,2.1442142
36.37249059281224,273.75,12.171404,2.0518775
36.37249059281224,275.625,11.425701,1.9628024
36.37249059281224,277.5,10.772654,1.9004467
36.37249059281224,279.375,10.854822,1.894371
36.37249059281224,281.25,12.3819895,1.8926765
36.37249059281224,283.125,15.563318,1.8341267
36.37249059281224,285.0,25.08619,0.558183
36.37249059281224,286.875,26.072498,0.38664222
36.37249059281224,288.75,25.637829,0.41402277
36.37249059281224,290.625,25.496521,0.40768138
36.37249059281224,292.5,25.172615,0.43708292
36.37249059281224,294.375,24.365643,0.53118306
36.37249059281224,296.25,24.11154,0.5474024
36.37249059281224,298.125,24.22828,0.50041074
36.37249059281224,300.0,23.996716,0.50180084
36.37249059281224,301.875,23.614685,0.54110813
36.37249059281224,303.75,23.351364,0.58024967
36.37249059281224,305.625,22.970232,0.5853631
36.37249059281224,307.5,22.631384,0.56892204
36.37249059281224,309.375,22.513474,0.57492656
36.37249059281224,311.25,22.46117,0.5580868
36.37249059281224,313.125,22.488592,0.5691606
36.37249059281224,315.0,22.486483,0.6043577
36.37249059281224,316.875,22.407751,0.6105904
36.37249059281224,318.75,22.348845,0.6136804
36.37249059281224,320.625,22.364334,0.62442183
36.37249059281224,322.5,22.295975,0.6355295
36.37249059281224,324.375,22.17781,0.6453509
36.37249059281224,326.25,22.14367,0.67095447
36.37249059281224,328.125,22.112537,0.64046276
36.37249059281224,330.0,22.017889,0.64022243
36.37249059281224,331.875,21.956266,0.6422333
36.37249059281224,333.75,22.008005,0.6555997
36.37249059281224,335.625,22.12531,0.69040334
36.37249059281224,337.5,21.858942,0.7114845
36.37249059281224,339.375,21.436443,0.66040766
36.37249059281224,341.25,21.274647,0.64759856
36.37249059281224,343.125,21.22322,0.7112792
36.37249059281224,345.0,20.747713,0.7774516
36.37249059281224,346.875,20.016014,0.7532143
36.37249059281224,348.75,20.269743,0.72804224
36.37249059281224,350.625,21.533884,0.8091963
36.37249059281224,352.5,22.193045,0.8188174
36.37249059281224,354.375,20.249372,1.5341878
36.37249059281224,356.25,20.120739,0.76869994
36.37249059281224,358.125,20.17781,0.74655527
38.23773599056483,0.0,21.401482,0.9121626
38.23773599056483,1.875,21.223923,0.7901589
38.23773599056483,3.75,22.019333,0.80386233
38.23773599056483,5.625,21.825603,0.75365806
38.23773599056483,7.5,21.333807,0.73575497
38.23773599056483,9.375,21.223747,0.6644948
38.23773599056483,11.25,21.183435,0.7570567
38.23773599056483,13.125,20.853865,0.8699758
38.23773599056483,15.0,20.405935,0.91038895
38.23773599056483,16.875,20.389256,0.8269289
38.23773599056483,18.75,20.426287,0.88091123
38.23773599056483,20.625,20.86246,1.006152
38.23773599056483,22.5,17.509724,1.3911847
38.23773599056483,24.375,21.215897,0.76199
38.23773599056483,26.25,20.941912,0.9500327
38.23773599056483,28.125,15.431326,1.8035485
38.23773599056483,30.0,12.095193,2.1270971
38.23773599056483,31.875,10.049919,2.2901993
38.23773599056483,33.75,9.600329,2.3219516
38.23773599056483,35.625,10.197087,2.309454
38.23773599056483,37.5,10.461697,2.2215393
38.23773599056483,39.375,10.8373995,2.154665
38.23773599056483,41.25,10.743513,2.0107138
38.23773599056483,43.125,9.719216,1.9390509
38.23773599056483,45.0,9.112986,2.092263
38.23773599056483,46.875,10.107146,2.3712468
38.23773599056483,48.75,13.448084,2.5303683
38.23773599056483,50.625,19.39951,1.4207321
38.23773599056483,52.5,19.697771,1.4201084
38.23773599056483,54.375,16.80906,2.254923
38.23773599056483,56.25,14.666404,2.3181903
38.23773599056483,58.125,14.560173,2.223256
38.23773599056483,60.0,15.72322,2.212462
38.23773599056483,61.875,16.485954,2.2772768
38.23773599056483,63.75,16.043259,2.3223677
38.23773599056483,65.625,15.547068,2.2187464
38.23773599056483,67.5,13.698064,2.1317039
38.23773599056483,69.375,8.096775,2.001696
38.23773599056483,71.25,0.26456755,1.9958389
38.23773599056483,73.125,-5.0613503,1.8146244
38.23773599056483,75.0,-3.2731473,1.6123052
38.23773599056483,76.875,3.479177,1.6688311
38.23773599056483,78.75,9.02863,1.7500541
38.23773599056483,80.625,10.747947,1.8308364
38.23773599056483,82.5,10.127322,1.7949588
38.23773599056483,84.375,7.615818,1.7322202
38.23773599056483,86.25,4.013474,1.5342041
38.23773599056483,88.125,1.2203684,1.4327228
38.23773599056483,90.0,0.50150114,1.4041513
38.23773599056483,91.875,0.8719504,1.3764415
38.23773599056483,93.75,-0.16224883,1.335589
38.23773599056483,95.625,-2.8056474,1.3287419
38.23773599056483,97.5,-3.9312527,1.2795382
38.23773599056483,99.375,-1.9485574,1.2406085
38.23773599056483,101.25,1.8407004,1.2385634
38.23773599056483,103.125,4.9636693,1.315514
38.23773599056483,105.0,6.0291576,1.3556292
38.23773599056483,106.875,5.683845,1.2700883
38.23773599056483,108.75,4.78781,1.1852891
38.23773599056483,110.625,4.6533957,1.2064381
38.23773599056483,112.5,5.867478,1.2580347
38.23773599056483,114.375,7.9249783,1.2702193
38.23773599056483,116.25,9.419138,1.2203991
38.23773599056483,118.125,9.791013,1.1917874
38.23773599056483,120.0,9.846326,1.1789205
38.23773599056483,121.875,10.3107,1.1212721
38.23773599056483,123.75,18.218006,0.6106748
38.23773599056483,125.625,9.144978,1.1351968
38.23773599056483,127.5,9.735818,1.1389289
38.23773599056483,129.375,22.928885,0.7184332
38.23773599056483,131.25,22.677946,0.7062555
38.23773599056483,133.125,21.284763,0.65233165
38.23773599056483,135.0,20.73652,0.56615657
38.23773599056483,136.875,20.764431,0.58431333
38.23773599056483,138.75,21.6207,0.6180039
38.23773599056483,140.625,13.594607,0.7874562
38.23773599056483,142.5,24.15695,0.5948752
38.23773599056483,144.375,24.196697,0.60502994
38.23773599056483,146.25,23.993397,0.63002414
38.23773599056483,148.125,23.518024,0.67682654
38.23773599056483,150.0,23.093416,0.7270338
38.23773599056483,151.875,22.990057,0.6747933
38.23773599056483,153.75,23.065428,0.53783673
38.23773599056483,155.625,22.99988,0.54561603
38.23773599056483,157.5,22.6399,0.61140233
38.23773599056483,159.375,22.126677,0.6416001
38.23773599056483,161.25,21.754606,0.65041804
38.23773599056483,163.125,21.592575,0.6800533
38.23773599056483,165.0,21.493553,0.70211303
38.23773599056483,166.875,21.40195,0.698814
38.23773599056483,168.75,21.363768,0.67777073
38.23773599056483,170.625,21.342985,0.6648415
38.23773599056483,172.5,21.14824,0.6748451
38.23773599056483,174.375,20.902302,0.7061745
38.23773599056483,176.25,20.68871,0.74488854
38.23773599056483,178.125,20.573181,0.80279064
38.23773599056483,180.0,20.449333,0.83027184
38.23773599056483,181.875,20.111404,0.8506141
38.23773599056483,183.75,19.782303,0.8814824
38.23773599056483,185.625,19.649529,0.9103544
38.23773599056483,187.5,19.56072,0.93374705
38.23773599056483,189.375,19.400505,0.93201345
38.23773599056483,191.25,19.222342,0.9146325
38.23773599056483,193.125,19.215681,0.8878591
38.23773599056483,195.0,19.195623,0.8553296
38.23773599056483,196.875,19.0633,0.82195723
38.23773599056483,198.75,18.90453,0.8006285
38.23773599056483,200.625,18.903885,0.7886412
38.23773599056483,202.5,18.842205,0.7958105
38.23773599056483,204.375,18.610252,0.8266537
38.23773599056483,206.25,18.558924,0.8412293
38.23773599056483,208.125,18.622557,0.8173836
38.23773599056483,210.0,18.601795,0.784403
38.23773599056483,211.875,18.575954,0.7580742
38.23773599056483,213.75,18.557419,0.7404022
38.23773599056483,215.625,18.352165,0.72895634
38.23773599056483,217.5,18.232868,0.7150478
38.23773599056483,219.375,18.347849,0.6978449
38.23773599056483,221.25,18.361755,0.7161528
38.23773599056483,223.125,18.305134,0.7457875
38.23773599056483,225.0,18.38535,0.71630096
38.23773599056483,226.875,18.517849,0.6807568
38.23773599056483,228.75,18.244743,0.6872018
38.23773599056483,230.625,16.733143,0.72109157
38.23773599056483,232.5,15.708884,0.6812756
38.23773599056483,234.375,15.759002,0.7765034
38.23773599056483,236.25,15.702263,1.0503079
38.23773599056483,238.125,13.512927,1.7779133
38.23773599056483,240.0,9.876208,2.0200996
38.23773599056483,241.875,6.502068,1.9775648
38.23773599056483,243.75,5.5041184,1.928252
38.23773599056483,245.625,6.461482,1.9115927
38.23773599056483,247.5,7.056892,1.8694056
38.23773599056483,249.375,5.903513,1.8131179
38.23773599056483,251.25,4.1394114,1.7671225
38.23773599056483,253.125,3.8525558,1.7475897
38.23773599056483,255.0,5.6024194,1.8450536
38.23773599056483,256.875,8.64324,2.0471642
38.23773599056483,258.75,11.509529,2.3046947
38.23773599056483,260.625,12.63824,2.531762
38.23773599056483,262.5,12.456501,2.6213455
38.23773599056483,264.375,12.137224,2.5790074
38.23773599056483,266.25,12.25613,2.503579
38.23773599056483,268.125,12.205975,2.449798
38.23773599056483,270.0,11.795603,2.3083303
38.23773599056483,271.875,11.511013,2.2039602
38.23773599056483,273.75,11.304802,2.134319
38.23773599056483,275.625,10.70031,2.0620065
38.23773599056483,277.5,9.626736,1.933287
38.23773599056483,279.375,8.912908,1.8581578
38.23773599056483,281.25,9.728865,1.8226905
38.23773599056483,283.125,12.211346,1.7740185
38.23773599056483,285.0,22.585505,0.7627386
38.23773599056483,286.875,24.853025,0.50812954
38.23773599056483,288.75,25.195896,0.45714214
38.23773599056483,290.625,25.018631,0.47426182
38.23773599056483,292.5,24.926287,0.46891195
38.23773599056483,294.375,24.85033,0.43015227
38.23773599056483,296.25,24.577068,0.4455053
38.23773599056483,298.125,24.39826,0.45692813
38.23773599056483,300.0,24.254295,0.45165876
38.23773599056483,301.875,24.106892,0.43983966
38.23773599056483,303.75,23.950388,0.46276757
38.23773599056483,305.625,23.60736,0.58209246
38.23773599056483,307.5,22.83402,0.7127469
38.23773599056483,309.375,22.213728,0.69955444
38.23773599056483,311.25,21.7399,0.69651
38.23773599056483,313.125,21.345251,0.65713614
38.23773599056483,315.0,21.204157,0.6483364
38.23773599056483,316.875,21.228611,0.6547032
38.23773599056483,318.75,21.21488,0.6333021
38.23773599056483,320.625,21.182009,0.66233504
38.23773599056483,322.5,21.07822,0.6839614
38.23773599056483,324.375,20.872517,0.7016348
38.23773599056483,326.25,20.792166,0.7236321
38.23773599056483,328.125,20.825682,0.6978171
38.23773599056483,330.0,20.749353,0.7135401
38.23773599056483,331.875,20.603395,0.7286588
38.23773599056483,333.75,20.611404,0.69709533
38.23773599056483,335.625,20.962557,0.7353693
38.23773599056483,337.5,20.955956,0.7499962
38.23773599056483,339.375,20.513182,0.72881895
38.23773599056483,341.25,20.30533,0.73654914
38.23773599056483,343.125,20.255642,0.7553207
38.23773599056483,345.0,20.044178,0.8101945
38.23773599056483,346.875,19.466091,0.81441283
38.23773599056483,348.75,19.56951,0.8922179
38.23773599056483,350.625,20.888279,1.1680981
38.23773599056483,352.5,17.345076,1.3808173
38.23773599056483,354.375,15.193708,1.4628508
38.23773599056483,356.25,14.220232,1.3646721
38.23773599056483,358.125,15.914099,1.2527843
40.1029793042494,0.0,13.84113,1.5396929
40.1029793042494,1.875,20.733963,0.847811
40.1029793042494,3.75,21.640877,0.86257815
40.1029793042494,5.625,21.453846,0.8825087
40.1029793042494,7.5,20.753338,0.87629116
40.1029793042494,9.375,20.530153,0.7716093
40.1029793042494,11.25,20.402771,0.77385306
40.1029793042494,13.125,20.119724,0.83731616
40.1029793042494,15.0,19.755154,0.9634566
40.1029793042494,16.875,20.022459,0.75275505
40.1029793042494,18.75,19.944372,0.8937522
40.1029793042494,20.625,13.422673,1.5471098
40.1029793042494,22.5,12.998279,1.7274575
40.1029793042494,24.375,20.205524,0.72271794
40.1029793042494,26.25,20.015135,0.8303169
40.1029793042494,28.125,21.089256,0.7802026
40.1029793042494,30.0,12.449568,2.0430245
40.1029793042494,31.875,9.676619,2.1941838
40.1029793042494,33.75,8.790564,2.252623
40.1029793042494,35.625,9.371931,2.2842522
40.1029793042494,37.5,9.782205,2.2879987
40.1029793042494,39.375,9.042966,2.281104
40.1029793042494,41.25,7.180779,2.1913726
40.1029793042494,43.125,5.9105053,2.1461055
40.1029793042494,45.0,6.7757397,2.2676399
40.1029793042494,46.875,9.712927,2.42409
40.1029793042494,48.75,14.16738,2.4120064
40.1029793042494,50.625,18.612106,1.4694955
40.1029793042494,52.5,17.868532,1.4256731
40.1029793042494,54.375,15.508709,2.1726997
40.1029793042494,56.25,14.189607,2.2308183
40.1029793042494,58.125,14.38113,2.1673937
40.1029793042494,60.0,14.343982,2.0938072
40.1029793042494,61.875,13.076228,2.1176693
40.1029793042494,63.75,12.34197,2.1795824
40.1029793042494,65.625,12.847752,2.165579
40.1029793042494,67.5,12.92365,2.153321
40.1029793042494,69.375,9.493239,2.1522284
40.1029793042494,71.25,3.1825755,2.0177417
40.1029793042494,73.125,-1.1826199,1.7946537
40.1029793042494,75.0,-0.41287383,1.6665517
40.1029793042494,76.875,2.949802,1.7907447
40.1029793042494,78.75,6.281228,1.8688481
40.1029793042494,80.625,7.6609154,1.8950527
40.1029793042494,82.5,8.885036,1.7803543
40.1029793042494,84.375,9.90992,1.6299832
40.1029793042494,86.25,9.947126,1.5504901
40.1029793042494,88.125,9.069314,1.5789593
40.1029793042494,90.0,8.342771,1.6469777
40.1029793042494,91.875,7.5067163,1.672022
40.1029793042494,93.75,5.0331025,1.6604642
40.1029793042494,95.625,2.1004465,1.5579268
40.1029793042494,97.5,1.3706418,1.4492507
40.1029793042494,99.375,3.4351144,1.4272751
40.1029793042494,101.25,5.7270093,1.4717462
40.1029793042494,103.125,6.4433374,1.4565152
40.1029793042494,105.0,5.466951,1.381371
40.1029793042494,106.875,4.5665207,1.2760164
40.1029793042494,108.75,3.8165793,1.2264082
40.1029793042494,110.625,3.0368917,1.2589418
40.1029793042494,112.5,2.9397042,1.2719376
40.1029793042494,114.375,3.9169505,1.2242032
40.1029793042494,116.25,5.41531,1.1580093
40.1029793042494,118.125,6.6180444,1.1368208
40.1029793042494,120.0,7.128494,1.1388044
40.1029793042494,121.875,6.8630247,1.1541376
40.1029793042494,123.75,5.8808765,1.1668006
40.1029793042494,125.625,4.6753488,1.2230092
40.1029793042494,127.5,4.983474,1.1930219
40.1029793042494,129.375,20.8391,0.80072993
40.1029793042494,131.25,20.70617,0.9364748
40.1029793042494,133.125,19.477049,0.94601184
40.1029793042494,135.0,18.2474,0.65882266
40.1029793042494,136.875,18.38115,0.63685846
40.1029793042494,138.75,20.122849,0.6011044
40.1029793042494,140.625,12.12074,0.8839759
40.1029793042494,142.5,22.857674,0.88820827
40.1029793042494,144.375,22.722927,1.0227256
40.1029793042494,146.25,22.367302,1.3254586
40.1029793042494,148.125,21.724627,1.6051279
40.1029793042494,150.0,21.105524,1.6752027
40.1029793042494,151.875,20.859236,1.59839
40.1029793042494,153.75,21.167341,1.2392293
40.1029793042494,155.625,21.576637,0.85815656
40.1029793042494,157.5,21.662537,0.69343024
40.1029793042494,159.375,21.408924,0.7257298
40.1029793042494,161.25,21.048748,0.7878069
40.1029793042494,163.125,20.753357,0.795512
40.1029793042494,165.0,20.502985,0.7917975
40.1029793042494,166.875,20.199959,0.8103692
40.1029793042494,168.75,19.856443,0.8063357
40.1029793042494,170.625,19.677204,0.769838
40.1029793042494,172.5,19.648611,0.7648005
40.1029793042494,174.375,19.565935,0.8004004
40.1029793042494,176.25,19.424685,0.8487008
40.1029793042494,178.125,19.226717,0.8995815
40.1029793042494,180.0,18.92988,0.9460439
40.1029793042494,181.875,18.730427,0.98169976
40.1029793042494,183.75,18.548573,0.983278
40.1029793042494,185.625,18.398514,0.9757222
40.1029793042494,187.5,18.182575,0.98842174
40.1029793042494,189.375,17.974411,1.0112926
40.1029793042494,191.25,17.875544,1.0193812
40.1029793042494,193.125,17.782341,1.0042518
40.1029793042494,195.0,17.55703,0.97534555
40.1029793042494,196.875,17.37369,0.949629
40.1029793042494,198.75,17.35326,0.90766853
40.1029793042494,200.625,17.320955,0.8921045
40.1029793042494,202.5,17.183708,0.8901427
40.1029793042494,204.375,17.173923,0.89473474
40.1029793042494,206.25,17.26152,0.901229
40.1029793042494,208.125,17.310564,0.89466196
40.1029793042494,210.0,17.358532,0.88534606
40.1029793042494,211.875,17.391735,0.87708294
40.1029793042494,213.75,17.215055,0.861662
40.1029793042494,215.625,17.090818,0.8173854
40.1029793042494,217.5,17.049158,0.76880866
40.1029793042494,219.375,17.006325,0.7616779
40.1029793042494,221.25,17.090466,0.77160805
40.1029793042494,223.125,17.074295,0.8061488
40.1029793042494,225.0,17.166462,0.8192648
40.1029793042494,226.875,17.64611,0.7621082
40.1029793042494,228.75,17.58324,0.70807034
40.1029793042494,230.625,16.529997,0.7173523
40.1029793042494,232.5,15.239763,0.6900695
40.1029793042494,234.375,14.792986,0.7954496
40.1029793042494,236.25,11.931462,1.3760569
40.1029793042494,238.125,9.003748,1.7647822
40.1029793042494,240.0,5.9492555,1.9192857
40.1029793042494,241.875,4.2965794,1.931361
40.1029793042494,243.75,4.515212,1.9551132
40.1029793042494,245.625,5.1932006,1.9692202
40.1029793042494,247.5,5.1556616,1.9323739
40.1029793042494,249.375,3.9296067,1.8863753
40.1029793042494,251.25,2.472634,1.8341742
40.1029793042494,253.125,2.6940207,1.8640716
40.1029793042494,255.0,4.4502707,1.9919021
40.1029793042494,256.875,7.1352124,2.1414323
40.1029793042494,258.75,9.437204,2.269296
40.1029793042494,260.625,10.407224,2.363991
40.1029793042494,262.5,10.424822,2.4458685
40.1029793042494,264.375,10.527693,2.490874
40.1029793042494,266.25,10.813708,2.4927015
40.1029793042494,268.125,10.673845,2.396121
40.1029793042494,270.0,9.894412,2.2535095
40.1029793042494,271.875,9.47617,2.1394813
40.1029793042494,273.75,9.583396,2.1021116
40.1029793042494,275.625,9.496306,2.0389178
40.1029793042494,277.5,8.823045,1.9567633
40.1029793042494,279.375,8.110134,1.8618473
40.1029793042494,281.25,8.188005,1.8159418
40.1029793042494,283.125,9.181365,1.7720109
40.1029793042494,285.0,10.861463,1.6696662
40.1029793042494,286.875,21.029509,0.8316523
40.1029793042494,288.75,21.585955,0.77523595
40.1029793042494,290.625,20.28445,0.93496
40.1029793042494,292.5,21.06529,0.947454
40.1029793042494,294.375,23.451561,0.660116
40.1029793042494,296.25,23.823122,0.69315815
40.1029793042494,298.125,23.53779,0.74385303
40.1029793042494,300.0,23.464294,0.69174844
40.1029793042494,301.875,23.41199,0.6616907
40.1029793042494,303.75,23.345955,0.6209285
40.1029793042494,305.625,23.35533,0.613758
40.1029793042494,307.5,23.178045,0.64097404
40.1029793042494,309.375,22.677692,0.7961978
40.1029793042494,311.25,22.182653,0.9683041
40.1029793042494,313.125,21.37744,1.1685053
40.1029793042494,315.0,20.4582,1.0922439
40.1029793042494,316.875,19.95785,0.8442252
40.1029793042494,318.75,19.894314,0.78898925
40.1029793042494,320.625,19.907438,0.82406986
40.1029793042494,322.5,19.86574,0.81704634
40.1029793042494,324.375,19.674196,0.8562063
40.1029793042494,326.25,19.408514,0.9009643
40.1029793042494,328.125,19.533026,0.8051414
40.1029793042494,330.0,19.627985,0.80925816
40.1029793042494,331.875,19.199392,0.87613636
40.1029793042494,333.75,19.027693,0.83871275
40.1029793042494,335.625,19.667927,0.77963114
40.1029793042494,337.5,20.150389,0.7459923
40.1029793042494,339.375,19.9149,0.75510395
40.1029793042494,341.25,19.572107,0.75030375
40.1029793042494,343.125,19.275915,0.7580927
40.1029793042494,345.0,19.03111,0.79815847
40.1029793042494,346.875,18.668064,0.8574093
40.1029793042494,348.75,18.44732,0.8671908
40.1029793042494,350.625,18.983221,1.1488242
40.1029793042494,352.5,14.038318,1.421223
40.1029793042494,354.375,11.002185,1.4032724
40.1029793042494,356.25,9.574177,1.4206858
40.1029793042494,358.125,10.858279,1.4643006
41.96822026907538,0.0,11.839353,1.6862426
41.96822026907538,1.875,13.196364,1.6834981
41.96822026907538,3.75,19.716188,0.8207661
41.96822026907538,5.625,19.85445,0.84207827
41.96822026907538,7.5,19.663729,0.86364746
41.96822026907538,9.375,19.628141,0.82258135
41.96822026907538,11.25,19.751307,0.8668635
41.96822026907538,13.125,14.963943,1.6667562
41.96822026907538,15.0,14.124685,1.658861
41.96822026907538,16.875,19.795465,0.7896102
41.96822026907538,18.75,11.43783,1.7167628
41.96822026907538,20.625,9.6693535,1.8957788
41.96822026907538,22.5,9.100896,2.0902297
41.96822026907538,24.375,10.658884,2.1925137
41.96822026907538,26.25,13.661189,2.1275957
41.96822026907538,28.125,20.5633,0.841072
41.96822026907538,30.0,19.351248,1.0010225
41.96822026907538,31.875,18.15408,1.1485782
41.96822026907538,33.75,17.497654,1.1892183
41.96822026907538,35.625,17.899158,1.11724
41.96822026907538,37.5,18.031462,1.0408766
41.96822026907538,39.375,17.593767,0.9653763
41.96822026907538,41.25,16.847458,0.90698826
41.96822026907538,43.125,8.0253105,2.2810092
41.96822026907538,45.0,8.223415,2.3613296
41.96822026907538,46.875,10.432634,2.3823075
41.96822026907538,48.75,15.923864,1.3550485
41.96822026907538,50.625,15.483943,1.3729403
41.96822026907538,52.5,14.925017,1.3086594
41.96822026907538,54.375,12.088318,2.2051146
41.96822026907538,56.25,11.68615,2.2579033
41.96822026907538,58.125,12.379294,2.1953316
41.96822026907538,60.0,12.475447,2.1100833
41.96822026907538,61.875,10.67156,2.1377084
41.96822026907538,63.75,9.63781,2.2047315
41.96822026907538,65.625,10.113123,2.164684
41.96822026907538,67.5,10.910798,2.1382396
41.96822026907538,69.375,9.790349,2.1530874
41.96822026907538,71.25,6.819998,2.14795
41.96822026907538,73.125,3.7787864,2.051168
41.96822026907538,75.0,1.9837081,1.9386979
41.96822026907538,76.875,0.81988007,1.9199876
41.96822026907538,78.75,-0.4580301,1.8948919
41.96822026907538,80.625,-0.7419949,1.7864603
41.96822026907538,82.5,0.744216,1.681478
41.96822026907538,84.375,2.8449972,1.6785367
41.96822026907538,86.25,4.5934544,1.6884682
41.96822026907538,88.125,5.65656,1.7459788
41.96822026907538,90.0,6.417361,1.7230583
41.96822026907538,91.875,6.8525367,1.6982198
41.96822026907538,93.75,6.086775,1.6417344
41.96822026907538,95.625,5.247478,1.5875233
41.96822026907538,97.5,5.2899585,1.5336499
41.96822026907538,99.375,6.291033,1.4721916
41.96822026907538,101.25,6.454021,1.4294775
41.96822026907538,103.125,5.2204466,1.4103619
41.96822026907538,105.0,3.8096066,1.3652571
41.96822026907538,106.875,3.5975754,1.3417997
41.96822026907538,108.75,3.7812862,1.3812455
41.96822026907538,110.625,2.9827902,1.4040816
41.96822026907538,112.5,1.4181418,1.3825632
41.96822026907538,114.375,0.47607148,1.3424758
41.96822026907538,116.25,1.1612277,1.3154521
41.96822026907538,118.125,2.8777316,1.3115722
41.96822026907538,120.0,4.0736885,1.2542408
41.96822026907538,121.875,4.228806,1.2385123
41.96822026907538,123.75,3.2044504,1.2308462
41.96822026907538,125.625,1.4447238,1.2641987
41.96822026907538,127.5,1.054255,1.2911097
41.96822026907538,129.375,3.0329466,1.2669201
41.96822026907538,131.25,16.997673,1.0058268
41.96822026907538,133.125,16.768084,0.9441204
41.96822026907538,135.0,16.191658,0.7315685
41.96822026907538,136.875,16.622185,0.6374685
41.96822026907538,138.75,18.696384,0.59666747
41.96822026907538,140.625,10.42283,1.0385197
41.96822026907538,142.5,20.417048,1.173197
41.96822026907538,144.375,19.741188,1.6363834
41.96822026907538,146.25,18.858982,2.1825123
41.96822026907538,148.125,17.850271,2.4621518
41.96822026907538,150.0,17.074373,2.442618
41.96822026907538,151.875,17.068943,2.2872565
41.96822026907538,153.75,17.97201,1.9608172
41.96822026907538,155.625,19.131716,1.548043
41.96822026907538,157.5,19.738884,1.2949257
41.96822026907538,159.375,19.743162,1.3183397
41.96822026907538,161.25,19.485857,1.4134419
41.96822026907538,163.125,19.148201,1.4325347
41.96822026907538,165.0,18.757576,1.3850588
41.96822026907538,166.875,18.314508,1.3081084
41.96822026907538,168.75,17.933962,1.2200464
41.96822026907538,170.625,17.702635,1.1425408
41.96822026907538,172.5,17.639471,1.0717399
41.96822026907538,174.375,17.622263,1.0587744
41.96822026907538,176.25,17.448143,1.0541475
41.96822026907538,178.125,17.32402,1.0074579
41.96822026907538,180.0,17.267323,0.99817157
41.96822026907538,181.875,17.18613,1.0638694
41.96822026907538,183.75,17.08033,1.1069373
41.96822026907538,185.625,16.861073,1.0820084
41.96822026907538,187.5,16.727694,1.044146
41.96822026907538,189.375,16.583063,1.0505152
41.96822026907538,191.25,16.396833,1.0677619
41.96822026907538,193.125,16.127575,1.082659
41.96822026907538,195.0,15.997439,1.0669489
41.96822026907538,196.875,15.936013,1.020983
41.96822026907538,198.75,15.862888,0.9734107
41.96822026907538,200.625,15.752986,0.9568594
41.96822026907538,202.5,15.783396,0.9555542
41.96822026907538,204.375,15.807869,0.94557804
41.96822026907538,206.25,15.721892,0.9478748
41.96822026907538,208.125,15.727908,0.9580743
41.96822026907538,210.0,15.656658,0.9676111
41.96822026907538,211.875,15.435603,0.9587862
41.96822026907538,213.75,15.504099,0.9120381
41.96822026907538,215.625,15.620193,0.8483353
41.96822026907538,217.5,15.689744,0.8024012
41.96822026907538,219.375,15.868709,0.79342854
41.96822026907538,221.25,15.912928,0.80151045
41.96822026907538,223.125,15.884587,0.8265582
41.96822026907538,225.0,16.030388,0.8559316
41.96822026907538,226.875,16.384802,0.8426546
41.96822026907538,228.75,16.708786,0.76089275
41.96822026907538,230.625,16.219236,0.70589596
41.96822026907538,232.5,14.926794,0.70129436
41.96822026907538,234.375,14.04197,0.71237206
41.96822026907538,236.25,8.860154,1.3204669
41.96822026907538,238.125,5.4077125,1.6112292
41.96822026907538,240.0,3.5563254,1.7982787
41.96822026907538,241.875,3.7644112,1.8743501
41.96822026907538,243.75,4.518669,1.9149494
41.96822026907538,245.625,4.2611103,1.938854
41.96822026907538,247.5,2.8951535,1.959134
41.96822026907538,249.375,1.5458176,1.9397612
41.96822026907538,251.25,1.2812668,1.9488814
41.96822026907538,253.125,2.3422043,2.0129817
41.96822026907538,255.0,4.2074776,2.1134431
41.96822026907538,256.875,6.1828685,2.1700804
41.96822026907538,258.75,7.677146,2.2124972
41.96822026907538,260.625,8.360271,2.2896953
41.96822026907538,262.5,8.4871855,2.3503695
41.96822026907538,264.375,8.52576,2.3762612
41.96822026907538,266.25,8.590935,2.3862772
41.96822026907538,268.125,8.288044,2.296624
41.96822026907538,270.0,7.7692943,2.1834626
41.96822026907538,271.875,7.580056,2.0666678
41.96822026907538,273.75,7.8900366,1.985584
41.96822026907538,275.625,8.223825,1.938072
41.96822026907538,277.5,8.289138,1.8803046
41.96822026907538,279.375,7.938298,1.8155507
41.96822026907538,281.25,7.391892,1.7766709
41.96822026907538,283.125,7.0229273,1.7377913
41.96822026907538,285.0,7.172361,1.6934688
41.96822026907538,286.875,7.963494,1.6446468
41.96822026907538,288.75,9.496502,1.5429864
41.96822026907538,290.625,15.616111,0.8730365
41.96822026907538,292.5,15.789275,0.9777091
41.96822026907538,294.375,17.4366,1.272949
41.96822026907538,296.25,18.028826,1.5324943
41.96822026907538,298.125,18.050682,1.5328385
41.96822026907538,300.0,18.79404,1.5248011
41.96822026907538,301.875,19.85033,1.4939386
41.96822026907538,303.75,20.441658,1.4899231
41.96822026907538,305.625,20.12781,1.5520408
41.96822026907538,307.5,18.895075,1.5376968
41.96822026907538,309.375,17.691326,1.5009456
41.96822026907538,311.25,18.484236,1.557286
41.96822026907538,313.125,19.866209,1.9154563
41.96822026907538,315.0,19.347342,1.7040861
41.96822026907538,316.875,18.546385,1.2673295
41.96822026907538,318.75,18.183805,1.1544267
41.96822026907538,320.625,18.12281,1.2292601
41.96822026907538,322.5,18.035505,1.2790939
41.96822026907538,324.375,17.741814,1.2767174
41.96822026907538,326.25,17.468473,1.3130989
41.96822026907538,328.125,17.784723,1.0911478
41.96822026907538,330.0,18.357145,0.8941004
41.96822026907538,331.875,18.13449,0.9477889
41.96822026907538,333.75,17.74197,0.94756067
41.96822026907538,335.625,18.002008,0.90444934
41.96822026907538,337.5,18.538708,0.93386996
41.96822026907538,339.375,18.969763,0.9122759
41.96822026907538,341.25,19.037127,0.7715943
41.96822026907538,343.125,18.760155,0.81263304
41.96822026907538,345.0,18.477829,0.8433839
41.96822026907538,346.875,18.113884,0.86805075
41.96822026907538,348.75,17.483982,0.85392785
41.96822026907538,350.625,17.301365,0.90130365
41.96822026907538,352.5,13.366306,1.2756608
41.96822026907538,354.375,11.326931,1.3352323
41.96822026907538,356.25,10.499568,1.4632753
41.96822026907538,358.125,10.850818,1.5651969
43.83345857895126,0.0,12.778748,1.6311626
43.83345857895126,1.875,11.52115,1.6290197
43.83345857895126,3.75,10.760623,1.6046906
43.83345857895126,5.625,10.71947,1.5007479
43.83345857895126,7.5,11.286892,1.3861547
43.83345857895126,9.375,18.818981,0.9191199
43.83345857895126,11.25,12.170525,1.6969781
43.83345857895126,13.125,12.046756,1.8878018
43.83345857895126,15.0,11.582634,1.9772344
43.83345857895126,16.875,11.081404,2.0187573
43.83345857895126,18.75,10.21695,2.0352917
43.83345857895126,20.625,9.004685,2.0942788
43.83345857895126,22.5,8.09283,2.2272918
43.83345857895126,24.375,8.54656,2.2997434
43.83345857895126,26.25,10.520251,2.3650243
43.83345857895126,28.125,13.187966,2.2884567
43.83345857895126,30.0,18.846209,0.9961429
43.83345857895126,31.875,18.176716,1.0243489
43.83345857895126,33.75,17.98951,1.0553486
43.83345857895126,35.625,18.19615,1.0568143
43.83345857895126,37.5,18.113592,1.0939575
43.83345857895126,39.375,17.668943,1.1300378
43.83345857895126,41.25,11.901736,2.2437382
43.83345857895126,43.125,9.913904,2.358057
43.83345857895126,45.0,10.1381035,2.4236066
43.83345857895126,46.875,11.73322,2.4034622
43.83345857895126,48.75,14.649217,1.5142337
43.83345857895126,50.625,13.667068,1.3944134
43.83345857895126,52.5,11.144724,2.1823118
43.83345857895126,54.375,10.011033,2.3546176
43.83345857895126,56.25,9.736755,2.3366063
43.83345857895126,58.125,10.07197,2.1872594
43.83345857895126,60.0,13.013669,1.3046292
43.83345857895126,61.875,10.22822,2.199462
43.83345857895126,63.75,9.977849,2.2629013
43.83345857895126,65.625,9.8747635,2.2587144
43.83345857895126,67.5,9.570408,2.2012382
43.83345857895126,69.375,8.936345,2.1633224
43.83345857895126,71.25,8.238278,2.1828449
43.83345857895126,73.125,7.6600757,2.2129152
43.83345857895126,75.0,6.6440015,2.1897604
43.83345857895126,76.875,4.8489428,2.1567783
43.83345857895126,78.75,2.5726144,2.1269965
43.83345857895126,80.625,1.221345,2.0345466
43.83345857895126,82.5,1.2853879,1.9599493
43.83345857895126,84.375,1.8064231,1.9918816
43.83345857895126,86.25,2.2063644,1.9743215
43.83345857895126,88.125,2.5771067,1.9050939
43.83345857895126,90.0,3.3233762,1.7203654
43.83345857895126,91.875,3.448044,1.6311104
43.83345857895126,93.75,2.750173,1.5704474
43.83345857895126,95.625,1.8800559,1.5369823
43.83345857895126,97.5,1.7731028,1.5389639
43.83345857895126,99.375,2.1402512,1.5119355
43.83345857895126,101.25,2.0795677,1.4514818
43.83345857895126,103.125,1.4892551,1.4202632
43.83345857895126,105.0,1.2232003,1.4384421
43.83345857895126,106.875,1.9367746,1.4719677
43.83345857895126,108.75,2.7097237,1.4876549
43.83345857895126,110.625,2.4527707,1.4658043
43.83345857895126,112.5,1.1625558,1.442536
43.83345857895126,114.375,-0.35756135,1.460056
43.83345857895126,116.25,-0.8707254,1.5015897
43.83345857895126,118.125,-0.05369415,1.5120964
43.83345857895126,120.0,1.5865598,1.457746
43.83345857895126,121.875,2.7128098,1.4310806
43.83345857895126,123.75,2.4294503,1.4159498
43.83345857895126,125.625,0.9971652,1.3948269
43.83345857895126,127.5,-0.06945587,1.4045782
43.83345857895126,129.375,0.38075897,1.4135956
43.83345857895126,131.25,1.5672238,1.4225172
43.83345857895126,133.125,2.5481613,1.421861
43.83345857895126,135.0,13.703709,0.80127513
43.83345857895126,136.875,13.683865,0.7635313
43.83345857895126,138.75,15.836756,0.6779631
43.83345857895126,140.625,17.565603,0.59826225
43.83345857895126,142.5,8.731502,1.1499323
43.83345857895126,144.375,14.643513,1.8131438
43.83345857895126,146.25,13.946482,1.9589972
43.83345857895126,148.125,13.242947,1.8934491
43.83345857895126,150.0,13.10447,1.6414963
43.83345857895126,151.875,13.627341,1.5864161
43.83345857895126,153.75,14.868181,1.6989473
43.83345857895126,155.625,16.120193,1.703358
43.83345857895126,157.5,16.557262,1.6680509
43.83345857895126,159.375,16.227362,1.7051951
43.83345857895126,161.25,15.834197,1.7875849
43.83345857895126,163.125,15.805017,1.82413
43.83345857895126,165.0,15.952166,1.7227464
43.83345857895126,166.875,15.814509,1.5725256
43.83345857895126,168.75,15.47947,1.4712251
43.83345857895126,170.625,15.183669,1.3583107
43.83345857895126,172.5,14.945682,1.1899301
43.83345857895126,174.375,14.913904,1.1096047
43.83345857895126,176.25,15.118513,1.1112907
43.83345857895126,178.125,15.244236,1.0527058
43.83345857895126,180.0,15.235291,1.0234997
43.83345857895126,181.875,15.044431,1.1189071
43.83345857895126,183.75,14.914822,1.2412134
43.83345857895126,185.625,14.959294,1.2244693
43.83345857895126,187.5,14.920681,1.137551
43.83345857895126,189.375,14.733181,1.0807862
43.83345857895126,191.25,14.542283,1.0801214
43.83345857895126,193.125,14.578806,1.0700604
43.83345857895126,195.0,14.575759,1.0444175
43.83345857895126,196.875,14.435115,1.0263643
43.83345857895126,198.75,14.376462,1.0227844
43.83345857895126,200.625,14.439666,1.0198134
43.83345857895126,202.5,14.374529,1.0013509
43.83345857895126,204.375,14.225486,0.98100966
43.83345857895126,206.25,14.249041,0.95654863
43.83345857895126,208.125,14.222908,0.9385385
43.83345857895126,210.0,14.104548,0.91847336
43.83345857895126,211.875,14.14656,0.90438265
43.83345857895126,213.75,14.270525,0.8791334
43.83345857895126,215.625,14.404549,0.8393573
43.83345857895126,217.5,14.530583,0.815322
43.83345857895126,219.375,14.466404,0.8199735
43.83345857895126,221.25,14.530486,0.8306195
43.83345857895126,223.125,14.653201,0.8444885
43.83345857895126,225.0,14.784333,0.86947876
43.83345857895126,226.875,15.141248,0.8928209
43.83345857895126,228.75,15.463689,0.82076025
43.83345857895126,230.625,15.436853,0.70576984
43.83345857895126,232.5,14.695076,0.7045776
43.83345857895126,234.375,13.613591,0.7000008
43.83345857895126,236.25,8.069588,1.2190708
43.83345857895126,238.125,5.0748215,1.4649949
43.83345857895126,240.0,3.7839036,1.6650637
43.83345857895126,241.875,3.9144309,1.7656237
43.83345857895126,243.75,3.4908175,1.8202425
43.83345857895126,245.625,1.8321457,1.8594068
43.83345857895126,247.5,0.08253632,1.9300624
43.83345857895126,249.375,-0.020627746,2.039585
43.83345857895126,251.25,1.3437277,2.1309884
43.83345857895126,253.125,3.3382785,2.1775231
43.83345857895126,255.0,4.8666377,2.202267
43.83345857895126,256.875,5.743181,2.2337494
43.83345857895126,258.75,6.403044,2.2905774
43.83345857895126,260.625,6.8505836,2.3586857
43.83345857895126,262.5,6.959275,2.3872385
43.83345857895126,264.375,6.746228,2.3820438
43.83345857895126,266.25,6.417478,2.342209
43.83345857895126,268.125,6.2374783,2.2841015
43.83345857895126,270.0,6.3332005,2.1937566
43.83345857895126,271.875,6.5339427,2.0554159
43.83345857895126,273.75,7.3677516,1.9530938
43.83345857895126,275.625,7.665857,1.8942088
43.83345857895126,277.5,12.156053,1.227499
43.83345857895126,279.375,7.6666384,1.8190938
43.83345857895126,281.25,6.977576,1.7472379
43.83345857895126,283.125,6.026638,1.6804926
43.83345857895126,285.0,5.6639624,1.7016112
43.83345857895126,286.875,5.6859546,1.6698136
43.83345857895126,288.75,6.37781,1.6154492
43.83345857895126,290.625,7.457224,1.5354577
43.83345857895126,292.5,13.999138,1.0577891
43.83345857895126,294.375,13.50613,1.0628506
43.83345857895126,296.25,13.035505,1.008801
43.83345857895126,298.125,13.231111,0.8681439
43.83345857895126,300.0,12.7749195,1.0116887
43.83345857895126,301.875,13.328982,1.210237
43.83345857895126,303.75,14.692674,1.2636805
43.83345857895126,305.625,14.037224,1.1786907
43.83345857895126,307.5,12.892791,1.0603287
43.83345857895126,309.375,13.525388,1.0130681
43.83345857895126,311.25,14.735134,1.4786572
43.83345857895126,313.125,16.2907,2.4072716
43.83345857895126,315.0,16.463572,2.1168795
43.83345857895126,316.875,15.935389,1.843395
43.83345857895126,318.75,15.579704,1.6888539
43.83345857895126,320.625,15.574236,1.552264
43.83345857895126,322.5,15.49033,1.5374585
43.83345857895126,324.375,15.321541,1.4048713
43.83345857895126,326.25,15.263142,1.2773463
43.83345857895126,328.125,15.812146,1.2364457
43.83345857895126,330.0,16.777224,1.087473
43.83345857895126,331.875,17.060251,1.0183496
43.83345857895126,333.75,16.750349,0.98195386
43.83345857895126,335.625,16.470604,0.9208147
43.83345857895126,337.5,16.466053,0.94496
43.83345857895126,339.375,16.974783,1.0147008
43.83345857895126,341.25,17.848825,0.94674647
43.83345857895126,343.125,18.086775,0.79936993
43.83345857895126,345.0,18.012087,0.83854747
43.83345857895126,346.875,17.894997,0.88805884
43.83345857895126,348.75,17.46277,0.79148567
43.83345857895126,350.625,16.925837,0.76860404
43.83345857895126,352.5,17.063572,0.7655583
43.83345857895126,354.375,17.406227,0.7438543
43.83345857895126,356.25,17.54029,0.73096514
43.83345857895126,358.125,17.53863,0.6902952
45.698693877701785,0.0,12.562224,1.4993604
45.698693877701785,1.875,10.637556,1.5458645
45.698693877701785,3.75,8.839294,1.5855364
45.698693877701785,5.625,7.637927,1.5412285
45.698693877701785,7.5,6.9820876,1.5074393
45.698693877701785,9.375,6.99115,1.538421
45.698693877701785,11.25,7.4238257,1.6335344
45.698693877701785,13.125,8.043709,1.7816168
45.698693877701785,15.0,8.799568,1.9418174
45.698693877701785,16.875,9.681677,2.0364015
45.698693877701785,18.75,10.227439,2.0488715
45.698693877701785,20.625,9.791462,2.072555
45.698693877701785,22.5,8.409451,2.1501062
45.698693877701785,24.375,7.3437867,2.2217977
45.698693877701785,26.25,7.682068,2.3043833
45.698693877701785,28.125,9.43322,2.3526597
45.698693877701785,30.0,11.12199,2.3712082
45.698693877701785,31.875,18.20576,1.0856073
45.698693877701785,33.75,11.363826,2.2346077
45.698693877701785,35.625,11.15033,2.2322483
45.698693877701785,37.5,17.624607,1.2174441
45.698693877701785,39.375,10.618748,2.3612587
45.698693877701785,41.25,9.643201,2.4369872
45.698693877701785,43.125,9.148728,2.508344
45.698693877701785,45.0,9.756833,2.5882077
45.698693877701785,46.875,11.216384,2.5400562
45.698693877701785,48.75,13.982497,1.6265217
45.698693877701785,50.625,13.232458,1.4629359
45.698693877701785,52.5,10.35488,2.3661897
45.698693877701785,54.375,9.241873,2.4576094
45.698693877701785,56.25,8.627146,2.4091287
45.698693877701785,58.125,8.401951,2.2750769
45.698693877701785,60.0,11.968337,1.3485934
45.698693877701785,61.875,8.556443,2.2655063
45.698693877701785,63.75,8.443572,2.2927234
45.698693877701785,65.625,7.7002125,2.2588413
45.698693877701785,67.5,6.6699586,2.1630068
45.698693877701785,69.375,6.083064,2.1343706
45.698693877701785,71.25,6.470896,2.1606264
45.698693877701785,73.125,7.3944507,2.1713324
45.698693877701785,75.0,7.788396,2.1314445
45.698693877701785,76.875,7.049314,2.1391153
45.698693877701785,78.75,6.2774587,2.1656828
45.698693877701785,80.625,5.6768923,2.159718
45.698693877701785,82.5,5.4684544,2.1276405
45.698693877701785,84.375,4.802751,2.0892
45.698693877701785,86.25,3.310583,2.000591
45.698693877701785,88.125,1.6791965,1.8996288
45.698693877701785,90.0,0.47536835,1.8004928
45.698693877701785,91.875,-1.035784,1.7218801
45.698693877701785,93.75,-2.6758034,1.7333626
45.698693877701785,95.625,-4.149612,1.7702259
45.698693877701785,97.5,-4.6957645,1.7547151
45.698693877701785,99.375,-4.0739284,1.6496799
45.698693877701785,101.25,-2.857327,1.5877045
45.698693877701785,103.125,-1.6119754,1.5681307
45.698693877701785,105.0,-0.827034,1.6024493
45.698693877701785,106.875,-0.6276785,1.6053152
45.698693877701785,108.75,-0.52508086,1.5716145
45.698693877701785,110.625,-0.24945587,1.5187219
45.698693877701785,112.5,0.2233371,1.5445565
45.698693877701785,114.375,0.042848814,1.6057817
45.698693877701785,116.25,-0.7712137,1.6654292
45.698693877701785,118.125,-1.4047879,1.640403
45.698693877701785,120.0,-0.69148713,1.601497
45.698693877701785,121.875,0.72448945,1.603219
45.698693877701785,123.75,1.4754856,1.6234239
45.698693877701785,125.625,0.7631613,1.597024
45.698693877701785,127.5,-0.25769806,1.5289575
45.698693877701785,129.375,-0.7238113,1.5228113
45.698693877701785,131.25,-0.6513699,1.5587741
45.698693877701785,133.125,-0.97724885,1.541915
45.698693877701785,135.0,-1.1145145,1.6137203
45.698693877701785,136.875,0.07884491,1.5674832
45.698693877701785,138.75,13.459568,0.6947909
45.698693877701785,140.625,15.20867,0.6001997
45.698693877701785,142.5,14.872712,0.58952016
45.698693877701785,144.375,13.034197,0.87328094
45.698693877701785,146.25,11.468728,1.0013922
45.698693877701785,148.125,10.721775,0.88654876
45.698693877701785,150.0,11.161579,0.78072417
45.698693877701785,151.875,11.896365,0.9346349
45.698693877701785,153.75,12.489236,1.2471498
45.698693877701785,155.625,12.486677,1.4030303
45.698693877701785,157.5,11.92324,1.3686682
45.698693877701785,159.375,11.513142,1.279083
45.698693877701785,161.25,11.581482,1.291208
45.698693877701785,163.125,12.170759,1.3344997
45.698693877701785,165.0,12.865173,1.2945836
45.698693877701785,166.875,13.099138,1.1842133
45.698693877701785,168.75,12.93201,1.1249459
45.698693877701785,170.625,12.67572,1.0881146
45.698693877701785,172.5,12.581365,1.0343956
45.698693877701785,174.375,12.628493,1.0169101
45.698693877701785,176.25,12.816892,1.0205425
45.698693877701785,178.125,12.898552,1.0067133
45.698693877701785,180.0,12.887576,1.0226724
45.698693877701785,181.875,12.954861,1.1113986
45.698693877701785,183.75,13.023494,1.2008272
45.698693877701785,185.625,13.014919,1.1977181
45.698693877701785,187.5,12.851209,1.0973312
45.698693877701785,189.375,12.826286,1.0384746
45.698693877701785,191.25,12.939705,1.0467557
45.698693877701785,193.125,13.018298,1.0514657
45.698693877701785,195.0,12.923474,1.0548296
45.698693877701785,196.875,12.92908,1.0469769
45.698693877701785,198.75,13.024705,1.0211377
45.698693877701785,200.625,13.014861,0.9945521
45.698693877701785,202.5,12.992732,0.9746769
45.698693877701785,204.375,13.02697,0.94300634
45.698693877701785,206.25,12.997244,0.9228351
45.698693877701785,208.125,13.042498,0.90552294
45.698693877701785,210.0,13.162205,0.8843316
45.698693877701785,211.875,13.145857,0.8890391
45.698693877701785,213.75,13.174334,0.9045118
45.698693877701785,215.625,13.20613,0.89336544
45.698693877701785,217.5,13.063337,0.8645736
45.698693877701785,219.375,13.057243,0.84153813
45.698693877701785,221.25,13.153377,0.84953064
45.698693877701785,223.125,13.446325,0.87302375
45.698693877701785,225.0,13.821873,0.8983631
45.698693877701785,226.875,14.078962,0.8917514
45.698693877701785,228.75,14.267986,0.8169397
45.698693877701785,230.625,14.116189,0.75336444
45.698693877701785,232.5,13.545994,0.77344847
45.698693877701785,234.375,12.882439,0.699906
45.698693877701785,236.25,8.769489,1.2325238
45.698693877701785,238.125,6.7061305,1.379223
45.698693877701785,240.0,5.4235134,1.5280838
45.698693877701785,241.875,4.4915013,1.6557348
45.698693877701785,243.75,2.7914622,1.736943
45.698693877701785,245.625,0.5450949,1.8531686
45.698693877701785,247.5,-0.640491,1.9657202
45.698693877701785,249.375,0.4529074,2.1248646
45.698693877701785,251.25,2.701638,2.2657447
45.698693877701785,253.125,4.541228,2.3240855
45.698693877701785,255.0,5.0939426,2.3297145
45.698693877701785,256.875,5.0033174,2.338728
45.698693877701785,258.75,5.1974196,2.3987155
45.698693877701785,260.625,5.7221656,2.4498632
45.698693877701785,262.5,5.936716,2.4690855
45.698693877701785,264.375,5.469978,2.4385452
45.698693877701785,266.25,4.828083,2.3539634
45.698693877701785,268.125,4.7751927,2.2523012
45.698693877701785,270.0,5.5303884,2.1176581
45.698693877701785,271.875,6.359314,1.9961137
45.698693877701785,273.75,10.681794,1.1759027
45.698693877701785,275.625,6.681853,1.8730747
45.698693877701785,277.5,10.659197,1.1388113
45.698693877701785,279.375,6.0862474,1.8825486
45.698693877701785,281.25,5.738357,1.8542255
45.698693877701785,283.125,5.1602907,1.765598
45.698693877701785,285.0,4.595505,1.6955447
45.698693877701785,286.875,4.374861,1.6610922
45.698693877701785,288.75,4.357497,1.6319966
45.698693877701785,290.625,4.6331615,1.608403
45.698693877701785,292.5,5.393142,1.5772805
45.698693877701785,294.375,6.377888,1.5260197
45.698693877701785,296.25,7.461892,1.4125502
45.698693877701785,298.125,8.160466,1.2968895
45.698693877701785,300.0,11.18656,0.83339083
45.698693877701785,301.875,10.450544,0.9696817
45.698693877701785,303.75,11.113884,0.9539271
45.698693877701785,305.625,10.558611,0.844846
45.698693877701785,307.5,10.359763,0.89947623
45.698693877701785,309.375,10.79947,1.0171499
45.698693877701785,311.25,10.263142,1.2795873
45.698693877701785,313.125,10.7276535,1.7089366
45.698693877701785,315.0,11.517029,1.50222
45.698693877701785,316.875,11.986092,1.2042131
45.698693877701785,318.75,12.473806,1.290736
45.698693877701785,320.625,12.870193,1.2786303
45.698693877701785,322.5,13.121247,1.1227801
45.698693877701785,324.375,13.343845,1.0469929
45.698693877701785,326.25,13.752517,1.1085503
45.698693877701785,328.125,14.388689,1.1832513
45.698693877701785,330.0,15.110173,1.1531126
45.698693877701785,331.875,15.538161,1.0441294
45.698693877701785,333.75,15.457654,0.9756782
45.698693877701785,335.625,15.282068,0.90494955
45.698693877701785,337.5,15.354236,0.8797097
45.698693877701785,339.375,15.682908,0.93165743
45.698693877701785,341.25,16.173552,0.97707295
45.698693877701785,343.125,16.610115,0.9665909
45.698693877701785,345.0,16.761852,0.91602695
45.698693877701785,346.875,17.088259,0.87397987
45.698693877701785,348.75,17.300545,0.8692093
45.698693877701785,350.625,16.99822,0.82946473
45.698693877701785,352.5,16.974861,0.7669026
45.698693877701785,354.375,17.174665,0.8593229
45.698693877701785,356.25,17.106716,0.8858418
45.698693877701785,358.125,17.192986,0.75388336
47.56392574797867,0.0,11.712517,1.309965
47.56392574797867,1.875,10.492888,1.4243289
47.56392574797867,3.75,9.112674,1.4690155
47.56392574797867,5.625,7.6358376,1.489067
47.56392574797867,7.5,6.317087,1.5198699
47.56392574797867,9.375,5.5433764,1.5347695
47.56392574797867,11.25,5.4039626,1.5718353
47.56392574797867,13.125,5.6856227,1.6401908
47.56392574797867,15.0,6.4345484,1.7369192
47.56392574797867,16.875,7.529001,1.8175114
47.56392574797867,18.75,8.574588,1.9056767
47.56392574797867,20.625,8.805584,1.9755523
47.56392574797867,22.5,7.8517165,2.0504584
47.56392574797867,24.375,6.6300755,2.1793346
47.56392574797867,26.25,6.4250755,2.239783
47.56392574797867,28.125,7.327927,2.3041284
47.56392574797867,30.0,8.5138645,2.3533883
47.56392574797867,31.875,9.026364,2.3479292
47.56392574797867,33.75,8.843083,2.3174925
47.56392574797867,35.625,8.613513,2.366277
47.56392574797867,37.5,8.640428,2.4331853
47.56392574797867,39.375,8.568826,2.4770057
47.56392574797867,41.25,8.325134,2.5090573
47.56392574797867,43.125,8.09072,2.538967
47.56392574797867,45.0,8.385739,2.546671
47.56392574797867,46.875,8.918299,2.4789534
47.56392574797867,48.75,9.097908,2.4090915
47.56392574797867,50.625,8.633318,2.3921878
47.56392574797867,52.5,7.8813453,2.451658
47.56392574797867,54.375,7.238455,2.4799058
47.56392574797867,56.25,6.709255,2.417343
47.56392574797867,58.125,6.2421265,2.3164108
47.56392574797867,60.0,5.9186497,2.2999444
47.56392574797867,61.875,5.7441187,2.3260355
47.56392574797867,63.75,5.59365,2.320684
47.56392574797867,65.625,5.108376,2.2736096
47.56392574797867,67.5,4.311228,2.2261097
47.56392574797867,69.375,3.6793332,2.2304451
47.56392574797867,71.25,3.4605832,2.2495615
47.56392574797867,73.125,3.4656808,2.2131805
47.56392574797867,75.0,3.240544,2.1509087
47.56392574797867,76.875,2.8244505,2.1244185
47.56392574797867,78.75,2.514919,2.1519117
47.56392574797867,80.625,2.7449973,2.1503005
47.56392574797867,82.5,2.6710324,2.0787706
47.56392574797867,84.375,1.4699191,1.9737659
47.56392574797867,86.25,-0.8786551,1.9034646
47.56392574797867,88.125,-3.2785769,1.8742473
47.56392574797867,90.0,-4.363655,1.8839989
47.56392574797867,91.875,-4.42678,1.9607432
47.56392574797867,93.75,-4.286487,2.0029213
47.56392574797867,95.625,-4.9768777,1.9409028
47.56392574797867,97.5,-5.9332447,1.8540887
47.56392574797867,99.375,-6.0051975,1.7864461
47.56392574797867,101.25,-4.6819754,1.7503499
47.56392574797867,103.125,-2.7534013,1.74364
47.56392574797867,105.0,-1.9013699,1.6876447
47.56392574797867,106.875,-2.6847684,1.6437248
47.56392574797867,108.75,-3.9622293,1.6118845
47.56392574797867,110.625,-3.977288,1.6004443
47.56392574797867,112.5,-2.2156863,1.6857191
47.56392574797867,114.375,-0.8588113,1.7600851
47.56392574797867,116.25,-1.2483426,1.7927119
47.56392574797867,118.125,-2.8551981,1.7513827
47.56392574797867,120.0,-3.5616825,1.7356884
47.56392574797867,121.875,-2.7702372,1.8080717
47.56392574797867,123.75,-1.7672293,1.8533231
47.56392574797867,125.625,-1.5522293,1.832406
47.56392574797867,127.5,-1.9546902,1.7448275
47.56392574797867,129.375,-2.1893387,1.67054
47.56392574797867,131.25,-2.4612918,1.5946056
47.56392574797867,133.125,-2.6746707,1.6287937
47.56392574797867,135.0,-3.3626785,1.6745027
47.56392574797867,136.875,-3.2824638,1.6632439
47.56392574797867,138.75,-1.439827,1.6005571
47.56392574797867,140.625,11.17074,0.61845237
47.56392574797867,142.5,11.239666,0.65179175
47.56392574797867,144.375,9.86572,0.62197715
47.56392574797867,146.25,8.677107,0.63012606
47.56392574797867,148.125,9.017947,0.67474526
47.56392574797867,150.0,9.833571,0.7735109
47.56392574797867,151.875,10.245369,0.87299883
47.56392574797867,153.75,10.084353,0.9961235
47.56392574797867,155.625,9.360447,1.0206516
47.56392574797867,157.5,8.744099,0.9051822
47.56392574797867,159.375,8.610935,0.8396169
47.56392574797867,161.25,9.085466,0.8131947
47.56392574797867,163.125,9.784333,0.82976294
47.56392574797867,165.0,10.43617,0.8852587
47.56392574797867,166.875,10.855427,0.91117525
47.56392574797867,168.75,11.093201,0.9164895
47.56392574797867,170.625,11.103786,0.9148497
47.56392574797867,172.5,10.998806,0.89405686
47.56392574797867,174.375,10.867576,0.89076173
47.56392574797867,176.25,10.816892,0.9083327
47.56392574797867,178.125,10.963631,0.9093867
47.56392574797867,180.0,11.182029,0.9107956
47.56392574797867,181.875,11.334275,0.9517267
47.56392574797867,183.75,11.339861,1.0029188
47.56392574797867,185.625,11.309567,1.0086951
47.56392574797867,187.5,11.390349,0.9807084
47.56392574797867,189.375,11.509841,0.96300906
47.56392574797867,191.25,11.514002,0.97251654
47.56392574797867,193.125,11.438259,0.9879615
47.56392574797867,195.0,11.398162,1.002074
47.56392574797867,196.875,11.33533,0.9715232
47.56392574797867,198.75,11.359568,0.91028863
47.56392574797867,200.625,11.620837,0.8916407
47.56392574797867,202.5,11.759724,0.9081975
47.56392574797867,204.375,11.70238,0.91362756
47.56392574797867,206.25,11.790505,0.9105428
47.56392574797867,208.125,11.9159355,0.8926901
47.56392574797867,210.0,11.894548,0.8602352
47.56392574797867,211.875,11.906247,0.8502472
47.56392574797867,213.75,11.816345,0.85655975
47.56392574797867,215.625,11.735603,0.8575916
47.56392574797867,217.5,11.871072,0.8424486
47.56392574797867,219.375,12.002166,0.82397866
47.56392574797867,221.25,12.259158,0.8284762
47.56392574797867,223.125,12.547107,0.8566601
47.56392574797867,225.0,12.860115,0.9083954
47.56392574797867,226.875,13.159236,0.8809746
47.56392574797867,228.75,13.016775,0.80098534
47.56392574797867,230.625,12.599548,0.75896734
47.56392574797867,232.5,12.04074,0.71736044
47.56392574797867,234.375,11.828865,0.6346118
47.56392574797867,236.25,7.4468727,1.3270597
47.56392574797867,238.125,5.9251146,1.4382554
47.56392574797867,240.0,4.6302705,1.546593
47.56392574797867,241.875,3.3625557,1.6202433
47.56392574797867,243.75,1.8724972,1.731291
47.56392574797867,245.625,0.5839621,1.8296872
47.56392574797867,247.5,0.6192355,1.978617
47.56392574797867,249.375,2.0657003,2.183421
47.56392574797867,251.25,3.8097434,2.3516543
47.56392574797867,253.125,4.474294,2.4249861
47.56392574797867,255.0,4.0997043,2.4360824
47.56392574797867,256.875,3.6628487,2.4328945
47.56392574797867,258.75,3.9484544,2.4523356
47.56392574797867,260.625,4.6794114,2.5249045
47.56392574797867,262.5,4.826013,2.5501425
47.56392574797867,264.375,4.138259,2.4774582
47.56392574797867,266.25,3.4502707,2.3393779
47.56392574797867,268.125,3.4515793,2.2106616
47.56392574797867,270.0,8.855896,1.2750177
47.56392574797867,271.875,8.996814,1.2235112
47.56392574797867,273.75,9.30154,1.1734825
47.56392574797867,275.625,4.717165,1.9656198
47.56392574797867,277.5,3.969177,1.9724164
47.56392574797867,279.375,3.5556808,1.9360981
47.56392574797867,281.25,3.3906221,1.8769087
47.56392574797867,283.125,3.332966,1.8152114
47.56392574797867,285.0,3.272087,1.7458287
47.56392574797867,286.875,3.0457785,1.7043463
47.56392574797867,288.75,2.733845,1.6716489
47.56392574797867,290.625,2.699177,1.6533958
47.56392574797867,292.5,3.39738,1.6133647
47.56392574797867,294.375,4.6342354,1.515185
47.56392574797867,296.25,11.178592,0.81379265
47.56392574797867,298.125,10.390467,0.7347403
47.56392574797867,300.0,9.758572,0.7899092
47.56392574797867,301.875,9.419529,0.9774748
47.56392574797867,303.75,6.860486,1.1903952
47.56392574797867,305.625,7.1396265,1.1671371
47.56392574797867,307.5,9.042517,0.7260793
47.56392574797867,309.375,8.526052,0.76378214
47.56392574797867,311.25,8.498338,0.7240032
47.56392574797867,313.125,9.107224,0.72931284
47.56392574797867,315.0,9.8488455,0.82318467
47.56392574797867,316.875,10.411618,0.8916078
47.56392574797867,318.75,10.978142,0.92569166
47.56392574797867,320.625,11.415485,0.86581814
47.56392574797867,322.5,11.854744,0.9607372
47.56392574797867,324.375,12.265037,1.0498251
47.56392574797867,326.25,12.712556,1.0745702
47.56392574797867,328.125,13.308084,1.1090394
47.56392574797867,330.0,13.93488,0.9790681
47.56392574797867,331.875,14.280759,0.9627593
47.56392574797867,333.75,14.255974,0.92724675
47.56392574797867,335.625,14.214197,0.76373696
47.56392574797867,337.5,14.41361,0.74514127
47.56392574797867,339.375,14.66449,0.82620466
47.56392574797867,341.25,14.838631,0.9788499
47.56392574797867,343.125,15.174783,1.0171059
47.56392574797867,345.0,15.599256,0.9365884
47.56392574797867,346.875,16.469685,0.831435
47.56392574797867,348.75,16.469646,0.89114994
47.56392574797867,350.625,15.8145485,0.7965946
47.56392574797867,352.5,15.969939,0.7236415
47.56392574797867,354.375,15.912732,0.7719688
47.56392574797867,356.25,15.759431,0.8232021
47.56392574797867,358.125,12.819139,1.2476481
49.42915369712305,0.0,16.296423,0.9137451
49.42915369712305,1.875,11.536424,1.2689836
49.42915369712305,3.75,10.749021,1.3241485
49.42915369712305,5.625,9.533025,1.3620626
49.42915369712305,7.5,8.171521,1.3976533
49.42915369712305,9.375,6.978103,1.4539855
49.42915369712305,11.25,6.3772044,1.4784527
49.42915369712305,13.125,6.1516576,1.5323131
49.42915369712305,15.0,6.143025,1.5788605
49.42915369712305,16.875,6.3760524,1.700552
49.42915369712305,18.75,6.6526732,1.8406839
49.42915369712305,20.625,6.7680836,1.9562721
49.42915369712305,22.5,6.51947,2.0537431
49.42915369712305,24.375,6.250798,2.1193337
49.42915369712305,26.25,6.379138,2.1781552
49.42915369712305,28.125,6.932068,2.2472503
49.42915369712305,30.0,7.340935,2.261338
49.42915369712305,31.875,7.2544117,2.2362485
49.42915369712305,33.75,6.923982,2.2107978
49.42915369712305,35.625,6.7765408,2.2526655
49.42915369712305,37.5,6.985271,2.2994
49.42915369712305,39.375,7.1412086,2.3232887
49.42915369712305,41.25,6.9935327,2.3291392
49.42915369712305,43.125,6.653494,2.3458223
49.42915369712305,45.0,6.443357,2.3764582
49.42915369712305,46.875,6.393689,2.4359887
49.42915369712305,48.75,6.236443,2.477144
49.42915369712305,50.625,5.890779,2.5063357
49.42915369712305,52.5,5.4265795,2.5154006
49.42915369712305,54.375,5.035173,2.4704237
49.42915369712305,56.25,4.676892,2.4047124
49.42915369712305,58.125,4.2501535,2.3884737
49.42915369712305,60.0,3.921423,2.4211662
49.42915369712305,61.875,3.9002316,2.4686477
49.42915369712305,63.75,4.073064,2.4695358
49.42915369712305,65.625,4.0106807,2.439447
49.42915369712305,67.5,3.5222237,2.4198759
49.42915369712305,69.375,2.8505638,2.4376185
49.42915369712305,71.25,2.044802,2.464117
49.42915369712305,73.125,1.3794894,2.4226503
49.42915369712305,75.0,0.8580832,2.3479674
49.42915369712305,76.875,0.6549582,2.296307
49.42915369712305,78.75,0.79056364,2.283796
49.42915369712305,80.625,0.79011446,2.255445
49.42915369712305,82.5,-0.10248321,2.1765144
49.42915369712305,84.375,-2.4470146,2.1491144
49.42915369712305,86.25,-6.007268,2.1295753
49.42915369712305,88.125,-8.193167,2.0984368
49.42915369712305,90.0,-7.175276,2.089921
49.42915369712305,91.875,-5.010022,2.0422878
49.42915369712305,93.75,-3.3523855,1.9839939
49.42915369712305,95.625,-3.7738113,1.9327705
49.42915369712305,97.5,-5.9677367,1.8802226
49.42915369712305,99.375,-7.465725,1.8305374
49.42915369712305,101.25,-6.327053,1.8350539
49.42915369712305,103.125,-3.8557448,1.8206936
49.42915369712305,105.0,-2.5229325,1.7009213
49.42915369712305,106.875,-3.2698073,1.695862
49.42915369712305,108.75,-5.3077955,1.7185147
49.42915369712305,110.625,-6.012815,1.784004
49.42915369712305,112.5,-4.7128153,1.8390498
49.42915369712305,114.375,-3.294827,1.9048615
49.42915369712305,116.25,-3.3244753,1.8931798
49.42915369712305,118.125,-4.880003,1.828913
49.42915369712305,120.0,-6.1667213,1.8191372
49.42915369712305,121.875,-5.566194,1.911334
49.42915369712305,123.75,-4.67637,1.9512204
49.42915369712305,125.625,-4.308675,1.9298953
49.42915369712305,127.5,-4.32344,1.862547
49.42915369712305,129.375,-4.3661356,1.759205
49.42915369712305,131.25,-4.2831473,1.6708915
49.42915369712305,133.125,-4.59471,1.6393905
49.42915369712305,135.0,-5.417014,1.6527158
49.42915369712305,136.875,-5.951233,1.689453
49.42915369712305,138.75,-5.400315,1.7550187
49.42915369712305,140.625,9.047185,0.7648687
49.42915369712305,142.5,-0.9528738,1.6457529
49.42915369712305,144.375,0.4991574,1.5682005
49.42915369712305,146.25,8.133279,0.59363997
49.42915369712305,148.125,8.31076,0.67465323
49.42915369712305,150.0,8.64699,0.8082723
49.42915369712305,151.875,8.658142,0.856052
49.42915369712305,153.75,8.295759,0.889233
49.42915369712305,155.625,7.42697,0.78754
49.42915369712305,157.5,6.998533,0.7018893
49.42915369712305,159.375,6.9710326,0.6688066
49.42915369712305,161.25,7.384138,0.6907478
49.42915369712305,163.125,8.131228,0.73334616
49.42915369712305,165.0,8.84201,0.749805
49.42915369712305,166.875,9.434509,0.7778197
49.42915369712305,168.75,9.800525,0.79585326
49.42915369712305,170.625,9.874783,0.79427606
49.42915369712305,172.5,9.754236,0.7872285
49.42915369712305,174.375,9.641365,0.78549886
49.42915369712305,176.25,9.639177,0.7929353
49.42915369712305,178.125,9.763825,0.78810245
49.42915369712305,180.0,9.928376,0.78018004
49.42915369712305,181.875,10.038377,0.80173504
49.42915369712305,183.75,10.16365,0.8329139
49.42915369712305,185.625,10.261072,0.84755176
49.42915369712305,187.5,10.294724,0.85237116
49.42915369712305,189.375,10.249587,0.8351112
49.42915369712305,191.25,10.170916,0.84319776
49.42915369712305,193.125,10.042068,0.8617635
49.42915369712305,195.0,9.847029,0.85567266
49.42915369712305,196.875,9.8174,0.8310915
49.42915369712305,198.75,9.956989,0.8266383
49.42915369712305,200.625,10.05783,0.83423036
49.42915369712305,202.5,10.116521,0.83519286
49.42915369712305,204.375,10.244704,0.8275502
49.42915369712305,206.25,10.3473215,0.8127205
49.42915369712305,208.125,10.508064,0.81001055
49.42915369712305,210.0,10.711989,0.80661905
49.42915369712305,211.875,10.71449,0.7966934
49.42915369712305,213.75,10.704959,0.79860806
49.42915369712305,215.625,10.804373,0.8074504
49.42915369712305,217.5,11.0454855,0.8223453
49.42915369712305,219.375,11.373865,0.815917
49.42915369712305,221.25,11.514295,0.8040916
49.42915369712305,223.125,11.603767,0.8238591
49.42915369712305,225.0,11.722947,0.87407935
49.42915369712305,226.875,11.971775,0.880648
49.42915369712305,228.75,11.889216,0.77503973
49.42915369712305,230.625,11.280876,0.7029907
49.42915369712305,232.5,10.93904,0.6392984
49.42915369712305,234.375,5.7712083,1.3632023
49.42915369712305,236.25,3.5421066,1.4959011
49.42915369712305,238.125,1.7363645,1.6067966
49.42915369712305,240.0,0.49499726,1.6751755
49.42915369712305,241.875,-0.2510965,1.729698
49.42915369712305,243.75,-0.5735184,1.819758
49.42915369712305,245.625,-0.16951446,1.9177611
49.42915369712305,247.5,0.97792697,2.0657256
49.42915369712305,249.375,2.5222628,2.2947068
49.42915369712305,251.25,3.326345,2.4674401
49.42915369712305,253.125,3.026423,2.5212312
49.42915369712305,255.0,2.3462667,2.448278
49.42915369712305,256.875,2.2114425,2.4827318
49.42915369712305,258.75,2.7737863,2.5376298
49.42915369712305,260.625,3.3583176,2.5684187
49.42915369712305,262.5,3.2582786,2.5095978
49.42915369712305,264.375,2.77697,2.447126
49.42915369712305,266.25,2.2243721,2.3682997
49.42915369712305,268.125,2.324255,2.316572
49.42915369712305,270.0,2.8225753,2.2476146
49.42915369712305,271.875,3.165173,2.1988742
49.42915369712305,273.75,3.0663254,2.147044
49.42915369712305,275.625,2.85238,2.071625
49.42915369712305,277.5,2.724548,1.9799428
49.42915369712305,279.375,2.4265597,1.8977903
49.42915369712305,281.25,2.273298,1.8496422
49.42915369712305,283.125,1.9315988,1.808971
49.42915369712305,285.0,1.6402903,1.7739478
49.42915369712305,286.875,1.3927317,1.7583169
49.42915369712305,288.75,1.1700168,1.7296869
49.42915369712305,290.625,1.1814035,1.7069622
49.42915369712305,292.5,1.718884,1.6479934
49.42915369712305,294.375,2.902712,1.5183827
49.42915369712305,296.25,7.251072,0.76635194
49.42915369712305,298.125,7.780056,0.81985974
49.42915369712305,300.0,8.800329,0.691704
49.42915369712305,301.875,4.877771,1.2246433
49.42915369712305,303.75,4.9883566,1.2261865
49.42915369712305,305.625,7.8068724,0.66817904
49.42915369712305,307.5,7.640564,0.6657073
49.42915369712305,309.375,8.032185,0.64540446
49.42915369712305,311.25,8.738728,0.55868864
49.42915369712305,313.125,9.314256,0.55141115
49.42915369712305,315.0,9.765838,0.5911231
49.42915369712305,316.875,10.132282,0.61908144
49.42915369712305,318.75,10.435037,0.65541726
49.42915369712305,320.625,10.693337,0.6950471
49.42915369712305,322.5,10.979509,0.74698186
49.42915369712305,324.375,11.298221,0.8247966
49.42915369712305,326.25,11.569217,0.8484753
49.42915369712305,328.125,11.938689,0.8345525
49.42915369712305,330.0,12.4932785,0.8545779
49.42915369712305,331.875,12.934841,0.8321967
49.42915369712305,333.75,12.963044,0.8254186
49.42915369712305,335.625,12.904314,0.7761058
49.42915369712305,337.5,12.964431,0.7733463
49.42915369712305,339.375,13.084803,0.789064
49.42915369712305,341.25,13.40574,0.8444183
49.42915369712305,343.125,14.064822,0.90736663
49.42915369712305,345.0,15.388825,0.7590088
49.42915369712305,346.875,15.810857,0.76459134
49.42915369712305,348.75,15.133611,0.74155104
49.42915369712305,350.625,14.669958,0.67330647
49.42915369712305,352.5,15.163396,0.75264114
49.42915369712305,354.375,15.292263,0.7744229
49.42915369712305,356.25,15.332966,0.74272275
49.42915369712305,358.125,15.703396,0.86748576
51.29437713895115,0.0,11.096677,1.2004665
51.29437713895115,1.875,15.601423,0.9002724
51.29437713895115,3.75,15.302498,0.94191015
51.29437713895115,5.625,10.43158,1.2928698
51.29437713895115,7.5,9.108865,1.3848697
51.29437713895115,9.375,8.192868,1.449328
51.29437713895115,11.25,7.7915797,1.4812683
51.29437713895115,13.125,7.6149,1.5318294
51.29437713895115,15.0,7.3620677,1.5885928
51.29437713895115,16.875,6.944861,1.6683009
51.29437713895115,18.75,6.5932984,1.7946681
51.29437713895115,20.625,6.2349586,1.9119469
51.29437713895115,22.5,6.080935,1.9936612
51.29437713895115,24.375,6.2151146,2.0699227
51.29437713895115,26.25,6.525896,2.156682
51.29437713895115,28.125,6.7350173,2.1959157
51.29437713895115,30.0,6.5096264,2.184849
51.29437713895115,31.875,5.8835325,2.1705732
51.29437713895115,33.75,5.2275367,2.1791034
51.29437713895115,35.625,4.8584933,2.193576
51.29437713895115,37.5,4.7599583,2.20507
51.29437713895115,39.375,4.713825,2.233744
51.29437713895115,41.25,4.5248213,2.2558532
51.29437713895115,43.125,4.3001924,2.2985153
51.29437713895115,45.0,4.2410326,2.3599596
51.29437713895115,46.875,4.4115596,2.4497423
51.29437713895115,48.75,4.6043916,2.523328
51.29437713895115,50.625,4.5760713,2.5440006
51.29437713895115,52.5,4.2091184,2.5060122
51.29437713895115,54.375,3.5240598,2.4366524
51.29437713895115,56.25,2.7609932,2.40284
51.29437713895115,58.125,2.1996653,2.4350023
51.29437713895115,60.0,2.0650754,2.4978764
51.29437713895115,61.875,2.3422043,2.5562403
51.29437713895115,63.75,2.7664816,2.5764081
51.29437713895115,65.625,2.860056,2.5285187
51.29437713895115,67.5,2.4590206,2.526412
51.29437713895115,69.375,1.8534348,2.565731
51.29437713895115,71.25,1.452927,2.5984514
51.29437713895115,73.125,1.4879074,2.5842836
51.29437713895115,75.0,1.8858175,2.5684528
51.29437713895115,76.875,2.3290598,2.5575256
51.29437713895115,78.75,2.5659347,2.5236752
51.29437713895115,80.625,2.400056,2.4548502
51.29437713895115,82.5,1.2630246,2.357257
51.29437713895115,84.375,-0.9827957,2.3353107
51.29437713895115,86.25,-3.5706472,2.2679498
51.29437713895115,88.125,-5.183518,2.1928294
51.29437713895115,90.0,-4.6923466,2.1445634
51.29437713895115,91.875,-3.2593973,2.098239
51.29437713895115,93.75,-2.7665653,1.9885496
51.29437713895115,95.625,-4.1293583,1.9255941
51.29437713895115,97.5,-6.946858,1.9421078
51.29437713895115,99.375,-8.570237,1.9570948
51.29437713895115,101.25,-7.018518,1.9531777
51.29437713895115,103.125,-4.112327,1.9415152
51.29437713895115,105.0,-2.5612528,1.8430502
51.29437713895115,106.875,-3.2341628,1.8259345
51.29437713895115,108.75,-5.403186,1.8339478
51.29437713895115,110.625,-6.870784,1.8454069
51.29437713895115,112.5,-6.528635,1.881974
51.29437713895115,114.375,-5.5942993,1.9242103
51.29437713895115,116.25,-5.528225,1.9197111
51.29437713895115,118.125,-6.4007444,1.9045277
51.29437713895115,120.0,-7.101428,1.8836529
51.29437713895115,121.875,-6.8036156,1.9224752
51.29437713895115,123.75,-5.975139,1.9584627
51.29437713895115,125.625,-5.6873264,1.9559493
51.29437713895115,127.5,-6.086897,1.9149679
51.29437713895115,129.375,-6.6246314,1.8310214
51.29437713895115,131.25,-7.078323,1.7744308
51.29437713895115,133.125,-7.519612,1.7343826
51.29437713895115,135.0,-7.9979906,1.7195363
51.29437713895115,136.875,-8.073674,1.7452132
51.29437713895115,138.75,-7.2537136,1.7848935
51.29437713895115,140.625,-5.27512,1.7939436
51.29437713895115,142.5,-3.0082254,1.621468
51.29437713895115,144.375,7.500818,0.63740593
51.29437713895115,146.25,7.2058177,0.61879545
51.29437713895115,148.125,7.29406,0.6280758
51.29437713895115,150.0,7.5832396,0.666626
51.29437713895115,151.875,7.5677514,0.6950505
51.29437713895115,153.75,7.112732,0.75746065
51.29437713895115,155.625,6.1815405,0.76589787
51.29437713895115,157.5,6.0943727,0.7966758
51.29437713895115,159.375,6.3482594,0.7574136
51.29437713895115,161.25,6.710486,0.669265
51.29437713895115,163.125,7.254216,0.6307196
51.29437713895115,165.0,7.844607,0.67285675
51.29437713895115,166.875,8.339412,0.72577995
51.29437713895115,168.75,8.745876,0.7534116
51.29437713895115,170.625,8.965778,0.7554911
51.29437713895115,172.5,8.947888,0.7509714
51.29437713895115,174.375,8.84201,0.7283879
51.29437713895115,176.25,8.850955,0.7218246
51.29437713895115,178.125,9.016482,0.7158697
51.29437713895115,180.0,9.2024975,0.72293854
51.29437713895115,181.875,9.303963,0.7399536
51.29437713895115,183.75,9.301345,0.7393318
51.29437713895115,185.625,9.258318,0.73396176
51.29437713895115,187.5,9.253728,0.7202594
51.29437713895115,189.375,9.212146,0.7120921
51.29437713895115,191.25,9.025408,0.71972245
51.29437713895115,193.125,8.797849,0.73895305
51.29437713895115,195.0,8.714509,0.7514096
51.29437713895115,196.875,8.659626,0.765774
51.29437713895115,198.75,8.547986,0.77628493
51.29437713895115,200.625,8.63988,0.7961594
51.29437713895115,202.5,8.980095,0.79603344
51.29437713895115,204.375,9.055896,0.80353403
51.29437713895115,206.25,9.444821,0.8018201
51.29437713895115,208.125,9.726189,0.7911291
51.29437713895115,210.0,9.892459,0.79570574
51.29437713895115,211.875,9.995369,0.79340893
51.29437713895115,213.75,10.007966,0.78124046
51.29437713895115,215.625,10.141482,0.8012195
51.29437713895115,217.5,10.396326,0.832721
51.29437713895115,219.375,10.565544,0.8409418
51.29437713895115,221.25,10.642556,0.84336984
51.29437713895115,223.125,10.586072,0.86759454
51.29437713895115,225.0,10.664783,0.9061236
51.29437713895115,226.875,10.998005,0.8832249
51.29437713895115,228.75,11.077283,0.7606532
51.29437713895115,230.625,10.3846655,0.72108626
51.29437713895115,232.5,5.0255833,1.4928138
51.29437713895115,234.375,2.266755,1.6710881
51.29437713895115,236.25,-0.06775665,1.7868049
51.29437713895115,238.125,-1.6264871,1.8481308
51.29437713895115,240.0,-2.4819365,1.8974526
51.29437713895115,241.875,-2.6426785,1.9388367
51.29437713895115,243.75,-2.1798856,1.9865798
51.29437713895115,245.625,-1.0791824,2.1081095
51.29437713895115,247.5,0.44724333,2.296747
51.29437713895115,249.375,1.7999387,2.5096602
51.29437713895115,251.25,2.0794895,2.545769
51.29437713895115,253.125,1.5239816,2.5629303
51.29437713895115,255.0,1.0259933,2.5818038
51.29437713895115,256.875,1.2319504,2.6435442
51.29437713895115,258.75,1.9733566,2.7082744
51.29437713895115,260.625,2.3582785,2.6575103
51.29437713895115,262.5,2.1802707,2.5270264
51.29437713895115,264.375,1.7132394,2.4596715
51.29437713895115,266.25,1.287673,2.3933346
51.29437713895115,268.125,1.2162082,2.390862
51.29437713895115,270.0,1.2321457,2.4000025
51.29437713895115,271.875,1.1749582,2.375475
51.29437713895115,273.75,1.337712,2.2791436
51.29437713895115,275.625,1.9124777,2.1407855
51.29437713895115,277.5,2.7033956,1.9828737
51.29437713895115,279.375,3.1066184,1.8166822
51.29437713895115,281.25,2.7569895,1.7609388
51.29437713895115,283.125,1.6474386,1.7317493
51.29437713895115,285.0,0.5503098,1.745484
51.29437713895115,286.875,-0.048869934,1.7556274
51.29437713895115,288.75,-0.30752227,1.7411356
51.29437713895115,290.625,-0.38957307,1.7051886
51.29437713895115,292.5,-0.35851836,1.6608922
51.29437713895115,294.375,-0.02912384,1.6159638
51.29437713895115,296.25,0.48669648,1.5867662
51.29437713895115,298.125,1.0481808,1.5503825
51.29437713895115,300.0,1.5313449,1.5176542
51.29437713895115,301.875,2.1508567,1.4537551
51.29437713895115,303.75,7.500017,0.65351045
51.29437713895115,305.625,6.681228,0.62189394
51.29437713895115,307.5,7.125798,0.658646
51.29437713895115,309.375,7.786482,0.57659745
51.29437713895115,311.25,8.700623,0.46312997
51.29437713895115,313.125,9.383064,0.49743903
51.29437713895115,315.0,9.777752,0.5632138
51.29437713895115,316.875,9.950095,0.6026913
51.29437713895115,318.75,10.043415,0.6306059
51.29437713895115,320.625,10.198552,0.64313906
51.29437713895115,322.5,10.38365,0.6667709
51.29437713895115,324.375,10.58654,0.68775153
51.29437713895115,326.25,10.846228,0.6845467
51.29437713895115,328.125,11.102342,0.67056096
51.29437713895115,330.0,11.387185,0.66630787
51.29437713895115,331.875,11.679295,0.66387516
51.29437713895115,333.75,12.036579,0.66175854
51.29437713895115,335.625,12.352614,0.6605527
51.29437713895115,337.5,12.663006,0.6643484
51.29437713895115,339.375,12.977303,0.6449653
51.29437713895115,341.25,13.245994,0.64628655
51.29437713895115,343.125,13.475799,0.70511943
51.29437713895115,345.0,15.052556,0.7018862
51.29437713895115,346.875,14.938807,0.6531617
51.29437713895115,348.75,14.33654,0.63368404
51.29437713895115,350.625,14.045701,0.6859042
51.29437713895115,352.5,14.166657,0.7426644
51.29437713895115,354.375,14.225857,0.81272495
51.29437713895115,356.25,10.698572,1.2393684
51.29437713895115,358.125,10.663709,1.2274754
53.15959537001968,0.0,9.866463,1.1340506
53.15959537001968,1.875,14.48363,0.8305359
53.15959537001968,3.75,14.546579,0.88090837
53.15959537001968,5.625,14.225056,0.8445372
53.15959537001968,7.5,9.253728,1.361437
53.15959537001968,9.375,8.270134,1.4419425
53.15959537001968,11.25,7.9624195,1.4667405
53.15959537001968,13.125,8.0332985,1.4675516
53.15959537001968,15.0,8.139978,1.5185403
53.15959537001968,16.875,7.982908,1.6309887
53.15959537001968,18.75,7.5537868,1.7399706
53.15959537001968,20.625,7.0172243,1.8612946
53.15959537001968,22.5,6.403513,1.981195
53.15959537001968,24.375,5.946814,2.051998
53.15959537001968,26.25,5.717595,2.114843
53.15959537001968,28.125,5.524529,2.1298234
53.15959537001968,30.0,5.2514625,2.1683948
53.15959537001968,31.875,4.817927,2.2313955
53.15959537001968,33.75,4.3715596,2.289218
53.15959537001968,35.625,4.095017,2.3001091
53.15959537001968,37.5,3.9062083,2.2956338
53.15959537001968,39.375,3.7448215,2.306699
53.15959537001968,41.25,3.4208372,2.3368773
53.15959537001968,43.125,3.0375168,2.3740022
53.15959537001968,45.0,2.8949583,2.407416
53.15959537001968,46.875,3.0078487,2.4477756
53.15959537001968,48.75,3.1551535,2.459671
53.15959537001968,50.625,3.1904075,2.4680219
53.15959537001968,52.5,2.8281612,2.4411867
53.15959537001968,54.375,2.0417745,2.4382586
53.15959537001968,56.25,1.1567746,2.4603658
53.15959537001968,58.125,0.555134,2.4968247
53.15959537001968,60.0,0.36761445,2.5280213
53.15959537001968,61.875,0.741091,2.5582988
53.15959537001968,63.75,1.1921262,2.5902088
53.15959537001968,65.625,1.2658957,2.5969312
53.15959537001968,67.5,0.92591524,2.594145
53.15959537001968,69.375,0.5645285,2.6030693
53.15959537001968,71.25,0.5955246,2.6112406
53.15959537001968,73.125,1.006384,2.6079314
53.15959537001968,75.0,1.4060324,2.5662615
53.15959537001968,76.875,1.5104464,2.5559266
53.15959537001968,78.75,1.2970871,2.5084112
53.15959537001968,80.625,1.0534347,2.4829218
53.15959537001968,82.5,0.61218476,2.4298484
53.15959537001968,84.375,-0.11941681,2.4019868
53.15959537001968,86.25,-1.1252176,2.3770702
53.15959537001968,88.125,-1.6698855,2.3451402
53.15959537001968,90.0,-2.1388896,2.263895
53.15959537001968,91.875,-2.4911551,2.1651516
53.15959537001968,93.75,-3.171331,2.1218202
53.15959537001968,95.625,-4.7283425,2.0613086
53.15959537001968,97.5,-6.255647,2.0473313
53.15959537001968,99.375,-6.51387,2.0619507
53.15959537001968,101.25,-5.1620336,2.1169455
53.15959537001968,103.125,-3.5906863,2.1098745
53.15959537001968,105.0,-3.2117996,2.0422323
53.15959537001968,106.875,-4.2386746,2.0062482
53.15959537001968,108.75,-6.454436,1.9679773
53.15959537001968,110.625,-8.170628,1.8921328
53.15959537001968,112.5,-8.559417,1.8790721
53.15959537001968,114.375,-8.254163,1.9041531
53.15959537001968,116.25,-8.249534,1.9383091
53.15959537001968,118.125,-8.614338,1.9377613
53.15959537001968,120.0,-8.73342,1.9533912
53.15959537001968,121.875,-8.248596,1.9422151
53.15959537001968,123.75,-7.6334205,1.9334091
53.15959537001968,125.625,-7.6231275,1.9401672
53.15959537001968,127.5,-8.249495,1.9232835
53.15959537001968,129.375,-9.129514,1.888139
53.15959537001968,131.25,-9.851819,1.8747846
53.15959537001968,133.125,-10.07471,1.833776
53.15959537001968,135.0,-9.670706,1.7718599
53.15959537001968,136.875,-8.68176,1.7302275
53.15959537001968,138.75,-6.6093774,1.610429
53.15959537001968,140.625,-4.0706863,1.475817
53.15959537001968,142.5,6.001169,0.6918064
53.15959537001968,144.375,5.9971266,0.68266225
53.15959537001968,146.25,5.947439,0.6912627
53.15959537001968,148.125,6.204685,0.7108731
53.15959537001968,150.0,6.7678685,0.70140827
53.15959537001968,151.875,7.0951343,0.67641187
53.15959537001968,153.75,6.986052,0.7143043
53.15959537001968,155.625,0.46775115,1.2228609
53.15959537001968,157.5,-0.63875276,1.3107636
53.15959537001968,159.375,6.3175173,0.79528975
53.15959537001968,161.25,6.5108767,0.6965033
53.15959537001968,163.125,6.873884,0.5662377
53.15959537001968,165.0,7.37365,0.59191763
53.15959537001968,166.875,7.7502317,0.6607936
53.15959537001968,168.75,8.151189,0.70349103
53.15959537001968,170.625,8.320017,0.7183103
53.15959537001968,172.5,8.258884,0.71696323
53.15959537001968,174.375,8.222947,0.69217783
53.15959537001968,176.25,8.33533,0.69901985
53.15959537001968,178.125,8.484099,0.71333444
53.15959537001968,180.0,8.53992,0.71372885
53.15959537001968,181.875,8.521833,0.70393
53.15959537001968,183.75,8.527244,0.68515974
53.15959537001968,185.625,8.553064,0.6532959
53.15959537001968,187.5,8.522165,0.63422066
53.15959537001968,189.375,8.407497,0.63740236
53.15959537001968,191.25,8.267185,0.6614605
53.15959537001968,193.125,7.913943,0.69353163
53.15959537001968,195.0,7.5486693,0.69426185
53.15959537001968,196.875,7.430525,0.69829637
53.15959537001968,198.75,7.443494,0.6912076
53.15959537001968,200.625,7.4972825,0.6978558
53.15959537001968,202.5,7.790056,0.72581536
53.15959537001968,204.375,8.002322,0.77753466
53.15959537001968,206.25,8.298864,0.82931703
53.15959537001968,208.125,8.732439,0.8736121
53.15959537001968,210.0,8.985682,0.8528405
53.15959537001968,211.875,9.140506,0.8243863
53.15959537001968,213.75,9.356365,0.7972381
53.15959537001968,215.625,9.477888,0.7974451
53.15959537001968,217.5,9.649763,0.8181316
53.15959537001968,219.375,9.7674,0.83772427
53.15959537001968,221.25,9.778923,0.87907046
53.15959537001968,223.125,9.83197,0.9066864
53.15959537001968,225.0,10.030291,0.8757505
53.15959537001968,226.875,10.249997,0.8139127
53.15959537001968,228.75,9.949665,0.7771758
53.15959537001968,230.625,9.720838,0.77402526
53.15959537001968,232.5,1.8080246,1.8205696
53.15959537001968,234.375,-0.37732697,1.966176
53.15959537001968,236.25,-1.4927762,2.025636
53.15959537001968,238.125,-1.6870731,2.0735528
53.15959537001968,240.0,-1.7459207,2.1141407
53.15959537001968,241.875,-1.7227762,2.146427
53.15959537001968,243.75,-1.2755692,2.2716024
53.15959537001968,245.625,-0.7484793,2.3739712
53.15959537001968,247.5,0.16349335,2.537607
53.15959537001968,249.375,0.95138395,2.6967375
53.15959537001968,251.25,1.018591,2.7511468
53.15959537001968,253.125,0.5023605,2.7336347
53.15959537001968,255.0,0.15620819,2.761967
53.15959537001968,256.875,0.541423,2.8340201
53.15959537001968,258.75,1.077712,2.8082743
53.15959537001968,260.625,1.31072,2.7146099
53.15959537001968,262.5,6.5792556,1.1928927
53.15959537001968,264.375,0.7662863,2.4084332
53.15959537001968,266.25,0.5438254,2.3565168
53.15959537001968,268.125,0.50808316,2.362805
53.15959537001968,270.0,0.2833371,2.366849
53.15959537001968,271.875,0.15999725,2.320392
53.15959537001968,273.75,0.5143722,2.2052135
53.15959537001968,275.625,1.5090402,2.0287797
53.15959537001968,277.5,2.828513,1.8119887
53.15959537001968,279.375,9.211736,0.74742573
53.15959537001968,281.25,3.090876,1.5537734
53.15959537001968,283.125,1.5021847,1.5763364
53.15959537001968,285.0,0.039274596,1.6320056
53.15959537001968,286.875,-0.85900664,1.663749
53.15959537001968,288.75,-1.2737527,1.6678762
53.15959537001968,290.625,-1.5909207,1.6489277
53.15959537001968,292.5,-1.9965652,1.6575199
53.15959537001968,294.375,-2.3071902,1.7062842
53.15959537001968,296.25,-2.1499832,1.7475837
53.15959537001968,298.125,-1.374202,1.7569697
53.15959537001968,300.0,-0.15449494,1.6882564
53.15959537001968,301.875,1.3203878,1.5406505
53.15959537001968,303.75,2.7678878,1.3344263
53.15959537001968,305.625,6.0604467,0.59459096
53.15959537001968,307.5,6.891521,0.5380921
53.15959537001968,309.375,8.117967,0.49005386
53.15959537001968,311.25,8.957771,0.49797785
53.15959537001968,313.125,9.3297825,0.5715905
53.15959537001968,315.0,9.436794,0.56567156
53.15959537001968,316.875,9.584119,0.55766714
53.15959537001968,318.75,9.804997,0.5976925
53.15959537001968,320.625,10.015838,0.63652176
53.15959537001968,322.5,10.255662,0.6663741
53.15959537001968,324.375,10.564001,0.63735694
53.15959537001968,326.25,10.815701,0.6086852
53.15959537001968,328.125,11.012068,0.61454946
53.15959537001968,330.0,11.267381,0.6456478
53.15959537001968,331.875,11.791892,0.66893053
53.15959537001968,333.75,12.2101145,0.66687053
53.15959537001968,335.625,12.53404,0.65602344
53.15959537001968,337.5,13.014002,0.6584673
53.15959537001968,339.375,13.498005,0.63096327
53.15959537001968,341.25,13.661072,0.6445326
53.15959537001968,343.125,13.830114,0.66949654
53.15959537001968,345.0,14.664763,0.6856902
53.15959537001968,346.875,14.6240015,0.6724972
53.15959537001968,348.75,14.066638,0.62150866
53.15959537001968,350.625,11.026131,1.0784729
53.15959537001968,352.5,10.478279,1.1224203
53.15959537001968,354.375,13.746756,0.6243704
53.15959537001968,356.25,9.544529,1.1746206
53.15959537001968,358.125,9.473904,1.1735119
55.02480753831166,0.0,13.223415,0.64086735
55.02480753831166,1.875,13.521931,0.7392587
55.02480753831166,3.75,13.697888,0.826568
55.02480753831166,5.625,14.124568,0.82055026
55.02480753831166,7.5,13.850877,0.81251323
55.02480753831166,9.375,9.084665,1.4524935
55.02480753831166,11.25,8.290701,1.3966289
55.02480753831166,13.125,12.639392,0.6989933
55.02480753831166,15.0,12.814373,0.75872856
55.02480753831166,16.875,12.858689,0.7961452
55.02480753831166,18.75,13.026189,0.7142859
55.02480753831166,20.625,7.241814,1.8437861
55.02480753831166,22.5,6.2926927,2.0104709
55.02480753831166,24.375,5.3674583,2.1038668
55.02480753831166,26.25,4.575017,2.1768386
55.02480753831166,28.125,4.071169,2.2320573
55.02480753831166,30.0,3.7408762,2.281781
55.02480753831166,31.875,3.4707198,2.351671
55.02480753831166,33.75,3.3254855,2.411289
55.02480753831166,35.625,3.2938254,2.4394414
55.02480753831166,37.5,3.3787668,2.4436026
55.02480753831166,39.375,3.367673,2.4567542
55.02480753831166,41.25,3.1482198,2.4671965
55.02480753831166,43.125,2.6998997,2.4574244
55.02480753831166,45.0,2.165427,2.4462357
55.02480753831166,46.875,1.852966,2.4267845
55.02480753831166,48.75,1.7075363,2.4214573
55.02480753831166,50.625,1.6283957,2.4219677
55.02480753831166,52.5,1.4190793,2.4356995
55.02480753831166,54.375,0.937966,2.466604
55.02480753831166,56.25,0.42851287,2.4978302
55.02480753831166,58.125,0.048493348,2.5212495
55.02480753831166,60.0,-0.037951965,2.5466313
55.02480753831166,61.875,0.106423035,2.5600743
55.02480753831166,63.75,0.41425505,2.5966482
55.02480753831166,65.625,0.50570035,2.651891
55.02480753831166,67.5,0.32777068,2.675046
55.02480753831166,69.375,0.17118865,2.684478
55.02480753831166,71.25,0.1539035,2.6657999
55.02480753831166,73.125,0.1373996,2.6221812
55.02480753831166,75.0,-0.16551057,2.6076066
55.02480753831166,76.875,-0.802659,2.5954967
55.02480753831166,78.75,-1.4965848,2.5921876
55.02480753831166,80.625,-1.7959988,2.5828507
55.02480753831166,82.5,-1.6453934,2.574593
55.02480753831166,84.375,-1.2019559,2.5632505
55.02480753831166,86.25,-1.0451199,2.5399687
55.02480753831166,88.125,-1.2794755,2.5402374
55.02480753831166,90.0,-2.1051981,2.4868684
55.02480753831166,91.875,-2.8130496,2.4224482
55.02480753831166,93.75,-3.3721316,2.3546028
55.02480753831166,95.625,-3.7192605,2.303721
55.02480753831166,97.5,-3.7253933,2.3041668
55.02480753831166,99.375,-3.4418778,2.3333766
55.02480753831166,101.25,-3.1865263,2.3353074
55.02480753831166,103.125,-3.4089286,2.2827396
55.02480753831166,105.0,-4.4929714,2.233528
55.02480753831166,106.875,-6.328147,2.1740746
55.02480753831166,108.75,-8.305237,2.0926714
55.02480753831166,110.625,-9.682248,1.9793715
55.02480753831166,112.5,-10.25639,1.950944
55.02480753831166,114.375,-10.499866,1.9569566
55.02480753831166,116.25,-10.767365,1.9534689
55.02480753831166,118.125,-11.043088,1.9607091
55.02480753831166,120.0,-11.092151,1.9622353
55.02480753831166,121.875,-10.827444,1.9397396
55.02480753831166,123.75,-10.564201,1.918446
55.02480753831166,125.625,-10.676213,1.8851444
55.02480753831166,127.5,-11.1601,1.8686676
55.02480753831166,129.375,-11.76094,1.8745241
55.02480753831166,131.25,-12.063635,1.8741453
55.02480753831166,133.125,-11.753928,1.8122264
55.02480753831166,135.0,-10.7380495,1.735443
55.02480753831166,136.875,-8.972014,1.634697
55.02480753831166,138.75,4.574665,0.84566724
55.02480753831166,140.625,5.513064,0.76754856
55.02480753831166,142.5,5.517693,0.67621624
55.02480753831166,144.375,5.074978,0.63515496
55.02480753831166,146.25,5.015505,0.62720776
55.02480753831166,148.125,5.359314,0.6552751
55.02480753831166,150.0,5.9917164,0.6492541
55.02480753831166,151.875,6.6985717,0.62289643
55.02480753831166,153.75,7.2522044,0.6449975
55.02480753831166,155.625,-1.1336551,1.3247569
55.02480753831166,157.5,-2.9128542,1.4255131
55.02480753831166,159.375,-3.6020145,1.5191911
55.02480753831166,161.25,-2.791526,1.5314382
55.02480753831166,163.125,6.57988,0.5531531
55.02480753831166,165.0,6.907283,0.54410124
55.02480753831166,166.875,7.3066187,0.5916936
55.02480753831166,168.75,7.575818,0.6423893
55.02480753831166,170.625,7.7666383,0.6691027
55.02480753831166,172.5,7.844919,0.6764447
55.02480753831166,174.375,7.853806,0.6720002
55.02480753831166,176.25,7.881775,0.67145574
55.02480753831166,178.125,7.9303102,0.68796164
55.02480753831166,180.0,7.971365,0.69167846
55.02480753831166,181.875,7.9907985,0.67818373
55.02480753831166,183.75,7.9860134,0.6711547
55.02480753831166,185.625,7.9738646,0.6619836
55.02480753831166,187.5,7.9530444,0.6664169
55.02480753831166,189.375,7.8535132,0.6823252
55.02480753831166,191.25,7.596228,0.6902928
55.02480753831166,193.125,7.187361,0.6878394
55.02480753831166,195.0,6.880095,0.70138615
55.02480753831166,196.875,6.8723216,0.6736623
55.02480753831166,198.75,6.761365,0.7353209
55.02480753831166,200.625,7.1466384,0.7145344
55.02480753831166,202.5,6.894099,0.72229326
55.02480753831166,204.375,6.9040794,0.73485446
55.02480753831166,206.25,6.899763,0.7619149
55.02480753831166,208.125,7.172439,0.8284902
55.02480753831166,210.0,7.513376,0.84735435
55.02480753831166,211.875,7.9910717,0.8519075
55.02480753831166,213.75,8.431755,0.838861
55.02480753831166,215.625,8.832673,0.81712914
55.02480753831166,217.5,9.063826,0.8244227
55.02480753831166,219.375,9.150427,0.863251
55.02480753831166,221.25,9.234998,0.9129544
55.02480753831166,223.125,9.414763,0.8892827
55.02480753831166,225.0,9.465701,0.852431
55.02480753831166,226.875,9.428592,0.8375299
55.02480753831166,228.75,3.035505,1.8746084
55.02480753831166,230.625,0.2695285,2.0347998
55.02480753831166,232.5,-2.1375222,2.1967304
55.02480753831166,234.375,-3.015784,2.2288938
55.02480753831166,236.25,-2.5364676,2.2710388
55.02480753831166,238.125,-1.6213309,2.314979
55.02480753831166,240.0,-0.93877226,2.3665605
55.02480753831166,241.875,-0.77789336,2.4079912
55.02480753831166,243.75,-0.5568973,2.5385423
55.02480753831166,245.625,-0.2773465,2.6857023
55.02480753831166,247.5,-0.07054962,2.7754714
55.02480753831166,249.375,0.03232147,2.8392289
55.02480753831166,251.25,-0.3442215,2.8219328
55.02480753831166,253.125,-0.73160434,2.8146465
55.02480753831166,255.0,-0.85039335,2.8175027
55.02480753831166,256.875,-0.7736746,2.7972605
55.02480753831166,258.75,-0.58631134,2.7478456
55.02480753831166,260.625,-0.47777617,2.6461465
55.02480753831166,262.5,-0.4796121,2.5614052
55.02480753831166,264.375,-0.64162385,2.4588654
55.02480753831166,266.25,-0.41406524,2.3701768
55.02480753831166,268.125,-0.0054910276,2.2811348
55.02480753831166,270.0,0.32173553,2.1713486
55.02480753831166,271.875,0.47755584,2.0195026
55.02480753831166,273.75,0.97273165,1.8677888
55.02480753831166,275.625,1.9524581,1.6974037
55.02480753831166,277.5,8.103747,0.69627786
55.02480753831166,279.375,8.147087,0.6748944
55.02480753831166,281.25,8.102478,0.68311155
55.02480753831166,283.125,1.4229074,1.3894019
55.02480753831166,285.0,0.026755067,1.5011876
55.02480753831166,286.875,-0.94176054,1.568462
55.02480753831166,288.75,-1.4909598,1.5851539
55.02480753831166,290.625,-1.9366825,1.5867399
55.02480753831166,292.5,-2.401741,1.5996958
55.02480753831166,294.375,-2.6713896,1.6601073
55.02480753831166,296.25,-2.3302763,1.667629
55.02480753831166,298.125,-1.1847098,1.6314129
55.02480753831166,300.0,0.5579074,1.5295991
55.02480753831166,301.875,5.1687474,0.5700541
55.02480753831166,303.75,5.6752906,0.56350625
55.02480753831166,305.625,6.3417163,0.55603385
55.02480753831166,307.5,7.603396,0.5181457
55.02480753831166,309.375,8.57861,0.49780098
55.02480753831166,311.25,8.824939,0.51208836
55.02480753831166,313.125,9.004685,0.49877706
55.02480753831166,315.0,9.206247,0.46977898
55.02480753831166,316.875,9.33615,0.5028649
55.02480753831166,318.75,9.438455,0.5804588
55.02480753831166,320.625,9.662928,0.62769234
55.02480753831166,322.5,10.075954,0.64227724
55.02480753831166,324.375,10.529841,0.58380854
55.02480753831166,326.25,10.82779,0.5110511
55.02480753831166,328.125,10.975622,0.5406434
55.02480753831166,330.0,11.200544,0.59732383
55.02480753831166,331.875,11.511091,0.60761636
55.02480753831166,333.75,11.939939,0.6525154
55.02480753831166,335.625,12.45574,0.6545573
55.02480753831166,337.5,12.967478,0.6603472
55.02480753831166,339.375,13.444217,0.6195737
55.02480753831166,341.25,13.78117,0.61509734
55.02480753831166,343.125,13.908025,0.61949706
55.02480753831166,345.0,13.836834,0.6126514
55.02480753831166,346.875,13.770154,0.61834794
55.02480753831166,348.75,13.728611,0.5956941
55.02480753831166,350.625,13.687693,0.5597715
55.02480753831166,352.5,13.513337,0.5881795
55.02480753831166,354.375,13.487615,0.5975828
55.02480753831166,356.25,9.097224,1.107076
55.02480753831166,358.125,9.001307,1.0960368
56.89001260135711,0.0,12.817341,0.5046632
56.89001260135711,1.875,12.687087,0.556561
56.89001260135711,3.75,12.523572,0.60886085
56.89001260135711,5.625,12.752028,0.7811923
56.89001260135711,7.5,12.80947,0.85724324
56.89001260135711,9.375,7.942908,1.7921531
56.89001260135711,11.25,11.795252,0.752048
56.89001260135711,13.125,7.294763,1.7782369
56.89001260135711,15.0,7.727341,1.678569
56.89001260135711,16.875,11.93783,0.86865455
56.89001260135711,18.75,11.993161,0.78245604
56.89001260135711,20.625,12.28408,0.7514435
56.89001260135711,22.5,6.313181,1.9650321
56.89001260135711,24.375,5.3197436,2.1532536
56.89001260135711,26.25,4.5442357,2.2809649
56.89001260135711,28.125,3.993142,2.3707747
56.89001260135711,30.0,3.606345,2.4404237
56.89001260135711,31.875,3.1350753,2.4787667
56.89001260135711,33.75,2.623923,2.5088499
56.89001260135711,35.625,2.1977317,2.5221865
56.89001260135711,37.5,1.9282395,2.5188034
56.89001260135711,39.375,1.8511496,2.4989674
56.89001260135711,41.25,1.8160911,2.4854395
56.89001260135711,43.125,1.6883762,2.4728827
56.89001260135711,45.0,1.4229465,2.481582
56.89001260135711,46.875,1.1659153,2.4829168
56.89001260135711,48.75,0.9219504,2.4738567
56.89001260135711,50.625,0.83855194,2.4731452
56.89001260135711,52.5,0.68868864,2.4923036
56.89001260135711,54.375,0.33380586,2.5051591
56.89001260135711,56.25,-0.08689728,2.5163739
56.89001260135711,58.125,-0.40795195,2.5157754
56.89001260135711,60.0,-0.45510042,2.5400865
56.89001260135711,61.875,-0.31056917,2.5723372
56.89001260135711,63.75,-0.18713166,2.6201122
56.89001260135711,65.625,-0.18539338,2.6762521
56.89001260135711,67.5,-0.33943635,2.6901662
56.89001260135711,69.375,-0.52683866,2.6980312
56.89001260135711,71.25,-0.61812776,2.6998608
56.89001260135711,73.125,-0.6578152,2.6995366
56.89001260135711,75.0,-0.852034,2.7086282
56.89001260135711,76.875,-1.2270731,2.7448351
56.89001260135711,78.75,-1.6773465,2.7861114
56.89001260135711,80.625,-1.8905692,2.8168356
56.89001260135711,82.5,-1.7597879,2.8236332
56.89001260135711,84.375,-1.5851785,2.7929728
56.89001260135711,86.25,-1.6795926,2.7576306
56.89001260135711,88.125,-2.1907253,2.737403
56.89001260135711,90.0,-2.9309013,2.6902392
56.89001260135711,91.875,-3.4088504,2.6457615
56.89001260135711,93.75,-3.4548855,2.6232681
56.89001260135711,95.625,-3.186741,2.6141412
56.89001260135711,97.5,-2.9619753,2.6102757
56.89001260135711,99.375,-3.1590848,2.6172142
56.89001260135711,101.25,-3.84303,2.6078274
56.89001260135711,103.125,-4.846409,2.5656388
56.89001260135711,105.0,-6.069299,2.461426
56.89001260135711,106.875,-7.283772,2.3365571
56.89001260135711,108.75,-8.349339,2.2372925
56.89001260135711,110.625,-9.248928,2.1565475
56.89001260135711,112.5,-10.048323,2.102761
56.89001260135711,114.375,-10.755315,2.0768404
56.89001260135711,116.25,-11.373693,2.0793936
56.89001260135711,118.125,-11.766038,2.051005
56.89001260135711,120.0,-11.974963,2.0189726
56.89001260135711,121.875,-12.062522,2.000235
56.89001260135711,123.75,-12.218537,1.9558192
56.89001260135711,125.625,-12.467561,1.9093267
56.89001260135711,127.5,-12.794709,1.8662232
56.89001260135711,129.375,-13.022151,1.8309759
56.89001260135711,131.25,-13.072502,1.8114369
56.89001260135711,133.125,-12.950901,1.7882932
56.89001260135711,135.0,-12.519885,1.7445236
56.89001260135711,136.875,-11.2906275,1.6587112
56.89001260135711,138.75,-9.075842,1.5624471
56.89001260135711,140.625,5.442673,0.89470273
56.89001260135711,142.5,5.532224,0.8031424
56.89001260135711,144.375,5.00447,0.6726421
56.89001260135711,146.25,4.886794,0.5622147
56.89001260135711,148.125,4.9939036,0.5381318
56.89001260135711,150.0,5.3887477,0.5490644
56.89001260135711,151.875,6.216853,0.5556099
56.89001260135711,153.75,7.0409937,0.6034314
56.89001260135711,155.625,7.348572,0.7018503
56.89001260135711,157.5,-2.752874,1.49458
56.89001260135711,159.375,-3.8920536,1.6136324
56.89001260135711,161.25,-4.190706,1.824377
56.89001260135711,163.125,6.265564,0.63463134
56.89001260135711,165.0,6.37531,0.605957
56.89001260135711,166.875,6.702478,0.60432684
56.89001260135711,168.75,6.992966,0.62535
56.89001260135711,170.625,7.16238,0.63191354
56.89001260135711,172.5,7.2724,0.63842833
56.89001260135711,174.375,7.3652515,0.65098953
56.89001260135711,176.25,7.477341,0.6681758
56.89001260135711,178.125,7.510779,0.6861719
56.89001260135711,180.0,7.460173,0.70246744
56.89001260135711,181.875,7.37949,0.7145016
56.89001260135711,183.75,7.332439,0.7161114
56.89001260135711,185.625,7.217556,0.71961576
56.89001260135711,187.5,6.9164233,0.7519201
56.89001260135711,189.375,6.6536107,0.770381
56.89001260135711,191.25,6.5558376,0.7525923
56.89001260135711,193.125,6.4186497,0.7527354
56.89001260135711,195.0,6.3412476,0.7979133
56.89001260135711,196.875,6.613591,0.7865193
56.89001260135711,198.75,6.627263,0.7858818
56.89001260135711,200.625,6.630896,0.78344196
56.89001260135711,202.5,2.3250167,2.1202402
56.89001260135711,204.375,6.2457595,0.8512116
56.89001260135711,206.25,6.4558177,0.84191716
56.89001260135711,208.125,6.670388,0.95361483
56.89001260135711,210.0,7.135095,0.93866295
56.89001260135711,211.875,7.5954857,0.9197339
56.89001260135711,213.75,7.9949584,0.92881066
56.89001260135711,215.625,8.383044,0.93011576
56.89001260135711,217.5,8.613435,0.9133198
56.89001260135711,219.375,8.724529,0.9273884
56.89001260135711,221.25,8.824821,0.9207785
56.89001260135711,223.125,8.836462,0.9203465
56.89001260135711,225.0,2.5856419,2.1650777
56.89001260135711,226.875,0.655759,2.3144367
56.89001260135711,228.75,-1.7937137,2.4119196
56.89001260135711,230.625,-4.11803,2.459834
56.89001260135711,232.5,-5.2656274,2.4274135
56.89001260135711,234.375,-5.067952,2.4100306
56.89001260135711,236.25,-3.8018582,2.4781308
56.89001260135711,238.125,-2.3835769,2.5886126
56.89001260135711,240.0,-1.3905497,2.6802065
56.89001260135711,241.875,-1.0336941,2.7048218
56.89001260135711,243.75,-0.92988557,2.772532
56.89001260135711,245.625,-0.9918973,2.8595161
56.89001260135711,247.5,-1.1667215,2.908605
56.89001260135711,249.375,-1.4669755,2.9320965
56.89001260135711,251.25,-1.8590457,2.8836346
56.89001260135711,253.125,-2.207249,2.8146775
56.89001260135711,255.0,-2.371077,2.7283444
56.89001260135711,256.875,-2.3817801,2.6517465
56.89001260135711,258.75,-2.3728151,2.6103468
56.89001260135711,260.625,-2.3930886,2.5609252
56.89001260135711,262.5,-2.3570926,2.4859424
56.89001260135711,264.375,-1.9452761,2.3881683
56.89001260135711,266.25,-0.96295196,2.2477844
56.89001260135711,268.125,0.12349334,2.0473602
56.89001260135711,270.0,6.8005247,0.9185093
56.89001260135711,271.875,6.8408375,0.9366692
56.89001260135711,273.75,6.6385717,0.87747025
56.89001260135711,275.625,6.322634,0.7116214
56.89001260135711,277.5,6.265427,0.5967291
56.89001260135711,279.375,6.767068,0.62066865
56.89001260135711,281.25,7.046072,0.6846177
56.89001260135711,283.125,7.412302,0.7074692
56.89001260135711,285.0,-0.020451965,1.4429135
56.89001260135711,286.875,-0.97363555,1.5175295
56.89001260135711,288.75,-1.5401785,1.5546329
56.89001260135711,290.625,-1.8094363,1.5557239
56.89001260135711,292.5,-1.9530692,1.5524944
56.89001260135711,294.375,-1.8945535,1.545569
56.89001260135711,296.25,-1.4386551,1.5056369
56.89001260135711,298.125,-0.4352176,1.4276543
56.89001260135711,300.0,4.433806,0.59622866
56.89001260135711,301.875,5.705662,0.649069
56.89001260135711,303.75,7.07281,0.61466825
56.89001260135711,305.625,7.684529,0.5745312
56.89001260135711,307.5,8.140115,0.56122345
56.89001260135711,309.375,8.449431,0.55370414
56.89001260135711,311.25,8.556189,0.5633857
56.89001260135711,313.125,8.64242,0.5679051
56.89001260135711,315.0,8.7200365,0.5571239
56.89001260135711,316.875,8.9311695,0.4660351
56.89001260135711,318.75,9.130603,0.4058774
56.89001260135711,320.625,9.214978,0.48839784
56.89001260135711,322.5,9.665818,0.57226247
56.89001260135711,324.375,10.195154,0.5785373
56.89001260135711,326.25,10.73404,0.499604
56.89001260135711,328.125,11.023982,0.47255057
56.89001260135711,330.0,11.098357,0.47216445
56.89001260135711,331.875,11.126052,0.5156065
56.89001260135711,333.75,11.41367,0.6075555
56.89001260135711,335.625,11.885271,0.62365365
56.89001260135711,337.5,12.278982,0.61715287
56.89001260135711,339.375,12.769528,0.586936
56.89001260135711,341.25,12.975193,0.5628685
56.89001260135711,343.125,12.898787,0.53922325
56.89001260135711,345.0,12.790994,0.48821372
56.89001260135711,346.875,13.016345,0.48326832
56.89001260135711,348.75,13.270056,0.52525663
56.89001260135711,350.625,13.247517,0.51143456
56.89001260135711,352.5,13.063533,0.6076849
56.89001260135711,354.375,9.193377,1.0713483
56.89001260135711,356.25,8.760759,1.0569785
56.89001260135711,358.125,12.674334,0.4964638
58.75520926937993,0.0,12.530544,0.5063197
58.75520926937993,1.875,12.392869,0.53145635
58.75520926937993,3.75,12.036736,0.65127486
58.75520926937993,5.625,11.963064,0.75831896
58.75520926937993,7.5,5.157478,1.8612047
58.75520926937993,9.375,3.9839425,2.075701
58.75520926937993,11.25,3.6608956,2.1604447
58.75520926937993,13.125,4.2697825,2.0724344
58.75520926937993,15.0,5.1758766,1.9361918
58.75520926937993,16.875,6.2997828,1.771188
58.75520926937993,18.75,11.125974,0.77715933
58.75520926937993,20.625,11.148396,0.82712454
58.75520926937993,22.5,10.967673,0.9524029
58.75520926937993,24.375,10.428259,0.9219483
58.75520926937993,26.25,4.3988056,2.4042046
58.75520926937993,28.125,4.0358176,2.4940174
58.75520926937993,30.0,3.7526731,2.5434103
58.75520926937993,31.875,3.3070285,2.5325289
58.75520926937993,33.75,2.6622043,2.5450654
58.75520926937993,35.625,1.9402707,2.5649145
58.75520926937993,37.5,1.4088254,2.5705068
58.75520926937993,39.375,1.0670285,2.5737166
58.75520926937993,41.25,0.91030973,2.562957
58.75520926937993,43.125,0.83636445,2.5435765
58.75520926937993,45.0,0.7187863,2.5275009
58.75520926937993,46.875,0.5714035,2.5228586
58.75520926937993,48.75,0.41318086,2.53763
58.75520926937993,50.625,0.21446991,2.5449324
58.75520926937993,52.5,-0.09049103,2.545763
58.75520926937993,54.375,-0.5910379,2.5452385
58.75520926937993,56.25,-1.1508425,2.544668
58.75520926937993,58.125,-1.5536746,2.555116
58.75520926937993,60.0,-1.6718386,2.5844088
58.75520926937993,61.875,-1.5273465,2.6387827
58.75520926937993,63.75,-1.3076395,2.6795204
58.75520926937993,65.625,-1.2091824,2.7067804
58.75520926937993,67.5,-1.3593582,2.7059197
58.75520926937993,69.375,-1.7899051,2.6730018
58.75520926937993,71.25,-2.088909,2.6762264
58.75520926937993,73.125,-2.2102566,2.7023745
58.75520926937993,75.0,-2.213987,2.7507803
58.75520926937993,76.875,-2.1508622,2.828333
58.75520926937993,78.75,-2.1256864,2.8832338
58.75520926937993,80.625,-2.2100418,2.916366
58.75520926937993,82.5,-2.353616,2.9258282
58.75520926937993,84.375,-2.702991,2.8890026
58.75520926937993,86.25,-3.2622879,2.8682644
58.75520926937993,88.125,-3.915999,2.8505132
58.75520926937993,90.0,-4.4293,2.83496
58.75520926937993,91.875,-4.6891627,2.8274603
58.75520926937993,93.75,-4.75719,2.8273191
58.75520926937993,95.625,-4.8440456,2.8325443
58.75520926937993,97.5,-5.1679516,2.824855
58.75520926937993,99.375,-5.719534,2.7848873
58.75520926937993,101.25,-6.298186,2.7140272
58.75520926937993,103.125,-6.6629906,2.6446538
58.75520926937993,105.0,-6.798108,2.5654137
58.75520926937993,106.875,-6.880608,2.5069463
58.75520926937993,108.75,-7.1894946,2.4587288
58.75520926937993,110.625,-7.881975,2.4119503
58.75520926937993,112.5,-8.839573,2.3659647
58.75520926937993,114.375,-9.770725,2.3471525
58.75520926937993,116.25,-10.321076,2.271841
58.75520926937993,118.125,-10.541682,2.1815724
58.75520926937993,120.0,-10.709709,2.1131546
58.75520926937993,121.875,-11.025959,2.0811694
58.75520926937993,123.75,-11.487679,2.04153
58.75520926937993,125.625,-11.915901,1.9655888
58.75520926937993,127.5,-12.134143,1.876653
58.75520926937993,129.375,-12.205432,1.8642179
58.75520926937993,131.25,-12.470589,1.8991892
58.75520926937993,133.125,-13.239084,1.8650393
58.75520926937993,135.0,-14.0093775,1.8038305
58.75520926937993,136.875,-14.308303,1.7193272
58.75520926937993,138.75,-13.48758,1.695848
58.75520926937993,140.625,-11.492385,1.7310597
58.75520926937993,142.5,-9.296721,1.7848284
58.75520926937993,144.375,5.3818336,0.9261707
58.75520926937993,146.25,4.9517746,0.83117366
58.75520926937993,148.125,4.979509,0.8088234
58.75520926937993,150.0,5.351189,0.814681
58.75520926937993,151.875,5.9509544,0.76146394
58.75520926937993,153.75,6.2200756,0.702659
58.75520926937993,155.625,5.8753295,0.71173567
58.75520926937993,157.5,5.450857,0.823887
58.75520926937993,159.375,-3.3970144,1.7555017
58.75520926937993,161.25,-3.9985573,1.9435563
58.75520926937993,163.125,-4.0474052,2.118785
58.75520926937993,165.0,5.928279,0.8118829
58.75520926937993,166.875,5.853689,0.8332834
58.75520926937993,168.75,6.010408,0.7774452
58.75520926937993,170.625,6.1881423,0.74388963
58.75520926937993,172.5,6.506189,0.71375376
58.75520926937993,174.375,6.629216,0.7185111
58.75520926937993,176.25,6.7424192,0.7397133
58.75520926937993,178.125,6.7706227,0.75542283
58.75520926937993,180.0,6.7507396,0.7627534
58.75520926937993,181.875,6.575974,0.78974766
58.75520926937993,183.75,6.394529,0.7916041
58.75520926937993,185.625,6.117283,0.79863197
58.75520926937993,187.5,5.808142,0.82741535
58.75520926937993,189.375,5.774763,0.83475363
58.75520926937993,191.25,6.0021267,0.8163435
58.75520926937993,193.125,6.139021,0.81485444
58.75520926937993,195.0,6.070095,0.8580815
58.75520926937993,196.875,6.044314,0.8568686
58.75520926937993,198.75,0.03405975,2.5690966
58.75520926937993,200.625,-0.80521756,2.8015873
58.75520926937993,202.5,-1.2925223,2.8919404
58.75520926937993,204.375,-1.3104911,2.859701
58.75520926937993,206.25,-0.677952,2.6542919
58.75520926937993,208.125,5.391697,1.1773909
58.75520926937993,210.0,6.57906,1.0842929
58.75520926937993,211.875,7.0844703,1.0463625
58.75520926937993,213.75,7.588865,1.0028864
58.75520926937993,215.625,7.9104075,0.9798224
58.75520926937993,217.5,8.082048,0.97903967
58.75520926937993,219.375,8.18242,0.96519965
58.75520926937993,221.25,-0.17980744,2.2938552
58.75520926937993,223.125,-1.4466629,2.5281117
58.75520926937993,225.0,-2.8099833,2.7011876
58.75520926937993,226.875,-4.303128,2.773334
58.75520926937993,228.75,-5.6488304,2.7473116
58.75520926937993,230.625,-6.5451784,2.674549
58.75520926937993,232.5,-6.678772,2.6212018
58.75520926937993,234.375,-6.1111355,2.6215875
58.75520926937993,236.25,-4.581995,2.7181168
58.75520926937993,238.125,-3.271663,2.8628926
58.75520926937993,240.0,-2.385413,2.9503982
58.75520926937993,241.875,-2.029905,2.9444697
58.75520926937993,243.75,-2.066409,2.9254482
58.75520926937993,245.625,-2.2288895,2.9062638
58.75520926937993,247.5,-2.5337918,2.8715925
58.75520926937993,249.375,-2.7896316,2.8497949
58.75520926937993,251.25,-3.0233426,2.8019874
58.75520926937993,253.125,-3.2574246,2.7095597
58.75520926937993,255.0,-3.5119753,2.6173263
58.75520926937993,256.875,-3.7578154,2.529071
58.75520926937993,258.75,-3.9550028,2.4854002
58.75520926937993,260.625,-3.9732645,2.4480124
58.75520926937993,262.5,-3.5703347,2.3712296
58.75520926937993,264.375,-2.6726005,2.2311664
58.75520926937993,266.25,5.0665793,0.7891593
58.75520926937993,268.125,5.4220676,0.85959667
58.75520926937993,270.0,5.1631227,0.87244165
58.75520926937993,271.875,5.0967746,0.80733025
58.75520926937993,273.75,5.090329,0.7557665
58.75520926937993,275.625,5.120349,0.71566856
58.75520926937993,277.5,5.4710717,0.65156317
58.75520926937993,279.375,5.88697,0.66622853
58.75520926937993,281.25,6.5581813,0.67003393
58.75520926937993,283.125,0.5128879,1.2545584
58.75520926937993,285.0,-0.6494754,1.3898758
58.75520926937993,286.875,-1.4161747,1.4649996
58.75520926937993,288.75,-1.637698,1.4743906
58.75520926937993,290.625,-1.3849636,1.4484586
58.75520926937993,292.5,4.82322,0.6351611
58.75520926937993,294.375,-0.52576447,1.3742999
58.75520926937993,296.25,-0.2677762,1.3105912
58.75520926937993,298.125,4.043415,0.6142188
58.75520926937993,300.0,5.181892,0.69177246
58.75520926937993,301.875,6.6979465,0.58615726
58.75520926937993,303.75,7.1723804,0.5863948
58.75520926937993,305.625,7.410974,0.58329356
58.75520926937993,307.5,7.611892,0.6524776
58.75520926937993,309.375,7.7485914,0.7399728
58.75520926937993,311.25,7.696306,0.8327782
58.75520926937993,313.125,7.0512085,0.8488514
58.75520926937993,315.0,6.4855833,0.83696204
58.75520926937993,316.875,6.5402904,0.81507164
58.75520926937993,318.75,8.902615,0.4068089
58.75520926937993,320.625,9.1224,0.48264843
58.75520926937993,322.5,9.347849,0.61405647
58.75520926937993,324.375,9.625075,0.6595906
58.75520926937993,326.25,10.384119,0.54041106
58.75520926937993,328.125,10.956989,0.41873625
58.75520926937993,330.0,11.194275,0.39977682
58.75520926937993,331.875,11.299978,0.4239643
58.75520926937993,333.75,11.297615,0.48516086
58.75520926937993,335.625,11.366033,0.5697055
58.75520926937993,337.5,11.465506,0.6116761
58.75520926937993,339.375,11.861716,0.55339295
58.75520926937993,341.25,12.270193,0.5048773
58.75520926937993,343.125,12.456267,0.4937498
58.75520926937993,345.0,12.681013,0.4572328
58.75520926937993,346.875,12.927888,0.46387336
58.75520926937993,348.75,13.040036,0.4792676
58.75520926937993,350.625,12.887692,0.49915656
58.75520926937993,352.5,12.7082,0.49387044
58.75520926937993,354.375,12.665271,0.48017666
58.75520926937993,356.25,12.655291,0.4997119
58.75520926937993,358.125,12.641833,0.50739753
60.62039592682648,0.0,12.400212,0.43992406
60.62039592682648,1.875,12.010096,0.53238726
60.62039592682648,3.75,12.06863,0.6528537
60.62039592682648,5.625,4.6951733,1.7023125
60.62039592682648,7.5,2.3743136,2.0119944
60.62039592682648,9.375,0.82866913,2.1689963
60.62039592682648,11.25,0.3647238,2.1914818
60.62039592682648,13.125,1.1789426,2.1232672
60.62039592682648,15.0,2.8797824,2.0073586
60.62039592682648,16.875,4.520915,1.9006648
60.62039592682648,18.75,10.406541,0.8248908
60.62039592682648,20.625,10.950915,0.8638554
60.62039592682648,22.5,4.9177513,2.106275
60.62039592682648,24.375,4.0033565,2.3338478
60.62039592682648,26.25,3.1638644,2.5185456
60.62039592682648,28.125,2.6135714,2.596596
60.62039592682648,30.0,2.3510714,2.6160624
60.62039592682648,31.875,7.5785913,1.2925956
60.62039592682648,33.75,2.0666184,2.6010954
60.62039592682648,35.625,1.7670871,2.6128745
60.62039592682648,37.5,1.3899777,2.625827
60.62039592682648,39.375,1.0366769,2.6659193
60.62039592682648,41.25,0.60187227,2.6428518
60.62039592682648,43.125,0.25650117,2.6200588
60.62039592682648,45.0,-0.06785431,2.5768228
60.62039592682648,46.875,-0.30386993,2.5577378
60.62039592682648,48.75,-0.5027957,2.5364003
60.62039592682648,50.625,-0.6960965,2.5350473
60.62039592682648,52.5,-1.0220145,2.5320156
60.62039592682648,54.375,-1.4917215,2.5294244
60.62039592682648,56.25,-2.0041435,2.5454834
60.62039592682648,58.125,-2.3823464,2.5766096
60.62039592682648,60.0,-2.5245926,2.6204207
60.62039592682648,61.875,-2.3865848,2.6876147
60.62039592682648,63.75,-2.1098075,2.7478936
60.62039592682648,65.625,-1.9509794,2.7603984
60.62039592682648,67.5,-2.043577,2.7412162
60.62039592682648,69.375,-2.5217996,2.7118826
60.62039592682648,71.25,-3.006409,2.7320156
60.62039592682648,73.125,-3.381741,2.7711506
60.62039592682648,75.0,-3.6053934,2.8330142
60.62039592682648,76.875,-3.7100027,2.8735292
60.62039592682648,78.75,-3.788655,2.9231033
60.62039592682648,80.625,-3.9626396,2.9191706
60.62039592682648,82.5,-4.290823,2.9067638
60.62039592682648,84.375,-4.706448,2.8648987
60.62039592682648,86.25,-5.151077,2.849637
60.62039592682648,88.125,-5.523889,2.8486469
60.62039592682648,90.0,-5.8127956,2.8539233
60.62039592682648,91.875,-6.112405,2.8767104
60.62039592682648,93.75,-6.5281277,2.90071
60.62039592682648,95.625,-7.117405,2.8788168
60.62039592682648,97.5,-7.7706275,2.8155775
60.62039592682648,99.375,-8.266487,2.7310941
60.62039592682648,101.25,-8.378811,2.6451674
60.62039592682648,103.125,-8.096741,2.5916677
60.62039592682648,105.0,-7.6556273,2.5662408
60.62039592682648,106.875,-7.4567018,2.5774446
60.62039592682648,108.75,-7.751389,2.5885055
60.62039592682648,110.625,-8.491878,2.5732203
60.62039592682648,112.5,-9.278713,2.5514617
60.62039592682648,114.375,-9.710003,2.4425406
60.62039592682648,116.25,-9.737932,2.3356674
60.62039592682648,118.125,-9.627385,2.2554438
60.62039592682648,120.0,-9.742854,2.223168
60.62039592682648,121.875,-10.240237,2.1574721
60.62039592682648,123.75,-10.966038,2.077509
60.62039592682648,125.625,-11.498615,1.9753135
60.62039592682648,127.5,-11.624416,1.8911222
60.62039592682648,129.375,-11.589182,1.8789008
60.62039592682648,131.25,-11.964827,1.888333
60.62039592682648,133.125,-13.022151,1.9203347
60.62039592682648,135.0,-14.814924,1.8877771
60.62039592682648,136.875,-16.392933,1.847995
60.62039592682648,138.75,-16.93887,1.9069654
60.62039592682648,140.625,-16.252033,1.980942
60.62039592682648,142.5,-15.088264,2.0175807
60.62039592682648,144.375,-14.152561,2.0176632
60.62039592682648,146.25,-13.6768,2.0324042
60.62039592682648,148.125,-13.421623,2.1263013
60.62039592682648,150.0,-12.868772,2.2152884
60.62039592682648,151.875,-11.66135,2.2460947
60.62039592682648,153.75,-9.907327,2.1903744
60.62039592682648,155.625,-8.177483,2.1351528
60.62039592682648,157.5,3.7506027,0.78265935
60.62039592682648,159.375,3.4577706,0.8191423
60.62039592682648,161.25,-6.783479,2.352194
60.62039592682648,163.125,-7.2631664,2.5649192
60.62039592682648,165.0,-7.5512133,2.71005
60.62039592682648,166.875,-7.482854,2.7867148
60.62039592682648,168.75,-7.0112133,2.77132
60.62039592682648,170.625,-6.1455884,2.666508
60.62039592682648,172.5,4.795134,1.0168886
60.62039592682648,174.375,4.7070284,1.0310141
60.62039592682648,176.25,4.802126,1.0714393
60.62039592682648,178.125,4.87863,1.1626041
60.62039592682648,180.0,5.0368724,1.1070733
60.62039592682648,181.875,5.072419,1.0366119
60.62039592682648,183.75,4.9847627,0.9982963
60.62039592682648,185.625,4.8290205,0.9925886
60.62039592682648,187.5,4.766579,0.9929335
60.62039592682648,189.375,5.102888,1.0063075
60.62039592682648,191.25,5.5405836,0.92912775
60.62039592682648,193.125,0.05616913,2.099937
60.62039592682648,195.0,-0.5292215,2.449936
60.62039592682648,196.875,-1.3302372,2.7493184
60.62039592682648,198.75,-2.3407059,2.974781
60.62039592682648,200.625,-3.468577,3.1424441
60.62039592682648,202.5,-4.3666825,3.2207975
60.62039592682648,204.375,-4.8981667,3.2113392
60.62039592682648,206.25,-5.082268,3.162252
60.62039592682648,208.125,-4.9228153,3.0539968
60.62039592682648,210.0,-4.5764284,2.8730502
60.62039592682648,211.875,-4.5188503,2.750802
60.62039592682648,213.75,-4.8668,2.702311
60.62039592682648,215.625,-5.5804515,2.6706119
60.62039592682648,217.5,-6.421155,2.698767
60.62039592682648,219.375,-7.5314674,2.7931097
60.62039592682648,221.25,-7.135452,2.7598376
60.62039592682648,223.125,-7.2263308,2.7672353
60.62039592682648,225.0,-7.451057,2.7913074
60.62039592682648,226.875,-7.808049,2.8081088
60.62039592682648,228.75,-8.2388115,2.7717752
60.62039592682648,230.625,-8.387424,2.7649717
60.62039592682648,232.5,-8.134631,2.7339017
60.62039592682648,234.375,-6.936643,2.7044702
60.62039592682648,236.25,-5.8439674,2.8185804
60.62039592682648,238.125,-4.8434596,2.9199667
60.62039592682648,240.0,-4.175608,2.9620535
60.62039592682648,241.875,-3.806077,2.947989
60.62039592682648,243.75,-3.7809207,2.8929818
60.62039592682648,245.625,-3.8975809,2.826576
60.62039592682648,247.5,-3.9942997,2.7674272
60.62039592682648,249.375,-4.0186553,2.7575321
60.62039592682648,251.25,-4.06928,2.700512
60.62039592682648,253.125,-4.210452,2.6238086
60.62039592682648,255.0,-4.5252957,2.5589623
60.62039592682648,256.875,-4.9348073,2.512802
60.62039592682648,258.75,-5.22885,2.4612472
60.62039592682648,260.625,-5.166194,2.4002302
60.62039592682648,262.5,-4.585745,2.314456
60.62039592682648,264.375,-3.4969754,2.1682143
60.62039592682648,266.25,4.5400753,0.92602384
60.62039592682648,268.125,4.232419,0.9667728
60.62039592682648,270.0,4.0458565,0.8768773
60.62039592682648,271.875,4.1970286,0.7942595
60.62039592682648,273.75,4.4314427,0.75767875
60.62039592682648,275.625,4.6583176,0.7045221
60.62039592682648,277.5,4.975544,0.6733248
60.62039592682648,279.375,5.510056,0.7019879
60.62039592682648,281.25,6.221931,0.714138
60.62039592682648,283.125,-0.41113555,1.2147043
60.62039592682648,285.0,-1.4237137,1.354821
60.62039592682648,286.875,-1.92387,1.4191289
60.62039592682648,288.75,-1.7868582,1.4330597
60.62039592682648,290.625,4.531716,0.6628488
60.62039592682648,292.5,3.7947628,0.6561773
60.62039592682648,294.375,3.6772628,0.6338038
60.62039592682648,296.25,3.463962,0.67669666
60.62039592682648,298.125,4.527634,0.9028215
60.62039592682648,300.0,6.221775,0.6760568
60.62039592682648,301.875,6.719978,0.6083481
60.62039592682648,303.75,6.9059157,0.63768554
60.62039592682648,305.625,7.023396,0.7016298
60.62039592682648,307.5,6.975935,0.7417438
60.62039592682648,309.375,6.355974,0.8061915
60.62039592682648,311.25,5.676013,0.8053304
60.62039592682648,313.125,5.070056,0.70393145
60.62039592682648,315.0,-4.53512,1.6815518
60.62039592682648,316.875,-3.4968193,1.408715
60.62039592682648,318.75,6.589138,0.707791
60.62039592682648,320.625,9.506052,0.3363872
60.62039592682648,322.5,9.290408,0.4554737
60.62039592682648,324.375,9.270329,0.55812687
60.62039592682648,326.25,9.530798,0.6325827
60.62039592682648,328.125,10.270603,0.58163756
60.62039592682648,330.0,10.714119,0.4296435
60.62039592682648,331.875,10.936658,0.38275024
60.62039592682648,333.75,11.3034935,0.38507727
60.62039592682648,335.625,11.503083,0.39924395
60.62039592682648,337.5,11.5561695,0.40497303
60.62039592682648,339.375,11.5974,0.43638167
60.62039592682648,341.25,11.631931,0.488533
60.62039592682648,343.125,11.786502,0.4741042
60.62039592682648,345.0,12.071814,0.46679917
60.62039592682648,346.875,12.319529,0.46628648
60.62039592682648,348.75,12.449724,0.45778382
60.62039592682648,350.625,12.432342,0.45962548
60.62039592682648,352.5,12.2399,0.42879608
60.62039592682648,354.375,12.124568,0.40502864
60.62039592682648,356.25,12.283572,0.41473892
60.62039592682648,358.125,12.421189,0.43742162
62.48557052203639,0.0,11.737225,0.43978992
62.48557052203639,1.875,11.95654,0.4231481
62.48557052203639,3.75,11.924392,0.5755502
62.48557052203639,5.625,11.897009,0.67365897
62.48557052203639,7.5,3.5348802,1.9254843
62.48557052203639,9.375,1.6066184,2.1359653
62.48557052203639,11.25,0.5514816,2.1974566
62.48557052203639,13.125,0.43318084,2.1977835
62.48557052203639,15.0,1.2023996,2.166946
62.48557052203639,16.875,2.4829464,2.1279237
62.48557052203639,18.75,9.106912,0.79223347
62.48557052203639,20.625,9.436814,0.95322734
62.48557052203639,22.5,3.8190012,2.2632916
62.48557052203639,24.375,3.0459542,2.4218361
62.48557052203639,26.25,2.1617355,2.5657246
62.48557052203639,28.125,1.4564621,2.6247826
62.48557052203639,30.0,1.0055442,2.6463616
62.48557052203639,31.875,0.8366574,2.6342568
62.48557052203639,33.75,0.7796457,2.6262035
62.48557052203639,35.625,0.77913785,2.6498532
62.48557052203639,37.5,0.7171457,2.6597455
62.48557052203639,39.375,0.5034152,2.662994
62.48557052203639,41.25,0.13829803,2.6526995
62.48557052203639,43.125,-0.29515898,2.613569
62.48557052203639,45.0,-0.72719026,2.5656383
62.48557052203639,46.875,-1.0612137,2.5339088
62.48557052203639,48.75,-1.2705692,2.5163944
62.48557052203639,50.625,-1.406663,2.518218
62.48557052203639,52.5,-1.5802761,2.5236752
62.48557052203639,54.375,-1.8666043,2.535935
62.48557052203639,56.25,-2.273831,2.5361476
62.48557052203639,58.125,-2.7020144,2.5586889
62.48557052203639,60.0,-3.0456474,2.594619
62.48557052203639,61.875,-3.1975613,2.637573
62.48557052203639,63.75,-3.1824832,2.6844535
62.48557052203639,65.625,-3.0632448,2.7286267
62.48557052203639,67.5,-3.0760965,2.74861
62.48557052203639,69.375,-3.2089286,2.7781029
62.48557052203639,71.25,-3.4977958,2.8043835
62.48557052203639,73.125,-3.8954911,2.8312805
62.48557052203639,75.0,-4.2965846,2.8688967
62.48557052203639,76.875,-4.643811,2.8946102
62.48557052203639,78.75,-4.9440846,2.9072094
62.48557052203639,80.625,-5.2266235,2.9041963
62.48557052203639,82.5,-5.509475,2.886315
62.48557052203639,84.375,-5.759573,2.8636746
62.48557052203639,86.25,-5.9696116,2.854291
62.48557052203639,88.125,-6.2299438,2.8467915
62.48557052203639,90.0,-6.643479,2.8812182
62.48557052203639,91.875,-7.2361937,2.9112027
62.48557052203639,93.75,-7.996057,2.8910246
62.48557052203639,95.625,-8.795237,2.8507538
62.48557052203639,97.5,-9.393342,2.7583401
62.48557052203639,99.375,-9.677698,2.674404
62.48557052203639,101.25,-9.602464,2.5993383
62.48557052203639,103.125,-9.362541,2.5537133
62.48557052203639,105.0,-9.236741,2.5533612
62.48557052203639,106.875,-9.502463,2.5437663
62.48557052203639,108.75,-10.099221,2.52251
62.48557052203639,110.625,-10.730999,2.4968534
62.48557052203639,112.5,-11.025159,2.410952
62.48557052203639,114.375,-10.84344,2.3157115
62.48557052203639,116.25,-10.441233,2.2596881
62.48557052203639,118.125,-10.1930685,2.2290778
62.48557052203639,120.0,-10.531194,2.2135997
62.48557052203639,121.875,-11.342171,2.1726344
62.48557052203639,123.75,-12.365081,2.0643234
62.48557052203639,125.625,-13.175979,1.9395267
62.48557052203639,127.5,-13.48678,1.835935
62.48557052203639,129.375,-13.482678,1.8051307
62.48557052203639,131.25,-13.685472,1.826167
62.48557052203639,133.125,-14.677795,1.8834324
62.48557052203639,135.0,-16.319866,1.9677383
62.48557052203639,136.875,-17.709984,1.9411199
62.48557052203639,138.75,-18.649298,2.0010364
62.48557052203639,140.625,-18.848457,2.0141478
62.48557052203639,142.5,-18.784222,2.0769155
62.48557052203639,144.375,-18.466604,2.0723789
62.48557052203639,146.25,-18.277424,2.1292915
62.48557052203639,148.125,-18.014572,2.2710953
62.48557052203639,150.0,-17.36975,2.381233
62.48557052203639,151.875,-16.178537,2.4632132
62.48557052203639,153.75,-14.541527,2.472526
62.48557052203639,155.625,-12.830236,2.4289997
62.48557052203639,157.5,-11.391545,2.3330925
62.48557052203639,159.375,-10.632874,2.324822
62.48557052203639,161.25,-10.613479,2.4235787
62.48557052203639,163.125,-10.940764,2.60301
62.48557052203639,165.0,-11.176116,2.763564
62.48557052203639,166.875,-11.095373,2.9055846
62.48557052203639,168.75,-10.597736,2.9762418
62.48557052203639,170.625,-9.758675,2.9851797
62.48557052203639,172.5,-8.729358,2.9629898
62.48557052203639,174.375,-7.4763308,2.9292023
62.48557052203639,176.25,-5.8471704,2.7579613
62.48557052203639,178.125,-4.1928153,2.552655
62.48557052203639,180.0,3.535095,1.0429801
62.48557052203639,181.875,3.9272628,1.0280944
62.48557052203639,183.75,3.9740012,0.9972686
62.48557052203639,185.625,3.5914621,0.9857402
62.48557052203639,187.5,3.3824973,0.95616037
62.48557052203639,189.375,3.9035325,1.0197932
62.48557052203639,191.25,4.048005,1.0274471
62.48557052203639,193.125,3.8469307,0.9622087
62.48557052203639,195.0,-1.9840653,2.5406764
62.48557052203639,196.875,-2.624866,2.8489957
62.48557052203639,198.75,-3.544124,3.111859
62.48557052203639,200.625,-4.5484986,3.257106
62.48557052203639,202.5,-5.493049,3.3065438
62.48557052203639,204.375,-6.2651,3.285179
62.48557052203639,206.25,-6.89342,3.2407465
62.48557052203639,208.125,-7.4668384,3.1817982
62.48557052203639,210.0,-8.077991,3.1353161
62.48557052203639,211.875,-8.693186,3.053185
62.48557052203639,213.75,-9.3066435,2.979634
62.48557052203639,215.625,-9.745393,2.9024913
62.48557052203639,217.5,-9.889456,2.8205512
62.48557052203639,219.375,-9.778225,2.783105
62.48557052203639,221.25,-9.528577,2.7787993
62.48557052203639,223.125,-9.282209,2.7900798
62.48557052203639,225.0,-9.2784,2.8129866
62.48557052203639,226.875,-9.47383,2.8054323
62.48557052203639,228.75,-9.752815,2.7943628
62.48557052203639,230.625,-9.77096,2.750996
62.48557052203639,232.5,-9.378127,2.7242343
62.48557052203639,234.375,-8.138987,2.6792395
62.48557052203639,236.25,-7.228733,2.716897
62.48557052203639,238.125,-6.540315,2.7958722
62.48557052203639,240.0,-6.046389,2.7923415
62.48557052203639,241.875,-5.7102757,2.7742183
62.48557052203639,243.75,-5.722971,2.7379222
62.48557052203639,245.625,-5.8057837,2.6963103
62.48557052203639,247.5,-5.825862,2.6753364
62.48557052203639,249.375,-5.7782054,2.6718657
62.48557052203639,251.25,-5.7226977,2.6651704
62.48557052203639,253.125,-5.763479,2.6298628
62.48557052203639,255.0,-5.9408813,2.5876043
62.48557052203639,256.875,-6.188655,2.5281415
62.48557052203639,258.75,-6.3475804,2.4599838
62.48557052203639,260.625,-6.223323,2.3923683
62.48557052203639,262.5,-5.7360573,2.3347046
62.48557052203639,264.375,-4.981272,2.2993999
62.48557052203639,266.25,-4.141526,2.2262828
62.48557052203639,268.125,-3.5296707,2.1412742
62.48557052203639,270.0,3.1684737,0.8835123
62.48557052203639,271.875,3.5028098,0.79958457
62.48557052203639,273.75,3.7654073,0.77126133
62.48557052203639,275.625,3.8962667,0.733282
62.48557052203639,277.5,4.2546654,0.6657618
62.48557052203639,279.375,4.781521,0.65790844
62.48557052203639,281.25,5.3156033,0.70182216
62.48557052203639,283.125,5.327556,0.6935475
62.48557052203639,285.0,4.9918137,0.67663527
62.48557052203639,286.875,4.049743,0.6961817
62.48557052203639,288.75,3.8096652,0.70330817
62.48557052203639,290.625,-2.4248269,1.8599243
62.48557052203639,292.5,-2.0827568,1.7945082
62.48557052203639,294.375,3.4764621,0.7309154
62.48557052203639,296.25,2.6717942,0.6321807
62.48557052203639,298.125,3.800544,0.95360106
62.48557052203639,300.0,5.8029857,0.8583294
62.48557052203639,301.875,6.423767,0.70655656
62.48557052203639,303.75,6.5419507,0.6705169
62.48557052203639,305.625,6.465896,0.7285433
62.48557052203639,307.5,6.1444116,0.745469
62.48557052203639,309.375,5.799138,0.7187075
62.48557052203639,311.25,-9.970783,2.4672275
62.48557052203639,313.125,-12.150629,2.4659832
62.48557052203639,315.0,-12.018264,2.3816032
62.48557052203639,316.875,-8.930647,2.176174
62.48557052203639,318.75,3.5047238,0.73614585
62.48557052203639,320.625,8.672986,0.46961555
62.48557052203639,322.5,9.852693,0.3412105
62.48557052203639,324.375,9.830857,0.39803335
62.48557052203639,326.25,9.737927,0.45749485
62.48557052203639,328.125,9.865935,0.4709295
62.48557052203639,330.0,10.16826,0.40238753
62.48557052203639,331.875,10.382673,0.34496617
62.48557052203639,333.75,10.456208,0.34098738
62.48557052203639,335.625,10.678279,0.37224042
62.48557052203639,337.5,10.8720875,0.3699729
62.48557052203639,339.375,11.001931,0.37918147
62.48557052203639,341.25,11.253415,0.37653214
62.48557052203639,343.125,11.504939,0.39616075
62.48557052203639,345.0,11.632244,0.44214886
62.48557052203639,346.875,11.930076,0.42358133
62.48557052203639,348.75,11.87572,0.39464408
62.48557052203639,350.625,11.779217,0.3831821
62.48557052203639,352.5,11.593298,0.38454276
62.48557052203639,354.375,11.483455,0.41698003
62.48557052203639,356.25,11.172029,0.5062829
62.48557052203639,358.125,11.262986,0.5238197
64.35073040887207,0.0,11.295154,0.49944964
64.35073040887207,1.875,11.690642,0.4334725
64.35073040887207,3.75,11.844705,0.4114154
64.35073040887207,5.625,11.703259,0.5232274
64.35073040887207,7.5,11.670623,0.61505854
64.35073040887207,9.375,11.589099,0.6581102
64.35073040887207,11.25,2.5164816,2.188327
64.35073040887207,13.125,1.3382199,2.2908359
64.35073040887207,15.0,0.7452316,2.335775
64.35073040887207,16.875,0.7033176,2.3439343
64.35073040887207,18.75,1.0976535,2.3723562
64.35073040887207,20.625,1.5990988,2.3997347
64.35073040887207,22.5,8.794509,0.765581
64.35073040887207,24.375,2.0324972,2.4736433
64.35073040887207,26.25,1.7952511,2.523391
64.35073040887207,28.125,1.3991574,2.54903
64.35073040887207,30.0,1.0087472,2.5861995
64.35073040887207,31.875,0.5762473,2.5633833
64.35073040887207,33.75,0.41132537,2.5783498
64.35073040887207,35.625,0.28454804,2.5500119
64.35073040887207,37.5,0.2631613,2.5405598
64.35073040887207,39.375,0.20355195,2.5252748
64.35073040887207,41.25,0.023180848,2.5011678
64.35073040887207,43.125,-0.31133088,2.4913206
64.35073040887207,45.0,-0.71732694,2.4909685
64.35073040887207,46.875,-1.1336746,2.5137217
64.35073040887207,48.75,-1.4856082,2.5542064
64.35073040887207,50.625,-1.7740262,2.5976653
64.35073040887207,52.5,-2.06637,2.6269972
64.35073040887207,54.375,-2.452581,2.6547592
64.35073040887207,56.25,-2.9277565,2.6618648
64.35073040887207,58.125,-3.4876785,2.6597364
64.35073040887207,60.0,-4.0463896,2.6529012
64.35073040887207,61.875,-4.4635377,2.6736784
64.35073040887207,63.75,-4.673108,2.696423
64.35073040887207,65.625,-4.6789284,2.707155
64.35073040887207,67.5,-4.6213503,2.72444
64.35073040887207,69.375,-4.5496902,2.7468545
64.35073040887207,71.25,-4.5672293,2.7617338
64.35073040887207,73.125,-4.7619166,2.7738507
64.35073040887207,75.0,-5.089612,2.7804022
64.35073040887207,76.875,-5.412327,2.815727
64.35073040887207,78.75,-5.7051,2.8583305
64.35073040887207,80.625,-5.970862,2.871207
64.35073040887207,82.5,-6.2002172,2.8853612
64.35073040887207,84.375,-6.468479,2.8992393
64.35073040887207,86.25,-6.8469944,2.920817
64.35073040887207,88.125,-7.397698,2.915167
64.35073040887207,90.0,-8.1728735,2.8968618
64.35073040887207,91.875,-9.092522,2.8585017
64.35073040887207,93.75,-10.005784,2.8297875
64.35073040887207,95.625,-10.706369,2.790297
64.35073040887207,97.5,-11.060354,2.697506
64.35073040887207,99.375,-11.088889,2.6210165
64.35073040887207,101.25,-10.92051,2.5576873
64.35073040887207,103.125,-10.79508,2.5366726
64.35073040887207,105.0,-10.969651,2.5187864
64.35073040887207,106.875,-11.432581,2.4484863
64.35073040887207,108.75,-12.018948,2.3569171
64.35073040887207,110.625,-12.390764,2.2640598
64.35073040887207,112.5,-12.3543,2.1661701
64.35073040887207,114.375,-11.958127,2.0534995
64.35073040887207,116.25,-11.514963,2.0267763
64.35073040887207,118.125,-11.330432,2.0079567
64.35073040887207,120.0,-11.694378,2.0776665
64.35073040887207,121.875,-12.675861,2.1412697
64.35073040887207,123.75,-13.818049,2.0596683
64.35073040887207,125.625,-14.737092,1.9035541
64.35073040887207,127.5,-15.287424,1.7882267
64.35073040887207,129.375,-15.625881,1.7553561
64.35073040887207,131.25,-16.00633,1.7396498
64.35073040887207,133.125,-16.72383,1.730488
64.35073040887207,135.0,-17.654163,1.7419786
64.35073040887207,136.875,-18.654278,1.8013072
64.35073040887207,138.75,-19.072168,1.7228396
64.35073040887207,140.625,-19.266504,1.7982767
64.35073040887207,142.5,-19.08463,1.8233764
64.35073040887207,144.375,-18.406914,1.8374103
64.35073040887207,146.25,-17.5792,1.8950897
64.35073040887207,148.125,-16.787638,2.0167403
64.35073040887207,150.0,-16.027483,2.154836
64.35073040887207,151.875,-15.116878,2.2878613
64.35073040887207,153.75,-14.167874,2.380641
64.35073040887207,155.625,-13.423578,2.448436
64.35073040887207,157.5,-12.892015,2.4492397
64.35073040887207,159.375,-12.634418,2.3844082
64.35073040887207,161.25,-12.693559,2.3762913
64.35073040887207,163.125,-12.761605,2.4382994
64.35073040887207,165.0,-12.645081,2.5466242
64.35073040887207,166.875,-12.236331,2.6764116
64.35073040887207,168.75,-11.577288,2.838366
64.35073040887207,170.625,-10.734182,2.9540963
64.35073040887207,172.5,-9.857073,3.016295
64.35073040887207,174.375,-8.916662,3.0135238
64.35073040887207,176.25,-7.896799,2.921979
64.35073040887207,178.125,-6.787229,2.8022246
64.35073040887207,180.0,2.4278684,1.0343866
64.35073040887207,181.875,2.6494699,1.003995
64.35073040887207,183.75,2.7118332,0.9532236
64.35073040887207,185.625,-2.6881864,2.0154629
64.35073040887207,187.5,2.485427,0.78403294
64.35073040887207,189.375,-2.325667,1.868797
64.35073040887207,191.25,3.8426926,0.8517525
64.35073040887207,193.125,3.8680637,0.9085987
64.35073040887207,195.0,-3.4733818,2.4505744
64.35073040887207,196.875,-4.125198,2.768398
64.35073040887207,198.75,-4.8546124,3.0712185
64.35073040887207,200.625,-5.485354,3.2361772
64.35073040887207,202.5,-5.996741,3.273052
64.35073040887207,204.375,-6.4000807,3.2274144
64.35073040887207,206.25,-6.783596,3.1559038
64.35073040887207,208.125,-7.2370925,3.0760474
64.35073040887207,210.0,-7.826819,3.0047405
64.35073040887207,211.875,-8.519182,2.9532034
64.35073040887207,213.75,-9.118147,2.8963861
64.35073040887207,215.625,-9.490998,2.865762
64.35073040887207,217.5,-9.561741,2.8367302
64.35073040887207,219.375,-9.399944,2.8190646
64.35073040887207,221.25,-9.184085,2.8303938
64.35073040887207,223.125,-9.194671,2.8813286
64.35073040887207,225.0,-9.316975,2.8968058
64.35073040887207,226.875,-9.5211935,2.8833275
64.35073040887207,228.75,-9.715589,2.8182926
64.35073040887207,230.625,-9.688577,2.7750735
64.35073040887207,232.5,-9.30344,2.7299497
64.35073040887207,234.375,-8.4676,2.6768274
64.35073040887207,236.25,-7.8408813,2.666841
64.35073040887207,238.125,-7.2884593,2.6561663
64.35073040887207,240.0,-6.934182,2.6482658
64.35073040887207,241.875,-6.8193774,2.6434145
64.35073040887207,243.75,-6.9738307,2.639351
64.35073040887207,245.625,-7.1864476,2.6630526
64.35073040887207,247.5,-7.376389,2.6919892
64.35073040887207,249.375,-7.4454517,2.7102427
64.35073040887207,251.25,-7.3374243,2.6929438
64.35073040887207,253.125,-7.136643,2.640245
64.35073040887207,255.0,-6.9643188,2.5562305
64.35073040887207,256.875,-6.836799,2.434253
64.35073040887207,258.75,-6.7347875,2.3379214
64.35073040887207,260.625,-6.6295924,2.299433
64.35073040887207,262.5,-6.517561,2.2975488
64.35073040887207,264.375,-6.5063696,2.313375
64.35073040887207,266.25,-6.530432,2.3335705
64.35073040887207,268.125,-6.619475,2.3568351
64.35073040887207,270.0,-6.6172485,2.3368132
64.35073040887207,271.875,-6.2881665,2.2966564
64.35073040887207,273.75,-5.3919163,2.1893637
64.35073040887207,275.625,-4.1446705,1.9548808
64.35073040887207,277.5,-2.854026,1.7053388
64.35073040887207,279.375,3.0971262,0.7000772
64.35073040887207,281.25,3.1096067,0.7683869
64.35073040887207,283.125,-2.0639286,1.4712163
64.35073040887207,285.0,3.2134738,0.74689597
64.35073040887207,286.875,-4.043733,2.026575
64.35073040887207,288.75,-4.858147,2.2491765
64.35073040887207,290.625,-5.360725,2.3742464
64.35073040887207,292.5,-5.619319,2.3675034
64.35073040887207,294.375,-5.74637,2.2858005
64.35073040887207,296.25,2.2695284,0.586122
64.35073040887207,298.125,2.3607004,0.6601483
64.35073040887207,300.0,4.1557784,1.0275192
64.35073040887207,301.875,5.678552,0.8874825
64.35073040887207,303.75,6.147673,0.75195897
64.35073040887207,305.625,6.1107593,0.73602724
64.35073040887207,307.5,5.881033,0.7572337
64.35073040887207,309.375,-9.263381,2.37157
64.35073040887207,311.25,-14.557385,2.5868611
64.35073040887207,313.125,-17.371252,2.5279531
64.35073040887207,315.0,-18.364748,2.742871
64.35073040887207,316.875,-15.995783,2.6948662
64.35073040887207,318.75,-10.887385,2.4020374
64.35073040887207,320.625,4.0425167,0.76869184
64.35073040887207,322.5,6.781111,0.8042838
64.35073040887207,324.375,8.829724,0.47281146
64.35073040887207,326.25,9.87033,0.3536421
64.35073040887207,328.125,9.951053,0.3612079
64.35073040887207,330.0,9.992712,0.3775439
64.35073040887207,331.875,10.196658,0.33690175
64.35073040887207,333.75,10.090662,0.32979867
64.35073040887207,335.625,10.157557,0.37880683
64.35073040887207,337.5,4.212458,1.7009132
64.35073040887207,339.375,3.6973605,1.6849017
64.35073040887207,341.25,3.4225755,1.6612992
64.35073040887207,343.125,-1.3944755,0.9411374
64.35073040887207,345.0,4.4480247,1.4796711
64.35073040887207,346.875,10.7185135,0.41114685
64.35073040887207,348.75,10.713005,0.49523142
64.35073040887207,350.625,10.163552,0.7859754
64.35073040887207,352.5,9.939607,0.84069675
64.35073040887207,354.375,10.173025,0.7237461
64.35073040887207,356.25,10.3164625,0.60183036
64.35073040887207,358.125,10.720623,0.55290204
66.2158721139987,0.0,11.121228,0.48200938
66.2158721139987,1.875,11.28949,0.4150641
66.2158721139987,3.75,11.369802,0.40151304
66.2158721139987,5.625,11.499665,0.4114172
66.2158721139987,7.5,11.529763,0.46971396
66.2158721139987,9.375,11.405017,0.56024164
66.2158721139987,11.25,11.169665,0.5923691
66.2158721139987,13.125,2.383513,2.271284
66.2158721139987,15.0,0.876716,2.4261365
66.2158721139987,16.875,-0.17513947,2.5304728
66.2158721139987,18.75,-0.6795926,2.5517757
66.2158721139987,20.625,-0.7809598,2.5711277
66.2158721139987,22.5,-0.549827,2.5877812
66.2158721139987,24.375,-0.18260041,2.6100492
66.2158721139987,26.25,0.08269256,2.5870943
66.2158721139987,28.125,0.15929413,2.55969
66.2158721139987,30.0,0.05351288,2.495249
66.2158721139987,31.875,-0.0063113403,2.4443111
66.2158721139987,33.75,0.01775116,2.3745778
66.2158721139987,35.625,6.384783,0.86717796
66.2158721139987,37.5,0.48720428,2.2541058
66.2158721139987,39.375,0.6448019,2.1744533
66.2158721139987,41.25,7.285642,0.84920007
66.2158721139987,43.125,6.7951927,0.8929403
66.2158721139987,45.0,0.21368866,2.3090851
66.2158721139987,46.875,-0.42467073,2.3958755
66.2158721139987,48.75,-1.1070731,2.5199218
66.2158721139987,50.625,-1.7503347,2.5978236
66.2158721139987,52.5,-2.3499637,2.656173
66.2158721139987,54.375,-2.9328737,2.6946292
66.2158721139987,56.25,-3.4911356,2.7068949
66.2158721139987,58.125,-4.0196123,2.68936
66.2158721139987,60.0,-4.4844365,2.682028
66.2158721139987,61.875,-4.8687725,2.6818879
66.2158721139987,63.75,-5.1423464,2.6881268
66.2158721139987,65.625,-5.2922487,2.713152
66.2158721139987,67.5,-5.3378344,2.7266505
66.2158721139987,69.375,-5.4054713,2.760858
66.2158721139987,71.25,-5.527678,2.7696187
66.2158721139987,73.125,-5.701311,2.7649016
66.2158721139987,75.0,-5.911194,2.7888498
66.2158721139987,76.875,-6.166155,2.8192723
66.2158721139987,78.75,-6.4018383,2.8370528
66.2158721139987,80.625,-6.6575413,2.8655725
66.2158721139987,82.5,-6.9738894,2.8834455
66.2158721139987,84.375,-7.4550805,2.9130042
66.2158721139987,86.25,-8.16762,2.9136243
66.2158721139987,88.125,-9.096428,2.8849425
66.2158721139987,90.0,-10.164299,2.84608
66.2158721139987,91.875,-11.257639,2.7579288
66.2158721139987,93.75,-12.199846,2.693971
66.2158721139987,95.625,-12.809358,2.620344
66.2158721139987,97.5,-13.036311,2.5306582
66.2158721139987,99.375,-12.99305,2.4699736
66.2158721139987,101.25,-12.825335,2.4173746
66.2158721139987,103.125,-12.739651,2.412871
66.2158721139987,105.0,-12.743421,2.3608873
66.2158721139987,106.875,-12.879905,2.3073807
66.2158721139987,108.75,-13.093733,2.2047052
66.2158721139987,110.625,-13.185979,2.106351
66.2158721139987,112.5,-13.01555,2.0060515
66.2158721139987,114.375,-12.685803,1.9216533
66.2158721139987,116.25,-12.328518,1.913041
66.2158721139987,118.125,-12.24428,1.952522
66.2158721139987,120.0,-12.558108,2.0033495
66.2158721139987,121.875,-13.280003,2.0104883
66.2158721139987,123.75,-14.230549,1.9649022
66.2158721139987,125.625,-15.125823,1.8541998
66.2158721139987,127.5,-15.88719,1.7927967
66.2158721139987,129.375,-16.523693,1.7536377
66.2158721139987,131.25,-17.007814,1.7161808
66.2158721139987,133.125,-17.524963,1.6921216
66.2158721139987,135.0,-18.00094,1.6789405
66.2158721139987,136.875,-18.302013,1.645051
66.2158721139987,138.75,-18.330315,1.6132008
66.2158721139987,140.625,-17.950197,1.635654
66.2158721139987,142.5,-17.25211,1.6272784
66.2158721139987,144.375,-16.364199,1.6825
66.2158721139987,146.25,-15.49383,1.7691913
66.2158721139987,148.125,-14.779026,1.9824467
66.2158721139987,150.0,-14.5078745,2.2555647
66.2158721139987,151.875,-13.964633,2.4018521
66.2158721139987,153.75,-13.300843,2.472598
66.2158721139987,155.625,-12.830433,2.4536588
66.2158721139987,157.5,-12.657249,2.3834522
66.2158721139987,159.375,-12.690219,2.3190777
66.2158721139987,161.25,-12.803597,2.299634
66.2158721139987,163.125,-12.814652,2.3436635
66.2158721139987,165.0,-12.695473,2.4610271
66.2158721139987,166.875,-12.347172,2.5620368
66.2158721139987,168.75,-11.782209,2.6677139
66.2158721139987,170.625,-11.215628,2.7297208
66.2158721139987,172.5,-10.744885,2.7964506
66.2158721139987,174.375,-10.344202,2.8179793
66.2158721139987,176.25,-9.825706,2.7813802
66.2158721139987,178.125,-9.126311,2.734772
66.2158721139987,180.0,-8.232815,2.682254
66.2158721139987,181.875,-7.1443577,2.666255
66.2158721139987,183.75,-5.826604,2.4602718
66.2158721139987,185.625,-4.552522,2.1782262
66.2158721139987,187.5,-3.5890458,1.9245378
66.2158721139987,189.375,-3.1547685,1.784515
66.2158721139987,191.25,3.9465013,0.75482213
66.2158721139987,193.125,3.858298,0.75358176
66.2158721139987,195.0,-4.9302373,2.2780602
66.2158721139987,196.875,-5.9573073,2.5542111
66.2158721139987,198.75,-6.9556665,2.7807262
66.2158721139987,200.625,-7.6617017,2.8892674
66.2158721139987,202.5,-8.187307,2.9476984
66.2158721139987,204.375,-8.519807,2.9317565
66.2158721139987,206.25,-8.756252,2.8865793
66.2158721139987,208.125,-9.0265255,2.827993
66.2158721139987,210.0,-9.377933,2.7539806
66.2158721139987,211.875,-9.78764,2.680237
66.2158721139987,213.75,-10.176291,2.6545875
66.2158721139987,215.625,-10.401409,2.6348982
66.2158721139987,217.5,-10.398694,2.6361845
66.2158721139987,219.375,-10.190315,2.6707366
66.2158721139987,221.25,-9.8973465,2.721589
66.2158721139987,223.125,-9.615608,2.7532065
66.2158721139987,225.0,-9.409416,2.782564
66.2158721139987,226.875,-9.310979,2.801019
66.2158721139987,228.75,-9.189827,2.8024669
66.2158721139987,230.625,-8.966722,2.772498
66.2158721139987,232.5,-8.586252,2.71696
66.2158721139987,234.375,-8.054456,2.6533833
66.2158721139987,236.25,-7.5071507,2.596619
66.2158721139987,238.125,-0.293284,2.180824
66.2158721139987,240.0,-0.45746368,2.2167296
66.2158721139987,241.875,-6.9242992,2.5558667
66.2158721139987,243.75,-7.32428,2.6085622
66.2158721139987,245.625,-7.788284,2.6684473
66.2158721139987,247.5,-8.157561,2.7069147
66.2158721139987,249.375,-8.33594,2.7096019
66.2158721139987,251.25,-8.257366,2.635625
66.2158721139987,253.125,-7.884905,2.5354826
66.2158721139987,255.0,-7.426135,2.4021955
66.2158721139987,256.875,-6.991194,2.2762835
66.2158721139987,258.75,-6.660452,2.1695323
66.2158721139987,260.625,-6.5490847,2.122654
66.2158721139987,262.5,-6.691799,2.1279073
66.2158721139987,264.375,-7.1480494,2.1820068
66.2158721139987,266.25,-7.7443385,2.2306473
66.2158721139987,268.125,-8.279104,2.2610438
66.2158721139987,270.0,-8.5051,2.266151
66.2158721139987,271.875,-8.305589,2.229597
66.2158721139987,273.75,-7.640862,2.1546168
66.2158721139987,275.625,-6.309983,1.9923029
66.2158721139987,277.5,2.364587,0.81441253
66.2158721139987,279.375,2.4315794,0.7393475
66.2158721139987,281.25,2.4638255,0.7057358
66.2158721139987,283.125,2.7165987,0.7547735
66.2158721139987,285.0,3.2002707,0.8318014
66.2158721139987,286.875,-5.8786354,2.331889
66.2158721139987,288.75,-6.8073072,2.496995
66.2158721139987,290.625,-7.4494753,2.4917836
66.2158721139987,292.5,-7.8016233,2.377893
66.2158721139987,294.375,-8.849339,2.31815
66.2158721139987,296.25,-8.798831,2.1876042
66.2158721139987,298.125,1.8001535,0.5857207
66.2158721139987,300.0,2.561423,0.7615125
66.2158721139987,301.875,4.6099777,1.0235851
66.2158721139987,303.75,5.9733567,0.75376904
66.2158721139987,305.625,6.6373997,0.7478873
66.2158721139987,307.5,-4.8468385,2.368551
66.2158721139987,309.375,-9.606525,2.58252
66.2158721139987,311.25,-15.013401,2.7379346
66.2158721139987,313.125,-18.237738,2.6665008
66.2158721139987,315.0,-20.072031,2.7147117
66.2158721139987,316.875,-20.680744,3.0745673
66.2158721139987,318.75,-18.371895,3.0291562
66.2158721139987,320.625,-14.195432,2.6973321
66.2158721139987,322.5,-9.924475,2.3370478
66.2158721139987,324.375,-6.3517995,1.8956358
66.2158721139987,326.25,3.2006614,0.6024963
66.2158721139987,328.125,5.2457204,0.70420843
66.2158721139987,330.0,7.1938453,0.7509748
66.2158721139987,331.875,6.858845,0.7213655
66.2158721139987,333.75,8.425271,0.58751416
66.2158721139987,335.625,9.453279,0.46898666
66.2158721139987,337.5,4.190056,1.6472135
66.2158721139987,339.375,9.461599,0.4074911
66.2158721139987,341.25,9.201208,0.43846336
66.2158721139987,343.125,9.32281,0.47539106
66.2158721139987,345.0,9.238416,0.51420027
66.2158721139987,346.875,8.610486,0.5809653
66.2158721139987,348.75,8.040252,0.6271865
66.2158721139987,350.625,8.493552,0.6260041
66.2158721139987,352.5,9.295407,0.6162716
66.2158721139987,354.375,9.806716,0.64551103
66.2158721139987,356.25,10.208083,0.6207402
66.2158721139987,358.125,10.715271,0.59397596
68.08099098565125,0.0,10.329392,0.5760517
68.08099098565125,1.875,10.43031,0.55854374
68.08099098565125,3.75,10.543923,0.5645056
68.08099098565125,5.625,10.778416,0.5442046
68.08099098565125,7.5,11.038884,0.47127578
68.08099098565125,9.375,11.161541,0.45133397
68.08099098565125,11.25,11.040584,0.5233237
68.08099098565125,13.125,10.86822,0.51342106
68.08099098565125,15.0,10.73656,0.53547275
68.08099098565125,16.875,0.35982147,2.536368
68.08099098565125,18.75,-0.6409012,2.6134455
68.08099098565125,20.625,-1.2395926,2.6104023
68.08099098565125,22.5,-1.4996707,2.6067846
68.08099098565125,24.375,-1.5036942,2.5910075
68.08099098565125,26.25,-1.3368583,2.5444355
68.08099098565125,28.125,-1.1203347,2.4566584
68.08099098565125,30.0,-0.9220926,2.3579364
68.08099098565125,31.875,-0.6548465,2.2723148
68.08099098565125,33.75,-0.2423465,2.1622653
68.08099098565125,35.625,0.29288787,2.0470233
68.08099098565125,37.5,0.9429074,1.9032174
68.08099098565125,39.375,1.5965793,1.7961619
68.08099098565125,41.25,7.4295287,0.84441954
68.08099098565125,43.125,6.823513,0.8454867
68.08099098565125,45.0,6.542361,0.85543764
68.08099098565125,46.875,5.978259,0.9110871
68.08099098565125,48.75,5.677654,0.92672455
68.08099098565125,50.625,-0.63844025,2.3232582
68.08099098565125,52.5,-1.3386747,2.389991
68.08099098565125,54.375,-1.9371316,2.4243448
68.08099098565125,56.25,-2.4790652,2.412505
68.08099098565125,58.125,-2.8623855,2.412227
68.08099098565125,60.0,-3.31678,2.4389198
68.08099098565125,61.875,-3.737659,2.488504
68.08099098565125,63.75,-4.149417,2.5515287
68.08099098565125,65.625,-4.622444,2.6336937
68.08099098565125,67.5,-5.0749636,2.7242506
68.08099098565125,69.375,-5.4543386,2.7952635
68.08099098565125,71.25,-5.902756,2.840987
68.08099098565125,73.125,-6.287424,2.8852718
68.08099098565125,75.0,-6.589163,2.9127796
68.08099098565125,76.875,-6.834807,2.9420643
68.08099098565125,78.75,-7.0562916,2.94459
68.08099098565125,80.625,-7.30969,2.9514818
68.08099098565125,82.5,-7.6865845,2.9445415
68.08099098565125,84.375,-8.259475,2.9366667
68.08099098565125,86.25,-9.076018,2.8881989
68.08099098565125,88.125,-10.053537,2.845005
68.08099098565125,90.0,-11.102854,2.7658665
68.08099098565125,91.875,-12.151175,2.7064486
68.08099098565125,93.75,-12.985979,2.6425796
68.08099098565125,95.625,-13.497444,2.5311294
68.08099098565125,97.5,-13.679553,2.3960278
68.08099098565125,99.375,-13.6256075,2.3000422
68.08099098565125,101.25,-13.515511,2.263319
68.08099098565125,103.125,-13.438459,2.2577171
68.08099098565125,105.0,-13.401135,2.255452
68.08099098565125,106.875,-13.383362,2.2395992
68.08099098565125,108.75,-13.408752,2.183323
68.08099098565125,110.625,-13.430471,2.103314
68.08099098565125,112.5,-13.367873,2.050822
68.08099098565125,114.375,-13.16762,2.0223966
68.08099098565125,116.25,-13.014065,2.027459
68.08099098565125,118.125,-13.03217,2.059571
68.08099098565125,120.0,-13.2393,2.051595
68.08099098565125,121.875,-13.736272,2.0628526
68.08099098565125,123.75,-14.336545,2.0114393
68.08099098565125,125.625,-14.929905,1.9206247
68.08099098565125,127.5,-15.466565,1.8227954
68.08099098565125,129.375,-15.874026,1.712383
68.08099098565125,131.25,-16.151485,1.6839426
68.08099098565125,133.125,-16.381466,1.637384
68.08099098565125,135.0,-16.473888,1.6840074
68.08099098565125,136.875,-16.452871,1.7258649
68.08099098565125,138.75,-16.325508,1.7091666
68.08099098565125,140.625,-16.141426,1.7719806
68.08099098565125,142.5,-15.956487,1.845216
68.08099098565125,144.375,-15.731877,1.9495431
68.08099098565125,146.25,-15.450374,2.1347978
68.08099098565125,148.125,-15.053128,2.351379
68.08099098565125,150.0,-14.486839,2.5311854
68.08099098565125,151.875,-13.80936,2.618829
68.08099098565125,153.75,-13.057446,2.6704655
68.08099098565125,155.625,-12.40307,2.675052
68.08099098565125,157.5,-11.858596,2.5781548
68.08099098565125,159.375,-11.519162,2.4341176
68.08099098565125,161.25,-11.351624,2.3245971
68.08099098565125,163.125,-11.209045,2.2935362
68.08099098565125,165.0,-11.144592,2.3009472
68.08099098565125,166.875,-10.956468,2.3540354
68.08099098565125,168.75,-10.762287,2.390298
68.08099098565125,170.625,-10.544182,2.3737698
68.08099098565125,172.5,-10.365432,2.4067593
68.08099098565125,174.375,-10.131311,2.4028537
68.08099098565125,176.25,-9.775901,2.376716
68.08099098565125,178.125,-9.315627,2.3395815
68.08099098565125,180.0,-8.631955,2.3702247
68.08099098565125,181.875,-7.731116,2.4809833
68.08099098565125,183.75,1.9866574,1.1474522
68.08099098565125,185.625,2.8671067,1.1148816
68.08099098565125,187.5,3.623044,1.0069389
68.08099098565125,189.375,4.186599,0.8054038
68.08099098565125,191.25,4.290798,0.7392469
68.08099098565125,193.125,4.1132393,0.74579644
68.08099098565125,195.0,-5.222268,2.109078
68.08099098565125,196.875,-6.54885,2.3110359
68.08099098565125,198.75,-7.8541822,2.4537408
68.08099098565125,200.625,-8.8013115,2.4679668
68.08099098565125,202.5,-9.661799,2.508363
68.08099098565125,204.375,-10.352483,2.5100715
68.08099098565125,206.25,-10.873772,2.485772
68.08099098565125,208.125,-11.268558,2.427259
68.08099098565125,210.0,-11.550119,2.351359
68.08099098565125,211.875,-11.7403145,2.2703846
68.08099098565125,213.75,-11.770803,2.2140844
68.08099098565125,215.625,-11.610491,2.144517
68.08099098565125,217.5,-11.264651,2.0828981
68.08099098565125,219.375,-10.7837715,2.044151
68.08099098565125,221.25,-10.18801,2.0210483
68.08099098565125,223.125,-9.629944,2.0524142
68.08099098565125,225.0,-9.021799,2.1206298
68.08099098565125,226.875,-8.514944,2.1847005
68.08099098565125,228.75,-8.072971,2.2194192
68.08099098565125,230.625,-7.705393,2.2139184
68.08099098565125,232.5,-7.3599243,2.2267659
68.08099098565125,234.375,-7.041155,2.2478595
68.08099098565125,236.25,-6.781936,2.2534032
68.08099098565125,238.125,-6.589729,2.2287776
68.08099098565125,240.0,-6.6942015,2.2650118
68.08099098565125,241.875,-7.18885,2.325174
68.08099098565125,243.75,-7.7000027,2.3619182
68.08099098565125,245.625,-8.167834,2.3964777
68.08099098565125,247.5,-8.478498,2.390338
68.08099098565125,249.375,-8.571546,2.3781748
68.08099098565125,251.25,-8.375296,2.3320565
68.08099098565125,253.125,-7.9296117,2.258956
68.08099098565125,255.0,-7.357483,2.1577246
68.08099098565125,256.875,-6.7235374,2.0584743
68.08099098565125,258.75,1.1856222,0.9014184
68.08099098565125,260.625,1.5400559,0.9744938
68.08099098565125,262.5,-6.5779324,1.9476066
68.08099098565125,264.375,-7.1659594,1.9836208
68.08099098565125,266.25,-7.844397,2.046457
68.08099098565125,268.125,-8.325042,2.0472322
68.08099098565125,270.0,-8.414221,2.0199025
68.08099098565125,271.875,-8.338733,2.0195029
68.08099098565125,273.75,-7.997385,2.0201201
68.08099098565125,275.625,-7.235315,2.0055003
68.08099098565125,277.5,-6.4072876,1.9231375
68.08099098565125,279.375,2.233806,0.85457724
68.08099098565125,281.25,2.244802,0.86621225
68.08099098565125,283.125,-6.598186,2.142811
68.08099098565125,285.0,-7.442893,2.2888894
68.08099098565125,286.875,-8.141799,2.4130194
68.08099098565125,288.75,-8.573479,2.4523087
68.08099098565125,290.625,-8.79135,2.3931015
68.08099098565125,292.5,-9.757249,2.4107914
68.08099098565125,294.375,1.4472042,0.69100285
68.08099098565125,296.25,1.3382981,0.6252259
68.08099098565125,298.125,1.2105832,0.57541555
68.08099098565125,300.0,1.3460324,0.5003241
68.08099098565125,301.875,2.696677,0.7112165
68.08099098565125,303.75,5.1072044,0.84717506
68.08099098565125,305.625,5.735935,0.87869406
68.08099098565125,307.5,-6.328264,2.568635
68.08099098565125,309.375,-9.891213,2.6297863
68.08099098565125,311.25,-15.032679,2.8471181
68.08099098565125,313.125,-18.102835,2.8259141
68.08099098565125,315.0,-20.92541,2.8630335
68.08099098565125,316.875,-23.02164,2.930715
68.08099098565125,318.75,-23.997774,3.0782728
68.08099098565125,320.625,-23.380821,2.9997523
68.08099098565125,322.5,-21.066074,2.7349172
68.08099098565125,324.375,-17.927187,2.434
68.08099098565125,326.25,-14.595022,2.1754415
68.08099098565125,328.125,1.7205832,0.62128973
68.08099098565125,330.0,1.9393528,0.6347833
68.08099098565125,331.875,2.0392356,0.6171697
68.08099098565125,333.75,3.1671653,0.80337024
68.08099098565125,335.625,5.0756025,0.8069615
68.08099098565125,337.5,6.7959743,0.6740682
68.08099098565125,339.375,7.2268724,0.58402
68.08099098565125,341.25,7.2484155,0.574628
68.08099098565125,343.125,6.9166775,0.57590955
68.08099098565125,345.0,7.198767,0.58317095
68.08099098565125,346.875,7.6219115,0.608069
68.08099098565125,348.75,8.289353,0.61455184
68.08099098565125,350.625,8.674353,0.63246083
68.08099098565125,352.5,8.830662,0.60673565
68.08099098565125,354.375,9.211482,0.55124474
68.08099098565125,356.25,9.718708,0.59298456
68.08099098565125,358.125,10.099079,0.60288185
69.94608064698343,0.0,9.192244,0.5906121
69.94608064698343,1.875,9.338396,0.57372004
69.94608064698343,3.75,9.520877,0.5516852
69.94608064698343,5.625,9.780876,0.5785668
69.94608064698343,7.5,10.176678,0.5634065
69.94608064698343,9.375,10.481814,0.50737774
69.94608064698343,11.25,10.663865,0.4931337
69.94608064698343,13.125,10.740818,0.49327338
69.94608064698343,15.0,10.731697,0.47057328
69.94608064698343,16.875,10.674197,0.46602172
69.94608064698343,18.75,1.4854269,2.1959207
69.94608064698343,20.625,0.7310715,2.2536578
69.94608064698343,22.5,0.21521209,2.27586
69.94608064698343,24.375,0.035856627,2.230234
69.94608064698343,26.25,0.08357147,2.1593573
69.94608064698343,28.125,0.2570871,2.062382
69.94608064698343,30.0,0.5214621,1.9494104
69.94608064698343,31.875,9.726521,0.63343525
69.94608064698343,33.75,9.26406,0.6124345
69.94608064698343,35.625,8.828806,0.5501287
69.94608064698343,37.5,8.43322,0.5033086
69.94608064698343,39.375,8.021462,0.49951315
69.94608064698343,41.25,7.500154,0.52445185
69.94608064698343,43.125,7.1964817,0.55625516
69.94608064698343,45.0,6.905017,0.6101167
69.94608064698343,46.875,6.593611,0.69184893
69.94608064698343,48.75,6.366892,0.71610296
69.94608064698343,50.625,6.0230446,0.7535578
69.94608064698343,52.5,5.6671267,0.7666841
69.94608064698343,54.375,5.192224,0.79370385
69.94608064698343,56.25,5.0916767,0.74476373
69.94608064698343,58.125,5.1390014,0.6958478
69.94608064698343,60.0,5.1795287,0.71520174
69.94608064698343,61.875,5.3147435,0.8344632
69.94608064698343,63.75,4.0214815,1.0056113
69.94608064698343,65.625,2.6758957,0.9327037
69.94608064698343,67.5,-4.369905,2.6216385
69.94608064698343,69.375,-5.1163116,2.7736535
69.94608064698343,71.25,-5.7792797,2.8512526
69.94608064698343,73.125,-6.33676,2.8821359
69.94608064698343,75.0,-6.791272,2.9249823
69.94608064698343,76.875,-7.1552367,2.9449995
69.94608064698343,78.75,-7.4976196,2.951259
69.94608064698343,80.625,-7.8225613,2.951579
69.94608064698343,82.5,-8.230472,2.9413877
69.94608064698343,84.375,-8.7868185,2.9388394
69.94608064698343,86.25,-9.461077,2.9005132
69.94608064698343,88.125,-10.201507,2.8458335
69.94608064698343,90.0,-10.920901,2.7721379
69.94608064698343,91.875,-11.587053,2.6781218
69.94608064698343,93.75,-12.089553,2.593652
69.94608064698343,95.625,-12.433811,2.5147808
69.94608064698343,97.5,-12.62887,2.4321437
69.94608064698343,99.375,-12.74969,2.3568385
69.94608064698343,101.25,-12.773459,2.345739
69.94608064698343,103.125,-12.759709,2.307283
69.94608064698343,105.0,-12.7586355,2.2523284
69.94608064698343,106.875,-12.783518,2.282671
69.94608064698343,108.75,-12.837659,2.2657857
69.94608064698343,110.625,-12.898929,2.2260885
69.94608064698343,112.5,-12.942619,2.2056456
69.94608064698343,114.375,-12.981525,2.210036
69.94608064698343,116.25,-13.02594,2.2156029
69.94608064698343,118.125,-13.114593,2.2173243
69.94608064698343,120.0,-13.292424,2.2362046
69.94608064698343,121.875,-13.5751,2.2133956
69.94608064698343,123.75,-13.849729,2.1108458
69.94608064698343,125.625,-14.0619755,2.0291934
69.94608064698343,127.5,-14.14678,1.959473
69.94608064698343,129.375,-14.105764,1.8879284
69.94608064698343,131.25,-14.002171,1.8270223
69.94608064698343,133.125,-13.815744,1.8484987
69.94608064698343,135.0,-13.610334,1.9239343
69.94608064698343,136.875,-13.405862,1.9647429
69.94608064698343,138.75,-13.346545,1.9950571
69.94608064698343,140.625,-13.3737135,2.0112035
69.94608064698343,142.5,-13.458362,2.0700545
69.94608064698343,144.375,-13.525256,2.1924288
69.94608064698343,146.25,-13.405315,2.3319156
69.94608064698343,148.125,-12.982619,2.4640794
69.94608064698343,150.0,-12.414143,2.559482
69.94608064698343,151.875,-11.706917,2.5924973
69.94608064698343,153.75,-10.958362,2.5970297
69.94608064698343,155.625,-10.292171,2.6160796
69.94608064698343,157.5,-9.654494,2.5811822
69.94608064698343,159.375,-9.14469,2.486707
69.94608064698343,161.25,0.010290222,1.1098642
69.94608064698343,163.125,0.036774598,1.088487
69.94608064698343,165.0,0.0751535,1.0763018
69.94608064698343,166.875,0.040016785,1.1072515
69.94608064698343,168.75,-0.08090118,1.0974232
69.94608064698343,170.625,-7.9087133,2.0488744
69.94608064698343,172.5,-7.8577757,2.1107867
69.94608064698343,174.375,-7.8717017,2.1651134
69.94608064698343,176.25,-7.915881,2.304575
69.94608064698343,178.125,0.4761496,1.0356631
69.94608064698343,180.0,0.74005586,1.0842882
69.94608064698343,181.875,1.1647239,1.1796154
69.94608064698343,183.75,1.654177,1.2544229
69.94608064698343,185.625,2.412419,1.3816961
69.94608064698343,187.5,3.0512862,1.2720945
69.94608064698343,189.375,3.4205832,1.2144421
69.94608064698343,191.25,3.9065988,1.0152284
69.94608064698343,193.125,3.9347825,0.9742896
69.94608064698343,195.0,3.5128684,1.0796984
69.94608064698343,196.875,2.5884933,1.1800768
69.94608064698343,198.75,-6.8961744,2.1440768
69.94608064698343,200.625,-7.5933423,2.0915465
69.94608064698343,202.5,-8.306272,2.0844994
69.94608064698343,204.375,-8.867249,2.0160694
69.94608064698343,206.25,-9.318596,2.0313663
69.94608064698343,208.125,-9.623811,2.011905
69.94608064698343,210.0,-9.794476,1.9889917
69.94608064698343,211.875,-9.849026,1.9637445
69.94608064698343,213.75,-9.713284,1.8643899
69.94608064698343,215.625,-9.394553,1.8210125
69.94608064698343,217.5,-8.86387,1.7424297
69.94608064698343,219.375,0.29749724,1.0477254
69.94608064698343,221.25,0.4052121,1.040837
69.94608064698343,223.125,0.4993332,0.9739383
69.94608064698343,225.0,0.6658957,0.91690576
69.94608064698343,226.875,1.0732003,0.9826816
69.94608064698343,228.75,1.5876926,1.0437033
69.94608064698343,230.625,-5.5313697,1.5965447
69.94608064698343,232.5,-5.4854126,1.6234826
69.94608064698343,234.375,1.7060324,1.1573664
69.94608064698343,236.25,1.6746261,1.1719261
69.94608064698343,238.125,1.5496457,1.142094
69.94608064698343,240.0,1.3890207,1.0607778
69.94608064698343,241.875,1.128884,1.0131406
69.94608064698343,243.75,0.9749973,0.9629629
69.94608064698343,245.625,-8.170529,1.9889486
69.94608064698343,247.5,-8.362698,1.9656767
69.94608064698343,249.375,-8.293635,1.9733825
69.94608064698343,251.25,-8.087307,1.983804
69.94608064698343,253.125,-7.79135,1.9511298
69.94608064698343,255.0,-7.3611546,1.927106
69.94608064698343,256.875,-6.8109593,1.8608911
69.94608064698343,258.75,1.0202707,0.8279562
69.94608064698343,260.625,0.749509,0.8164336
69.94608064698343,262.5,0.5975559,0.82999176
69.94608064698343,264.375,-6.5463305,1.6144738
69.94608064698343,266.25,-7.12051,1.7087996
69.94608064698343,268.125,-7.4624243,1.7692055
69.94608064698343,270.0,1.0422238,0.7491002
69.94608064698343,271.875,0.81206757,0.73666275
69.94608064698343,273.75,-7.852268,1.9044684
69.94608064698343,275.625,-8.009924,2.011282
69.94608064698343,277.5,-8.268577,2.1121447
69.94608064698343,279.375,-8.502131,2.0643828
69.94608064698343,281.25,0.734216,0.86174864
69.94608064698343,283.125,-9.510647,2.1197774
69.94608064698343,285.0,-9.905549,2.135842
69.94608064698343,286.875,-10.085452,2.1306973
69.94608064698343,288.75,-10.103596,2.2024634
69.94608064698343,290.625,-10.721741,2.360729
69.94608064698343,292.5,0.4509543,0.69148695
69.94608064698343,294.375,0.5254855,0.6372255
69.94608064698343,296.25,0.73847383,0.5328387
69.94608064698343,298.125,0.94913787,0.6021814
69.94608064698343,300.0,1.2740011,0.5830643
69.94608064698343,301.875,1.9643332,0.5284837
69.94608064698343,303.75,3.239294,0.93887216
69.94608064698343,305.625,-7.496604,2.5164728
69.94608064698343,307.5,-9.94635,2.6151679
69.94608064698343,309.375,-13.196682,2.6061673
69.94608064698343,311.25,-16.319729,2.7630231
69.94608064698343,313.125,-18.874826,2.7319055
69.94608064698343,315.0,-21.71203,2.794605
69.94608064698343,316.875,-24.699492,2.8803067
69.94608064698343,318.75,-27.41631,2.9576359
69.94608064698343,320.625,-29.104198,2.8328252
69.94608064698343,322.5,-29.30625,2.7360506
69.94608064698343,324.375,-27.64547,2.5830328
69.94608064698343,326.25,-24.732948,2.3291786
69.94608064698343,328.125,-21.305449,2.118766
69.94608064698343,330.0,-17.68627,2.0106351
69.94608064698343,331.875,-14.075666,1.9513798
69.94608064698343,333.75,-10.700588,1.9613293
69.94608064698343,335.625,-7.8707447,1.9685668
69.94608064698343,337.5,1.5953488,0.5657154
69.94608064698343,339.375,3.1744504,0.7988574
69.94608064698343,341.25,5.416716,0.79938966
69.94608064698343,343.125,6.3717556,0.5428339
69.94608064698343,345.0,6.718728,0.4952271
69.94608064698343,346.875,7.227927,0.58495843
69.94608064698343,348.75,7.726345,0.6680224
69.94608064698343,350.625,7.8568335,0.657859
69.94608064698343,352.5,8.092731,0.6317174
69.94608064698343,354.375,8.507321,0.5800171
69.94608064698343,356.25,8.831736,0.5596994
69.94608064698343,358.125,9.047849,0.5771986
71.81113211427447,0.0,9.014353,0.53978705
71.81113211427447,1.875,9.328377,0.4998682
71.81113211427447,3.75,9.600467,0.4984399
71.81113211427447,5.625,9.756072,0.5334729
71.81113211427447,7.5,9.943591,0.5396764
71.81113211427447,9.375,10.171404,0.4812287
71.81113211427447,11.25,10.34947,0.4463245
71.81113211427447,13.125,10.453045,0.410997
71.81113211427447,15.0,10.482146,0.37090358
71.81113211427447,16.875,10.411775,0.37998864
71.81113211427447,18.75,10.295681,0.38195828
71.81113211427447,20.625,10.248005,0.37736169
71.81113211427447,22.5,10.279001,0.39090967
71.81113211427447,24.375,10.272303,0.4207777
71.81113211427447,26.25,10.178005,0.4336056
71.81113211427447,28.125,10.031072,0.4382737
71.81113211427447,30.0,9.833767,0.4599359
71.81113211427447,31.875,9.293923,0.5074931
71.81113211427447,33.75,8.808181,0.45954674
71.81113211427447,35.625,8.625369,0.39386427
71.81113211427447,37.5,8.569685,0.35659844
71.81113211427447,39.375,8.510368,0.3576749
71.81113211427447,41.25,8.317888,0.38825494
71.81113211427447,43.125,8.016482,0.44917735
71.81113211427447,45.0,7.649685,0.5033058
71.81113211427447,46.875,7.335818,0.5282087
71.81113211427447,48.75,6.907595,0.51716226
71.81113211427447,50.625,6.4903884,0.53884596
71.81113211427447,52.5,0.35107148,1.7757907
71.81113211427447,54.375,0.02433319,1.7739414
71.81113211427447,56.25,4.0684543,0.70045495
71.81113211427447,58.125,4.191189,0.6926834
71.81113211427447,60.0,4.1998997,0.8067656
71.81113211427447,61.875,4.1026926,0.9023337
71.81113211427447,63.75,3.650134,0.9611855
71.81113211427447,65.625,3.1419308,1.0029529
71.81113211427447,67.5,3.0018528,1.0218048
71.81113211427447,69.375,-4.3774443,2.7529705
71.81113211427447,71.25,-4.912581,2.7661922
71.81113211427447,73.125,-5.462385,2.7829604
71.81113211427447,75.0,-5.9704323,2.7818875
71.81113211427447,76.875,-6.4859986,2.8076096
71.81113211427447,78.75,-7.0352173,2.836025
71.81113211427447,80.625,-7.580374,2.8634858
71.81113211427447,82.5,-8.14303,2.8923917
71.81113211427447,84.375,-8.673518,2.9045095
71.81113211427447,86.25,-9.241136,2.919399
71.81113211427447,88.125,-9.790236,2.9030058
71.81113211427447,90.0,-10.259163,2.8649013
71.81113211427447,91.875,-10.71721,2.827504
71.81113211427447,93.75,-11.107112,2.7859066
71.81113211427447,95.625,-11.408108,2.733848
71.81113211427447,97.5,-11.675589,2.6974502
71.81113211427447,99.375,-11.911721,2.6633232
71.81113211427447,101.25,-12.110354,2.5860198
71.81113211427447,103.125,-12.222326,2.4939742
71.81113211427447,105.0,-12.278342,2.4246316
71.81113211427447,106.875,-12.270901,2.3610127
71.81113211427447,108.75,-12.2174635,2.3345864
71.81113211427447,110.625,-12.132503,2.350329
71.81113211427447,112.5,-11.943655,2.3099544
71.81113211427447,114.375,-11.77055,2.2685423
71.81113211427447,116.25,-11.619944,2.2405093
71.81113211427447,118.125,-11.530627,2.2433214
71.81113211427447,120.0,-11.525295,2.214611
71.81113211427447,121.875,-11.59301,2.2134368
71.81113211427447,123.75,-11.644592,2.1777062
71.81113211427447,125.625,-11.602034,2.1265616
71.81113211427447,127.5,-11.421506,2.0463438
71.81113211427447,129.375,-11.076818,1.9924195
71.81113211427447,131.25,0.14318085,1.2715348
71.81113211427447,133.125,0.18763398,1.257271
71.81113211427447,135.0,0.21279022,1.2821698
71.81113211427447,136.875,0.38159883,1.3264962
71.81113211427447,138.75,0.33454803,1.3270214
71.81113211427447,140.625,-9.485569,2.0559237
71.81113211427447,142.5,-9.753889,2.113408
71.81113211427447,144.375,-10.031741,2.2016609
71.81113211427447,146.25,-10.157151,2.3079484
71.81113211427447,148.125,-10.154533,2.3952036
71.81113211427447,150.0,-0.32154572,1.4196682
71.81113211427447,151.875,-0.19363555,1.3929306
71.81113211427447,153.75,-0.022502746,1.336203
71.81113211427447,155.625,0.055544127,1.2868252
71.81113211427447,157.5,0.11527069,1.2207236
71.81113211427447,159.375,0.13648163,1.1203883
71.81113211427447,161.25,0.09685272,1.0407307
71.81113211427447,163.125,0.07450897,0.9360085
71.81113211427447,165.0,0.10962616,0.8541888
71.81113211427447,166.875,0.12423553,0.81348795
71.81113211427447,168.75,0.22198944,0.78822476
71.81113211427447,170.625,0.23505585,0.77694315
71.81113211427447,172.5,0.2540988,0.77590984
71.81113211427447,174.375,0.3390793,0.7794055
71.81113211427447,176.25,0.4201535,0.7779917
71.81113211427447,178.125,0.4600168,0.7605292
71.81113211427447,180.0,0.4929074,0.7729505
71.81113211427447,181.875,0.5515988,0.8197993
71.81113211427447,183.75,0.7303684,0.91408724
71.81113211427447,185.625,0.80855197,0.97746724
71.81113211427447,187.5,0.88562226,1.0087038
71.81113211427447,189.375,0.99007535,1.0012287
71.81113211427447,191.25,1.157341,1.0503776
71.81113211427447,193.125,1.733552,1.2223095
71.81113211427447,195.0,1.9748996,1.3155075
71.81113211427447,196.875,1.9908957,1.3837875
71.81113211427447,198.75,1.6776925,1.3651699
71.81113211427447,200.625,1.3697433,1.3380848
71.81113211427447,202.5,1.2333176,1.2798791
71.81113211427447,204.375,0.92507535,1.0537052
71.81113211427447,206.25,0.77945036,0.9770213
71.81113211427447,208.125,0.5844113,0.91352785
71.81113211427447,210.0,0.49337617,0.8798886
71.81113211427447,211.875,0.38019258,0.876153
71.81113211427447,213.75,0.25804412,0.86536974
71.81113211427447,215.625,0.11056366,0.81104976
71.81113211427447,217.5,0.06648163,0.80416
71.81113211427447,219.375,0.03433319,0.81542206
71.81113211427447,221.25,0.06355194,0.84921867
71.81113211427447,223.125,0.10706756,0.8535727
71.81113211427447,225.0,0.17937225,0.8426537
71.81113211427447,226.875,0.28134492,0.83681613
71.81113211427447,228.75,0.50036836,0.8448162
71.81113211427447,230.625,0.81712615,0.8919158
71.81113211427447,232.5,1.117966,0.9833612
71.81113211427447,234.375,1.1270089,1.0638711
71.81113211427447,236.25,-6.4272485,1.7116432
71.81113211427447,238.125,-6.747893,1.732314
71.81113211427447,240.0,-7.323733,1.7978859
71.81113211427447,241.875,-7.5748463,1.8212185
71.81113211427447,243.75,-7.911409,1.8500987
71.81113211427447,245.625,-8.17926,1.8883274
71.81113211427447,247.5,-8.234553,1.8562335
71.81113211427447,249.375,-8.14344,1.8125869
71.81113211427447,251.25,-7.8766627,1.7502332
71.81113211427447,253.125,-7.578284,1.6993024
71.81113211427447,255.0,-7.274143,1.658808
71.81113211427447,256.875,-0.17818634,0.7970819
71.81113211427447,258.75,-0.17537384,0.8602305
71.81113211427447,260.625,-6.756565,1.5523658
71.81113211427447,262.5,-6.5096703,1.542155
71.81113211427447,264.375,0.28251678,0.702699
71.81113211427447,266.25,-6.8262916,1.6651396
71.81113211427447,268.125,0.5445285,0.6402802
71.81113211427447,270.0,0.43486053,0.7149248
71.81113211427447,271.875,-8.026057,1.9172561
71.81113211427447,273.75,-8.548596,1.9887159
71.81113211427447,275.625,-8.9796505,2.0750372
71.81113211427447,277.5,-9.547171,2.113261
71.81113211427447,279.375,-9.9556465,2.054483
71.81113211427447,281.25,-10.388889,2.0200973
71.81113211427447,283.125,-10.724651,2.0025685
71.81113211427447,285.0,-11.555022,2.0214448
71.81113211427447,286.875,-0.40947542,0.7060651
71.81113211427447,288.75,0.020544128,0.5950395
71.81113211427447,290.625,0.39923555,0.5327665
71.81113211427447,292.5,0.7819699,0.54890865
71.81113211427447,294.375,1.2357004,0.5224215
71.81113211427447,296.25,1.5384152,0.5637214
71.81113211427447,298.125,1.5691184,0.6016837
71.81113211427447,300.0,1.7892746,0.57836616
71.81113211427447,301.875,2.1044114,0.6789468
71.81113211427447,303.75,2.709958,0.9965459
71.81113211427447,305.625,-12.585043,2.9023218
71.81113211427447,307.5,-15.241428,3.1313083
71.81113211427447,309.375,-16.927874,2.9586458
71.81113211427447,311.25,-18.793713,2.8738997
71.81113211427447,313.125,-20.964941,2.8739085
71.81113211427447,315.0,-23.576777,2.9659672
71.81113211427447,316.875,-26.45131,3.1420739
71.81113211427447,318.75,-29.047714,3.2240114
71.81113211427447,320.625,-30.963242,3.0660143
71.81113211427447,322.5,-31.8425,2.7164009
71.81113211427447,324.375,-30.763575,2.3046198
71.81113211427447,326.25,-28.668907,2.2044885
71.81113211427447,328.125,-25.671015,2.0929456
71.81113211427447,330.0,-22.311817,1.9765723
71.81113211427447,331.875,-18.758125,1.8843687
71.81113211427447,333.75,-15.27637,1.8492082
71.81113211427447,335.625,-11.914358,1.8672535
71.81113211427447,337.5,-9.21844,1.9929167
71.81113211427447,339.375,1.4080441,0.6685337
71.81113211427447,341.25,4.0668917,1.0371883
71.81113211427447,343.125,5.7671657,0.85805297
71.81113211427447,345.0,6.600154,0.5829155
71.81113211427447,346.875,6.848025,0.60401297
71.81113211427447,348.75,7.054236,0.644443
71.81113211427447,350.625,7.2899,0.63644
71.81113211427447,352.5,7.6129274,0.6160681
71.81113211427447,354.375,7.9441967,0.6665165
71.81113211427447,356.25,8.313259,0.67196083
71.81113211427447,358.125,8.699861,0.5928431
73.67613231320912,0.0,8.135036,0.8286664
73.67613231320912,1.875,8.706365,0.70305437
73.67613231320912,3.75,9.209216,0.55976605
73.67613231320912,5.625,9.522517,0.47801855
73.67613231320912,7.5,9.704665,0.44086018
73.67613231320912,9.375,9.872517,0.41605124
73.67613231320912,11.25,9.976912,0.38824973
73.67613231320912,13.125,10.034529,0.35174346
73.67613231320912,15.0,10.025232,0.33509794
73.67613231320912,16.875,9.633337,0.3367071
73.67613231320912,18.75,9.010623,0.35475287
73.67613231320912,20.625,8.916111,0.36433792
73.67613231320912,22.5,9.27533,0.3282426
73.67613231320912,24.375,9.42949,0.32391858
73.67613231320912,26.25,9.39406,0.32211414
73.67613231320912,28.125,9.41281,0.337525
73.67613231320912,30.0,9.434118,0.3448785
73.67613231320912,31.875,9.277517,0.37202576
73.67613231320912,33.75,8.971951,0.3722106
73.67613231320912,35.625,8.615173,0.3523667
73.67613231320912,37.5,8.337166,0.34903798
73.67613231320912,39.375,8.294177,0.3344279
73.67613231320912,41.25,8.311932,0.35423857
73.67613231320912,43.125,8.182439,0.431662
73.67613231320912,45.0,7.922224,0.48384508
73.67613231320912,46.875,7.459529,0.5038141
73.67613231320912,48.75,6.996443,0.4629939
73.67613231320912,50.625,6.500447,0.46846431
73.67613231320912,52.5,6.184978,0.5196632
73.67613231320912,54.375,-1.4907254,2.1363363
73.67613231320912,56.25,-3.8383036,1.725459
73.67613231320912,58.125,3.365427,0.63417184
73.67613231320912,60.0,3.391423,0.6466245
73.67613231320912,61.875,3.337341,0.6715621
73.67613231320912,63.75,3.325212,0.72452265
73.67613231320912,65.625,3.2959347,0.78947395
73.67613231320912,67.5,3.1874387,0.84686744
73.67613231320912,69.375,3.0387473,0.86037827
73.67613231320912,71.25,2.808884,0.8718218
73.67613231320912,73.125,2.7490988,0.9062073
73.67613231320912,75.0,2.6012278,0.92817307
73.67613231320912,76.875,2.4038448,0.96452165
73.67613231320912,78.75,1.9471262,0.97997725
73.67613231320912,80.625,1.0794113,0.96394277
73.67613231320912,82.5,-7.1445336,2.8046327
73.67613231320912,84.375,-7.72094,2.8347418
73.67613231320912,86.25,-8.277405,2.8599577
73.67613231320912,88.125,-8.787131,2.876373
73.67613231320912,90.0,-9.263147,2.8873312
73.67613231320912,91.875,-9.710784,2.891565
73.67613231320912,93.75,-10.137522,2.8729565
73.67613231320912,95.625,-10.542053,2.8216848
73.67613231320912,97.5,-10.92594,2.7474203
73.67613231320912,99.375,-11.269026,2.6761816
73.67613231320912,101.25,-11.550471,2.6037676
73.67613231320912,103.125,-11.731154,2.5368896
73.67613231320912,105.0,-11.792522,2.4712489
73.67613231320912,106.875,-11.698322,2.3906226
73.67613231320912,108.75,-11.491116,2.3468425
73.67613231320912,110.625,-11.256916,2.2913802
73.67613231320912,112.5,-10.95633,2.2943916
73.67613231320912,114.375,-10.713088,2.2559106
73.67613231320912,116.25,-0.7802176,1.1526805
73.67613231320912,118.125,-0.84875274,1.1771656
73.67613231320912,120.0,-0.8293778,1.2102432
73.67613231320912,121.875,-0.030647278,1.1152512
73.67613231320912,123.75,-0.00693634,1.1185088
73.67613231320912,125.625,-8.928733,2.0847251
73.67613231320912,127.5,-0.6875418,1.0752228
73.67613231320912,129.375,-0.6041043,1.0699347
73.67613231320912,131.25,-0.19467072,1.1317997
73.67613231320912,133.125,0.0078097535,1.1090397
73.67613231320912,135.0,0.16593476,1.1074195
73.67613231320912,136.875,0.31460664,1.1265773
73.67613231320912,138.75,0.2876535,1.1439829
73.67613231320912,140.625,-8.320784,2.025018
73.67613231320912,142.5,-8.494358,2.0547986
73.67613231320912,144.375,-0.39043245,1.243639
73.67613231320912,146.25,-0.13351837,1.2524704
73.67613231320912,148.125,-0.17039338,1.2576444
73.67613231320912,150.0,-0.1810965,1.2599044
73.67613231320912,151.875,-0.2744754,1.264048
73.67613231320912,153.75,-0.2904715,1.2367384
73.67613231320912,155.625,-0.3409598,1.2123817
73.67613231320912,157.5,-0.37881133,1.1263653
73.67613231320912,159.375,-0.37984648,1.078326
73.67613231320912,161.25,-0.31939727,0.9774991
73.67613231320912,163.125,-0.3459207,0.88559073
73.67613231320912,165.0,-0.4112918,0.8200788
73.67613231320912,166.875,-0.43699494,0.7256367
73.67613231320912,168.75,-0.41613555,0.6882643
73.67613231320912,170.625,-0.38189727,0.6700389
73.67613231320912,172.5,-0.29713166,0.66773915
73.67613231320912,174.375,-0.23500274,0.6692156
73.67613231320912,176.25,-0.15717071,0.6770858
73.67613231320912,178.125,-0.10164337,0.67743
73.67613231320912,180.0,-0.07857697,0.6775487
73.67613231320912,181.875,-0.044533998,0.68738216
73.67613231320912,183.75,-0.04301056,0.6936379
73.67613231320912,185.625,-0.00865509,0.7054925
73.67613231320912,187.5,0.06780975,0.72552365
73.67613231320912,189.375,0.17525116,0.7600749
73.67613231320912,191.25,0.28517303,0.79880166
73.67613231320912,193.125,0.38905975,0.841888
73.67613231320912,195.0,0.5144894,0.88886523
73.67613231320912,196.875,0.52243865,0.88510203
73.67613231320912,198.75,0.432966,0.8449174
73.67613231320912,200.625,0.25960663,0.7864355
73.67613231320912,202.5,0.039255068,0.7338252
73.67613231320912,204.375,-0.18013947,0.69295144
73.67613231320912,206.25,-0.383909,0.6722042
73.67613231320912,208.125,-0.50138944,0.66295743
73.67613231320912,210.0,-0.6488309,0.6753578
73.67613231320912,211.875,-0.77476835,0.66398615
73.67613231320912,213.75,-0.9088309,0.6201621
73.67613231320912,215.625,-0.99363554,0.5947392
73.67613231320912,217.5,-1.0522879,0.5833089
73.67613231320912,219.375,-1.0669949,0.59164816
73.67613231320912,221.25,-1.0563699,0.59955233
73.67613231320912,223.125,-0.98295194,0.62497693
73.67613231320912,225.0,-0.8584402,0.66955835
73.67613231320912,226.875,-0.67398715,0.71601844
73.67613231320912,228.75,-0.4269168,0.75619256
73.67613231320912,230.625,-0.10840119,0.8001926
73.67613231320912,232.5,0.21599334,0.8696204
73.67613231320912,234.375,0.34113008,0.95067763
73.67613231320912,236.25,-7.573538,1.8822043
73.67613231320912,238.125,-7.6564674,1.8567278
73.67613231320912,240.0,-7.7250414,1.7783496
73.67613231320912,241.875,-7.789553,1.7080919
73.67613231320912,243.75,-0.737327,0.87295973
73.67613231320912,245.625,-0.893577,0.85132587
73.67613231320912,247.5,-0.8975418,0.8518519
73.67613231320912,249.375,-0.9360379,0.84051543
73.67613231320912,251.25,-0.9375223,0.80493295
73.67613231320912,253.125,-1.0520926,0.7597306
73.67613231320912,255.0,-0.9683035,0.76116025
73.67613231320912,256.875,-1.0031668,0.83244693
73.67613231320912,258.75,-1.017366,0.95135653
73.67613231320912,260.625,-7.5729713,1.6016628
73.67613231320912,262.5,-0.9816824,0.89048296
73.67613231320912,264.375,-0.69371367,0.8781845
73.67613231320912,266.25,-7.7533617,1.7116959
73.67613231320912,268.125,-0.9120731,0.92338026
73.67613231320912,270.0,-0.43181914,0.84872174
73.67613231320912,271.875,-0.8253348,0.93186647
73.67613231320912,273.75,-9.335061,2.0616512
73.67613231320912,275.625,-1.2069168,0.9200776
73.67613231320912,277.5,-10.39137,2.090633
73.67613231320912,279.375,-1.2440848,0.9042887
73.67613231320912,281.25,-0.5026785,0.87660354
73.67613231320912,283.125,0.07273163,0.75889826
73.67613231320912,285.0,0.35236055,0.62767756
73.67613231320912,286.875,0.56823945,0.50155616
73.67613231320912,288.75,1.1116378,0.47246677
73.67613231320912,290.625,1.4960324,0.5105192
73.67613231320912,292.5,1.6696457,0.5319498
73.67613231320912,294.375,1.7568136,0.48599216
73.67613231320912,296.25,1.7975949,0.5029292
73.67613231320912,298.125,1.7487277,0.5174682
73.67613231320912,300.0,1.7086692,0.57984364
73.67613231320912,301.875,1.5891184,0.81462455
73.67613231320912,303.75,-13.994084,3.0261095
73.67613231320912,305.625,-15.820432,3.0279715
73.67613231320912,307.5,-17.76014,2.9899764
73.67613231320912,309.375,-19.640764,2.9688659
73.67613231320912,311.25,-21.552053,3.008607
73.67613231320912,313.125,-23.538887,3.0686426
73.67613231320912,315.0,-25.595684,3.1681917
73.67613231320912,316.875,-27.574453,3.235866
73.67613231320912,318.75,-29.3475,3.2235708
73.67613231320912,320.625,-30.703163,3.0477135
73.67613231320912,322.5,-31.36916,2.6864843
73.67613231320912,324.375,-30.94535,2.3940797
73.67613231320912,326.25,-29.550703,2.2213864
73.67613231320912,328.125,-27.37959,2.0787084
73.67613231320912,330.0,-24.697948,1.969695
73.67613231320912,331.875,-21.669765,1.8877741
73.67613231320912,333.75,-18.57252,1.8617047
73.67613231320912,335.625,-15.503146,1.9000412
73.67613231320912,337.5,-12.725569,1.9952718
73.67613231320912,339.375,0.48025116,0.575034
73.67613231320912,341.25,1.0224191,0.6683535
73.67613231320912,343.125,2.5647628,1.1266484
73.67613231320912,345.0,4.8886104,1.0842738
73.67613231320912,346.875,6.0803294,0.95947254
73.67613231320912,348.75,6.5840406,0.8385047
73.67613231320912,350.625,6.859939,0.80068874
73.67613231320912,352.5,7.2165403,0.7797658
73.67613231320912,354.375,7.445955,0.83162814
73.67613231320912,356.25,7.5189037,0.93778336
73.67613231320912,358.125,7.6906614,0.9438633
75.54106145287895,0.0,7.147849,1.2101598
75.54106145287895,1.875,7.9367943,1.1026746
75.54106145287895,3.75,8.683904,0.6942532
75.54106145287895,5.625,9.102342,0.47136575
75.54106145287895,7.5,9.282596,0.41776565
75.54106145287895,9.375,9.364978,0.42592224
75.54106145287895,11.25,9.415252,0.412346
75.54106145287895,13.125,9.4044895,0.39008698
75.54106145287895,15.0,9.25156,0.35778293
75.54106145287895,16.875,8.852322,0.36250046
75.54106145287895,18.75,8.052029,0.5148938
75.54106145287895,20.625,7.2450953,0.648935
75.54106145287895,22.5,6.950271,0.7526943
75.54106145287895,24.375,6.7491384,0.72714466
75.54106145287895,26.25,7.312771,0.586634
75.54106145287895,28.125,8.210623,0.43108806
75.54106145287895,30.0,8.679392,0.35332063
75.54106145287895,31.875,8.588884,0.38013488
75.54106145287895,33.75,8.281521,0.41793093
75.54106145287895,35.625,7.863181,0.45278668
75.54106145287895,37.5,7.653044,0.42042255
75.54106145287895,39.375,7.709802,0.36081797
75.54106145287895,41.25,7.883005,0.3288819
75.54106145287895,43.125,7.83822,0.35680234
75.54106145287895,45.0,7.5649,0.41682535
75.54106145287895,46.875,7.320056,0.43187165
75.54106145287895,48.75,7.040271,0.4608954
75.54106145287895,50.625,6.5821266,0.49896073
75.54106145287895,52.5,5.895935,0.55137855
75.54106145287895,54.375,5.34783,0.59190017
75.54106145287895,56.25,5.0009737,0.6143677
75.54106145287895,58.125,-4.613694,1.9760073
75.54106145287895,60.0,-4.6502957,1.8974124
75.54106145287895,61.875,-4.373245,1.716152
75.54106145287895,63.75,3.6522434,0.57608914
75.54106145287895,65.625,2.9472628,0.655115
75.54106145287895,67.5,2.911599,0.65969783
75.54106145287895,69.375,2.8927903,0.67070466
75.54106145287895,71.25,2.8962083,0.7129476
75.54106145287895,73.125,2.7421458,0.7556958
75.54106145287895,75.0,2.5595675,0.8200836
75.54106145287895,76.875,2.328552,0.88612723
75.54106145287895,78.75,2.0039034,0.9543253
75.54106145287895,80.625,1.7298605,1.0057995
75.54106145287895,82.5,1.5582004,0.99459726
75.54106145287895,84.375,1.4966378,0.98114455
75.54106145287895,86.25,1.373552,1.0104246
75.54106145287895,88.125,-7.5533814,2.6787393
75.54106145287895,90.0,-7.954924,2.6240919
75.54106145287895,91.875,-8.395491,2.6007483
75.54106145287895,93.75,-8.823987,2.5636866
75.54106145287895,95.625,-9.227776,2.5353997
75.54106145287895,97.5,-9.618713,2.509292
75.54106145287895,99.375,-9.963382,2.4597692
75.54106145287895,101.25,-10.228088,2.402008
75.54106145287895,103.125,-10.4125805,2.3712964
75.54106145287895,105.0,-10.529222,2.3538442
75.54106145287895,106.875,-10.59426,2.354977
75.54106145287895,108.75,-10.559729,2.3595653
75.54106145287895,110.625,-10.447424,2.3417296
75.54106145287895,112.5,-10.109475,2.3176358
75.54106145287895,114.375,-0.13572541,0.9806302
75.54106145287895,116.25,-0.2713504,1.0022157
75.54106145287895,118.125,-0.6895535,1.1031637
75.54106145287895,120.0,-0.5653348,1.03878
75.54106145287895,121.875,-0.44474885,1.0080516
75.54106145287895,123.75,-0.4424051,0.99253356
75.54106145287895,125.625,-0.4458621,1.010261
75.54106145287895,127.5,-0.49136993,1.0400152
75.54106145287895,129.375,-0.44627228,1.0387166
75.54106145287895,131.25,-0.34670198,1.0538524
75.54106145287895,133.125,-0.26404572,1.0787234
75.54106145287895,135.0,-0.21558869,1.0952958
75.54106145287895,136.875,-8.680334,2.002378
75.54106145287895,138.75,-8.849495,2.0008585
75.54106145287895,140.625,-8.695843,1.9377387
75.54106145287895,142.5,-8.583538,1.9131273
75.54106145287895,144.375,-8.500276,1.8835281
75.54106145287895,146.25,-0.8081668,1.1761582
75.54106145287895,148.125,-0.8115652,1.166149
75.54106145287895,150.0,-0.7689481,1.1702737
75.54106145287895,151.875,-0.6790262,1.1592097
75.54106145287895,153.75,-0.66974884,1.1604403
75.54106145287895,155.625,-0.7976981,1.1252139
75.54106145287895,157.5,-0.8339481,1.1025835
75.54106145287895,159.375,-0.8645535,1.0535153
75.54106145287895,161.25,-0.8683426,0.97505283
75.54106145287895,163.125,-0.87426054,0.9030838
75.54106145287895,165.0,-0.89594024,0.8071022
75.54106145287895,166.875,-0.8750418,0.7569259
75.54106145287895,168.75,-0.7593582,0.6928689
75.54106145287895,170.625,-0.71023715,0.668306
75.54106145287895,172.5,-0.63992465,0.6479281
75.54106145287895,174.375,-0.588284,0.6490046
75.54106145287895,176.25,-0.5541824,0.6561382
75.54106145287895,178.125,-0.5199637,0.66033256
75.54106145287895,180.0,-0.52082306,0.66305095
75.54106145287895,181.875,-0.48412383,0.67989546
75.54106145287895,183.75,-0.45394805,0.6935258
75.54106145287895,185.625,-0.41310823,0.7060126
75.54106145287895,187.5,-0.37588164,0.70784247
75.54106145287895,189.375,-0.34445587,0.7210257
75.54106145287895,191.25,-0.33037385,0.71685946
75.54106145287895,193.125,-0.33125275,0.70720494
75.54106145287895,195.0,-0.35523713,0.6919708
75.54106145287895,196.875,-0.37525666,0.68557924
75.54106145287895,198.75,-0.4124637,0.6683801
75.54106145287895,200.625,-0.49599883,0.6513109
75.54106145287895,202.5,-0.6010965,0.62650424
75.54106145287895,204.375,-0.723284,0.61175
75.54106145287895,206.25,-0.8437332,0.6264216
75.54106145287895,208.125,-0.9497293,0.65057594
75.54106145287895,210.0,-1.0575223,0.66967994
75.54106145287895,211.875,-1.1410769,0.6752153
75.54106145287895,213.75,-1.2192997,0.6843257
75.54106145287895,215.625,-1.2515262,0.6806311
75.54106145287895,217.5,-1.2904716,0.66737694
75.54106145287895,219.375,-1.3097293,0.65713125
75.54106145287895,221.25,-1.3370535,0.6468224
75.54106145287895,223.125,-1.3585964,0.62808216
75.54106145287895,225.0,-1.3831083,0.59283715
75.54106145287895,226.875,-1.3729715,0.57374805
75.54106145287895,228.75,-1.2981082,0.6303817
75.54106145287895,230.625,-1.1430691,0.73116696
75.54106145287895,232.5,-0.94312775,0.8066013
75.54106145287895,234.375,-0.7659207,0.8368952
75.54106145287895,236.25,-0.68912387,0.8414745
75.54106145287895,238.125,-0.70900667,0.84133345
75.54106145287895,240.0,-0.8522098,0.84151936
75.54106145287895,241.875,-1.1153152,0.8230133
75.54106145287895,243.75,-1.3202372,0.8278441
75.54106145287895,245.625,-8.081116,1.5435263
75.54106145287895,247.5,-7.946819,1.5166074
75.54106145287895,249.375,-1.7908231,0.8618178
75.54106145287895,251.25,-1.6143386,0.7680731
75.54106145287895,253.125,-1.4663309,0.7170673
75.54106145287895,255.0,-1.4651589,0.7435005
75.54106145287895,256.875,-1.5147488,0.75388753
75.54106145287895,258.75,-1.68012,0.7902317
75.54106145287895,260.625,-7.877249,1.6616288
75.54106145287895,262.5,-1.5125418,1.0847944
75.54106145287895,264.375,-8.65969,1.8955172
75.54106145287895,266.25,-1.6241238,1.0576048
75.54106145287895,268.125,-9.491428,1.9262418
75.54106145287895,270.0,-9.898929,1.9012235
75.54106145287895,271.875,-10.366604,1.9661325
75.54106145287895,273.75,-10.716467,1.9970378
75.54106145287895,275.625,-11.355901,2.0685642
75.54106145287895,277.5,-11.516721,2.1048653
75.54106145287895,279.375,-11.263597,2.169489
75.54106145287895,281.25,-0.31420195,1.2912405
75.54106145287895,283.125,0.43499726,1.3673668
75.54106145287895,285.0,1.2164621,0.8130027
75.54106145287895,286.875,1.0912472,0.53749645
75.54106145287895,288.75,1.4264035,0.5220439
75.54106145287895,290.625,1.7397238,0.515991
75.54106145287895,292.5,1.5482199,0.5177416
75.54106145287895,294.375,1.4752121,0.54830945
75.54106145287895,296.25,1.3196067,0.56312424
75.54106145287895,298.125,1.3377903,0.59859115
75.54106145287895,300.0,1.3702316,0.78598344
75.54106145287895,301.875,-14.508422,2.8356366
75.54106145287895,303.75,-16.267424,2.8048484
75.54106145287895,305.625,-18.23545,2.8143446
75.54106145287895,307.5,-20.248222,2.8523967
75.54106145287895,309.375,-22.232796,2.9188216
75.54106145287895,311.25,-24.108593,2.978234
75.54106145287895,313.125,-25.806171,3.0643861
75.54106145287895,315.0,-27.353945,3.1526072
75.54106145287895,316.875,-28.682442,3.171402
75.54106145287895,318.75,-29.836933,3.1327255
75.54106145287895,320.625,-30.67047,2.883436
75.54106145287895,322.5,-30.837402,2.5806112
75.54106145287895,324.375,-30.329844,2.3693912
75.54106145287895,326.25,-29.2142,2.2156293
75.54106145287895,328.125,-27.574375,2.0877497
75.54106145287895,330.0,-25.508808,1.9665228
75.54106145287895,331.875,-23.17875,1.8703877
75.54106145287895,333.75,-20.661348,1.819187
75.54106145287895,335.625,-18.104786,1.8143466
75.54106145287895,337.5,-15.585177,1.8462619
75.54106145287895,339.375,-13.173908,1.933081
75.54106145287895,341.25,-0.3615457,0.78538823
75.54106145287895,343.125,-0.10678009,0.7388129
75.54106145287895,345.0,0.8531418,0.8246752
75.54106145287895,346.875,1.9533371,1.0173757
75.54106145287895,348.75,3.7312276,1.2578484
75.54106145287895,350.625,5.076091,1.3547385
75.54106145287895,352.5,5.926013,1.2277166
75.54106145287895,354.375,6.422224,1.1170694
75.54106145287895,356.25,6.5169115,1.2617487
75.54106145287895,358.125,6.6549,1.3048297
77.4058880820788,0.0,6.3935523,1.730833
77.4058880820788,1.875,7.585349,1.2616062
77.4058880820788,3.75,8.229392,0.9094407
77.4058880820788,5.625,8.696658,0.59020627
77.4058880820788,7.5,8.844587,0.47244477
77.4058880820788,9.375,8.771521,0.45753527
77.4058880820788,11.25,8.591833,0.43860307
77.4058880820788,13.125,8.359627,0.38364947
77.4058880820788,15.0,-0.71017855,2.0941043
77.4058880820788,16.875,-3.9066043,1.7129848
77.4058880820788,18.75,-3.850745,1.7043726
77.4058880820788,20.625,-1.2070926,2.1232584
77.4058880820788,22.5,-3.4065847,1.5187612
77.4058880820788,24.375,3.7183762,0.77508664
77.4058880820788,26.25,3.9860716,0.84317154
77.4058880820788,28.125,4.847751,0.9520264
77.4058880820788,30.0,6.175193,0.86750513
77.4058880820788,31.875,6.6323805,0.7792506
77.4058880820788,33.75,6.237146,0.7700578
77.4058880820788,35.625,5.6457787,0.69558316
77.4058880820788,37.5,5.6002903,0.6555795
77.4058880820788,39.375,6.014099,0.62433445
77.4058880820788,41.25,6.6431227,0.57145965
77.4058880820788,43.125,7.1336303,0.44649103
77.4058880820788,45.0,7.2470875,0.36935422
77.4058880820788,46.875,7.161931,0.35625845
77.4058880820788,48.75,7.1066575,0.3723402
77.4058880820788,50.625,7.0522437,0.40230903
77.4058880820788,52.5,6.7512083,0.45527822
77.4058880820788,54.375,6.271755,0.51352644
77.4058880820788,56.25,5.7736497,0.61895084
77.4058880820788,58.125,5.33074,0.778997
77.4058880820788,60.0,4.930134,0.8102931
77.4058880820788,61.875,4.9436107,0.7849936
77.4058880820788,63.75,4.994587,0.75184196
77.4058880820788,65.625,4.934314,0.79213417
77.4058880820788,67.5,4.7818723,0.87085533
77.4058880820788,69.375,4.646345,0.86209387
77.4058880820788,71.25,4.2388644,0.85750157
77.4058880820788,73.125,3.766345,0.87866235
77.4058880820788,75.0,3.2606614,0.84350425
77.4058880820788,76.875,3.019216,0.8229804
77.4058880820788,78.75,2.8619113,0.84760064
77.4058880820788,80.625,2.7421262,0.8852362
77.4058880820788,82.5,2.6625168,0.89767754
77.4058880820788,84.375,2.4477901,0.8867828
77.4058880820788,86.25,2.216423,0.8829128
77.4058880820788,88.125,1.983884,0.88379174
77.4058880820788,90.0,1.7764816,0.8954172
77.4058880820788,91.875,1.5797238,0.90638393
77.4058880820788,93.75,1.5075754,0.8930435
77.4058880820788,95.625,1.449841,0.87180275
77.4058880820788,97.5,1.2667551,0.8418819
77.4058880820788,99.375,1.2296653,0.837235
77.4058880820788,101.25,-9.132463,2.2012067
77.4058880820788,103.125,-8.884553,2.124656
77.4058880820788,105.0,1.4224777,0.8508962
77.4058880820788,106.875,1.3907003,0.8629905
77.4058880820788,108.75,1.3249778,0.91718316
77.4058880820788,110.625,1.2262667,0.97190225
77.4058880820788,112.5,0.6639426,1.0714222
77.4058880820788,114.375,0.46829805,1.0465965
77.4058880820788,116.25,0.30161834,1.1012455
77.4058880820788,118.125,0.14165741,1.0805146
77.4058880820788,120.0,0.042243347,1.031319
77.4058880820788,121.875,-0.11279572,1.003851
77.4058880820788,123.75,-0.21742462,0.9887669
77.4058880820788,125.625,-0.35886994,0.97365034
77.4058880820788,127.5,-0.41656524,0.9749603
77.4058880820788,129.375,-0.6012137,1.0023049
77.4058880820788,131.25,-0.6397293,1.0195242
77.4058880820788,133.125,-0.8152957,1.0877968
77.4058880820788,135.0,-0.8466824,1.0926931
77.4058880820788,136.875,-0.9795535,1.0942947
77.4058880820788,138.75,-1.018284,1.0945914
77.4058880820788,140.625,-1.0990847,1.1098347
77.4058880820788,142.5,-1.107659,1.0807449
77.4058880820788,144.375,-1.1240653,1.067328
77.4058880820788,146.25,-1.1165261,1.0474432
77.4058880820788,148.125,-1.1214871,1.0377091
77.4058880820788,150.0,-1.1314676,1.0157019
77.4058880820788,151.875,-1.147698,1.0033675
77.4058880820788,153.75,-1.1771903,0.9764054
77.4058880820788,155.625,-1.2135379,0.96122056
77.4058880820788,157.5,-1.240413,0.92861426
77.4058880820788,159.375,-1.2455887,0.8918845
77.4058880820788,161.25,-1.2124637,0.84956753
77.4058880820788,163.125,-1.1819754,0.8083471
77.4058880820788,165.0,-1.1292801,0.77837706
77.4058880820788,166.875,-1.1060184,0.7394878
77.4058880820788,168.75,-1.0769168,0.7145422
77.4058880820788,170.625,-1.0449833,0.6784881
77.4058880820788,172.5,-1.0404129,0.6669704
77.4058880820788,174.375,-1.0280691,0.65096736
77.4058880820788,176.25,-1.0358621,0.63791555
77.4058880820788,178.125,-1.0548855,0.61761373
77.4058880820788,180.0,-1.0779519,0.6103445
77.4058880820788,181.875,-1.1026394,0.60316336
77.4058880820788,183.75,-1.101448,0.59471077
77.4058880820788,185.625,-1.1075027,0.589087
77.4058880820788,187.5,-1.1133035,0.5844782
77.4058880820788,189.375,-1.1347293,0.5840468
77.4058880820788,191.25,-1.1352566,0.5900359
77.4058880820788,193.125,-1.1575028,0.59380484
77.4058880820788,195.0,-1.1723856,0.6055535
77.4058880820788,196.875,-1.1761942,0.6198871
77.4058880820788,198.75,-1.1559793,0.6495669
77.4058880820788,200.625,-1.1415652,0.6774485
77.4058880820788,202.5,-1.0925027,0.70124286
77.4058880820788,204.375,-1.0822879,0.7147579
77.4058880820788,206.25,-1.0658622,0.7237914
77.4058880820788,208.125,-1.0875418,0.7253637
77.4058880820788,210.0,-1.1174442,0.72685206
77.4058880820788,211.875,-1.1625223,0.72874004
77.4058880820788,213.75,-1.2104324,0.7151031
77.4058880820788,215.625,-1.2729911,0.69880533
77.4058880820788,217.5,-1.3309011,0.67211986
77.4058880820788,219.375,-1.3851199,0.6516695
77.4058880820788,221.25,-1.4179715,0.64386535
77.4058880820788,223.125,-1.4466629,0.6564277
77.4058880820788,225.0,-1.4922098,0.6789641
77.4058880820788,226.875,-1.5726004,0.6832411
77.4058880820788,228.75,-1.6699442,0.6807364
77.4058880820788,230.625,-1.7441825,0.7032957
77.4058880820788,232.5,-1.7703934,0.74310416
77.4058880820788,234.375,-1.7521902,0.7730266
77.4058880820788,236.25,-1.7134597,0.7820457
77.4058880820788,238.125,-1.6946707,0.7820113
77.4058880820788,240.0,-1.7046121,0.76324296
77.4058880820788,241.875,-1.7219754,0.7305513
77.4058880820788,243.75,-1.709866,0.7209882
77.4058880820788,245.625,-1.6917801,0.69343334
77.4058880820788,247.5,-1.6320535,0.6566133
77.4058880820788,249.375,-1.5478348,0.6347599
77.4058880820788,251.25,-1.4489871,0.63013834
77.4058880820788,253.125,-1.3758817,0.6496007
77.4058880820788,255.0,-1.3446317,0.6896027
77.4058880820788,256.875,-1.3901199,0.74892366
77.4058880820788,258.75,-1.526663,0.8485648
77.4058880820788,260.625,-1.6478934,0.99023163
77.4058880820788,262.5,-1.7906473,1.0862176
77.4058880820788,264.375,-9.739006,1.8940635
77.4058880820788,266.25,-2.7661355,1.5210202
77.4058880820788,268.125,-3.141194,1.5395908
77.4058880820788,270.0,-3.7912529,1.5320787
77.4058880820788,271.875,-11.740295,1.9032521
77.4058880820788,273.75,-12.06424,1.8837411
77.4058880820788,275.625,-12.290158,1.9194753
77.4058880820788,277.5,-12.435354,1.9385049
77.4058880820788,279.375,-12.340139,2.105545
77.4058880820788,281.25,-12.131916,2.2107546
77.4058880820788,283.125,-2.8765848,2.7635415
77.4058880820788,285.0,-1.8970535,2.6024077
77.4058880820788,286.875,-0.06678009,1.931166
77.4058880820788,288.75,-12.7143,2.7833023
77.4058880820788,290.625,-13.187874,2.8997636
77.4058880820788,292.5,-13.713382,2.9509983
77.4058880820788,294.375,-14.269611,2.9236002
77.4058880820788,296.25,-14.934963,2.8509438
77.4058880820788,298.125,-15.81383,2.785238
77.4058880820788,300.0,-16.962658,2.7564955
77.4058880820788,301.875,-18.371231,2.7642415
77.4058880820788,303.75,-19.818907,2.7736104
77.4058880820788,305.625,-21.370451,2.8185246
77.4058880820788,307.5,-22.926233,2.860164
77.4058880820788,309.375,-24.46748,2.902375
77.4058880820788,311.25,-25.901464,2.9433806
77.4058880820788,313.125,-27.198437,2.9495664
77.4058880820788,315.0,-28.302052,2.911764
77.4058880820788,316.875,-29.154863,2.786038
77.4058880820788,318.75,-29.616173,2.6319613
77.4058880820788,320.625,-29.634706,2.4410691
77.4058880820788,322.5,-29.272305,2.2689106
77.4058880820788,324.375,-28.567696,2.1636157
77.4058880820788,326.25,-27.489317,2.065253
77.4058880820788,328.125,-26.121973,1.9651675
77.4058880820788,330.0,-24.48502,1.8600656
77.4058880820788,331.875,-22.657167,1.7559977
77.4058880820788,333.75,-20.66791,1.6855985
77.4058880820788,335.625,-18.57748,1.6545856
77.4058880820788,337.5,-16.491426,1.6737281
77.4058880820788,339.375,-14.4179325,1.7411919
77.4058880820788,341.25,-3.0923855,1.2040535
77.4058880820788,343.125,-1.3281668,1.0560305
77.4058880820788,345.0,-0.099534,0.8190269
77.4058880820788,346.875,0.7783566,0.99826497
77.4058880820788,348.75,1.6640402,1.1578574
77.4058880820788,350.625,2.2546847,1.3834009
77.4058880820788,352.5,2.702419,1.7184587
77.4058880820788,354.375,3.2611887,1.9867277
77.4058880820788,356.25,3.9324973,2.1432607
77.4058880820788,358.125,4.9678683,2.0897377
79.27055903485967,0.0,4.9451923,2.096722
79.27055903485967,1.875,6.70365,1.6766616
79.27055903485967,3.75,7.6649585,1.1651146
79.27055903485967,5.625,8.028142,0.918886
79.27055903485967,7.5,8.126931,0.7136458
79.27055903485967,9.375,8.055037,0.5217912
79.27055903485967,11.25,-4.784905,1.8057055
79.27055903485967,13.125,-5.0701003,1.887954
79.27055903485967,15.0,-5.1034403,1.8900563
79.27055903485967,16.875,-5.00346,1.8570085
79.27055903485967,18.75,-4.814358,1.7968144
79.27055903485967,20.625,-4.5808425,1.7086574
79.27055903485967,22.5,-4.2939677,1.6089057
79.27055903485967,24.375,-3.869495,1.4649866
79.27055903485967,26.25,2.6246653,0.9500722
79.27055903485967,28.125,2.7198997,1.0513507
79.27055903485967,30.0,2.790017,1.045713
79.27055903485967,31.875,2.954509,1.0311042
79.27055903485967,33.75,2.9747238,1.0156188
79.27055903485967,35.625,2.986423,1.0133767
79.27055903485967,37.5,3.092673,0.97166276
79.27055903485967,39.375,3.636755,0.91557527
79.27055903485967,41.25,4.4421263,0.84777516
79.27055903485967,43.125,5.2374587,0.785331
79.27055903485967,45.0,5.56365,0.6804689
79.27055903485967,46.875,5.448767,0.6324357
79.27055903485967,48.75,5.145486,0.6479881
79.27055903485967,50.625,4.836423,0.70417374
79.27055903485967,52.5,4.7452316,0.8174308
79.27055903485967,54.375,4.333005,1.018844
79.27055903485967,56.25,3.5255637,1.1759838
79.27055903485967,58.125,2.7757003,1.2007374
79.27055903485967,60.0,2.4677317,1.1799138
79.27055903485967,61.875,2.5654075,1.2042562
79.27055903485967,63.75,2.8419309,1.2433867
79.27055903485967,65.625,3.2169309,1.2061288
79.27055903485967,67.5,3.584431,1.1384057
79.27055903485967,69.375,3.8476925,1.0537575
79.27055903485967,71.25,4.026755,0.90827096
79.27055903485967,73.125,4.058943,0.82353467
79.27055903485967,75.0,4.003884,0.77576345
79.27055903485967,76.875,3.8258567,0.7390045
79.27055903485967,78.75,3.608923,0.72891986
79.27055903485967,80.625,3.3846653,0.7337161
79.27055903485967,82.5,3.040466,0.73240966
79.27055903485967,84.375,2.9020677,0.7307187
79.27055903485967,86.25,2.8550754,0.7398898
79.27055903485967,88.125,2.7770677,0.77043957
79.27055903485967,90.0,2.6397238,0.78829706
79.27055903485967,91.875,2.4206223,0.8066502
79.27055903485967,93.75,-6.899807,1.946452
79.27055903485967,95.625,-7.183811,1.9166734
79.27055903485967,97.5,-7.29426,1.8824539
79.27055903485967,99.375,-7.3842797,1.8590426
79.27055903485967,101.25,-7.3912525,1.8250072
79.27055903485967,103.125,-7.1129127,1.7768289
79.27055903485967,105.0,0.3328293,1.0590907
79.27055903485967,106.875,0.24382538,0.933403
79.27055903485967,108.75,0.10355194,0.8760262
79.27055903485967,110.625,0.048786316,0.87386477
79.27055903485967,112.5,-0.045940246,0.8200276
79.27055903485967,114.375,-0.13013947,0.82090604
79.27055903485967,116.25,-0.14588165,0.8096242
79.27055903485967,118.125,-0.20832306,0.806367
79.27055903485967,120.0,-0.21533477,0.8168488
79.27055903485967,121.875,-0.28588164,0.8177425
79.27055903485967,123.75,-0.313284,0.8263974
79.27055903485967,125.625,-0.39207307,0.84228414
79.27055903485967,127.5,-0.44355744,0.85190946
79.27055903485967,129.375,-0.55707306,0.87120193
79.27055903485967,131.25,-0.6222098,0.88185334
79.27055903485967,133.125,-0.7557059,0.9104914
79.27055903485967,135.0,-0.82142854,0.9181084
79.27055903485967,136.875,-0.94818634,0.9481031
79.27055903485967,138.75,-1.0006278,0.95183104
79.27055903485967,140.625,-1.111409,0.97685015
79.27055903485967,142.5,-1.1500809,0.9679216
79.27055903485967,144.375,-1.2568191,0.9772262
79.27055903485967,146.25,-1.2793777,0.9623746
79.27055903485967,148.125,-1.3775222,0.94464827
79.27055903485967,150.0,-1.3906473,0.9316019
79.27055903485967,151.875,-1.4769754,0.91415554
79.27055903485967,153.75,-1.4859012,0.8974507
79.27055903485967,155.625,-1.528323,0.8674336
79.27055903485967,157.5,-1.5300223,0.8550574
79.27055903485967,159.375,-1.5384402,0.8291499
79.27055903485967,161.25,-1.5405692,0.8204306
79.27055903485967,163.125,-1.5357254,0.80204177
79.27055903485967,165.0,-1.5464481,0.79094
79.27055903485967,166.875,-1.55428,0.7872397
79.27055903485967,168.75,-1.5828347,0.7880742
79.27055903485967,170.625,-1.6021316,0.7895293
79.27055903485967,172.5,-1.6268387,0.7840225
79.27055903485967,174.375,-1.6474637,0.77297276
79.27055903485967,176.25,-1.6813504,0.7620361
79.27055903485967,178.125,-1.7125809,0.7636384
79.27055903485967,180.0,-1.7296317,0.75874096
79.27055903485967,181.875,-1.7390457,0.7550425
79.27055903485967,183.75,-1.7672293,0.75111735
79.27055903485967,185.625,-1.8000222,0.75198907
79.27055903485967,187.5,-1.8286551,0.7535447
79.27055903485967,189.375,-1.852952,0.74945456
79.27055903485967,191.25,-1.90262,0.75503784
79.27055903485967,193.125,-1.9414285,0.7625569
79.27055903485967,195.0,-1.9655691,0.75687283
79.27055903485967,196.875,-1.9847293,0.7602574
79.27055903485967,198.75,-2.0054128,0.7648904
79.27055903485967,200.625,-1.9845145,0.759848
79.27055903485967,202.5,-1.9694558,0.7562638
79.27055903485967,204.375,-1.9295926,0.73978734
79.27055903485967,206.25,-1.8851199,0.724144
79.27055903485967,208.125,-1.8385769,0.70683277
79.27055903485967,210.0,-1.7980887,0.68872607
79.27055903485967,211.875,-1.7679129,0.6738159
79.27055903485967,213.75,-1.7501395,0.66288424
79.27055903485967,215.625,-1.7485965,0.65555185
79.27055903485967,217.5,-1.7514871,0.6531029
79.27055903485967,219.375,-1.7692605,0.6663941
79.27055903485967,221.25,-1.7975613,0.6894927
79.27055903485967,223.125,-1.8216043,0.72352654
79.27055903485967,225.0,-1.8755887,0.7631011
79.27055903485967,226.875,-1.9377371,0.798708
79.27055903485967,228.75,-2.0030887,0.81684893
79.27055903485967,230.625,-2.0701003,0.81541914
79.27055903485967,232.5,-2.1250808,0.8073249
79.27055903485967,234.375,-2.141331,0.7948342
79.27055903485967,236.25,-2.117737,0.7776137
79.27055903485967,238.125,-2.0703542,0.76104367
79.27055903485967,240.0,-2.0096512,0.73599225
79.27055903485967,241.875,-1.9348661,0.71335995
79.27055903485967,243.75,-1.8641043,0.70068085
79.27055903485967,245.625,-1.8025613,0.6971834
79.27055903485967,247.5,-1.7414676,0.6937075
79.27055903485967,249.375,-1.6891043,0.6966038
79.27055903485967,251.25,-1.6491629,0.70855194
79.27055903485967,253.125,-1.6040066,0.72923565
79.27055903485967,255.0,-1.5803933,0.7785219
79.27055903485967,256.875,-1.637952,0.84996206
79.27055903485967,258.75,-1.7339675,1.0151439
79.27055903485967,260.625,-1.8097098,1.1405063
79.27055903485967,262.5,-2.1942997,1.3120224
79.27055903485967,264.375,-2.8528152,1.5162917
79.27055903485967,266.25,-11.590725,1.8984241
79.27055903485967,268.125,-11.983479,1.8296196
79.27055903485967,270.0,-12.294768,1.7987541
79.27055903485967,271.875,-13.064221,1.8139164
79.27055903485967,273.75,-13.292268,1.8085662
79.27055903485967,275.625,-13.533069,1.8381649
79.27055903485967,277.5,-13.685705,1.8662742
79.27055903485967,279.375,-13.33969,1.9146692
79.27055903485967,281.25,-13.466233,2.0115302
79.27055903485967,283.125,-13.5918,2.127153
79.27055903485967,285.0,-13.507717,2.196723
79.27055903485967,286.875,-7.1881666,3.1604645
79.27055903485967,288.75,-7.0576,2.9055357
79.27055903485967,290.625,-8.637932,2.8941624
79.27055903485967,292.5,-17.518303,2.8405435
79.27055903485967,294.375,-17.281096,2.8693566
79.27055903485967,296.25,-17.968088,2.8757207
79.27055903485967,298.125,-18.68424,2.889088
79.27055903485967,300.0,-19.442404,2.8682761
79.27055903485967,301.875,-20.215294,2.849283
79.27055903485967,303.75,-21.018282,2.8176613
79.27055903485967,305.625,-21.865452,2.8065867
79.27055903485967,307.5,-22.709984,2.7709582
79.27055903485967,309.375,-23.545723,2.7378523
79.27055903485967,311.25,-24.28127,2.6911068
79.27055903485967,313.125,-24.91209,2.6035643
79.27055903485967,315.0,-25.415644,2.50406
79.27055903485967,316.875,-25.747208,2.4342434
79.27055903485967,318.75,-25.903418,2.3131974
79.27055903485967,320.625,-25.81666,2.2212343
79.27055903485967,322.5,-25.51289,2.1501224
79.27055903485967,324.375,-24.998535,2.0570176
79.27055903485967,326.25,-24.257149,1.9733813
79.27055903485967,328.125,-23.309649,1.8896765
79.27055903485967,330.0,-22.160528,1.8306963
79.27055903485967,331.875,-20.833769,1.7757498
79.27055903485967,333.75,-19.403692,1.758491
79.27055903485967,335.625,-17.876562,1.749966
79.27055903485967,337.5,-16.299026,1.7756057
79.27055903485967,339.375,-14.673186,1.8056492
79.27055903485967,341.25,-2.654163,1.2947818
79.27055903485967,343.125,-1.1293192,0.92915636
79.27055903485967,345.0,-0.6084207,0.75467086
79.27055903485967,346.875,-0.10301056,0.7083838
79.27055903485967,348.75,0.36866912,0.8435329
79.27055903485967,350.625,0.72738004,1.0766958
79.27055903485967,352.5,0.93575895,1.3942095
79.27055903485967,354.375,1.1624582,1.7467852
79.27055903485967,356.25,1.7131809,1.9768046
79.27055903485967,358.125,2.9862278,2.100116
81.13497683767741,0.0,0.87685275,1.2124107
81.13497683767741,1.875,1.8900949,1.499085
81.13497683767741,3.75,2.8303878,1.5497311
81.13497683767741,5.625,3.379138,1.4854226
81.13497683767741,7.5,3.6504464,1.4200567
81.13497683767741,9.375,3.7589426,1.3660828
81.13497683767741,11.25,3.6953878,1.3150133
81.13497683767741,13.125,3.6400168,1.2732962
81.13497683767741,15.0,3.7587862,1.2724364
81.13497683767741,16.875,3.8750753,1.282567
81.13497683767741,18.75,3.8436887,1.3613008
81.13497683767741,20.625,3.6372824,1.4623568
81.13497683767741,22.5,2.7368722,1.5062864
81.13497683767741,24.375,2.493806,1.416831
81.13497683767741,26.25,2.2939425,1.4196422
81.13497683767741,28.125,2.1045089,1.4325662
81.13497683767741,30.0,1.8694309,1.324795
81.13497683767741,31.875,1.6710715,1.2103835
81.13497683767741,33.75,1.5013449,1.1249859
81.13497683767741,35.625,1.3772824,1.0407223
81.13497683767741,37.5,1.3990598,1.04329
81.13497683767741,39.375,1.470798,1.067799
81.13497683767741,41.25,1.6619114,1.0927228
81.13497683767741,43.125,1.7427316,1.070101
81.13497683767741,45.0,1.6925559,1.0072709
81.13497683767741,46.875,1.5660324,0.9536096
81.13497683767741,48.75,1.3875363,0.92758834
81.13497683767741,50.625,1.2304856,0.9421558
81.13497683767741,52.5,1.0636301,0.931082
81.13497683767741,54.375,0.68767303,0.8830031
81.13497683767741,56.25,-4.7453346,1.655687
81.13497683767741,58.125,-4.6416044,1.5441439
81.13497683767741,60.0,0.36173552,0.86336946
81.13497683767741,61.875,0.19970429,0.88996345
81.13497683767741,63.75,0.4296457,0.96681577
81.13497683767741,65.625,0.60232145,1.0573142
81.13497683767741,67.5,0.78405976,1.1580825
81.13497683767741,69.375,1.2175949,1.2172363
81.13497683767741,71.25,1.6596457,1.2554628
81.13497683767741,73.125,2.0564034,1.263897
81.13497683767741,75.0,2.263845,1.2247062
81.13497683767741,76.875,2.2768526,1.1730436
81.13497683767741,78.75,2.178337,1.1364375
81.13497683767741,80.625,2.026716,1.0408854
81.13497683767741,82.5,2.0080247,0.93450105
81.13497683767741,84.375,2.1429465,0.8643511
81.13497683767741,86.25,2.2744112,0.83732086
81.13497683767741,88.125,2.344802,0.81272596
81.13497683767741,90.0,2.3768528,0.81006765
81.13497683767741,91.875,2.3153489,0.81154627
81.13497683767741,93.75,1.9994309,0.89684266
81.13497683767741,95.625,1.7148215,1.0265305
81.13497683767741,97.5,1.4844503,1.0354259
81.13497683767741,99.375,1.116716,1.0754873
81.13497683767741,101.25,0.7912668,1.0733879
81.13497683767741,103.125,0.42784882,1.0078565
81.13497683767741,105.0,0.07905975,0.97148544
81.13497683767741,106.875,-0.23793243,0.9562578
81.13497683767741,108.75,-0.39267853,0.9173493
81.13497683767741,110.625,-0.56531525,0.87452376
81.13497683767741,112.5,-0.66092074,0.8332554
81.13497683767741,114.375,-0.76285434,0.80442256
81.13497683767741,116.25,-0.8053543,0.79447097
81.13497683767741,118.125,-0.8799246,0.7970826
81.13497683767741,120.0,-0.8925613,0.82148015
81.13497683767741,121.875,-0.9147684,0.8183884
81.13497683767741,123.75,-0.9267996,0.84705496
81.13497683767741,125.625,-0.91795194,0.8511211
81.13497683767741,127.5,-0.9368387,0.8754364
81.13497683767741,129.375,-0.9264676,0.8785616
81.13497683767741,131.25,-0.96793246,0.90669024
81.13497683767741,133.125,-0.9764676,0.92394954
81.13497683767741,135.0,-1.0144168,0.9247934
81.13497683767741,136.875,-1.0464286,0.93799555
81.13497683767741,138.75,-1.0789676,0.9353367
81.13497683767741,140.625,-1.1531082,0.9304694
81.13497683767741,142.5,-1.1660575,0.9365149
81.13497683767741,144.375,-1.3077371,0.93104756
81.13497683767741,146.25,-1.3188895,0.93099135
81.13497683767741,148.125,-1.4515457,0.91129625
81.13497683767741,150.0,-1.5097879,0.9112393
81.13497683767741,151.875,-1.597034,0.90163934
81.13497683767741,153.75,-1.722034,0.89678824
81.13497683767741,155.625,-1.764534,0.888996
81.13497683767741,157.5,-1.878909,0.8925996
81.13497683767741,159.375,-1.9200418,0.88558954
81.13497683767741,161.25,-1.9800613,0.86850023
81.13497683767741,163.125,-2.0106668,0.85882586
81.13497683767741,165.0,-2.0333035,0.8491251
81.13497683767741,166.875,-2.0517411,0.846593
81.13497683767741,168.75,-2.0634403,0.8334377
81.13497683767741,170.625,-2.073284,0.826342
81.13497683767741,172.5,-2.0887918,0.81803733
81.13497683767741,174.375,-2.098538,0.8116408
81.13497683767741,176.25,-2.1115847,0.808982
81.13497683767741,178.125,-2.1275613,0.79844314
81.13497683767741,180.0,-2.1475027,0.79631275
81.13497683767741,181.875,-2.179534,0.78908765
81.13497683767741,183.75,-2.203831,0.7847898
81.13497683767741,185.625,-2.2290068,0.7851853
81.13497683767741,187.5,-2.2613308,0.78118885
81.13497683767741,189.375,-2.291116,0.78201175
81.13497683767741,191.25,-2.323284,0.7850428
81.13497683767741,193.125,-2.351077,0.78817034
81.13497683767741,195.0,-2.3694363,0.7926989
81.13497683767741,196.875,-2.3835769,0.79550624
81.13497683767741,198.75,-2.385862,0.7928311
81.13497683767741,200.625,-2.385159,0.7941585
81.13497683767741,202.5,-2.386116,0.80179286
81.13497683767741,204.375,-2.3781862,0.80285215
81.13497683767741,206.25,-2.3743973,0.7981839
81.13497683767741,208.125,-2.3728933,0.8018398
81.13497683767741,210.0,-2.3653152,0.7992977
81.13497683767741,211.875,-2.383948,0.8015274
81.13497683767741,213.75,-2.3947098,0.8097627
81.13497683767741,215.625,-2.4293582,0.82189786
81.13497683767741,217.5,-2.4707644,0.8300926
81.13497683767741,219.375,-2.5104325,0.84277076
81.13497683767741,221.25,-2.5369558,0.84844476
81.13497683767741,223.125,-2.5853348,0.8731849
81.13497683767741,225.0,-2.5868583,0.878865
81.13497683767741,226.875,-2.5956278,0.8844592
81.13497683767741,228.75,-2.5836942,0.88647586
81.13497683767741,230.625,-2.5584989,0.8841701
81.13497683767741,232.5,-2.5057058,0.8647998
81.13497683767741,234.375,-2.4384987,0.8461145
81.13497683767741,236.25,-2.3572097,0.8175846
81.13497683767741,238.125,-2.2637331,0.7953975
81.13497683767741,240.0,-2.1752763,0.7624389
81.13497683767741,241.875,-2.1052957,0.73781586
81.13497683767741,243.75,-2.0493777,0.71462595
81.13497683767741,245.625,-2.0266433,0.7091715
81.13497683767741,247.5,-2.0273466,0.71976477
81.13497683767741,249.375,-2.053069,0.7530461
81.13497683767741,251.25,-2.089241,0.80142635
81.13497683767741,253.125,-2.1552763,0.87608933
81.13497683767741,255.0,-2.1927176,0.93490493
81.13497683767741,256.875,-2.2353544,0.9987806
81.13497683767741,258.75,-2.315374,1.0958524
81.13497683767741,260.625,-2.3890457,1.2104177
81.13497683767741,262.5,-2.5050418,1.3390222
81.13497683767741,264.375,-2.7939482,1.5411514
81.13497683767741,266.25,-11.22055,1.6337084
81.13497683767741,268.125,-4.0839286,1.57463
81.13497683767741,270.0,-13.16762,1.7880716
81.13497683767741,271.875,-12.690002,1.6463329
81.13497683767741,273.75,-12.907073,1.6399326
81.13497683767741,275.625,-13.089104,1.6505877
81.13497683767741,277.5,-13.266311,1.6932399
81.13497683767741,279.375,-13.453089,1.7387788
81.13497683767741,281.25,-13.65053,1.7567166
81.13497683767741,283.125,-13.83969,1.8081884
81.13497683767741,285.0,-14.08092,1.872697
81.13497683767741,286.875,-14.354768,1.9623668
81.13497683767741,288.75,-14.681623,2.0464919
81.13497683767741,290.625,-15.1393385,2.1519573
81.13497683767741,292.5,-15.766682,2.2472653
81.13497683767741,294.375,-16.359339,2.328808
81.13497683767741,296.25,-16.936916,2.4021308
81.13497683767741,298.125,-18.012482,2.5330453
81.13497683767741,300.0,-17.907269,2.4391887
81.13497683767741,301.875,-18.313225,2.4197745
81.13497683767741,303.75,-18.664925,2.406405
81.13497683767741,305.625,-19.006271,2.3853383
81.13497683767741,307.5,-19.309357,2.3472679
81.13497683767741,309.375,-19.606426,2.3105733
81.13497683767741,311.25,-19.873613,2.264953
81.13497683767741,313.125,-20.130333,2.2372966
81.13497683767741,315.0,-20.344727,2.2168486
81.13497683767741,316.875,-20.529453,2.1815379
81.13497683767741,318.75,-20.643827,2.1457126
81.13497683767741,320.625,-20.677284,2.0991695
81.13497683767741,322.5,-20.585762,2.0624547
81.13497683767741,324.375,-20.367773,2.0169249
81.13497683767741,326.25,-20.044472,2.0058029
81.13497683767741,328.125,-19.566269,2.005166
81.13497683767741,330.0,-18.98121,2.0055165
81.13497683767741,331.875,-18.273222,2.0306988
81.13497683767741,333.75,-17.403362,2.046969
81.13497683767741,335.625,-16.391838,2.0436916
81.13497683767741,337.5,-15.27258,2.0809634
81.13497683767741,339.375,-14.048323,2.0988407
81.13497683767741,341.25,-12.74258,2.0959675
81.13497683767741,343.125,-11.441877,2.0751379
81.13497683767741,345.0,-10.128225,2.0512083
81.13497683767741,346.875,-1.7327957,1.2319256
81.13497683767741,348.75,-1.3672098,1.0897149
81.13497683767741,350.625,-1.0981473,0.88382155
81.13497683767741,352.5,-0.9226004,0.70615447
81.13497683767741,354.375,-0.7440262,0.6172405
81.13497683767741,356.25,-0.4679129,0.6449003
81.13497683767741,358.125,0.05636444,0.83837974
82.99894164283755,0.0,0.14355195,0.8717888
82.99894164283755,1.875,0.3390988,0.8921856
82.99894164283755,3.75,0.54279023,0.9237991
82.99894164283755,5.625,0.71534884,0.94586855
82.99894164283755,7.5,0.82812226,0.9562751
82.99894164283755,9.375,0.8837082,0.9653922
82.99894164283755,11.25,0.9079074,0.9931372
82.99894164283755,13.125,0.8807199,1.0031385
82.99894164283755,15.0,0.82919645,1.0121313
82.99894164283755,16.875,0.74798554,1.0116861
82.99894164283755,18.75,0.63616914,0.9955459
82.99894164283755,20.625,0.5737082,0.99489266
82.99894164283755,22.5,0.4849582,0.98661387
82.99894164283755,24.375,0.42023164,0.9568171
82.99894164283755,26.25,0.37972382,0.9344536
82.99894164283755,28.125,0.2812277,0.83578867
82.99894164283755,30.0,0.25212616,0.81661946
82.99894164283755,31.875,0.18866913,0.7945743
82.99894164283755,33.75,0.16835663,0.79951006
82.99894164283755,35.625,0.14001678,0.8246472
82.99894164283755,37.5,0.13273163,0.83625156
82.99894164283755,39.375,0.10849335,0.84170204
82.99894164283755,41.25,0.07323944,0.838379
82.99894164283755,43.125,0.010290222,0.8228024
82.99894164283755,45.0,-0.077912904,0.7955354
82.99894164283755,46.875,-0.16627228,0.7744695
82.99894164283755,48.75,-0.25857696,0.7479821
82.99894164283755,50.625,-0.32357696,0.7281734
82.99894164283755,52.5,-0.40062773,0.70927536
82.99894164283755,54.375,-0.46254182,0.69202495
82.99894164283755,56.25,-0.51193637,0.6764997
82.99894164283755,58.125,-0.55670196,0.6681443
82.99894164283755,60.0,-0.587034,0.66490245
82.99894164283755,61.875,-0.62845975,0.67492115
82.99894164283755,63.75,-0.6544168,0.6875968
82.99894164283755,65.625,-0.65316683,0.6981708
82.99894164283755,67.5,-0.6458621,0.720405
82.99894164283755,69.375,-0.60511994,0.75126463
82.99894164283755,71.25,-0.5518387,0.777795
82.99894164283755,73.125,-0.50633085,0.8057017
82.99894164283755,75.0,-0.41574493,0.83870834
82.99894164283755,76.875,-0.31845978,0.8693929
82.99894164283755,78.75,-0.24244416,0.8808295
82.99894164283755,80.625,-0.13472931,0.9034064
82.99894164283755,82.5,-0.059963685,0.9348365
82.99894164283755,84.375,-0.02508087,0.96304595
82.99894164283755,86.25,-0.0082449345,0.97993153
82.99894164283755,88.125,-0.031096496,0.9850578
82.99894164283755,90.0,-0.13701446,1.0082777
82.99894164283755,91.875,-0.29736602,1.0029594
82.99894164283755,93.75,-0.4019754,0.9552336
82.99894164283755,95.625,-0.59539336,0.9323763
82.99894164283755,97.5,-0.70019805,0.9373941
82.99894164283755,99.375,-0.7795731,0.90294117
82.99894164283755,101.25,-0.91963166,0.87260264
82.99894164283755,103.125,-0.96529573,0.8645024
82.99894164283755,105.0,-1.0324441,0.8445429
82.99894164283755,106.875,-1.1122489,0.8281752
82.99894164283755,108.75,-1.1542605,0.81006837
82.99894164283755,110.625,-1.2336746,0.79476887
82.99894164283755,112.5,-1.2809403,0.7854301
82.99894164283755,114.375,-1.332991,0.7779406
82.99894164283755,116.25,-1.3806082,0.7918773
82.99894164283755,118.125,-1.398655,0.7902924
82.99894164283755,120.0,-1.4517605,0.79407346
82.99894164283755,121.875,-1.4634012,0.798343
82.99894164283755,123.75,-1.48637,0.8007547
82.99894164283755,125.625,-1.504827,0.81201595
82.99894164283755,127.5,-1.5003738,0.81382316
82.99894164283755,129.375,-1.5250614,0.8173184
82.99894164283755,131.25,-1.5249442,0.82643914
82.99894164283755,133.125,-1.5271902,0.83502257
82.99894164283755,135.0,-1.5699246,0.8555522
82.99894164283755,136.875,-1.5706472,0.85802865
82.99894164283755,138.75,-1.6002762,0.8561676
82.99894164283755,140.625,-1.6798855,0.86776716
82.99894164283755,142.5,-1.6846317,0.8729766
82.99894164283755,144.375,-1.7756082,0.87651837
82.99894164283755,146.25,-1.8450223,0.8877361
82.99894164283755,148.125,-1.8662918,0.8943843
82.99894164283755,150.0,-1.9724442,0.88918424
82.99894164283755,151.875,-2.005745,0.890158
82.99894164283755,153.75,-2.057288,0.8753953
82.99894164283755,155.625,-2.126077,0.8682986
82.99894164283755,157.5,-2.1503153,0.8638044
82.99894164283755,159.375,-2.1845536,0.84046155
82.99894164283755,161.25,-2.1996317,0.828627
82.99894164283755,163.125,-2.2074246,0.81761074
82.99894164283755,165.0,-2.2032058,0.8043908
82.99894164283755,166.875,-2.191487,0.7971348
82.99894164283755,168.75,-2.1880105,0.7838633
82.99894164283755,170.625,-2.1707253,0.7755751
82.99894164283755,172.5,-2.153792,0.7656876
82.99894164283755,174.375,-2.1461356,0.7531614
82.99894164283755,176.25,-2.1389284,0.7489627
82.99894164283755,178.125,-2.1357255,0.7405145
82.99894164283755,180.0,-2.1352956,0.72623235
82.99894164283755,181.875,-2.1427763,0.72134644
82.99894164283755,183.75,-2.1558816,0.71298534
82.99894164283755,185.625,-2.1733232,0.7133471
82.99894164283755,187.5,-2.196741,0.7207694
82.99894164283755,189.375,-2.2335184,0.72495615
82.99894164283755,191.25,-2.2658622,0.72739476
82.99894164283755,193.125,-2.3017411,0.7397873
82.99894164283755,195.0,-2.3449051,0.7560209
82.99894164283755,196.875,-2.3793778,0.7625957
82.99894164283755,198.75,-2.4208035,0.77258295
82.99894164283755,200.625,-2.461917,0.78442144
82.99894164283755,202.5,-2.498362,0.7986475
82.99894164283755,204.375,-2.535198,0.80394
82.99894164283755,206.25,-2.579358,0.8212545
82.99894164283755,208.125,-2.6197684,0.83987665
82.99894164283755,210.0,-2.652659,0.8488929
82.99894164283755,211.875,-2.6715848,0.84929943
82.99894164283755,213.75,-2.6971316,0.8557264
82.99894164283755,215.625,-2.7252371,0.86239797
82.99894164283755,217.5,-2.7377958,0.8616065
82.99894164283755,219.375,-2.7494168,0.86081487
82.99894164283755,221.25,-2.7443583,0.8580671
82.99894164283755,223.125,-2.7185965,0.85261023
82.99894164283755,225.0,-2.6944754,0.8467898
82.99894164283755,226.875,-2.6477175,0.83251524
82.99894164283755,228.75,-2.582327,0.8116848
82.99894164283755,230.625,-2.5204911,0.79377836
82.99894164283755,232.5,-2.4365067,0.7777221
82.99894164283755,234.375,-2.3751395,0.76478344
82.99894164283755,236.25,-2.2868192,0.7346648
82.99894164283755,238.125,-2.2130888,0.71343315
82.99894164283755,240.0,-2.1538699,0.6998723
82.99894164283755,241.875,-2.099827,0.6829194
82.99894164283755,243.75,-2.0782058,0.68091375
82.99894164283755,245.625,-2.0642996,0.6871832
82.99894164283755,247.5,-2.0716825,0.70092195
82.99894164283755,249.375,-2.1141238,0.7479848
82.99894164283755,251.25,-2.1538503,0.7799751
82.99894164283755,253.125,-2.2588894,0.86842334
82.99894164283755,255.0,-2.3563309,0.9422949
82.99894164283755,256.875,-2.4839675,1.0451012
82.99894164283755,258.75,-2.6260183,1.1781615
82.99894164283755,260.625,-2.7553153,1.2796981
82.99894164283755,262.5,-2.879124,1.3935056
82.99894164283755,264.375,-3.0541239,1.4845012
82.99894164283755,266.25,-3.2106473,1.5634139
82.99894164283755,268.125,-3.3069363,1.5777279
82.99894164283755,270.0,-3.5212917,1.6241463
82.99894164283755,271.875,-3.5831277,1.6596404
82.99894164283755,273.75,-3.5018582,1.6343703
82.99894164283755,275.625,-3.5590653,1.6579132
82.99894164283755,277.5,-3.549573,1.658183
82.99894164283755,279.375,-3.7807646,1.7678412
82.99894164283755,281.25,-3.822405,1.7336563
82.99894164283755,283.125,-3.9666042,1.7548311
82.99894164283755,285.0,-4.130569,1.7211689
82.99894164283755,286.875,-11.212053,1.584011
82.99894164283755,288.75,-11.517444,1.5895244
82.99894164283755,290.625,-11.672756,1.6125698
82.99894164283755,292.5,-4.3814287,1.7432129
82.99894164283755,294.375,-4.192425,1.7081438
82.99894164283755,296.25,-4.399241,1.7938226
82.99894164283755,298.125,-4.3790846,1.7392256
82.99894164283755,300.0,-4.59178,1.8045915
82.99894164283755,301.875,-4.9792995,1.9783372
82.99894164283755,303.75,-5.1496315,2.094641
82.99894164283755,305.625,-5.2819557,2.1738713
82.99894164283755,307.5,-5.179905,2.1432807
82.99894164283755,309.375,-5.571077,2.3342574
82.99894164283755,311.25,-6.1998463,2.544483
82.99894164283755,313.125,-7.135862,2.5922806
82.99894164283755,315.0,-14.454925,2.1045542
82.99894164283755,316.875,-14.817209,2.1317754
82.99894164283755,318.75,-14.989846,2.1598287
82.99894164283755,320.625,-15.036839,2.16301
82.99894164283755,322.5,-15.001584,2.172443
82.99894164283755,324.375,-14.875588,2.1837003
82.99894164283755,326.25,-14.66469,2.195698
82.99894164283755,328.125,-14.386038,2.1993554
82.99894164283755,330.0,-14.01303,2.1916893
82.99894164283755,331.875,-13.542581,2.2046545
82.99894164283755,333.75,-12.978107,2.1983726
82.99894164283755,335.625,-12.2818775,2.1642597
82.99894164283755,337.5,-4.2962136,1.5207039
82.99894164283755,339.375,-3.7138505,1.4882442
82.99894164283755,341.25,-3.1748075,1.4915831
82.99894164283755,343.125,-2.6129715,1.3786858
82.99894164283755,345.0,-2.076409,1.2371348
82.99894164283755,346.875,-1.5923074,1.0844522
82.99894164283755,348.75,-1.2231082,0.94352394
82.99894164283755,350.625,-0.9138113,0.8263964
82.99894164283755,352.5,-0.6390457,0.76380414
82.99894164283755,354.375,-0.42613557,0.7547313
82.99894164283755,356.25,-0.23191682,0.78749985
82.99894164283755,358.125,-0.045158997,0.8401211
84.86197029204237,0.0,-0.28824493,0.72550917
84.86197029204237,1.875,-0.2510965,0.71370834
84.86197029204237,3.75,-0.22267853,0.6944705
84.86197029204237,5.625,-0.19224884,0.6816041
84.86197029204237,7.5,-0.1757254,0.6725733
84.86197029204237,9.375,-0.17146759,0.6640537
84.86197029204237,11.25,-0.17568634,0.65700144
84.86197029204237,13.125,-0.18273713,0.6522764
84.86197029204237,15.0,-0.19068635,0.6499452
84.86197029204237,16.875,-0.20406525,0.65539336
84.86197029204237,18.75,-0.20988555,0.65666246
84.86197029204237,20.625,-0.2287918,0.6668279
84.86197029204237,22.5,-0.24076447,0.68366563
84.86197029204237,24.375,-0.26636994,0.70715684
84.86197029204237,26.25,-0.2820926,0.72044593
84.86197029204237,28.125,-0.33539337,0.7400229
84.86197029204237,30.0,-0.33537385,0.7407301
84.86197029204237,31.875,-0.40961212,0.71187586
84.86197029204237,33.75,-0.42459258,0.7079852
84.86197029204237,35.625,-0.44619414,0.69413674
84.86197029204237,37.5,-0.48758087,0.6824543
84.86197029204237,39.375,-0.4951004,0.6799548
84.86197029204237,41.25,-0.53906524,0.6653749
84.86197029204237,43.125,-0.5624832,0.6637024
84.86197029204237,45.0,-0.59625274,0.6493199
84.86197029204237,46.875,-0.6446707,0.63267004
84.86197029204237,48.75,-0.6831082,0.62779266
84.86197029204237,50.625,-0.7228543,0.6210019
84.86197029204237,52.5,-0.75162387,0.61676216
84.86197029204237,54.375,-0.78088164,0.6116359
84.86197029204237,56.25,-0.80830353,0.6088575
84.86197029204237,58.125,-0.83480746,0.60878766
84.86197029204237,60.0,-0.8699246,0.61026824
84.86197029204237,61.875,-0.9008621,0.60969293
84.86197029204237,63.75,-0.9221707,0.6034197
84.86197029204237,65.625,-0.9473074,0.59415406
84.86197029204237,67.5,-0.97219026,0.5826078
84.86197029204237,69.375,-0.9962918,0.5718784
84.86197029204237,71.25,-1.0155497,0.556984
84.86197029204237,73.125,-1.0325223,0.55064315
84.86197029204237,75.0,-1.0534793,0.545375
84.86197029204237,76.875,-1.0677567,0.5394081
84.86197029204237,78.75,-1.0902957,0.53512657
84.86197029204237,80.625,-1.1013113,0.53553
84.86197029204237,82.5,-1.1156669,0.53966033
84.86197029204237,84.375,-1.1342605,0.5443868
84.86197029204237,86.25,-1.1592996,0.5479059
84.86197029204237,88.125,-1.1736941,0.5483077
84.86197029204237,90.0,-1.1912918,0.5507403
84.86197029204237,91.875,-1.2143191,0.55608046
84.86197029204237,93.75,-1.238577,0.5597767
84.86197029204237,95.625,-1.2616824,0.564898
84.86197029204237,97.5,-1.28887,0.57165253
84.86197029204237,99.375,-1.3088895,0.5797827
84.86197029204237,101.25,-1.3347293,0.58475375
84.86197029204237,103.125,-1.3690262,0.58706987
84.86197029204237,105.0,-1.4079324,0.5900518
84.86197029204237,106.875,-1.4356083,0.59474254
84.86197029204237,108.75,-1.4700809,0.59871036
84.86197029204237,110.625,-1.5192801,0.60442555
84.86197029204237,112.5,-1.5562527,0.6140888
84.86197029204237,114.375,-1.5943191,0.6283599
84.86197029204237,116.25,-1.633909,0.6489684
84.86197029204237,118.125,-1.6683621,0.6594804
84.86197029204237,120.0,-1.7080301,0.6683711
84.86197029204237,121.875,-1.7511356,0.6813895
84.86197029204237,123.75,-1.7662137,0.69337493
84.86197029204237,125.625,-1.8037528,0.7104493
84.86197029204237,127.5,-1.856077,0.72113436
84.86197029204237,129.375,-1.8697879,0.7252263
84.86197029204237,131.25,-1.8735183,0.72880167
84.86197029204237,133.125,-1.9419949,0.74783385
84.86197029204237,135.0,-1.9716824,0.755387
84.86197029204237,136.875,-1.974573,0.76079226
84.86197029204237,138.75,-2.0097098,0.76320654
84.86197029204237,140.625,-2.0934794,0.7810778
84.86197029204237,142.5,-2.0953739,0.78459334
84.86197029204237,144.375,-2.1080105,0.7933235
84.86197029204237,146.25,-2.1851003,0.79343456
84.86197029204237,148.125,-2.2031279,0.79416096
84.86197029204237,150.0,-2.2078347,0.7920256
84.86197029204237,151.875,-2.2421513,0.78624123
84.86197029204237,153.75,-2.264944,0.7837463
84.86197029204237,155.625,-2.2719755,0.7845287
84.86197029204237,157.5,-2.285784,0.78126043
84.86197029204237,159.375,-2.2947683,0.77373624
84.86197029204237,161.25,-2.302405,0.7666869
84.86197029204237,163.125,-2.3084402,0.75898826
84.86197029204237,165.0,-2.3107646,0.7469767
84.86197029204237,166.875,-2.3106277,0.7337902
84.86197029204237,168.75,-2.3109598,0.72718745
84.86197029204237,170.625,-2.3145144,0.7204109
84.86197029204237,172.5,-2.3148074,0.7139901
84.86197029204237,174.375,-2.3159013,0.71034515
84.86197029204237,176.25,-2.3195732,0.71059084
84.86197029204237,178.125,-2.3246512,0.7074275
84.86197029204237,180.0,-2.3359988,0.7112139
84.86197029204237,181.875,-2.3374832,0.7057671
84.86197029204237,183.75,-2.3527176,0.7070364
84.86197029204237,185.625,-2.3699636,0.70693594
84.86197029204237,187.5,-2.3871708,0.70668846
84.86197029204237,189.375,-2.4046707,0.70530915
84.86197029204237,191.25,-2.4191043,0.70314246
84.86197029204237,193.125,-2.4378347,0.7041514
84.86197029204237,195.0,-2.4641824,0.70792085
84.86197029204237,196.875,-2.487112,0.7123332
84.86197029204237,198.75,-2.5052176,0.71762383
84.86197029204237,200.625,-2.5219755,0.7199514
84.86197029204237,202.5,-2.5467997,0.7297427
84.86197029204237,204.375,-2.5640848,0.7363817
84.86197029204237,206.25,-2.5750809,0.7424168
84.86197029204237,208.125,-2.5890067,0.7491613
84.86197029204237,210.0,-2.591741,0.7483518
84.86197029204237,211.875,-2.588948,0.7541583
84.86197029204237,213.75,-2.5782645,0.7501185
84.86197029204237,215.625,-2.5607646,0.74930865
84.86197029204237,217.5,-2.542952,0.7464114
84.86197029204237,219.375,-2.505745,0.7456689
84.86197029204237,221.25,-2.4652371,0.7378081
84.86197029204237,223.125,-2.4396904,0.7324412
84.86197029204237,225.0,-2.3903153,0.72290134
84.86197029204237,226.875,-2.3412137,0.71297383
84.86197029204237,228.75,-2.2978349,0.7003936
84.86197029204237,230.625,-2.249202,0.69036114
84.86197029204237,232.5,-2.2043777,0.6732186
84.86197029204237,234.375,-2.1527176,0.65700376
84.86197029204237,236.25,-2.128538,0.6499911
84.86197029204237,238.125,-2.0927372,0.63629335
84.86197029204237,240.0,-2.0545926,0.62986416
84.86197029204237,241.875,-2.0552175,0.6321035
84.86197029204237,243.75,-2.026702,0.6381684
84.86197029204237,245.625,-2.0212917,0.643467
84.86197029204237,247.5,-2.0269754,0.65420413
84.86197029204237,249.375,-2.035491,0.6812496
84.86197029204237,251.25,-2.0432253,0.6917577
84.86197029204237,253.125,-2.090862,0.73592
84.86197029204237,255.0,-2.115452,0.76511383
84.86197029204237,256.875,-2.175823,0.8115042
84.86197029204237,258.75,-2.2278347,0.85703444
84.86197029204237,260.625,-2.3122878,0.9165981
84.86197029204237,262.5,-2.3728933,0.96174574
84.86197029204237,264.375,-2.4519167,1.0091735
84.86197029204237,266.25,-2.5222487,1.0629764
84.86197029204237,268.125,-2.5919168,1.1076752
84.86197029204237,270.0,-2.6573074,1.1561955
84.86197029204237,271.875,-2.7208817,1.196577
84.86197029204237,273.75,-2.7580106,1.2317191
84.86197029204237,275.625,-2.7788894,1.2586856
84.86197029204237,277.5,-2.8036551,1.2874027
84.86197029204237,279.375,-2.8242216,1.3124775
84.86197029204237,281.25,-2.822952,1.3201823
84.86197029204237,283.125,-2.8231277,1.3284403
84.86197029204237,285.0,-2.8281863,1.3371218
84.86197029204237,286.875,-2.826995,1.3701643
84.86197029204237,288.75,-2.832913,1.3780642
84.86197029204237,290.625,-2.7766044,1.3921996
84.86197029204237,292.5,-2.7252176,1.3855921
84.86197029204237,294.375,-2.6748269,1.388427
84.86197029204237,296.25,-2.6134598,1.383345
84.86197029204237,298.125,-2.5686355,1.3834513
84.86197029204237,300.0,-2.5366044,1.3875707
84.86197029204237,301.875,-2.4958816,1.3993175
84.86197029204237,303.75,-2.4840457,1.3983475
84.86197029204237,305.625,-2.4759598,1.4145631
84.86197029204237,307.5,-2.4542997,1.4017205
84.86197029204237,309.375,-2.4531863,1.4234065
84.86197029204237,311.25,-2.472581,1.4310657
84.86197029204237,313.125,-2.4901981,1.4304571
84.86197029204237,315.0,-2.526448,1.4535439
84.86197029204237,316.875,-2.5629911,1.4675462
84.86197029204237,318.75,-2.5846512,1.4830137
84.86197029204237,320.625,-2.6459208,1.4996448
84.86197029204237,322.5,-2.6393387,1.4938393
84.86197029204237,324.375,-2.6378348,1.5034603
84.86197029204237,326.25,-2.5544364,1.4721895
84.86197029204237,328.125,-2.4829323,1.4523727
84.86197029204237,330.0,-2.4003153,1.4225671
84.86197029204237,331.875,-2.3209794,1.3789427
84.86197029204237,333.75,-2.2253542,1.3256242
84.86197029204237,335.625,-2.0967019,1.2598413
84.86197029204237,337.5,-1.9192605,1.1802511
84.86197029204237,339.375,-1.728909,1.1108568
84.86197029204237,341.25,-1.5556083,1.0420729
84.86197029204237,343.125,-1.3497097,0.9633103
84.86197029204237,345.0,-1.1587332,0.8949792
84.86197029204237,346.875,-0.9666434,0.826727
84.86197029204237,348.75,-0.7916434,0.7735736
84.86197029204237,350.625,-0.6479324,0.73454005
84.86197029204237,352.5,-0.54326445,0.72567236
84.86197029204237,354.375,-0.45906526,0.72487986
84.86197029204237,356.25,-0.38900664,0.7307127
84.86197029204237,358.125,-0.33498323,0.73259443
86.72253095466814,0.0,-0.8165066,0.572044
86.72253095466814,1.875,-0.8025809,0.56559587
86.72253095466814,3.75,-0.7909012,0.56127715
86.72253095466814,5.625,-0.78763944,0.56003034
86.72253095466814,7.5,-0.7845731,0.56179553
86.72253095466814,9.375,-0.77767855,0.5639829
86.72253095466814,11.25,-0.773577,0.56970173
86.72253095466814,13.125,-0.77695584,0.5796368
86.72253095466814,15.0,-0.77752227,0.585649
86.72253095466814,16.875,-0.7802762,0.5909765
86.72253095466814,18.75,-0.7874246,0.59847987
86.72253095466814,20.625,-0.7884793,0.6013876
86.72253095466814,22.5,-0.7880691,0.60543275
86.72253095466814,24.375,-0.79295194,0.61028564
86.72253095466814,26.25,-0.79490507,0.6081047
86.72253095466814,28.125,-0.7959598,0.60275507
86.72253095466814,30.0,-0.8081668,0.6029042
86.72253095466814,31.875,-0.8136356,0.6051793
86.72253095466814,33.75,-0.8119754,0.6062788
86.72253095466814,35.625,-0.82424104,0.6015347
86.72253095466814,37.5,-0.8454715,0.5909663
86.72253095466814,39.375,-0.8459598,0.5910944
86.72253095466814,41.25,-0.8466043,0.59111875
86.72253095466814,43.125,-0.8637527,0.5793754
86.72253095466814,45.0,-0.8885379,0.58225614
86.72253095466814,46.875,-0.89338166,0.5833086
86.72253095466814,48.75,-0.9021707,0.58134747
86.72253095466814,50.625,-0.9251981,0.5765861
86.72253095466814,52.5,-0.94144803,0.57343066
86.72253095466814,54.375,-0.95355743,0.57304907
86.72253095466814,56.25,-0.96656525,0.57127273
86.72253095466814,58.125,-0.9789676,0.5690604
86.72253095466814,60.0,-0.99238557,0.56749964
86.72253095466814,61.875,-1.006038,0.56603914
86.72253095466814,63.75,-1.0239481,0.5633071
86.72253095466814,65.625,-1.0409598,0.56034166
86.72253095466814,67.5,-1.0572684,0.5578577
86.72253095466814,69.375,-1.0736941,0.5537178
86.72253095466814,71.25,-1.0903934,0.5455425
86.72253095466814,73.125,-1.1053543,0.5393884
86.72253095466814,75.0,-1.1198856,0.5344038
86.72253095466814,76.875,-1.1330887,0.53011554
86.72253095466814,78.75,-1.147952,0.5261241
86.72253095466814,80.625,-1.1651394,0.522543
86.72253095466814,82.5,-1.1781278,0.51952493
86.72253095466814,84.375,-1.1919559,0.51553154
86.72253095466814,86.25,-1.2114872,0.51107424
86.72253095466814,88.125,-1.2325027,0.5068237
86.72253095466814,90.0,-1.2575028,0.50499564
86.72253095466814,91.875,-1.2821902,0.50290865
86.72253095466814,93.75,-1.3029324,0.5023638
86.72253095466814,95.625,-1.3248856,0.5027394
86.72253095466814,97.5,-1.3529325,0.50640905
86.72253095466814,99.375,-1.3851004,0.5127417
86.72253095466814,101.25,-1.4127567,0.5167356
86.72253095466814,103.125,-1.4414676,0.5204026
86.72253095466814,105.0,-1.4744949,0.5267084
86.72253095466814,106.875,-1.5121902,0.53451705
86.72253095466814,108.75,-1.5496902,0.546243
86.72253095466814,110.625,-1.5697879,0.5511262
86.72253095466814,112.5,-1.596077,0.5551335
86.72253095466814,114.375,-1.6337333,0.5630506
86.72253095466814,116.25,-1.6803933,0.5695519
86.72253095466814,118.125,-1.7060379,0.57601875
86.72253095466814,120.0,-1.7338504,0.5849988
86.72253095466814,121.875,-1.7678933,0.59294575
86.72253095466814,123.75,-1.8118777,0.60717475
86.72253095466814,125.625,-1.8261161,0.61160487
86.72253095466814,127.5,-1.8426785,0.6188188
86.72253095466814,129.375,-1.8774832,0.63081014
86.72253095466814,131.25,-1.9326004,0.6516649
86.72253095466814,133.125,-1.954866,0.66442966
86.72253095466814,135.0,-1.9559598,0.6643724
86.72253095466814,136.875,-1.9598465,0.66823995
86.72253095466814,138.75,-1.9988114,0.68037605
86.72253095466814,140.625,-2.0706081,0.70502156
86.72253095466814,142.5,-2.074866,0.7144395
86.72253095466814,144.375,-2.0784402,0.72176105
86.72253095466814,146.25,-2.0838113,0.72330755
86.72253095466814,148.125,-2.127073,0.731083
86.72253095466814,150.0,-2.1600027,0.7354905
86.72253095466814,151.875,-2.1726005,0.7325121
86.72253095466814,153.75,-2.1704519,0.7319062
86.72253095466814,155.625,-2.1849442,0.7277133
86.72253095466814,157.5,-2.2076004,0.7269885
86.72253095466814,159.375,-2.2266042,0.72696185
86.72253095466814,161.25,-2.23928,0.7249293
86.72253095466814,163.125,-2.2577763,0.72364295
86.72253095466814,165.0,-2.277034,0.7187382
86.72253095466814,166.875,-2.287952,0.7148021
86.72253095466814,168.75,-2.2990847,0.71338695
86.72253095466814,170.625,-2.3057253,0.7096268
86.72253095466814,172.5,-2.318909,0.7042491
86.72253095466814,174.375,-2.3313503,0.70143574
86.72253095466814,176.25,-2.3410575,0.7009892
86.72253095466814,178.125,-2.3512723,0.70003265
86.72253095466814,180.0,-2.3601198,0.6977919
86.72253095466814,181.875,-2.360608,0.6900131
86.72253095466814,183.75,-2.365569,0.6893977
86.72253095466814,185.625,-2.374163,0.6930621
86.72253095466814,187.5,-2.3782253,0.6890337
86.72253095466814,189.375,-2.3799636,0.6900005
86.72253095466814,191.25,-2.3793583,0.69030386
86.72253095466814,193.125,-2.3795927,0.69359344
86.72253095466814,195.0,-2.3773856,0.69298357
86.72253095466814,196.875,-2.3719168,0.69625163
86.72253095466814,198.75,-2.3608232,0.69577944
86.72253095466814,200.625,-2.3459988,0.69497687
86.72253095466814,202.5,-2.3343973,0.6898047
86.72253095466814,204.375,-2.3209207,0.6870044
86.72253095466814,206.25,-2.301116,0.6792028
86.72253095466814,208.125,-2.286487,0.6862717
86.72253095466814,210.0,-2.2634208,0.6818866
86.72253095466814,211.875,-2.246448,0.6792243
86.72253095466814,213.75,-2.2211747,0.6735867
86.72253095466814,215.625,-2.1910183,0.66691744
86.72253095466814,217.5,-2.158948,0.6619974
86.72253095466814,219.375,-2.1406863,0.65683264
86.72253095466814,221.25,-2.1154325,0.6537365
86.72253095466814,223.125,-2.0882645,0.6537004
86.72253095466814,225.0,-2.060745,0.64580977
86.72253095466814,226.875,-2.0372293,0.63496983
86.72253095466814,228.75,-2.0029714,0.62395734
86.72253095466814,230.625,-1.9685575,0.6192593
86.72253095466814,232.5,-1.9676785,0.6234442
86.72253095466814,234.375,-1.9605496,0.6186227
86.72253095466814,236.25,-1.9114871,0.6075419
86.72253095466814,238.125,-1.8952371,0.605322
86.72253095466814,240.0,-1.8951981,0.60261774
86.72253095466814,241.875,-1.8954129,0.60290706
86.72253095466814,243.75,-1.8696512,0.60386944
86.72253095466814,245.625,-1.8602762,0.60794026
86.72253095466814,247.5,-1.858616,0.6080974
86.72253095466814,249.375,-1.8579324,0.6162649
86.72253095466814,251.25,-1.8602176,0.6341359
86.72253095466814,253.125,-1.8637137,0.64754003
86.72253095466814,255.0,-1.8709598,0.6635939
86.72253095466814,256.875,-1.8825028,0.6861273
86.72253095466814,258.75,-1.887952,0.6992782
86.72253095466814,260.625,-1.9000614,0.7133823
86.72253095466814,262.5,-1.9234402,0.7346594
86.72253095466814,264.375,-1.9356277,0.7508939
86.72253095466814,266.25,-1.9470731,0.7707627
86.72253095466814,268.125,-1.9671512,0.79237515
86.72253095466814,270.0,-1.9756473,0.8032452
86.72253095466814,271.875,-1.9792997,0.8219268
86.72253095466814,273.75,-1.9882255,0.8372958
86.72253095466814,275.625,-1.995784,0.8564033
86.72253095466814,277.5,-1.9860184,0.86575645
86.72253095466814,279.375,-1.9780692,0.87793803
86.72253095466814,281.25,-1.9570731,0.8890283
86.72253095466814,283.125,-1.9383426,0.8948447
86.72253095466814,285.0,-1.9101981,0.89357007
86.72253095466814,286.875,-1.8783035,0.89098245
86.72253095466814,288.75,-1.836155,0.8892029
86.72253095466814,290.625,-1.7987332,0.88120085
86.72253095466814,292.5,-1.7525028,0.86985624
86.72253095466814,294.375,-1.7006472,0.8594595
86.72253095466814,296.25,-1.6638309,0.8518176
86.72253095466814,298.125,-1.6267215,0.8401784
86.72253095466814,300.0,-1.5793191,0.82407075
86.72253095466814,301.875,-1.5369363,0.80741215
86.72253095466814,303.75,-1.4907058,0.7896833
86.72253095466814,305.625,-1.4401785,0.7787231
86.72253095466814,307.5,-1.4071902,0.77036256
86.72253095466814,309.375,-1.3771122,0.779642
86.72253095466814,311.25,-1.3433621,0.7727967
86.72253095466814,313.125,-1.3012723,0.7534852
86.72253095466814,315.0,-1.2638309,0.74788994
86.72253095466814,316.875,-1.2599442,0.74964434
86.72253095466814,318.75,-1.2608621,0.7527683
86.72253095466814,320.625,-1.2390066,0.7265271
86.72253095466814,322.5,-1.2339675,0.7243431
86.72253095466814,324.375,-1.2337136,0.71701884
86.72253095466814,326.25,-1.2400028,0.69637245
86.72253095466814,328.125,-1.225784,0.67817074
86.72253095466814,330.0,-1.2183621,0.66547304
86.72253095466814,331.875,-1.2178543,0.65563065
86.72253095466814,333.75,-1.2043582,0.6462368
86.72253095466814,335.625,-1.1849442,0.6375183
86.72253095466814,337.5,-1.1646903,0.63354063
86.72253095466814,339.375,-1.1411941,0.63005257
86.72253095466814,341.25,-1.1104324,0.6306238
86.72253095466814,343.125,-1.0801395,0.62659675
86.72253095466814,345.0,-1.0467997,0.617457
86.72253095466814,346.875,-1.0039285,0.6052898
86.72253095466814,348.75,-0.9682254,0.59636444
86.72253095466814,350.625,-0.93717074,0.5921191
86.72253095466814,352.5,-0.9013895,0.59290177
86.72253095466814,354.375,-0.874534,0.58845997
86.72253095466814,356.25,-0.85511994,0.5853567
86.72253095466814,358.125,-0.83965117,0.57777786
88.57216851400727,0.0,-1.3533231,0.5668408
88.57216851400727,1.875,-1.3535184,0.5670013
88.57216851400727,3.75,-1.3530496,0.56600237
88.57216851400727,5.625,-1.3532254,0.56660724
88.57216851400727,7.5,-1.3530692,0.5661612
88.57216851400727,9.375,-1.3531668,0.5663389
88.57216851400727,11.25,-1.3531473,0.56635034
88.57216851400727,13.125,-1.3526785,0.5654547
88.57216851400727,15.0,-1.353284,0.5665787
88.57216851400727,16.875,-1.3533621,0.5665341
88.57216851400727,18.75,-1.3535184,0.56725377
88.57216851400727,20.625,-1.3530496,0.5662192
88.57216851400727,22.5,-1.3532254,0.5667227
88.57216851400727,24.375,-1.3532449,0.56631833
88.57216851400727,26.25,-1.3534403,0.5669217
88.57216851400727,28.125,-1.3535184,0.5668357
88.57216851400727,30.0,-1.3533816,0.56666034
88.57216851400727,31.875,-1.3535964,0.5669144
88.57216851400727,33.75,-1.3533621,0.5667378
88.57216851400727,35.625,-1.3538308,0.56754464
88.57216851400727,37.5,-1.3538114,0.56738925
88.57216851400727,39.375,-1.3532449,0.5662602
88.57216851400727,41.25,-1.3537136,0.5667609
88.57216851400727,43.125,-1.3535184,0.56664187
88.57216851400727,45.0,-1.3539286,0.5678021
88.57216851400727,46.875,-1.3544364,0.56881034
88.57216851400727,48.75,-1.3544949,0.56921285
88.57216851400727,50.625,-1.3544949,0.569031
88.57216851400727,52.5,-1.3544949,0.56901354
88.57216851400727,54.375,-1.3549832,0.56980973
88.57216851400727,56.25,-1.3548465,0.5694953
88.57216851400727,58.125,-1.2116629,0.5228719
88.57216851400727,60.0,-1.222991,0.5209994
88.57216851400727,61.875,-1.2338114,0.5208579
88.57216851400727,63.75,-1.2435184,0.52127564
88.57216851400727,65.625,-1.2507645,0.5214429
88.57216851400727,67.5,-1.2574832,0.5216235
88.57216851400727,69.375,-1.2650614,0.52151304
88.57216851400727,71.25,-1.2727567,0.52156866
88.57216851400727,73.125,-1.281116,0.5229357
88.57216851400727,75.0,-1.2901199,0.52521735
88.57216851400727,76.875,-1.2984598,0.527054
88.57216851400727,78.75,-1.307366,0.5294906
88.57216851400727,80.625,-1.3170145,0.53141224
88.57216851400727,82.5,-1.3290458,0.53235155
88.57216851400727,84.375,-1.3406278,0.5330785
88.57216851400727,86.25,-1.3479129,0.5324806
88.57216851400727,88.125,-1.3552762,0.53278553
88.57216851400727,90.0,-1.3626199,0.5337191
88.57216851400727,91.875,-1.3712528,0.534309
88.57216851400727,93.75,-1.3821121,0.53540605
88.57216851400727,95.625,-1.393245,0.536772
88.57216851400727,97.5,-1.4048855,0.53922975
88.57216851400727,99.375,-1.417913,0.5411442
88.57216851400727,101.25,-1.4261942,0.5411015
88.57216851400727,103.125,-1.4331669,0.54146916
88.57216851400727,105.0,-1.4421316,0.5419153
88.57216851400727,106.875,-1.4518777,0.54343987
88.57216851400727,108.75,-1.4609011,0.54340065
88.57216851400727,110.625,-1.4737332,0.5464982
88.57216851400727,112.5,-1.494866,0.5507465
88.57216851400727,114.375,-1.5083816,0.5535564
88.57216851400727,116.25,-1.5138505,0.55492115
88.57216851400727,118.125,-1.5187722,0.5554712
88.57216851400727,120.0,-1.5264676,0.5567908
88.57216851400727,121.875,-1.5364871,0.5579817
88.57216851400727,123.75,-1.5488895,0.561352
88.57216851400727,125.625,-1.5714676,0.56858015
88.57216851400727,127.5,-1.5845145,0.57406074
88.57216851400727,129.375,-1.5854129,0.5731836
88.57216851400727,131.25,-1.5866629,0.57231134
88.57216851400727,133.125,-1.5887918,0.57255924
88.57216851400727,135.0,-1.589788,0.5713098
88.57216851400727,136.875,-1.5922879,0.5719043
88.57216851400727,138.75,-1.6318582,0.59297156
88.57216851400727,140.625,-1.662698,0.6127673
88.57216851400727,142.5,-1.6608425,0.61268
88.57216851400727,144.375,-1.6575223,0.61107767
88.57216851400727,146.25,-1.6552176,0.60966337
88.57216851400727,148.125,-1.6532254,0.6090233
88.57216851400727,150.0,-1.6500027,0.605981
88.57216851400727,151.875,-1.657073,0.6072963
88.57216851400727,153.75,-1.6810966,0.6102579
88.57216851400727,155.625,-1.6961355,0.6137869
88.57216851400727,157.5,-1.7075614,0.6164895
88.57216851400727,159.375,-1.7138308,0.6177927
88.57216851400727,161.25,-1.7170535,0.62126744
88.57216851400727,163.125,-1.7188895,0.6221235
88.57216851400727,165.0,-1.7275223,0.6219266
88.57216851400727,166.875,-1.3452957,0.55525327
88.57216851400727,168.75,-1.3453934,0.5553931
88.57216851400727,170.625,-1.3450028,0.5549524
88.57216851400727,172.5,-1.344866,0.55460674
88.57216851400727,174.375,-1.344866,0.554608
88.57216851400727,176.25,-1.3446902,0.5542674
88.57216851400727,178.125,-1.3449441,0.55485684
88.57216851400727,180.0,-1.3444169,0.553777
88.57216851400727,181.875,-1.3442997,0.55389357
88.57216851400727,183.75,-1.3447098,0.5547155
88.57216851400727,185.625,-1.3444169,0.55445385
88.57216851400727,187.5,-1.344534,0.5548574
88.57216851400727,189.375,-1.3446902,0.55489916
88.57216851400727,191.25,-1.3447684,0.55524343
88.57216851400727,193.125,-1.3446902,0.55505866
88.57216851400727,195.0,-1.3450028,0.5553127
88.57216851400727,196.875,-1.3445145,0.5547201
88.57216851400727,198.75,-1.3442997,0.55424714
88.57216851400727,200.625,-1.3444754,0.5546045
88.57216851400727,202.5,-1.3447684,0.5550799
88.57216851400727,204.375,-1.344573,0.55520415
88.57216851400727,206.25,-1.3445535,0.55503345
88.57216851400727,208.125,-1.344866,0.5555404
88.57216851400727,210.0,-1.3451004,0.5558169
88.57216851400727,211.875,-1.3461941,0.55792767
88.57216851400727,213.75,-1.3460183,0.5576263
88.57216851400727,215.625,-1.3459793,0.5574951
88.57216851400727,217.5,-1.3458817,0.5574867
88.57216851400727,219.375,-1.3464676,0.55858994
88.57216851400727,221.25,-1.3462722,0.5581595
88.57216851400727,223.125,-1.3465066,0.5586485
88.57216851400727,225.0,-1.3472098,0.55947965
88.57216851400727,226.875,-1.3474442,0.56042445
88.57216851400727,228.75,-1.3470926,0.55956334
88.57216851400727,230.625,-1.3473074,0.5597587
88.57216851400727,232.5,-1.3478543,0.56116754
88.57216851400727,234.375,-1.3478934,0.56092745
88.57216851400727,236.25,-1.3478543,0.56098086
88.57216851400727,238.125,-1.3484012,0.56166923
88.57216851400727,240.0,-1.347952,0.56091934
88.57216851400727,241.875,-1.3481668,0.56144476
88.57216851400727,243.75,-1.3485965,0.56228507
88.57216851400727,245.625,-1.3488504,0.5625351
88.57216851400727,247.5,-1.3490458,0.5629554
88.57216851400727,249.375,-1.3488308,0.56237817
88.57216851400727,251.25,-1.3492215,0.56354153
88.57216851400727,253.125,-1.3487723,0.5625923
88.57216851400727,255.0,-1.3498269,0.5644258
88.57216851400727,256.875,-1.3493582,0.563521
88.57216851400727,258.75,-1.3496512,0.5640083
88.57216851400727,260.625,-1.3498269,0.56384885
88.57216851400727,262.5,-1.3502762,0.56468207
88.57216851400727,264.375,-1.3503348,0.5646857
88.57216851400727,266.25,-1.3503543,0.5647593
88.57216851400727,268.125,-1.3503543,0.564692
88.57216851400727,270.0,-1.3513113,0.5665497
88.57216851400727,271.875,-1.3517215,0.5674448
88.57216851400727,273.75,-1.3518972,0.56749755
88.57216851400727,275.625,-1.3520144,0.5676073
88.57216851400727,277.5,-1.352034,0.5673734
88.57216851400727,279.375,-1.3525418,0.5685204
88.57216851400727,281.25,-1.3528348,0.5691167
88.57216851400727,283.125,-1.3529129,0.56886226
88.57216851400727,285.0,-1.3530496,0.5692072
88.57216851400727,286.875,-1.352952,0.5691736
88.57216851400727,288.75,-1.3531473,0.569184
88.57216851400727,290.625,-1.3537136,0.570454
88.57216851400727,292.5,-1.3532449,0.5691451
88.57216851400727,294.375,-1.353909,0.5705079
88.57216851400727,296.25,-1.354534,0.5716751
88.57216851400727,298.125,-1.35512,0.57271504
88.57216851400727,300.0,-1.355159,0.57262784
88.57216851400727,301.875,-1.3549637,0.57169175
88.57216851400727,303.75,-1.3552762,0.57223797
88.57216851400727,305.625,-1.3554715,0.5728188
88.57216851400727,307.5,-1.3559989,0.5738161
88.57216851400727,309.375,-1.3553739,0.57229364
88.57216851400727,311.25,-1.3558426,0.57268983
88.57216851400727,313.125,-1.3556863,0.5727901
88.57216851400727,315.0,-1.3556473,0.57266575
88.57216851400727,316.875,-1.3557059,0.57276374
88.57216851400727,318.75,-1.3558621,0.57286185
88.57216851400727,320.625,-1.3559402,0.5731961
88.57216851400727,322.5,-1.3558426,0.5729035
88.57216851400727,324.375,-1.3552176,0.57138205
88.57216851400727,326.25,-1.3558426,0.5727459
88.57216851400727,328.125,-1.3555887,0.57212174
88.57216851400727,330.0,-1.354866,0.570634
88.57216851400727,331.875,-1.355413,0.5716553
88.57216851400727,333.75,-1.3550223,0.5707919
88.57216851400727,335.625,-1.3549637,0.5705111
88.57216851400727,337.5,-1.3550028,0.5705667
88.57216851400727,339.375,-1.355198,0.5709166
88.57216851400727,341.25,-1.3544754,0.56929296
88.57216851400727,343.125,-1.3547293,0.5699086
88.57216851400727,345.0,-1.3543582,0.56883574
88.57216851400727,346.875,-1.3547488,0.5694107
88.57216851400727,348.75,-1.3538699,0.5681296
88.57216851400727,350.625,-1.3540066,0.56811893
88.57216851400727,352.5,-1.3539871,0.56831235
88.57216851400727,354.375,-1.3533425,0.56694394
88.57216851400727,356.25,-1.3529325,0.5661104
88.57216851400727,358.125,-1.3533816,0.5668582
